baseline_score	score	delta	p	delta_ci_low	delta_ci_high	records	seed	cohort	baseline_id	id	model	language	method	source	variant	material	p_holm
0.24041910731309168	0.1992303956602071	-0.04118871165288461	0.03030969690303097	-0.08176101118426866	-0.007156812369420735	37	2079403176	native	gemini25flashlite_gitksan_grammar_original_chain_gloss_baseline	gemini25flashlite_gitksan_pdf1_brown_original_chain_gloss_cheatsheet_jpg	gemini25flashlite	Gitksan	chain_gloss	pdf1_brown	original	cheatsheet_jpg	1.0
0.24041910731309168	0.19843303190695272	-0.04198607540613896	0.03085969140308597	-0.0835905037014871	-0.007267747401587098	37	3916078194	native	gemini25flashlite_gitksan_grammar_original_chain_gloss_baseline	gemini25flashlite_gitksan_pdf1_brown_original_chain_gloss_cheatsheet_txt	gemini25flashlite	Gitksan	chain_gloss	pdf1_brown	original	cheatsheet_txt	1.0
0.24041910731309168	0.19191300123929977	-0.04850610607379192	0.037699623003769965	-0.09529159441590308	-0.004100382348170163	37	2332319700	native	gemini25flashlite_gitksan_grammar_original_chain_gloss_baseline	gemini25flashlite_gitksan_pdf1_brown_original_chain_gloss_pdfpages_impactful_jpg	gemini25flashlite	Gitksan	chain_gloss	pdf1_brown	original	pdfpages_impactful_jpg	1.0
0.24041910731309168	0.22711716471491633	-0.013301942598175359	0.45156548434515653	-0.050201111261707704	0.019364297485633473	37	802470284	native	gemini25flashlite_gitksan_grammar_original_chain_gloss_baseline	gemini25flashlite_gitksan_pdf1_brown_original_chain_gloss_summary_tables_jpg	gemini25flashlite	Gitksan	chain_gloss	pdf1_brown	original	summary_tables_jpg	1.0
0.24041910731309168	0.23188126348965876	-0.008537843823432922	0.6314636853631463	-0.046311651829730814	0.0240630631259567	37	1809951148	native	gemini25flashlite_gitksan_grammar_original_chain_gloss_baseline	gemini25flashlite_gitksan_pdf1_brown_original_chain_gloss_summary_tables_txt	gemini25flashlite	Gitksan	chain_gloss	pdf1_brown	original	summary_tables_txt	1.0
0.24041910731309168	0.214732466517268	-0.02568664079582369	0.23065769342306577	-0.0711988229757628	0.013132029434515004	37	294502269	native	gemini25flashlite_gitksan_grammar_original_chain_gloss_baseline	gemini25flashlite_gitksan_pdf1_brown_original_chain_gloss_summary_text_txt	gemini25flashlite	Gitksan	chain_gloss	pdf1_brown	original	summary_text_txt	1.0
0.48716930118766993	0.4649097428128526	-0.022259558374817308	0.32065679343206566	-0.0681757731614886	0.02032107461143183	37	1478403455	native	gemini25flashlite_gitksan_grammar_original_modelgloss_baseline	gemini25flashlite_gitksan_pdf1_brown_original_modelgloss_cheatsheet_jpg	gemini25flashlite	Gitksan	modelgloss	pdf1_brown	original	cheatsheet_jpg	1.0
0.48716930118766993	0.47874213231576457	-0.008427168871905352	0.6355336446635533	-0.04722496988000096	0.021339362074394484	37	3697529227	native	gemini25flashlite_gitksan_grammar_original_modelgloss_baseline	gemini25flashlite_gitksan_pdf1_brown_original_modelgloss_cheatsheet_txt	gemini25flashlite	Gitksan	modelgloss	pdf1_brown	original	cheatsheet_txt	1.0
0.48716930118766993	0.4535346152009191	-0.03363468598675083	0.055509444905550945	-0.07061745010920473	-0.001439331008775831	37	2027917170	native	gemini25flashlite_gitksan_grammar_original_modelgloss_baseline	gemini25flashlite_gitksan_pdf1_brown_original_modelgloss_pdfpages_impactful_jpg	gemini25flashlite	Gitksan	modelgloss	pdf1_brown	original	pdfpages_impactful_jpg	1.0
0.48716930118766993	0.4567627713486955	-0.030406529838974412	0.1090089099109009	-0.06898335093581998	0.005640667999112927	37	1036332041	native	gemini25flashlite_gitksan_grammar_original_modelgloss_baseline	gemini25flashlite_gitksan_pdf1_brown_original_modelgloss_summary_tables_jpg	gemini25flashlite	Gitksan	modelgloss	pdf1_brown	original	summary_tables_jpg	1.0
0.48716930118766993	0.47258374860157837	-0.014585552586091531	0.46430535694643055	-0.05706917733155392	0.02111441054054207	37	1948911008	native	gemini25flashlite_gitksan_grammar_original_modelgloss_baseline	gemini25flashlite_gitksan_pdf1_brown_original_modelgloss_summary_tables_txt	gemini25flashlite	Gitksan	modelgloss	pdf1_brown	original	summary_tables_txt	1.0
0.48716930118766993	0.477857922380035	-0.009311378807634921	0.6289337106628934	-0.050790787548632234	0.025691831836829302	37	2396171788	native	gemini25flashlite_gitksan_grammar_original_modelgloss_baseline	gemini25flashlite_gitksan_pdf1_brown_original_modelgloss_summary_text_txt	gemini25flashlite	Gitksan	modelgloss	pdf1_brown	original	summary_text_txt	1.0
0.23429435551972003	0.21862927743711988	-0.015665078082600155	0.0956090439095609	-0.034537808279934766	0.002507333840067314	37	3084008017	native	gemini25flashlite_gitksan_grammar_original_shot_baseline	gemini25flashlite_gitksan_pdf1_brown_original_shot_cheatsheet_jpg	gemini25flashlite	Gitksan	shot	pdf1_brown	original	cheatsheet_jpg	1.0
0.23429435551972003	0.23349064714401155	-0.0008037083757084769	0.951160488395116	-0.027475557507745715	0.025930657259163412	37	2932602749	native	gemini25flashlite_gitksan_grammar_original_shot_baseline	gemini25flashlite_gitksan_pdf1_brown_original_shot_cheatsheet_txt	gemini25flashlite	Gitksan	shot	pdf1_brown	original	cheatsheet_txt	1.0
0.23429435551972003	0.21178421116358526	-0.022510144356134777	0.08095919040809592	-0.04953590308290881	0.0012518848569409258	37	3780088331	native	gemini25flashlite_gitksan_grammar_original_shot_baseline	gemini25flashlite_gitksan_pdf1_brown_original_shot_pdfpages_impactful_jpg	gemini25flashlite	Gitksan	shot	pdf1_brown	original	pdfpages_impactful_jpg	1.0
0.23429435551972003	0.21545801795012243	-0.018836337569597607	0.05457945420545795	-0.039537615842513134	-0.0009765773659219643	37	3504800833	native	gemini25flashlite_gitksan_grammar_original_shot_baseline	gemini25flashlite_gitksan_pdf1_brown_original_shot_summary_tables_jpg	gemini25flashlite	Gitksan	shot	pdf1_brown	original	summary_tables_jpg	1.0
0.23429435551972003	0.23694460557119265	0.002650250051472638	0.8392016079839202	-0.02267355880624537	0.030551661822844196	37	299441823	native	gemini25flashlite_gitksan_grammar_original_shot_baseline	gemini25flashlite_gitksan_pdf1_brown_original_shot_summary_tables_txt	gemini25flashlite	Gitksan	shot	pdf1_brown	original	summary_tables_txt	1.0
0.23429435551972003	0.23649035494875265	0.0021959994290326095	0.8718412815871841	-0.024849107126529144	0.028921861448199356	37	3841993245	native	gemini25flashlite_gitksan_grammar_original_shot_baseline	gemini25flashlite_gitksan_pdf1_brown_original_shot_summary_text_txt	gemini25flashlite	Gitksan	shot	pdf1_brown	original	summary_text_txt	1.0
0.24041910731309168	0.19828300500238263	-0.04213610231070905	0.025779742202577973	-0.08235637561191576	-0.007798084158551058	37	815922302	native	gemini25flashlite_gitksan_grammar_original_chain_gloss_baseline	gemini25flashlite_gitksan_pdf2_rigsby_original_chain_gloss_cheatsheet_jpg	gemini25flashlite	Gitksan	chain_gloss	pdf2_rigsby	original	cheatsheet_jpg	1.0
0.24041910731309168	0.21654705562301585	-0.02387205169007585	0.2663273367266327	-0.06967679089489015	0.01433726546128052	37	1372726150	native	gemini25flashlite_gitksan_grammar_original_chain_gloss_baseline	gemini25flashlite_gitksan_pdf2_rigsby_original_chain_gloss_cheatsheet_txt	gemini25flashlite	Gitksan	chain_gloss	pdf2_rigsby	original	cheatsheet_txt	1.0
0.24041910731309168	0.22638417478348757	-0.014034932529604112	0.38272617273827264	-0.047543292779576134	0.015893601329141315	37	3598884130	native	gemini25flashlite_gitksan_grammar_original_chain_gloss_baseline	gemini25flashlite_gitksan_pdf2_rigsby_original_chain_gloss_pdfpages_impactful_jpg	gemini25flashlite	Gitksan	chain_gloss	pdf2_rigsby	original	pdfpages_impactful_jpg	1.0
0.24041910731309168	0.20098391014176445	-0.03943519717132723	0.08592914070859291	-0.08860887823173323	0.0020372707698795784	37	1425202608	native	gemini25flashlite_gitksan_grammar_original_chain_gloss_baseline	gemini25flashlite_gitksan_pdf2_rigsby_original_chain_gloss_summary_tables_jpg	gemini25flashlite	Gitksan	chain_gloss	pdf2_rigsby	original	summary_tables_jpg	1.0
0.24041910731309168	0.24061292530717077	0.00019381799407907434	0.992640073599264	-0.04434748537133674	0.039684060976110526	37	1216998784	native	gemini25flashlite_gitksan_grammar_original_chain_gloss_baseline	gemini25flashlite_gitksan_pdf2_rigsby_original_chain_gloss_summary_tables_txt	gemini25flashlite	Gitksan	chain_gloss	pdf2_rigsby	original	summary_tables_txt	1.0
0.24041910731309168	0.2190757840871811	-0.0213433232259106	0.2997270027299727	-0.06345663672262752	0.017400127558692077	37	1032169438	native	gemini25flashlite_gitksan_grammar_original_chain_gloss_baseline	gemini25flashlite_gitksan_pdf2_rigsby_original_chain_gloss_summary_text_txt	gemini25flashlite	Gitksan	chain_gloss	pdf2_rigsby	original	summary_text_txt	1.0
0.48716930118766993	0.45551128685474396	-0.03165801433292595	0.15585844141558586	-0.07823348212483766	0.009592767462537065	37	1660331094	native	gemini25flashlite_gitksan_grammar_original_modelgloss_baseline	gemini25flashlite_gitksan_pdf2_rigsby_original_modelgloss_cheatsheet_jpg	gemini25flashlite	Gitksan	modelgloss	pdf2_rigsby	original	cheatsheet_jpg	1.0
0.48716930118766993	0.484738756675978	-0.0024305445116919442	0.8034319656803433	-0.02174365047264743	0.017906979088847703	37	1787079409	native	gemini25flashlite_gitksan_grammar_original_modelgloss_baseline	gemini25flashlite_gitksan_pdf2_rigsby_original_modelgloss_cheatsheet_txt	gemini25flashlite	Gitksan	modelgloss	pdf2_rigsby	original	cheatsheet_txt	1.0
0.48716930118766993	0.42678086580456914	-0.06038843538310077	0.006239937600623993	-0.10589034680176425	-0.020887551471792366	37	3311832449	native	gemini25flashlite_gitksan_grammar_original_modelgloss_baseline	gemini25flashlite_gitksan_pdf2_rigsby_original_modelgloss_pdfpages_impactful_jpg	gemini25flashlite	Gitksan	modelgloss	pdf2_rigsby	original	pdfpages_impactful_jpg	1.0
0.48716930118766993	0.44758127670030334	-0.03958802448736655	0.05977940220597794	-0.08302814229517369	-0.000236973226875889	37	3816511198	native	gemini25flashlite_gitksan_grammar_original_modelgloss_baseline	gemini25flashlite_gitksan_pdf2_rigsby_original_modelgloss_summary_tables_jpg	gemini25flashlite	Gitksan	modelgloss	pdf2_rigsby	original	summary_tables_jpg	1.0
0.48716930118766993	0.4634732249620798	-0.02369607622559006	0.24227757722422777	-0.06911759879943485	0.010039103333209001	37	2193827357	native	gemini25flashlite_gitksan_grammar_original_modelgloss_baseline	gemini25flashlite_gitksan_pdf2_rigsby_original_modelgloss_summary_tables_txt	gemini25flashlite	Gitksan	modelgloss	pdf2_rigsby	original	summary_tables_txt	1.0
0.48716930118766993	0.47780707156335983	-0.009362229624310055	0.5272547274527255	-0.040742842430198496	0.016863061970955592	37	2229518926	native	gemini25flashlite_gitksan_grammar_original_modelgloss_baseline	gemini25flashlite_gitksan_pdf2_rigsby_original_modelgloss_summary_text_txt	gemini25flashlite	Gitksan	modelgloss	pdf2_rigsby	original	summary_text_txt	1.0
0.23429435551972003	0.21841515842321757	-0.01587919709650246	0.12864871351286486	-0.0381922493713933	0.002931358992449334	37	3312518735	native	gemini25flashlite_gitksan_grammar_original_shot_baseline	gemini25flashlite_gitksan_pdf2_rigsby_original_shot_cheatsheet_jpg	gemini25flashlite	Gitksan	shot	pdf2_rigsby	original	cheatsheet_jpg	1.0
0.23429435551972003	0.22018293512834086	-0.014111420391379175	0.16809831901680983	-0.035950181562755555	0.004379304402784712	37	3863747918	native	gemini25flashlite_gitksan_grammar_original_shot_baseline	gemini25flashlite_gitksan_pdf2_rigsby_original_shot_cheatsheet_txt	gemini25flashlite	Gitksan	shot	pdf2_rigsby	original	cheatsheet_txt	1.0
0.23429435551972003	0.2158965766429901	-0.018397778876729914	0.05801941980580194	-0.039258997489673056	-0.0011049889028072358	37	1642586014	native	gemini25flashlite_gitksan_grammar_original_shot_baseline	gemini25flashlite_gitksan_pdf2_rigsby_original_shot_pdfpages_impactful_jpg	gemini25flashlite	Gitksan	shot	pdf2_rigsby	original	pdfpages_impactful_jpg	1.0
0.23429435551972003	0.2225004396325833	-0.011793915887136717	0.16705832941670584	-0.029795149210337036	0.003969088735411288	37	343161797	native	gemini25flashlite_gitksan_grammar_original_shot_baseline	gemini25flashlite_gitksan_pdf2_rigsby_original_shot_summary_tables_jpg	gemini25flashlite	Gitksan	shot	pdf2_rigsby	original	summary_tables_jpg	1.0
0.23429435551972003	0.23805080495170644	0.003756449431986422	0.7849621503784963	-0.02268208275372917	0.03214586265385151	37	2456847279	native	gemini25flashlite_gitksan_grammar_original_shot_baseline	gemini25flashlite_gitksan_pdf2_rigsby_original_shot_summary_tables_txt	gemini25flashlite	Gitksan	shot	pdf2_rigsby	original	summary_tables_txt	1.0
0.23429435551972003	0.22244856506586075	-0.011845790453859278	0.2966170338296617	-0.03609916950399809	0.008410664375972094	37	2302882746	native	gemini25flashlite_gitksan_grammar_original_shot_baseline	gemini25flashlite_gitksan_pdf2_rigsby_original_shot_summary_text_txt	gemini25flashlite	Gitksan	shot	pdf2_rigsby	original	summary_text_txt	1.0
0.3151989233219761	0.33203447310403844	0.0168355497820624	0.08599914000859991	-0.002386282350140041	0.03616502457994153	87	4235185856	native	gemini25flashlite_lezgi_grammar_original_chain_gloss_baseline	gemini25flashlite_lezgi_grammar_cyrillic_chain_gloss_cheatsheet_jpg	gemini25flashlite	Lezgi	chain_gloss	grammar	cyrillic	cheatsheet_jpg	1.0
0.3151989233219761	0.2949050430251264	-0.020293880296849656	0.06811931880681193	-0.042293738522406275	0.0014482427495477886	87	1532295994	native	gemini25flashlite_lezgi_grammar_original_chain_gloss_baseline	gemini25flashlite_lezgi_grammar_cyrillic_chain_gloss_cheatsheet_txt	gemini25flashlite	Lezgi	chain_gloss	grammar	cyrillic	cheatsheet_txt	1.0
0.3151989233219761	0.3090427797929994	-0.0061561435289766596	0.5400045999540004	-0.026073603304210057	0.013589500492417252	87	3899332490	native	gemini25flashlite_lezgi_grammar_original_chain_gloss_baseline	gemini25flashlite_lezgi_grammar_cyrillic_chain_gloss_summary_tables_jpg	gemini25flashlite	Lezgi	chain_gloss	grammar	cyrillic	summary_tables_jpg	1.0
0.3151989233219761	0.29174876504245845	-0.023450158279517602	0.027599724002759972	-0.04460764214310838	-0.003043698581556498	87	3943945869	native	gemini25flashlite_lezgi_grammar_original_chain_gloss_baseline	gemini25flashlite_lezgi_grammar_cyrillic_chain_gloss_summary_tables_txt	gemini25flashlite	Lezgi	chain_gloss	grammar	cyrillic	summary_tables_txt	1.0
0.3151989233219761	0.28274325726703664	-0.0324556660549394	0.0034399656003439964	-0.05447755502001649	-0.011130508525703844	87	1686176740	native	gemini25flashlite_lezgi_grammar_original_chain_gloss_baseline	gemini25flashlite_lezgi_grammar_cyrillic_chain_gloss_summary_text_txt	gemini25flashlite	Lezgi	chain_gloss	grammar	cyrillic	summary_text_txt	1.0
0.38859497413210486	0.39153879041644346	0.002943816284338633	0.6637933620663793	-0.009765259934396576	0.01687118939241801	87	2555020908	native	gemini25flashlite_lezgi_grammar_original_modelgloss_baseline	gemini25flashlite_lezgi_grammar_cyrillic_modelgloss_cheatsheet_jpg	gemini25flashlite	Lezgi	modelgloss	grammar	cyrillic	cheatsheet_jpg	1.0
0.38859497413210486	0.3708085364651406	-0.017786437666964257	0.013359866401335987	-0.03280342805531175	-0.004854161643433849	87	1530510854	native	gemini25flashlite_lezgi_grammar_original_modelgloss_baseline	gemini25flashlite_lezgi_grammar_cyrillic_modelgloss_cheatsheet_txt	gemini25flashlite	Lezgi	modelgloss	grammar	cyrillic	cheatsheet_txt	1.0
0.38859497413210486	0.38989014486814366	0.001295170736038822	0.8339216607833921	-0.01017920170193431	0.014295508504855904	87	844826294	native	gemini25flashlite_lezgi_grammar_original_modelgloss_baseline	gemini25flashlite_lezgi_grammar_cyrillic_modelgloss_summary_tables_jpg	gemini25flashlite	Lezgi	modelgloss	grammar	cyrillic	summary_tables_jpg	1.0
0.38859497413210486	0.37713139958080205	-0.011463574551302811	0.1018689813101869	-0.025379088362571835	0.0022641322393526972	87	1686597216	native	gemini25flashlite_lezgi_grammar_original_modelgloss_baseline	gemini25flashlite_lezgi_grammar_cyrillic_modelgloss_summary_tables_txt	gemini25flashlite	Lezgi	modelgloss	grammar	cyrillic	summary_tables_txt	1.0
0.38859497413210486	0.37282118432480715	-0.015773789807297718	0.03991960080399196	-0.03160020650803356	-0.0015965494530639516	87	2766062574	native	gemini25flashlite_lezgi_grammar_original_modelgloss_baseline	gemini25flashlite_lezgi_grammar_cyrillic_modelgloss_summary_text_txt	gemini25flashlite	Lezgi	modelgloss	grammar	cyrillic	summary_text_txt	1.0
0.31959600284181794	0.3336666948322592	0.01407069199044129	0.06570934290657093	-0.00013937575892470212	0.02985163535494571	87	118771292	native	gemini25flashlite_lezgi_grammar_original_shot_baseline	gemini25flashlite_lezgi_grammar_cyrillic_shot_cheatsheet_jpg	gemini25flashlite	Lezgi	shot	grammar	cyrillic	cheatsheet_jpg	1.0
0.31959600284181794	0.3028545590310261	-0.016741443810791803	0.08001919980800191	-0.03568065374575812	0.0018276694669634266	87	230215655	native	gemini25flashlite_lezgi_grammar_original_shot_baseline	gemini25flashlite_lezgi_grammar_cyrillic_shot_cheatsheet_txt	gemini25flashlite	Lezgi	shot	grammar	cyrillic	cheatsheet_txt	1.0
0.31959600284181794	0.33712823911644946	0.017532236274631543	0.03906960930390696	0.0015892551954964176	0.03501128492470102	87	3158292895	native	gemini25flashlite_lezgi_grammar_original_shot_baseline	gemini25flashlite_lezgi_grammar_cyrillic_shot_summary_tables_jpg	gemini25flashlite	Lezgi	shot	grammar	cyrillic	summary_tables_jpg	1.0
0.31959600284181794	0.31007723082071065	-0.00951877202110729	0.3138168618313817	-0.028253345992202035	0.009123102896686257	87	3228946278	native	gemini25flashlite_lezgi_grammar_original_shot_baseline	gemini25flashlite_lezgi_grammar_cyrillic_shot_summary_tables_txt	gemini25flashlite	Lezgi	shot	grammar	cyrillic	summary_tables_txt	1.0
0.31959600284181794	0.32168738201431846	0.0020913791725005225	0.8278217217827821	-0.016676778806608974	0.021119835101410564	87	3736232468	native	gemini25flashlite_lezgi_grammar_original_shot_baseline	gemini25flashlite_lezgi_grammar_cyrillic_shot_summary_text_txt	gemini25flashlite	Lezgi	shot	grammar	cyrillic	summary_text_txt	1.0
0.3151989233219761	0.3187813388033845	0.0035824154814084372	0.7567124328756712	-0.019173782704205344	0.02607429958665848	87	2795643084	native	gemini25flashlite_lezgi_grammar_original_chain_gloss_baseline	gemini25flashlite_lezgi_grammar_original_chain_gloss_cheatsheet_jpg	gemini25flashlite	Lezgi	chain_gloss	grammar	original	cheatsheet_jpg	1.0
0.3151989233219761	0.2968214472820019	-0.01837747603997417	0.12422875771242288	-0.04239086872501962	0.00471414169617766	87	2221375117	native	gemini25flashlite_lezgi_grammar_original_chain_gloss_baseline	gemini25flashlite_lezgi_grammar_original_chain_gloss_cheatsheet_txt	gemini25flashlite	Lezgi	chain_gloss	grammar	original	cheatsheet_txt	1.0
0.3151989233219761	0.32954903452218265	0.014350111200206581	0.14508854911450886	-0.0048244915795566	0.033722803469790105	87	2360207248	native	gemini25flashlite_lezgi_grammar_original_chain_gloss_baseline	gemini25flashlite_lezgi_grammar_original_chain_gloss_pdfpages_impactful_jpg	gemini25flashlite	Lezgi	chain_gloss	grammar	original	pdfpages_impactful_jpg	1.0
0.3151989233219761	0.31559298435846966	0.0003940610364935864	0.96930030699693	-0.020116992979899218	0.021046119253953968	87	1234012174	native	gemini25flashlite_lezgi_grammar_original_chain_gloss_baseline	gemini25flashlite_lezgi_grammar_original_chain_gloss_summary_tables_jpg	gemini25flashlite	Lezgi	chain_gloss	grammar	original	summary_tables_jpg	1.0
0.3151989233219761	0.2947741788009117	-0.02042474452106432	0.06627933720662793	-0.042312114818514074	0.0013453986410094246	87	356450022	native	gemini25flashlite_lezgi_grammar_original_chain_gloss_baseline	gemini25flashlite_lezgi_grammar_original_chain_gloss_summary_tables_txt	gemini25flashlite	Lezgi	chain_gloss	grammar	original	summary_tables_txt	1.0
0.3151989233219761	0.2846973732798949	-0.030501550042081153	0.00950990490095099	-0.05402770121849474	-0.007939848171054637	87	4141587901	native	gemini25flashlite_lezgi_grammar_original_chain_gloss_baseline	gemini25flashlite_lezgi_grammar_original_chain_gloss_summary_text_txt	gemini25flashlite	Lezgi	chain_gloss	grammar	original	summary_text_txt	1.0
0.38859497413210486	0.38776284516200255	-0.0008321289701023321	0.8844711552884471	-0.011599043613278317	0.011271780140526676	87	3903884309	native	gemini25flashlite_lezgi_grammar_original_modelgloss_baseline	gemini25flashlite_lezgi_grammar_original_modelgloss_cheatsheet_jpg	gemini25flashlite	Lezgi	modelgloss	grammar	original	cheatsheet_jpg	1.0
0.38859497413210486	0.3704110576674856	-0.018183916464619254	0.00963990360096399	-0.03275650786771171	-0.005734553710482593	87	1574138226	native	gemini25flashlite_lezgi_grammar_original_modelgloss_baseline	gemini25flashlite_lezgi_grammar_original_modelgloss_cheatsheet_txt	gemini25flashlite	Lezgi	modelgloss	grammar	original	cheatsheet_txt	1.0
0.38859497413210486	0.38883827917877284	0.00024330504666799786	0.969860301396986	-0.01212812768959108	0.013775679370623895	87	3248068089	native	gemini25flashlite_lezgi_grammar_original_modelgloss_baseline	gemini25flashlite_lezgi_grammar_original_modelgloss_pdfpages_impactful_jpg	gemini25flashlite	Lezgi	modelgloss	grammar	original	pdfpages_impactful_jpg	1.0
0.38859497413210486	0.39301435075614644	0.00441937662404159	0.5256747432525675	-0.008569626051975386	0.018862159490242763	87	2605587993	native	gemini25flashlite_lezgi_grammar_original_modelgloss_baseline	gemini25flashlite_lezgi_grammar_original_modelgloss_summary_tables_jpg	gemini25flashlite	Lezgi	modelgloss	grammar	original	summary_tables_jpg	1.0
0.38859497413210486	0.3767847751920251	-0.011810198940079788	0.08333916660833392	-0.025820679538722687	0.0010428023000044356	87	2685002387	native	gemini25flashlite_lezgi_grammar_original_modelgloss_baseline	gemini25flashlite_lezgi_grammar_original_modelgloss_summary_tables_txt	gemini25flashlite	Lezgi	modelgloss	grammar	original	summary_tables_txt	1.0
0.38859497413210486	0.36327570025948275	-0.025319273872622127	0.005209947900520995	-0.04323432503760546	-0.008174275266456203	87	3140649055	native	gemini25flashlite_lezgi_grammar_original_modelgloss_baseline	gemini25flashlite_lezgi_grammar_original_modelgloss_summary_text_txt	gemini25flashlite	Lezgi	modelgloss	grammar	original	summary_text_txt	1.0
0.31959600284181794	0.32606181819206	0.006465815350242044	0.4382456175438246	-0.009471209240199502	0.023474512474033316	87	796565639	native	gemini25flashlite_lezgi_grammar_original_shot_baseline	gemini25flashlite_lezgi_grammar_original_shot_cheatsheet_jpg	gemini25flashlite	Lezgi	shot	grammar	original	cheatsheet_jpg	1.0
0.31959600284181794	0.30579558066253004	-0.013800422179287878	0.2033179668203318	-0.03518048634474304	0.007361103300990043	87	1763652369	native	gemini25flashlite_lezgi_grammar_original_shot_baseline	gemini25flashlite_lezgi_grammar_original_shot_cheatsheet_txt	gemini25flashlite	Lezgi	shot	grammar	original	cheatsheet_txt	1.0
0.31959600284181794	0.32899774850785046	0.00940174566603255	0.24792752072479277	-0.005831844627257735	0.026117154054514972	87	2504632666	native	gemini25flashlite_lezgi_grammar_original_shot_baseline	gemini25flashlite_lezgi_grammar_original_shot_pdfpages_impactful_jpg	gemini25flashlite	Lezgi	shot	grammar	original	pdfpages_impactful_jpg	1.0
0.31959600284181794	0.3393452985362075	0.019749295694389563	0.023009769902300976	0.0032553188567017717	0.037241271279495336	87	61296528	native	gemini25flashlite_lezgi_grammar_original_shot_baseline	gemini25flashlite_lezgi_grammar_original_shot_summary_tables_jpg	gemini25flashlite	Lezgi	shot	grammar	original	summary_tables_jpg	1.0
0.31959600284181794	0.3030825409738497	-0.016513461867968243	0.12815871841281587	-0.0378460447807079	0.00480995936126544	87	1512376045	native	gemini25flashlite_lezgi_grammar_original_shot_baseline	gemini25flashlite_lezgi_grammar_original_shot_summary_tables_txt	gemini25flashlite	Lezgi	shot	grammar	original	summary_tables_txt	1.0
0.31959600284181794	0.307736667579618	-0.011859335262199929	0.3073869261307387	-0.03496605724995505	0.010779390325662727	87	680842517	native	gemini25flashlite_lezgi_grammar_original_shot_baseline	gemini25flashlite_lezgi_grammar_original_shot_summary_text_txt	gemini25flashlite	Lezgi	shot	grammar	original	summary_text_txt	1.0
0.19635837841214557	0.19749847716755337	0.001140098755407815	0.8731112688873112	-0.012656237597041058	0.015522767802832103	99	2474439480	native	gemini25flashlite_natugu_grammar_original_chain_gloss_baseline	gemini25flashlite_natugu_grammar_original_chain_gloss_cheatsheet_jpg	gemini25flashlite	Natugu	chain_gloss	grammar	original	cheatsheet_jpg	1.0
0.19635837841214557	0.1816778446387763	-0.01468053377336926	0.051549484505154945	-0.029885288911184877	-0.00030028502259291323	99	3144285237	native	gemini25flashlite_natugu_grammar_original_chain_gloss_baseline	gemini25flashlite_natugu_grammar_original_chain_gloss_cheatsheet_txt	gemini25flashlite	Natugu	chain_gloss	grammar	original	cheatsheet_txt	1.0
0.19635837841214557	0.17734256853358915	-0.019015809878556417	0.011929880701192988	-0.034334925991116136	-0.004696730753839623	99	287271784	native	gemini25flashlite_natugu_grammar_original_chain_gloss_baseline	gemini25flashlite_natugu_grammar_original_chain_gloss_pdfpages_impactful_jpg	gemini25flashlite	Natugu	chain_gloss	grammar	original	pdfpages_impactful_jpg	1.0
0.19635837841214557	0.18571192914187307	-0.010646449270272496	0.15463845361546386	-0.02562864796644208	0.0038225149867510497	99	3610546683	native	gemini25flashlite_natugu_grammar_original_chain_gloss_baseline	gemini25flashlite_natugu_grammar_original_chain_gloss_summary_tables_jpg	gemini25flashlite	Natugu	chain_gloss	grammar	original	summary_tables_jpg	1.0
0.19635837841214557	0.18649202020782413	-0.009866358204321428	0.23648763512364876	-0.0265575584438112	0.006319461450582802	99	1431356600	native	gemini25flashlite_natugu_grammar_original_chain_gloss_baseline	gemini25flashlite_natugu_grammar_original_chain_gloss_summary_tables_txt	gemini25flashlite	Natugu	chain_gloss	grammar	original	summary_tables_txt	1.0
0.19635837841214557	0.18980332509134756	-0.006555053320798007	0.46796532034679655	-0.02460152953298706	0.011196233488318283	99	261560109	native	gemini25flashlite_natugu_grammar_original_chain_gloss_baseline	gemini25flashlite_natugu_grammar_original_chain_gloss_summary_text_txt	gemini25flashlite	Natugu	chain_gloss	grammar	original	summary_text_txt	1.0
0.4234719481131043	0.41017198848603953	-0.01329995962706479	0.026499735002649974	-0.025668051492686222	-0.0021224889339822714	99	3052629741	native	gemini25flashlite_natugu_grammar_original_modelgloss_baseline	gemini25flashlite_natugu_grammar_original_modelgloss_cheatsheet_jpg	gemini25flashlite	Natugu	modelgloss	grammar	original	cheatsheet_jpg	1.0
0.4234719481131043	0.4238971700572004	0.00042522194409611247	0.9293007069929301	-0.008979406365842527	0.010031394863670521	99	4288929773	native	gemini25flashlite_natugu_grammar_original_modelgloss_baseline	gemini25flashlite_natugu_grammar_original_modelgloss_cheatsheet_txt	gemini25flashlite	Natugu	modelgloss	grammar	original	cheatsheet_txt	1.0
0.4234719481131043	0.39359247917779766	-0.029879468935306627	0.0018899811001889982	-0.04915654993230346	-0.012965538264299293	99	3225184974	native	gemini25flashlite_natugu_grammar_original_modelgloss_baseline	gemini25flashlite_natugu_grammar_original_modelgloss_pdfpages_impactful_jpg	gemini25flashlite	Natugu	modelgloss	grammar	original	pdfpages_impactful_jpg	1.0
0.4234719481131043	0.4095503865468382	-0.013921561566266146	0.03632963670363296	-0.027753648112970163	-0.0016600736463912836	99	3286613830	native	gemini25flashlite_natugu_grammar_original_modelgloss_baseline	gemini25flashlite_natugu_grammar_original_modelgloss_summary_tables_jpg	gemini25flashlite	Natugu	modelgloss	grammar	original	summary_tables_jpg	1.0
0.4234719481131043	0.41822753048906425	-0.005244417624040084	0.25981740182598173	-0.014618512205403259	0.0036907407746772556	99	3844927461	native	gemini25flashlite_natugu_grammar_original_modelgloss_baseline	gemini25flashlite_natugu_grammar_original_modelgloss_summary_tables_txt	gemini25flashlite	Natugu	modelgloss	grammar	original	summary_tables_txt	1.0
0.4234719481131043	0.4166527897721589	-0.006819158340945389	0.1849381506184938	-0.01726950755474543	0.0029713270038065247	99	728754198	native	gemini25flashlite_natugu_grammar_original_modelgloss_baseline	gemini25flashlite_natugu_grammar_original_modelgloss_summary_text_txt	gemini25flashlite	Natugu	modelgloss	grammar	original	summary_text_txt	1.0
0.20099855161676503	0.1950254536638356	-0.00597309795292941	0.47803521964780354	-0.02276401363049793	0.01028856802919895	99	1176709615	native	gemini25flashlite_natugu_grammar_original_shot_baseline	gemini25flashlite_natugu_grammar_original_shot_cheatsheet_jpg	gemini25flashlite	Natugu	shot	grammar	original	cheatsheet_jpg	1.0
0.20099855161676503	0.1900806249392153	-0.010917926677549728	0.2079379206207938	-0.02835582400850875	0.005801921343487317	99	1157340434	native	gemini25flashlite_natugu_grammar_original_shot_baseline	gemini25flashlite_natugu_grammar_original_shot_cheatsheet_txt	gemini25flashlite	Natugu	shot	grammar	original	cheatsheet_txt	1.0
0.20099855161676503	0.17165546096635587	-0.02934309065040916	0.0057199428005719945	-0.050621485339496466	-0.009685240125264796	99	1758751663	native	gemini25flashlite_natugu_grammar_original_shot_baseline	gemini25flashlite_natugu_grammar_original_shot_pdfpages_impactful_jpg	gemini25flashlite	Natugu	shot	grammar	original	pdfpages_impactful_jpg	1.0
0.20099855161676503	0.18893282559483943	-0.012065726021925608	0.2028579714202858	-0.03112404031885994	0.0061717500420983284	99	1342445293	native	gemini25flashlite_natugu_grammar_original_shot_baseline	gemini25flashlite_natugu_grammar_original_shot_summary_tables_jpg	gemini25flashlite	Natugu	shot	grammar	original	summary_tables_jpg	1.0
0.20099855161676503	0.19389031556519595	-0.007108236051569081	0.4674653253467465	-0.026769794617788955	0.011415884845109298	99	2968708490	native	gemini25flashlite_natugu_grammar_original_shot_baseline	gemini25flashlite_natugu_grammar_original_shot_summary_tables_txt	gemini25flashlite	Natugu	shot	grammar	original	summary_tables_txt	1.0
0.20099855161676503	0.20760794089298057	0.006609389276215525	0.4188258117418826	-0.009767932890716827	0.022351609800725848	99	2962472852	native	gemini25flashlite_natugu_grammar_original_shot_baseline	gemini25flashlite_natugu_grammar_original_shot_summary_text_txt	gemini25flashlite	Natugu	shot	grammar	original	summary_text_txt	1.0
0.15282956465627207	0.13993970839062123	-0.012889856265650855	0.04092959070409296	-0.026133636567704004	-0.0013546750175230488	99	4128154294	native	gemini25flashlite_tsez_grammar_original_chain_gloss_baseline	gemini25flashlite_tsez_grammar_original_chain_gloss_cheatsheet_jpg	gemini25flashlite	Tsez	chain_gloss	grammar	original	cheatsheet_jpg	1.0
0.15282956465627207	0.14410220440288987	-0.008727360253382211	0.16473835261647385	-0.021571309633101478	0.0032652917572043127	99	3938456955	native	gemini25flashlite_tsez_grammar_original_chain_gloss_baseline	gemini25flashlite_tsez_grammar_original_chain_gloss_cheatsheet_txt	gemini25flashlite	Tsez	chain_gloss	grammar	original	cheatsheet_txt	1.0
0.15282956465627207	0.1391959252080532	-0.013633639448218875	0.061469385306146936	-0.028855061450164112	-0.00014533962339463956	99	2923992093	native	gemini25flashlite_tsez_grammar_original_chain_gloss_baseline	gemini25flashlite_tsez_grammar_original_chain_gloss_pdfpages_impactful_jpg	gemini25flashlite	Tsez	chain_gloss	grammar	original	pdfpages_impactful_jpg	1.0
0.15282956465627207	0.14402562297052807	-0.008803941685744006	0.17055829441705583	-0.02218822259455919	0.0029929606149895	99	1706630282	native	gemini25flashlite_tsez_grammar_original_chain_gloss_baseline	gemini25flashlite_tsez_grammar_original_chain_gloss_summary_tables_jpg	gemini25flashlite	Tsez	chain_gloss	grammar	original	summary_tables_jpg	1.0
0.15282956465627207	0.15394748438789388	0.0011179197316217905	0.8803211967880321	-0.013539439097347885	0.01539242992723229	99	576970593	native	gemini25flashlite_tsez_grammar_original_chain_gloss_baseline	gemini25flashlite_tsez_grammar_original_chain_gloss_summary_tables_txt	gemini25flashlite	Tsez	chain_gloss	grammar	original	summary_tables_txt	1.0
0.15282956465627207	0.15085124555561277	-0.001978319100659303	0.7540724592754072	-0.014706116593019526	0.010096393049591113	99	735883295	native	gemini25flashlite_tsez_grammar_original_chain_gloss_baseline	gemini25flashlite_tsez_grammar_original_chain_gloss_summary_text_txt	gemini25flashlite	Tsez	chain_gloss	grammar	original	summary_text_txt	1.0
0.39835601887016586	0.39375272144873935	-0.004603297421426484	0.4090159098409016	-0.015985581926023115	0.006109938778058446	99	96933681	native	gemini25flashlite_tsez_grammar_original_modelgloss_baseline	gemini25flashlite_tsez_grammar_original_modelgloss_cheatsheet_jpg	gemini25flashlite	Tsez	modelgloss	grammar	original	cheatsheet_jpg	1.0
0.39835601887016586	0.39405880973796653	-0.004297209132199335	0.5559144408555915	-0.019027993664371242	0.00993328165789739	99	3846917195	native	gemini25flashlite_tsez_grammar_original_modelgloss_baseline	gemini25flashlite_tsez_grammar_original_modelgloss_cheatsheet_txt	gemini25flashlite	Tsez	modelgloss	grammar	original	cheatsheet_txt	1.0
0.39835601887016586	0.3901402930719684	-0.008215725798197467	0.22892771072289278	-0.022005419105742913	0.0049307401376691715	99	258060431	native	gemini25flashlite_tsez_grammar_original_modelgloss_baseline	gemini25flashlite_tsez_grammar_original_modelgloss_pdfpages_impactful_jpg	gemini25flashlite	Tsez	modelgloss	grammar	original	pdfpages_impactful_jpg	1.0
0.39835601887016586	0.3942250917957287	-0.0041309270744371894	0.46899531004689954	-0.015674768282909587	0.0067247712646018275	99	1486677253	native	gemini25flashlite_tsez_grammar_original_modelgloss_baseline	gemini25flashlite_tsez_grammar_original_modelgloss_summary_tables_jpg	gemini25flashlite	Tsez	modelgloss	grammar	original	summary_tables_jpg	1.0
0.39835601887016586	0.3972309743515169	-0.001125044518648976	0.8441615583844162	-0.012655799602619323	0.009886490999523437	99	3670093209	native	gemini25flashlite_tsez_grammar_original_modelgloss_baseline	gemini25flashlite_tsez_grammar_original_modelgloss_summary_tables_txt	gemini25flashlite	Tsez	modelgloss	grammar	original	summary_tables_txt	1.0
0.39835601887016586	0.4003269227616715	0.001970903891505617	0.7864221357786422	-0.012409241830535	0.016471885229376225	99	1381027733	native	gemini25flashlite_tsez_grammar_original_modelgloss_baseline	gemini25flashlite_tsez_grammar_original_modelgloss_summary_text_txt	gemini25flashlite	Tsez	modelgloss	grammar	original	summary_text_txt	1.0
0.1507686118435378	0.14071970147014867	-0.01004891037338912	0.06101938980610194	-0.021174413342066482	-0.0001757208540132563	99	1015895591	native	gemini25flashlite_tsez_grammar_original_shot_baseline	gemini25flashlite_tsez_grammar_original_shot_cheatsheet_jpg	gemini25flashlite	Tsez	shot	grammar	original	cheatsheet_jpg	1.0
0.1507686118435378	0.15080120655322315	3.259470968535452e-05	0.995780042199578	-0.011861796441930103	0.01143905754680886	99	3783618189	native	gemini25flashlite_tsez_grammar_original_shot_baseline	gemini25flashlite_tsez_grammar_original_shot_cheatsheet_txt	gemini25flashlite	Tsez	shot	grammar	original	cheatsheet_txt	1.0
0.1507686118435378	0.13576462556316396	-0.015003986280373853	0.01711982880171198	-0.028095691397108814	-0.0036162763852814273	99	1147846484	native	gemini25flashlite_tsez_grammar_original_shot_baseline	gemini25flashlite_tsez_grammar_original_shot_pdfpages_impactful_jpg	gemini25flashlite	Tsez	shot	grammar	original	pdfpages_impactful_jpg	1.0
0.1507686118435378	0.14100542416175207	-0.009763187681785737	0.09135908640913591	-0.02177076462957293	0.0010216881906745378	99	2427254803	native	gemini25flashlite_tsez_grammar_original_shot_baseline	gemini25flashlite_tsez_grammar_original_shot_summary_tables_jpg	gemini25flashlite	Tsez	shot	grammar	original	summary_tables_jpg	1.0
0.1507686118435378	0.1453214834133784	-0.005447128430159405	0.3537664623353766	-0.01741376264829828	0.005789288101397972	99	4218760629	native	gemini25flashlite_tsez_grammar_original_shot_baseline	gemini25flashlite_tsez_grammar_original_shot_summary_tables_txt	gemini25flashlite	Tsez	shot	grammar	original	summary_tables_txt	1.0
0.1507686118435378	0.14139160686972166	-0.009377004973816149	0.14455855441445586	-0.02247091418489663	0.0029716894162273087	99	149800033	native	gemini25flashlite_tsez_grammar_original_shot_baseline	gemini25flashlite_tsez_grammar_original_shot_summary_text_txt	gemini25flashlite	Tsez	shot	grammar	original	summary_text_txt	1.0
0.18876159473045453	0.18858601052213358	-0.00017558420832092697	0.991730082699173	-0.031162316422607444	0.03368383069094768	37	3033893398	native	qwen35_gitksan_grammar_original_chain_gloss_baseline	qwen35_gitksan_pdf1_brown_original_chain_gloss_cheatsheet_jpg	qwen35	Gitksan	chain_gloss	pdf1_brown	original	cheatsheet_jpg	1.0
0.18876159473045453	0.1933662073837744	0.0046046126533199	0.6937830621693784	-0.01851020200127685	0.027379986170578633	37	2724062386	native	qwen35_gitksan_grammar_original_chain_gloss_baseline	qwen35_gitksan_pdf1_brown_original_chain_gloss_cheatsheet_txt	qwen35	Gitksan	chain_gloss	pdf1_brown	original	cheatsheet_txt	1.0
0.18876159473045453	0.1769723789514722	-0.011789215778982317	0.26779732202677975	-0.033608153089880945	0.00819610075874103	37	1082733285	native	qwen35_gitksan_grammar_original_chain_gloss_baseline	qwen35_gitksan_pdf1_brown_original_chain_gloss_pdfpages_impactful_jpg	qwen35	Gitksan	chain_gloss	pdf1_brown	original	pdfpages_impactful_jpg	1.0
0.18876159473045453	0.16648570468296875	-0.022275890047485765	0.05824941750582494	-0.04646814718741823	-0.00037456607899150404	37	3562495789	native	qwen35_gitksan_grammar_original_chain_gloss_baseline	qwen35_gitksan_pdf1_brown_original_chain_gloss_summary_tables_jpg	qwen35	Gitksan	chain_gloss	pdf1_brown	original	summary_tables_jpg	1.0
0.18876159473045453	0.18326766849369616	-0.005493926236758361	0.6013639863601364	-0.02674553881122453	0.014206402718618092	37	4165542003	native	qwen35_gitksan_grammar_original_chain_gloss_baseline	qwen35_gitksan_pdf1_brown_original_chain_gloss_summary_tables_txt	qwen35	Gitksan	chain_gloss	pdf1_brown	original	summary_tables_txt	1.0
0.18876159473045453	0.1936116425974949	0.004850047867040377	0.7719822801771983	-0.027884783777030738	0.03882221551863727	37	557310660	native	qwen35_gitksan_grammar_original_chain_gloss_baseline	qwen35_gitksan_pdf1_brown_original_chain_gloss_summary_text_txt	qwen35	Gitksan	chain_gloss	pdf1_brown	original	summary_text_txt	1.0
0.45192461762879343	0.4442538405592377	-0.007670777069555747	0.7034429655703442	-0.04801059238411285	0.031909396106729625	37	4150205435	native	qwen35_gitksan_grammar_original_modelgloss_baseline	qwen35_gitksan_pdf1_brown_original_modelgloss_cheatsheet_jpg	qwen35	Gitksan	modelgloss	pdf1_brown	original	cheatsheet_jpg	1.0
0.45192461762879343	0.4486950603691307	-0.003229557259662731	0.8332516674833251	-0.03406134613261028	0.026442789105144707	37	2486189153	native	qwen35_gitksan_grammar_original_modelgloss_baseline	qwen35_gitksan_pdf1_brown_original_modelgloss_cheatsheet_txt	qwen35	Gitksan	modelgloss	pdf1_brown	original	cheatsheet_txt	1.0
0.45192461762879343	0.46766965775876435	0.01574504012997086	0.4293557064429356	-0.024504466465598826	0.05467640837100711	37	2599485522	native	qwen35_gitksan_grammar_original_modelgloss_baseline	qwen35_gitksan_pdf1_brown_original_modelgloss_pdfpages_impactful_jpg	qwen35	Gitksan	modelgloss	pdf1_brown	original	pdfpages_impactful_jpg	1.0
0.45192461762879343	0.4429494154614371	-0.008975202167356337	0.6729032709672903	-0.05279286166502011	0.03243312467191661	37	1779977965	native	qwen35_gitksan_grammar_original_modelgloss_baseline	qwen35_gitksan_pdf1_brown_original_modelgloss_summary_tables_jpg	qwen35	Gitksan	modelgloss	pdf1_brown	original	summary_tables_jpg	1.0
0.45192461762879343	0.42995228276059433	-0.021972334868199116	0.3977360226397736	-0.0778478118716865	0.026094731648225993	37	3848978474	native	qwen35_gitksan_grammar_original_modelgloss_baseline	qwen35_gitksan_pdf1_brown_original_modelgloss_summary_tables_txt	qwen35	Gitksan	modelgloss	pdf1_brown	original	summary_tables_txt	1.0
0.45192461762879343	0.40819901268224457	-0.043725604946548875	0.06144938550614494	-0.0949938967219881	-0.0021618957354410315	37	1711934244	native	qwen35_gitksan_grammar_original_modelgloss_baseline	qwen35_gitksan_pdf1_brown_original_modelgloss_summary_text_txt	qwen35	Gitksan	modelgloss	pdf1_brown	original	summary_text_txt	1.0
0.19690055420269836	0.202609602462601	0.005709048259902645	0.5380546194538055	-0.01318509641632034	0.024476242694701684	37	3937082172	native	qwen35_gitksan_grammar_original_shot_baseline	qwen35_gitksan_pdf1_brown_original_shot_cheatsheet_jpg	qwen35	Gitksan	shot	pdf1_brown	original	cheatsheet_jpg	1.0
0.19690055420269836	0.19815743835391225	0.001256884151213878	0.8522614773852262	-0.011763631320885709	0.014669481936741516	37	3207536838	native	qwen35_gitksan_grammar_original_shot_baseline	qwen35_gitksan_pdf1_brown_original_shot_cheatsheet_txt	qwen35	Gitksan	shot	pdf1_brown	original	cheatsheet_txt	1.0
0.19690055420269836	0.19854663574212306	0.00164608153942469	0.8216917830821692	-0.012466112816253223	0.016333399340510365	37	898221434	native	qwen35_gitksan_grammar_original_shot_baseline	qwen35_gitksan_pdf1_brown_original_shot_pdfpages_impactful_jpg	qwen35	Gitksan	shot	pdf1_brown	original	pdfpages_impactful_jpg	1.0
0.19690055420269836	0.197198981771598	0.00029842756889961864	0.975210247897521	-0.019068384890419406	0.017902143843270636	37	3663578145	native	qwen35_gitksan_grammar_original_shot_baseline	qwen35_gitksan_pdf1_brown_original_shot_summary_tables_jpg	qwen35	Gitksan	shot	pdf1_brown	original	summary_tables_jpg	1.0
0.19690055420269836	0.18929002212511525	-0.007610532077583107	0.17279827201727982	-0.018822608923388492	0.003155166454411838	37	173282906	native	qwen35_gitksan_grammar_original_shot_baseline	qwen35_gitksan_pdf1_brown_original_shot_summary_tables_txt	qwen35	Gitksan	shot	pdf1_brown	original	summary_tables_txt	1.0
0.19690055420269836	0.2036378170187409	0.006737262816042514	0.3841661583384166	-0.006975985967831031	0.02349159656142865	37	1065679871	native	qwen35_gitksan_grammar_original_shot_baseline	qwen35_gitksan_pdf1_brown_original_shot_summary_text_txt	qwen35	Gitksan	shot	pdf1_brown	original	summary_text_txt	1.0
0.18876159473045453	0.1664312967174762	-0.02233029801297832	0.1010489895101049	-0.05061752318429785	0.002961167788787454	37	2977172902	native	qwen35_gitksan_grammar_original_chain_gloss_baseline	qwen35_gitksan_pdf2_rigsby_original_chain_gloss_cheatsheet_jpg	qwen35	Gitksan	chain_gloss	pdf2_rigsby	original	cheatsheet_jpg	1.0
0.18876159473045453	0.203289429078231	0.014527834347776464	0.4086259137408626	-0.020268456366013834	0.04943327102306724	37	100635818	native	qwen35_gitksan_grammar_original_chain_gloss_baseline	qwen35_gitksan_pdf2_rigsby_original_chain_gloss_cheatsheet_txt	qwen35	Gitksan	chain_gloss	pdf2_rigsby	original	cheatsheet_txt	1.0
0.18876159473045453	0.19012513958119057	0.001363544850736051	0.9254407455925441	-0.02799705974757671	0.031199809888730164	37	714335833	native	qwen35_gitksan_grammar_original_chain_gloss_baseline	qwen35_gitksan_pdf2_rigsby_original_chain_gloss_pdfpages_impactful_jpg	qwen35	Gitksan	chain_gloss	pdf2_rigsby	original	pdfpages_impactful_jpg	1.0
0.18876159473045453	0.1724948077588468	-0.016266786971607723	0.2644973550264497	-0.04608402406243052	0.011031618039752984	37	40141231	native	qwen35_gitksan_grammar_original_chain_gloss_baseline	qwen35_gitksan_pdf2_rigsby_original_chain_gloss_summary_tables_jpg	qwen35	Gitksan	chain_gloss	pdf2_rigsby	original	summary_tables_jpg	1.0
0.18876159473045453	0.19502180170368505	0.006260206973230517	0.5387846121538784	-0.011954352586857366	0.028198281444005064	37	3828571288	native	qwen35_gitksan_grammar_original_chain_gloss_baseline	qwen35_gitksan_pdf2_rigsby_original_chain_gloss_summary_tables_txt	qwen35	Gitksan	chain_gloss	pdf2_rigsby	original	summary_tables_txt	1.0
0.18876159473045453	0.18231179323550817	-0.006449801494946351	0.6110438895611043	-0.03179520669619779	0.01767596079892403	37	1625334761	native	qwen35_gitksan_grammar_original_chain_gloss_baseline	qwen35_gitksan_pdf2_rigsby_original_chain_gloss_summary_text_txt	qwen35	Gitksan	chain_gloss	pdf2_rigsby	original	summary_text_txt	1.0
0.45192461762879343	0.4530824148977125	0.0011577972689190425	0.9554204457955421	-0.03904384616258982	0.04184507315827382	37	983835803	native	qwen35_gitksan_grammar_original_modelgloss_baseline	qwen35_gitksan_pdf2_rigsby_original_modelgloss_cheatsheet_jpg	qwen35	Gitksan	modelgloss	pdf2_rigsby	original	cheatsheet_jpg	1.0
0.45192461762879343	0.45011067068254623	-0.001813946946247204	0.9191508084919151	-0.04046230003036357	0.031040378690168662	37	1550265699	native	qwen35_gitksan_grammar_original_modelgloss_baseline	qwen35_gitksan_pdf2_rigsby_original_modelgloss_cheatsheet_txt	qwen35	Gitksan	modelgloss	pdf2_rigsby	original	cheatsheet_txt	1.0
0.45192461762879343	0.4360873956938048	-0.015837221934988693	0.34391656083439165	-0.049496565718908564	0.01700850205646979	37	2473100536	native	qwen35_gitksan_grammar_original_modelgloss_baseline	qwen35_gitksan_pdf2_rigsby_original_modelgloss_pdfpages_impactful_jpg	qwen35	Gitksan	modelgloss	pdf2_rigsby	original	pdfpages_impactful_jpg	1.0
0.45192461762879343	0.46342967088158066	0.011505053252787204	0.5266047339526605	-0.023523648022799878	0.0485139467728299	37	1533408968	native	qwen35_gitksan_grammar_original_modelgloss_baseline	qwen35_gitksan_pdf2_rigsby_original_modelgloss_summary_tables_jpg	qwen35	Gitksan	modelgloss	pdf2_rigsby	original	summary_tables_jpg	1.0
0.45192461762879343	0.4515409654862172	-0.0003836521425762692	0.983930160698393	-0.03828828788891031	0.03828080863364643	37	2882428265	native	qwen35_gitksan_grammar_original_modelgloss_baseline	qwen35_gitksan_pdf2_rigsby_original_modelgloss_summary_tables_txt	qwen35	Gitksan	modelgloss	pdf2_rigsby	original	summary_tables_txt	1.0
0.45192461762879343	0.45032202069823807	-0.001602596930555395	0.952890471095289	-0.05901618480078272	0.048368124089933726	37	2889214304	native	qwen35_gitksan_grammar_original_modelgloss_baseline	qwen35_gitksan_pdf2_rigsby_original_modelgloss_summary_text_txt	qwen35	Gitksan	modelgloss	pdf2_rigsby	original	summary_text_txt	1.0
0.19690055420269836	0.18796987569815404	-0.008930678504544336	0.27064729352706474	-0.02597388704684939	0.005877589303496721	37	1363061072	native	qwen35_gitksan_grammar_original_shot_baseline	qwen35_gitksan_pdf2_rigsby_original_shot_cheatsheet_jpg	qwen35	Gitksan	shot	pdf2_rigsby	original	cheatsheet_jpg	1.0
0.19690055420269836	0.18873068428522832	-0.008169869917470056	0.18508814911850882	-0.020377676949106357	0.003884011562410237	37	1371670716	native	qwen35_gitksan_grammar_original_shot_baseline	qwen35_gitksan_pdf2_rigsby_original_shot_cheatsheet_txt	qwen35	Gitksan	shot	pdf2_rigsby	original	cheatsheet_txt	1.0
0.19690055420269836	0.18711824574180552	-0.009782308460892859	0.36497635023649766	-0.03312455096055526	0.009376446298650792	37	765787139	native	qwen35_gitksan_grammar_original_shot_baseline	qwen35_gitksan_pdf2_rigsby_original_shot_pdfpages_impactful_jpg	qwen35	Gitksan	shot	pdf2_rigsby	original	pdfpages_impactful_jpg	1.0
0.19690055420269836	0.19064736466955495	-0.00625318953314343	0.5155248447515525	-0.02620875057638496	0.011817076404553813	37	4160611782	native	qwen35_gitksan_grammar_original_shot_baseline	qwen35_gitksan_pdf2_rigsby_original_shot_summary_tables_jpg	qwen35	Gitksan	shot	pdf2_rigsby	original	summary_tables_jpg	1.0
0.19690055420269836	0.1938935488059714	-0.003007005396726969	0.6673633263667363	-0.01710106187776939	0.01034521473118581	37	1666055117	native	qwen35_gitksan_grammar_original_shot_baseline	qwen35_gitksan_pdf2_rigsby_original_shot_summary_tables_txt	qwen35	Gitksan	shot	pdf2_rigsby	original	summary_tables_txt	1.0
0.19690055420269836	0.19850321174473376	0.0016026575420353864	0.8616213837861622	-0.01498769588164379	0.021159238705562577	37	2875121231	native	qwen35_gitksan_grammar_original_shot_baseline	qwen35_gitksan_pdf2_rigsby_original_shot_summary_text_txt	qwen35	Gitksan	shot	pdf2_rigsby	original	summary_text_txt	1.0
0.21673960598378345	0.19689254137291307	-0.019847064610870404	0.007199928000719993	-0.034719406059761156	-0.005891517061611714	87	2995772101	native	qwen35_lezgi_grammar_original_chain_gloss_baseline	qwen35_lezgi_grammar_cyrillic_chain_gloss_cheatsheet_jpg	qwen35	Lezgi	chain_gloss	grammar	cyrillic	cheatsheet_jpg	1.0
0.21673960598378345	0.20523057269981537	-0.011509033283968082	0.27845721542784574	-0.03245483637070176	0.00926584889791135	87	330184772	native	qwen35_lezgi_grammar_original_chain_gloss_baseline	qwen35_lezgi_grammar_cyrillic_chain_gloss_cheatsheet_txt	qwen35	Lezgi	chain_gloss	grammar	cyrillic	cheatsheet_txt	1.0
0.21673960598378345	0.19839977755628782	-0.018339828427495628	0.054759452405475945	-0.03701239148818555	0.0004089270943197569	87	745508738	native	qwen35_lezgi_grammar_original_chain_gloss_baseline	qwen35_lezgi_grammar_cyrillic_chain_gloss_summary_tables_jpg	qwen35	Lezgi	chain_gloss	grammar	cyrillic	summary_tables_jpg	1.0
0.21673960598378345	0.20225311378980504	-0.014486492193978408	0.1885381146188538	-0.03628133641577315	0.0069066420689909876	87	962928613	native	qwen35_lezgi_grammar_original_chain_gloss_baseline	qwen35_lezgi_grammar_cyrillic_chain_gloss_summary_tables_txt	qwen35	Lezgi	chain_gloss	grammar	cyrillic	summary_tables_txt	1.0
0.21673960598378345	0.20131105116043968	-0.015428554823343781	0.13937860621393786	-0.03588838920254132	0.005016673617493135	87	3908405736	native	qwen35_lezgi_grammar_original_chain_gloss_baseline	qwen35_lezgi_grammar_cyrillic_chain_gloss_summary_text_txt	qwen35	Lezgi	chain_gloss	grammar	cyrillic	summary_text_txt	1.0
0.35428207119305927	0.3535826758577906	-0.0006993953352687003	0.9229107708922911	-0.015030268992928931	0.01378796291591107	87	752847891	native	qwen35_lezgi_grammar_original_modelgloss_baseline	qwen35_lezgi_grammar_cyrillic_modelgloss_cheatsheet_jpg	qwen35	Lezgi	modelgloss	grammar	cyrillic	cheatsheet_jpg	1.0
0.35428207119305927	0.34591414702349693	-0.008367924169562328	0.26467735322646774	-0.023257151085498	0.00648468091827014	87	2661001858	native	qwen35_lezgi_grammar_original_modelgloss_baseline	qwen35_lezgi_grammar_cyrillic_modelgloss_cheatsheet_txt	qwen35	Lezgi	modelgloss	grammar	cyrillic	cheatsheet_txt	1.0
0.35428207119305927	0.3578619007235286	0.0035798295304693027	0.6274437255627444	-0.01074793737424516	0.018533023453221237	87	181929900	native	qwen35_lezgi_grammar_original_modelgloss_baseline	qwen35_lezgi_grammar_cyrillic_modelgloss_summary_tables_jpg	qwen35	Lezgi	modelgloss	grammar	cyrillic	summary_tables_jpg	1.0
0.35428207119305927	0.35760302002402555	0.0033209488309662917	0.6234937650623493	-0.00995299300371573	0.016963673085402482	87	1918841287	native	qwen35_lezgi_grammar_original_modelgloss_baseline	qwen35_lezgi_grammar_cyrillic_modelgloss_summary_tables_txt	qwen35	Lezgi	modelgloss	grammar	cyrillic	summary_tables_txt	1.0
0.35428207119305927	0.34682484202343844	-0.007457229169620864	0.3828961710382896	-0.02439005720461237	0.00937928344369277	87	922570989	native	qwen35_lezgi_grammar_original_modelgloss_baseline	qwen35_lezgi_grammar_cyrillic_modelgloss_summary_text_txt	qwen35	Lezgi	modelgloss	grammar	cyrillic	summary_text_txt	1.0
0.2102545547759396	0.213972854374469	0.003718299598529421	0.6958730412695873	-0.015355825364247132	0.022133438027966978	87	874895624	native	qwen35_lezgi_grammar_original_shot_baseline	qwen35_lezgi_grammar_cyrillic_shot_cheatsheet_jpg	qwen35	Lezgi	shot	grammar	cyrillic	cheatsheet_jpg	1.0
0.2102545547759396	0.20608760270921664	-0.004166952066722958	0.6786432135678643	-0.024068774931646622	0.015622803224143623	87	1172787348	native	qwen35_lezgi_grammar_original_shot_baseline	qwen35_lezgi_grammar_cyrillic_shot_cheatsheet_txt	qwen35	Lezgi	shot	grammar	cyrillic	cheatsheet_txt	1.0
0.2102545547759396	0.21254407160583583	0.0022895168298962473	0.8121518784812152	-0.016879361842212996	0.021241374433725715	87	32616296	native	qwen35_lezgi_grammar_original_shot_baseline	qwen35_lezgi_grammar_cyrillic_shot_summary_tables_jpg	qwen35	Lezgi	shot	grammar	cyrillic	summary_tables_jpg	1.0
0.2102545547759396	0.19904854739534444	-0.011206007380595153	0.2864171358286417	-0.032353717506188776	0.008944427410418945	87	2229648238	native	qwen35_lezgi_grammar_original_shot_baseline	qwen35_lezgi_grammar_cyrillic_shot_summary_tables_txt	qwen35	Lezgi	shot	grammar	cyrillic	summary_tables_txt	1.0
0.2102545547759396	0.1946811011467857	-0.015573453629153898	0.08007919920800792	-0.033586535517169135	0.0012305682439399618	87	4104984526	native	qwen35_lezgi_grammar_original_shot_baseline	qwen35_lezgi_grammar_cyrillic_shot_summary_text_txt	qwen35	Lezgi	shot	grammar	cyrillic	summary_text_txt	1.0
0.21673960598378345	0.20498405919335355	-0.011755546790429916	0.26578734212657873	-0.03263921162391873	0.009071436243923902	87	1030849112	native	qwen35_lezgi_grammar_original_chain_gloss_baseline	qwen35_lezgi_grammar_original_chain_gloss_cheatsheet_jpg	qwen35	Lezgi	chain_gloss	grammar	original	cheatsheet_jpg	1.0
0.21673960598378345	0.21062645110590705	-0.006113154877876413	0.5942140578594214	-0.028799704485840488	0.016497313496710225	87	3314700156	native	qwen35_lezgi_grammar_original_chain_gloss_baseline	qwen35_lezgi_grammar_original_chain_gloss_cheatsheet_txt	qwen35	Lezgi	chain_gloss	grammar	original	cheatsheet_txt	1.0
0.21673960598378345	0.20446777395133314	-0.012271832032450315	0.3116068839311607	-0.03603642712208046	0.011740510122871943	87	3988076257	native	qwen35_lezgi_grammar_original_chain_gloss_baseline	qwen35_lezgi_grammar_original_chain_gloss_pdfpages_impactful_jpg	qwen35	Lezgi	chain_gloss	grammar	original	pdfpages_impactful_jpg	1.0
0.21673960598378345	0.201677154364257	-0.015062451619526436	0.1807381926180738	-0.036903310233149036	0.007181743894243377	87	1178841629	native	qwen35_lezgi_grammar_original_chain_gloss_baseline	qwen35_lezgi_grammar_original_chain_gloss_summary_tables_jpg	qwen35	Lezgi	chain_gloss	grammar	original	summary_tables_jpg	1.0
0.21673960598378345	0.18743896852622086	-0.02930063745756259	0.012539874601253987	-0.052505726527808036	-0.006541716285991953	87	2828734640	native	qwen35_lezgi_grammar_original_chain_gloss_baseline	qwen35_lezgi_grammar_original_chain_gloss_summary_tables_txt	qwen35	Lezgi	chain_gloss	grammar	original	summary_tables_txt	1.0
0.21673960598378345	0.2041227882620932	-0.012616817721690255	0.2620473795262047	-0.034576944328159435	0.009741756230078889	87	4133923660	native	qwen35_lezgi_grammar_original_chain_gloss_baseline	qwen35_lezgi_grammar_original_chain_gloss_summary_text_txt	qwen35	Lezgi	chain_gloss	grammar	original	summary_text_txt	1.0
0.35428207119305927	0.3545782225227904	0.00029615132973111907	0.9677103228967711	-0.014294954504946182	0.014663422657926192	87	2635066857	native	qwen35_lezgi_grammar_original_modelgloss_baseline	qwen35_lezgi_grammar_original_modelgloss_cheatsheet_jpg	qwen35	Lezgi	modelgloss	grammar	original	cheatsheet_jpg	1.0
0.35428207119305927	0.347943182392367	-0.006338888800692284	0.4227657723422766	-0.022167019274128574	0.009332011565137868	87	3775991905	native	qwen35_lezgi_grammar_original_modelgloss_baseline	qwen35_lezgi_grammar_original_modelgloss_cheatsheet_txt	qwen35	Lezgi	modelgloss	grammar	original	cheatsheet_txt	1.0
0.35428207119305927	0.3596046793906168	0.005322608197557515	0.5229947700522994	-0.011053082661639	0.021947746749581956	87	312991412	native	qwen35_lezgi_grammar_original_modelgloss_baseline	qwen35_lezgi_grammar_original_modelgloss_pdfpages_impactful_jpg	qwen35	Lezgi	modelgloss	grammar	original	pdfpages_impactful_jpg	1.0
0.35428207119305927	0.3525699520933217	-0.0017121190997375839	0.8401415985840142	-0.01858694472874718	0.015082894008735127	87	3788075775	native	qwen35_lezgi_grammar_original_modelgloss_baseline	qwen35_lezgi_grammar_original_modelgloss_summary_tables_jpg	qwen35	Lezgi	modelgloss	grammar	original	summary_tables_jpg	1.0
0.35428207119305927	0.3463993863812808	-0.007882684811778453	0.3142768572314277	-0.02363521491402182	0.007168121879984586	87	1092735053	native	qwen35_lezgi_grammar_original_modelgloss_baseline	qwen35_lezgi_grammar_original_modelgloss_summary_tables_txt	qwen35	Lezgi	modelgloss	grammar	original	summary_tables_txt	1.0
0.35428207119305927	0.3506164036091717	-0.0036656675838876046	0.7040429595704043	-0.02262973711536876	0.015183605054586094	87	990421234	native	qwen35_lezgi_grammar_original_modelgloss_baseline	qwen35_lezgi_grammar_original_modelgloss_summary_text_txt	qwen35	Lezgi	modelgloss	grammar	original	summary_text_txt	1.0
0.2102545547759396	0.21445548791309882	0.0042009331371592375	0.6243537564624354	-0.013017566720473356	0.020779354082441876	87	3911079772	native	qwen35_lezgi_grammar_original_shot_baseline	qwen35_lezgi_grammar_original_shot_cheatsheet_jpg	qwen35	Lezgi	shot	grammar	original	cheatsheet_jpg	1.0
0.2102545547759396	0.19513966066056285	-0.015114894115376747	0.06988930110698893	-0.03213830529658616	0.0006570760995663371	87	415547095	native	qwen35_lezgi_grammar_original_shot_baseline	qwen35_lezgi_grammar_original_shot_cheatsheet_txt	qwen35	Lezgi	shot	grammar	original	cheatsheet_txt	1.0
0.2102545547759396	0.20809014158687372	-0.0021644131890658676	0.8105018949810502	-0.020402461296782394	0.015415876709866785	87	2415632648	native	qwen35_lezgi_grammar_original_shot_baseline	qwen35_lezgi_grammar_original_shot_pdfpages_impactful_jpg	qwen35	Lezgi	shot	grammar	original	pdfpages_impactful_jpg	1.0
0.2102545547759396	0.2162127642967235	0.005958209520783918	0.5524444755552445	-0.013760933650379208	0.02541244454553415	87	1335392381	native	qwen35_lezgi_grammar_original_shot_baseline	qwen35_lezgi_grammar_original_shot_summary_tables_jpg	qwen35	Lezgi	shot	grammar	original	summary_tables_jpg	1.0
0.2102545547759396	0.20110450993324147	-0.009150044842698109	0.3870761292387076	-0.030258018782512202	0.011336527955343663	87	2767628273	native	qwen35_lezgi_grammar_original_shot_baseline	qwen35_lezgi_grammar_original_shot_summary_tables_txt	qwen35	Lezgi	shot	grammar	original	summary_tables_txt	1.0
0.2102545547759396	0.19305662442555374	-0.017197930350385863	0.05525944740552594	-0.03522816366119974	-5.902561905055359e-05	87	673099706	native	qwen35_lezgi_grammar_original_shot_baseline	qwen35_lezgi_grammar_original_shot_summary_text_txt	qwen35	Lezgi	shot	grammar	original	summary_text_txt	1.0
0.16613300227456623	0.162242961426576	-0.003890040847990248	0.6109738902610974	-0.019607490995390848	0.010703634803719593	99	2894280040	native	qwen35_natugu_grammar_original_chain_gloss_baseline	qwen35_natugu_grammar_original_chain_gloss_cheatsheet_jpg	qwen35	Natugu	chain_gloss	grammar	original	cheatsheet_jpg	1.0
0.16613300227456623	0.1628596307051302	-0.003273371569436006	0.7186928130718693	-0.021699102444931714	0.013987987763201341	99	3816085320	native	qwen35_natugu_grammar_original_chain_gloss_baseline	qwen35_natugu_grammar_original_chain_gloss_cheatsheet_txt	qwen35	Natugu	chain_gloss	grammar	original	cheatsheet_txt	1.0
0.16613300227456623	0.16703095490282233	0.0008979526282560945	0.924390756092439	-0.017728076175306782	0.019623455220852216	99	4244362293	native	qwen35_natugu_grammar_original_chain_gloss_baseline	qwen35_natugu_grammar_original_chain_gloss_pdfpages_impactful_jpg	qwen35	Natugu	chain_gloss	grammar	original	pdfpages_impactful_jpg	1.0
0.16613300227456623	0.1614494775280808	-0.0046835247464854304	0.5687543124568755	-0.02138166706256493	0.011141537671739402	99	1258018203	native	qwen35_natugu_grammar_original_chain_gloss_baseline	qwen35_natugu_grammar_original_chain_gloss_summary_tables_jpg	qwen35	Natugu	chain_gloss	grammar	original	summary_tables_jpg	1.0
0.16613300227456623	0.15383129581959562	-0.01230170645497062	0.10475895241047589	-0.027945703461841498	0.001854990402029596	99	3830363362	native	qwen35_natugu_grammar_original_chain_gloss_baseline	qwen35_natugu_grammar_original_chain_gloss_summary_tables_txt	qwen35	Natugu	chain_gloss	grammar	original	summary_tables_txt	1.0
0.16613300227456623	0.16203152109878233	-0.004101481175783909	0.6466135338646614	-0.021957725055064214	0.013453613293140824	99	1727968102	native	qwen35_natugu_grammar_original_chain_gloss_baseline	qwen35_natugu_grammar_original_chain_gloss_summary_text_txt	qwen35	Natugu	chain_gloss	grammar	original	summary_text_txt	1.0
0.40947346705378906	0.40356125276197086	-0.005912214291818214	0.37907620923790764	-0.0191724629320129	0.0072099035624602825	99	2680927985	native	qwen35_natugu_grammar_original_modelgloss_baseline	qwen35_natugu_grammar_original_modelgloss_cheatsheet_jpg	qwen35	Natugu	modelgloss	grammar	original	cheatsheet_jpg	1.0
0.40947346705378906	0.4021972128839204	-0.0072762541698687	0.3199068009319907	-0.021777242102255723	0.007173976354827784	99	784010612	native	qwen35_natugu_grammar_original_modelgloss_baseline	qwen35_natugu_grammar_original_modelgloss_cheatsheet_txt	qwen35	Natugu	modelgloss	grammar	original	cheatsheet_txt	1.0
0.40947346705378906	0.4015217251849897	-0.007951741868799383	0.1783882161178388	-0.0198785342991051	0.003488948625145528	99	800169718	native	qwen35_natugu_grammar_original_modelgloss_baseline	qwen35_natugu_grammar_original_modelgloss_pdfpages_impactful_jpg	qwen35	Natugu	modelgloss	grammar	original	pdfpages_impactful_jpg	1.0
0.40947346705378906	0.40642620924145284	-0.0030472578123362376	0.5897441025589744	-0.014071137126949096	0.008047214650897054	99	3292413984	native	qwen35_natugu_grammar_original_modelgloss_baseline	qwen35_natugu_grammar_original_modelgloss_summary_tables_jpg	qwen35	Natugu	modelgloss	grammar	original	summary_tables_jpg	1.0
0.40947346705378906	0.39815127924837246	-0.011322187805416608	0.12266877331226687	-0.026109784179263643	0.00265520056991866	99	4192475698	native	qwen35_natugu_grammar_original_modelgloss_baseline	qwen35_natugu_grammar_original_modelgloss_summary_tables_txt	qwen35	Natugu	modelgloss	grammar	original	summary_tables_txt	1.0
0.40947346705378906	0.39404454962773755	-0.015428917426051516	0.01829981700182998	-0.02878725571614323	-0.0033175349461309856	99	1767217699	native	qwen35_natugu_grammar_original_modelgloss_baseline	qwen35_natugu_grammar_original_modelgloss_summary_text_txt	qwen35	Natugu	modelgloss	grammar	original	summary_text_txt	1.0
0.17047436128963123	0.16176528265379897	-0.008709078635832276	0.26011739882601176	-0.02392326650407278	0.006744588337688111	99	1280337239	native	qwen35_natugu_grammar_original_shot_baseline	qwen35_natugu_grammar_original_shot_cheatsheet_jpg	qwen35	Natugu	shot	grammar	original	cheatsheet_jpg	1.0
0.17047436128963123	0.1760689468696864	0.00559458558005516	0.47734522654773454	-0.009650227752975136	0.021464219034621194	99	2943420384	native	qwen35_natugu_grammar_original_shot_baseline	qwen35_natugu_grammar_original_shot_cheatsheet_txt	qwen35	Natugu	shot	grammar	original	cheatsheet_txt	1.0
0.17047436128963123	0.17822930006065754	0.007754938771026303	0.3205967940320597	-0.006794814720298304	0.023716910488226182	99	3824223665	native	qwen35_natugu_grammar_original_shot_baseline	qwen35_natugu_grammar_original_shot_pdfpages_impactful_jpg	qwen35	Natugu	shot	grammar	original	pdfpages_impactful_jpg	1.0
0.17047436128963123	0.16610507922943193	-0.004369282060199314	0.5310346896531035	-0.01829024989421319	0.0094199024178464	99	291844959	native	qwen35_natugu_grammar_original_shot_baseline	qwen35_natugu_grammar_original_shot_summary_tables_jpg	qwen35	Natugu	shot	grammar	original	summary_tables_jpg	1.0
0.17047436128963123	0.16678019951690326	-0.0036941617727279663	0.6035939640603594	-0.017668809483975468	0.010605171723573482	99	3400142582	native	qwen35_natugu_grammar_original_shot_baseline	qwen35_natugu_grammar_original_shot_summary_tables_txt	qwen35	Natugu	shot	grammar	original	summary_tables_txt	1.0
0.17047436128963123	0.16982080524015908	-0.0006535560494721538	0.930330696693033	-0.015167452423184206	0.013905039474819643	99	2993992551	native	qwen35_natugu_grammar_original_shot_baseline	qwen35_natugu_grammar_original_shot_summary_text_txt	qwen35	Natugu	shot	grammar	original	summary_text_txt	1.0
0.13036245666862872	0.12691637465123382	-0.0034460820173949336	0.15203847961520384	-0.008243032131302223	0.001175856330337818	445	4161835114	native	qwen35_tsez_grammar_original_chain_gloss_baseline	qwen35_tsez_grammar_original_chain_gloss_cheatsheet_jpg	qwen35	Tsez	chain_gloss	grammar	original	cheatsheet_jpg	1.0
0.13036245666862872	0.13397401554530927	0.003611558876680524	0.14143858561414385	-0.0012877461996473583	0.008371795927373209	445	2327690735	native	qwen35_tsez_grammar_original_chain_gloss_baseline	qwen35_tsez_grammar_original_chain_gloss_cheatsheet_txt	qwen35	Tsez	chain_gloss	grammar	original	cheatsheet_txt	1.0
0.13036245666862872	0.1277089254574829	-0.002653531211145808	0.2787772122278777	-0.007465210785105653	0.0021804978367820213	445	1030563642	native	qwen35_tsez_grammar_original_chain_gloss_baseline	qwen35_tsez_grammar_original_chain_gloss_pdfpages_impactful_jpg	qwen35	Tsez	chain_gloss	grammar	original	pdfpages_impactful_jpg	1.0
0.13036245666862872	0.12668776309557175	-0.003674693573056982	0.1050789492105079	-0.008168175359455385	0.0007292370154951379	445	1271450333	native	qwen35_tsez_grammar_original_chain_gloss_baseline	qwen35_tsez_grammar_original_chain_gloss_summary_tables_jpg	qwen35	Tsez	chain_gloss	grammar	original	summary_tables_jpg	1.0
0.13036245666862872	0.12993791945529787	-0.0004245372133308582	0.8613413865861341	-0.005303150982585515	0.004245775395146242	445	2989623684	native	qwen35_tsez_grammar_original_chain_gloss_baseline	qwen35_tsez_grammar_original_chain_gloss_summary_tables_txt	qwen35	Tsez	chain_gloss	grammar	original	summary_tables_txt	1.0
0.13036245666862872	0.13295955301335688	0.0025970963447281485	0.3038569614303857	-0.002394957479633642	0.00753089398899105	445	2978893543	native	qwen35_tsez_grammar_original_chain_gloss_baseline	qwen35_tsez_grammar_original_chain_gloss_summary_text_txt	qwen35	Tsez	chain_gloss	grammar	original	summary_text_txt	1.0
0.36610188256488757	0.3559889994477958	-0.010112883117091789	0.0036699633003669965	-0.01703818631180552	-0.0032984657049848812	445	1474003650	native	qwen35_tsez_grammar_original_modelgloss_baseline	qwen35_tsez_grammar_original_modelgloss_cheatsheet_jpg	qwen35	Tsez	modelgloss	grammar	original	cheatsheet_jpg	1.0
0.36610188256488757	0.364242899166734	-0.0018589833981535408	0.5944540554594454	-0.00871281419074937	0.004995681220309785	445	1720783198	native	qwen35_tsez_grammar_original_modelgloss_baseline	qwen35_tsez_grammar_original_modelgloss_cheatsheet_txt	qwen35	Tsez	modelgloss	grammar	original	cheatsheet_txt	1.0
0.36610188256488757	0.35271512125985005	-0.01338676130503751	0.0004599954000459995	-0.020957613979581364	-0.00590966033550461	445	700678232	native	qwen35_tsez_grammar_original_modelgloss_baseline	qwen35_tsez_grammar_original_modelgloss_pdfpages_impactful_jpg	qwen35	Tsez	modelgloss	grammar	original	pdfpages_impactful_jpg	0.2893371066289337
0.36610188256488757	0.3518489264872637	-0.014252956077623903	5.999940000599994e-05	-0.02126269409077221	-0.007290370595756542	445	460672378	native	qwen35_tsez_grammar_original_modelgloss_baseline	qwen35_tsez_grammar_original_modelgloss_summary_tables_jpg	qwen35	Tsez	modelgloss	grammar	original	summary_tables_jpg	0.03779962200377996
0.36610188256488757	0.3666042054971952	0.0005023229323076399	0.8884811151888481	-0.006523322804171717	0.007488969533882111	445	411391708	native	qwen35_tsez_grammar_original_modelgloss_baseline	qwen35_tsez_grammar_original_modelgloss_summary_tables_txt	qwen35	Tsez	modelgloss	grammar	original	summary_tables_txt	1.0
0.36610188256488757	0.3655403235320295	-0.0005615590328580878	0.8797212027879722	-0.00785672319446052	0.006684330775496661	445	1621193430	native	qwen35_tsez_grammar_original_modelgloss_baseline	qwen35_tsez_grammar_original_modelgloss_summary_text_txt	qwen35	Tsez	modelgloss	grammar	original	summary_text_txt	1.0
0.1420465459147196	0.13828122604094195	-0.0037653198737776683	0.13895861041389587	-0.00878522576450297	0.0011781043802084495	445	262242411	native	qwen35_tsez_grammar_original_shot_baseline	qwen35_tsez_grammar_original_shot_cheatsheet_jpg	qwen35	Tsez	shot	grammar	original	cheatsheet_jpg	1.0
0.1420465459147196	0.1442145916350772	0.0021680457203575735	0.4238857611423886	-0.003242129095400987	0.007516129891691582	445	3199849640	native	qwen35_tsez_grammar_original_shot_baseline	qwen35_tsez_grammar_original_shot_cheatsheet_txt	qwen35	Tsez	shot	grammar	original	cheatsheet_txt	1.0
0.1420465459147196	0.13665392681788863	-0.00539261909683099	0.04733952660473395	-0.010817433767690416	-0.00016127498171637756	445	789981584	native	qwen35_tsez_grammar_original_shot_baseline	qwen35_tsez_grammar_original_shot_pdfpages_impactful_jpg	qwen35	Tsez	shot	grammar	original	pdfpages_impactful_jpg	1.0
0.1420465459147196	0.1374206479178386	-0.004625897996881035	0.07169928300716993	-0.009704351129659106	0.00034275171378355263	445	3689782968	native	qwen35_tsez_grammar_original_shot_baseline	qwen35_tsez_grammar_original_shot_summary_tables_jpg	qwen35	Tsez	shot	grammar	original	summary_tables_jpg	1.0
0.1420465459147196	0.1412096858192026	-0.0008368600955170192	0.7338726612733872	-0.0057758240874731135	0.00396110685060868	445	1038933640	native	qwen35_tsez_grammar_original_shot_baseline	qwen35_tsez_grammar_original_shot_summary_tables_txt	qwen35	Tsez	shot	grammar	original	summary_tables_txt	1.0
0.1420465459147196	0.14196400987298302	-8.253604173660278e-05	0.974240257597424	-0.00502194951215152	0.004766808026627203	445	2726352694	native	qwen35_tsez_grammar_original_shot_baseline	qwen35_tsez_grammar_original_shot_summary_text_txt	qwen35	Tsez	shot	grammar	original	summary_text_txt	1.0
0.18441005272639766	0.17511891009839806	-0.009291142627999589	0.3733662663373366	-0.03011188834301523	0.010687145610918861	37	1801620602	native	qwen3_gitksan_grammar_original_chain_gloss_baseline	qwen3_gitksan_pdf1_brown_original_chain_gloss_cheatsheet_jpg	qwen3	Gitksan	chain_gloss	pdf1_brown	original	cheatsheet_jpg	1.0
0.18441005272639766	0.17848070992811307	-0.005929342798284582	0.47737522624773754	-0.022685718883735103	0.010511196439934738	37	4018653193	native	qwen3_gitksan_grammar_original_chain_gloss_baseline	qwen3_gitksan_pdf1_brown_original_chain_gloss_cheatsheet_txt	qwen3	Gitksan	chain_gloss	pdf1_brown	original	cheatsheet_txt	1.0
0.18441005272639766	0.18601358379866625	0.001603531072268615	0.8601113988860112	-0.0175204419757466	0.019460670665107847	37	1836540713	native	qwen3_gitksan_grammar_original_chain_gloss_baseline	qwen3_gitksan_pdf1_brown_original_chain_gloss_pdfpages_impactful_jpg	qwen3	Gitksan	chain_gloss	pdf1_brown	original	pdfpages_impactful_jpg	1.0
0.18441005272639766	0.1867942904701104	0.00238423774371276	0.8562814371856281	-0.02123924931259574	0.029857137366323856	37	1202566405	native	qwen3_gitksan_grammar_original_chain_gloss_baseline	qwen3_gitksan_pdf1_brown_original_chain_gloss_summary_tables_jpg	qwen3	Gitksan	chain_gloss	pdf1_brown	original	summary_tables_jpg	1.0
0.18441005272639766	0.19289094189534317	0.00848088916894552	0.3299167008329917	-0.0086570515976967	0.025399071360762054	37	2051386567	native	qwen3_gitksan_grammar_original_chain_gloss_baseline	qwen3_gitksan_pdf1_brown_original_chain_gloss_summary_tables_txt	qwen3	Gitksan	chain_gloss	pdf1_brown	original	summary_tables_txt	1.0
0.18441005272639766	0.18984488478383502	0.005434832057437381	0.7692323076769232	-0.03430664254402791	0.040756236449689474	37	4221099819	native	qwen3_gitksan_grammar_original_chain_gloss_baseline	qwen3_gitksan_pdf1_brown_original_chain_gloss_summary_text_txt	qwen3	Gitksan	chain_gloss	pdf1_brown	original	summary_text_txt	1.0
0.43246806634439006	0.42531700190660116	-0.007151064437788886	0.4994150058499415	-0.02880618496722466	0.012886810715536798	37	1704535781	native	qwen3_gitksan_grammar_original_modelgloss_baseline	qwen3_gitksan_pdf1_brown_original_modelgloss_cheatsheet_jpg	qwen3	Gitksan	modelgloss	pdf1_brown	original	cheatsheet_jpg	1.0
0.43246806634439006	0.4520015080232878	0.019533441678897756	0.25603743962560377	-0.012600220246492181	0.0550805560136969	37	2436862360	native	qwen3_gitksan_grammar_original_modelgloss_baseline	qwen3_gitksan_pdf1_brown_original_modelgloss_cheatsheet_txt	qwen3	Gitksan	modelgloss	pdf1_brown	original	cheatsheet_txt	1.0
0.43246806634439006	0.4033847616330997	-0.02908330471129031	0.16431835681643184	-0.07105217162217643	0.010819586215389719	37	1306124416	native	qwen3_gitksan_grammar_original_modelgloss_baseline	qwen3_gitksan_pdf1_brown_original_modelgloss_pdfpages_impactful_jpg	qwen3	Gitksan	modelgloss	pdf1_brown	original	pdfpages_impactful_jpg	1.0
0.43246806634439006	0.42577992842809576	-0.006688137916294304	0.6870831291687083	-0.03924229710388022	0.026768879532008547	37	2851436054	native	qwen3_gitksan_grammar_original_modelgloss_baseline	qwen3_gitksan_pdf1_brown_original_modelgloss_summary_tables_jpg	qwen3	Gitksan	modelgloss	pdf1_brown	original	summary_tables_jpg	1.0
0.43246806634439006	0.4366122892982251	0.0041442229538350495	0.7837221627783723	-0.024929197313817764	0.0347874396807841	37	3520617013	native	qwen3_gitksan_grammar_original_modelgloss_baseline	qwen3_gitksan_pdf1_brown_original_modelgloss_summary_tables_txt	qwen3	Gitksan	modelgloss	pdf1_brown	original	summary_tables_txt	1.0
0.43246806634439006	0.4475452448870685	0.015077178542678421	0.16401835981640184	-0.006972697155701142	0.03577848445322061	37	327300394	native	qwen3_gitksan_grammar_original_modelgloss_baseline	qwen3_gitksan_pdf1_brown_original_modelgloss_summary_text_txt	qwen3	Gitksan	modelgloss	pdf1_brown	original	summary_text_txt	1.0
0.220044582679465	0.20703920883101387	-0.01300537384845115	0.23420765792342077	-0.03705627317162784	0.006444274357243156	37	238269474	native	qwen3_gitksan_grammar_original_shot_baseline	qwen3_gitksan_pdf1_brown_original_shot_cheatsheet_jpg	qwen3	Gitksan	shot	pdf1_brown	original	cheatsheet_jpg	1.0
0.220044582679465	0.22449505792276278	0.004450475243297783	0.7269327306726933	-0.019940078515257382	0.029583207240982613	37	40107537	native	qwen3_gitksan_grammar_original_shot_baseline	qwen3_gitksan_pdf1_brown_original_shot_cheatsheet_txt	qwen3	Gitksan	shot	pdf1_brown	original	cheatsheet_txt	1.0
0.220044582679465	0.1963002669650155	-0.023744315714449495	0.035089649103508966	-0.04670034664607531	-0.0025323566552755018	37	1872489564	native	qwen3_gitksan_grammar_original_shot_baseline	qwen3_gitksan_pdf1_brown_original_shot_pdfpages_impactful_jpg	qwen3	Gitksan	shot	pdf1_brown	original	pdfpages_impactful_jpg	1.0
0.220044582679465	0.21263943250114853	-0.007405150178316477	0.46721532784672154	-0.02915598102719396	0.010899839363992213	37	806214520	native	qwen3_gitksan_grammar_original_shot_baseline	qwen3_gitksan_pdf1_brown_original_shot_summary_tables_jpg	qwen3	Gitksan	shot	pdf1_brown	original	summary_tables_jpg	1.0
0.220044582679465	0.20094330286657489	-0.01910127981289013	0.14673853261467384	-0.04700963025459566	0.0048906030485758485	37	965983883	native	qwen3_gitksan_grammar_original_shot_baseline	qwen3_gitksan_pdf1_brown_original_shot_summary_tables_txt	qwen3	Gitksan	shot	pdf1_brown	original	summary_tables_txt	1.0
0.220044582679465	0.21652226552769943	-0.0035223171517655655	0.7623823761762383	-0.02644070667290204	0.019794729145596157	37	1293522146	native	qwen3_gitksan_grammar_original_shot_baseline	qwen3_gitksan_pdf1_brown_original_shot_summary_text_txt	qwen3	Gitksan	shot	pdf1_brown	original	summary_text_txt	1.0
0.18441005272639766	0.16912339486785838	-0.015286657858539271	0.0958790412095879	-0.03399906258123951	0.0019488993981802729	37	1020283212	native	qwen3_gitksan_grammar_original_chain_gloss_baseline	qwen3_gitksan_pdf2_rigsby_original_chain_gloss_cheatsheet_jpg	qwen3	Gitksan	chain_gloss	pdf2_rigsby	original	cheatsheet_jpg	1.0
0.18441005272639766	0.17365408809603872	-0.010755964630358928	0.17938820611793882	-0.027388409781899	0.00410337993321386	37	1634828313	native	qwen3_gitksan_grammar_original_chain_gloss_baseline	qwen3_gitksan_pdf2_rigsby_original_chain_gloss_cheatsheet_txt	qwen3	Gitksan	chain_gloss	pdf2_rigsby	original	cheatsheet_txt	1.0
0.18441005272639766	0.18594678612174215	0.0015367333953445021	0.8621613783862161	-0.015076403294664776	0.01946555237613014	37	3733996128	native	qwen3_gitksan_grammar_original_chain_gloss_baseline	qwen3_gitksan_pdf2_rigsby_original_chain_gloss_pdfpages_impactful_jpg	qwen3	Gitksan	chain_gloss	pdf2_rigsby	original	pdfpages_impactful_jpg	1.0
0.18441005272639766	0.1809635061669994	-0.0034465465593982387	0.7790722092779072	-0.026546680861832324	0.022830915138930832	37	969904229	native	qwen3_gitksan_grammar_original_chain_gloss_baseline	qwen3_gitksan_pdf2_rigsby_original_chain_gloss_summary_tables_jpg	qwen3	Gitksan	chain_gloss	pdf2_rigsby	original	summary_tables_jpg	1.0
0.18441005272639766	0.18173638993018382	-0.00267366279621382	0.8420215797842021	-0.02594121080898755	0.026407971348915527	37	2870123955	native	qwen3_gitksan_grammar_original_chain_gloss_baseline	qwen3_gitksan_pdf2_rigsby_original_chain_gloss_summary_tables_txt	qwen3	Gitksan	chain_gloss	pdf2_rigsby	original	summary_tables_txt	1.0
0.18441005272639766	0.1830490553701246	-0.0013609973562730324	0.915970840291597	-0.027808564523788718	0.023766357300652036	37	1687661475	native	qwen3_gitksan_grammar_original_chain_gloss_baseline	qwen3_gitksan_pdf2_rigsby_original_chain_gloss_summary_text_txt	qwen3	Gitksan	chain_gloss	pdf2_rigsby	original	summary_text_txt	1.0
0.43246806634439006	0.42572701239102595	-0.0067410539533640885	0.7003529964700353	-0.040290808501477156	0.028747518088769266	37	4162025888	native	qwen3_gitksan_grammar_original_modelgloss_baseline	qwen3_gitksan_pdf2_rigsby_original_modelgloss_cheatsheet_jpg	qwen3	Gitksan	modelgloss	pdf2_rigsby	original	cheatsheet_jpg	1.0
0.43246806634439006	0.42876179616998983	-0.0037062701744002267	0.8154618453815462	-0.03366055981432264	0.02910420885561273	37	2690753329	native	qwen3_gitksan_grammar_original_modelgloss_baseline	qwen3_gitksan_pdf2_rigsby_original_modelgloss_cheatsheet_txt	qwen3	Gitksan	modelgloss	pdf2_rigsby	original	cheatsheet_txt	1.0
0.43246806634439006	0.4316540847758989	-0.0008139815684911367	0.948250517494825	-0.02540748880521671	0.02344272416588421	37	2714658165	native	qwen3_gitksan_grammar_original_modelgloss_baseline	qwen3_gitksan_pdf2_rigsby_original_modelgloss_pdfpages_impactful_jpg	qwen3	Gitksan	modelgloss	pdf2_rigsby	original	pdfpages_impactful_jpg	1.0
0.43246806634439006	0.43161848127036484	-0.0008495850740252314	0.958440415595844	-0.032153867633157474	0.0316082686336862	37	224367234	native	qwen3_gitksan_grammar_original_modelgloss_baseline	qwen3_gitksan_pdf2_rigsby_original_modelgloss_summary_tables_jpg	qwen3	Gitksan	modelgloss	pdf2_rigsby	original	summary_tables_jpg	1.0
0.43246806634439006	0.4299380656432461	-0.0025300007011439347	0.8735012649873501	-0.032679121251645925	0.030373700562159746	37	3309526837	native	qwen3_gitksan_grammar_original_modelgloss_baseline	qwen3_gitksan_pdf2_rigsby_original_modelgloss_summary_tables_txt	qwen3	Gitksan	modelgloss	pdf2_rigsby	original	summary_tables_txt	1.0
0.43246806634439006	0.4359012983135275	0.0034332319691374497	0.8321616783832162	-0.028166654313335548	0.036599719423700015	37	1045652046	native	qwen3_gitksan_grammar_original_modelgloss_baseline	qwen3_gitksan_pdf2_rigsby_original_modelgloss_summary_text_txt	qwen3	Gitksan	modelgloss	pdf2_rigsby	original	summary_text_txt	1.0
0.220044582679465	0.2095003987889032	-0.0105441838905618	0.38805611943880564	-0.036525957236016114	0.010932535189833188	37	2432378613	native	qwen3_gitksan_grammar_original_shot_baseline	qwen3_gitksan_pdf2_rigsby_original_shot_cheatsheet_jpg	qwen3	Gitksan	shot	pdf2_rigsby	original	cheatsheet_jpg	1.0
0.220044582679465	0.21000108928293795	-0.010043493396527058	0.34579654203457966	-0.030969668265331436	0.011158622927158222	37	4139729302	native	qwen3_gitksan_grammar_original_shot_baseline	qwen3_gitksan_pdf2_rigsby_original_shot_cheatsheet_txt	qwen3	Gitksan	shot	pdf2_rigsby	original	cheatsheet_txt	1.0
0.220044582679465	0.2139505876882656	-0.00609399499119939	0.6259837401625984	-0.03219638138606741	0.016862047549236443	37	1535942244	native	qwen3_gitksan_grammar_original_shot_baseline	qwen3_gitksan_pdf2_rigsby_original_shot_pdfpages_impactful_jpg	qwen3	Gitksan	shot	pdf2_rigsby	original	pdfpages_impactful_jpg	1.0
0.220044582679465	0.20833518577588572	-0.0117093969035793	0.31124688753112467	-0.03687753465932769	0.008405751664493534	37	3690548669	native	qwen3_gitksan_grammar_original_shot_baseline	qwen3_gitksan_pdf2_rigsby_original_shot_summary_tables_jpg	qwen3	Gitksan	shot	pdf2_rigsby	original	summary_tables_jpg	1.0
0.220044582679465	0.20237703621387482	-0.017667546465590194	0.13558864411355886	-0.04300330496720366	0.003548802178655113	37	2949145624	native	qwen3_gitksan_grammar_original_shot_baseline	qwen3_gitksan_pdf2_rigsby_original_shot_summary_tables_txt	qwen3	Gitksan	shot	pdf2_rigsby	original	summary_tables_txt	1.0
0.220044582679465	0.2030863614903914	-0.016958221189073613	0.1964880351196488	-0.04423499065577178	0.007494230221050816	37	2306221593	native	qwen3_gitksan_grammar_original_shot_baseline	qwen3_gitksan_pdf2_rigsby_original_shot_summary_text_txt	qwen3	Gitksan	shot	pdf2_rigsby	original	summary_text_txt	1.0
0.15703006628258476	0.15630746178928462	-0.00072260449330012	0.930450695493045	-0.016624881320729333	0.015960875701630226	87	2320609263	native	qwen3_lezgi_grammar_original_chain_gloss_baseline	qwen3_lezgi_grammar_cyrillic_chain_gloss_cheatsheet_jpg	qwen3	Lezgi	chain_gloss	grammar	cyrillic	cheatsheet_jpg	1.0
0.15703006628258476	0.15280650633162465	-0.004223559950960094	0.6198938010619893	-0.020681032947339546	0.01281063692622828	87	708152137	native	qwen3_lezgi_grammar_original_chain_gloss_baseline	qwen3_lezgi_grammar_cyrillic_chain_gloss_cheatsheet_txt	qwen3	Lezgi	chain_gloss	grammar	cyrillic	cheatsheet_txt	1.0
0.15703006628258476	0.15446293148501167	-0.0025671347975730896	0.7654523454765453	-0.019192708581257826	0.014965183632555354	87	970246575	native	qwen3_lezgi_grammar_original_chain_gloss_baseline	qwen3_lezgi_grammar_cyrillic_chain_gloss_summary_tables_jpg	qwen3	Lezgi	chain_gloss	grammar	cyrillic	summary_tables_jpg	1.0
0.15703006628258476	0.15829601096010756	0.0012659446775228128	0.8661813381866181	-0.013300694176263507	0.016351266040456017	87	2601553921	native	qwen3_lezgi_grammar_original_chain_gloss_baseline	qwen3_lezgi_grammar_cyrillic_chain_gloss_summary_tables_txt	qwen3	Lezgi	chain_gloss	grammar	cyrillic	summary_tables_txt	1.0
0.15703006628258476	0.14574225178395195	-0.011287814498632804	0.11487885121148789	-0.025377254459964124	0.002998576859204923	87	4118137012	native	qwen3_lezgi_grammar_original_chain_gloss_baseline	qwen3_lezgi_grammar_cyrillic_chain_gloss_summary_text_txt	qwen3	Lezgi	chain_gloss	grammar	cyrillic	summary_text_txt	1.0
0.3344304770573802	0.3263441178647951	-0.008086359192585123	0.3072169278307217	-0.023972730214397105	0.007151105186377415	87	4264822865	native	qwen3_lezgi_grammar_original_modelgloss_baseline	qwen3_lezgi_grammar_cyrillic_modelgloss_cheatsheet_jpg	qwen3	Lezgi	modelgloss	grammar	cyrillic	cheatsheet_jpg	1.0
0.3344304770573802	0.3440451171548887	0.009614640097508485	0.23392766072339277	-0.005871722960694767	0.025906281976093508	87	401440312	native	qwen3_lezgi_grammar_original_modelgloss_baseline	qwen3_lezgi_grammar_cyrillic_modelgloss_cheatsheet_txt	qwen3	Lezgi	modelgloss	grammar	cyrillic	cheatsheet_txt	1.0
0.3344304770573802	0.3322628781884566	-0.002167598868923626	0.8173018269817302	-0.020855422831814865	0.016304711344512713	87	1061038849	native	qwen3_lezgi_grammar_original_modelgloss_baseline	qwen3_lezgi_grammar_cyrillic_modelgloss_summary_tables_jpg	qwen3	Lezgi	modelgloss	grammar	cyrillic	summary_tables_jpg	1.0
0.3344304770573802	0.34761574376246024	0.013185266705080011	0.053729462705372946	0.0003740787099318947	0.02718059735736627	87	3328724823	native	qwen3_lezgi_grammar_original_modelgloss_baseline	qwen3_lezgi_grammar_cyrillic_modelgloss_summary_tables_txt	qwen3	Lezgi	modelgloss	grammar	cyrillic	summary_tables_txt	1.0
0.3344304770573802	0.3372173145755954	0.0027868375182151794	0.6989230107698923	-0.01151460853201904	0.016982699765813073	87	4307174298	native	qwen3_lezgi_grammar_original_modelgloss_baseline	qwen3_lezgi_grammar_cyrillic_modelgloss_summary_text_txt	qwen3	Lezgi	modelgloss	grammar	cyrillic	summary_text_txt	1.0
0.16404719368137163	0.15277772876380505	-0.011269464917566585	0.10609893901060989	-0.025022723106132155	0.0024326608034557166	87	1634814167	native	qwen3_lezgi_grammar_original_shot_baseline	qwen3_lezgi_grammar_cyrillic_shot_cheatsheet_jpg	qwen3	Lezgi	shot	grammar	cyrillic	cheatsheet_jpg	1.0
0.16404719368137163	0.14425522482943262	-0.019791968851939016	0.008099919000809992	-0.035058936829967746	-0.006244473180722919	87	737486945	native	qwen3_lezgi_grammar_original_shot_baseline	qwen3_lezgi_grammar_cyrillic_shot_cheatsheet_txt	qwen3	Lezgi	shot	grammar	cyrillic	cheatsheet_txt	1.0
0.16404719368137163	0.14494643206226415	-0.019100761619107478	0.015309846901530985	-0.03503294840198139	-0.004234227398945682	87	3466055127	native	qwen3_lezgi_grammar_original_shot_baseline	qwen3_lezgi_grammar_cyrillic_shot_summary_tables_jpg	qwen3	Lezgi	shot	grammar	cyrillic	summary_tables_jpg	1.0
0.16404719368137163	0.1581611704381033	-0.005886023243268331	0.34173658263417367	-0.018126609022247376	0.006496664841027774	87	655971282	native	qwen3_lezgi_grammar_original_shot_baseline	qwen3_lezgi_grammar_cyrillic_shot_summary_tables_txt	qwen3	Lezgi	shot	grammar	cyrillic	summary_tables_txt	1.0
0.16404719368137163	0.1535277452277041	-0.010519448453667521	0.1977180228197718	-0.026910295682134978	0.005510906102242822	87	3158392809	native	qwen3_lezgi_grammar_original_shot_baseline	qwen3_lezgi_grammar_cyrillic_shot_summary_text_txt	qwen3	Lezgi	shot	grammar	cyrillic	summary_text_txt	1.0
0.15703006628258476	0.1709687738925561	0.013938707609971365	0.15107848921510786	-0.004324668620167102	0.0337168828338042	87	869343608	native	qwen3_lezgi_grammar_original_chain_gloss_baseline	qwen3_lezgi_grammar_original_chain_gloss_cheatsheet_jpg	qwen3	Lezgi	chain_gloss	grammar	original	cheatsheet_jpg	1.0
0.15703006628258476	0.1620292622467567	0.0049991959641719685	0.5962740372596274	-0.013037501326922711	0.024199411020367996	87	359186648	native	qwen3_lezgi_grammar_original_chain_gloss_baseline	qwen3_lezgi_grammar_original_chain_gloss_cheatsheet_txt	qwen3	Lezgi	chain_gloss	grammar	original	cheatsheet_txt	1.0
0.15703006628258476	0.14293425247587008	-0.014095813806714683	0.05027949720502795	-0.02846815689713105	-0.0002576635636646185	87	3886169720	native	qwen3_lezgi_grammar_original_chain_gloss_baseline	qwen3_lezgi_grammar_original_chain_gloss_pdfpages_impactful_jpg	qwen3	Lezgi	chain_gloss	grammar	original	pdfpages_impactful_jpg	1.0
0.15703006628258476	0.15330941966552844	-0.0037206466170563095	0.6623333766662334	-0.020244583622391878	0.013419259724945846	87	1676396395	native	qwen3_lezgi_grammar_original_chain_gloss_baseline	qwen3_lezgi_grammar_original_chain_gloss_summary_tables_jpg	qwen3	Lezgi	chain_gloss	grammar	original	summary_tables_jpg	1.0
0.15703006628258476	0.1590580968507405	0.002028030568155749	0.8211217887821122	-0.015275049147506554	0.019940052768108486	87	1414225425	native	qwen3_lezgi_grammar_original_chain_gloss_baseline	qwen3_lezgi_grammar_original_chain_gloss_summary_tables_txt	qwen3	Lezgi	chain_gloss	grammar	original	summary_tables_txt	1.0
0.15703006628258476	0.1539212617723421	-0.0031088045102426374	0.7010129898701013	-0.01870517433760152	0.013133527865183759	87	3106459184	native	qwen3_lezgi_grammar_original_chain_gloss_baseline	qwen3_lezgi_grammar_original_chain_gloss_summary_text_txt	qwen3	Lezgi	chain_gloss	grammar	original	summary_text_txt	1.0
0.3344304770573802	0.3362642274848346	0.0018337504274543674	0.8202117978820211	-0.013876561340929443	0.01781319659845582	87	3517780791	native	qwen3_lezgi_grammar_original_modelgloss_baseline	qwen3_lezgi_grammar_original_modelgloss_cheatsheet_jpg	qwen3	Lezgi	modelgloss	grammar	original	cheatsheet_jpg	1.0
0.3344304770573802	0.34693976277592536	0.012509285718545147	0.15710842891571083	-0.004998244148218766	0.029857136822980013	87	4137968928	native	qwen3_lezgi_grammar_original_modelgloss_baseline	qwen3_lezgi_grammar_original_modelgloss_cheatsheet_txt	qwen3	Lezgi	modelgloss	grammar	original	cheatsheet_txt	1.0
0.3344304770573802	0.3258870852062072	-0.00854339185117305	0.2920970790292097	-0.024711825154807354	0.007268917121678233	87	1265906180	native	qwen3_lezgi_grammar_original_modelgloss_baseline	qwen3_lezgi_grammar_original_modelgloss_pdfpages_impactful_jpg	qwen3	Lezgi	modelgloss	grammar	original	pdfpages_impactful_jpg	1.0
0.3344304770573802	0.3299567098247594	-0.004473767232620853	0.6202637973620264	-0.02240718133190925	0.013150762969991929	87	686418202	native	qwen3_lezgi_grammar_original_modelgloss_baseline	qwen3_lezgi_grammar_original_modelgloss_summary_tables_jpg	qwen3	Lezgi	modelgloss	grammar	original	summary_tables_jpg	1.0
0.3344304770573802	0.3419187378951873	0.007488260837807052	0.26398736012639873	-0.005050229803584082	0.021305326586482147	87	3456963032	native	qwen3_lezgi_grammar_original_modelgloss_baseline	qwen3_lezgi_grammar_original_modelgloss_summary_tables_txt	qwen3	Lezgi	modelgloss	grammar	original	summary_tables_txt	1.0
0.3344304770573802	0.3428577311422633	0.008427254084883064	0.19014809851901482	-0.004220347710210701	0.02108255585591338	87	1392748355	native	qwen3_lezgi_grammar_original_modelgloss_baseline	qwen3_lezgi_grammar_original_modelgloss_summary_text_txt	qwen3	Lezgi	modelgloss	grammar	original	summary_text_txt	1.0
0.16404719368137163	0.16277169924357843	-0.0012754944377932056	0.8609813901860981	-0.015671094121604126	0.01396898687870679	87	2620846975	native	qwen3_lezgi_grammar_original_shot_baseline	qwen3_lezgi_grammar_original_shot_cheatsheet_jpg	qwen3	Lezgi	shot	grammar	original	cheatsheet_jpg	1.0
0.16404719368137163	0.15323907119789343	-0.010808122483478195	0.12981870181298186	-0.02505300496544303	0.0031432577333916144	87	4231130040	native	qwen3_lezgi_grammar_original_shot_baseline	qwen3_lezgi_grammar_original_shot_cheatsheet_txt	qwen3	Lezgi	shot	grammar	original	cheatsheet_txt	1.0
0.16404719368137163	0.1488915006148404	-0.015155693066531214	0.027839721602783973	-0.02939904666794785	-0.0024078946539211592	87	620970849	native	qwen3_lezgi_grammar_original_shot_baseline	qwen3_lezgi_grammar_original_shot_pdfpages_impactful_jpg	qwen3	Lezgi	shot	grammar	original	pdfpages_impactful_jpg	1.0
0.16404719368137163	0.15030729796352058	-0.013739895717851046	0.12060879391206088	-0.031348964903803386	0.0034620031671619886	87	3611771419	native	qwen3_lezgi_grammar_original_shot_baseline	qwen3_lezgi_grammar_original_shot_summary_tables_jpg	qwen3	Lezgi	shot	grammar	original	summary_tables_jpg	1.0
0.16404719368137163	0.15303204645370616	-0.011015147227665474	0.07936920630793692	-0.02364224091215037	0.0010697943361839884	87	712425624	native	qwen3_lezgi_grammar_original_shot_baseline	qwen3_lezgi_grammar_original_shot_summary_tables_txt	qwen3	Lezgi	shot	grammar	original	summary_tables_txt	1.0
0.16404719368137163	0.15031699099759946	-0.013730202683772164	0.03318966810331897	-0.027063972209633757	-0.00174890181970323	87	2682587430	native	qwen3_lezgi_grammar_original_shot_baseline	qwen3_lezgi_grammar_original_shot_summary_text_txt	qwen3	Lezgi	shot	grammar	original	summary_text_txt	1.0
0.17625243593044956	0.16989975226948958	-0.0063526836609599565	0.42492575074249256	-0.022166170919257582	0.009434014754463926	99	4154311652	native	qwen3_natugu_grammar_original_chain_gloss_baseline	qwen3_natugu_grammar_original_chain_gloss_cheatsheet_jpg	qwen3	Natugu	chain_gloss	grammar	original	cheatsheet_jpg	1.0
0.17625243593044956	0.16460786443768124	-0.011644571492768298	0.17268827311726884	-0.028894679118512255	0.004952687169942589	99	1845271436	native	qwen3_natugu_grammar_original_chain_gloss_baseline	qwen3_natugu_grammar_original_chain_gloss_cheatsheet_txt	qwen3	Natugu	chain_gloss	grammar	original	cheatsheet_txt	1.0
0.17625243593044956	0.14017572735596184	-0.036076708574487706	0.001879981200187998	-0.059321254506857705	-0.015202814752631116	99	2662734431	native	qwen3_natugu_grammar_original_chain_gloss_baseline	qwen3_natugu_grammar_original_chain_gloss_pdfpages_impactful_jpg	qwen3	Natugu	chain_gloss	grammar	original	pdfpages_impactful_jpg	1.0
0.17625243593044956	0.16103104351445882	-0.015221392415990733	0.07652923470765292	-0.032480762580955266	0.0012915263799103747	99	1580488894	native	qwen3_natugu_grammar_original_chain_gloss_baseline	qwen3_natugu_grammar_original_chain_gloss_summary_tables_jpg	qwen3	Natugu	chain_gloss	grammar	original	summary_tables_jpg	1.0
0.17625243593044956	0.17407588179063316	-0.0021765541398163996	0.8024919750802492	-0.01920888882431418	0.015134851493392911	99	2668309640	native	qwen3_natugu_grammar_original_chain_gloss_baseline	qwen3_natugu_grammar_original_chain_gloss_summary_tables_txt	qwen3	Natugu	chain_gloss	grammar	original	summary_tables_txt	1.0
0.17625243593044956	0.17871260469911074	0.0024601687686611907	0.8054019459805402	-0.01743354525304202	0.02197133399960066	99	3078810082	native	qwen3_natugu_grammar_original_chain_gloss_baseline	qwen3_natugu_grammar_original_chain_gloss_summary_text_txt	qwen3	Natugu	chain_gloss	grammar	original	summary_text_txt	1.0
0.39692837978252254	0.3888348401194871	-0.00809353966303546	0.3039469605303947	-0.02361667573527254	0.007309577625357738	99	1611592278	native	qwen3_natugu_grammar_original_modelgloss_baseline	qwen3_natugu_grammar_original_modelgloss_cheatsheet_jpg	qwen3	Natugu	modelgloss	grammar	original	cheatsheet_jpg	1.0
0.39692837978252254	0.3933732949122034	-0.003555084870319174	0.6048539514604854	-0.016768254256910746	0.010340402215117155	99	4178556266	native	qwen3_natugu_grammar_original_modelgloss_baseline	qwen3_natugu_grammar_original_modelgloss_cheatsheet_txt	qwen3	Natugu	modelgloss	grammar	original	cheatsheet_txt	1.0
0.39692837978252254	0.38059832230962887	-0.016330057472893685	0.06639933600663993	-0.03430465698016412	0.0005758674909369997	99	347555405	native	qwen3_natugu_grammar_original_modelgloss_baseline	qwen3_natugu_grammar_original_modelgloss_pdfpages_impactful_jpg	qwen3	Natugu	modelgloss	grammar	original	pdfpages_impactful_jpg	1.0
0.39692837978252254	0.385347789887226	-0.011580589895296579	0.09093909060909391	-0.025364987890828736	0.0015875559789363743	99	1569864282	native	qwen3_natugu_grammar_original_modelgloss_baseline	qwen3_natugu_grammar_original_modelgloss_summary_tables_jpg	qwen3	Natugu	modelgloss	grammar	original	summary_tables_jpg	1.0
0.39692837978252254	0.39565464869292094	-0.001273731089601613	0.8580614193858062	-0.015502907678183882	0.012659057079240518	99	3163246257	native	qwen3_natugu_grammar_original_modelgloss_baseline	qwen3_natugu_grammar_original_modelgloss_summary_tables_txt	qwen3	Natugu	modelgloss	grammar	original	summary_tables_txt	1.0
0.39692837978252254	0.4042808520372468	0.007352472254724214	0.33783662163378364	-0.007583365137829924	0.022639534012837845	99	1447297543	native	qwen3_natugu_grammar_original_modelgloss_baseline	qwen3_natugu_grammar_original_modelgloss_summary_text_txt	qwen3	Natugu	modelgloss	grammar	original	summary_text_txt	1.0
0.1660729782900425	0.16641983578000405	0.00034685748996156633	0.951420485795142	-0.011011950912499653	0.012066279035626024	99	519498835	native	qwen3_natugu_grammar_original_shot_baseline	qwen3_natugu_grammar_original_shot_cheatsheet_jpg	qwen3	Natugu	shot	grammar	original	cheatsheet_jpg	1.0
0.1660729782900425	0.17324898226393592	0.007176003973893445	0.1804881951180488	-0.0026526757769963958	0.0184435933865983	99	3563069869	native	qwen3_natugu_grammar_original_shot_baseline	qwen3_natugu_grammar_original_shot_cheatsheet_txt	qwen3	Natugu	shot	grammar	original	cheatsheet_txt	1.0
0.1660729782900425	0.1742583034616528	0.008185325171610322	0.34591654083459167	-0.00829837116591557	0.02578208797583074	99	3510176032	native	qwen3_natugu_grammar_original_shot_baseline	qwen3_natugu_grammar_original_shot_pdfpages_impactful_jpg	qwen3	Natugu	shot	grammar	original	pdfpages_impactful_jpg	1.0
0.1660729782900425	0.16446134959808503	-0.0016116286919574546	0.7763422365776342	-0.01252833793334888	0.01009516795024727	99	985374898	native	qwen3_natugu_grammar_original_shot_baseline	qwen3_natugu_grammar_original_shot_summary_tables_jpg	qwen3	Natugu	shot	grammar	original	summary_tables_jpg	1.0
0.1660729782900425	0.17654973908205224	0.010476760792009758	0.0891891081089189	-0.0011214813763144	0.02315875851558615	99	1731671318	native	qwen3_natugu_grammar_original_shot_baseline	qwen3_natugu_grammar_original_shot_summary_tables_txt	qwen3	Natugu	shot	grammar	original	summary_tables_txt	1.0
0.1660729782900425	0.17757892021627136	0.01150594192622888	0.08521914780852191	-0.0008061801638416541	0.025470666649440924	99	336972941	native	qwen3_natugu_grammar_original_shot_baseline	qwen3_natugu_grammar_original_shot_summary_text_txt	qwen3	Natugu	shot	grammar	original	summary_text_txt	1.0
0.13051218037190063	0.12940331602029587	-0.0011088643516047618	0.6256037439625604	-0.00558947128316994	0.0034196878509240147	445	3024929271	native	qwen3_tsez_grammar_original_chain_gloss_baseline	qwen3_tsez_grammar_original_chain_gloss_cheatsheet_jpg	qwen3	Tsez	chain_gloss	grammar	original	cheatsheet_jpg	1.0
0.13051218037190063	0.13168745432676893	0.0011752739548683167	0.5708442915570844	-0.0028518687046310866	0.005237010195432753	445	277838038	native	qwen3_tsez_grammar_original_chain_gloss_baseline	qwen3_tsez_grammar_original_chain_gloss_cheatsheet_txt	qwen3	Tsez	chain_gloss	grammar	original	cheatsheet_txt	1.0
0.13051218037190063	0.12975801850637694	-0.0007541618655236919	0.7522724772752273	-0.005437472138679427	0.0039517302342345195	445	2762475431	native	qwen3_tsez_grammar_original_chain_gloss_baseline	qwen3_tsez_grammar_original_chain_gloss_pdfpages_impactful_jpg	qwen3	Tsez	chain_gloss	grammar	original	pdfpages_impactful_jpg	1.0
0.13051218037190063	0.12705129667949142	-0.003460883692409215	0.09265907340926591	-0.007498918568317808	0.0005927259675907255	445	1288101639	native	qwen3_tsez_grammar_original_chain_gloss_baseline	qwen3_tsez_grammar_original_chain_gloss_summary_tables_jpg	qwen3	Tsez	chain_gloss	grammar	original	summary_tables_jpg	1.0
0.13051218037190063	0.13174957159195053	0.0012373912200499117	0.5367146328536715	-0.0027650958517294235	0.0051753129663594626	445	2150458989	native	qwen3_tsez_grammar_original_chain_gloss_baseline	qwen3_tsez_grammar_original_chain_gloss_summary_tables_txt	qwen3	Tsez	chain_gloss	grammar	original	summary_tables_txt	1.0
0.13051218037190063	0.13349599215421784	0.002983811782317215	0.18712812871871282	-0.0014280544233958364	0.00747200539984395	445	1380077826	native	qwen3_tsez_grammar_original_chain_gloss_baseline	qwen3_tsez_grammar_original_chain_gloss_summary_text_txt	qwen3	Tsez	chain_gloss	grammar	original	summary_text_txt	1.0
0.3615185781308774	0.3538635627942139	-0.007655015336663536	0.04681953180468195	-0.015248876201888818	-0.00015597179992480467	445	85188689	native	qwen3_tsez_grammar_original_modelgloss_baseline	qwen3_tsez_grammar_original_modelgloss_cheatsheet_jpg	qwen3	Tsez	modelgloss	grammar	original	cheatsheet_jpg	1.0
0.3615185781308774	0.358677916530143	-0.0028406616007344105	0.3859661403385966	-0.00922750419235966	0.003627168335690256	445	1205310188	native	qwen3_tsez_grammar_original_modelgloss_baseline	qwen3_tsez_grammar_original_modelgloss_cheatsheet_txt	qwen3	Tsez	modelgloss	grammar	original	cheatsheet_txt	1.0
0.3615185781308774	0.3478813305832027	-0.013637247547674715	0.0006799932000679993	-0.021366482240597853	-0.005852917922932786	445	3272235217	native	qwen3_tsez_grammar_original_modelgloss_baseline	qwen3_tsez_grammar_original_modelgloss_pdfpages_impactful_jpg	qwen3	Tsez	modelgloss	grammar	original	pdfpages_impactful_jpg	0.4270357296427036
0.3615185781308774	0.35462784100784345	-0.006890737123033974	0.056489435105648945	-0.01392928275708737	0.0002222352571199409	445	3832826672	native	qwen3_tsez_grammar_original_modelgloss_baseline	qwen3_tsez_grammar_original_modelgloss_summary_tables_jpg	qwen3	Tsez	modelgloss	grammar	original	summary_tables_jpg	1.0
0.3615185781308774	0.3618409425355075	0.00032236440463012526	0.917760822391776	-0.005939289058527247	0.006556196413264516	445	3370541444	native	qwen3_tsez_grammar_original_modelgloss_baseline	qwen3_tsez_grammar_original_modelgloss_summary_tables_txt	qwen3	Tsez	modelgloss	grammar	original	summary_tables_txt	1.0
0.3615185781308774	0.3602628478006031	-0.001255730330274346	0.7054129458705413	-0.007853223990355984	0.005280564351195698	445	2115263104	native	qwen3_tsez_grammar_original_modelgloss_baseline	qwen3_tsez_grammar_original_modelgloss_summary_text_txt	qwen3	Tsez	modelgloss	grammar	original	summary_text_txt	1.0
0.1445997520109241	0.14018877999166424	-0.004410972019259849	0.11271887281127188	-0.009894857538466374	0.0010175249846966065	445	3255752837	native	qwen3_tsez_grammar_original_shot_baseline	qwen3_tsez_grammar_original_shot_cheatsheet_jpg	qwen3	Tsez	shot	grammar	original	cheatsheet_jpg	1.0
0.1445997520109241	0.13672766342256845	-0.007872088588355633	0.001059989400105999	-0.012714316774201526	-0.0032727358151185383	445	2752182894	native	qwen3_tsez_grammar_original_shot_baseline	qwen3_tsez_grammar_original_shot_cheatsheet_txt	qwen3	Tsez	shot	grammar	original	cheatsheet_txt	0.6646133538664614
0.1445997520109241	0.13634093139278755	-0.008258820618136545	0.0015499845001549985	-0.013479541043719548	-0.0033428405221091256	445	3568975989	native	qwen3_tsez_grammar_original_shot_baseline	qwen3_tsez_grammar_original_shot_pdfpages_impactful_jpg	qwen3	Tsez	shot	grammar	original	pdfpages_impactful_jpg	0.9702902970970291
0.1445997520109241	0.13946797447593023	-0.005131777534993847	0.04322956770432296	-0.01019586899600337	-0.0002487763875488488	445	1041795730	native	qwen3_tsez_grammar_original_shot_baseline	qwen3_tsez_grammar_original_shot_summary_tables_jpg	qwen3	Tsez	shot	grammar	original	summary_tables_jpg	1.0
0.1445997520109241	0.14057644615682324	-0.00402330585410086	0.07369926300736993	-0.008468302344338277	0.0003381797185774547	445	2712273626	native	qwen3_tsez_grammar_original_shot_baseline	qwen3_tsez_grammar_original_shot_summary_tables_txt	qwen3	Tsez	shot	grammar	original	summary_tables_txt	1.0
0.1445997520109241	0.13925666048955382	-0.005343091521370277	0.04987950120498795	-0.01076973765921057	-7.890692629507018e-05	445	2457321064	native	qwen3_tsez_grammar_original_shot_baseline	qwen3_tsez_grammar_original_shot_summary_text_txt	qwen3	Tsez	shot	grammar	original	summary_text_txt	1.0
0.24041910731309168	0.1992303956602071	-0.04118871165288461	0.03030969690303097	-0.08176101118426866	-0.007156812369420735	37	2079403176	common99	gemini25flashlite_gitksan_grammar_original_chain_gloss_baseline	gemini25flashlite_gitksan_pdf1_brown_original_chain_gloss_cheatsheet_jpg	gemini25flashlite	Gitksan	chain_gloss	pdf1_brown	original	cheatsheet_jpg	1.0
0.24041910731309168	0.19843303190695272	-0.04198607540613896	0.03085969140308597	-0.0835905037014871	-0.007267747401587098	37	3916078194	common99	gemini25flashlite_gitksan_grammar_original_chain_gloss_baseline	gemini25flashlite_gitksan_pdf1_brown_original_chain_gloss_cheatsheet_txt	gemini25flashlite	Gitksan	chain_gloss	pdf1_brown	original	cheatsheet_txt	1.0
0.24041910731309168	0.19191300123929977	-0.04850610607379192	0.037699623003769965	-0.09529159441590308	-0.004100382348170163	37	2332319700	common99	gemini25flashlite_gitksan_grammar_original_chain_gloss_baseline	gemini25flashlite_gitksan_pdf1_brown_original_chain_gloss_pdfpages_impactful_jpg	gemini25flashlite	Gitksan	chain_gloss	pdf1_brown	original	pdfpages_impactful_jpg	1.0
0.24041910731309168	0.22711716471491633	-0.013301942598175359	0.45156548434515653	-0.050201111261707704	0.019364297485633473	37	802470284	common99	gemini25flashlite_gitksan_grammar_original_chain_gloss_baseline	gemini25flashlite_gitksan_pdf1_brown_original_chain_gloss_summary_tables_jpg	gemini25flashlite	Gitksan	chain_gloss	pdf1_brown	original	summary_tables_jpg	1.0
0.24041910731309168	0.23188126348965876	-0.008537843823432922	0.6314636853631463	-0.046311651829730814	0.0240630631259567	37	1809951148	common99	gemini25flashlite_gitksan_grammar_original_chain_gloss_baseline	gemini25flashlite_gitksan_pdf1_brown_original_chain_gloss_summary_tables_txt	gemini25flashlite	Gitksan	chain_gloss	pdf1_brown	original	summary_tables_txt	1.0
0.24041910731309168	0.214732466517268	-0.02568664079582369	0.23065769342306577	-0.0711988229757628	0.013132029434515004	37	294502269	common99	gemini25flashlite_gitksan_grammar_original_chain_gloss_baseline	gemini25flashlite_gitksan_pdf1_brown_original_chain_gloss_summary_text_txt	gemini25flashlite	Gitksan	chain_gloss	pdf1_brown	original	summary_text_txt	1.0
0.48716930118766993	0.4649097428128526	-0.022259558374817308	0.32065679343206566	-0.0681757731614886	0.02032107461143183	37	1478403455	common99	gemini25flashlite_gitksan_grammar_original_modelgloss_baseline	gemini25flashlite_gitksan_pdf1_brown_original_modelgloss_cheatsheet_jpg	gemini25flashlite	Gitksan	modelgloss	pdf1_brown	original	cheatsheet_jpg	1.0
0.48716930118766993	0.47874213231576457	-0.008427168871905352	0.6355336446635533	-0.04722496988000096	0.021339362074394484	37	3697529227	common99	gemini25flashlite_gitksan_grammar_original_modelgloss_baseline	gemini25flashlite_gitksan_pdf1_brown_original_modelgloss_cheatsheet_txt	gemini25flashlite	Gitksan	modelgloss	pdf1_brown	original	cheatsheet_txt	1.0
0.48716930118766993	0.4535346152009191	-0.03363468598675083	0.055509444905550945	-0.07061745010920473	-0.001439331008775831	37	2027917170	common99	gemini25flashlite_gitksan_grammar_original_modelgloss_baseline	gemini25flashlite_gitksan_pdf1_brown_original_modelgloss_pdfpages_impactful_jpg	gemini25flashlite	Gitksan	modelgloss	pdf1_brown	original	pdfpages_impactful_jpg	1.0
0.48716930118766993	0.4567627713486955	-0.030406529838974412	0.1090089099109009	-0.06898335093581998	0.005640667999112927	37	1036332041	common99	gemini25flashlite_gitksan_grammar_original_modelgloss_baseline	gemini25flashlite_gitksan_pdf1_brown_original_modelgloss_summary_tables_jpg	gemini25flashlite	Gitksan	modelgloss	pdf1_brown	original	summary_tables_jpg	1.0
0.48716930118766993	0.47258374860157837	-0.014585552586091531	0.46430535694643055	-0.05706917733155392	0.02111441054054207	37	1948911008	common99	gemini25flashlite_gitksan_grammar_original_modelgloss_baseline	gemini25flashlite_gitksan_pdf1_brown_original_modelgloss_summary_tables_txt	gemini25flashlite	Gitksan	modelgloss	pdf1_brown	original	summary_tables_txt	1.0
0.48716930118766993	0.477857922380035	-0.009311378807634921	0.6289337106628934	-0.050790787548632234	0.025691831836829302	37	2396171788	common99	gemini25flashlite_gitksan_grammar_original_modelgloss_baseline	gemini25flashlite_gitksan_pdf1_brown_original_modelgloss_summary_text_txt	gemini25flashlite	Gitksan	modelgloss	pdf1_brown	original	summary_text_txt	1.0
0.23429435551972003	0.21862927743711988	-0.015665078082600155	0.0956090439095609	-0.034537808279934766	0.002507333840067314	37	3084008017	common99	gemini25flashlite_gitksan_grammar_original_shot_baseline	gemini25flashlite_gitksan_pdf1_brown_original_shot_cheatsheet_jpg	gemini25flashlite	Gitksan	shot	pdf1_brown	original	cheatsheet_jpg	1.0
0.23429435551972003	0.23349064714401155	-0.0008037083757084769	0.951160488395116	-0.027475557507745715	0.025930657259163412	37	2932602749	common99	gemini25flashlite_gitksan_grammar_original_shot_baseline	gemini25flashlite_gitksan_pdf1_brown_original_shot_cheatsheet_txt	gemini25flashlite	Gitksan	shot	pdf1_brown	original	cheatsheet_txt	1.0
0.23429435551972003	0.21178421116358526	-0.022510144356134777	0.08095919040809592	-0.04953590308290881	0.0012518848569409258	37	3780088331	common99	gemini25flashlite_gitksan_grammar_original_shot_baseline	gemini25flashlite_gitksan_pdf1_brown_original_shot_pdfpages_impactful_jpg	gemini25flashlite	Gitksan	shot	pdf1_brown	original	pdfpages_impactful_jpg	1.0
0.23429435551972003	0.21545801795012243	-0.018836337569597607	0.05457945420545795	-0.039537615842513134	-0.0009765773659219643	37	3504800833	common99	gemini25flashlite_gitksan_grammar_original_shot_baseline	gemini25flashlite_gitksan_pdf1_brown_original_shot_summary_tables_jpg	gemini25flashlite	Gitksan	shot	pdf1_brown	original	summary_tables_jpg	1.0
0.23429435551972003	0.23694460557119265	0.002650250051472638	0.8392016079839202	-0.02267355880624537	0.030551661822844196	37	299441823	common99	gemini25flashlite_gitksan_grammar_original_shot_baseline	gemini25flashlite_gitksan_pdf1_brown_original_shot_summary_tables_txt	gemini25flashlite	Gitksan	shot	pdf1_brown	original	summary_tables_txt	1.0
0.23429435551972003	0.23649035494875265	0.0021959994290326095	0.8718412815871841	-0.024849107126529144	0.028921861448199356	37	3841993245	common99	gemini25flashlite_gitksan_grammar_original_shot_baseline	gemini25flashlite_gitksan_pdf1_brown_original_shot_summary_text_txt	gemini25flashlite	Gitksan	shot	pdf1_brown	original	summary_text_txt	1.0
0.24041910731309168	0.19828300500238263	-0.04213610231070905	0.025779742202577973	-0.08235637561191576	-0.007798084158551058	37	815922302	common99	gemini25flashlite_gitksan_grammar_original_chain_gloss_baseline	gemini25flashlite_gitksan_pdf2_rigsby_original_chain_gloss_cheatsheet_jpg	gemini25flashlite	Gitksan	chain_gloss	pdf2_rigsby	original	cheatsheet_jpg	1.0
0.24041910731309168	0.21654705562301585	-0.02387205169007585	0.2663273367266327	-0.06967679089489015	0.01433726546128052	37	1372726150	common99	gemini25flashlite_gitksan_grammar_original_chain_gloss_baseline	gemini25flashlite_gitksan_pdf2_rigsby_original_chain_gloss_cheatsheet_txt	gemini25flashlite	Gitksan	chain_gloss	pdf2_rigsby	original	cheatsheet_txt	1.0
0.24041910731309168	0.22638417478348757	-0.014034932529604112	0.38272617273827264	-0.047543292779576134	0.015893601329141315	37	3598884130	common99	gemini25flashlite_gitksan_grammar_original_chain_gloss_baseline	gemini25flashlite_gitksan_pdf2_rigsby_original_chain_gloss_pdfpages_impactful_jpg	gemini25flashlite	Gitksan	chain_gloss	pdf2_rigsby	original	pdfpages_impactful_jpg	1.0
0.24041910731309168	0.20098391014176445	-0.03943519717132723	0.08592914070859291	-0.08860887823173323	0.0020372707698795784	37	1425202608	common99	gemini25flashlite_gitksan_grammar_original_chain_gloss_baseline	gemini25flashlite_gitksan_pdf2_rigsby_original_chain_gloss_summary_tables_jpg	gemini25flashlite	Gitksan	chain_gloss	pdf2_rigsby	original	summary_tables_jpg	1.0
0.24041910731309168	0.24061292530717077	0.00019381799407907434	0.992640073599264	-0.04434748537133674	0.039684060976110526	37	1216998784	common99	gemini25flashlite_gitksan_grammar_original_chain_gloss_baseline	gemini25flashlite_gitksan_pdf2_rigsby_original_chain_gloss_summary_tables_txt	gemini25flashlite	Gitksan	chain_gloss	pdf2_rigsby	original	summary_tables_txt	1.0
0.24041910731309168	0.2190757840871811	-0.0213433232259106	0.2997270027299727	-0.06345663672262752	0.017400127558692077	37	1032169438	common99	gemini25flashlite_gitksan_grammar_original_chain_gloss_baseline	gemini25flashlite_gitksan_pdf2_rigsby_original_chain_gloss_summary_text_txt	gemini25flashlite	Gitksan	chain_gloss	pdf2_rigsby	original	summary_text_txt	1.0
0.48716930118766993	0.45551128685474396	-0.03165801433292595	0.15585844141558586	-0.07823348212483766	0.009592767462537065	37	1660331094	common99	gemini25flashlite_gitksan_grammar_original_modelgloss_baseline	gemini25flashlite_gitksan_pdf2_rigsby_original_modelgloss_cheatsheet_jpg	gemini25flashlite	Gitksan	modelgloss	pdf2_rigsby	original	cheatsheet_jpg	1.0
0.48716930118766993	0.484738756675978	-0.0024305445116919442	0.8034319656803433	-0.02174365047264743	0.017906979088847703	37	1787079409	common99	gemini25flashlite_gitksan_grammar_original_modelgloss_baseline	gemini25flashlite_gitksan_pdf2_rigsby_original_modelgloss_cheatsheet_txt	gemini25flashlite	Gitksan	modelgloss	pdf2_rigsby	original	cheatsheet_txt	1.0
0.48716930118766993	0.42678086580456914	-0.06038843538310077	0.006239937600623993	-0.10589034680176425	-0.020887551471792366	37	3311832449	common99	gemini25flashlite_gitksan_grammar_original_modelgloss_baseline	gemini25flashlite_gitksan_pdf2_rigsby_original_modelgloss_pdfpages_impactful_jpg	gemini25flashlite	Gitksan	modelgloss	pdf2_rigsby	original	pdfpages_impactful_jpg	1.0
0.48716930118766993	0.44758127670030334	-0.03958802448736655	0.05977940220597794	-0.08302814229517369	-0.000236973226875889	37	3816511198	common99	gemini25flashlite_gitksan_grammar_original_modelgloss_baseline	gemini25flashlite_gitksan_pdf2_rigsby_original_modelgloss_summary_tables_jpg	gemini25flashlite	Gitksan	modelgloss	pdf2_rigsby	original	summary_tables_jpg	1.0
0.48716930118766993	0.4634732249620798	-0.02369607622559006	0.24227757722422777	-0.06911759879943485	0.010039103333209001	37	2193827357	common99	gemini25flashlite_gitksan_grammar_original_modelgloss_baseline	gemini25flashlite_gitksan_pdf2_rigsby_original_modelgloss_summary_tables_txt	gemini25flashlite	Gitksan	modelgloss	pdf2_rigsby	original	summary_tables_txt	1.0
0.48716930118766993	0.47780707156335983	-0.009362229624310055	0.5272547274527255	-0.040742842430198496	0.016863061970955592	37	2229518926	common99	gemini25flashlite_gitksan_grammar_original_modelgloss_baseline	gemini25flashlite_gitksan_pdf2_rigsby_original_modelgloss_summary_text_txt	gemini25flashlite	Gitksan	modelgloss	pdf2_rigsby	original	summary_text_txt	1.0
0.23429435551972003	0.21841515842321757	-0.01587919709650246	0.12864871351286486	-0.0381922493713933	0.002931358992449334	37	3312518735	common99	gemini25flashlite_gitksan_grammar_original_shot_baseline	gemini25flashlite_gitksan_pdf2_rigsby_original_shot_cheatsheet_jpg	gemini25flashlite	Gitksan	shot	pdf2_rigsby	original	cheatsheet_jpg	1.0
0.23429435551972003	0.22018293512834086	-0.014111420391379175	0.16809831901680983	-0.035950181562755555	0.004379304402784712	37	3863747918	common99	gemini25flashlite_gitksan_grammar_original_shot_baseline	gemini25flashlite_gitksan_pdf2_rigsby_original_shot_cheatsheet_txt	gemini25flashlite	Gitksan	shot	pdf2_rigsby	original	cheatsheet_txt	1.0
0.23429435551972003	0.2158965766429901	-0.018397778876729914	0.05801941980580194	-0.039258997489673056	-0.0011049889028072358	37	1642586014	common99	gemini25flashlite_gitksan_grammar_original_shot_baseline	gemini25flashlite_gitksan_pdf2_rigsby_original_shot_pdfpages_impactful_jpg	gemini25flashlite	Gitksan	shot	pdf2_rigsby	original	pdfpages_impactful_jpg	1.0
0.23429435551972003	0.2225004396325833	-0.011793915887136717	0.16705832941670584	-0.029795149210337036	0.003969088735411288	37	343161797	common99	gemini25flashlite_gitksan_grammar_original_shot_baseline	gemini25flashlite_gitksan_pdf2_rigsby_original_shot_summary_tables_jpg	gemini25flashlite	Gitksan	shot	pdf2_rigsby	original	summary_tables_jpg	1.0
0.23429435551972003	0.23805080495170644	0.003756449431986422	0.7849621503784963	-0.02268208275372917	0.03214586265385151	37	2456847279	common99	gemini25flashlite_gitksan_grammar_original_shot_baseline	gemini25flashlite_gitksan_pdf2_rigsby_original_shot_summary_tables_txt	gemini25flashlite	Gitksan	shot	pdf2_rigsby	original	summary_tables_txt	1.0
0.23429435551972003	0.22244856506586075	-0.011845790453859278	0.2966170338296617	-0.03609916950399809	0.008410664375972094	37	2302882746	common99	gemini25flashlite_gitksan_grammar_original_shot_baseline	gemini25flashlite_gitksan_pdf2_rigsby_original_shot_summary_text_txt	gemini25flashlite	Gitksan	shot	pdf2_rigsby	original	summary_text_txt	1.0
0.3151989233219761	0.33203447310403844	0.0168355497820624	0.08599914000859991	-0.002386282350140041	0.03616502457994153	87	4235185856	common99	gemini25flashlite_lezgi_grammar_original_chain_gloss_baseline	gemini25flashlite_lezgi_grammar_cyrillic_chain_gloss_cheatsheet_jpg	gemini25flashlite	Lezgi	chain_gloss	grammar	cyrillic	cheatsheet_jpg	1.0
0.3151989233219761	0.2949050430251264	-0.020293880296849656	0.06811931880681193	-0.042293738522406275	0.0014482427495477886	87	1532295994	common99	gemini25flashlite_lezgi_grammar_original_chain_gloss_baseline	gemini25flashlite_lezgi_grammar_cyrillic_chain_gloss_cheatsheet_txt	gemini25flashlite	Lezgi	chain_gloss	grammar	cyrillic	cheatsheet_txt	1.0
0.3151989233219761	0.3090427797929994	-0.0061561435289766596	0.5400045999540004	-0.026073603304210057	0.013589500492417252	87	3899332490	common99	gemini25flashlite_lezgi_grammar_original_chain_gloss_baseline	gemini25flashlite_lezgi_grammar_cyrillic_chain_gloss_summary_tables_jpg	gemini25flashlite	Lezgi	chain_gloss	grammar	cyrillic	summary_tables_jpg	1.0
0.3151989233219761	0.29174876504245845	-0.023450158279517602	0.027599724002759972	-0.04460764214310838	-0.003043698581556498	87	3943945869	common99	gemini25flashlite_lezgi_grammar_original_chain_gloss_baseline	gemini25flashlite_lezgi_grammar_cyrillic_chain_gloss_summary_tables_txt	gemini25flashlite	Lezgi	chain_gloss	grammar	cyrillic	summary_tables_txt	1.0
0.3151989233219761	0.28274325726703664	-0.0324556660549394	0.0034399656003439964	-0.05447755502001649	-0.011130508525703844	87	1686176740	common99	gemini25flashlite_lezgi_grammar_original_chain_gloss_baseline	gemini25flashlite_lezgi_grammar_cyrillic_chain_gloss_summary_text_txt	gemini25flashlite	Lezgi	chain_gloss	grammar	cyrillic	summary_text_txt	1.0
0.38859497413210486	0.39153879041644346	0.002943816284338633	0.6637933620663793	-0.009765259934396576	0.01687118939241801	87	2555020908	common99	gemini25flashlite_lezgi_grammar_original_modelgloss_baseline	gemini25flashlite_lezgi_grammar_cyrillic_modelgloss_cheatsheet_jpg	gemini25flashlite	Lezgi	modelgloss	grammar	cyrillic	cheatsheet_jpg	1.0
0.38859497413210486	0.3708085364651406	-0.017786437666964257	0.013359866401335987	-0.03280342805531175	-0.004854161643433849	87	1530510854	common99	gemini25flashlite_lezgi_grammar_original_modelgloss_baseline	gemini25flashlite_lezgi_grammar_cyrillic_modelgloss_cheatsheet_txt	gemini25flashlite	Lezgi	modelgloss	grammar	cyrillic	cheatsheet_txt	1.0
0.38859497413210486	0.38989014486814366	0.001295170736038822	0.8339216607833921	-0.01017920170193431	0.014295508504855904	87	844826294	common99	gemini25flashlite_lezgi_grammar_original_modelgloss_baseline	gemini25flashlite_lezgi_grammar_cyrillic_modelgloss_summary_tables_jpg	gemini25flashlite	Lezgi	modelgloss	grammar	cyrillic	summary_tables_jpg	1.0
0.38859497413210486	0.37713139958080205	-0.011463574551302811	0.1018689813101869	-0.025379088362571835	0.0022641322393526972	87	1686597216	common99	gemini25flashlite_lezgi_grammar_original_modelgloss_baseline	gemini25flashlite_lezgi_grammar_cyrillic_modelgloss_summary_tables_txt	gemini25flashlite	Lezgi	modelgloss	grammar	cyrillic	summary_tables_txt	1.0
0.38859497413210486	0.37282118432480715	-0.015773789807297718	0.03991960080399196	-0.03160020650803356	-0.0015965494530639516	87	2766062574	common99	gemini25flashlite_lezgi_grammar_original_modelgloss_baseline	gemini25flashlite_lezgi_grammar_cyrillic_modelgloss_summary_text_txt	gemini25flashlite	Lezgi	modelgloss	grammar	cyrillic	summary_text_txt	1.0
0.31959600284181794	0.3336666948322592	0.01407069199044129	0.06570934290657093	-0.00013937575892470212	0.02985163535494571	87	118771292	common99	gemini25flashlite_lezgi_grammar_original_shot_baseline	gemini25flashlite_lezgi_grammar_cyrillic_shot_cheatsheet_jpg	gemini25flashlite	Lezgi	shot	grammar	cyrillic	cheatsheet_jpg	1.0
0.31959600284181794	0.3028545590310261	-0.016741443810791803	0.08001919980800191	-0.03568065374575812	0.0018276694669634266	87	230215655	common99	gemini25flashlite_lezgi_grammar_original_shot_baseline	gemini25flashlite_lezgi_grammar_cyrillic_shot_cheatsheet_txt	gemini25flashlite	Lezgi	shot	grammar	cyrillic	cheatsheet_txt	1.0
0.31959600284181794	0.33712823911644946	0.017532236274631543	0.03906960930390696	0.0015892551954964176	0.03501128492470102	87	3158292895	common99	gemini25flashlite_lezgi_grammar_original_shot_baseline	gemini25flashlite_lezgi_grammar_cyrillic_shot_summary_tables_jpg	gemini25flashlite	Lezgi	shot	grammar	cyrillic	summary_tables_jpg	1.0
0.31959600284181794	0.31007723082071065	-0.00951877202110729	0.3138168618313817	-0.028253345992202035	0.009123102896686257	87	3228946278	common99	gemini25flashlite_lezgi_grammar_original_shot_baseline	gemini25flashlite_lezgi_grammar_cyrillic_shot_summary_tables_txt	gemini25flashlite	Lezgi	shot	grammar	cyrillic	summary_tables_txt	1.0
0.31959600284181794	0.32168738201431846	0.0020913791725005225	0.8278217217827821	-0.016676778806608974	0.021119835101410564	87	3736232468	common99	gemini25flashlite_lezgi_grammar_original_shot_baseline	gemini25flashlite_lezgi_grammar_cyrillic_shot_summary_text_txt	gemini25flashlite	Lezgi	shot	grammar	cyrillic	summary_text_txt	1.0
0.3151989233219761	0.3187813388033845	0.0035824154814084372	0.7567124328756712	-0.019173782704205344	0.02607429958665848	87	2795643084	common99	gemini25flashlite_lezgi_grammar_original_chain_gloss_baseline	gemini25flashlite_lezgi_grammar_original_chain_gloss_cheatsheet_jpg	gemini25flashlite	Lezgi	chain_gloss	grammar	original	cheatsheet_jpg	1.0
0.3151989233219761	0.2968214472820019	-0.01837747603997417	0.12422875771242288	-0.04239086872501962	0.00471414169617766	87	2221375117	common99	gemini25flashlite_lezgi_grammar_original_chain_gloss_baseline	gemini25flashlite_lezgi_grammar_original_chain_gloss_cheatsheet_txt	gemini25flashlite	Lezgi	chain_gloss	grammar	original	cheatsheet_txt	1.0
0.3151989233219761	0.32954903452218265	0.014350111200206581	0.14508854911450886	-0.0048244915795566	0.033722803469790105	87	2360207248	common99	gemini25flashlite_lezgi_grammar_original_chain_gloss_baseline	gemini25flashlite_lezgi_grammar_original_chain_gloss_pdfpages_impactful_jpg	gemini25flashlite	Lezgi	chain_gloss	grammar	original	pdfpages_impactful_jpg	1.0
0.3151989233219761	0.31559298435846966	0.0003940610364935864	0.96930030699693	-0.020116992979899218	0.021046119253953968	87	1234012174	common99	gemini25flashlite_lezgi_grammar_original_chain_gloss_baseline	gemini25flashlite_lezgi_grammar_original_chain_gloss_summary_tables_jpg	gemini25flashlite	Lezgi	chain_gloss	grammar	original	summary_tables_jpg	1.0
0.3151989233219761	0.2947741788009117	-0.02042474452106432	0.06627933720662793	-0.042312114818514074	0.0013453986410094246	87	356450022	common99	gemini25flashlite_lezgi_grammar_original_chain_gloss_baseline	gemini25flashlite_lezgi_grammar_original_chain_gloss_summary_tables_txt	gemini25flashlite	Lezgi	chain_gloss	grammar	original	summary_tables_txt	1.0
0.3151989233219761	0.2846973732798949	-0.030501550042081153	0.00950990490095099	-0.05402770121849474	-0.007939848171054637	87	4141587901	common99	gemini25flashlite_lezgi_grammar_original_chain_gloss_baseline	gemini25flashlite_lezgi_grammar_original_chain_gloss_summary_text_txt	gemini25flashlite	Lezgi	chain_gloss	grammar	original	summary_text_txt	1.0
0.38859497413210486	0.38776284516200255	-0.0008321289701023321	0.8844711552884471	-0.011599043613278317	0.011271780140526676	87	3903884309	common99	gemini25flashlite_lezgi_grammar_original_modelgloss_baseline	gemini25flashlite_lezgi_grammar_original_modelgloss_cheatsheet_jpg	gemini25flashlite	Lezgi	modelgloss	grammar	original	cheatsheet_jpg	1.0
0.38859497413210486	0.3704110576674856	-0.018183916464619254	0.00963990360096399	-0.03275650786771171	-0.005734553710482593	87	1574138226	common99	gemini25flashlite_lezgi_grammar_original_modelgloss_baseline	gemini25flashlite_lezgi_grammar_original_modelgloss_cheatsheet_txt	gemini25flashlite	Lezgi	modelgloss	grammar	original	cheatsheet_txt	1.0
0.38859497413210486	0.38883827917877284	0.00024330504666799786	0.969860301396986	-0.01212812768959108	0.013775679370623895	87	3248068089	common99	gemini25flashlite_lezgi_grammar_original_modelgloss_baseline	gemini25flashlite_lezgi_grammar_original_modelgloss_pdfpages_impactful_jpg	gemini25flashlite	Lezgi	modelgloss	grammar	original	pdfpages_impactful_jpg	1.0
0.38859497413210486	0.39301435075614644	0.00441937662404159	0.5256747432525675	-0.008569626051975386	0.018862159490242763	87	2605587993	common99	gemini25flashlite_lezgi_grammar_original_modelgloss_baseline	gemini25flashlite_lezgi_grammar_original_modelgloss_summary_tables_jpg	gemini25flashlite	Lezgi	modelgloss	grammar	original	summary_tables_jpg	1.0
0.38859497413210486	0.3767847751920251	-0.011810198940079788	0.08333916660833392	-0.025820679538722687	0.0010428023000044356	87	2685002387	common99	gemini25flashlite_lezgi_grammar_original_modelgloss_baseline	gemini25flashlite_lezgi_grammar_original_modelgloss_summary_tables_txt	gemini25flashlite	Lezgi	modelgloss	grammar	original	summary_tables_txt	1.0
0.38859497413210486	0.36327570025948275	-0.025319273872622127	0.005209947900520995	-0.04323432503760546	-0.008174275266456203	87	3140649055	common99	gemini25flashlite_lezgi_grammar_original_modelgloss_baseline	gemini25flashlite_lezgi_grammar_original_modelgloss_summary_text_txt	gemini25flashlite	Lezgi	modelgloss	grammar	original	summary_text_txt	1.0
0.31959600284181794	0.32606181819206	0.006465815350242044	0.4382456175438246	-0.009471209240199502	0.023474512474033316	87	796565639	common99	gemini25flashlite_lezgi_grammar_original_shot_baseline	gemini25flashlite_lezgi_grammar_original_shot_cheatsheet_jpg	gemini25flashlite	Lezgi	shot	grammar	original	cheatsheet_jpg	1.0
0.31959600284181794	0.30579558066253004	-0.013800422179287878	0.2033179668203318	-0.03518048634474304	0.007361103300990043	87	1763652369	common99	gemini25flashlite_lezgi_grammar_original_shot_baseline	gemini25flashlite_lezgi_grammar_original_shot_cheatsheet_txt	gemini25flashlite	Lezgi	shot	grammar	original	cheatsheet_txt	1.0
0.31959600284181794	0.32899774850785046	0.00940174566603255	0.24792752072479277	-0.005831844627257735	0.026117154054514972	87	2504632666	common99	gemini25flashlite_lezgi_grammar_original_shot_baseline	gemini25flashlite_lezgi_grammar_original_shot_pdfpages_impactful_jpg	gemini25flashlite	Lezgi	shot	grammar	original	pdfpages_impactful_jpg	1.0
0.31959600284181794	0.3393452985362075	0.019749295694389563	0.023009769902300976	0.0032553188567017717	0.037241271279495336	87	61296528	common99	gemini25flashlite_lezgi_grammar_original_shot_baseline	gemini25flashlite_lezgi_grammar_original_shot_summary_tables_jpg	gemini25flashlite	Lezgi	shot	grammar	original	summary_tables_jpg	1.0
0.31959600284181794	0.3030825409738497	-0.016513461867968243	0.12815871841281587	-0.0378460447807079	0.00480995936126544	87	1512376045	common99	gemini25flashlite_lezgi_grammar_original_shot_baseline	gemini25flashlite_lezgi_grammar_original_shot_summary_tables_txt	gemini25flashlite	Lezgi	shot	grammar	original	summary_tables_txt	1.0
0.31959600284181794	0.307736667579618	-0.011859335262199929	0.3073869261307387	-0.03496605724995505	0.010779390325662727	87	680842517	common99	gemini25flashlite_lezgi_grammar_original_shot_baseline	gemini25flashlite_lezgi_grammar_original_shot_summary_text_txt	gemini25flashlite	Lezgi	shot	grammar	original	summary_text_txt	1.0
0.19635837841214557	0.19749847716755337	0.001140098755407815	0.8731112688873112	-0.012656237597041058	0.015522767802832103	99	2474439480	common99	gemini25flashlite_natugu_grammar_original_chain_gloss_baseline	gemini25flashlite_natugu_grammar_original_chain_gloss_cheatsheet_jpg	gemini25flashlite	Natugu	chain_gloss	grammar	original	cheatsheet_jpg	1.0
0.19635837841214557	0.1816778446387763	-0.01468053377336926	0.051549484505154945	-0.029885288911184877	-0.00030028502259291323	99	3144285237	common99	gemini25flashlite_natugu_grammar_original_chain_gloss_baseline	gemini25flashlite_natugu_grammar_original_chain_gloss_cheatsheet_txt	gemini25flashlite	Natugu	chain_gloss	grammar	original	cheatsheet_txt	1.0
0.19635837841214557	0.17734256853358915	-0.019015809878556417	0.011929880701192988	-0.034334925991116136	-0.004696730753839623	99	287271784	common99	gemini25flashlite_natugu_grammar_original_chain_gloss_baseline	gemini25flashlite_natugu_grammar_original_chain_gloss_pdfpages_impactful_jpg	gemini25flashlite	Natugu	chain_gloss	grammar	original	pdfpages_impactful_jpg	1.0
0.19635837841214557	0.18571192914187307	-0.010646449270272496	0.15463845361546386	-0.02562864796644208	0.0038225149867510497	99	3610546683	common99	gemini25flashlite_natugu_grammar_original_chain_gloss_baseline	gemini25flashlite_natugu_grammar_original_chain_gloss_summary_tables_jpg	gemini25flashlite	Natugu	chain_gloss	grammar	original	summary_tables_jpg	1.0
0.19635837841214557	0.18649202020782413	-0.009866358204321428	0.23648763512364876	-0.0265575584438112	0.006319461450582802	99	1431356600	common99	gemini25flashlite_natugu_grammar_original_chain_gloss_baseline	gemini25flashlite_natugu_grammar_original_chain_gloss_summary_tables_txt	gemini25flashlite	Natugu	chain_gloss	grammar	original	summary_tables_txt	1.0
0.19635837841214557	0.18980332509134756	-0.006555053320798007	0.46796532034679655	-0.02460152953298706	0.011196233488318283	99	261560109	common99	gemini25flashlite_natugu_grammar_original_chain_gloss_baseline	gemini25flashlite_natugu_grammar_original_chain_gloss_summary_text_txt	gemini25flashlite	Natugu	chain_gloss	grammar	original	summary_text_txt	1.0
0.4234719481131043	0.41017198848603953	-0.01329995962706479	0.026499735002649974	-0.025668051492686222	-0.0021224889339822714	99	3052629741	common99	gemini25flashlite_natugu_grammar_original_modelgloss_baseline	gemini25flashlite_natugu_grammar_original_modelgloss_cheatsheet_jpg	gemini25flashlite	Natugu	modelgloss	grammar	original	cheatsheet_jpg	1.0
0.4234719481131043	0.4238971700572004	0.00042522194409611247	0.9293007069929301	-0.008979406365842527	0.010031394863670521	99	4288929773	common99	gemini25flashlite_natugu_grammar_original_modelgloss_baseline	gemini25flashlite_natugu_grammar_original_modelgloss_cheatsheet_txt	gemini25flashlite	Natugu	modelgloss	grammar	original	cheatsheet_txt	1.0
0.4234719481131043	0.39359247917779766	-0.029879468935306627	0.0018899811001889982	-0.04915654993230346	-0.012965538264299293	99	3225184974	common99	gemini25flashlite_natugu_grammar_original_modelgloss_baseline	gemini25flashlite_natugu_grammar_original_modelgloss_pdfpages_impactful_jpg	gemini25flashlite	Natugu	modelgloss	grammar	original	pdfpages_impactful_jpg	1.0
0.4234719481131043	0.4095503865468382	-0.013921561566266146	0.03632963670363296	-0.027753648112970163	-0.0016600736463912836	99	3286613830	common99	gemini25flashlite_natugu_grammar_original_modelgloss_baseline	gemini25flashlite_natugu_grammar_original_modelgloss_summary_tables_jpg	gemini25flashlite	Natugu	modelgloss	grammar	original	summary_tables_jpg	1.0
0.4234719481131043	0.41822753048906425	-0.005244417624040084	0.25981740182598173	-0.014618512205403259	0.0036907407746772556	99	3844927461	common99	gemini25flashlite_natugu_grammar_original_modelgloss_baseline	gemini25flashlite_natugu_grammar_original_modelgloss_summary_tables_txt	gemini25flashlite	Natugu	modelgloss	grammar	original	summary_tables_txt	1.0
0.4234719481131043	0.4166527897721589	-0.006819158340945389	0.1849381506184938	-0.01726950755474543	0.0029713270038065247	99	728754198	common99	gemini25flashlite_natugu_grammar_original_modelgloss_baseline	gemini25flashlite_natugu_grammar_original_modelgloss_summary_text_txt	gemini25flashlite	Natugu	modelgloss	grammar	original	summary_text_txt	1.0
0.20099855161676503	0.1950254536638356	-0.00597309795292941	0.47803521964780354	-0.02276401363049793	0.01028856802919895	99	1176709615	common99	gemini25flashlite_natugu_grammar_original_shot_baseline	gemini25flashlite_natugu_grammar_original_shot_cheatsheet_jpg	gemini25flashlite	Natugu	shot	grammar	original	cheatsheet_jpg	1.0
0.20099855161676503	0.1900806249392153	-0.010917926677549728	0.2079379206207938	-0.02835582400850875	0.005801921343487317	99	1157340434	common99	gemini25flashlite_natugu_grammar_original_shot_baseline	gemini25flashlite_natugu_grammar_original_shot_cheatsheet_txt	gemini25flashlite	Natugu	shot	grammar	original	cheatsheet_txt	1.0
0.20099855161676503	0.17165546096635587	-0.02934309065040916	0.0057199428005719945	-0.050621485339496466	-0.009685240125264796	99	1758751663	common99	gemini25flashlite_natugu_grammar_original_shot_baseline	gemini25flashlite_natugu_grammar_original_shot_pdfpages_impactful_jpg	gemini25flashlite	Natugu	shot	grammar	original	pdfpages_impactful_jpg	1.0
0.20099855161676503	0.18893282559483943	-0.012065726021925608	0.2028579714202858	-0.03112404031885994	0.0061717500420983284	99	1342445293	common99	gemini25flashlite_natugu_grammar_original_shot_baseline	gemini25flashlite_natugu_grammar_original_shot_summary_tables_jpg	gemini25flashlite	Natugu	shot	grammar	original	summary_tables_jpg	1.0
0.20099855161676503	0.19389031556519595	-0.007108236051569081	0.4674653253467465	-0.026769794617788955	0.011415884845109298	99	2968708490	common99	gemini25flashlite_natugu_grammar_original_shot_baseline	gemini25flashlite_natugu_grammar_original_shot_summary_tables_txt	gemini25flashlite	Natugu	shot	grammar	original	summary_tables_txt	1.0
0.20099855161676503	0.20760794089298057	0.006609389276215525	0.4188258117418826	-0.009767932890716827	0.022351609800725848	99	2962472852	common99	gemini25flashlite_natugu_grammar_original_shot_baseline	gemini25flashlite_natugu_grammar_original_shot_summary_text_txt	gemini25flashlite	Natugu	shot	grammar	original	summary_text_txt	1.0
0.15282956465627207	0.13993970839062123	-0.012889856265650855	0.04092959070409296	-0.026133636567704004	-0.0013546750175230488	99	4128154294	common99	gemini25flashlite_tsez_grammar_original_chain_gloss_baseline	gemini25flashlite_tsez_grammar_original_chain_gloss_cheatsheet_jpg	gemini25flashlite	Tsez	chain_gloss	grammar	original	cheatsheet_jpg	1.0
0.15282956465627207	0.14410220440288987	-0.008727360253382211	0.16473835261647385	-0.021571309633101478	0.0032652917572043127	99	3938456955	common99	gemini25flashlite_tsez_grammar_original_chain_gloss_baseline	gemini25flashlite_tsez_grammar_original_chain_gloss_cheatsheet_txt	gemini25flashlite	Tsez	chain_gloss	grammar	original	cheatsheet_txt	1.0
0.15282956465627207	0.1391959252080532	-0.013633639448218875	0.061469385306146936	-0.028855061450164112	-0.00014533962339463956	99	2923992093	common99	gemini25flashlite_tsez_grammar_original_chain_gloss_baseline	gemini25flashlite_tsez_grammar_original_chain_gloss_pdfpages_impactful_jpg	gemini25flashlite	Tsez	chain_gloss	grammar	original	pdfpages_impactful_jpg	1.0
0.15282956465627207	0.14402562297052807	-0.008803941685744006	0.17055829441705583	-0.02218822259455919	0.0029929606149895	99	1706630282	common99	gemini25flashlite_tsez_grammar_original_chain_gloss_baseline	gemini25flashlite_tsez_grammar_original_chain_gloss_summary_tables_jpg	gemini25flashlite	Tsez	chain_gloss	grammar	original	summary_tables_jpg	1.0
0.15282956465627207	0.15394748438789388	0.0011179197316217905	0.8803211967880321	-0.013539439097347885	0.01539242992723229	99	576970593	common99	gemini25flashlite_tsez_grammar_original_chain_gloss_baseline	gemini25flashlite_tsez_grammar_original_chain_gloss_summary_tables_txt	gemini25flashlite	Tsez	chain_gloss	grammar	original	summary_tables_txt	1.0
0.15282956465627207	0.15085124555561277	-0.001978319100659303	0.7540724592754072	-0.014706116593019526	0.010096393049591113	99	735883295	common99	gemini25flashlite_tsez_grammar_original_chain_gloss_baseline	gemini25flashlite_tsez_grammar_original_chain_gloss_summary_text_txt	gemini25flashlite	Tsez	chain_gloss	grammar	original	summary_text_txt	1.0
0.39835601887016586	0.39375272144873935	-0.004603297421426484	0.4090159098409016	-0.015985581926023115	0.006109938778058446	99	96933681	common99	gemini25flashlite_tsez_grammar_original_modelgloss_baseline	gemini25flashlite_tsez_grammar_original_modelgloss_cheatsheet_jpg	gemini25flashlite	Tsez	modelgloss	grammar	original	cheatsheet_jpg	1.0
0.39835601887016586	0.39405880973796653	-0.004297209132199335	0.5559144408555915	-0.019027993664371242	0.00993328165789739	99	3846917195	common99	gemini25flashlite_tsez_grammar_original_modelgloss_baseline	gemini25flashlite_tsez_grammar_original_modelgloss_cheatsheet_txt	gemini25flashlite	Tsez	modelgloss	grammar	original	cheatsheet_txt	1.0
0.39835601887016586	0.3901402930719684	-0.008215725798197467	0.22892771072289278	-0.022005419105742913	0.0049307401376691715	99	258060431	common99	gemini25flashlite_tsez_grammar_original_modelgloss_baseline	gemini25flashlite_tsez_grammar_original_modelgloss_pdfpages_impactful_jpg	gemini25flashlite	Tsez	modelgloss	grammar	original	pdfpages_impactful_jpg	1.0
0.39835601887016586	0.3942250917957287	-0.0041309270744371894	0.46899531004689954	-0.015674768282909587	0.0067247712646018275	99	1486677253	common99	gemini25flashlite_tsez_grammar_original_modelgloss_baseline	gemini25flashlite_tsez_grammar_original_modelgloss_summary_tables_jpg	gemini25flashlite	Tsez	modelgloss	grammar	original	summary_tables_jpg	1.0
0.39835601887016586	0.3972309743515169	-0.001125044518648976	0.8441615583844162	-0.012655799602619323	0.009886490999523437	99	3670093209	common99	gemini25flashlite_tsez_grammar_original_modelgloss_baseline	gemini25flashlite_tsez_grammar_original_modelgloss_summary_tables_txt	gemini25flashlite	Tsez	modelgloss	grammar	original	summary_tables_txt	1.0
0.39835601887016586	0.4003269227616715	0.001970903891505617	0.7864221357786422	-0.012409241830535	0.016471885229376225	99	1381027733	common99	gemini25flashlite_tsez_grammar_original_modelgloss_baseline	gemini25flashlite_tsez_grammar_original_modelgloss_summary_text_txt	gemini25flashlite	Tsez	modelgloss	grammar	original	summary_text_txt	1.0
0.1507686118435378	0.14071970147014867	-0.01004891037338912	0.06101938980610194	-0.021174413342066482	-0.0001757208540132563	99	1015895591	common99	gemini25flashlite_tsez_grammar_original_shot_baseline	gemini25flashlite_tsez_grammar_original_shot_cheatsheet_jpg	gemini25flashlite	Tsez	shot	grammar	original	cheatsheet_jpg	1.0
0.1507686118435378	0.15080120655322315	3.259470968535452e-05	0.995780042199578	-0.011861796441930103	0.01143905754680886	99	3783618189	common99	gemini25flashlite_tsez_grammar_original_shot_baseline	gemini25flashlite_tsez_grammar_original_shot_cheatsheet_txt	gemini25flashlite	Tsez	shot	grammar	original	cheatsheet_txt	1.0
0.1507686118435378	0.13576462556316396	-0.015003986280373853	0.01711982880171198	-0.028095691397108814	-0.0036162763852814273	99	1147846484	common99	gemini25flashlite_tsez_grammar_original_shot_baseline	gemini25flashlite_tsez_grammar_original_shot_pdfpages_impactful_jpg	gemini25flashlite	Tsez	shot	grammar	original	pdfpages_impactful_jpg	1.0
0.1507686118435378	0.14100542416175207	-0.009763187681785737	0.09135908640913591	-0.02177076462957293	0.0010216881906745378	99	2427254803	common99	gemini25flashlite_tsez_grammar_original_shot_baseline	gemini25flashlite_tsez_grammar_original_shot_summary_tables_jpg	gemini25flashlite	Tsez	shot	grammar	original	summary_tables_jpg	1.0
0.1507686118435378	0.1453214834133784	-0.005447128430159405	0.3537664623353766	-0.01741376264829828	0.005789288101397972	99	4218760629	common99	gemini25flashlite_tsez_grammar_original_shot_baseline	gemini25flashlite_tsez_grammar_original_shot_summary_tables_txt	gemini25flashlite	Tsez	shot	grammar	original	summary_tables_txt	1.0
0.1507686118435378	0.14139160686972166	-0.009377004973816149	0.14455855441445586	-0.02247091418489663	0.0029716894162273087	99	149800033	common99	gemini25flashlite_tsez_grammar_original_shot_baseline	gemini25flashlite_tsez_grammar_original_shot_summary_text_txt	gemini25flashlite	Tsez	shot	grammar	original	summary_text_txt	1.0
0.18876159473045453	0.18858601052213358	-0.00017558420832092697	0.991730082699173	-0.031162316422607444	0.03368383069094768	37	3033893398	common99	qwen35_gitksan_grammar_original_chain_gloss_baseline	qwen35_gitksan_pdf1_brown_original_chain_gloss_cheatsheet_jpg	qwen35	Gitksan	chain_gloss	pdf1_brown	original	cheatsheet_jpg	1.0
0.18876159473045453	0.1933662073837744	0.0046046126533199	0.6937830621693784	-0.01851020200127685	0.027379986170578633	37	2724062386	common99	qwen35_gitksan_grammar_original_chain_gloss_baseline	qwen35_gitksan_pdf1_brown_original_chain_gloss_cheatsheet_txt	qwen35	Gitksan	chain_gloss	pdf1_brown	original	cheatsheet_txt	1.0
0.18876159473045453	0.1769723789514722	-0.011789215778982317	0.26779732202677975	-0.033608153089880945	0.00819610075874103	37	1082733285	common99	qwen35_gitksan_grammar_original_chain_gloss_baseline	qwen35_gitksan_pdf1_brown_original_chain_gloss_pdfpages_impactful_jpg	qwen35	Gitksan	chain_gloss	pdf1_brown	original	pdfpages_impactful_jpg	1.0
0.18876159473045453	0.16648570468296875	-0.022275890047485765	0.05824941750582494	-0.04646814718741823	-0.00037456607899150404	37	3562495789	common99	qwen35_gitksan_grammar_original_chain_gloss_baseline	qwen35_gitksan_pdf1_brown_original_chain_gloss_summary_tables_jpg	qwen35	Gitksan	chain_gloss	pdf1_brown	original	summary_tables_jpg	1.0
0.18876159473045453	0.18326766849369616	-0.005493926236758361	0.6013639863601364	-0.02674553881122453	0.014206402718618092	37	4165542003	common99	qwen35_gitksan_grammar_original_chain_gloss_baseline	qwen35_gitksan_pdf1_brown_original_chain_gloss_summary_tables_txt	qwen35	Gitksan	chain_gloss	pdf1_brown	original	summary_tables_txt	1.0
0.18876159473045453	0.1936116425974949	0.004850047867040377	0.7719822801771983	-0.027884783777030738	0.03882221551863727	37	557310660	common99	qwen35_gitksan_grammar_original_chain_gloss_baseline	qwen35_gitksan_pdf1_brown_original_chain_gloss_summary_text_txt	qwen35	Gitksan	chain_gloss	pdf1_brown	original	summary_text_txt	1.0
0.45192461762879343	0.4442538405592377	-0.007670777069555747	0.7034429655703442	-0.04801059238411285	0.031909396106729625	37	4150205435	common99	qwen35_gitksan_grammar_original_modelgloss_baseline	qwen35_gitksan_pdf1_brown_original_modelgloss_cheatsheet_jpg	qwen35	Gitksan	modelgloss	pdf1_brown	original	cheatsheet_jpg	1.0
0.45192461762879343	0.4486950603691307	-0.003229557259662731	0.8332516674833251	-0.03406134613261028	0.026442789105144707	37	2486189153	common99	qwen35_gitksan_grammar_original_modelgloss_baseline	qwen35_gitksan_pdf1_brown_original_modelgloss_cheatsheet_txt	qwen35	Gitksan	modelgloss	pdf1_brown	original	cheatsheet_txt	1.0
0.45192461762879343	0.46766965775876435	0.01574504012997086	0.4293557064429356	-0.024504466465598826	0.05467640837100711	37	2599485522	common99	qwen35_gitksan_grammar_original_modelgloss_baseline	qwen35_gitksan_pdf1_brown_original_modelgloss_pdfpages_impactful_jpg	qwen35	Gitksan	modelgloss	pdf1_brown	original	pdfpages_impactful_jpg	1.0
0.45192461762879343	0.4429494154614371	-0.008975202167356337	0.6729032709672903	-0.05279286166502011	0.03243312467191661	37	1779977965	common99	qwen35_gitksan_grammar_original_modelgloss_baseline	qwen35_gitksan_pdf1_brown_original_modelgloss_summary_tables_jpg	qwen35	Gitksan	modelgloss	pdf1_brown	original	summary_tables_jpg	1.0
0.45192461762879343	0.42995228276059433	-0.021972334868199116	0.3977360226397736	-0.0778478118716865	0.026094731648225993	37	3848978474	common99	qwen35_gitksan_grammar_original_modelgloss_baseline	qwen35_gitksan_pdf1_brown_original_modelgloss_summary_tables_txt	qwen35	Gitksan	modelgloss	pdf1_brown	original	summary_tables_txt	1.0
0.45192461762879343	0.40819901268224457	-0.043725604946548875	0.06144938550614494	-0.0949938967219881	-0.0021618957354410315	37	1711934244	common99	qwen35_gitksan_grammar_original_modelgloss_baseline	qwen35_gitksan_pdf1_brown_original_modelgloss_summary_text_txt	qwen35	Gitksan	modelgloss	pdf1_brown	original	summary_text_txt	1.0
0.19690055420269836	0.202609602462601	0.005709048259902645	0.5380546194538055	-0.01318509641632034	0.024476242694701684	37	3937082172	common99	qwen35_gitksan_grammar_original_shot_baseline	qwen35_gitksan_pdf1_brown_original_shot_cheatsheet_jpg	qwen35	Gitksan	shot	pdf1_brown	original	cheatsheet_jpg	1.0
0.19690055420269836	0.19815743835391225	0.001256884151213878	0.8522614773852262	-0.011763631320885709	0.014669481936741516	37	3207536838	common99	qwen35_gitksan_grammar_original_shot_baseline	qwen35_gitksan_pdf1_brown_original_shot_cheatsheet_txt	qwen35	Gitksan	shot	pdf1_brown	original	cheatsheet_txt	1.0
0.19690055420269836	0.19854663574212306	0.00164608153942469	0.8216917830821692	-0.012466112816253223	0.016333399340510365	37	898221434	common99	qwen35_gitksan_grammar_original_shot_baseline	qwen35_gitksan_pdf1_brown_original_shot_pdfpages_impactful_jpg	qwen35	Gitksan	shot	pdf1_brown	original	pdfpages_impactful_jpg	1.0
0.19690055420269836	0.197198981771598	0.00029842756889961864	0.975210247897521	-0.019068384890419406	0.017902143843270636	37	3663578145	common99	qwen35_gitksan_grammar_original_shot_baseline	qwen35_gitksan_pdf1_brown_original_shot_summary_tables_jpg	qwen35	Gitksan	shot	pdf1_brown	original	summary_tables_jpg	1.0
0.19690055420269836	0.18929002212511525	-0.007610532077583107	0.17279827201727982	-0.018822608923388492	0.003155166454411838	37	173282906	common99	qwen35_gitksan_grammar_original_shot_baseline	qwen35_gitksan_pdf1_brown_original_shot_summary_tables_txt	qwen35	Gitksan	shot	pdf1_brown	original	summary_tables_txt	1.0
0.19690055420269836	0.2036378170187409	0.006737262816042514	0.3841661583384166	-0.006975985967831031	0.02349159656142865	37	1065679871	common99	qwen35_gitksan_grammar_original_shot_baseline	qwen35_gitksan_pdf1_brown_original_shot_summary_text_txt	qwen35	Gitksan	shot	pdf1_brown	original	summary_text_txt	1.0
0.18876159473045453	0.1664312967174762	-0.02233029801297832	0.1010489895101049	-0.05061752318429785	0.002961167788787454	37	2977172902	common99	qwen35_gitksan_grammar_original_chain_gloss_baseline	qwen35_gitksan_pdf2_rigsby_original_chain_gloss_cheatsheet_jpg	qwen35	Gitksan	chain_gloss	pdf2_rigsby	original	cheatsheet_jpg	1.0
0.18876159473045453	0.203289429078231	0.014527834347776464	0.4086259137408626	-0.020268456366013834	0.04943327102306724	37	100635818	common99	qwen35_gitksan_grammar_original_chain_gloss_baseline	qwen35_gitksan_pdf2_rigsby_original_chain_gloss_cheatsheet_txt	qwen35	Gitksan	chain_gloss	pdf2_rigsby	original	cheatsheet_txt	1.0
0.18876159473045453	0.19012513958119057	0.001363544850736051	0.9254407455925441	-0.02799705974757671	0.031199809888730164	37	714335833	common99	qwen35_gitksan_grammar_original_chain_gloss_baseline	qwen35_gitksan_pdf2_rigsby_original_chain_gloss_pdfpages_impactful_jpg	qwen35	Gitksan	chain_gloss	pdf2_rigsby	original	pdfpages_impactful_jpg	1.0
0.18876159473045453	0.1724948077588468	-0.016266786971607723	0.2644973550264497	-0.04608402406243052	0.011031618039752984	37	40141231	common99	qwen35_gitksan_grammar_original_chain_gloss_baseline	qwen35_gitksan_pdf2_rigsby_original_chain_gloss_summary_tables_jpg	qwen35	Gitksan	chain_gloss	pdf2_rigsby	original	summary_tables_jpg	1.0
0.18876159473045453	0.19502180170368505	0.006260206973230517	0.5387846121538784	-0.011954352586857366	0.028198281444005064	37	3828571288	common99	qwen35_gitksan_grammar_original_chain_gloss_baseline	qwen35_gitksan_pdf2_rigsby_original_chain_gloss_summary_tables_txt	qwen35	Gitksan	chain_gloss	pdf2_rigsby	original	summary_tables_txt	1.0
0.18876159473045453	0.18231179323550817	-0.006449801494946351	0.6110438895611043	-0.03179520669619779	0.01767596079892403	37	1625334761	common99	qwen35_gitksan_grammar_original_chain_gloss_baseline	qwen35_gitksan_pdf2_rigsby_original_chain_gloss_summary_text_txt	qwen35	Gitksan	chain_gloss	pdf2_rigsby	original	summary_text_txt	1.0
0.45192461762879343	0.4530824148977125	0.0011577972689190425	0.9554204457955421	-0.03904384616258982	0.04184507315827382	37	983835803	common99	qwen35_gitksan_grammar_original_modelgloss_baseline	qwen35_gitksan_pdf2_rigsby_original_modelgloss_cheatsheet_jpg	qwen35	Gitksan	modelgloss	pdf2_rigsby	original	cheatsheet_jpg	1.0
0.45192461762879343	0.45011067068254623	-0.001813946946247204	0.9191508084919151	-0.04046230003036357	0.031040378690168662	37	1550265699	common99	qwen35_gitksan_grammar_original_modelgloss_baseline	qwen35_gitksan_pdf2_rigsby_original_modelgloss_cheatsheet_txt	qwen35	Gitksan	modelgloss	pdf2_rigsby	original	cheatsheet_txt	1.0
0.45192461762879343	0.4360873956938048	-0.015837221934988693	0.34391656083439165	-0.049496565718908564	0.01700850205646979	37	2473100536	common99	qwen35_gitksan_grammar_original_modelgloss_baseline	qwen35_gitksan_pdf2_rigsby_original_modelgloss_pdfpages_impactful_jpg	qwen35	Gitksan	modelgloss	pdf2_rigsby	original	pdfpages_impactful_jpg	1.0
0.45192461762879343	0.46342967088158066	0.011505053252787204	0.5266047339526605	-0.023523648022799878	0.0485139467728299	37	1533408968	common99	qwen35_gitksan_grammar_original_modelgloss_baseline	qwen35_gitksan_pdf2_rigsby_original_modelgloss_summary_tables_jpg	qwen35	Gitksan	modelgloss	pdf2_rigsby	original	summary_tables_jpg	1.0
0.45192461762879343	0.4515409654862172	-0.0003836521425762692	0.983930160698393	-0.03828828788891031	0.03828080863364643	37	2882428265	common99	qwen35_gitksan_grammar_original_modelgloss_baseline	qwen35_gitksan_pdf2_rigsby_original_modelgloss_summary_tables_txt	qwen35	Gitksan	modelgloss	pdf2_rigsby	original	summary_tables_txt	1.0
0.45192461762879343	0.45032202069823807	-0.001602596930555395	0.952890471095289	-0.05901618480078272	0.048368124089933726	37	2889214304	common99	qwen35_gitksan_grammar_original_modelgloss_baseline	qwen35_gitksan_pdf2_rigsby_original_modelgloss_summary_text_txt	qwen35	Gitksan	modelgloss	pdf2_rigsby	original	summary_text_txt	1.0
0.19690055420269836	0.18796987569815404	-0.008930678504544336	0.27064729352706474	-0.02597388704684939	0.005877589303496721	37	1363061072	common99	qwen35_gitksan_grammar_original_shot_baseline	qwen35_gitksan_pdf2_rigsby_original_shot_cheatsheet_jpg	qwen35	Gitksan	shot	pdf2_rigsby	original	cheatsheet_jpg	1.0
0.19690055420269836	0.18873068428522832	-0.008169869917470056	0.18508814911850882	-0.020377676949106357	0.003884011562410237	37	1371670716	common99	qwen35_gitksan_grammar_original_shot_baseline	qwen35_gitksan_pdf2_rigsby_original_shot_cheatsheet_txt	qwen35	Gitksan	shot	pdf2_rigsby	original	cheatsheet_txt	1.0
0.19690055420269836	0.18711824574180552	-0.009782308460892859	0.36497635023649766	-0.03312455096055526	0.009376446298650792	37	765787139	common99	qwen35_gitksan_grammar_original_shot_baseline	qwen35_gitksan_pdf2_rigsby_original_shot_pdfpages_impactful_jpg	qwen35	Gitksan	shot	pdf2_rigsby	original	pdfpages_impactful_jpg	1.0
0.19690055420269836	0.19064736466955495	-0.00625318953314343	0.5155248447515525	-0.02620875057638496	0.011817076404553813	37	4160611782	common99	qwen35_gitksan_grammar_original_shot_baseline	qwen35_gitksan_pdf2_rigsby_original_shot_summary_tables_jpg	qwen35	Gitksan	shot	pdf2_rigsby	original	summary_tables_jpg	1.0
0.19690055420269836	0.1938935488059714	-0.003007005396726969	0.6673633263667363	-0.01710106187776939	0.01034521473118581	37	1666055117	common99	qwen35_gitksan_grammar_original_shot_baseline	qwen35_gitksan_pdf2_rigsby_original_shot_summary_tables_txt	qwen35	Gitksan	shot	pdf2_rigsby	original	summary_tables_txt	1.0
0.19690055420269836	0.19850321174473376	0.0016026575420353864	0.8616213837861622	-0.01498769588164379	0.021159238705562577	37	2875121231	common99	qwen35_gitksan_grammar_original_shot_baseline	qwen35_gitksan_pdf2_rigsby_original_shot_summary_text_txt	qwen35	Gitksan	shot	pdf2_rigsby	original	summary_text_txt	1.0
0.21673960598378345	0.19689254137291307	-0.019847064610870404	0.007199928000719993	-0.034719406059761156	-0.005891517061611714	87	2995772101	common99	qwen35_lezgi_grammar_original_chain_gloss_baseline	qwen35_lezgi_grammar_cyrillic_chain_gloss_cheatsheet_jpg	qwen35	Lezgi	chain_gloss	grammar	cyrillic	cheatsheet_jpg	1.0
0.21673960598378345	0.20523057269981537	-0.011509033283968082	0.27845721542784574	-0.03245483637070176	0.00926584889791135	87	330184772	common99	qwen35_lezgi_grammar_original_chain_gloss_baseline	qwen35_lezgi_grammar_cyrillic_chain_gloss_cheatsheet_txt	qwen35	Lezgi	chain_gloss	grammar	cyrillic	cheatsheet_txt	1.0
0.21673960598378345	0.19839977755628782	-0.018339828427495628	0.054759452405475945	-0.03701239148818555	0.0004089270943197569	87	745508738	common99	qwen35_lezgi_grammar_original_chain_gloss_baseline	qwen35_lezgi_grammar_cyrillic_chain_gloss_summary_tables_jpg	qwen35	Lezgi	chain_gloss	grammar	cyrillic	summary_tables_jpg	1.0
0.21673960598378345	0.20225311378980504	-0.014486492193978408	0.1885381146188538	-0.03628133641577315	0.0069066420689909876	87	962928613	common99	qwen35_lezgi_grammar_original_chain_gloss_baseline	qwen35_lezgi_grammar_cyrillic_chain_gloss_summary_tables_txt	qwen35	Lezgi	chain_gloss	grammar	cyrillic	summary_tables_txt	1.0
0.21673960598378345	0.20131105116043968	-0.015428554823343781	0.13937860621393786	-0.03588838920254132	0.005016673617493135	87	3908405736	common99	qwen35_lezgi_grammar_original_chain_gloss_baseline	qwen35_lezgi_grammar_cyrillic_chain_gloss_summary_text_txt	qwen35	Lezgi	chain_gloss	grammar	cyrillic	summary_text_txt	1.0
0.35428207119305927	0.3535826758577906	-0.0006993953352687003	0.9229107708922911	-0.015030268992928931	0.01378796291591107	87	752847891	common99	qwen35_lezgi_grammar_original_modelgloss_baseline	qwen35_lezgi_grammar_cyrillic_modelgloss_cheatsheet_jpg	qwen35	Lezgi	modelgloss	grammar	cyrillic	cheatsheet_jpg	1.0
0.35428207119305927	0.34591414702349693	-0.008367924169562328	0.26467735322646774	-0.023257151085498	0.00648468091827014	87	2661001858	common99	qwen35_lezgi_grammar_original_modelgloss_baseline	qwen35_lezgi_grammar_cyrillic_modelgloss_cheatsheet_txt	qwen35	Lezgi	modelgloss	grammar	cyrillic	cheatsheet_txt	1.0
0.35428207119305927	0.3578619007235286	0.0035798295304693027	0.6274437255627444	-0.01074793737424516	0.018533023453221237	87	181929900	common99	qwen35_lezgi_grammar_original_modelgloss_baseline	qwen35_lezgi_grammar_cyrillic_modelgloss_summary_tables_jpg	qwen35	Lezgi	modelgloss	grammar	cyrillic	summary_tables_jpg	1.0
0.35428207119305927	0.35760302002402555	0.0033209488309662917	0.6234937650623493	-0.00995299300371573	0.016963673085402482	87	1918841287	common99	qwen35_lezgi_grammar_original_modelgloss_baseline	qwen35_lezgi_grammar_cyrillic_modelgloss_summary_tables_txt	qwen35	Lezgi	modelgloss	grammar	cyrillic	summary_tables_txt	1.0
0.35428207119305927	0.34682484202343844	-0.007457229169620864	0.3828961710382896	-0.02439005720461237	0.00937928344369277	87	922570989	common99	qwen35_lezgi_grammar_original_modelgloss_baseline	qwen35_lezgi_grammar_cyrillic_modelgloss_summary_text_txt	qwen35	Lezgi	modelgloss	grammar	cyrillic	summary_text_txt	1.0
0.2102545547759396	0.213972854374469	0.003718299598529421	0.6958730412695873	-0.015355825364247132	0.022133438027966978	87	874895624	common99	qwen35_lezgi_grammar_original_shot_baseline	qwen35_lezgi_grammar_cyrillic_shot_cheatsheet_jpg	qwen35	Lezgi	shot	grammar	cyrillic	cheatsheet_jpg	1.0
0.2102545547759396	0.20608760270921664	-0.004166952066722958	0.6786432135678643	-0.024068774931646622	0.015622803224143623	87	1172787348	common99	qwen35_lezgi_grammar_original_shot_baseline	qwen35_lezgi_grammar_cyrillic_shot_cheatsheet_txt	qwen35	Lezgi	shot	grammar	cyrillic	cheatsheet_txt	1.0
0.2102545547759396	0.21254407160583583	0.0022895168298962473	0.8121518784812152	-0.016879361842212996	0.021241374433725715	87	32616296	common99	qwen35_lezgi_grammar_original_shot_baseline	qwen35_lezgi_grammar_cyrillic_shot_summary_tables_jpg	qwen35	Lezgi	shot	grammar	cyrillic	summary_tables_jpg	1.0
0.2102545547759396	0.19904854739534444	-0.011206007380595153	0.2864171358286417	-0.032353717506188776	0.008944427410418945	87	2229648238	common99	qwen35_lezgi_grammar_original_shot_baseline	qwen35_lezgi_grammar_cyrillic_shot_summary_tables_txt	qwen35	Lezgi	shot	grammar	cyrillic	summary_tables_txt	1.0
0.2102545547759396	0.1946811011467857	-0.015573453629153898	0.08007919920800792	-0.033586535517169135	0.0012305682439399618	87	4104984526	common99	qwen35_lezgi_grammar_original_shot_baseline	qwen35_lezgi_grammar_cyrillic_shot_summary_text_txt	qwen35	Lezgi	shot	grammar	cyrillic	summary_text_txt	1.0
0.21673960598378345	0.20498405919335355	-0.011755546790429916	0.26578734212657873	-0.03263921162391873	0.009071436243923902	87	1030849112	common99	qwen35_lezgi_grammar_original_chain_gloss_baseline	qwen35_lezgi_grammar_original_chain_gloss_cheatsheet_jpg	qwen35	Lezgi	chain_gloss	grammar	original	cheatsheet_jpg	1.0
0.21673960598378345	0.21062645110590705	-0.006113154877876413	0.5942140578594214	-0.028799704485840488	0.016497313496710225	87	3314700156	common99	qwen35_lezgi_grammar_original_chain_gloss_baseline	qwen35_lezgi_grammar_original_chain_gloss_cheatsheet_txt	qwen35	Lezgi	chain_gloss	grammar	original	cheatsheet_txt	1.0
0.21673960598378345	0.20446777395133314	-0.012271832032450315	0.3116068839311607	-0.03603642712208046	0.011740510122871943	87	3988076257	common99	qwen35_lezgi_grammar_original_chain_gloss_baseline	qwen35_lezgi_grammar_original_chain_gloss_pdfpages_impactful_jpg	qwen35	Lezgi	chain_gloss	grammar	original	pdfpages_impactful_jpg	1.0
0.21673960598378345	0.201677154364257	-0.015062451619526436	0.1807381926180738	-0.036903310233149036	0.007181743894243377	87	1178841629	common99	qwen35_lezgi_grammar_original_chain_gloss_baseline	qwen35_lezgi_grammar_original_chain_gloss_summary_tables_jpg	qwen35	Lezgi	chain_gloss	grammar	original	summary_tables_jpg	1.0
0.21673960598378345	0.18743896852622086	-0.02930063745756259	0.012539874601253987	-0.052505726527808036	-0.006541716285991953	87	2828734640	common99	qwen35_lezgi_grammar_original_chain_gloss_baseline	qwen35_lezgi_grammar_original_chain_gloss_summary_tables_txt	qwen35	Lezgi	chain_gloss	grammar	original	summary_tables_txt	1.0
0.21673960598378345	0.2041227882620932	-0.012616817721690255	0.2620473795262047	-0.034576944328159435	0.009741756230078889	87	4133923660	common99	qwen35_lezgi_grammar_original_chain_gloss_baseline	qwen35_lezgi_grammar_original_chain_gloss_summary_text_txt	qwen35	Lezgi	chain_gloss	grammar	original	summary_text_txt	1.0
0.35428207119305927	0.3545782225227904	0.00029615132973111907	0.9677103228967711	-0.014294954504946182	0.014663422657926192	87	2635066857	common99	qwen35_lezgi_grammar_original_modelgloss_baseline	qwen35_lezgi_grammar_original_modelgloss_cheatsheet_jpg	qwen35	Lezgi	modelgloss	grammar	original	cheatsheet_jpg	1.0
0.35428207119305927	0.347943182392367	-0.006338888800692284	0.4227657723422766	-0.022167019274128574	0.009332011565137868	87	3775991905	common99	qwen35_lezgi_grammar_original_modelgloss_baseline	qwen35_lezgi_grammar_original_modelgloss_cheatsheet_txt	qwen35	Lezgi	modelgloss	grammar	original	cheatsheet_txt	1.0
0.35428207119305927	0.3596046793906168	0.005322608197557515	0.5229947700522994	-0.011053082661639	0.021947746749581956	87	312991412	common99	qwen35_lezgi_grammar_original_modelgloss_baseline	qwen35_lezgi_grammar_original_modelgloss_pdfpages_impactful_jpg	qwen35	Lezgi	modelgloss	grammar	original	pdfpages_impactful_jpg	1.0
0.35428207119305927	0.3525699520933217	-0.0017121190997375839	0.8401415985840142	-0.01858694472874718	0.015082894008735127	87	3788075775	common99	qwen35_lezgi_grammar_original_modelgloss_baseline	qwen35_lezgi_grammar_original_modelgloss_summary_tables_jpg	qwen35	Lezgi	modelgloss	grammar	original	summary_tables_jpg	1.0
0.35428207119305927	0.3463993863812808	-0.007882684811778453	0.3142768572314277	-0.02363521491402182	0.007168121879984586	87	1092735053	common99	qwen35_lezgi_grammar_original_modelgloss_baseline	qwen35_lezgi_grammar_original_modelgloss_summary_tables_txt	qwen35	Lezgi	modelgloss	grammar	original	summary_tables_txt	1.0
0.35428207119305927	0.3506164036091717	-0.0036656675838876046	0.7040429595704043	-0.02262973711536876	0.015183605054586094	87	990421234	common99	qwen35_lezgi_grammar_original_modelgloss_baseline	qwen35_lezgi_grammar_original_modelgloss_summary_text_txt	qwen35	Lezgi	modelgloss	grammar	original	summary_text_txt	1.0
0.2102545547759396	0.21445548791309882	0.0042009331371592375	0.6243537564624354	-0.013017566720473356	0.020779354082441876	87	3911079772	common99	qwen35_lezgi_grammar_original_shot_baseline	qwen35_lezgi_grammar_original_shot_cheatsheet_jpg	qwen35	Lezgi	shot	grammar	original	cheatsheet_jpg	1.0
0.2102545547759396	0.19513966066056285	-0.015114894115376747	0.06988930110698893	-0.03213830529658616	0.0006570760995663371	87	415547095	common99	qwen35_lezgi_grammar_original_shot_baseline	qwen35_lezgi_grammar_original_shot_cheatsheet_txt	qwen35	Lezgi	shot	grammar	original	cheatsheet_txt	1.0
0.2102545547759396	0.20809014158687372	-0.0021644131890658676	0.8105018949810502	-0.020402461296782394	0.015415876709866785	87	2415632648	common99	qwen35_lezgi_grammar_original_shot_baseline	qwen35_lezgi_grammar_original_shot_pdfpages_impactful_jpg	qwen35	Lezgi	shot	grammar	original	pdfpages_impactful_jpg	1.0
0.2102545547759396	0.2162127642967235	0.005958209520783918	0.5524444755552445	-0.013760933650379208	0.02541244454553415	87	1335392381	common99	qwen35_lezgi_grammar_original_shot_baseline	qwen35_lezgi_grammar_original_shot_summary_tables_jpg	qwen35	Lezgi	shot	grammar	original	summary_tables_jpg	1.0
0.2102545547759396	0.20110450993324147	-0.009150044842698109	0.3870761292387076	-0.030258018782512202	0.011336527955343663	87	2767628273	common99	qwen35_lezgi_grammar_original_shot_baseline	qwen35_lezgi_grammar_original_shot_summary_tables_txt	qwen35	Lezgi	shot	grammar	original	summary_tables_txt	1.0
0.2102545547759396	0.19305662442555374	-0.017197930350385863	0.05525944740552594	-0.03522816366119974	-5.902561905055359e-05	87	673099706	common99	qwen35_lezgi_grammar_original_shot_baseline	qwen35_lezgi_grammar_original_shot_summary_text_txt	qwen35	Lezgi	shot	grammar	original	summary_text_txt	1.0
0.16613300227456623	0.162242961426576	-0.003890040847990248	0.6109738902610974	-0.019607490995390848	0.010703634803719593	99	2894280040	common99	qwen35_natugu_grammar_original_chain_gloss_baseline	qwen35_natugu_grammar_original_chain_gloss_cheatsheet_jpg	qwen35	Natugu	chain_gloss	grammar	original	cheatsheet_jpg	1.0
0.16613300227456623	0.1628596307051302	-0.003273371569436006	0.7186928130718693	-0.021699102444931714	0.013987987763201341	99	3816085320	common99	qwen35_natugu_grammar_original_chain_gloss_baseline	qwen35_natugu_grammar_original_chain_gloss_cheatsheet_txt	qwen35	Natugu	chain_gloss	grammar	original	cheatsheet_txt	1.0
0.16613300227456623	0.16703095490282233	0.0008979526282560945	0.924390756092439	-0.017728076175306782	0.019623455220852216	99	4244362293	common99	qwen35_natugu_grammar_original_chain_gloss_baseline	qwen35_natugu_grammar_original_chain_gloss_pdfpages_impactful_jpg	qwen35	Natugu	chain_gloss	grammar	original	pdfpages_impactful_jpg	1.0
0.16613300227456623	0.1614494775280808	-0.0046835247464854304	0.5687543124568755	-0.02138166706256493	0.011141537671739402	99	1258018203	common99	qwen35_natugu_grammar_original_chain_gloss_baseline	qwen35_natugu_grammar_original_chain_gloss_summary_tables_jpg	qwen35	Natugu	chain_gloss	grammar	original	summary_tables_jpg	1.0
0.16613300227456623	0.15383129581959562	-0.01230170645497062	0.10475895241047589	-0.027945703461841498	0.001854990402029596	99	3830363362	common99	qwen35_natugu_grammar_original_chain_gloss_baseline	qwen35_natugu_grammar_original_chain_gloss_summary_tables_txt	qwen35	Natugu	chain_gloss	grammar	original	summary_tables_txt	1.0
0.16613300227456623	0.16203152109878233	-0.004101481175783909	0.6466135338646614	-0.021957725055064214	0.013453613293140824	99	1727968102	common99	qwen35_natugu_grammar_original_chain_gloss_baseline	qwen35_natugu_grammar_original_chain_gloss_summary_text_txt	qwen35	Natugu	chain_gloss	grammar	original	summary_text_txt	1.0
0.40947346705378906	0.40356125276197086	-0.005912214291818214	0.37907620923790764	-0.0191724629320129	0.0072099035624602825	99	2680927985	common99	qwen35_natugu_grammar_original_modelgloss_baseline	qwen35_natugu_grammar_original_modelgloss_cheatsheet_jpg	qwen35	Natugu	modelgloss	grammar	original	cheatsheet_jpg	1.0
0.40947346705378906	0.4021972128839204	-0.0072762541698687	0.3199068009319907	-0.021777242102255723	0.007173976354827784	99	784010612	common99	qwen35_natugu_grammar_original_modelgloss_baseline	qwen35_natugu_grammar_original_modelgloss_cheatsheet_txt	qwen35	Natugu	modelgloss	grammar	original	cheatsheet_txt	1.0
0.40947346705378906	0.4015217251849897	-0.007951741868799383	0.1783882161178388	-0.0198785342991051	0.003488948625145528	99	800169718	common99	qwen35_natugu_grammar_original_modelgloss_baseline	qwen35_natugu_grammar_original_modelgloss_pdfpages_impactful_jpg	qwen35	Natugu	modelgloss	grammar	original	pdfpages_impactful_jpg	1.0
0.40947346705378906	0.40642620924145284	-0.0030472578123362376	0.5897441025589744	-0.014071137126949096	0.008047214650897054	99	3292413984	common99	qwen35_natugu_grammar_original_modelgloss_baseline	qwen35_natugu_grammar_original_modelgloss_summary_tables_jpg	qwen35	Natugu	modelgloss	grammar	original	summary_tables_jpg	1.0
0.40947346705378906	0.39815127924837246	-0.011322187805416608	0.12266877331226687	-0.026109784179263643	0.00265520056991866	99	4192475698	common99	qwen35_natugu_grammar_original_modelgloss_baseline	qwen35_natugu_grammar_original_modelgloss_summary_tables_txt	qwen35	Natugu	modelgloss	grammar	original	summary_tables_txt	1.0
0.40947346705378906	0.39404454962773755	-0.015428917426051516	0.01829981700182998	-0.02878725571614323	-0.0033175349461309856	99	1767217699	common99	qwen35_natugu_grammar_original_modelgloss_baseline	qwen35_natugu_grammar_original_modelgloss_summary_text_txt	qwen35	Natugu	modelgloss	grammar	original	summary_text_txt	1.0
0.17047436128963123	0.16176528265379897	-0.008709078635832276	0.26011739882601176	-0.02392326650407278	0.006744588337688111	99	1280337239	common99	qwen35_natugu_grammar_original_shot_baseline	qwen35_natugu_grammar_original_shot_cheatsheet_jpg	qwen35	Natugu	shot	grammar	original	cheatsheet_jpg	1.0
0.17047436128963123	0.1760689468696864	0.00559458558005516	0.47734522654773454	-0.009650227752975136	0.021464219034621194	99	2943420384	common99	qwen35_natugu_grammar_original_shot_baseline	qwen35_natugu_grammar_original_shot_cheatsheet_txt	qwen35	Natugu	shot	grammar	original	cheatsheet_txt	1.0
0.17047436128963123	0.17822930006065754	0.007754938771026303	0.3205967940320597	-0.006794814720298304	0.023716910488226182	99	3824223665	common99	qwen35_natugu_grammar_original_shot_baseline	qwen35_natugu_grammar_original_shot_pdfpages_impactful_jpg	qwen35	Natugu	shot	grammar	original	pdfpages_impactful_jpg	1.0
0.17047436128963123	0.16610507922943193	-0.004369282060199314	0.5310346896531035	-0.01829024989421319	0.0094199024178464	99	291844959	common99	qwen35_natugu_grammar_original_shot_baseline	qwen35_natugu_grammar_original_shot_summary_tables_jpg	qwen35	Natugu	shot	grammar	original	summary_tables_jpg	1.0
0.17047436128963123	0.16678019951690326	-0.0036941617727279663	0.6035939640603594	-0.017668809483975468	0.010605171723573482	99	3400142582	common99	qwen35_natugu_grammar_original_shot_baseline	qwen35_natugu_grammar_original_shot_summary_tables_txt	qwen35	Natugu	shot	grammar	original	summary_tables_txt	1.0
0.17047436128963123	0.16982080524015908	-0.0006535560494721538	0.930330696693033	-0.015167452423184206	0.013905039474819643	99	2993992551	common99	qwen35_natugu_grammar_original_shot_baseline	qwen35_natugu_grammar_original_shot_summary_text_txt	qwen35	Natugu	shot	grammar	original	summary_text_txt	1.0
0.13578099343511793	0.1233544470083834	-0.012426546426734538	0.01023989760102399	-0.022466815703294493	-0.0035890611434223705	99	789606996	common99	qwen35_tsez_grammar_original_chain_gloss_baseline	qwen35_tsez_grammar_original_chain_gloss_cheatsheet_jpg	qwen35	Tsez	chain_gloss	grammar	original	cheatsheet_jpg	1.0
0.13578099343511793	0.13367556765525027	-0.0021054257798676537	0.7013629863701363	-0.013241988738453144	0.008278219857149653	99	3205643670	common99	qwen35_tsez_grammar_original_chain_gloss_baseline	qwen35_tsez_grammar_original_chain_gloss_cheatsheet_txt	qwen35	Tsez	chain_gloss	grammar	original	cheatsheet_txt	1.0
0.13578099343511793	0.12805808200077576	-0.007722911434342163	0.2110978890211098	-0.02008485752487122	0.004453277164562176	99	3358005785	common99	qwen35_tsez_grammar_original_chain_gloss_baseline	qwen35_tsez_grammar_original_chain_gloss_pdfpages_impactful_jpg	qwen35	Tsez	chain_gloss	grammar	original	pdfpages_impactful_jpg	1.0
0.13578099343511793	0.1269399495136858	-0.00884104392143211	0.036509634903650966	-0.017707844878161193	-0.0010772176858301124	99	2057293051	common99	qwen35_tsez_grammar_original_chain_gloss_baseline	qwen35_tsez_grammar_original_chain_gloss_summary_tables_jpg	qwen35	Tsez	chain_gloss	grammar	original	summary_tables_jpg	1.0
0.13578099343511793	0.13008858632258694	-0.005692407112530988	0.27783722162778374	-0.016572693667628546	0.004122199460563028	99	3645586829	common99	qwen35_tsez_grammar_original_chain_gloss_baseline	qwen35_tsez_grammar_original_chain_gloss_summary_tables_txt	qwen35	Tsez	chain_gloss	grammar	original	summary_tables_txt	1.0
0.13578099343511793	0.1315228214318102	-0.0042581720033077275	0.4484955150448495	-0.015532918261232397	0.006664492829580494	99	3646613462	common99	qwen35_tsez_grammar_original_chain_gloss_baseline	qwen35_tsez_grammar_original_chain_gloss_summary_text_txt	qwen35	Tsez	chain_gloss	grammar	original	summary_text_txt	1.0
0.35900232225957546	0.3428928174003206	-0.016109504859254817	0.028949710502894972	-0.03081612135612904	-0.0018492007910302238	99	2853735161	common99	qwen35_tsez_grammar_original_modelgloss_baseline	qwen35_tsez_grammar_original_modelgloss_cheatsheet_jpg	qwen35	Tsez	modelgloss	grammar	original	cheatsheet_jpg	1.0
0.35900232225957546	0.3568296476144983	-0.0021726746450770984	0.7879921200787993	-0.017782253550008086	0.01401972961094644	99	1136417776	common99	qwen35_tsez_grammar_original_modelgloss_baseline	qwen35_tsez_grammar_original_modelgloss_cheatsheet_txt	qwen35	Tsez	modelgloss	grammar	original	cheatsheet_txt	1.0
0.35900232225957546	0.3546326798622054	-0.0043696423973700015	0.5985440145598544	-0.02084949734159792	0.011665610075373235	99	3840853895	common99	qwen35_tsez_grammar_original_modelgloss_baseline	qwen35_tsez_grammar_original_modelgloss_pdfpages_impactful_jpg	qwen35	Tsez	modelgloss	grammar	original	pdfpages_impactful_jpg	1.0
0.35900232225957546	0.3365593858138479	-0.022442936445727493	0.007189928100718993	-0.03913229035796842	-0.006286569507886671	99	1827013768	common99	qwen35_tsez_grammar_original_modelgloss_baseline	qwen35_tsez_grammar_original_modelgloss_summary_tables_jpg	qwen35	Tsez	modelgloss	grammar	original	summary_tables_jpg	1.0
0.35900232225957546	0.3556546536509437	-0.0033476686086317507	0.6636133638663614	-0.018825833337626063	0.011567924015525014	99	2405076429	common99	qwen35_tsez_grammar_original_modelgloss_baseline	qwen35_tsez_grammar_original_modelgloss_summary_tables_txt	qwen35	Tsez	modelgloss	grammar	original	summary_tables_txt	1.0
0.35900232225957546	0.3644040598712786	0.005401737611703199	0.5080649193508064	-0.010652554467922506	0.0215296615592458	99	4089211458	common99	qwen35_tsez_grammar_original_modelgloss_baseline	qwen35_tsez_grammar_original_modelgloss_summary_text_txt	qwen35	Tsez	modelgloss	grammar	original	summary_text_txt	1.0
0.13499985560022218	0.13697474645544785	0.00197489085522565	0.7037029629703703	-0.008494722875154981	0.012442437066423761	99	2384361689	common99	qwen35_tsez_grammar_original_shot_baseline	qwen35_tsez_grammar_original_shot_cheatsheet_jpg	qwen35	Tsez	shot	grammar	original	cheatsheet_jpg	1.0
0.13499985560022218	0.14607779937561113	0.01107794377538893	0.02058979410205898	0.0023570197173441313	0.021020799045535644	99	1036955948	common99	qwen35_tsez_grammar_original_shot_baseline	qwen35_tsez_grammar_original_shot_cheatsheet_txt	qwen35	Tsez	shot	grammar	original	cheatsheet_txt	1.0
0.13499985560022218	0.13211958035074098	-0.002880275249481201	0.5006649933500665	-0.011462207085857485	0.005419385980701801	99	4116042498	common99	qwen35_tsez_grammar_original_shot_baseline	qwen35_tsez_grammar_original_shot_pdfpages_impactful_jpg	qwen35	Tsez	shot	grammar	original	pdfpages_impactful_jpg	1.0
0.13499985560022218	0.13645623375972113	0.0014563781594989277	0.7760922390776093	-0.00884309623465694	0.011696842542350877	99	1425148294	common99	qwen35_tsez_grammar_original_shot_baseline	qwen35_tsez_grammar_original_shot_summary_tables_jpg	qwen35	Tsez	shot	grammar	original	summary_tables_jpg	1.0
0.13499985560022218	0.13808394373968394	0.0030840881394617486	0.3977960220397796	-0.003946016772151595	0.010414887669336306	99	3346161296	common99	qwen35_tsez_grammar_original_shot_baseline	qwen35_tsez_grammar_original_shot_summary_tables_txt	qwen35	Tsez	shot	grammar	original	summary_tables_txt	1.0
0.13499985560022218	0.13899866747434694	0.003998811874124739	0.41119588804111956	-0.004662086571933644	0.014414711924965936	99	2828783751	common99	qwen35_tsez_grammar_original_shot_baseline	qwen35_tsez_grammar_original_shot_summary_text_txt	qwen35	Tsez	shot	grammar	original	summary_text_txt	1.0
0.18441005272639766	0.17511891009839806	-0.009291142627999589	0.3733662663373366	-0.03011188834301523	0.010687145610918861	37	1801620602	common99	qwen3_gitksan_grammar_original_chain_gloss_baseline	qwen3_gitksan_pdf1_brown_original_chain_gloss_cheatsheet_jpg	qwen3	Gitksan	chain_gloss	pdf1_brown	original	cheatsheet_jpg	1.0
0.18441005272639766	0.17848070992811307	-0.005929342798284582	0.47737522624773754	-0.022685718883735103	0.010511196439934738	37	4018653193	common99	qwen3_gitksan_grammar_original_chain_gloss_baseline	qwen3_gitksan_pdf1_brown_original_chain_gloss_cheatsheet_txt	qwen3	Gitksan	chain_gloss	pdf1_brown	original	cheatsheet_txt	1.0
0.18441005272639766	0.18601358379866625	0.001603531072268615	0.8601113988860112	-0.0175204419757466	0.019460670665107847	37	1836540713	common99	qwen3_gitksan_grammar_original_chain_gloss_baseline	qwen3_gitksan_pdf1_brown_original_chain_gloss_pdfpages_impactful_jpg	qwen3	Gitksan	chain_gloss	pdf1_brown	original	pdfpages_impactful_jpg	1.0
0.18441005272639766	0.1867942904701104	0.00238423774371276	0.8562814371856281	-0.02123924931259574	0.029857137366323856	37	1202566405	common99	qwen3_gitksan_grammar_original_chain_gloss_baseline	qwen3_gitksan_pdf1_brown_original_chain_gloss_summary_tables_jpg	qwen3	Gitksan	chain_gloss	pdf1_brown	original	summary_tables_jpg	1.0
0.18441005272639766	0.19289094189534317	0.00848088916894552	0.3299167008329917	-0.0086570515976967	0.025399071360762054	37	2051386567	common99	qwen3_gitksan_grammar_original_chain_gloss_baseline	qwen3_gitksan_pdf1_brown_original_chain_gloss_summary_tables_txt	qwen3	Gitksan	chain_gloss	pdf1_brown	original	summary_tables_txt	1.0
0.18441005272639766	0.18984488478383502	0.005434832057437381	0.7692323076769232	-0.03430664254402791	0.040756236449689474	37	4221099819	common99	qwen3_gitksan_grammar_original_chain_gloss_baseline	qwen3_gitksan_pdf1_brown_original_chain_gloss_summary_text_txt	qwen3	Gitksan	chain_gloss	pdf1_brown	original	summary_text_txt	1.0
0.43246806634439006	0.42531700190660116	-0.007151064437788886	0.4994150058499415	-0.02880618496722466	0.012886810715536798	37	1704535781	common99	qwen3_gitksan_grammar_original_modelgloss_baseline	qwen3_gitksan_pdf1_brown_original_modelgloss_cheatsheet_jpg	qwen3	Gitksan	modelgloss	pdf1_brown	original	cheatsheet_jpg	1.0
0.43246806634439006	0.4520015080232878	0.019533441678897756	0.25603743962560377	-0.012600220246492181	0.0550805560136969	37	2436862360	common99	qwen3_gitksan_grammar_original_modelgloss_baseline	qwen3_gitksan_pdf1_brown_original_modelgloss_cheatsheet_txt	qwen3	Gitksan	modelgloss	pdf1_brown	original	cheatsheet_txt	1.0
0.43246806634439006	0.4033847616330997	-0.02908330471129031	0.16431835681643184	-0.07105217162217643	0.010819586215389719	37	1306124416	common99	qwen3_gitksan_grammar_original_modelgloss_baseline	qwen3_gitksan_pdf1_brown_original_modelgloss_pdfpages_impactful_jpg	qwen3	Gitksan	modelgloss	pdf1_brown	original	pdfpages_impactful_jpg	1.0
0.43246806634439006	0.42577992842809576	-0.006688137916294304	0.6870831291687083	-0.03924229710388022	0.026768879532008547	37	2851436054	common99	qwen3_gitksan_grammar_original_modelgloss_baseline	qwen3_gitksan_pdf1_brown_original_modelgloss_summary_tables_jpg	qwen3	Gitksan	modelgloss	pdf1_brown	original	summary_tables_jpg	1.0
0.43246806634439006	0.4366122892982251	0.0041442229538350495	0.7837221627783723	-0.024929197313817764	0.0347874396807841	37	3520617013	common99	qwen3_gitksan_grammar_original_modelgloss_baseline	qwen3_gitksan_pdf1_brown_original_modelgloss_summary_tables_txt	qwen3	Gitksan	modelgloss	pdf1_brown	original	summary_tables_txt	1.0
0.43246806634439006	0.4475452448870685	0.015077178542678421	0.16401835981640184	-0.006972697155701142	0.03577848445322061	37	327300394	common99	qwen3_gitksan_grammar_original_modelgloss_baseline	qwen3_gitksan_pdf1_brown_original_modelgloss_summary_text_txt	qwen3	Gitksan	modelgloss	pdf1_brown	original	summary_text_txt	1.0
0.220044582679465	0.20703920883101387	-0.01300537384845115	0.23420765792342077	-0.03705627317162784	0.006444274357243156	37	238269474	common99	qwen3_gitksan_grammar_original_shot_baseline	qwen3_gitksan_pdf1_brown_original_shot_cheatsheet_jpg	qwen3	Gitksan	shot	pdf1_brown	original	cheatsheet_jpg	1.0
0.220044582679465	0.22449505792276278	0.004450475243297783	0.7269327306726933	-0.019940078515257382	0.029583207240982613	37	40107537	common99	qwen3_gitksan_grammar_original_shot_baseline	qwen3_gitksan_pdf1_brown_original_shot_cheatsheet_txt	qwen3	Gitksan	shot	pdf1_brown	original	cheatsheet_txt	1.0
0.220044582679465	0.1963002669650155	-0.023744315714449495	0.035089649103508966	-0.04670034664607531	-0.0025323566552755018	37	1872489564	common99	qwen3_gitksan_grammar_original_shot_baseline	qwen3_gitksan_pdf1_brown_original_shot_pdfpages_impactful_jpg	qwen3	Gitksan	shot	pdf1_brown	original	pdfpages_impactful_jpg	1.0
0.220044582679465	0.21263943250114853	-0.007405150178316477	0.46721532784672154	-0.02915598102719396	0.010899839363992213	37	806214520	common99	qwen3_gitksan_grammar_original_shot_baseline	qwen3_gitksan_pdf1_brown_original_shot_summary_tables_jpg	qwen3	Gitksan	shot	pdf1_brown	original	summary_tables_jpg	1.0
0.220044582679465	0.20094330286657489	-0.01910127981289013	0.14673853261467384	-0.04700963025459566	0.0048906030485758485	37	965983883	common99	qwen3_gitksan_grammar_original_shot_baseline	qwen3_gitksan_pdf1_brown_original_shot_summary_tables_txt	qwen3	Gitksan	shot	pdf1_brown	original	summary_tables_txt	1.0
0.220044582679465	0.21652226552769943	-0.0035223171517655655	0.7623823761762383	-0.02644070667290204	0.019794729145596157	37	1293522146	common99	qwen3_gitksan_grammar_original_shot_baseline	qwen3_gitksan_pdf1_brown_original_shot_summary_text_txt	qwen3	Gitksan	shot	pdf1_brown	original	summary_text_txt	1.0
0.18441005272639766	0.16912339486785838	-0.015286657858539271	0.0958790412095879	-0.03399906258123951	0.0019488993981802729	37	1020283212	common99	qwen3_gitksan_grammar_original_chain_gloss_baseline	qwen3_gitksan_pdf2_rigsby_original_chain_gloss_cheatsheet_jpg	qwen3	Gitksan	chain_gloss	pdf2_rigsby	original	cheatsheet_jpg	1.0
0.18441005272639766	0.17365408809603872	-0.010755964630358928	0.17938820611793882	-0.027388409781899	0.00410337993321386	37	1634828313	common99	qwen3_gitksan_grammar_original_chain_gloss_baseline	qwen3_gitksan_pdf2_rigsby_original_chain_gloss_cheatsheet_txt	qwen3	Gitksan	chain_gloss	pdf2_rigsby	original	cheatsheet_txt	1.0
0.18441005272639766	0.18594678612174215	0.0015367333953445021	0.8621613783862161	-0.015076403294664776	0.01946555237613014	37	3733996128	common99	qwen3_gitksan_grammar_original_chain_gloss_baseline	qwen3_gitksan_pdf2_rigsby_original_chain_gloss_pdfpages_impactful_jpg	qwen3	Gitksan	chain_gloss	pdf2_rigsby	original	pdfpages_impactful_jpg	1.0
0.18441005272639766	0.1809635061669994	-0.0034465465593982387	0.7790722092779072	-0.026546680861832324	0.022830915138930832	37	969904229	common99	qwen3_gitksan_grammar_original_chain_gloss_baseline	qwen3_gitksan_pdf2_rigsby_original_chain_gloss_summary_tables_jpg	qwen3	Gitksan	chain_gloss	pdf2_rigsby	original	summary_tables_jpg	1.0
0.18441005272639766	0.18173638993018382	-0.00267366279621382	0.8420215797842021	-0.02594121080898755	0.026407971348915527	37	2870123955	common99	qwen3_gitksan_grammar_original_chain_gloss_baseline	qwen3_gitksan_pdf2_rigsby_original_chain_gloss_summary_tables_txt	qwen3	Gitksan	chain_gloss	pdf2_rigsby	original	summary_tables_txt	1.0
0.18441005272639766	0.1830490553701246	-0.0013609973562730324	0.915970840291597	-0.027808564523788718	0.023766357300652036	37	1687661475	common99	qwen3_gitksan_grammar_original_chain_gloss_baseline	qwen3_gitksan_pdf2_rigsby_original_chain_gloss_summary_text_txt	qwen3	Gitksan	chain_gloss	pdf2_rigsby	original	summary_text_txt	1.0
0.43246806634439006	0.42572701239102595	-0.0067410539533640885	0.7003529964700353	-0.040290808501477156	0.028747518088769266	37	4162025888	common99	qwen3_gitksan_grammar_original_modelgloss_baseline	qwen3_gitksan_pdf2_rigsby_original_modelgloss_cheatsheet_jpg	qwen3	Gitksan	modelgloss	pdf2_rigsby	original	cheatsheet_jpg	1.0
0.43246806634439006	0.42876179616998983	-0.0037062701744002267	0.8154618453815462	-0.03366055981432264	0.02910420885561273	37	2690753329	common99	qwen3_gitksan_grammar_original_modelgloss_baseline	qwen3_gitksan_pdf2_rigsby_original_modelgloss_cheatsheet_txt	qwen3	Gitksan	modelgloss	pdf2_rigsby	original	cheatsheet_txt	1.0
0.43246806634439006	0.4316540847758989	-0.0008139815684911367	0.948250517494825	-0.02540748880521671	0.02344272416588421	37	2714658165	common99	qwen3_gitksan_grammar_original_modelgloss_baseline	qwen3_gitksan_pdf2_rigsby_original_modelgloss_pdfpages_impactful_jpg	qwen3	Gitksan	modelgloss	pdf2_rigsby	original	pdfpages_impactful_jpg	1.0
0.43246806634439006	0.43161848127036484	-0.0008495850740252314	0.958440415595844	-0.032153867633157474	0.0316082686336862	37	224367234	common99	qwen3_gitksan_grammar_original_modelgloss_baseline	qwen3_gitksan_pdf2_rigsby_original_modelgloss_summary_tables_jpg	qwen3	Gitksan	modelgloss	pdf2_rigsby	original	summary_tables_jpg	1.0
0.43246806634439006	0.4299380656432461	-0.0025300007011439347	0.8735012649873501	-0.032679121251645925	0.030373700562159746	37	3309526837	common99	qwen3_gitksan_grammar_original_modelgloss_baseline	qwen3_gitksan_pdf2_rigsby_original_modelgloss_summary_tables_txt	qwen3	Gitksan	modelgloss	pdf2_rigsby	original	summary_tables_txt	1.0
0.43246806634439006	0.4359012983135275	0.0034332319691374497	0.8321616783832162	-0.028166654313335548	0.036599719423700015	37	1045652046	common99	qwen3_gitksan_grammar_original_modelgloss_baseline	qwen3_gitksan_pdf2_rigsby_original_modelgloss_summary_text_txt	qwen3	Gitksan	modelgloss	pdf2_rigsby	original	summary_text_txt	1.0
0.220044582679465	0.2095003987889032	-0.0105441838905618	0.38805611943880564	-0.036525957236016114	0.010932535189833188	37	2432378613	common99	qwen3_gitksan_grammar_original_shot_baseline	qwen3_gitksan_pdf2_rigsby_original_shot_cheatsheet_jpg	qwen3	Gitksan	shot	pdf2_rigsby	original	cheatsheet_jpg	1.0
0.220044582679465	0.21000108928293795	-0.010043493396527058	0.34579654203457966	-0.030969668265331436	0.011158622927158222	37	4139729302	common99	qwen3_gitksan_grammar_original_shot_baseline	qwen3_gitksan_pdf2_rigsby_original_shot_cheatsheet_txt	qwen3	Gitksan	shot	pdf2_rigsby	original	cheatsheet_txt	1.0
0.220044582679465	0.2139505876882656	-0.00609399499119939	0.6259837401625984	-0.03219638138606741	0.016862047549236443	37	1535942244	common99	qwen3_gitksan_grammar_original_shot_baseline	qwen3_gitksan_pdf2_rigsby_original_shot_pdfpages_impactful_jpg	qwen3	Gitksan	shot	pdf2_rigsby	original	pdfpages_impactful_jpg	1.0
0.220044582679465	0.20833518577588572	-0.0117093969035793	0.31124688753112467	-0.03687753465932769	0.008405751664493534	37	3690548669	common99	qwen3_gitksan_grammar_original_shot_baseline	qwen3_gitksan_pdf2_rigsby_original_shot_summary_tables_jpg	qwen3	Gitksan	shot	pdf2_rigsby	original	summary_tables_jpg	1.0
0.220044582679465	0.20237703621387482	-0.017667546465590194	0.13558864411355886	-0.04300330496720366	0.003548802178655113	37	2949145624	common99	qwen3_gitksan_grammar_original_shot_baseline	qwen3_gitksan_pdf2_rigsby_original_shot_summary_tables_txt	qwen3	Gitksan	shot	pdf2_rigsby	original	summary_tables_txt	1.0
0.220044582679465	0.2030863614903914	-0.016958221189073613	0.1964880351196488	-0.04423499065577178	0.007494230221050816	37	2306221593	common99	qwen3_gitksan_grammar_original_shot_baseline	qwen3_gitksan_pdf2_rigsby_original_shot_summary_text_txt	qwen3	Gitksan	shot	pdf2_rigsby	original	summary_text_txt	1.0
0.15703006628258476	0.15630746178928462	-0.00072260449330012	0.930450695493045	-0.016624881320729333	0.015960875701630226	87	2320609263	common99	qwen3_lezgi_grammar_original_chain_gloss_baseline	qwen3_lezgi_grammar_cyrillic_chain_gloss_cheatsheet_jpg	qwen3	Lezgi	chain_gloss	grammar	cyrillic	cheatsheet_jpg	1.0
0.15703006628258476	0.15280650633162465	-0.004223559950960094	0.6198938010619893	-0.020681032947339546	0.01281063692622828	87	708152137	common99	qwen3_lezgi_grammar_original_chain_gloss_baseline	qwen3_lezgi_grammar_cyrillic_chain_gloss_cheatsheet_txt	qwen3	Lezgi	chain_gloss	grammar	cyrillic	cheatsheet_txt	1.0
0.15703006628258476	0.15446293148501167	-0.0025671347975730896	0.7654523454765453	-0.019192708581257826	0.014965183632555354	87	970246575	common99	qwen3_lezgi_grammar_original_chain_gloss_baseline	qwen3_lezgi_grammar_cyrillic_chain_gloss_summary_tables_jpg	qwen3	Lezgi	chain_gloss	grammar	cyrillic	summary_tables_jpg	1.0
0.15703006628258476	0.15829601096010756	0.0012659446775228128	0.8661813381866181	-0.013300694176263507	0.016351266040456017	87	2601553921	common99	qwen3_lezgi_grammar_original_chain_gloss_baseline	qwen3_lezgi_grammar_cyrillic_chain_gloss_summary_tables_txt	qwen3	Lezgi	chain_gloss	grammar	cyrillic	summary_tables_txt	1.0
0.15703006628258476	0.14574225178395195	-0.011287814498632804	0.11487885121148789	-0.025377254459964124	0.002998576859204923	87	4118137012	common99	qwen3_lezgi_grammar_original_chain_gloss_baseline	qwen3_lezgi_grammar_cyrillic_chain_gloss_summary_text_txt	qwen3	Lezgi	chain_gloss	grammar	cyrillic	summary_text_txt	1.0
0.3344304770573802	0.3263441178647951	-0.008086359192585123	0.3072169278307217	-0.023972730214397105	0.007151105186377415	87	4264822865	common99	qwen3_lezgi_grammar_original_modelgloss_baseline	qwen3_lezgi_grammar_cyrillic_modelgloss_cheatsheet_jpg	qwen3	Lezgi	modelgloss	grammar	cyrillic	cheatsheet_jpg	1.0
0.3344304770573802	0.3440451171548887	0.009614640097508485	0.23392766072339277	-0.005871722960694767	0.025906281976093508	87	401440312	common99	qwen3_lezgi_grammar_original_modelgloss_baseline	qwen3_lezgi_grammar_cyrillic_modelgloss_cheatsheet_txt	qwen3	Lezgi	modelgloss	grammar	cyrillic	cheatsheet_txt	1.0
0.3344304770573802	0.3322628781884566	-0.002167598868923626	0.8173018269817302	-0.020855422831814865	0.016304711344512713	87	1061038849	common99	qwen3_lezgi_grammar_original_modelgloss_baseline	qwen3_lezgi_grammar_cyrillic_modelgloss_summary_tables_jpg	qwen3	Lezgi	modelgloss	grammar	cyrillic	summary_tables_jpg	1.0
0.3344304770573802	0.34761574376246024	0.013185266705080011	0.053729462705372946	0.0003740787099318947	0.02718059735736627	87	3328724823	common99	qwen3_lezgi_grammar_original_modelgloss_baseline	qwen3_lezgi_grammar_cyrillic_modelgloss_summary_tables_txt	qwen3	Lezgi	modelgloss	grammar	cyrillic	summary_tables_txt	1.0
0.3344304770573802	0.3372173145755954	0.0027868375182151794	0.6989230107698923	-0.01151460853201904	0.016982699765813073	87	4307174298	common99	qwen3_lezgi_grammar_original_modelgloss_baseline	qwen3_lezgi_grammar_cyrillic_modelgloss_summary_text_txt	qwen3	Lezgi	modelgloss	grammar	cyrillic	summary_text_txt	1.0
0.16404719368137163	0.15277772876380505	-0.011269464917566585	0.10609893901060989	-0.025022723106132155	0.0024326608034557166	87	1634814167	common99	qwen3_lezgi_grammar_original_shot_baseline	qwen3_lezgi_grammar_cyrillic_shot_cheatsheet_jpg	qwen3	Lezgi	shot	grammar	cyrillic	cheatsheet_jpg	1.0
0.16404719368137163	0.14425522482943262	-0.019791968851939016	0.008099919000809992	-0.035058936829967746	-0.006244473180722919	87	737486945	common99	qwen3_lezgi_grammar_original_shot_baseline	qwen3_lezgi_grammar_cyrillic_shot_cheatsheet_txt	qwen3	Lezgi	shot	grammar	cyrillic	cheatsheet_txt	1.0
0.16404719368137163	0.14494643206226415	-0.019100761619107478	0.015309846901530985	-0.03503294840198139	-0.004234227398945682	87	3466055127	common99	qwen3_lezgi_grammar_original_shot_baseline	qwen3_lezgi_grammar_cyrillic_shot_summary_tables_jpg	qwen3	Lezgi	shot	grammar	cyrillic	summary_tables_jpg	1.0
0.16404719368137163	0.1581611704381033	-0.005886023243268331	0.34173658263417367	-0.018126609022247376	0.006496664841027774	87	655971282	common99	qwen3_lezgi_grammar_original_shot_baseline	qwen3_lezgi_grammar_cyrillic_shot_summary_tables_txt	qwen3	Lezgi	shot	grammar	cyrillic	summary_tables_txt	1.0
0.16404719368137163	0.1535277452277041	-0.010519448453667521	0.1977180228197718	-0.026910295682134978	0.005510906102242822	87	3158392809	common99	qwen3_lezgi_grammar_original_shot_baseline	qwen3_lezgi_grammar_cyrillic_shot_summary_text_txt	qwen3	Lezgi	shot	grammar	cyrillic	summary_text_txt	1.0
0.15703006628258476	0.1709687738925561	0.013938707609971365	0.15107848921510786	-0.004324668620167102	0.0337168828338042	87	869343608	common99	qwen3_lezgi_grammar_original_chain_gloss_baseline	qwen3_lezgi_grammar_original_chain_gloss_cheatsheet_jpg	qwen3	Lezgi	chain_gloss	grammar	original	cheatsheet_jpg	1.0
0.15703006628258476	0.1620292622467567	0.0049991959641719685	0.5962740372596274	-0.013037501326922711	0.024199411020367996	87	359186648	common99	qwen3_lezgi_grammar_original_chain_gloss_baseline	qwen3_lezgi_grammar_original_chain_gloss_cheatsheet_txt	qwen3	Lezgi	chain_gloss	grammar	original	cheatsheet_txt	1.0
0.15703006628258476	0.14293425247587008	-0.014095813806714683	0.05027949720502795	-0.02846815689713105	-0.0002576635636646185	87	3886169720	common99	qwen3_lezgi_grammar_original_chain_gloss_baseline	qwen3_lezgi_grammar_original_chain_gloss_pdfpages_impactful_jpg	qwen3	Lezgi	chain_gloss	grammar	original	pdfpages_impactful_jpg	1.0
0.15703006628258476	0.15330941966552844	-0.0037206466170563095	0.6623333766662334	-0.020244583622391878	0.013419259724945846	87	1676396395	common99	qwen3_lezgi_grammar_original_chain_gloss_baseline	qwen3_lezgi_grammar_original_chain_gloss_summary_tables_jpg	qwen3	Lezgi	chain_gloss	grammar	original	summary_tables_jpg	1.0
0.15703006628258476	0.1590580968507405	0.002028030568155749	0.8211217887821122	-0.015275049147506554	0.019940052768108486	87	1414225425	common99	qwen3_lezgi_grammar_original_chain_gloss_baseline	qwen3_lezgi_grammar_original_chain_gloss_summary_tables_txt	qwen3	Lezgi	chain_gloss	grammar	original	summary_tables_txt	1.0
0.15703006628258476	0.1539212617723421	-0.0031088045102426374	0.7010129898701013	-0.01870517433760152	0.013133527865183759	87	3106459184	common99	qwen3_lezgi_grammar_original_chain_gloss_baseline	qwen3_lezgi_grammar_original_chain_gloss_summary_text_txt	qwen3	Lezgi	chain_gloss	grammar	original	summary_text_txt	1.0
0.3344304770573802	0.3362642274848346	0.0018337504274543674	0.8202117978820211	-0.013876561340929443	0.01781319659845582	87	3517780791	common99	qwen3_lezgi_grammar_original_modelgloss_baseline	qwen3_lezgi_grammar_original_modelgloss_cheatsheet_jpg	qwen3	Lezgi	modelgloss	grammar	original	cheatsheet_jpg	1.0
0.3344304770573802	0.34693976277592536	0.012509285718545147	0.15710842891571083	-0.004998244148218766	0.029857136822980013	87	4137968928	common99	qwen3_lezgi_grammar_original_modelgloss_baseline	qwen3_lezgi_grammar_original_modelgloss_cheatsheet_txt	qwen3	Lezgi	modelgloss	grammar	original	cheatsheet_txt	1.0
0.3344304770573802	0.3258870852062072	-0.00854339185117305	0.2920970790292097	-0.024711825154807354	0.007268917121678233	87	1265906180	common99	qwen3_lezgi_grammar_original_modelgloss_baseline	qwen3_lezgi_grammar_original_modelgloss_pdfpages_impactful_jpg	qwen3	Lezgi	modelgloss	grammar	original	pdfpages_impactful_jpg	1.0
0.3344304770573802	0.3299567098247594	-0.004473767232620853	0.6202637973620264	-0.02240718133190925	0.013150762969991929	87	686418202	common99	qwen3_lezgi_grammar_original_modelgloss_baseline	qwen3_lezgi_grammar_original_modelgloss_summary_tables_jpg	qwen3	Lezgi	modelgloss	grammar	original	summary_tables_jpg	1.0
0.3344304770573802	0.3419187378951873	0.007488260837807052	0.26398736012639873	-0.005050229803584082	0.021305326586482147	87	3456963032	common99	qwen3_lezgi_grammar_original_modelgloss_baseline	qwen3_lezgi_grammar_original_modelgloss_summary_tables_txt	qwen3	Lezgi	modelgloss	grammar	original	summary_tables_txt	1.0
0.3344304770573802	0.3428577311422633	0.008427254084883064	0.19014809851901482	-0.004220347710210701	0.02108255585591338	87	1392748355	common99	qwen3_lezgi_grammar_original_modelgloss_baseline	qwen3_lezgi_grammar_original_modelgloss_summary_text_txt	qwen3	Lezgi	modelgloss	grammar	original	summary_text_txt	1.0
0.16404719368137163	0.16277169924357843	-0.0012754944377932056	0.8609813901860981	-0.015671094121604126	0.01396898687870679	87	2620846975	common99	qwen3_lezgi_grammar_original_shot_baseline	qwen3_lezgi_grammar_original_shot_cheatsheet_jpg	qwen3	Lezgi	shot	grammar	original	cheatsheet_jpg	1.0
0.16404719368137163	0.15323907119789343	-0.010808122483478195	0.12981870181298186	-0.02505300496544303	0.0031432577333916144	87	4231130040	common99	qwen3_lezgi_grammar_original_shot_baseline	qwen3_lezgi_grammar_original_shot_cheatsheet_txt	qwen3	Lezgi	shot	grammar	original	cheatsheet_txt	1.0
0.16404719368137163	0.1488915006148404	-0.015155693066531214	0.027839721602783973	-0.02939904666794785	-0.0024078946539211592	87	620970849	common99	qwen3_lezgi_grammar_original_shot_baseline	qwen3_lezgi_grammar_original_shot_pdfpages_impactful_jpg	qwen3	Lezgi	shot	grammar	original	pdfpages_impactful_jpg	1.0
0.16404719368137163	0.15030729796352058	-0.013739895717851046	0.12060879391206088	-0.031348964903803386	0.0034620031671619886	87	3611771419	common99	qwen3_lezgi_grammar_original_shot_baseline	qwen3_lezgi_grammar_original_shot_summary_tables_jpg	qwen3	Lezgi	shot	grammar	original	summary_tables_jpg	1.0
0.16404719368137163	0.15303204645370616	-0.011015147227665474	0.07936920630793692	-0.02364224091215037	0.0010697943361839884	87	712425624	common99	qwen3_lezgi_grammar_original_shot_baseline	qwen3_lezgi_grammar_original_shot_summary_tables_txt	qwen3	Lezgi	shot	grammar	original	summary_tables_txt	1.0
0.16404719368137163	0.15031699099759946	-0.013730202683772164	0.03318966810331897	-0.027063972209633757	-0.00174890181970323	87	2682587430	common99	qwen3_lezgi_grammar_original_shot_baseline	qwen3_lezgi_grammar_original_shot_summary_text_txt	qwen3	Lezgi	shot	grammar	original	summary_text_txt	1.0
0.17625243593044956	0.16989975226948958	-0.0063526836609599565	0.42492575074249256	-0.022166170919257582	0.009434014754463926	99	4154311652	common99	qwen3_natugu_grammar_original_chain_gloss_baseline	qwen3_natugu_grammar_original_chain_gloss_cheatsheet_jpg	qwen3	Natugu	chain_gloss	grammar	original	cheatsheet_jpg	1.0
0.17625243593044956	0.16460786443768124	-0.011644571492768298	0.17268827311726884	-0.028894679118512255	0.004952687169942589	99	1845271436	common99	qwen3_natugu_grammar_original_chain_gloss_baseline	qwen3_natugu_grammar_original_chain_gloss_cheatsheet_txt	qwen3	Natugu	chain_gloss	grammar	original	cheatsheet_txt	1.0
0.17625243593044956	0.14017572735596184	-0.036076708574487706	0.001879981200187998	-0.059321254506857705	-0.015202814752631116	99	2662734431	common99	qwen3_natugu_grammar_original_chain_gloss_baseline	qwen3_natugu_grammar_original_chain_gloss_pdfpages_impactful_jpg	qwen3	Natugu	chain_gloss	grammar	original	pdfpages_impactful_jpg	1.0
0.17625243593044956	0.16103104351445882	-0.015221392415990733	0.07652923470765292	-0.032480762580955266	0.0012915263799103747	99	1580488894	common99	qwen3_natugu_grammar_original_chain_gloss_baseline	qwen3_natugu_grammar_original_chain_gloss_summary_tables_jpg	qwen3	Natugu	chain_gloss	grammar	original	summary_tables_jpg	1.0
0.17625243593044956	0.17407588179063316	-0.0021765541398163996	0.8024919750802492	-0.01920888882431418	0.015134851493392911	99	2668309640	common99	qwen3_natugu_grammar_original_chain_gloss_baseline	qwen3_natugu_grammar_original_chain_gloss_summary_tables_txt	qwen3	Natugu	chain_gloss	grammar	original	summary_tables_txt	1.0
0.17625243593044956	0.17871260469911074	0.0024601687686611907	0.8054019459805402	-0.01743354525304202	0.02197133399960066	99	3078810082	common99	qwen3_natugu_grammar_original_chain_gloss_baseline	qwen3_natugu_grammar_original_chain_gloss_summary_text_txt	qwen3	Natugu	chain_gloss	grammar	original	summary_text_txt	1.0
0.39692837978252254	0.3888348401194871	-0.00809353966303546	0.3039469605303947	-0.02361667573527254	0.007309577625357738	99	1611592278	common99	qwen3_natugu_grammar_original_modelgloss_baseline	qwen3_natugu_grammar_original_modelgloss_cheatsheet_jpg	qwen3	Natugu	modelgloss	grammar	original	cheatsheet_jpg	1.0
0.39692837978252254	0.3933732949122034	-0.003555084870319174	0.6048539514604854	-0.016768254256910746	0.010340402215117155	99	4178556266	common99	qwen3_natugu_grammar_original_modelgloss_baseline	qwen3_natugu_grammar_original_modelgloss_cheatsheet_txt	qwen3	Natugu	modelgloss	grammar	original	cheatsheet_txt	1.0
0.39692837978252254	0.38059832230962887	-0.016330057472893685	0.06639933600663993	-0.03430465698016412	0.0005758674909369997	99	347555405	common99	qwen3_natugu_grammar_original_modelgloss_baseline	qwen3_natugu_grammar_original_modelgloss_pdfpages_impactful_jpg	qwen3	Natugu	modelgloss	grammar	original	pdfpages_impactful_jpg	1.0
0.39692837978252254	0.385347789887226	-0.011580589895296579	0.09093909060909391	-0.025364987890828736	0.0015875559789363743	99	1569864282	common99	qwen3_natugu_grammar_original_modelgloss_baseline	qwen3_natugu_grammar_original_modelgloss_summary_tables_jpg	qwen3	Natugu	modelgloss	grammar	original	summary_tables_jpg	1.0
0.39692837978252254	0.39565464869292094	-0.001273731089601613	0.8580614193858062	-0.015502907678183882	0.012659057079240518	99	3163246257	common99	qwen3_natugu_grammar_original_modelgloss_baseline	qwen3_natugu_grammar_original_modelgloss_summary_tables_txt	qwen3	Natugu	modelgloss	grammar	original	summary_tables_txt	1.0
0.39692837978252254	0.4042808520372468	0.007352472254724214	0.33783662163378364	-0.007583365137829924	0.022639534012837845	99	1447297543	common99	qwen3_natugu_grammar_original_modelgloss_baseline	qwen3_natugu_grammar_original_modelgloss_summary_text_txt	qwen3	Natugu	modelgloss	grammar	original	summary_text_txt	1.0
0.1660729782900425	0.16641983578000405	0.00034685748996156633	0.951420485795142	-0.011011950912499653	0.012066279035626024	99	519498835	common99	qwen3_natugu_grammar_original_shot_baseline	qwen3_natugu_grammar_original_shot_cheatsheet_jpg	qwen3	Natugu	shot	grammar	original	cheatsheet_jpg	1.0
0.1660729782900425	0.17324898226393592	0.007176003973893445	0.1804881951180488	-0.0026526757769963958	0.0184435933865983	99	3563069869	common99	qwen3_natugu_grammar_original_shot_baseline	qwen3_natugu_grammar_original_shot_cheatsheet_txt	qwen3	Natugu	shot	grammar	original	cheatsheet_txt	1.0
0.1660729782900425	0.1742583034616528	0.008185325171610322	0.34591654083459167	-0.00829837116591557	0.02578208797583074	99	3510176032	common99	qwen3_natugu_grammar_original_shot_baseline	qwen3_natugu_grammar_original_shot_pdfpages_impactful_jpg	qwen3	Natugu	shot	grammar	original	pdfpages_impactful_jpg	1.0
0.1660729782900425	0.16446134959808503	-0.0016116286919574546	0.7763422365776342	-0.01252833793334888	0.01009516795024727	99	985374898	common99	qwen3_natugu_grammar_original_shot_baseline	qwen3_natugu_grammar_original_shot_summary_tables_jpg	qwen3	Natugu	shot	grammar	original	summary_tables_jpg	1.0
0.1660729782900425	0.17654973908205224	0.010476760792009758	0.0891891081089189	-0.0011214813763144	0.02315875851558615	99	1731671318	common99	qwen3_natugu_grammar_original_shot_baseline	qwen3_natugu_grammar_original_shot_summary_tables_txt	qwen3	Natugu	shot	grammar	original	summary_tables_txt	1.0
0.1660729782900425	0.17757892021627136	0.01150594192622888	0.08521914780852191	-0.0008061801638416541	0.025470666649440924	99	336972941	common99	qwen3_natugu_grammar_original_shot_baseline	qwen3_natugu_grammar_original_shot_summary_text_txt	qwen3	Natugu	shot	grammar	original	summary_text_txt	1.0
0.12991704814361804	0.12359939748891677	-0.006317650654701272	0.11327886721132789	-0.014296672195948735	0.0012869573094778557	99	1144177739	common99	qwen3_tsez_grammar_original_chain_gloss_baseline	qwen3_tsez_grammar_original_chain_gloss_cheatsheet_jpg	qwen3	Tsez	chain_gloss	grammar	original	cheatsheet_jpg	1.0
0.12991704814361804	0.12580023721011	-0.004116810933508054	0.2764172358276417	-0.011590017788488453	0.003298236967788802	99	3309559026	common99	qwen3_tsez_grammar_original_chain_gloss_baseline	qwen3_tsez_grammar_original_chain_gloss_cheatsheet_txt	qwen3	Tsez	chain_gloss	grammar	original	cheatsheet_txt	1.0
0.12991704814361804	0.12462989737590154	-0.0052871507677164946	0.2004579954200458	-0.013461227991589993	0.002738104820853527	99	1061081019	common99	qwen3_tsez_grammar_original_chain_gloss_baseline	qwen3_tsez_grammar_original_chain_gloss_pdfpages_impactful_jpg	qwen3	Tsez	chain_gloss	grammar	original	pdfpages_impactful_jpg	1.0
0.12991704814361804	0.1255441548848393	-0.0043728932587787355	0.14040859591404087	-0.01030643121010125	0.0013294187666039244	99	1580315308	common99	qwen3_tsez_grammar_original_chain_gloss_baseline	qwen3_tsez_grammar_original_chain_gloss_summary_tables_jpg	qwen3	Tsez	chain_gloss	grammar	original	summary_tables_jpg	1.0
0.12991704814361804	0.1269634741574827	-0.002953573986135348	0.36251637483625165	-0.009513748139895573	0.0032674757632041155	99	1929817082	common99	qwen3_tsez_grammar_original_chain_gloss_baseline	qwen3_tsez_grammar_original_chain_gloss_summary_tables_txt	qwen3	Tsez	chain_gloss	grammar	original	summary_tables_txt	1.0
0.12991704814361804	0.13492564616179226	0.0050085980181742195	0.35155648443515564	-0.004840998526549699	0.016233104235972417	99	4188619713	common99	qwen3_tsez_grammar_original_chain_gloss_baseline	qwen3_tsez_grammar_original_chain_gloss_summary_text_txt	qwen3	Tsez	chain_gloss	grammar	original	summary_text_txt	1.0
0.35226383060216904	0.34204462268436797	-0.010219207917801057	0.2122478775212248	-0.026481766543454594	0.005632769359708429	99	1880512252	common99	qwen3_tsez_grammar_original_modelgloss_baseline	qwen3_tsez_grammar_original_modelgloss_cheatsheet_jpg	qwen3	Tsez	modelgloss	grammar	original	cheatsheet_jpg	1.0
0.35226383060216904	0.3522511600243925	-1.2670577776552451e-05	0.998040019599804	-0.010008822571523864	0.009888837770605924	99	560618037	common99	qwen3_tsez_grammar_original_modelgloss_baseline	qwen3_tsez_grammar_original_modelgloss_cheatsheet_txt	qwen3	Tsez	modelgloss	grammar	original	cheatsheet_txt	1.0
0.35226383060216904	0.33913847465406766	-0.01312535594810139	0.12793872061279388	-0.02986035984423425	0.003913164204645024	99	3182024320	common99	qwen3_tsez_grammar_original_modelgloss_baseline	qwen3_tsez_grammar_original_modelgloss_pdfpages_impactful_jpg	qwen3	Tsez	modelgloss	grammar	original	pdfpages_impactful_jpg	1.0
0.35226383060216904	0.34479703927280925	-0.007466791329359767	0.34410655893441067	-0.02276621545768446	0.008259109857332223	99	3947527811	common99	qwen3_tsez_grammar_original_modelgloss_baseline	qwen3_tsez_grammar_original_modelgloss_summary_tables_jpg	qwen3	Tsez	modelgloss	grammar	original	summary_tables_jpg	1.0
0.35226383060216904	0.35710275165661415	0.004838921054445132	0.4017859821401786	-0.006386775615615675	0.016296693165269143	99	2459945310	common99	qwen3_tsez_grammar_original_modelgloss_baseline	qwen3_tsez_grammar_original_modelgloss_summary_tables_txt	qwen3	Tsez	modelgloss	grammar	original	summary_tables_txt	1.0
0.35226383060216904	0.3567434118101091	0.004479581207940073	0.5184748152518475	-0.009654406266230523	0.017949018303794067	99	3426862426	common99	qwen3_tsez_grammar_original_modelgloss_baseline	qwen3_tsez_grammar_original_modelgloss_summary_text_txt	qwen3	Tsez	modelgloss	grammar	original	summary_text_txt	1.0
0.13731773987864004	0.13568567243790386	-0.0016320674407361733	0.7427425725742742	-0.012161541624803736	0.007823393339611061	99	1923409091	common99	qwen3_tsez_grammar_original_shot_baseline	qwen3_tsez_grammar_original_shot_cheatsheet_jpg	qwen3	Tsez	shot	grammar	original	cheatsheet_jpg	1.0
0.13731773987864004	0.1332854926586151	-0.004032247220024918	0.2836371636283637	-0.011446482560249287	0.00333076493080818	99	2926004891	common99	qwen3_tsez_grammar_original_shot_baseline	qwen3_tsez_grammar_original_shot_cheatsheet_txt	qwen3	Tsez	shot	grammar	original	cheatsheet_txt	1.0
0.13731773987864004	0.13410070395529872	-0.003217035923341308	0.5215547844521555	-0.01373314747041223	0.006168776601929248	99	1159767439	common99	qwen3_tsez_grammar_original_shot_baseline	qwen3_tsez_grammar_original_shot_pdfpages_impactful_jpg	qwen3	Tsez	shot	grammar	original	pdfpages_impactful_jpg	1.0
0.13731773987864004	0.13570152388678658	-0.0016162159918534636	0.7525724742752572	-0.012362619165820304	0.00823358192174422	99	3483226715	common99	qwen3_tsez_grammar_original_shot_baseline	qwen3_tsez_grammar_original_shot_summary_tables_jpg	qwen3	Tsez	shot	grammar	original	summary_tables_jpg	1.0
0.13731773987864004	0.13838022646277842	0.0010624865841383886	0.7920720792792072	-0.006803302760377073	0.009067669305762254	99	2711086295	common99	qwen3_tsez_grammar_original_shot_baseline	qwen3_tsez_grammar_original_shot_summary_tables_txt	qwen3	Tsez	shot	grammar	original	summary_tables_txt	1.0
0.13731773987864004	0.13798327902049728	0.0006655391418572628	0.8954310456895431	-0.009780285106689638	0.010384079810194286	99	468604521	common99	qwen3_tsez_grammar_original_shot_baseline	qwen3_tsez_grammar_original_shot_summary_text_txt	qwen3	Tsez	shot	grammar	original	summary_text_txt	1.0
