model	source	language	condition	method	left	right	view	metric	baseline_score	mtob_score	delta_mtob_minus_baseline	relative_change_percent	higher_is_better	p_raw	p_holm	significant_holm
qwen3	gitksan_pdf1	gitksan	ge	shot	matched_qwen3_gitksan_shot	mtob_qwen3_gitksan_pdf1_ge	raw	BLEU	3.057502296489219	0.0	-3.057502296489219	-100.0	True	0.009459905400945991	1.0	False
qwen3	gitksan_pdf1	gitksan	ge	shot	matched_qwen3_gitksan_shot	mtob_qwen3_gitksan_pdf1_ge	raw	chrF	24.96354083434935	17.390667309879255	-7.5728735244700935	-30.33573472097342	True	0.0005099949000509995	0.07241927580724193	False
qwen3	gitksan_pdf1	gitksan	ge	shot	matched_qwen3_gitksan_shot	mtob_qwen3_gitksan_pdf1_ge	raw	rouge1	0.2187767883666037	0.13354680742054126	-0.08522998094606243	-38.95750622467443	True			
qwen3	gitksan_pdf1	gitksan	ge	shot	matched_qwen3_gitksan_shot	mtob_qwen3_gitksan_pdf1_ge	raw	rouge2	0.07697122891942891	0.04221227029997754	-0.03475895861945137	-45.15837814650974	True			
qwen3	gitksan_pdf1	gitksan	ge	shot	matched_qwen3_gitksan_shot	mtob_qwen3_gitksan_pdf1_ge	raw	rougeL	0.2091299118886077	0.12485708023262901	-0.08427283165597868	-40.29688096500816	True			
qwen3	gitksan_pdf1	gitksan	ge	shot	matched_qwen3_gitksan_shot	mtob_qwen3_gitksan_pdf1_ge	raw	CharacTER	0.8113716912184762	0.8391106510169637	0.027738959798487506	3.4187734300700785	False			
qwen3	gitksan_pdf1	gitksan	ge	shot	matched_qwen3_gitksan_shot	mtob_qwen3_gitksan_pdf1_ge	extracted	BLEU	3.057502296489219	0.0	-3.057502296489219	-100.0	True	0.009459905400945991	1.0	False
qwen3	gitksan_pdf1	gitksan	ge	shot	matched_qwen3_gitksan_shot	mtob_qwen3_gitksan_pdf1_ge	extracted	chrF	24.96354083434935	18.588709662714788	-6.374831171634561	-25.536566362664853	True	0.0034999650003499964	0.41999580004199955	False
qwen3	gitksan_pdf1	gitksan	ge	shot	matched_qwen3_gitksan_shot	mtob_qwen3_gitksan_pdf1_ge	extracted	rouge1	0.2187767883666037	0.14714236314812013	-0.07163442521848357	-32.74315605110993	True			
qwen3	gitksan_pdf1	gitksan	ge	shot	matched_qwen3_gitksan_shot	mtob_qwen3_gitksan_pdf1_ge	extracted	rouge2	0.07697122891942891	0.047688703862222584	-0.029282525057206327	-38.04346827807357	True			
qwen3	gitksan_pdf1	gitksan	ge	shot	matched_qwen3_gitksan_shot	mtob_qwen3_gitksan_pdf1_ge	extracted	rougeL	0.2091299118886077	0.13698595230090582	-0.07214395958770187	-34.497197907360615	True			
qwen3	gitksan_pdf1	gitksan	ge	shot	matched_qwen3_gitksan_shot	mtob_qwen3_gitksan_pdf1_ge	extracted	CharacTER	0.8113716912184762	0.8260161499895012	0.014644458771025048	1.804901370053071	False			
qwen3	gitksan_pdf1	gitksan	ge	chain_gloss	matched_qwen3_gitksan_chain_gloss	mtob_qwen3_gitksan_pdf1_ge	raw	BLEU	2.392884993035676	0.0	-2.392884993035676	-100.0	True	0.034639653603463966	1.0	False
qwen3	gitksan_pdf1	gitksan	ge	chain_gloss	matched_qwen3_gitksan_chain_gloss	mtob_qwen3_gitksan_pdf1_ge	raw	chrF	26.99811293958759	17.390667309879255	-9.607445629708334	-35.58561908088341	True	9.99990000099999e-06	0.0035999640003599965	True
qwen3	gitksan_pdf1	gitksan	ge	chain_gloss	matched_qwen3_gitksan_chain_gloss	mtob_qwen3_gitksan_pdf1_ge	raw	rouge1	0.24057729841718764	0.13354680742054126	-0.10703049099664638	-44.48902356989797	True			
qwen3	gitksan_pdf1	gitksan	ge	chain_gloss	matched_qwen3_gitksan_chain_gloss	mtob_qwen3_gitksan_pdf1_ge	raw	rouge2	0.06928412268705286	0.04221227029997754	-0.027071852387075324	-39.07367422310487	True			
qwen3	gitksan_pdf1	gitksan	ge	chain_gloss	matched_qwen3_gitksan_chain_gloss	mtob_qwen3_gitksan_pdf1_ge	raw	rougeL	0.21411103077393653	0.12485708023262901	-0.08925395054130753	-41.685825442381784	True			
qwen3	gitksan_pdf1	gitksan	ge	chain_gloss	matched_qwen3_gitksan_chain_gloss	mtob_qwen3_gitksan_pdf1_ge	raw	CharacTER	0.790531416905044	0.8391106510169637	0.04857923411191967	6.145136432668159	False			
qwen3	gitksan_pdf1	gitksan	ge	chain_gloss	matched_qwen3_gitksan_chain_gloss	mtob_qwen3_gitksan_pdf1_ge	extracted	BLEU	2.392884993035676	0.0	-2.392884993035676	-100.0	True	0.034639653603463966	1.0	False
qwen3	gitksan_pdf1	gitksan	ge	chain_gloss	matched_qwen3_gitksan_chain_gloss	mtob_qwen3_gitksan_pdf1_ge	extracted	chrF	26.99811293958759	18.588709662714788	-8.409403276872801	-31.148115039336744	True	9.99990000099999e-06	0.0035999640003599965	True
qwen3	gitksan_pdf1	gitksan	ge	chain_gloss	matched_qwen3_gitksan_chain_gloss	mtob_qwen3_gitksan_pdf1_ge	extracted	rouge1	0.24057729841718764	0.14714236314812013	-0.09343493526906752	-38.83780218823515	True			
qwen3	gitksan_pdf1	gitksan	ge	chain_gloss	matched_qwen3_gitksan_chain_gloss	mtob_qwen3_gitksan_pdf1_ge	extracted	rouge2	0.06928412268705286	0.047688703862222584	-0.02159541882483028	-31.169361734396066	True			
qwen3	gitksan_pdf1	gitksan	ge	chain_gloss	matched_qwen3_gitksan_chain_gloss	mtob_qwen3_gitksan_pdf1_ge	extracted	rougeL	0.21411103077393653	0.13698595230090582	-0.07712507847303071	-36.02106729123227	True			
qwen3	gitksan_pdf1	gitksan	ge	chain_gloss	matched_qwen3_gitksan_chain_gloss	mtob_qwen3_gitksan_pdf1_ge	extracted	CharacTER	0.790531416905044	0.8260161499895012	0.03548473308445721	4.488718895370545	False			
qwen3	gitksan_pdf1	gitksan	ge	modelgloss	matched_qwen3_gitksan_modelgloss	mtob_qwen3_gitksan_pdf1_ge	raw	BLEU	14.169956994566913	0.0	-14.169956994566913	-100.0	True	9.99990000099999e-06	0.0035999640003599965	True
qwen3	gitksan_pdf1	gitksan	ge	modelgloss	matched_qwen3_gitksan_modelgloss	mtob_qwen3_gitksan_pdf1_ge	raw	chrF	48.74009425848996	17.390667309879255	-31.349426948610706	-64.3195862165367	True	9.99990000099999e-06	0.0035999640003599965	True
qwen3	gitksan_pdf1	gitksan	ge	modelgloss	matched_qwen3_gitksan_modelgloss	mtob_qwen3_gitksan_pdf1_ge	raw	rouge1	0.4996294332266017	0.13354680742054126	-0.36608262580606044	-73.2708286303116	True			
qwen3	gitksan_pdf1	gitksan	ge	modelgloss	matched_qwen3_gitksan_modelgloss	mtob_qwen3_gitksan_pdf1_ge	raw	rouge2	0.22760853290795516	0.04221227029997754	-0.18539626260797762	-81.45400360844636	True			
qwen3	gitksan_pdf1	gitksan	ge	modelgloss	matched_qwen3_gitksan_modelgloss	mtob_qwen3_gitksan_pdf1_ge	raw	rougeL	0.43881267393860773	0.12485708023262901	-0.3139555937059787	-71.54661028544102	True			
qwen3	gitksan_pdf1	gitksan	ge	modelgloss	matched_qwen3_gitksan_modelgloss	mtob_qwen3_gitksan_pdf1_ge	raw	CharacTER	0.6241072778532669	0.8391106510169637	0.21500337316369678	34.449746188386214	False			
qwen3	gitksan_pdf1	gitksan	ge	modelgloss	matched_qwen3_gitksan_modelgloss	mtob_qwen3_gitksan_pdf1_ge	extracted	BLEU	14.169956994566913	0.0	-14.169956994566913	-100.0	True	9.99990000099999e-06	0.0035999640003599965	True
qwen3	gitksan_pdf1	gitksan	ge	modelgloss	matched_qwen3_gitksan_modelgloss	mtob_qwen3_gitksan_pdf1_ge	extracted	chrF	48.74009425848996	18.588709662714788	-30.151384595775173	-61.86156398440521	True	9.99990000099999e-06	0.0035999640003599965	True
qwen3	gitksan_pdf1	gitksan	ge	modelgloss	matched_qwen3_gitksan_modelgloss	mtob_qwen3_gitksan_pdf1_ge	extracted	rouge1	0.4996294332266017	0.14714236314812013	-0.35248707007848157	-70.54970076565019	True			
qwen3	gitksan_pdf1	gitksan	ge	modelgloss	matched_qwen3_gitksan_modelgloss	mtob_qwen3_gitksan_pdf1_ge	extracted	rouge2	0.22760853290795516	0.047688703862222584	-0.17991982904573256	-79.04792792566002	True			
qwen3	gitksan_pdf1	gitksan	ge	modelgloss	matched_qwen3_gitksan_modelgloss	mtob_qwen3_gitksan_pdf1_ge	extracted	rougeL	0.43881267393860773	0.13698595230090582	-0.3018267216377019	-68.78258983010348	True			
qwen3	gitksan_pdf1	gitksan	ge	modelgloss	matched_qwen3_gitksan_modelgloss	mtob_qwen3_gitksan_pdf1_ge	extracted	CharacTER	0.6241072778532669	0.8260161499895012	0.20190887213623432	32.35162916714214	False			
qwen3	gitksan_pdf1	gitksan	gs	shot	matched_qwen3_gitksan_shot	mtob_qwen3_gitksan_pdf1_gs	raw	BLEU	3.057502296489219	0.0	-3.057502296489219	-100.0	True	0.009459905400945991	1.0	False
qwen3	gitksan_pdf1	gitksan	gs	shot	matched_qwen3_gitksan_shot	mtob_qwen3_gitksan_pdf1_gs	raw	chrF	24.96354083434935	17.19831510573206	-7.765225728617288	-31.106267256496274	True	0.0005799942000579994	0.08177918220817791	False
qwen3	gitksan_pdf1	gitksan	gs	shot	matched_qwen3_gitksan_shot	mtob_qwen3_gitksan_pdf1_gs	raw	rouge1	0.2187767883666037	0.1439826947174571	-0.0747940936491466	-34.187399041535585	True			
qwen3	gitksan_pdf1	gitksan	gs	shot	matched_qwen3_gitksan_shot	mtob_qwen3_gitksan_pdf1_gs	raw	rouge2	0.07697122891942891	0.04426972672538447	-0.03270150219404444	-42.48535803978829	True			
qwen3	gitksan_pdf1	gitksan	gs	shot	matched_qwen3_gitksan_shot	mtob_qwen3_gitksan_pdf1_gs	raw	rougeL	0.2091299118886077	0.1312400285590142	-0.07788988332959348	-37.24473588028921	True			
qwen3	gitksan_pdf1	gitksan	gs	shot	matched_qwen3_gitksan_shot	mtob_qwen3_gitksan_pdf1_gs	raw	CharacTER	0.8113716912184762	0.8339075946636756	0.0225359034451994	2.777506744332692	False			
qwen3	gitksan_pdf1	gitksan	gs	shot	matched_qwen3_gitksan_shot	mtob_qwen3_gitksan_pdf1_gs	extracted	BLEU	3.057502296489219	0.0	-3.057502296489219	-100.0	True	0.009459905400945991	1.0	False
qwen3	gitksan_pdf1	gitksan	gs	shot	matched_qwen3_gitksan_shot	mtob_qwen3_gitksan_pdf1_gs	extracted	chrF	24.96354083434935	19.652938760941623	-5.3106020734077255	-21.273432757986157	True	0.015549844501554985	1.0	False
qwen3	gitksan_pdf1	gitksan	gs	shot	matched_qwen3_gitksan_shot	mtob_qwen3_gitksan_pdf1_gs	extracted	rouge1	0.2187767883666037	0.1778213077491057	-0.040955480617497986	-18.720212927190886	True			
qwen3	gitksan_pdf1	gitksan	gs	shot	matched_qwen3_gitksan_shot	mtob_qwen3_gitksan_pdf1_gs	extracted	rouge2	0.07697122891942891	0.055322609475675	-0.02164861944375391	-28.12559932804894	True			
qwen3	gitksan_pdf1	gitksan	gs	shot	matched_qwen3_gitksan_shot	mtob_qwen3_gitksan_pdf1_gs	extracted	rougeL	0.2091299118886077	0.16277752715613839	-0.046352384732469304	-22.16439739005807	True			
qwen3	gitksan_pdf1	gitksan	gs	shot	matched_qwen3_gitksan_shot	mtob_qwen3_gitksan_pdf1_gs	extracted	CharacTER	0.8113716912184762	0.8240357883806414	0.012664097162165211	1.5608256116437735	False			
qwen3	gitksan_pdf1	gitksan	gs	chain_gloss	matched_qwen3_gitksan_chain_gloss	mtob_qwen3_gitksan_pdf1_gs	raw	BLEU	2.392884993035676	0.0	-2.392884993035676	-100.0	True	0.034639653603463966	1.0	False
qwen3	gitksan_pdf1	gitksan	gs	chain_gloss	matched_qwen3_gitksan_chain_gloss	mtob_qwen3_gitksan_pdf1_gs	raw	chrF	26.99811293958759	17.19831510573206	-9.799797833855528	-36.29808444680588	True	9.99990000099999e-06	0.0035999640003599965	True
qwen3	gitksan_pdf1	gitksan	gs	chain_gloss	matched_qwen3_gitksan_chain_gloss	mtob_qwen3_gitksan_pdf1_gs	raw	rouge1	0.24057729841718764	0.1439826947174571	-0.09659460369973055	-40.151171509218976	True			
qwen3	gitksan_pdf1	gitksan	gs	chain_gloss	matched_qwen3_gitksan_chain_gloss	mtob_qwen3_gitksan_pdf1_gs	raw	rouge2	0.06928412268705286	0.04426972672538447	-0.025014395961668393	-36.10408126931921	True			
qwen3	gitksan_pdf1	gitksan	gs	chain_gloss	matched_qwen3_gitksan_chain_gloss	mtob_qwen3_gitksan_pdf1_gs	raw	rougeL	0.21411103077393653	0.1312400285590142	-0.08287100221492233	-38.70468602919365	True			
qwen3	gitksan_pdf1	gitksan	gs	chain_gloss	matched_qwen3_gitksan_chain_gloss	mtob_qwen3_gitksan_pdf1_gs	raw	CharacTER	0.790531416905044	0.8339075946636756	0.04337617775863156	5.486964443291919	False			
qwen3	gitksan_pdf1	gitksan	gs	chain_gloss	matched_qwen3_gitksan_chain_gloss	mtob_qwen3_gitksan_pdf1_gs	extracted	BLEU	2.392884993035676	0.0	-2.392884993035676	-100.0	True	0.034639653603463966	1.0	False
qwen3	gitksan_pdf1	gitksan	gs	chain_gloss	matched_qwen3_gitksan_chain_gloss	mtob_qwen3_gitksan_pdf1_gs	extracted	chrF	26.99811293958759	19.652938760941623	-7.345174178645966	-27.20625028527704	True	4.999950000499995e-05	0.008699913000869992	True
qwen3	gitksan_pdf1	gitksan	gs	chain_gloss	matched_qwen3_gitksan_chain_gloss	mtob_qwen3_gitksan_pdf1_gs	extracted	rouge1	0.24057729841718764	0.1778213077491057	-0.06275599066808193	-26.085582921151648	True			
qwen3	gitksan_pdf1	gitksan	gs	chain_gloss	matched_qwen3_gitksan_chain_gloss	mtob_qwen3_gitksan_pdf1_gs	extracted	rouge2	0.06928412268705286	0.055322609475675	-0.013961513211377861	-20.151100526220347	True			
qwen3	gitksan_pdf1	gitksan	gs	chain_gloss	matched_qwen3_gitksan_chain_gloss	mtob_qwen3_gitksan_pdf1_gs	extracted	rougeL	0.21411103077393653	0.16277752715613839	-0.05133350361779815	-23.97517934141248	True			
qwen3	gitksan_pdf1	gitksan	gs	chain_gloss	matched_qwen3_gitksan_chain_gloss	mtob_qwen3_gitksan_pdf1_gs	extracted	CharacTER	0.790531416905044	0.8240357883806414	0.03350437147559737	4.238208723793428	False			
qwen3	gitksan_pdf1	gitksan	gs	modelgloss	matched_qwen3_gitksan_modelgloss	mtob_qwen3_gitksan_pdf1_gs	raw	BLEU	14.169956994566913	0.0	-14.169956994566913	-100.0	True	9.99990000099999e-06	0.0035999640003599965	True
qwen3	gitksan_pdf1	gitksan	gs	modelgloss	matched_qwen3_gitksan_modelgloss	mtob_qwen3_gitksan_pdf1_gs	raw	chrF	48.74009425848996	17.19831510573206	-31.5417791527579	-64.7142350309749	True	9.99990000099999e-06	0.0035999640003599965	True
qwen3	gitksan_pdf1	gitksan	gs	modelgloss	matched_qwen3_gitksan_modelgloss	mtob_qwen3_gitksan_pdf1_gs	raw	rouge1	0.4996294332266017	0.1439826947174571	-0.35564673850914463	-71.18210314640226	True			
qwen3	gitksan_pdf1	gitksan	gs	modelgloss	matched_qwen3_gitksan_modelgloss	mtob_qwen3_gitksan_pdf1_gs	raw	rouge2	0.22760853290795516	0.04426972672538447	-0.1833388061825707	-80.55005840080383	True			
qwen3	gitksan_pdf1	gitksan	gs	modelgloss	matched_qwen3_gitksan_modelgloss	mtob_qwen3_gitksan_pdf1_gs	raw	rougeL	0.43881267393860773	0.1312400285590142	-0.3075726453795935	-70.09201503205092	True			
qwen3	gitksan_pdf1	gitksan	gs	modelgloss	matched_qwen3_gitksan_modelgloss	mtob_qwen3_gitksan_pdf1_gs	raw	CharacTER	0.6241072778532669	0.8339075946636756	0.20980031681040867	33.616066380776054	False			
qwen3	gitksan_pdf1	gitksan	gs	modelgloss	matched_qwen3_gitksan_modelgloss	mtob_qwen3_gitksan_pdf1_gs	extracted	BLEU	14.169956994566913	0.0	-14.169956994566913	-100.0	True	9.99990000099999e-06	0.0035999640003599965	True
qwen3	gitksan_pdf1	gitksan	gs	modelgloss	matched_qwen3_gitksan_modelgloss	mtob_qwen3_gitksan_pdf1_gs	extracted	chrF	48.74009425848996	19.652938760941623	-29.087155497548338	-59.67808626566554	True	9.99990000099999e-06	0.0035999640003599965	True
qwen3	gitksan_pdf1	gitksan	gs	modelgloss	matched_qwen3_gitksan_modelgloss	mtob_qwen3_gitksan_pdf1_gs	extracted	rouge1	0.4996294332266017	0.1778213077491057	-0.321808125477496	-64.409361033689	True			
qwen3	gitksan_pdf1	gitksan	gs	modelgloss	matched_qwen3_gitksan_modelgloss	mtob_qwen3_gitksan_pdf1_gs	extracted	rouge2	0.22760853290795516	0.055322609475675	-0.17228592343228016	-75.69396508607721	True			
qwen3	gitksan_pdf1	gitksan	gs	modelgloss	matched_qwen3_gitksan_modelgloss	mtob_qwen3_gitksan_pdf1_gs	extracted	rougeL	0.43881267393860773	0.16277752715613839	-0.2760351467824693	-62.90500780319032	True			
qwen3	gitksan_pdf1	gitksan	gs	modelgloss	matched_qwen3_gitksan_modelgloss	mtob_qwen3_gitksan_pdf1_gs	extracted	CharacTER	0.6241072778532669	0.8240357883806414	0.19992851052737448	32.034318076704025	False			
qwen3	gitksan_pdf1	gitksan	gl	shot	matched_qwen3_gitksan_shot	mtob_qwen3_gitksan_pdf1_gl	raw	BLEU	3.057502296489219	0.0	-3.057502296489219	-100.0	True	0.009459905400945991	1.0	False
qwen3	gitksan_pdf1	gitksan	gl	shot	matched_qwen3_gitksan_shot	mtob_qwen3_gitksan_pdf1_gl	raw	chrF	24.96354083434935	19.8402763164793	-5.123264517870048	-20.52298811240966	True	0.005819941800581994	0.6634733652663474	False
qwen3	gitksan_pdf1	gitksan	gl	shot	matched_qwen3_gitksan_shot	mtob_qwen3_gitksan_pdf1_gl	raw	rouge1	0.2187767883666037	0.16360520338281556	-0.05517158498378813	-25.218207743015796	True			
qwen3	gitksan_pdf1	gitksan	gl	shot	matched_qwen3_gitksan_shot	mtob_qwen3_gitksan_pdf1_gl	raw	rouge2	0.07697122891942891	0.024662472766675388	-0.05230875615275352	-67.95884239747387	True			
qwen3	gitksan_pdf1	gitksan	gl	shot	matched_qwen3_gitksan_shot	mtob_qwen3_gitksan_pdf1_gl	raw	rougeL	0.2091299118886077	0.14861299886178653	-0.06051691302682116	-28.93747359251759	True			
qwen3	gitksan_pdf1	gitksan	gl	shot	matched_qwen3_gitksan_shot	mtob_qwen3_gitksan_pdf1_gl	raw	CharacTER	0.8113716912184762	0.7982524908061303	-0.013119200412345933	-1.6169162116864335	False			
qwen3	gitksan_pdf1	gitksan	gl	shot	matched_qwen3_gitksan_shot	mtob_qwen3_gitksan_pdf1_gl	extracted	BLEU	3.057502296489219	0.0	-3.057502296489219	-100.0	True	0.009459905400945991	1.0	False
qwen3	gitksan_pdf1	gitksan	gl	shot	matched_qwen3_gitksan_shot	mtob_qwen3_gitksan_pdf1_gl	extracted	chrF	24.96354083434935	20.098177250908996	-4.865363583440352	-19.48987772097501	True	0.00980990190098099	1.0	False
qwen3	gitksan_pdf1	gitksan	gl	shot	matched_qwen3_gitksan_shot	mtob_qwen3_gitksan_pdf1_gl	extracted	rouge1	0.2187767883666037	0.1652024639086475	-0.05357432445795618	-24.488120909875423	True			
qwen3	gitksan_pdf1	gitksan	gl	shot	matched_qwen3_gitksan_shot	mtob_qwen3_gitksan_pdf1_gl	extracted	rouge2	0.07697122891942891	0.025237515894910002	-0.05173371302451891	-67.2117539901463	True			
qwen3	gitksan_pdf1	gitksan	gl	shot	matched_qwen3_gitksan_shot	mtob_qwen3_gitksan_pdf1_gl	extracted	rougeL	0.2091299118886077	0.14856703453010792	-0.06056287735849977	-28.959452433929386	True			
qwen3	gitksan_pdf1	gitksan	gl	shot	matched_qwen3_gitksan_shot	mtob_qwen3_gitksan_pdf1_gl	extracted	CharacTER	0.8113716912184762	0.7951800908580047	-0.016191600360471514	-1.9955835945121283	False			
qwen3	gitksan_pdf1	gitksan	gl	chain_gloss	matched_qwen3_gitksan_chain_gloss	mtob_qwen3_gitksan_pdf1_gl	raw	BLEU	2.392884993035676	0.0	-2.392884993035676	-100.0	True	0.034639653603463966	1.0	False
qwen3	gitksan_pdf1	gitksan	gl	chain_gloss	matched_qwen3_gitksan_chain_gloss	mtob_qwen3_gitksan_pdf1_gl	raw	chrF	26.99811293958759	19.8402763164793	-7.157836623108288	-26.512358990145138	True	7.999920000799993e-05	0.012959870401295988	True
qwen3	gitksan_pdf1	gitksan	gl	chain_gloss	matched_qwen3_gitksan_chain_gloss	mtob_qwen3_gitksan_pdf1_gl	raw	rouge1	0.24057729841718764	0.16360520338281556	-0.07697209503437208	-31.994745780582317	True			
qwen3	gitksan_pdf1	gitksan	gl	chain_gloss	matched_qwen3_gitksan_chain_gloss	mtob_qwen3_gitksan_pdf1_gl	raw	rouge2	0.06928412268705286	0.024662472766675388	-0.044621649920377475	-64.40386078341139	True			
qwen3	gitksan_pdf1	gitksan	gl	chain_gloss	matched_qwen3_gitksan_chain_gloss	mtob_qwen3_gitksan_pdf1_gl	raw	rougeL	0.21411103077393653	0.14861299886178653	-0.06549803191215	-30.590685438016678	True			
qwen3	gitksan_pdf1	gitksan	gl	chain_gloss	matched_qwen3_gitksan_chain_gloss	mtob_qwen3_gitksan_pdf1_gl	raw	CharacTER	0.790531416905044	0.7982524908061303	0.007721073901086228	0.9766941244807805	False			
qwen3	gitksan_pdf1	gitksan	gl	chain_gloss	matched_qwen3_gitksan_chain_gloss	mtob_qwen3_gitksan_pdf1_gl	extracted	BLEU	2.392884993035676	0.0	-2.392884993035676	-100.0	True	0.034639653603463966	1.0	False
qwen3	gitksan_pdf1	gitksan	gl	chain_gloss	matched_qwen3_gitksan_chain_gloss	mtob_qwen3_gitksan_pdf1_gl	extracted	chrF	26.99811293958759	20.098177250908996	-6.8999356886785925	-25.557103580232646	True	0.0002099979000209998	0.03170968290317097	True
qwen3	gitksan_pdf1	gitksan	gl	chain_gloss	matched_qwen3_gitksan_chain_gloss	mtob_qwen3_gitksan_pdf1_gl	extracted	rouge1	0.24057729841718764	0.1652024639086475	-0.07537483450854013	-31.330817581063624	True			
qwen3	gitksan_pdf1	gitksan	gl	chain_gloss	matched_qwen3_gitksan_chain_gloss	mtob_qwen3_gitksan_pdf1_gl	extracted	rouge2	0.06928412268705286	0.025237515894910002	-0.04404660679214286	-63.573882563391194	True			
qwen3	gitksan_pdf1	gitksan	gl	chain_gloss	matched_qwen3_gitksan_chain_gloss	mtob_qwen3_gitksan_pdf1_gl	extracted	rougeL	0.21411103077393653	0.14856703453010792	-0.06554399624382862	-30.612152959569613	True			
qwen3	gitksan_pdf1	gitksan	gl	chain_gloss	matched_qwen3_gitksan_chain_gloss	mtob_qwen3_gitksan_pdf1_gl	extracted	CharacTER	0.790531416905044	0.7951800908580047	0.004648673952960647	0.5880441755446425	False			
qwen3	gitksan_pdf1	gitksan	gl	modelgloss	matched_qwen3_gitksan_modelgloss	mtob_qwen3_gitksan_pdf1_gl	raw	BLEU	14.169956994566913	0.0	-14.169956994566913	-100.0	True	9.99990000099999e-06	0.0035999640003599965	True
qwen3	gitksan_pdf1	gitksan	gl	modelgloss	matched_qwen3_gitksan_modelgloss	mtob_qwen3_gitksan_pdf1_gl	raw	chrF	48.74009425848996	19.8402763164793	-28.89981794201066	-59.29372600049218	True	9.99990000099999e-06	0.0035999640003599965	True
qwen3	gitksan_pdf1	gitksan	gl	modelgloss	matched_qwen3_gitksan_modelgloss	mtob_qwen3_gitksan_pdf1_gl	raw	rouge1	0.4996294332266017	0.16360520338281556	-0.3360242298437861	-67.25469067619679	True			
qwen3	gitksan_pdf1	gitksan	gl	modelgloss	matched_qwen3_gitksan_modelgloss	mtob_qwen3_gitksan_pdf1_gl	raw	rouge2	0.22760853290795516	0.024662472766675388	-0.20294606014127978	-89.16452188695014	True			
qwen3	gitksan_pdf1	gitksan	gl	modelgloss	matched_qwen3_gitksan_modelgloss	mtob_qwen3_gitksan_pdf1_gl	raw	rougeL	0.43881267393860773	0.14861299886178653	-0.2901996750768212	-66.13292922287421	True			
qwen3	gitksan_pdf1	gitksan	gl	modelgloss	matched_qwen3_gitksan_modelgloss	mtob_qwen3_gitksan_pdf1_gl	raw	CharacTER	0.6241072778532669	0.7982524908061303	0.17414521295286334	27.903089602138305	False			
qwen3	gitksan_pdf1	gitksan	gl	modelgloss	matched_qwen3_gitksan_modelgloss	mtob_qwen3_gitksan_pdf1_gl	extracted	BLEU	14.169956994566913	0.0	-14.169956994566913	-100.0	True	9.99990000099999e-06	0.0035999640003599965	True
qwen3	gitksan_pdf1	gitksan	gl	modelgloss	matched_qwen3_gitksan_modelgloss	mtob_qwen3_gitksan_pdf1_gl	extracted	chrF	48.74009425848996	20.098177250908996	-28.641917007580965	-58.764590925246054	True	9.99990000099999e-06	0.0035999640003599965	True
qwen3	gitksan_pdf1	gitksan	gl	modelgloss	matched_qwen3_gitksan_modelgloss	mtob_qwen3_gitksan_pdf1_gl	extracted	rouge1	0.4996294332266017	0.1652024639086475	-0.3344269693179542	-66.93500163876021	True			
qwen3	gitksan_pdf1	gitksan	gl	modelgloss	matched_qwen3_gitksan_modelgloss	mtob_qwen3_gitksan_pdf1_gl	extracted	rouge2	0.22760853290795516	0.025237515894910002	-0.20237101701304516	-88.91187620583801	True			
qwen3	gitksan_pdf1	gitksan	gl	modelgloss	matched_qwen3_gitksan_modelgloss	mtob_qwen3_gitksan_pdf1_gl	extracted	rougeL	0.43881267393860773	0.14856703453010792	-0.2902456394084998	-66.1434039275508	True			
qwen3	gitksan_pdf1	gitksan	gl	modelgloss	matched_qwen3_gitksan_modelgloss	mtob_qwen3_gitksan_pdf1_gl	extracted	CharacTER	0.6241072778532669	0.7951800908580047	0.17107281300473776	27.41080244940814	False			
qwen3	gitksan_pdf2	gitksan	ge	shot	matched_qwen3_gitksan_shot	mtob_qwen3_gitksan_pdf2_ge	raw	BLEU	3.057502296489219	0.0	-3.057502296489219	-100.0	True	0.009459905400945991	1.0	False
qwen3	gitksan_pdf2	gitksan	ge	shot	matched_qwen3_gitksan_shot	mtob_qwen3_gitksan_pdf2_ge	raw	chrF	24.96354083434935	15.799866266113188	-9.16367456823616	-36.70823233388079	True	2.999970000299997e-05	0.005459945400545995	True
qwen3	gitksan_pdf2	gitksan	ge	shot	matched_qwen3_gitksan_shot	mtob_qwen3_gitksan_pdf2_ge	raw	rouge1	0.2187767883666037	0.11645657553450796	-0.10232021283209573	-46.76922702633244	True			
qwen3	gitksan_pdf2	gitksan	ge	shot	matched_qwen3_gitksan_shot	mtob_qwen3_gitksan_pdf2_ge	raw	rouge2	0.07697122891942891	0.019873097784424403	-0.057098131135004504	-74.18113486894312	True			
qwen3	gitksan_pdf2	gitksan	ge	shot	matched_qwen3_gitksan_shot	mtob_qwen3_gitksan_pdf2_ge	raw	rougeL	0.2091299118886077	0.10180894895383812	-0.10732096293476957	-51.31784447551133	True			
qwen3	gitksan_pdf2	gitksan	ge	shot	matched_qwen3_gitksan_shot	mtob_qwen3_gitksan_pdf2_ge	raw	CharacTER	0.8113716912184762	0.8741471343782377	0.06277544315976147	7.736952600045553	False			
qwen3	gitksan_pdf2	gitksan	ge	shot	matched_qwen3_gitksan_shot	mtob_qwen3_gitksan_pdf2_ge	extracted	BLEU	3.057502296489219	0.0	-3.057502296489219	-100.0	True	0.009459905400945991	1.0	False
qwen3	gitksan_pdf2	gitksan	ge	shot	matched_qwen3_gitksan_shot	mtob_qwen3_gitksan_pdf2_ge	extracted	chrF	24.96354083434935	17.624044761683976	-7.339496072665373	-29.40086152588726	True	0.00034999650003499967	0.05004949950500495	False
qwen3	gitksan_pdf2	gitksan	ge	shot	matched_qwen3_gitksan_shot	mtob_qwen3_gitksan_pdf2_ge	extracted	rouge1	0.2187767883666037	0.1280562978415081	-0.09072049052509559	-41.46714612752954	True			
qwen3	gitksan_pdf2	gitksan	ge	shot	matched_qwen3_gitksan_shot	mtob_qwen3_gitksan_pdf2_ge	extracted	rouge2	0.07697122891942891	0.020322132091726428	-0.056649096827702486	-73.5977554509374	True			
qwen3	gitksan_pdf2	gitksan	ge	shot	matched_qwen3_gitksan_shot	mtob_qwen3_gitksan_pdf2_ge	extracted	rougeL	0.2091299118886077	0.11372584615074088	-0.0954040657378668	-45.61952179690271	True			
qwen3	gitksan_pdf2	gitksan	ge	shot	matched_qwen3_gitksan_shot	mtob_qwen3_gitksan_pdf2_ge	extracted	CharacTER	0.8113716912184762	0.8488777330437857	0.03750604182530948	4.622547499652698	False			
qwen3	gitksan_pdf2	gitksan	ge	chain_gloss	matched_qwen3_gitksan_chain_gloss	mtob_qwen3_gitksan_pdf2_ge	raw	BLEU	2.392884993035676	0.0	-2.392884993035676	-100.0	True	0.034639653603463966	1.0	False
qwen3	gitksan_pdf2	gitksan	ge	chain_gloss	matched_qwen3_gitksan_chain_gloss	mtob_qwen3_gitksan_pdf2_ge	raw	chrF	26.99811293958759	15.799866266113188	-11.1982466734744	-41.477886615750485	True	9.99990000099999e-06	0.0035999640003599965	True
qwen3	gitksan_pdf2	gitksan	ge	chain_gloss	matched_qwen3_gitksan_chain_gloss	mtob_qwen3_gitksan_pdf2_ge	raw	rouge1	0.24057729841718764	0.11645657553450796	-0.12412072288267968	-51.59286586859938	True			
qwen3	gitksan_pdf2	gitksan	ge	chain_gloss	matched_qwen3_gitksan_chain_gloss	mtob_qwen3_gitksan_pdf2_ge	raw	rouge2	0.06928412268705286	0.019873097784424403	-0.049411024902628456	-71.3165195521223	True			
qwen3	gitksan_pdf2	gitksan	ge	chain_gloss	matched_qwen3_gitksan_chain_gloss	mtob_qwen3_gitksan_pdf2_ge	raw	rougeL	0.21411103077393653	0.10180894895383812	-0.11230208182009842	-52.45039520577975	True			
qwen3	gitksan_pdf2	gitksan	ge	chain_gloss	matched_qwen3_gitksan_chain_gloss	mtob_qwen3_gitksan_pdf2_ge	raw	CharacTER	0.790531416905044	0.8741471343782377	0.08361571747319363	10.577152999251043	False			
qwen3	gitksan_pdf2	gitksan	ge	chain_gloss	matched_qwen3_gitksan_chain_gloss	mtob_qwen3_gitksan_pdf2_ge	extracted	BLEU	2.392884993035676	0.0	-2.392884993035676	-100.0	True	0.034639653603463966	1.0	False
qwen3	gitksan_pdf2	gitksan	ge	chain_gloss	matched_qwen3_gitksan_chain_gloss	mtob_qwen3_gitksan_pdf2_ge	extracted	chrF	26.99811293958759	17.624044761683976	-9.374068177903613	-34.721197732891646	True	9.99990000099999e-06	0.0035999640003599965	True
qwen3	gitksan_pdf2	gitksan	ge	chain_gloss	matched_qwen3_gitksan_chain_gloss	mtob_qwen3_gitksan_pdf2_ge	extracted	rouge1	0.24057729841718764	0.1280562978415081	-0.11252100057567954	-46.77124621316334	True			
qwen3	gitksan_pdf2	gitksan	ge	chain_gloss	matched_qwen3_gitksan_chain_gloss	mtob_qwen3_gitksan_pdf2_ge	extracted	rouge2	0.06928412268705286	0.020322132091726428	-0.04896199059532644	-70.66841391133899	True			
qwen3	gitksan_pdf2	gitksan	ge	chain_gloss	matched_qwen3_gitksan_chain_gloss	mtob_qwen3_gitksan_pdf2_ge	extracted	rougeL	0.21411103077393653	0.11372584615074088	-0.10038518462319565	-46.88463936693888	True			
qwen3	gitksan_pdf2	gitksan	ge	chain_gloss	matched_qwen3_gitksan_chain_gloss	mtob_qwen3_gitksan_pdf2_ge	extracted	CharacTER	0.790531416905044	0.8488777330437857	0.05834631613874164	7.380644828407876	False			
qwen3	gitksan_pdf2	gitksan	ge	modelgloss	matched_qwen3_gitksan_modelgloss	mtob_qwen3_gitksan_pdf2_ge	raw	BLEU	14.169956994566913	0.0	-14.169956994566913	-100.0	True	9.99990000099999e-06	0.0035999640003599965	True
qwen3	gitksan_pdf2	gitksan	ge	modelgloss	matched_qwen3_gitksan_modelgloss	mtob_qwen3_gitksan_pdf2_ge	raw	chrF	48.74009425848996	15.799866266113188	-32.94022799237678	-67.583431040737	True	9.99990000099999e-06	0.0035999640003599965	True
qwen3	gitksan_pdf2	gitksan	ge	modelgloss	matched_qwen3_gitksan_modelgloss	mtob_qwen3_gitksan_pdf2_ge	raw	rouge1	0.4996294332266017	0.11645657553450796	-0.38317285769209375	-76.69141011520627	True			
qwen3	gitksan_pdf2	gitksan	ge	modelgloss	matched_qwen3_gitksan_modelgloss	mtob_qwen3_gitksan_pdf2_ge	raw	rouge2	0.22760853290795516	0.019873097784424403	-0.20773543512353077	-91.26873780586202	True			
qwen3	gitksan_pdf2	gitksan	ge	modelgloss	matched_qwen3_gitksan_modelgloss	mtob_qwen3_gitksan_pdf2_ge	raw	rougeL	0.43881267393860773	0.10180894895383812	-0.3370037249847696	-76.79899533437775	True			
qwen3	gitksan_pdf2	gitksan	ge	modelgloss	matched_qwen3_gitksan_modelgloss	mtob_qwen3_gitksan_pdf2_ge	raw	CharacTER	0.6241072778532669	0.8741471343782377	0.25003985652497074	40.06360210780258	False			
qwen3	gitksan_pdf2	gitksan	ge	modelgloss	matched_qwen3_gitksan_modelgloss	mtob_qwen3_gitksan_pdf2_ge	extracted	BLEU	14.169956994566913	0.0	-14.169956994566913	-100.0	True	9.99990000099999e-06	0.0035999640003599965	True
qwen3	gitksan_pdf2	gitksan	ge	modelgloss	matched_qwen3_gitksan_modelgloss	mtob_qwen3_gitksan_pdf2_ge	extracted	chrF	48.74009425848996	17.624044761683976	-31.116049496805985	-63.84076594473539	True	9.99990000099999e-06	0.0035999640003599965	True
qwen3	gitksan_pdf2	gitksan	ge	modelgloss	matched_qwen3_gitksan_modelgloss	mtob_qwen3_gitksan_pdf2_ge	extracted	rouge1	0.4996294332266017	0.1280562978415081	-0.3715731353850936	-74.36974498989746	True			
qwen3	gitksan_pdf2	gitksan	ge	modelgloss	matched_qwen3_gitksan_modelgloss	mtob_qwen3_gitksan_pdf2_ge	extracted	rouge2	0.22760853290795516	0.020322132091726428	-0.20728640081622873	-91.07145420600524	True			
qwen3	gitksan_pdf2	gitksan	ge	modelgloss	matched_qwen3_gitksan_modelgloss	mtob_qwen3_gitksan_pdf2_ge	extracted	rougeL	0.43881267393860773	0.11372584615074088	-0.32508682778786685	-74.08328133962426	True			
qwen3	gitksan_pdf2	gitksan	ge	modelgloss	matched_qwen3_gitksan_modelgloss	mtob_qwen3_gitksan_pdf2_ge	extracted	CharacTER	0.6241072778532669	0.8488777330437857	0.22477045519051875	36.014714643876374	False			
qwen3	gitksan_pdf2	gitksan	gs	shot	matched_qwen3_gitksan_shot	mtob_qwen3_gitksan_pdf2_gs	raw	BLEU	3.057502296489219	0.2777702691513898	-2.779732027337829	-90.9151247581943	True	0.016119838801611983	1.0	False
qwen3	gitksan_pdf2	gitksan	gs	shot	matched_qwen3_gitksan_shot	mtob_qwen3_gitksan_pdf2_gs	raw	chrF	24.96354083434935	14.691532360975929	-10.27200847337342	-41.14804282587723	True	9.99990000099999e-06	0.0035999640003599965	True
qwen3	gitksan_pdf2	gitksan	gs	shot	matched_qwen3_gitksan_shot	mtob_qwen3_gitksan_pdf2_gs	raw	rouge1	0.2187767883666037	0.09599164634078634	-0.12278514202581735	-56.123477697307905	True			
qwen3	gitksan_pdf2	gitksan	gs	shot	matched_qwen3_gitksan_shot	mtob_qwen3_gitksan_pdf2_gs	raw	rouge2	0.07697122891942891	0.02856392428563453	-0.048407304633794376	-62.890128315952495	True			
qwen3	gitksan_pdf2	gitksan	gs	shot	matched_qwen3_gitksan_shot	mtob_qwen3_gitksan_pdf2_gs	raw	rougeL	0.2091299118886077	0.08508701553529706	-0.12404289635331063	-59.31379936667388	True			
qwen3	gitksan_pdf2	gitksan	gs	shot	matched_qwen3_gitksan_shot	mtob_qwen3_gitksan_pdf2_gs	raw	CharacTER	0.8113716912184762	0.8990050826138066	0.08763339139533044	10.800646897567642	False			
qwen3	gitksan_pdf2	gitksan	gs	shot	matched_qwen3_gitksan_shot	mtob_qwen3_gitksan_pdf2_gs	extracted	BLEU	3.057502296489219	0.3550318343138433	-2.7024704621753757	-88.38817440230514	True	0.01866981330186698	1.0	False
qwen3	gitksan_pdf2	gitksan	gs	shot	matched_qwen3_gitksan_shot	mtob_qwen3_gitksan_pdf2_gs	extracted	chrF	24.96354083434935	16.63395860718397	-8.329582227165378	-33.36699021359997	True	9.99990000099999e-05	0.015799842001579984	True
qwen3	gitksan_pdf2	gitksan	gs	shot	matched_qwen3_gitksan_shot	mtob_qwen3_gitksan_pdf2_gs	extracted	rouge1	0.2187767883666037	0.1182474244512004	-0.10052936391540329	-45.950653479265135	True			
qwen3	gitksan_pdf2	gitksan	gs	shot	matched_qwen3_gitksan_shot	mtob_qwen3_gitksan_pdf2_gs	extracted	rouge2	0.07697122891942891	0.0358815345756738	-0.04108969434375511	-53.38318605613861	True			
qwen3	gitksan_pdf2	gitksan	gs	shot	matched_qwen3_gitksan_shot	mtob_qwen3_gitksan_pdf2_gs	extracted	rougeL	0.2091299118886077	0.10501993801462536	-0.10410997387398233	-49.78244046190587	True			
qwen3	gitksan_pdf2	gitksan	gs	shot	matched_qwen3_gitksan_shot	mtob_qwen3_gitksan_pdf2_gs	extracted	CharacTER	0.8113716912184762	0.8602818476495148	0.048910156431038576	6.028082685210255	False			
qwen3	gitksan_pdf2	gitksan	gs	chain_gloss	matched_qwen3_gitksan_chain_gloss	mtob_qwen3_gitksan_pdf2_gs	raw	BLEU	2.392884993035676	0.2777702691513898	-2.115114723884286	-88.39182535057805	True	0.04592954070459295	1.0	False
qwen3	gitksan_pdf2	gitksan	gs	chain_gloss	matched_qwen3_gitksan_chain_gloss	mtob_qwen3_gitksan_pdf2_gs	raw	chrF	26.99811293958759	14.691532360975929	-12.30658057861166	-45.583113924108396	True	9.99990000099999e-06	0.0035999640003599965	True
qwen3	gitksan_pdf2	gitksan	gs	chain_gloss	matched_qwen3_gitksan_chain_gloss	mtob_qwen3_gitksan_pdf2_gs	raw	rouge1	0.24057729841718764	0.09599164634078634	-0.14458565207640128	-60.099457857272036	True			
qwen3	gitksan_pdf2	gitksan	gs	chain_gloss	matched_qwen3_gitksan_chain_gloss	mtob_qwen3_gitksan_pdf2_gs	raw	rouge2	0.06928412268705286	0.02856392428563453	-0.04072019840141833	-58.77277047346912	True			
qwen3	gitksan_pdf2	gitksan	gs	chain_gloss	matched_qwen3_gitksan_chain_gloss	mtob_qwen3_gitksan_pdf2_gs	raw	rougeL	0.21411103077393653	0.08508701553529706	-0.1290240152386395	-60.26033071358481	True			
qwen3	gitksan_pdf2	gitksan	gs	chain_gloss	matched_qwen3_gitksan_chain_gloss	mtob_qwen3_gitksan_pdf2_gs	raw	CharacTER	0.790531416905044	0.8990050826138066	0.1084736657087626	13.72161351074958	False			
qwen3	gitksan_pdf2	gitksan	gs	chain_gloss	matched_qwen3_gitksan_chain_gloss	mtob_qwen3_gitksan_pdf2_gs	extracted	BLEU	2.392884993035676	0.3550318343138433	-2.0378531587218327	-85.16302140106447	True	0.05051949480505195	1.0	False
qwen3	gitksan_pdf2	gitksan	gs	chain_gloss	matched_qwen3_gitksan_chain_gloss	mtob_qwen3_gitksan_pdf2_gs	extracted	chrF	26.99811293958759	16.63395860718397	-10.364154332403618	-38.38843979797773	True	9.99990000099999e-06	0.0035999640003599965	True
qwen3	gitksan_pdf2	gitksan	gs	chain_gloss	matched_qwen3_gitksan_chain_gloss	mtob_qwen3_gitksan_pdf2_gs	extracted	rouge1	0.24057729841718764	0.1182474244512004	-0.12232987396598724	-50.8484693987434	True			
qwen3	gitksan_pdf2	gitksan	gs	chain_gloss	matched_qwen3_gitksan_chain_gloss	mtob_qwen3_gitksan_pdf2_gs	extracted	rouge2	0.06928412268705286	0.0358815345756738	-0.03340258811137906	-48.21102846644114	True			
qwen3	gitksan_pdf2	gitksan	gs	chain_gloss	matched_qwen3_gitksan_chain_gloss	mtob_qwen3_gitksan_pdf2_gs	extracted	rougeL	0.21411103077393653	0.10501993801462536	-0.10909109275931117	-50.95071111702419	True			
qwen3	gitksan_pdf2	gitksan	gs	chain_gloss	matched_qwen3_gitksan_chain_gloss	mtob_qwen3_gitksan_pdf2_gs	extracted	CharacTER	0.790531416905044	0.8602818476495148	0.06975043074447074	8.823233239425944	False			
qwen3	gitksan_pdf2	gitksan	gs	modelgloss	matched_qwen3_gitksan_modelgloss	mtob_qwen3_gitksan_pdf2_gs	raw	BLEU	14.169956994566913	0.2777702691513898	-13.892186725415524	-98.03972397899378	True	9.99990000099999e-06	0.0035999640003599965	True
qwen3	gitksan_pdf2	gitksan	gs	modelgloss	matched_qwen3_gitksan_modelgloss	mtob_qwen3_gitksan_pdf2_gs	raw	chrF	48.74009425848996	14.691532360975929	-34.048561897514034	-69.85739854531194	True	9.99990000099999e-06	0.0035999640003599965	True
qwen3	gitksan_pdf2	gitksan	gs	modelgloss	matched_qwen3_gitksan_modelgloss	mtob_qwen3_gitksan_pdf2_gs	raw	rouge1	0.4996294332266017	0.09599164634078634	-0.40363778688581536	-80.78743165292059	True			
qwen3	gitksan_pdf2	gitksan	gs	modelgloss	matched_qwen3_gitksan_modelgloss	mtob_qwen3_gitksan_pdf2_gs	raw	rouge2	0.22760853290795516	0.02856392428563453	-0.19904460862232062	-87.45041588700641	True			
qwen3	gitksan_pdf2	gitksan	gs	modelgloss	matched_qwen3_gitksan_modelgloss	mtob_qwen3_gitksan_pdf2_gs	raw	rougeL	0.43881267393860773	0.08508701553529706	-0.35372565840331066	-80.60971786170396	True			
qwen3	gitksan_pdf2	gitksan	gs	modelgloss	matched_qwen3_gitksan_modelgloss	mtob_qwen3_gitksan_pdf2_gs	raw	CharacTER	0.6241072778532669	0.8990050826138066	0.2748978047605397	44.04656290920078	False			
qwen3	gitksan_pdf2	gitksan	gs	modelgloss	matched_qwen3_gitksan_modelgloss	mtob_qwen3_gitksan_pdf2_gs	extracted	BLEU	14.169956994566913	0.3550318343138433	-13.81492516025307	-97.49447486361483	True	9.99990000099999e-06	0.0035999640003599965	True
qwen3	gitksan_pdf2	gitksan	gs	modelgloss	matched_qwen3_gitksan_modelgloss	mtob_qwen3_gitksan_pdf2_gs	extracted	chrF	48.74009425848996	16.63395860718397	-32.10613565130599	-65.87212466400487	True	9.99990000099999e-06	0.0035999640003599965	True
qwen3	gitksan_pdf2	gitksan	gs	modelgloss	matched_qwen3_gitksan_modelgloss	mtob_qwen3_gitksan_pdf2_gs	extracted	rouge1	0.4996294332266017	0.1182474244512004	-0.3813820087754013	-76.33297468334486	True			
qwen3	gitksan_pdf2	gitksan	gs	modelgloss	matched_qwen3_gitksan_modelgloss	mtob_qwen3_gitksan_pdf2_gs	extracted	rouge2	0.22760853290795516	0.0358815345756738	-0.19172699833228135	-84.23541766328054	True			
qwen3	gitksan_pdf2	gitksan	gs	modelgloss	matched_qwen3_gitksan_modelgloss	mtob_qwen3_gitksan_pdf2_gs	extracted	rougeL	0.43881267393860773	0.10501993801462536	-0.3337927359239824	-76.06725050304308	True			
qwen3	gitksan_pdf2	gitksan	gs	modelgloss	matched_qwen3_gitksan_modelgloss	mtob_qwen3_gitksan_pdf2_gs	extracted	CharacTER	0.6241072778532669	0.8602818476495148	0.23617456979624785	37.841982969436636	False			
qwen3	gitksan_pdf2	gitksan	gl	shot	matched_qwen3_gitksan_shot	mtob_qwen3_gitksan_pdf2_gl	raw	BLEU	3.057502296489219	0.0	-3.057502296489219	-100.0	True	0.009459905400945991	1.0	False
qwen3	gitksan_pdf2	gitksan	gl	shot	matched_qwen3_gitksan_shot	mtob_qwen3_gitksan_pdf2_gl	raw	chrF	24.96354083434935	20.2252992085683	-4.7382416257810505	-18.98064724560757	True	0.018509814901850982	1.0	False
qwen3	gitksan_pdf2	gitksan	gl	shot	matched_qwen3_gitksan_shot	mtob_qwen3_gitksan_pdf2_gl	raw	rouge1	0.2187767883666037	0.19612305288827156	-0.022653735478332132	-10.354725310425222	True			
qwen3	gitksan_pdf2	gitksan	gl	shot	matched_qwen3_gitksan_shot	mtob_qwen3_gitksan_pdf2_gl	raw	rouge2	0.07697122891942891	0.07252122050334778	-0.004450008416081133	-5.781391928585762	True			
qwen3	gitksan_pdf2	gitksan	gl	shot	matched_qwen3_gitksan_shot	mtob_qwen3_gitksan_pdf2_gl	raw	rougeL	0.2091299118886077	0.18505332637203656	-0.02407658551657113	-11.512741194762917	True			
qwen3	gitksan_pdf2	gitksan	gl	shot	matched_qwen3_gitksan_shot	mtob_qwen3_gitksan_pdf2_gl	raw	CharacTER	0.8113716912184762	0.8444106050118267	0.033038913793350555	4.071982563716811	False			
qwen3	gitksan_pdf2	gitksan	gl	shot	matched_qwen3_gitksan_shot	mtob_qwen3_gitksan_pdf2_gl	extracted	BLEU	3.057502296489219	0.0	-3.057502296489219	-100.0	True	0.009459905400945991	1.0	False
qwen3	gitksan_pdf2	gitksan	gl	shot	matched_qwen3_gitksan_shot	mtob_qwen3_gitksan_pdf2_gl	extracted	chrF	24.96354083434935	20.2252992085683	-4.7382416257810505	-18.98064724560757	True	0.018509814901850982	1.0	False
qwen3	gitksan_pdf2	gitksan	gl	shot	matched_qwen3_gitksan_shot	mtob_qwen3_gitksan_pdf2_gl	extracted	rouge1	0.2187767883666037	0.19612305288827156	-0.022653735478332132	-10.354725310425222	True			
qwen3	gitksan_pdf2	gitksan	gl	shot	matched_qwen3_gitksan_shot	mtob_qwen3_gitksan_pdf2_gl	extracted	rouge2	0.07697122891942891	0.07252122050334778	-0.004450008416081133	-5.781391928585762	True			
qwen3	gitksan_pdf2	gitksan	gl	shot	matched_qwen3_gitksan_shot	mtob_qwen3_gitksan_pdf2_gl	extracted	rougeL	0.2091299118886077	0.18505332637203656	-0.02407658551657113	-11.512741194762917	True			
qwen3	gitksan_pdf2	gitksan	gl	shot	matched_qwen3_gitksan_shot	mtob_qwen3_gitksan_pdf2_gl	extracted	CharacTER	0.8113716912184762	0.8444106050118267	0.033038913793350555	4.071982563716811	False			
qwen3	gitksan_pdf2	gitksan	gl	chain_gloss	matched_qwen3_gitksan_chain_gloss	mtob_qwen3_gitksan_pdf2_gl	raw	BLEU	2.392884993035676	0.0	-2.392884993035676	-100.0	True	0.034639653603463966	1.0	False
qwen3	gitksan_pdf2	gitksan	gl	chain_gloss	matched_qwen3_gitksan_chain_gloss	mtob_qwen3_gitksan_pdf2_gl	raw	chrF	26.99811293958759	20.2252992085683	-6.772813731019291	-25.086248606243323	True	1.999980000199998e-05	0.0037399626003739965	True
qwen3	gitksan_pdf2	gitksan	gl	chain_gloss	matched_qwen3_gitksan_chain_gloss	mtob_qwen3_gitksan_pdf2_gl	raw	rouge1	0.24057729841718764	0.19612305288827156	-0.04445424552891608	-18.478154764140506	True			
qwen3	gitksan_pdf2	gitksan	gl	chain_gloss	matched_qwen3_gitksan_chain_gloss	mtob_qwen3_gitksan_pdf2_gl	raw	rouge2	0.06928412268705286	0.07252122050334778	0.003237097816294915	4.672207268779968	True			
qwen3	gitksan_pdf2	gitksan	gl	chain_gloss	matched_qwen3_gitksan_chain_gloss	mtob_qwen3_gitksan_pdf2_gl	raw	rougeL	0.21411103077393653	0.18505332637203656	-0.029057704401899975	-13.571325259080082	True			
qwen3	gitksan_pdf2	gitksan	gl	chain_gloss	matched_qwen3_gitksan_chain_gloss	mtob_qwen3_gitksan_pdf2_gl	raw	CharacTER	0.790531416905044	0.8444106050118267	0.053879188106782716	6.8155657010725115	False			
qwen3	gitksan_pdf2	gitksan	gl	chain_gloss	matched_qwen3_gitksan_chain_gloss	mtob_qwen3_gitksan_pdf2_gl	extracted	BLEU	2.392884993035676	0.0	-2.392884993035676	-100.0	True	0.034639653603463966	1.0	False
qwen3	gitksan_pdf2	gitksan	gl	chain_gloss	matched_qwen3_gitksan_chain_gloss	mtob_qwen3_gitksan_pdf2_gl	extracted	chrF	26.99811293958759	20.2252992085683	-6.772813731019291	-25.086248606243323	True	1.999980000199998e-05	0.0037399626003739965	True
qwen3	gitksan_pdf2	gitksan	gl	chain_gloss	matched_qwen3_gitksan_chain_gloss	mtob_qwen3_gitksan_pdf2_gl	extracted	rouge1	0.24057729841718764	0.19612305288827156	-0.04445424552891608	-18.478154764140506	True			
qwen3	gitksan_pdf2	gitksan	gl	chain_gloss	matched_qwen3_gitksan_chain_gloss	mtob_qwen3_gitksan_pdf2_gl	extracted	rouge2	0.06928412268705286	0.07252122050334778	0.003237097816294915	4.672207268779968	True			
qwen3	gitksan_pdf2	gitksan	gl	chain_gloss	matched_qwen3_gitksan_chain_gloss	mtob_qwen3_gitksan_pdf2_gl	extracted	rougeL	0.21411103077393653	0.18505332637203656	-0.029057704401899975	-13.571325259080082	True			
qwen3	gitksan_pdf2	gitksan	gl	chain_gloss	matched_qwen3_gitksan_chain_gloss	mtob_qwen3_gitksan_pdf2_gl	extracted	CharacTER	0.790531416905044	0.8444106050118267	0.053879188106782716	6.8155657010725115	False			
qwen3	gitksan_pdf2	gitksan	gl	modelgloss	matched_qwen3_gitksan_modelgloss	mtob_qwen3_gitksan_pdf2_gl	raw	BLEU	14.169956994566913	0.0	-14.169956994566913	-100.0	True	9.99990000099999e-06	0.0035999640003599965	True
qwen3	gitksan_pdf2	gitksan	gl	modelgloss	matched_qwen3_gitksan_modelgloss	mtob_qwen3_gitksan_pdf2_gl	raw	chrF	48.74009425848996	20.2252992085683	-28.514795049921663	-58.503774938750176	True	9.99990000099999e-06	0.0035999640003599965	True
qwen3	gitksan_pdf2	gitksan	gl	modelgloss	matched_qwen3_gitksan_modelgloss	mtob_qwen3_gitksan_pdf2_gl	raw	rouge1	0.4996294332266017	0.19612305288827156	-0.3035063803383301	-60.746297186354504	True			
qwen3	gitksan_pdf2	gitksan	gl	modelgloss	matched_qwen3_gitksan_modelgloss	mtob_qwen3_gitksan_pdf2_gl	raw	rouge2	0.22760853290795516	0.07252122050334778	-0.15508731240460738	-68.13774089362663	True			
qwen3	gitksan_pdf2	gitksan	gl	modelgloss	matched_qwen3_gitksan_modelgloss	mtob_qwen3_gitksan_pdf2_gl	raw	rougeL	0.43881267393860773	0.18505332637203656	-0.25375934756657115	-57.828627712351235	True			
qwen3	gitksan_pdf2	gitksan	gl	modelgloss	matched_qwen3_gitksan_modelgloss	mtob_qwen3_gitksan_pdf2_gl	raw	CharacTER	0.6241072778532669	0.8444106050118267	0.22030332715855983	35.29895179500776	False			
qwen3	gitksan_pdf2	gitksan	gl	modelgloss	matched_qwen3_gitksan_modelgloss	mtob_qwen3_gitksan_pdf2_gl	extracted	BLEU	14.169956994566913	0.0	-14.169956994566913	-100.0	True	9.99990000099999e-06	0.0035999640003599965	True
qwen3	gitksan_pdf2	gitksan	gl	modelgloss	matched_qwen3_gitksan_modelgloss	mtob_qwen3_gitksan_pdf2_gl	extracted	chrF	48.74009425848996	20.2252992085683	-28.514795049921663	-58.503774938750176	True	9.99990000099999e-06	0.0035999640003599965	True
qwen3	gitksan_pdf2	gitksan	gl	modelgloss	matched_qwen3_gitksan_modelgloss	mtob_qwen3_gitksan_pdf2_gl	extracted	rouge1	0.4996294332266017	0.19612305288827156	-0.3035063803383301	-60.746297186354504	True			
qwen3	gitksan_pdf2	gitksan	gl	modelgloss	matched_qwen3_gitksan_modelgloss	mtob_qwen3_gitksan_pdf2_gl	extracted	rouge2	0.22760853290795516	0.07252122050334778	-0.15508731240460738	-68.13774089362663	True			
qwen3	gitksan_pdf2	gitksan	gl	modelgloss	matched_qwen3_gitksan_modelgloss	mtob_qwen3_gitksan_pdf2_gl	extracted	rougeL	0.43881267393860773	0.18505332637203656	-0.25375934756657115	-57.828627712351235	True			
qwen3	gitksan_pdf2	gitksan	gl	modelgloss	matched_qwen3_gitksan_modelgloss	mtob_qwen3_gitksan_pdf2_gl	extracted	CharacTER	0.6241072778532669	0.8444106050118267	0.22030332715855983	35.29895179500776	False			
qwen3	natugu	natugu	ge	shot	matched_qwen3_natugu_shot	mtob_qwen3_natugu_ge	raw	BLEU	2.0679011099582336	0.4738992111517416	-1.594001898806492	-77.08308154245763	True	0.012839871601283987	1.0	False
qwen3	natugu	natugu	ge	shot	matched_qwen3_natugu_shot	mtob_qwen3_natugu_ge	raw	chrF	20.148501163439448	14.351306960455965	-5.7971942029834835	-28.772334755613524	True	9.99990000099999e-06	0.0035999640003599965	True
qwen3	natugu	natugu	ge	shot	matched_qwen3_natugu_shot	mtob_qwen3_natugu_ge	raw	rouge1	0.20669827312060507	0.10933441976515251	-0.09736385335545256	-47.1043380699375	True			
qwen3	natugu	natugu	ge	shot	matched_qwen3_natugu_shot	mtob_qwen3_natugu_ge	raw	rouge2	0.040808700609131124	0.02202321686580981	-0.018785483743321313	-46.0330357568846	True			
qwen3	natugu	natugu	ge	shot	matched_qwen3_natugu_shot	mtob_qwen3_natugu_ge	raw	rougeL	0.1819929067524064	0.09794970926877342	-0.08404319748363298	-46.17938082497367	True			
qwen3	natugu	natugu	ge	shot	matched_qwen3_natugu_shot	mtob_qwen3_natugu_ge	raw	CharacTER	0.8583413328597098	0.8413619104900066	-0.01697942236970318	-1.9781666942605864	False			
qwen3	natugu	natugu	ge	shot	matched_qwen3_natugu_shot	mtob_qwen3_natugu_ge	extracted	BLEU	2.0679011099582336	0.9160992290330754	-1.1518018809251582	-55.69907938916971	True	0.03079969200307997	1.0	False
qwen3	natugu	natugu	ge	shot	matched_qwen3_natugu_shot	mtob_qwen3_natugu_ge	extracted	chrF	20.148501163439448	17.40077524798326	-2.74772591545619	-13.637371302050438	True	0.006249937500624993	0.7062429375706243	False
qwen3	natugu	natugu	ge	shot	matched_qwen3_natugu_shot	mtob_qwen3_natugu_ge	extracted	rouge1	0.20669827312060507	0.12800236153188865	-0.07869591158871642	-38.072844248098114	True			
qwen3	natugu	natugu	ge	shot	matched_qwen3_natugu_shot	mtob_qwen3_natugu_ge	extracted	rouge2	0.040808700609131124	0.022091996643711843	-0.01871670396541928	-45.864493811477395	True			
qwen3	natugu	natugu	ge	shot	matched_qwen3_natugu_shot	mtob_qwen3_natugu_ge	extracted	rougeL	0.1819929067524064	0.11436786595225891	-0.06762504080014749	-37.15806401847764	True			
qwen3	natugu	natugu	ge	shot	matched_qwen3_natugu_shot	mtob_qwen3_natugu_ge	extracted	CharacTER	0.8583413328597098	0.8120529201811596	-0.04628841267855022	-5.392774518306431	False			
qwen3	natugu	natugu	ge	chain_gloss	matched_qwen3_natugu_chain_gloss	mtob_qwen3_natugu_ge	raw	BLEU	2.618039474503505	0.4738992111517416	-2.144140263351763	-81.8986987871291	True	0.025989740102598975	1.0	False
qwen3	natugu	natugu	ge	chain_gloss	matched_qwen3_natugu_chain_gloss	mtob_qwen3_natugu_ge	raw	chrF	20.777595395272485	14.351306960455965	-6.42628843481652	-30.928932403211057	True	9.99990000099999e-06	0.0035999640003599965	True
qwen3	natugu	natugu	ge	chain_gloss	matched_qwen3_natugu_chain_gloss	mtob_qwen3_natugu_ge	raw	rouge1	0.21636887829662474	0.10933441976515251	-0.10703445853147223	-49.46850923021211	True			
qwen3	natugu	natugu	ge	chain_gloss	matched_qwen3_natugu_chain_gloss	mtob_qwen3_natugu_ge	raw	rouge2	0.04963156434381042	0.02202321686580981	-0.02760834747800061	-55.62659134971163	True			
qwen3	natugu	natugu	ge	chain_gloss	matched_qwen3_natugu_chain_gloss	mtob_qwen3_natugu_ge	raw	rougeL	0.19152165571552404	0.09794970926877342	-0.09357194644675063	-48.85711022973682	True			
qwen3	natugu	natugu	ge	chain_gloss	matched_qwen3_natugu_chain_gloss	mtob_qwen3_natugu_ge	raw	CharacTER	0.8186750972259587	0.8413619104900066	0.022686813264047978	2.771162008093462	False			
qwen3	natugu	natugu	ge	chain_gloss	matched_qwen3_natugu_chain_gloss	mtob_qwen3_natugu_ge	extracted	BLEU	2.618039474503505	0.9160992290330754	-1.7019402454704295	-65.00819647851918	True	0.03930960690393096	1.0	False
qwen3	natugu	natugu	ge	chain_gloss	matched_qwen3_natugu_chain_gloss	mtob_qwen3_natugu_ge	extracted	chrF	20.777595395272485	17.40077524798326	-3.3768201472892265	-16.252218233383985	True	0.002119978800211998	0.27983720162798376	False
qwen3	natugu	natugu	ge	chain_gloss	matched_qwen3_natugu_chain_gloss	mtob_qwen3_natugu_ge	extracted	rouge1	0.21636887829662474	0.12800236153188865	-0.08836651676473609	-40.84067794795911	True			
qwen3	natugu	natugu	ge	chain_gloss	matched_qwen3_natugu_chain_gloss	mtob_qwen3_natugu_ge	extracted	rouge2	0.04963156434381042	0.022091996643711843	-0.027539567700098577	-55.48801063235689	True			
qwen3	natugu	natugu	ge	chain_gloss	matched_qwen3_natugu_chain_gloss	mtob_qwen3_natugu_ge	extracted	rougeL	0.19152165571552404	0.11436786595225891	-0.07715378976326513	-40.28462968065879	True			
qwen3	natugu	natugu	ge	chain_gloss	matched_qwen3_natugu_chain_gloss	mtob_qwen3_natugu_ge	extracted	CharacTER	0.8186750972259587	0.8120529201811596	-0.00662217704479906	-0.8088895176166944	False			
qwen3	natugu	natugu	ge	modelgloss	matched_qwen3_natugu_modelgloss	mtob_qwen3_natugu_ge	raw	BLEU	10.607232949438512	0.4738992111517416	-10.13333373828677	-95.53230127583059	True	9.99990000099999e-06	0.0035999640003599965	True
qwen3	natugu	natugu	ge	modelgloss	matched_qwen3_natugu_modelgloss	mtob_qwen3_natugu_ge	raw	chrF	37.88082811178865	14.351306960455965	-23.529521151332688	-62.11459021406719	True	9.99990000099999e-06	0.0035999640003599965	True
qwen3	natugu	natugu	ge	modelgloss	matched_qwen3_natugu_modelgloss	mtob_qwen3_natugu_ge	raw	rouge1	0.4264213571109553	0.10933441976515251	-0.3170869373458028	-74.36000379861284	True			
qwen3	natugu	natugu	ge	modelgloss	matched_qwen3_natugu_modelgloss	mtob_qwen3_natugu_ge	raw	rouge2	0.1780447258638092	0.02202321686580981	-0.15602150899799938	-87.6305143221957	True			
qwen3	natugu	natugu	ge	modelgloss	matched_qwen3_natugu_modelgloss	mtob_qwen3_natugu_ge	raw	rougeL	0.38106913385931057	0.09794970926877342	-0.2831194245905372	-74.29607896163637	True			
qwen3	natugu	natugu	ge	modelgloss	matched_qwen3_natugu_modelgloss	mtob_qwen3_natugu_ge	raw	CharacTER	0.6750481845567168	0.8413619104900066	0.16631372593328986	24.63731178575096	False			
qwen3	natugu	natugu	ge	modelgloss	matched_qwen3_natugu_modelgloss	mtob_qwen3_natugu_ge	extracted	BLEU	10.607232949438512	0.9160992290330754	-9.691133720405436	-91.36344762672937	True	9.99990000099999e-06	0.0035999640003599965	True
qwen3	natugu	natugu	ge	modelgloss	matched_qwen3_natugu_modelgloss	mtob_qwen3_natugu_ge	extracted	chrF	37.88082811178865	17.40077524798326	-20.480052863805394	-54.06442753407476	True	9.99990000099999e-06	0.0035999640003599965	True
qwen3	natugu	natugu	ge	modelgloss	matched_qwen3_natugu_modelgloss	mtob_qwen3_natugu_ge	extracted	rouge1	0.4264213571109553	0.12800236153188865	-0.29841899557906665	-69.98218794688975	True			
qwen3	natugu	natugu	ge	modelgloss	matched_qwen3_natugu_modelgloss	mtob_qwen3_natugu_ge	extracted	rouge2	0.1780447258638092	0.022091996643711843	-0.15595272922009737	-87.59188370420445	True			
qwen3	natugu	natugu	ge	modelgloss	matched_qwen3_natugu_modelgloss	mtob_qwen3_natugu_ge	extracted	rougeL	0.38106913385931057	0.11436786595225891	-0.2667012679070517	-69.98763326906369	True			
qwen3	natugu	natugu	ge	modelgloss	matched_qwen3_natugu_modelgloss	mtob_qwen3_natugu_ge	extracted	CharacTER	0.6750481845567168	0.8120529201811596	0.13700473562444282	20.295549082086573	False			
qwen3	natugu	natugu	gs	shot	matched_qwen3_natugu_shot	mtob_qwen3_natugu_gs	raw	BLEU	2.0679011099582336	1.0661528196819932	-1.0017482902762405	-48.442756060828906	True	0.07214927850721493	1.0	False
qwen3	natugu	natugu	gs	shot	matched_qwen3_natugu_shot	mtob_qwen3_natugu_gs	raw	chrF	20.148501163439448	15.62394219243674	-4.524558971002708	-22.45605732307655	True	2.999970000299997e-05	0.005459945400545995	True
qwen3	natugu	natugu	gs	shot	matched_qwen3_natugu_shot	mtob_qwen3_natugu_gs	raw	rouge1	0.20669827312060507	0.12621888472219306	-0.08047938839841201	-38.93568493988027	True			
qwen3	natugu	natugu	gs	shot	matched_qwen3_natugu_shot	mtob_qwen3_natugu_gs	raw	rouge2	0.040808700609131124	0.04719548165973746	0.006386781050606333	15.650537643380057	True			
qwen3	natugu	natugu	gs	shot	matched_qwen3_natugu_shot	mtob_qwen3_natugu_gs	raw	rougeL	0.1819929067524064	0.11448328306405864	-0.06750962368834776	-37.094645551319054	True			
qwen3	natugu	natugu	gs	shot	matched_qwen3_natugu_shot	mtob_qwen3_natugu_gs	raw	CharacTER	0.8583413328597098	0.842683784074407	-0.01565754878530279	-1.8241634401010385	False			
qwen3	natugu	natugu	gs	shot	matched_qwen3_natugu_shot	mtob_qwen3_natugu_gs	extracted	BLEU	2.0679011099582336	1.942371574777583	-0.1255295351806507	-6.070383858113315	True	0.35121648783512166	1.0	False
qwen3	natugu	natugu	gs	shot	matched_qwen3_natugu_shot	mtob_qwen3_natugu_gs	extracted	chrF	20.148501163439448	19.549403791829757	-0.599097371609691	-2.973409122345963	True	0.24264757352426475	1.0	False
qwen3	natugu	natugu	gs	shot	matched_qwen3_natugu_shot	mtob_qwen3_natugu_gs	extracted	rouge1	0.20669827312060507	0.16315385613692376	-0.043544416983681306	-21.066657367898692	True			
qwen3	natugu	natugu	gs	shot	matched_qwen3_natugu_shot	mtob_qwen3_natugu_gs	extracted	rouge2	0.040808700609131124	0.05390953646124941	0.013100835852118284	32.10304581270327	True			
qwen3	natugu	natugu	gs	shot	matched_qwen3_natugu_shot	mtob_qwen3_natugu_gs	extracted	rougeL	0.1819929067524064	0.14654409381551986	-0.03544881293688654	-19.47812888395323	True			
qwen3	natugu	natugu	gs	shot	matched_qwen3_natugu_shot	mtob_qwen3_natugu_gs	extracted	CharacTER	0.8583413328597098	0.7918231715127291	-0.06651816134698074	-7.7496164754602	False			
qwen3	natugu	natugu	gs	chain_gloss	matched_qwen3_natugu_chain_gloss	mtob_qwen3_natugu_gs	raw	BLEU	2.618039474503505	1.0661528196819932	-1.5518866548215118	-59.27667133880086	True	0.07143928560714392	1.0	False
qwen3	natugu	natugu	gs	chain_gloss	matched_qwen3_natugu_chain_gloss	mtob_qwen3_natugu_gs	raw	chrF	20.777595395272485	15.62394219243674	-5.153653202835745	-24.803896239159386	True	7.999920000799993e-05	0.012959870401295988	True
qwen3	natugu	natugu	gs	chain_gloss	matched_qwen3_natugu_chain_gloss	mtob_qwen3_natugu_gs	raw	rouge1	0.21636887829662474	0.12621888472219306	-0.09014999357443168	-41.664953982357446	True			
qwen3	natugu	natugu	gs	chain_gloss	matched_qwen3_natugu_chain_gloss	mtob_qwen3_natugu_gs	raw	rouge2	0.04963156434381042	0.04719548165973746	-0.002436082684072964	-4.908333469397825	True			
qwen3	natugu	natugu	gs	chain_gloss	matched_qwen3_natugu_chain_gloss	mtob_qwen3_natugu_gs	raw	rougeL	0.19152165571552404	0.11448328306405864	-0.0770383726514654	-40.22436646323383	True			
qwen3	natugu	natugu	gs	chain_gloss	matched_qwen3_natugu_chain_gloss	mtob_qwen3_natugu_gs	raw	CharacTER	0.8186750972259587	0.842683784074407	0.02400868684844837	2.932626988386559	False			
qwen3	natugu	natugu	gs	chain_gloss	matched_qwen3_natugu_chain_gloss	mtob_qwen3_natugu_gs	extracted	BLEU	2.618039474503505	1.942371574777583	-0.675667899725922	-25.80816318111698	True	0.2035979640203598	1.0	False
qwen3	natugu	natugu	gs	chain_gloss	matched_qwen3_natugu_chain_gloss	mtob_qwen3_natugu_gs	extracted	chrF	20.777595395272485	19.549403791829757	-1.2281916034427276	-5.9111344699790305	True	0.15544844551554485	1.0	False
qwen3	natugu	natugu	gs	chain_gloss	matched_qwen3_natugu_chain_gloss	mtob_qwen3_natugu_gs	extracted	rouge1	0.21636887829662474	0.16315385613692376	-0.053215022159700975	-24.59458244579304	True			
qwen3	natugu	natugu	gs	chain_gloss	matched_qwen3_natugu_chain_gloss	mtob_qwen3_natugu_gs	extracted	rouge2	0.04963156434381042	0.05390953646124941	0.004277972117438987	8.619458552231782	True			
qwen3	natugu	natugu	gs	chain_gloss	matched_qwen3_natugu_chain_gloss	mtob_qwen3_natugu_gs	extracted	rougeL	0.19152165571552404	0.14654409381551986	-0.04497756190000418	-23.484321776547	True			
qwen3	natugu	natugu	gs	chain_gloss	matched_qwen3_natugu_chain_gloss	mtob_qwen3_natugu_gs	extracted	CharacTER	0.8186750972259587	0.7918231715127291	-0.026851925713229585	-3.2799245762105196	False			
qwen3	natugu	natugu	gs	modelgloss	matched_qwen3_natugu_modelgloss	mtob_qwen3_natugu_gs	raw	BLEU	10.607232949438512	1.0661528196819932	-9.54108012975652	-89.94881299615062	True	9.99990000099999e-06	0.0035999640003599965	True
qwen3	natugu	natugu	gs	modelgloss	matched_qwen3_natugu_modelgloss	mtob_qwen3_natugu_gs	raw	chrF	37.88082811178865	15.62394219243674	-22.256885919351912	-58.75501415563164	True	9.99990000099999e-06	0.0035999640003599965	True
qwen3	natugu	natugu	gs	modelgloss	matched_qwen3_natugu_modelgloss	mtob_qwen3_natugu_gs	raw	rouge1	0.4264213571109553	0.12621888472219306	-0.30020247238876224	-70.40043079048905	True			
qwen3	natugu	natugu	gs	modelgloss	matched_qwen3_natugu_modelgloss	mtob_qwen3_natugu_gs	raw	rouge2	0.1780447258638092	0.04719548165973746	-0.13084924420407174	-73.49234501007435	True			
qwen3	natugu	natugu	gs	modelgloss	matched_qwen3_natugu_modelgloss	mtob_qwen3_natugu_gs	raw	rougeL	0.38106913385931057	0.11448328306405864	-0.26658585079525193	-69.9573455596838	True			
qwen3	natugu	natugu	gs	modelgloss	matched_qwen3_natugu_modelgloss	mtob_qwen3_natugu_gs	raw	CharacTER	0.6750481845567168	0.842683784074407	0.16763559951769025	24.83313093090849	False			
qwen3	natugu	natugu	gs	modelgloss	matched_qwen3_natugu_modelgloss	mtob_qwen3_natugu_gs	extracted	BLEU	10.607232949438512	1.942371574777583	-8.664861374660928	-81.6882349615938	True	9.99990000099999e-06	0.0035999640003599965	True
qwen3	natugu	natugu	gs	modelgloss	matched_qwen3_natugu_modelgloss	mtob_qwen3_natugu_gs	extracted	chrF	37.88082811178865	19.549403791829757	-18.331424319958895	-48.392353688419206	True	9.99990000099999e-06	0.0035999640003599965	True
qwen3	natugu	natugu	gs	modelgloss	matched_qwen3_natugu_modelgloss	mtob_qwen3_natugu_gs	extracted	rouge1	0.4264213571109553	0.16315385613692376	-0.2632675009740315	-61.73881691988729	True			
qwen3	natugu	natugu	gs	modelgloss	matched_qwen3_natugu_modelgloss	mtob_qwen3_natugu_gs	extracted	rouge2	0.1780447258638092	0.05390953646124941	-0.1241351894025598	-69.72135164369534	True			
qwen3	natugu	natugu	gs	modelgloss	matched_qwen3_natugu_modelgloss	mtob_qwen3_natugu_gs	extracted	rougeL	0.38106913385931057	0.14654409381551986	-0.2345250400437907	-61.54396124100058	True			
qwen3	natugu	natugu	gs	modelgloss	matched_qwen3_natugu_modelgloss	mtob_qwen3_natugu_gs	extracted	CharacTER	0.6750481845567168	0.7918231715127291	0.1167749869560123	17.298763203502993	False			
qwen3	natugu	natugu	gl	shot	matched_qwen3_natugu_shot	mtob_qwen3_natugu_gl	raw	BLEU	2.0679011099582336	1.2075904054882929	-0.8603107044699407	-41.60308732013384	True	0.1000089999100009	1.0	False
qwen3	natugu	natugu	gl	shot	matched_qwen3_natugu_shot	mtob_qwen3_natugu_gl	raw	chrF	20.148501163439448	15.079131906091423	-5.069369257348026	-25.16003158858621	True	0.0002899971000289997	0.04175958240417595	True
qwen3	natugu	natugu	gl	shot	matched_qwen3_natugu_shot	mtob_qwen3_natugu_gl	raw	rouge1	0.20669827312060507	0.17747910206659182	-0.029219171054013254	-14.136146670642162	True			
qwen3	natugu	natugu	gl	shot	matched_qwen3_natugu_shot	mtob_qwen3_natugu_gl	raw	rouge2	0.040808700609131124	0.06978735073453415	0.02897865012540303	71.01096014539343	True			
qwen3	natugu	natugu	gl	shot	matched_qwen3_natugu_shot	mtob_qwen3_natugu_gl	raw	rougeL	0.1819929067524064	0.15952720924137703	-0.022465697511029364	-12.344270945456676	True			
qwen3	natugu	natugu	gl	shot	matched_qwen3_natugu_shot	mtob_qwen3_natugu_gl	raw	CharacTER	0.8583413328597098	0.8097036855341445	-0.0486376473255653	-5.6664692079456005	False			
qwen3	natugu	natugu	gl	shot	matched_qwen3_natugu_shot	mtob_qwen3_natugu_gl	extracted	BLEU	2.0679011099582336	1.3105231693525334	-0.7573779406057002	-36.62544291690028	True	0.12659873401265986	1.0	False
qwen3	natugu	natugu	gl	shot	matched_qwen3_natugu_shot	mtob_qwen3_natugu_gl	extracted	chrF	20.148501163439448	15.79253970818738	-4.355961455252068	-21.619282843510945	True	0.0026699733002669974	0.34709652903470967	False
qwen3	natugu	natugu	gl	shot	matched_qwen3_natugu_shot	mtob_qwen3_natugu_gl	extracted	rouge1	0.20669827312060507	0.179256983545381	-0.02744128957522407	-13.27601298304632	True			
qwen3	natugu	natugu	gl	shot	matched_qwen3_natugu_shot	mtob_qwen3_natugu_gl	extracted	rouge2	0.040808700609131124	0.06978735073453415	0.02897865012540303	71.01096014539343	True			
qwen3	natugu	natugu	gl	shot	matched_qwen3_natugu_shot	mtob_qwen3_natugu_gl	extracted	rougeL	0.1819929067524064	0.16138310306040834	-0.020609803691998052	-11.3245093227929	True			
qwen3	natugu	natugu	gl	shot	matched_qwen3_natugu_shot	mtob_qwen3_natugu_gl	extracted	CharacTER	0.8583413328597098	0.8023147553271434	-0.05602657753256646	-6.527307422783009	False			
qwen3	natugu	natugu	gl	chain_gloss	matched_qwen3_natugu_chain_gloss	mtob_qwen3_natugu_gl	raw	BLEU	2.618039474503505	1.2075904054882929	-1.410449069015212	-53.8742476097575	True	0.08402915970840291	1.0	False
qwen3	natugu	natugu	gl	chain_gloss	matched_qwen3_natugu_chain_gloss	mtob_qwen3_natugu_gl	raw	chrF	20.777595395272485	15.079131906091423	-5.698463489181062	-27.42600084742063	True	8.99991000089999e-05	0.014399856001439984	True
qwen3	natugu	natugu	gl	chain_gloss	matched_qwen3_natugu_chain_gloss	mtob_qwen3_natugu_gl	raw	rouge1	0.21636887829662474	0.17747910206659182	-0.038889776230032924	-17.97383086523104	True			
qwen3	natugu	natugu	gl	chain_gloss	matched_qwen3_natugu_chain_gloss	mtob_qwen3_natugu_gl	raw	rouge2	0.04963156434381042	0.06978735073453415	0.020155786390723733	40.61082228055415	True			
qwen3	natugu	natugu	gl	chain_gloss	matched_qwen3_natugu_chain_gloss	mtob_qwen3_natugu_gl	raw	rougeL	0.19152165571552404	0.15952720924137703	-0.03199444647414701	-16.705393630091546	True			
qwen3	natugu	natugu	gl	chain_gloss	matched_qwen3_natugu_chain_gloss	mtob_qwen3_natugu_gl	raw	CharacTER	0.8186750972259587	0.8097036855341445	-0.008971411691814146	-1.0958451920930958	False			
qwen3	natugu	natugu	gl	chain_gloss	matched_qwen3_natugu_chain_gloss	mtob_qwen3_natugu_gl	extracted	BLEU	2.618039474503505	1.3105231693525334	-1.3075163051509715	-49.94257412405648	True	0.09283907160928391	1.0	False
qwen3	natugu	natugu	gl	chain_gloss	matched_qwen3_natugu_chain_gloss	mtob_qwen3_natugu_gl	extracted	chrF	20.777595395272485	15.79253970818738	-4.985055687085104	-23.992457222549206	True	0.000939990600093999	0.12971870281297188	False
qwen3	natugu	natugu	gl	chain_gloss	matched_qwen3_natugu_chain_gloss	mtob_qwen3_natugu_gl	extracted	rouge1	0.21636887829662474	0.179256983545381	-0.03711189475124374	-17.152140845489917	True			
qwen3	natugu	natugu	gl	chain_gloss	matched_qwen3_natugu_chain_gloss	mtob_qwen3_natugu_gl	extracted	rouge2	0.04963156434381042	0.06978735073453415	0.020155786390723733	40.61082228055415	True			
qwen3	natugu	natugu	gl	chain_gloss	matched_qwen3_natugu_chain_gloss	mtob_qwen3_natugu_gl	extracted	rougeL	0.19152165571552404	0.16138310306040834	-0.030138552655115697	-15.736368058493541	True			
qwen3	natugu	natugu	gl	chain_gloss	matched_qwen3_natugu_chain_gloss	mtob_qwen3_natugu_gl	extracted	CharacTER	0.8186750972259587	0.8023147553271434	-0.0163603418988153	-1.9983925191143026	False			
qwen3	natugu	natugu	gl	modelgloss	matched_qwen3_natugu_modelgloss	mtob_qwen3_natugu_gl	raw	BLEU	10.607232949438512	1.2075904054882929	-9.399642543950218	-88.61540600414347	True	9.99990000099999e-06	0.0035999640003599965	True
qwen3	natugu	natugu	gl	modelgloss	matched_qwen3_natugu_modelgloss	mtob_qwen3_natugu_gl	raw	chrF	37.88082811178865	15.079131906091423	-22.80169620569723	-60.19323584586911	True	9.99990000099999e-06	0.0035999640003599965	True
qwen3	natugu	natugu	gl	modelgloss	matched_qwen3_natugu_modelgloss	mtob_qwen3_natugu_gl	raw	rouge1	0.4264213571109553	0.17747910206659182	-0.2489422550443635	-58.3794059310187	True			
qwen3	natugu	natugu	gl	modelgloss	matched_qwen3_natugu_modelgloss	mtob_qwen3_natugu_gl	raw	rouge2	0.1780447258638092	0.06978735073453415	-0.10825737512927505	-60.80347205122143	True			
qwen3	natugu	natugu	gl	modelgloss	matched_qwen3_natugu_modelgloss	mtob_qwen3_natugu_gl	raw	rougeL	0.38106913385931057	0.15952720924137703	-0.22154192461793354	-58.13693761398321	True			
qwen3	natugu	natugu	gl	modelgloss	matched_qwen3_natugu_modelgloss	mtob_qwen3_natugu_gl	raw	CharacTER	0.6750481845567168	0.8097036855341445	0.13465550097742773	19.947539162089864	False			
qwen3	natugu	natugu	gl	modelgloss	matched_qwen3_natugu_modelgloss	mtob_qwen3_natugu_gl	extracted	BLEU	10.607232949438512	1.3105231693525334	-9.296709780085978	-87.64500435128177	True	9.99990000099999e-06	0.0035999640003599965	True
qwen3	natugu	natugu	gl	modelgloss	matched_qwen3_natugu_modelgloss	mtob_qwen3_natugu_gl	extracted	chrF	37.88082811178865	15.79253970818738	-22.088288403601272	-58.30994068666444	True	9.99990000099999e-06	0.0035999640003599965	True
qwen3	natugu	natugu	gl	modelgloss	matched_qwen3_natugu_modelgloss	mtob_qwen3_natugu_gl	extracted	rouge1	0.4264213571109553	0.179256983545381	-0.2471643735655743	-57.96247524751953	True			
qwen3	natugu	natugu	gl	modelgloss	matched_qwen3_natugu_modelgloss	mtob_qwen3_natugu_gl	extracted	rouge2	0.1780447258638092	0.06978735073453415	-0.10825737512927505	-60.80347205122143	True			
qwen3	natugu	natugu	gl	modelgloss	matched_qwen3_natugu_modelgloss	mtob_qwen3_natugu_gl	extracted	rougeL	0.38106913385931057	0.16138310306040834	-0.21968603079890223	-57.64991474749292	True			
qwen3	natugu	natugu	gl	modelgloss	matched_qwen3_natugu_modelgloss	mtob_qwen3_natugu_gl	extracted	CharacTER	0.6750481845567168	0.8023147553271434	0.12726657077042658	18.85296097107477	False			
qwen3	lezgi	lezgi	ge	shot	matched_qwen3_lezgi_shot	mtob_qwen3_lezgi_ge	raw	BLEU	6.257831418686951	0.18042723160635216	-6.0774041870805995	-97.11677705047205	True	0.05709942900570994	1.0	False
qwen3	lezgi	lezgi	ge	shot	matched_qwen3_lezgi_shot	mtob_qwen3_lezgi_ge	raw	chrF	22.93010859341349	11.840666363812703	-11.089442229600786	-48.361926348600676	True	6.999930000699993e-05	0.01168988310116899	True
qwen3	lezgi	lezgi	ge	shot	matched_qwen3_lezgi_shot	mtob_qwen3_lezgi_ge	raw	rouge1	0.20383146691357948	0.10284582673176246	-0.10098564018181702	-49.543694951002315	True			
qwen3	lezgi	lezgi	ge	shot	matched_qwen3_lezgi_shot	mtob_qwen3_lezgi_ge	raw	rouge2	0.050031098374405704	0.020421488267414818	-0.029609610106990886	-59.18241067867142	True			
qwen3	lezgi	lezgi	ge	shot	matched_qwen3_lezgi_shot	mtob_qwen3_lezgi_ge	raw	rougeL	0.17443851351107512	0.0919787198627705	-0.08245979364830462	-47.27155258810965	True			
qwen3	lezgi	lezgi	ge	shot	matched_qwen3_lezgi_shot	mtob_qwen3_lezgi_ge	raw	CharacTER	0.7973837675818692	0.8537254164846465	0.056341648902777264	7.0658133753635175	False			
qwen3	lezgi	lezgi	ge	shot	matched_qwen3_lezgi_shot	mtob_qwen3_lezgi_ge	extracted	BLEU	6.257831418686951	0.25446233555714165	-6.00336908312981	-95.9336978174696	True	0.059539404605953944	1.0	False
qwen3	lezgi	lezgi	ge	shot	matched_qwen3_lezgi_shot	mtob_qwen3_lezgi_ge	extracted	chrF	22.93010859341349	13.758890386388517	-9.171218207024973	-39.99640110583401	True	0.0008699913000869992	0.12092879071209288	False
qwen3	lezgi	lezgi	ge	shot	matched_qwen3_lezgi_shot	mtob_qwen3_lezgi_ge	extracted	rouge1	0.20383146691357948	0.11669789759121532	-0.08713356932236416	-42.74784980049575	True			
qwen3	lezgi	lezgi	ge	shot	matched_qwen3_lezgi_shot	mtob_qwen3_lezgi_ge	extracted	rouge2	0.050031098374405704	0.021550500194146546	-0.028480598180259158	-56.92579036967318	True			
qwen3	lezgi	lezgi	ge	shot	matched_qwen3_lezgi_shot	mtob_qwen3_lezgi_ge	extracted	rougeL	0.17443851351107512	0.10417548630811387	-0.07026302720296125	-40.27953792354476	True			
qwen3	lezgi	lezgi	ge	shot	matched_qwen3_lezgi_shot	mtob_qwen3_lezgi_ge	extracted	CharacTER	0.7973837675818692	0.8313346787545333	0.03395091117266402	4.257788100656088	False			
qwen3	lezgi	lezgi	ge	chain_gloss	matched_qwen3_lezgi_chain_gloss	mtob_qwen3_lezgi_ge	raw	BLEU	6.608392392498248	0.18042723160635216	-6.427965160891897	-97.26972581393366	True	0.03861961380386196	1.0	False
qwen3	lezgi	lezgi	ge	chain_gloss	matched_qwen3_lezgi_chain_gloss	mtob_qwen3_lezgi_ge	raw	chrF	23.965837363516044	11.840666363812703	-12.125170999703341	-50.593562894496955	True	2.999970000299997e-05	0.005459945400545995	True
qwen3	lezgi	lezgi	ge	chain_gloss	matched_qwen3_lezgi_chain_gloss	mtob_qwen3_lezgi_ge	raw	rouge1	0.20685388257533172	0.10284582673176246	-0.10400805584356926	-50.280929972726895	True			
qwen3	lezgi	lezgi	ge	chain_gloss	matched_qwen3_lezgi_chain_gloss	mtob_qwen3_lezgi_ge	raw	rouge2	0.0646026091128777	0.020421488267414818	-0.044181120845462885	-68.38906578566646	True			
qwen3	lezgi	lezgi	ge	chain_gloss	matched_qwen3_lezgi_chain_gloss	mtob_qwen3_lezgi_ge	raw	rougeL	0.18643787668229145	0.0919787198627705	-0.09445915681952095	-50.66521808789353	True			
qwen3	lezgi	lezgi	ge	chain_gloss	matched_qwen3_lezgi_chain_gloss	mtob_qwen3_lezgi_ge	raw	CharacTER	0.7835538724438902	0.8537254164846465	0.07017154404075632	8.9555481133534	False			
qwen3	lezgi	lezgi	ge	chain_gloss	matched_qwen3_lezgi_chain_gloss	mtob_qwen3_lezgi_ge	extracted	BLEU	6.608392392498248	0.25446233555714165	-6.353930056941107	-96.14940638443318	True	0.04031959680403196	1.0	False
qwen3	lezgi	lezgi	ge	chain_gloss	matched_qwen3_lezgi_chain_gloss	mtob_qwen3_lezgi_ge	extracted	chrF	23.965837363516044	13.758890386388517	-10.206946977127528	-42.58956957066681	True	0.00024999750002499977	0.03624963750362497	True
qwen3	lezgi	lezgi	ge	chain_gloss	matched_qwen3_lezgi_chain_gloss	mtob_qwen3_lezgi_ge	extracted	rouge1	0.20685388257533172	0.11669789759121532	-0.0901559849841164	-43.584381333177795	True			
qwen3	lezgi	lezgi	ge	chain_gloss	matched_qwen3_lezgi_chain_gloss	mtob_qwen3_lezgi_ge	extracted	rouge2	0.0646026091128777	0.021550500194146546	-0.04305210891873115	-66.64143988907296	True			
qwen3	lezgi	lezgi	ge	chain_gloss	matched_qwen3_lezgi_chain_gloss	mtob_qwen3_lezgi_ge	extracted	rougeL	0.18643787668229145	0.10417548630811387	-0.08226239037417758	-44.123217791393756	True			
qwen3	lezgi	lezgi	ge	chain_gloss	matched_qwen3_lezgi_chain_gloss	mtob_qwen3_lezgi_ge	extracted	CharacTER	0.7835538724438902	0.8313346787545333	0.047780806310643076	6.097960585864456	False			
qwen3	lezgi	lezgi	ge	modelgloss	matched_qwen3_lezgi_modelgloss	mtob_qwen3_lezgi_ge	raw	BLEU	12.007079690457703	0.18042723160635216	-11.82665245885135	-98.49732627534954	True	0.0028099719002809974	0.36119638803611964	False
qwen3	lezgi	lezgi	ge	modelgloss	matched_qwen3_lezgi_modelgloss	mtob_qwen3_lezgi_ge	raw	chrF	38.03318201190564	11.840666363812703	-26.192515648092936	-68.86753687843898	True	9.99990000099999e-06	0.0035999640003599965	True
qwen3	lezgi	lezgi	ge	modelgloss	matched_qwen3_lezgi_modelgloss	mtob_qwen3_lezgi_ge	raw	rouge1	0.4026302725066327	0.10284582673176246	-0.29978444577487023	-74.45650917118553	True			
qwen3	lezgi	lezgi	ge	modelgloss	matched_qwen3_lezgi_modelgloss	mtob_qwen3_lezgi_ge	raw	rouge2	0.13449556588226477	0.020421488267414818	-0.11407407761484996	-84.81623677817642	True			
qwen3	lezgi	lezgi	ge	modelgloss	matched_qwen3_lezgi_modelgloss	mtob_qwen3_lezgi_ge	raw	rougeL	0.3463754618987534	0.0919787198627705	-0.2543967420359829	-73.44537070883614	True			
qwen3	lezgi	lezgi	ge	modelgloss	matched_qwen3_lezgi_modelgloss	mtob_qwen3_lezgi_ge	raw	CharacTER	0.7006458239444114	0.8537254164846465	0.15307959254023507	21.848355803856222	False			
qwen3	lezgi	lezgi	ge	modelgloss	matched_qwen3_lezgi_modelgloss	mtob_qwen3_lezgi_ge	extracted	BLEU	12.007079690457703	0.25446233555714165	-11.752617354900561	-97.88073085115468	True	0.002969970300296997	0.37421625783742163	False
qwen3	lezgi	lezgi	ge	modelgloss	matched_qwen3_lezgi_modelgloss	mtob_qwen3_lezgi_ge	extracted	chrF	38.03318201190564	13.758890386388517	-24.274291625517122	-63.82398301020007	True	9.99990000099999e-06	0.0035999640003599965	True
qwen3	lezgi	lezgi	ge	modelgloss	matched_qwen3_lezgi_modelgloss	mtob_qwen3_lezgi_ge	extracted	rouge1	0.4026302725066327	0.11669789759121532	-0.28593237491541734	-71.01611439579648	True			
qwen3	lezgi	lezgi	ge	modelgloss	matched_qwen3_lezgi_modelgloss	mtob_qwen3_lezgi_ge	extracted	rouge2	0.13449556588226477	0.021550500194146546	-0.11294506568811823	-83.9767950320299	True			
qwen3	lezgi	lezgi	ge	modelgloss	matched_qwen3_lezgi_modelgloss	mtob_qwen3_lezgi_ge	extracted	rougeL	0.3463754618987534	0.10417548630811387	-0.24219997559063955	-69.92411479235655	True			
qwen3	lezgi	lezgi	ge	modelgloss	matched_qwen3_lezgi_modelgloss	mtob_qwen3_lezgi_ge	extracted	CharacTER	0.7006458239444114	0.8313346787545333	0.13068885481012182	18.652627382317853	False			
qwen3	lezgi	lezgi	gs	shot	matched_qwen3_lezgi_shot	mtob_qwen3_lezgi_gs	raw	BLEU	6.257831418686951	0.18930664454959376	-6.068524774137358	-96.97488423890276	True	0.05758942410575894	1.0	False
qwen3	lezgi	lezgi	gs	shot	matched_qwen3_lezgi_shot	mtob_qwen3_lezgi_gs	raw	chrF	22.93010859341349	11.935303968394116	-10.994804625019373	-47.949204340783425	True	6.999930000699993e-05	0.01168988310116899	True
qwen3	lezgi	lezgi	gs	shot	matched_qwen3_lezgi_shot	mtob_qwen3_lezgi_gs	raw	rouge1	0.20383146691357948	0.1140559042716665	-0.08977556264191298	-44.04401538255919	True			
qwen3	lezgi	lezgi	gs	shot	matched_qwen3_lezgi_shot	mtob_qwen3_lezgi_gs	raw	rouge2	0.050031098374405704	0.02477860509631141	-0.025252493278094295	-50.47359362194746	True			
qwen3	lezgi	lezgi	gs	shot	matched_qwen3_lezgi_shot	mtob_qwen3_lezgi_gs	raw	rougeL	0.17443851351107512	0.1040868527083437	-0.07035166080273142	-40.33034872099205	True			
qwen3	lezgi	lezgi	gs	shot	matched_qwen3_lezgi_shot	mtob_qwen3_lezgi_gs	raw	CharacTER	0.7973837675818692	0.8530176584666239	0.05563389088475468	6.977053352047653	False			
qwen3	lezgi	lezgi	gs	shot	matched_qwen3_lezgi_shot	mtob_qwen3_lezgi_gs	extracted	BLEU	6.257831418686951	0.26276951197007054	-5.995061906716881	-95.8009493322975	True	0.06007939920600794	1.0	False
qwen3	lezgi	lezgi	gs	shot	matched_qwen3_lezgi_shot	mtob_qwen3_lezgi_gs	extracted	chrF	22.93010859341349	13.834281420554163	-9.095827172859327	-39.6676148994429	True	0.0007299927000729993	0.1021989780102199	False
qwen3	lezgi	lezgi	gs	shot	matched_qwen3_lezgi_shot	mtob_qwen3_lezgi_gs	extracted	rouge1	0.20383146691357948	0.12143031821238673	-0.08240114870119275	-40.42611768875176	True			
qwen3	lezgi	lezgi	gs	shot	matched_qwen3_lezgi_shot	mtob_qwen3_lezgi_gs	extracted	rouge2	0.050031098374405704	0.02477860509631141	-0.025252493278094295	-50.47359362194746	True			
qwen3	lezgi	lezgi	gs	shot	matched_qwen3_lezgi_shot	mtob_qwen3_lezgi_gs	extracted	rougeL	0.17443851351107512	0.1101744087027295	-0.06426410480834562	-36.84054829111203	True			
qwen3	lezgi	lezgi	gs	shot	matched_qwen3_lezgi_shot	mtob_qwen3_lezgi_gs	extracted	CharacTER	0.7973837675818692	0.8320212698268771	0.034637502245007834	4.3438935746144995	False			
qwen3	lezgi	lezgi	gs	chain_gloss	matched_qwen3_lezgi_chain_gloss	mtob_qwen3_lezgi_gs	raw	BLEU	6.608392392498248	0.18930664454959376	-6.419085747948655	-97.13536011020635	True	0.03894961050389496	1.0	False
qwen3	lezgi	lezgi	gs	chain_gloss	matched_qwen3_lezgi_chain_gloss	mtob_qwen3_lezgi_gs	raw	chrF	23.965837363516044	11.935303968394116	-12.030533395121928	-50.198677445071844	True	2.999970000299997e-05	0.005459945400545995	True
qwen3	lezgi	lezgi	gs	chain_gloss	matched_qwen3_lezgi_chain_gloss	mtob_qwen3_lezgi_gs	raw	rouge1	0.20685388257533172	0.1140559042716665	-0.09279797830366522	-44.861608178841024	True			
qwen3	lezgi	lezgi	gs	chain_gloss	matched_qwen3_lezgi_chain_gloss	mtob_qwen3_lezgi_gs	raw	rouge2	0.0646026091128777	0.02477860509631141	-0.039824004016566286	-61.64457529413914	True			
qwen3	lezgi	lezgi	gs	chain_gloss	matched_qwen3_lezgi_chain_gloss	mtob_qwen3_lezgi_gs	raw	rougeL	0.18643787668229145	0.1040868527083437	-0.08235102397394775	-44.17075834557053	True			
qwen3	lezgi	lezgi	gs	chain_gloss	matched_qwen3_lezgi_chain_gloss	mtob_qwen3_lezgi_gs	raw	CharacTER	0.7835538724438902	0.8530176584666239	0.06946378602273373	8.865221456449122	False			
qwen3	lezgi	lezgi	gs	chain_gloss	matched_qwen3_lezgi_chain_gloss	mtob_qwen3_lezgi_gs	extracted	BLEU	6.608392392498248	0.26276951197007054	-6.345622880528178	-96.02369992029587	True	0.04065959340406596	1.0	False
qwen3	lezgi	lezgi	gs	chain_gloss	matched_qwen3_lezgi_chain_gloss	mtob_qwen3_lezgi_gs	extracted	chrF	23.965837363516044	13.834281420554163	-10.131555942961882	-42.274992479025464	True	0.00021999780002199978	0.03277967220327797	True
qwen3	lezgi	lezgi	gs	chain_gloss	matched_qwen3_lezgi_chain_gloss	mtob_qwen3_lezgi_gs	extracted	rouge1	0.20685388257533172	0.12143031821238673	-0.08542356436294499	-41.29657287522054	True			
qwen3	lezgi	lezgi	gs	chain_gloss	matched_qwen3_lezgi_chain_gloss	mtob_qwen3_lezgi_gs	extracted	rouge2	0.0646026091128777	0.02477860509631141	-0.039824004016566286	-61.64457529413914	True			
qwen3	lezgi	lezgi	gs	chain_gloss	matched_qwen3_lezgi_chain_gloss	mtob_qwen3_lezgi_gs	extracted	rougeL	0.18643787668229145	0.1101744087027295	-0.07626346797956195	-40.90556561611267	True			
qwen3	lezgi	lezgi	gs	chain_gloss	matched_qwen3_lezgi_chain_gloss	mtob_qwen3_lezgi_gs	extracted	CharacTER	0.7835538724438902	0.8320212698268771	0.04846739738298689	6.1855858400416	False			
qwen3	lezgi	lezgi	gs	modelgloss	matched_qwen3_lezgi_modelgloss	mtob_qwen3_lezgi_gs	raw	BLEU	12.007079690457703	0.18930664454959376	-11.817773045908108	-98.42337479695384	True	0.0028599714002859973	0.36321636783632166	False
qwen3	lezgi	lezgi	gs	modelgloss	matched_qwen3_lezgi_modelgloss	mtob_qwen3_lezgi_gs	raw	chrF	38.03318201190564	11.935303968394116	-26.09787804351152	-68.61870783081476	True	9.99990000099999e-06	0.0035999640003599965	True
qwen3	lezgi	lezgi	gs	modelgloss	matched_qwen3_lezgi_modelgloss	mtob_qwen3_lezgi_gs	raw	rouge1	0.4026302725066327	0.1140559042716665	-0.2885743682349662	-71.67229787228987	True			
qwen3	lezgi	lezgi	gs	modelgloss	matched_qwen3_lezgi_modelgloss	mtob_qwen3_lezgi_gs	raw	rouge2	0.13449556588226477	0.02477860509631141	-0.10971696078595336	-81.57663791087195	True			
qwen3	lezgi	lezgi	gs	modelgloss	matched_qwen3_lezgi_modelgloss	mtob_qwen3_lezgi_gs	raw	rougeL	0.3463754618987534	0.1040868527083437	-0.2422886091904097	-69.9497036719164	True			
qwen3	lezgi	lezgi	gs	modelgloss	matched_qwen3_lezgi_modelgloss	mtob_qwen3_lezgi_gs	raw	CharacTER	0.7006458239444114	0.8530176584666239	0.15237183452221248	21.74734071265963	False			
qwen3	lezgi	lezgi	gs	modelgloss	matched_qwen3_lezgi_modelgloss	mtob_qwen3_lezgi_gs	extracted	BLEU	12.007079690457703	0.26276951197007054	-11.744310178487632	-97.81154519879719	True	0.002969970300296997	0.37421625783742163	False
qwen3	lezgi	lezgi	gs	modelgloss	matched_qwen3_lezgi_modelgloss	mtob_qwen3_lezgi_gs	extracted	chrF	38.03318201190564	13.834281420554163	-24.198900591351475	-63.625758643535065	True	9.99990000099999e-06	0.0035999640003599965	True
qwen3	lezgi	lezgi	gs	modelgloss	matched_qwen3_lezgi_modelgloss	mtob_qwen3_lezgi_gs	extracted	rouge1	0.4026302725066327	0.12143031821238673	-0.28119995429424594	-69.8407381401292	True			
qwen3	lezgi	lezgi	gs	modelgloss	matched_qwen3_lezgi_modelgloss	mtob_qwen3_lezgi_gs	extracted	rouge2	0.13449556588226477	0.02477860509631141	-0.10971696078595336	-81.57663791087195	True			
qwen3	lezgi	lezgi	gs	modelgloss	matched_qwen3_lezgi_modelgloss	mtob_qwen3_lezgi_gs	extracted	rougeL	0.3463754618987534	0.1101744087027295	-0.2362010531960239	-68.19220157837456	True			
qwen3	lezgi	lezgi	gs	modelgloss	matched_qwen3_lezgi_modelgloss	mtob_qwen3_lezgi_gs	extracted	CharacTER	0.7006458239444114	0.8320212698268771	0.13137544588246564	18.750621411380713	False			
qwen3	lezgi	lezgi	gl	shot	matched_qwen3_lezgi_shot	mtob_qwen3_lezgi_gl	raw	BLEU	6.257831418686951	0.5255799429948941	-5.732251475692057	-91.6012447790552	True	0.06775932240677593	1.0	False
qwen3	lezgi	lezgi	gl	shot	matched_qwen3_lezgi_shot	mtob_qwen3_lezgi_gl	raw	chrF	22.93010859341349	16.97912753967527	-5.950981053738218	-25.952694595818855	True	0.009499905000949991	1.0	False
qwen3	lezgi	lezgi	gl	shot	matched_qwen3_lezgi_shot	mtob_qwen3_lezgi_gl	raw	rouge1	0.20383146691357948	0.12571619402351053	-0.07811527289006895	-38.323461079337804	True			
qwen3	lezgi	lezgi	gl	shot	matched_qwen3_lezgi_shot	mtob_qwen3_lezgi_gl	raw	rouge2	0.050031098374405704	0.020981663767191024	-0.02904943460721468	-58.062756067884834	True			
qwen3	lezgi	lezgi	gl	shot	matched_qwen3_lezgi_shot	mtob_qwen3_lezgi_gl	raw	rougeL	0.17443851351107512	0.11319972461548687	-0.061238788895588245	-35.106231796512176	True			
qwen3	lezgi	lezgi	gl	shot	matched_qwen3_lezgi_shot	mtob_qwen3_lezgi_gl	raw	CharacTER	0.7973837675818692	0.8313870943653653	0.034003326783496046	4.2643615490962254	False			
qwen3	lezgi	lezgi	gl	shot	matched_qwen3_lezgi_shot	mtob_qwen3_lezgi_gl	extracted	BLEU	6.257831418686951	0.5585671405908879	-5.699264278096063	-91.07411013146005	True	0.06858931410685894	1.0	False
qwen3	lezgi	lezgi	gl	shot	matched_qwen3_lezgi_shot	mtob_qwen3_lezgi_gl	extracted	chrF	22.93010859341349	17.221239233037185	-5.708869360376305	-24.89682653319896	True	0.011829881701182989	1.0	False
qwen3	lezgi	lezgi	gl	shot	matched_qwen3_lezgi_shot	mtob_qwen3_lezgi_gl	extracted	rouge1	0.20383146691357948	0.1260802653814967	-0.07775120153208279	-38.14484716682521	True			
qwen3	lezgi	lezgi	gl	shot	matched_qwen3_lezgi_shot	mtob_qwen3_lezgi_gl	extracted	rouge2	0.050031098374405704	0.020981663767191024	-0.02904943460721468	-58.062756067884834	True			
qwen3	lezgi	lezgi	gl	shot	matched_qwen3_lezgi_shot	mtob_qwen3_lezgi_gl	extracted	rougeL	0.17443851351107512	0.11356379597347303	-0.06087471753760208	-34.89752137433637	True			
qwen3	lezgi	lezgi	gl	shot	matched_qwen3_lezgi_shot	mtob_qwen3_lezgi_gl	extracted	CharacTER	0.7973837675818692	0.8302091347063745	0.032825367124505234	4.1166334780115745	False			
qwen3	lezgi	lezgi	gl	chain_gloss	matched_qwen3_lezgi_chain_gloss	mtob_qwen3_lezgi_gl	raw	BLEU	6.608392392498248	0.5255799429948941	-6.082812449503354	-92.0467806422705	True	0.04622953770462295	1.0	False
qwen3	lezgi	lezgi	gl	chain_gloss	matched_qwen3_lezgi_chain_gloss	mtob_qwen3_lezgi_gl	raw	chrF	23.965837363516044	16.97912753967527	-6.986709823840773	-29.152788270510687	True	0.003169968300316997	0.38990610093899064	False
qwen3	lezgi	lezgi	gl	chain_gloss	matched_qwen3_lezgi_chain_gloss	mtob_qwen3_lezgi_gl	raw	rouge1	0.20685388257533172	0.12571619402351053	-0.08113768855182119	-39.22463892949778	True			
qwen3	lezgi	lezgi	gl	chain_gloss	matched_qwen3_lezgi_chain_gloss	mtob_qwen3_lezgi_gl	raw	rouge2	0.0646026091128777	0.020981663767191024	-0.043620945345686675	-67.52195607064328	True			
qwen3	lezgi	lezgi	gl	chain_gloss	matched_qwen3_lezgi_chain_gloss	mtob_qwen3_lezgi_gl	raw	rougeL	0.18643787668229145	0.11319972461548687	-0.07323815206680458	-39.28287179091275	True			
qwen3	lezgi	lezgi	gl	chain_gloss	matched_qwen3_lezgi_chain_gloss	mtob_qwen3_lezgi_gl	raw	CharacTER	0.7835538724438902	0.8313870943653653	0.0478332219214751	6.104650057089778	False			
qwen3	lezgi	lezgi	gl	chain_gloss	matched_qwen3_lezgi_chain_gloss	mtob_qwen3_lezgi_gl	extracted	BLEU	6.608392392498248	0.5585671405908879	-6.049825251907361	-91.54760935163345	True	0.04713952860471395	1.0	False
qwen3	lezgi	lezgi	gl	chain_gloss	matched_qwen3_lezgi_chain_gloss	mtob_qwen3_lezgi_gl	extracted	chrF	23.965837363516044	17.221239233037185	-6.74459813047886	-28.142551533569094	True	0.003959960400395996	0.4637353626463735	False
qwen3	lezgi	lezgi	gl	chain_gloss	matched_qwen3_lezgi_chain_gloss	mtob_qwen3_lezgi_gl	extracted	rouge1	0.20685388257533172	0.1260802653814967	-0.08077361719383502	-39.04863480839863	True			
qwen3	lezgi	lezgi	gl	chain_gloss	matched_qwen3_lezgi_chain_gloss	mtob_qwen3_lezgi_gl	extracted	rouge2	0.0646026091128777	0.020981663767191024	-0.043620945345686675	-67.52195607064328	True			
qwen3	lezgi	lezgi	gl	chain_gloss	matched_qwen3_lezgi_chain_gloss	mtob_qwen3_lezgi_gl	extracted	rougeL	0.18643787668229145	0.11356379597347303	-0.07287408070881841	-39.08759421938872	True			
qwen3	lezgi	lezgi	gl	chain_gloss	matched_qwen3_lezgi_chain_gloss	mtob_qwen3_lezgi_gl	extracted	CharacTER	0.7835538724438902	0.8302091347063745	0.04665526226248429	5.954314553633355	False			
qwen3	lezgi	lezgi	gl	modelgloss	matched_qwen3_lezgi_modelgloss	mtob_qwen3_lezgi_gl	raw	BLEU	12.007079690457703	0.5255799429948941	-11.48149974746281	-95.62274960652937	True	0.0032499675003249966	0.3964960350396496	False
qwen3	lezgi	lezgi	gl	modelgloss	matched_qwen3_lezgi_modelgloss	mtob_qwen3_lezgi_gl	raw	chrF	38.03318201190564	16.97912753967527	-21.054054472230366	-55.35706811394259	True	9.99990000099999e-06	0.0035999640003599965	True
qwen3	lezgi	lezgi	gl	modelgloss	matched_qwen3_lezgi_modelgloss	mtob_qwen3_lezgi_gl	raw	rouge1	0.4026302725066327	0.12571619402351053	-0.27691407848312216	-68.77626879845714	True			
qwen3	lezgi	lezgi	gl	modelgloss	matched_qwen3_lezgi_modelgloss	mtob_qwen3_lezgi_gl	raw	rouge2	0.13449556588226477	0.020981663767191024	-0.11351390211507376	-84.3997356867824	True			
qwen3	lezgi	lezgi	gl	modelgloss	matched_qwen3_lezgi_modelgloss	mtob_qwen3_lezgi_gl	raw	rougeL	0.3463754618987534	0.11319972461548687	-0.23317573728326652	-67.31878061022246	True			
qwen3	lezgi	lezgi	gl	modelgloss	matched_qwen3_lezgi_modelgloss	mtob_qwen3_lezgi_gl	raw	CharacTER	0.7006458239444114	0.8313870943653653	0.13074127042095385	18.660108424670597	False			
qwen3	lezgi	lezgi	gl	modelgloss	matched_qwen3_lezgi_modelgloss	mtob_qwen3_lezgi_gl	extracted	BLEU	12.007079690457703	0.5585671405908879	-11.448512549866814	-95.34801837756774	True	0.0033999660003399966	0.4113958860411396	False
qwen3	lezgi	lezgi	gl	modelgloss	matched_qwen3_lezgi_modelgloss	mtob_qwen3_lezgi_gl	extracted	chrF	38.03318201190564	17.221239233037185	-20.811942778868453	-54.7204879474813	True	9.99990000099999e-06	0.0035999640003599965	True
qwen3	lezgi	lezgi	gl	modelgloss	matched_qwen3_lezgi_modelgloss	mtob_qwen3_lezgi_gl	extracted	rouge1	0.4026302725066327	0.1260802653814967	-0.276550007125136	-68.68584555339919	True			
qwen3	lezgi	lezgi	gl	modelgloss	matched_qwen3_lezgi_modelgloss	mtob_qwen3_lezgi_gl	extracted	rouge2	0.13449556588226477	0.020981663767191024	-0.11351390211507376	-84.3997356867824	True			
qwen3	lezgi	lezgi	gl	modelgloss	matched_qwen3_lezgi_modelgloss	mtob_qwen3_lezgi_gl	extracted	rougeL	0.3463754618987534	0.11356379597347303	-0.23281166592528035	-67.21367173328575	True			
qwen3	lezgi	lezgi	gl	modelgloss	matched_qwen3_lezgi_modelgloss	mtob_qwen3_lezgi_gl	extracted	CharacTER	0.7006458239444114	0.8302091347063745	0.12956331076196304	18.49198358630943	False			
qwen3	tsez	tsez	ge	shot	matched_qwen3_tsez_shot	mtob_qwen3_tsez_ge	raw	BLEU	0.9938841010494961	0.09095406542210499	-0.902930035627391	-90.84862457040396	True	2.999970000299997e-05	0.005459945400545995	True
qwen3	tsez	tsez	ge	shot	matched_qwen3_tsez_shot	mtob_qwen3_tsez_ge	raw	chrF	20.02700893803916	14.697317796830841	-5.329691141208318	-26.612516915020397	True	9.99990000099999e-06	0.0035999640003599965	True
qwen3	tsez	tsez	ge	shot	matched_qwen3_tsez_shot	mtob_qwen3_tsez_ge	raw	rouge1	0.18623317540643936	0.09055333086071324	-0.09567984454572612	-51.37636961669817	True			
qwen3	tsez	tsez	ge	shot	matched_qwen3_tsez_shot	mtob_qwen3_tsez_ge	raw	rouge2	0.027514521762769015	0.0056306498679698485	-0.021883871894799165	-79.53571602473241	True			
qwen3	tsez	tsez	ge	shot	matched_qwen3_tsez_shot	mtob_qwen3_tsez_ge	raw	rougeL	0.1539187364815743	0.07679481569728136	-0.07712392078429295	-50.10690871512286	True			
qwen3	tsez	tsez	ge	shot	matched_qwen3_tsez_shot	mtob_qwen3_tsez_ge	raw	CharacTER	0.8430461182839025	0.8557000709393614	0.012653952655458878	1.5009798848510394	False			
qwen3	tsez	tsez	ge	shot	matched_qwen3_tsez_shot	mtob_qwen3_tsez_ge	extracted	BLEU	0.9938841010494961	0.10361834541112117	-0.890265755638375	-89.57440356459018	True	4.999950000499995e-05	0.008699913000869992	True
qwen3	tsez	tsez	ge	shot	matched_qwen3_tsez_shot	mtob_qwen3_tsez_ge	extracted	chrF	20.02700893803916	15.460308602103012	-4.566700335936147	-22.802707833530693	True	9.99990000099999e-06	0.0035999640003599965	True
qwen3	tsez	tsez	ge	shot	matched_qwen3_tsez_shot	mtob_qwen3_tsez_ge	extracted	rouge1	0.18623317540643936	0.10037646800805113	-0.08585670739838823	-46.101725544341214	True			
qwen3	tsez	tsez	ge	shot	matched_qwen3_tsez_shot	mtob_qwen3_tsez_ge	extracted	rouge2	0.027514521762769015	0.0065226867334049945	-0.02099183502936402	-76.29365761962434	True			
qwen3	tsez	tsez	ge	shot	matched_qwen3_tsez_shot	mtob_qwen3_tsez_ge	extracted	rougeL	0.1539187364815743	0.0843117633356305	-0.06960697314594382	-45.223196822614575	True			
qwen3	tsez	tsez	ge	shot	matched_qwen3_tsez_shot	mtob_qwen3_tsez_ge	extracted	CharacTER	0.8430461182839025	0.8452291626993415	0.0021830444154389284	0.2589472115573837	False			
qwen3	tsez	tsez	ge	chain_gloss	matched_qwen3_tsez_chain_gloss	mtob_qwen3_tsez_ge	raw	BLEU	0.7887502505521097	0.09095406542210499	-0.6977961851300047	-88.46858490904582	True	0.00013999860001399987	0.02169978300216998	True
qwen3	tsez	tsez	ge	chain_gloss	matched_qwen3_tsez_chain_gloss	mtob_qwen3_tsez_ge	raw	chrF	20.129678554036325	14.697317796830841	-5.432360757205483	-26.986823175654774	True	9.99990000099999e-06	0.0035999640003599965	True
qwen3	tsez	tsez	ge	chain_gloss	matched_qwen3_tsez_chain_gloss	mtob_qwen3_tsez_ge	raw	rouge1	0.18597641451602911	0.09055333086071324	-0.09542308365531588	-51.3092393482462	True			
qwen3	tsez	tsez	ge	chain_gloss	matched_qwen3_tsez_chain_gloss	mtob_qwen3_tsez_ge	raw	rouge2	0.02524944936674183	0.0056306498679698485	-0.01961879949877198	-77.69991025869082	True			
qwen3	tsez	tsez	ge	chain_gloss	matched_qwen3_tsez_chain_gloss	mtob_qwen3_tsez_ge	raw	rougeL	0.1538424825429586	0.07679481569728136	-0.07704766684567724	-50.0821785842949	True			
qwen3	tsez	tsez	ge	chain_gloss	matched_qwen3_tsez_chain_gloss	mtob_qwen3_tsez_ge	raw	CharacTER	0.8247466898746189	0.8557000709393614	0.030953381064742547	3.7530773320773436	False			
qwen3	tsez	tsez	ge	chain_gloss	matched_qwen3_tsez_chain_gloss	mtob_qwen3_tsez_ge	extracted	BLEU	0.7887502505521097	0.10361834541112117	-0.6851319051409885	-86.86297147435575	True	0.00021999780002199978	0.03277967220327797	True
qwen3	tsez	tsez	ge	chain_gloss	matched_qwen3_tsez_chain_gloss	mtob_qwen3_tsez_ge	extracted	chrF	20.129678554036325	15.460308602103012	-4.669369951933312	-23.196445682919403	True	9.99990000099999e-06	0.0035999640003599965	True
qwen3	tsez	tsez	ge	chain_gloss	matched_qwen3_tsez_chain_gloss	mtob_qwen3_tsez_ge	extracted	rouge1	0.18597641451602911	0.10037646800805113	-0.08559994650797799	-46.02731304974171	True			
qwen3	tsez	tsez	ge	chain_gloss	matched_qwen3_tsez_chain_gloss	mtob_qwen3_tsez_ge	extracted	rouge2	0.02524944936674183	0.0065226867334049945	-0.018726762633336835	-74.16701394686027	True			
qwen3	tsez	tsez	ge	chain_gloss	matched_qwen3_tsez_chain_gloss	mtob_qwen3_tsez_ge	extracted	rougeL	0.1538424825429586	0.0843117633356305	-0.0695307192073281	-45.19604601928633	True			
qwen3	tsez	tsez	ge	chain_gloss	matched_qwen3_tsez_chain_gloss	mtob_qwen3_tsez_ge	extracted	CharacTER	0.8247466898746189	0.8452291626993415	0.020482472824722597	2.483486514851781	False			
qwen3	tsez	tsez	ge	modelgloss	matched_qwen3_tsez_modelgloss	mtob_qwen3_tsez_ge	raw	BLEU	8.670345637042328	0.09095406542210499	-8.579391571620222	-98.95097532175048	True	9.99990000099999e-06	0.0035999640003599965	True
qwen3	tsez	tsez	ge	modelgloss	matched_qwen3_tsez_modelgloss	mtob_qwen3_tsez_ge	raw	chrF	40.61669981576417	14.697317796830841	-25.91938201893333	-63.81459384071743	True	9.99990000099999e-06	0.0035999640003599965	True
qwen3	tsez	tsez	ge	modelgloss	matched_qwen3_tsez_modelgloss	mtob_qwen3_tsez_ge	raw	rouge1	0.475249841597357	0.09055333086071324	-0.3846965107366438	-80.94616285271019	True			
qwen3	tsez	tsez	ge	modelgloss	matched_qwen3_tsez_modelgloss	mtob_qwen3_tsez_ge	raw	rouge2	0.17427318858674565	0.0056306498679698485	-0.1686425387187758	-96.76906705292355	True			
qwen3	tsez	tsez	ge	modelgloss	matched_qwen3_tsez_modelgloss	mtob_qwen3_tsez_ge	raw	rougeL	0.36986889424455366	0.07679481569728136	-0.2930740785472723	-79.23728734903958	True			
qwen3	tsez	tsez	ge	modelgloss	matched_qwen3_tsez_modelgloss	mtob_qwen3_tsez_ge	raw	CharacTER	0.6788735229041515	0.8557000709393614	0.17682654803520992	26.047053253566887	False			
qwen3	tsez	tsez	ge	modelgloss	matched_qwen3_tsez_modelgloss	mtob_qwen3_tsez_ge	extracted	BLEU	8.670345637042328	0.10361834541112117	-8.566727291631206	-98.80491101798258	True	9.99990000099999e-06	0.0035999640003599965	True
qwen3	tsez	tsez	ge	modelgloss	matched_qwen3_tsez_modelgloss	mtob_qwen3_tsez_ge	extracted	chrF	40.61669981576417	15.460308602103012	-25.15639121366116	-61.936078824152645	True	9.99990000099999e-06	0.0035999640003599965	True
qwen3	tsez	tsez	ge	modelgloss	matched_qwen3_tsez_modelgloss	mtob_qwen3_tsez_ge	extracted	rouge1	0.475249841597357	0.10037646800805113	-0.3748733735893059	-78.87922115435602	True			
qwen3	tsez	tsez	ge	modelgloss	matched_qwen3_tsez_modelgloss	mtob_qwen3_tsez_ge	extracted	rouge2	0.17427318858674565	0.0065226867334049945	-0.16775050185334064	-96.2572058351028	True			
qwen3	tsez	tsez	ge	modelgloss	matched_qwen3_tsez_modelgloss	mtob_qwen3_tsez_ge	extracted	rougeL	0.36986889424455366	0.0843117633356305	-0.28555713090892315	-77.20495974449682	True			
qwen3	tsez	tsez	ge	modelgloss	matched_qwen3_tsez_modelgloss	mtob_qwen3_tsez_ge	extracted	CharacTER	0.6788735229041515	0.8452291626993415	0.16635563979518997	24.504658700421484	False			
qwen3	tsez	tsez	gs	shot	matched_qwen3_tsez_shot	mtob_qwen3_tsez_gs	raw	BLEU	0.9938841010494961	0.0	-0.9938841010494961	-100.0	True	9.99990000099999e-06	0.0035999640003599965	True
qwen3	tsez	tsez	gs	shot	matched_qwen3_tsez_shot	mtob_qwen3_tsez_gs	raw	chrF	20.02700893803916	13.384530959462435	-6.642477978576725	-33.16759881182281	True	9.99990000099999e-06	0.0035999640003599965	True
qwen3	tsez	tsez	gs	shot	matched_qwen3_tsez_shot	mtob_qwen3_tsez_gs	raw	rouge1	0.18623317540643936	0.07973331899454722	-0.10649985641189214	-57.186296791355524	True			
qwen3	tsez	tsez	gs	shot	matched_qwen3_tsez_shot	mtob_qwen3_tsez_gs	raw	rouge2	0.027514521762769015	0.005455992242717496	-0.02205852952005152	-80.17049945567211	True			
qwen3	tsez	tsez	gs	shot	matched_qwen3_tsez_shot	mtob_qwen3_tsez_gs	raw	rougeL	0.1539187364815743	0.06812165713092713	-0.08579707935064718	-55.74180331250185	True			
qwen3	tsez	tsez	gs	shot	matched_qwen3_tsez_shot	mtob_qwen3_tsez_gs	raw	CharacTER	0.8430461182839025	0.8878673874236995	0.044821269139797004	5.316585672802194	False			
qwen3	tsez	tsez	gs	shot	matched_qwen3_tsez_shot	mtob_qwen3_tsez_gs	extracted	BLEU	0.9938841010494961	0.0	-0.9938841010494961	-100.0	True	9.99990000099999e-06	0.0035999640003599965	True
qwen3	tsez	tsez	gs	shot	matched_qwen3_tsez_shot	mtob_qwen3_tsez_gs	extracted	chrF	20.02700893803916	16.66670835549217	-3.3603005825469907	-16.77884397487065	True	9.99990000099999e-06	0.0035999640003599965	True
qwen3	tsez	tsez	gs	shot	matched_qwen3_tsez_shot	mtob_qwen3_tsez_gs	extracted	rouge1	0.18623317540643936	0.13327153711600156	-0.05296163829043779	-28.438347880206173	True			
qwen3	tsez	tsez	gs	shot	matched_qwen3_tsez_shot	mtob_qwen3_tsez_gs	extracted	rouge2	0.027514521762769015	0.01074231770750562	-0.016772204055263397	-60.95764338509612	True			
qwen3	tsez	tsez	gs	shot	matched_qwen3_tsez_shot	mtob_qwen3_tsez_gs	extracted	rougeL	0.1539187364815743	0.11482854326033623	-0.03909019322123808	-25.396643784116293	True			
qwen3	tsez	tsez	gs	shot	matched_qwen3_tsez_shot	mtob_qwen3_tsez_gs	extracted	CharacTER	0.8430461182839025	0.858799417556866	0.015753299272963428	1.8686165479334285	False			
qwen3	tsez	tsez	gs	chain_gloss	matched_qwen3_tsez_chain_gloss	mtob_qwen3_tsez_gs	raw	BLEU	0.7887502505521097	0.0	-0.7887502505521097	-100.0	True	9.99990000099999e-06	0.0035999640003599965	True
qwen3	tsez	tsez	gs	chain_gloss	matched_qwen3_tsez_chain_gloss	mtob_qwen3_tsez_gs	raw	chrF	20.129678554036325	13.384530959462435	-6.74514759457389	-33.508471466482405	True	9.99990000099999e-06	0.0035999640003599965	True
qwen3	tsez	tsez	gs	chain_gloss	matched_qwen3_tsez_chain_gloss	mtob_qwen3_tsez_gs	raw	rouge1	0.18597641451602911	0.07973331899454722	-0.1062430955214819	-57.127187766234144	True			
qwen3	tsez	tsez	gs	chain_gloss	matched_qwen3_tsez_chain_gloss	mtob_qwen3_tsez_gs	raw	rouge2	0.02524944936674183	0.005455992242717496	-0.019793457124024336	-78.39163871072753	True			
qwen3	tsez	tsez	gs	chain_gloss	matched_qwen3_tsez_chain_gloss	mtob_qwen3_tsez_gs	raw	rougeL	0.1538424825429586	0.06812165713092713	-0.08572082541203146	-55.71986618721847	True			
qwen3	tsez	tsez	gs	chain_gloss	matched_qwen3_tsez_chain_gloss	mtob_qwen3_tsez_gs	raw	CharacTER	0.8247466898746189	0.8878673874236995	0.06312069754908067	7.653343544631446	False			
qwen3	tsez	tsez	gs	chain_gloss	matched_qwen3_tsez_chain_gloss	mtob_qwen3_tsez_gs	extracted	BLEU	0.7887502505521097	0.0	-0.7887502505521097	-100.0	True	9.99990000099999e-06	0.0035999640003599965	True
qwen3	tsez	tsez	gs	chain_gloss	matched_qwen3_tsez_chain_gloss	mtob_qwen3_tsez_gs	extracted	chrF	20.129678554036325	16.66670835549217	-3.4629701985441557	-17.203306000382078	True	9.99990000099999e-06	0.0035999640003599965	True
qwen3	tsez	tsez	gs	chain_gloss	matched_qwen3_tsez_chain_gloss	mtob_qwen3_tsez_gs	extracted	rouge1	0.18597641451602911	0.13327153711600156	-0.05270487740002755	-28.33954915045691	True			
qwen3	tsez	tsez	gs	chain_gloss	matched_qwen3_tsez_chain_gloss	mtob_qwen3_tsez_gs	extracted	rouge2	0.02524944936674183	0.01074231770750562	-0.014507131659236212	-57.455239710473734	True			
qwen3	tsez	tsez	gs	chain_gloss	matched_qwen3_tsez_chain_gloss	mtob_qwen3_tsez_gs	extracted	rougeL	0.1538424825429586	0.11482854326033623	-0.03901393928262237	-25.359665703345765	True			
qwen3	tsez	tsez	gs	chain_gloss	matched_qwen3_tsez_chain_gloss	mtob_qwen3_tsez_gs	extracted	CharacTER	0.8247466898746189	0.858799417556866	0.0340527276822471	4.128871094641668	False			
qwen3	tsez	tsez	gs	modelgloss	matched_qwen3_tsez_modelgloss	mtob_qwen3_tsez_gs	raw	BLEU	8.670345637042328	0.0	-8.670345637042328	-100.0	True	9.99990000099999e-06	0.0035999640003599965	True
qwen3	tsez	tsez	gs	modelgloss	matched_qwen3_tsez_modelgloss	mtob_qwen3_tsez_gs	raw	chrF	40.61669981576417	13.384530959462435	-27.232168856301737	-67.04672949753632	True	9.99990000099999e-06	0.0035999640003599965	True
qwen3	tsez	tsez	gs	modelgloss	matched_qwen3_tsez_modelgloss	mtob_qwen3_tsez_gs	raw	rouge1	0.475249841597357	0.07973331899454722	-0.3955165226028098	-83.2228625839082	True			
qwen3	tsez	tsez	gs	modelgloss	matched_qwen3_tsez_modelgloss	mtob_qwen3_tsez_gs	raw	rouge2	0.17427318858674565	0.005455992242717496	-0.16881719634402814	-96.86928764719207	True			
qwen3	tsez	tsez	gs	modelgloss	matched_qwen3_tsez_modelgloss	mtob_qwen3_tsez_gs	raw	rougeL	0.36986889424455366	0.06812165713092713	-0.3017472371136265	-81.58221516030332	True			
qwen3	tsez	tsez	gs	modelgloss	matched_qwen3_tsez_modelgloss	mtob_qwen3_tsez_gs	raw	CharacTER	0.6788735229041515	0.8878673874236995	0.20899386451954804	30.78539042522879	False			
qwen3	tsez	tsez	gs	modelgloss	matched_qwen3_tsez_modelgloss	mtob_qwen3_tsez_gs	extracted	BLEU	8.670345637042328	0.0	-8.670345637042328	-100.0	True	9.99990000099999e-06	0.0035999640003599965	True
qwen3	tsez	tsez	gs	modelgloss	matched_qwen3_tsez_modelgloss	mtob_qwen3_tsez_gs	extracted	chrF	40.61669981576417	16.66670835549217	-23.949991460272003	-58.965872581741664	True	9.99990000099999e-06	0.0035999640003599965	True
qwen3	tsez	tsez	gs	modelgloss	matched_qwen3_tsez_modelgloss	mtob_qwen3_tsez_gs	extracted	rouge1	0.475249841597357	0.13327153711600156	-0.34197830448135547	-71.95758410606429	True			
qwen3	tsez	tsez	gs	modelgloss	matched_qwen3_tsez_modelgloss	mtob_qwen3_tsez_gs	extracted	rouge2	0.17427318858674565	0.01074231770750562	-0.16353087087924004	-93.83593208191141	True			
qwen3	tsez	tsez	gs	modelgloss	matched_qwen3_tsez_modelgloss	mtob_qwen3_tsez_gs	extracted	rougeL	0.36986889424455366	0.11482854326033623	-0.2550403509842174	-68.95425783374668	True			
qwen3	tsez	tsez	gs	modelgloss	matched_qwen3_tsez_modelgloss	mtob_qwen3_tsez_gs	extracted	CharacTER	0.6788735229041515	0.858799417556866	0.17992589465271447	26.503595821944845	False			
qwen3	tsez	tsez	gl	shot	matched_qwen3_tsez_shot	mtob_qwen3_tsez_gl	raw	BLEU	0.9938841010494961	0.0	-0.9938841010494961	-100.0	True	9.99990000099999e-06	0.0035999640003599965	True
qwen3	tsez	tsez	gl	shot	matched_qwen3_tsez_shot	mtob_qwen3_tsez_gl	raw	chrF	20.02700893803916	17.886850065026447	-2.1401588730127123	-10.686362999258014	True	9.99990000099999e-06	0.0035999640003599965	True
qwen3	tsez	tsez	gl	shot	matched_qwen3_tsez_shot	mtob_qwen3_tsez_gl	raw	rouge1	0.18623317540643936	0.1387888043286428	-0.04744437107779656	-25.47578914135622	True			
qwen3	tsez	tsez	gl	shot	matched_qwen3_tsez_shot	mtob_qwen3_tsez_gl	raw	rouge2	0.027514521762769015	0.012473166139002807	-0.015041355623766208	-54.6669709670159	True			
qwen3	tsez	tsez	gl	shot	matched_qwen3_tsez_shot	mtob_qwen3_tsez_gl	raw	rougeL	0.1539187364815743	0.12030298298150896	-0.03361575350006535	-21.83993597432468	True			
qwen3	tsez	tsez	gl	shot	matched_qwen3_tsez_shot	mtob_qwen3_tsez_gl	raw	CharacTER	0.8430461182839025	0.804353112372737	-0.038693005911165534	-4.589666576002827	False			
qwen3	tsez	tsez	gl	shot	matched_qwen3_tsez_shot	mtob_qwen3_tsez_gl	extracted	BLEU	0.9938841010494961	0.0	-0.9938841010494961	-100.0	True	9.99990000099999e-06	0.0035999640003599965	True
qwen3	tsez	tsez	gl	shot	matched_qwen3_tsez_shot	mtob_qwen3_tsez_gl	extracted	chrF	20.02700893803916	17.886850065026447	-2.1401588730127123	-10.686362999258014	True	9.99990000099999e-06	0.0035999640003599965	True
qwen3	tsez	tsez	gl	shot	matched_qwen3_tsez_shot	mtob_qwen3_tsez_gl	extracted	rouge1	0.18623317540643936	0.1387888043286428	-0.04744437107779656	-25.47578914135622	True			
qwen3	tsez	tsez	gl	shot	matched_qwen3_tsez_shot	mtob_qwen3_tsez_gl	extracted	rouge2	0.027514521762769015	0.012473166139002807	-0.015041355623766208	-54.6669709670159	True			
qwen3	tsez	tsez	gl	shot	matched_qwen3_tsez_shot	mtob_qwen3_tsez_gl	extracted	rougeL	0.1539187364815743	0.12030298298150896	-0.03361575350006535	-21.83993597432468	True			
qwen3	tsez	tsez	gl	shot	matched_qwen3_tsez_shot	mtob_qwen3_tsez_gl	extracted	CharacTER	0.8430461182839025	0.804353112372737	-0.038693005911165534	-4.589666576002827	False			
qwen3	tsez	tsez	gl	chain_gloss	matched_qwen3_tsez_chain_gloss	mtob_qwen3_tsez_gl	raw	BLEU	0.7887502505521097	0.0	-0.7887502505521097	-100.0	True	9.99990000099999e-06	0.0035999640003599965	True
qwen3	tsez	tsez	gl	chain_gloss	matched_qwen3_tsez_chain_gloss	mtob_qwen3_tsez_gl	raw	chrF	20.129678554036325	17.886850065026447	-2.2428284890098773	-11.141899176329144	True	9.99990000099999e-06	0.0035999640003599965	True
qwen3	tsez	tsez	gl	chain_gloss	matched_qwen3_tsez_chain_gloss	mtob_qwen3_tsez_gl	raw	rouge1	0.18597641451602911	0.1387888043286428	-0.04718761018738632	-25.37290027350176	True			
qwen3	tsez	tsez	gl	chain_gloss	matched_qwen3_tsez_chain_gloss	mtob_qwen3_tsez_gl	raw	rouge2	0.02524944936674183	0.012473166139002807	-0.012776283227739025	-50.600244948579906	True			
qwen3	tsez	tsez	gl	chain_gloss	matched_qwen3_tsez_chain_gloss	mtob_qwen3_tsez_gl	raw	rougeL	0.1538424825429586	0.12030298298150896	-0.03353949956144964	-21.801194967121095	True			
qwen3	tsez	tsez	gl	chain_gloss	matched_qwen3_tsez_chain_gloss	mtob_qwen3_tsez_gl	raw	CharacTER	0.8247466898746189	0.804353112372737	-0.020393577501881865	-2.472708014745979	False			
qwen3	tsez	tsez	gl	chain_gloss	matched_qwen3_tsez_chain_gloss	mtob_qwen3_tsez_gl	extracted	BLEU	0.7887502505521097	0.0	-0.7887502505521097	-100.0	True	9.99990000099999e-06	0.0035999640003599965	True
qwen3	tsez	tsez	gl	chain_gloss	matched_qwen3_tsez_chain_gloss	mtob_qwen3_tsez_gl	extracted	chrF	20.129678554036325	17.886850065026447	-2.2428284890098773	-11.141899176329144	True	9.99990000099999e-06	0.0035999640003599965	True
qwen3	tsez	tsez	gl	chain_gloss	matched_qwen3_tsez_chain_gloss	mtob_qwen3_tsez_gl	extracted	rouge1	0.18597641451602911	0.1387888043286428	-0.04718761018738632	-25.37290027350176	True			
qwen3	tsez	tsez	gl	chain_gloss	matched_qwen3_tsez_chain_gloss	mtob_qwen3_tsez_gl	extracted	rouge2	0.02524944936674183	0.012473166139002807	-0.012776283227739025	-50.600244948579906	True			
qwen3	tsez	tsez	gl	chain_gloss	matched_qwen3_tsez_chain_gloss	mtob_qwen3_tsez_gl	extracted	rougeL	0.1538424825429586	0.12030298298150896	-0.03353949956144964	-21.801194967121095	True			
qwen3	tsez	tsez	gl	chain_gloss	matched_qwen3_tsez_chain_gloss	mtob_qwen3_tsez_gl	extracted	CharacTER	0.8247466898746189	0.804353112372737	-0.020393577501881865	-2.472708014745979	False			
qwen3	tsez	tsez	gl	modelgloss	matched_qwen3_tsez_modelgloss	mtob_qwen3_tsez_gl	raw	BLEU	8.670345637042328	0.0	-8.670345637042328	-100.0	True	9.99990000099999e-06	0.0035999640003599965	True
qwen3	tsez	tsez	gl	modelgloss	matched_qwen3_tsez_modelgloss	mtob_qwen3_tsez_gl	raw	chrF	40.61669981576417	17.886850065026447	-22.729849750737724	-55.961833073192736	True	9.99990000099999e-06	0.0035999640003599965	True
qwen3	tsez	tsez	gl	modelgloss	matched_qwen3_tsez_modelgloss	mtob_qwen3_tsez_gl	raw	rouge1	0.475249841597357	0.1387888043286428	-0.33646103726871424	-70.79666478958494	True			
qwen3	tsez	tsez	gl	modelgloss	matched_qwen3_tsez_modelgloss	mtob_qwen3_tsez_gl	raw	rouge2	0.17427318858674565	0.012473166139002807	-0.16180002244774283	-92.84275094743319	True			
qwen3	tsez	tsez	gl	modelgloss	matched_qwen3_tsez_modelgloss	mtob_qwen3_tsez_gl	raw	rougeL	0.36986889424455366	0.12030298298150896	-0.2495659112630447	-67.47415507129242	True			
qwen3	tsez	tsez	gl	modelgloss	matched_qwen3_tsez_modelgloss	mtob_qwen3_tsez_gl	raw	CharacTER	0.6788735229041515	0.804353112372737	0.1254795894685855	18.483500274365785	False			
qwen3	tsez	tsez	gl	modelgloss	matched_qwen3_tsez_modelgloss	mtob_qwen3_tsez_gl	extracted	BLEU	8.670345637042328	0.0	-8.670345637042328	-100.0	True	9.99990000099999e-06	0.0035999640003599965	True
qwen3	tsez	tsez	gl	modelgloss	matched_qwen3_tsez_modelgloss	mtob_qwen3_tsez_gl	extracted	chrF	40.61669981576417	17.886850065026447	-22.729849750737724	-55.961833073192736	True	9.99990000099999e-06	0.0035999640003599965	True
qwen3	tsez	tsez	gl	modelgloss	matched_qwen3_tsez_modelgloss	mtob_qwen3_tsez_gl	extracted	rouge1	0.475249841597357	0.1387888043286428	-0.33646103726871424	-70.79666478958494	True			
qwen3	tsez	tsez	gl	modelgloss	matched_qwen3_tsez_modelgloss	mtob_qwen3_tsez_gl	extracted	rouge2	0.17427318858674565	0.012473166139002807	-0.16180002244774283	-92.84275094743319	True			
qwen3	tsez	tsez	gl	modelgloss	matched_qwen3_tsez_modelgloss	mtob_qwen3_tsez_gl	extracted	rougeL	0.36986889424455366	0.12030298298150896	-0.2495659112630447	-67.47415507129242	True			
qwen3	tsez	tsez	gl	modelgloss	matched_qwen3_tsez_modelgloss	mtob_qwen3_tsez_gl	extracted	CharacTER	0.6788735229041515	0.804353112372737	0.1254795894685855	18.483500274365785	False			
qwen35	gitksan_pdf1	gitksan	ge	shot	matched_qwen35_gitksan_shot	mtob_qwen35_gitksan_pdf1_ge	raw	BLEU	2.375246814469858	0.702171137523086	-1.6730756769467718	-70.43797161433908	True	0.03773962260377396	1.0	False
qwen35	gitksan_pdf1	gitksan	ge	shot	matched_qwen35_gitksan_shot	mtob_qwen35_gitksan_pdf1_ge	raw	chrF	26.123538610670128	21.727884132089248	-4.39565447858088	-16.82641293008245	True	0.004079959200407996	0.46919530804691956	False
qwen35	gitksan_pdf1	gitksan	ge	shot	matched_qwen35_gitksan_shot	mtob_qwen35_gitksan_pdf1_ge	raw	rouge1	0.22216549579421582	0.18560045808942152	-0.0365650377047943	-16.45846830268514	True			
qwen35	gitksan_pdf1	gitksan	ge	shot	matched_qwen35_gitksan_shot	mtob_qwen35_gitksan_pdf1_ge	raw	rouge2	0.07267370589000746	0.06619518179617975	-0.006478524093827709	-8.914536577552594	True			
qwen35	gitksan_pdf1	gitksan	ge	shot	matched_qwen35_gitksan_shot	mtob_qwen35_gitksan_pdf1_ge	raw	rougeL	0.20603838650393347	0.1704620140258822	-0.03557637247805126	-17.266866180478498	True			
qwen35	gitksan_pdf1	gitksan	ge	shot	matched_qwen35_gitksan_shot	mtob_qwen35_gitksan_pdf1_ge	raw	CharacTER	0.8081420563966601	0.7895181120375894	-0.018623944359070776	-2.30453844242572	False			
qwen35	gitksan_pdf1	gitksan	ge	shot	matched_qwen35_gitksan_shot	mtob_qwen35_gitksan_pdf1_ge	extracted	BLEU	2.375246814469858	0.7785081664591272	-1.5967386480107306	-67.22411491233234	True	0.03621963780362197	1.0	False
qwen35	gitksan_pdf1	gitksan	ge	shot	matched_qwen35_gitksan_shot	mtob_qwen35_gitksan_pdf1_ge	extracted	chrF	26.123538610670128	22.742731989310204	-3.3808066213599233	-12.941610521244764	True	0.014299857001429985	1.0	False
qwen35	gitksan_pdf1	gitksan	ge	shot	matched_qwen35_gitksan_shot	mtob_qwen35_gitksan_pdf1_ge	extracted	rouge1	0.22216549579421582	0.19649292505039181	-0.025672570743824008	-11.555606622012816	True			
qwen35	gitksan_pdf1	gitksan	ge	shot	matched_qwen35_gitksan_shot	mtob_qwen35_gitksan_pdf1_ge	extracted	rouge2	0.07267370589000746	0.07164356224456019	-0.0010301436454472762	-1.4174915574092384	True			
qwen35	gitksan_pdf1	gitksan	ge	shot	matched_qwen35_gitksan_shot	mtob_qwen35_gitksan_pdf1_ge	extracted	rougeL	0.20603838650393347	0.18135448098685253	-0.02468390551708094	-11.980245980333232	True			
qwen35	gitksan_pdf1	gitksan	ge	shot	matched_qwen35_gitksan_shot	mtob_qwen35_gitksan_pdf1_ge	extracted	CharacTER	0.8081420563966601	0.7768971833617441	-0.031244873034916076	-3.866259995703053	False			
qwen35	gitksan_pdf1	gitksan	ge	chain_gloss	matched_qwen35_gitksan_chain_gloss	mtob_qwen35_gitksan_pdf1_ge	raw	BLEU	2.9391500985013628	0.702171137523086	-2.2369789609782766	-76.10972172257841	True	0.04703952960470395	1.0	False
qwen35	gitksan_pdf1	gitksan	ge	chain_gloss	matched_qwen35_gitksan_chain_gloss	mtob_qwen35_gitksan_pdf1_ge	raw	chrF	27.356503491543567	21.727884132089248	-5.628619359454319	-20.57506859820092	True	0.00011999880001199988	0.01871981280187198	True
qwen35	gitksan_pdf1	gitksan	ge	chain_gloss	matched_qwen35_gitksan_chain_gloss	mtob_qwen35_gitksan_pdf1_ge	raw	rouge1	0.2207234705222405	0.18560045808942152	-0.035123012432818984	-15.912676775929873	True			
qwen35	gitksan_pdf1	gitksan	ge	chain_gloss	matched_qwen35_gitksan_chain_gloss	mtob_qwen35_gitksan_pdf1_ge	raw	rouge2	0.07134200511531932	0.06619518179617975	-0.005146823319139571	-7.214295856725773	True			
qwen35	gitksan_pdf1	gitksan	ge	chain_gloss	matched_qwen35_gitksan_chain_gloss	mtob_qwen35_gitksan_pdf1_ge	raw	rougeL	0.20660832566404405	0.1704620140258822	-0.03614631163816184	-17.49508957201349	True			
qwen35	gitksan_pdf1	gitksan	ge	chain_gloss	matched_qwen35_gitksan_chain_gloss	mtob_qwen35_gitksan_pdf1_ge	raw	CharacTER	0.7982248206390988	0.7895181120375894	-0.00870670860150946	-1.0907589411387175	False			
qwen35	gitksan_pdf1	gitksan	ge	chain_gloss	matched_qwen35_gitksan_chain_gloss	mtob_qwen35_gitksan_pdf1_ge	extracted	BLEU	2.9391500985013628	0.7785081664591272	-2.1606419320422354	-73.51247332158779	True	0.04562954370456295	1.0	False
qwen35	gitksan_pdf1	gitksan	ge	chain_gloss	matched_qwen35_gitksan_chain_gloss	mtob_qwen35_gitksan_pdf1_ge	extracted	chrF	27.356503491543567	22.742731989310204	-4.613771502233362	-16.865355266105443	True	8.99991000089999e-05	0.014399856001439984	True
qwen35	gitksan_pdf1	gitksan	ge	chain_gloss	matched_qwen35_gitksan_chain_gloss	mtob_qwen35_gitksan_pdf1_ge	extracted	rouge1	0.2207234705222405	0.19649292505039181	-0.02423054547184869	-10.97778383717792	True			
qwen35	gitksan_pdf1	gitksan	ge	chain_gloss	matched_qwen35_gitksan_chain_gloss	mtob_qwen35_gitksan_pdf1_ge	extracted	rouge2	0.07134200511531932	0.07164356224456019	0.000301557129240862	0.4226922536777823	True			
qwen35	gitksan_pdf1	gitksan	ge	chain_gloss	matched_qwen35_gitksan_chain_gloss	mtob_qwen35_gitksan_pdf1_ge	extracted	rougeL	0.20660832566404405	0.18135448098685253	-0.025253844677191523	-12.223052771966021	True			
qwen35	gitksan_pdf1	gitksan	ge	chain_gloss	matched_qwen35_gitksan_chain_gloss	mtob_qwen35_gitksan_pdf1_ge	extracted	CharacTER	0.7982248206390988	0.7768971833617441	-0.02132763727735476	-2.671883500224759	False			
qwen35	gitksan_pdf1	gitksan	ge	modelgloss	matched_qwen35_gitksan_modelgloss	mtob_qwen35_gitksan_pdf1_ge	raw	BLEU	12.048734246195998	0.702171137523086	-11.346563108672912	-94.17224147221296	True	9.99990000099999e-06	0.0035999640003599965	True
qwen35	gitksan_pdf1	gitksan	ge	modelgloss	matched_qwen35_gitksan_modelgloss	mtob_qwen35_gitksan_pdf1_ge	raw	chrF	46.547872505405444	21.727884132089248	-24.819988373316196	-53.32142381036628	True	9.99990000099999e-06	0.0035999640003599965	True
qwen35	gitksan_pdf1	gitksan	ge	modelgloss	matched_qwen35_gitksan_modelgloss	mtob_qwen35_gitksan_pdf1_ge	raw	rouge1	0.4868445342761358	0.18560045808942152	-0.3012440761867142	-61.876852871444605	True			
qwen35	gitksan_pdf1	gitksan	ge	modelgloss	matched_qwen35_gitksan_modelgloss	mtob_qwen35_gitksan_pdf1_ge	raw	rouge2	0.21915122074444057	0.06619518179617975	-0.15295603894826082	-69.79474648997181	True			
qwen35	gitksan_pdf1	gitksan	ge	modelgloss	matched_qwen35_gitksan_modelgloss	mtob_qwen35_gitksan_pdf1_ge	raw	rougeL	0.4414761962751351	0.1704620140258822	-0.2710141822492529	-61.38817552019327	True			
qwen35	gitksan_pdf1	gitksan	ge	modelgloss	matched_qwen35_gitksan_modelgloss	mtob_qwen35_gitksan_pdf1_ge	raw	CharacTER	0.6676577330979312	0.7895181120375894	0.12186037893965818	18.251923537862154	False			
qwen35	gitksan_pdf1	gitksan	ge	modelgloss	matched_qwen35_gitksan_modelgloss	mtob_qwen35_gitksan_pdf1_ge	extracted	BLEU	12.048734246195998	0.7785081664591272	-11.27022607973687	-93.5386726061709	True	9.99990000099999e-06	0.0035999640003599965	True
qwen35	gitksan_pdf1	gitksan	ge	modelgloss	matched_qwen35_gitksan_modelgloss	mtob_qwen35_gitksan_pdf1_ge	extracted	chrF	46.547872505405444	22.742731989310204	-23.80514051609524	-51.14119987617228	True	9.99990000099999e-06	0.0035999640003599965	True
qwen35	gitksan_pdf1	gitksan	ge	modelgloss	matched_qwen35_gitksan_modelgloss	mtob_qwen35_gitksan_pdf1_ge	extracted	rouge1	0.4868445342761358	0.19649292505039181	-0.290351609225744	-59.63949244237751	True			
qwen35	gitksan_pdf1	gitksan	ge	modelgloss	matched_qwen35_gitksan_modelgloss	mtob_qwen35_gitksan_pdf1_ge	extracted	rouge2	0.21915122074444057	0.07164356224456019	-0.1475076584998804	-67.30861822206955	True			
qwen35	gitksan_pdf1	gitksan	ge	modelgloss	matched_qwen35_gitksan_modelgloss	mtob_qwen35_gitksan_pdf1_ge	extracted	rougeL	0.4414761962751351	0.18135448098685253	-0.2601217152882826	-58.92089256068758	True			
qwen35	gitksan_pdf1	gitksan	ge	modelgloss	matched_qwen35_gitksan_modelgloss	mtob_qwen35_gitksan_pdf1_ge	extracted	CharacTER	0.6676577330979312	0.7768971833617441	0.10923945026381288	16.36159439911554	False			
qwen35	gitksan_pdf1	gitksan	gs	shot	matched_qwen35_gitksan_shot	mtob_qwen35_gitksan_pdf1_gs	raw	BLEU	2.375246814469858	0.5825733433155843	-1.7926734711542736	-75.47314494786043	True	0.04225957740422596	1.0	False
qwen35	gitksan_pdf1	gitksan	gs	shot	matched_qwen35_gitksan_shot	mtob_qwen35_gitksan_pdf1_gs	raw	chrF	26.123538610670128	19.570443166859047	-6.553095443811081	-25.08502213836558	True	0.00022999770002299976	0.033579664203357965	True
qwen35	gitksan_pdf1	gitksan	gs	shot	matched_qwen35_gitksan_shot	mtob_qwen35_gitksan_pdf1_gs	raw	rouge1	0.22216549579421582	0.1733865076358775	-0.04877898815833831	-21.956149393927753	True			
qwen35	gitksan_pdf1	gitksan	gs	shot	matched_qwen35_gitksan_shot	mtob_qwen35_gitksan_pdf1_gs	raw	rouge2	0.07267370589000746	0.056747036294666056	-0.015926669595341406	-21.915312285638237	True			
qwen35	gitksan_pdf1	gitksan	gs	shot	matched_qwen35_gitksan_shot	mtob_qwen35_gitksan_pdf1_gs	raw	rougeL	0.20603838650393347	0.15391264170303962	-0.05212574480089385	-25.299045331001327	True			
qwen35	gitksan_pdf1	gitksan	gs	shot	matched_qwen35_gitksan_shot	mtob_qwen35_gitksan_pdf1_gs	raw	CharacTER	0.8081420563966601	0.8189286940820778	0.010786637685417655	1.3347452468335903	False			
qwen35	gitksan_pdf1	gitksan	gs	shot	matched_qwen35_gitksan_shot	mtob_qwen35_gitksan_pdf1_gs	extracted	BLEU	2.375246814469858	0.8290855181161088	-1.5461612963537492	-65.09476349719236	True	0.043879561204387955	1.0	False
qwen35	gitksan_pdf1	gitksan	gs	shot	matched_qwen35_gitksan_shot	mtob_qwen35_gitksan_pdf1_gs	extracted	chrF	26.123538610670128	22.592399815149918	-3.53113879552021	-13.517076871346672	True	0.008029919700802992	0.8913210867891321	False
qwen35	gitksan_pdf1	gitksan	gs	shot	matched_qwen35_gitksan_shot	mtob_qwen35_gitksan_pdf1_gs	extracted	rouge1	0.22216549579421582	0.19434550335342748	-0.027819992440788338	-12.522193125145334	True			
qwen35	gitksan_pdf1	gitksan	gs	shot	matched_qwen35_gitksan_shot	mtob_qwen35_gitksan_pdf1_gs	extracted	rouge2	0.07267370589000746	0.0658001768293724	-0.006873529060635056	-9.458068742274166	True			
qwen35	gitksan_pdf1	gitksan	gs	shot	matched_qwen35_gitksan_shot	mtob_qwen35_gitksan_pdf1_gs	extracted	rougeL	0.20603838650393347	0.16909982793479192	-0.03693855856914155	-17.927998367642214	True			
qwen35	gitksan_pdf1	gitksan	gs	shot	matched_qwen35_gitksan_shot	mtob_qwen35_gitksan_pdf1_gs	extracted	CharacTER	0.8081420563966601	0.791779567545232	-0.016362488851428103	-2.0247045333075584	False			
qwen35	gitksan_pdf1	gitksan	gs	chain_gloss	matched_qwen35_gitksan_chain_gloss	mtob_qwen35_gitksan_pdf1_gs	raw	BLEU	2.9391500985013628	0.5825733433155843	-2.3565767551857784	-80.17885021889043	True	0.05128948710512895	1.0	False
qwen35	gitksan_pdf1	gitksan	gs	chain_gloss	matched_qwen35_gitksan_chain_gloss	mtob_qwen35_gitksan_pdf1_gs	raw	chrF	27.356503491543567	19.570443166859047	-7.78606032468452	-28.461460095188496	True	6.999930000699993e-05	0.01168988310116899	True
qwen35	gitksan_pdf1	gitksan	gs	chain_gloss	matched_qwen35_gitksan_chain_gloss	mtob_qwen35_gitksan_pdf1_gs	raw	rouge1	0.2207234705222405	0.1733865076358775	-0.04733696288636299	-21.44627518512728	True			
qwen35	gitksan_pdf1	gitksan	gs	chain_gloss	matched_qwen35_gitksan_chain_gloss	mtob_qwen35_gitksan_pdf1_gs	raw	rouge2	0.07134200511531932	0.056747036294666056	-0.014594968820653267	-20.45774967645152	True			
qwen35	gitksan_pdf1	gitksan	gs	chain_gloss	matched_qwen35_gitksan_chain_gloss	mtob_qwen35_gitksan_pdf1_gs	raw	rougeL	0.20660832566404405	0.15391264170303962	-0.052695683961004436	-25.505111563940737	True			
qwen35	gitksan_pdf1	gitksan	gs	chain_gloss	matched_qwen35_gitksan_chain_gloss	mtob_qwen35_gitksan_pdf1_gs	raw	CharacTER	0.7982248206390988	0.8189286940820778	0.02070387344297897	2.593739621677313	False			
qwen35	gitksan_pdf1	gitksan	gs	chain_gloss	matched_qwen35_gitksan_chain_gloss	mtob_qwen35_gitksan_pdf1_gs	extracted	BLEU	2.9391500985013628	0.8290855181161088	-2.110064580385254	-71.79165778097385	True	0.053499465005349946	1.0	False
qwen35	gitksan_pdf1	gitksan	gs	chain_gloss	matched_qwen35_gitksan_chain_gloss	mtob_qwen35_gitksan_pdf1_gs	extracted	chrF	27.356503491543567	22.592399815149918	-4.764103676393649	-17.414885194909235	True	0.003099969000309997	0.38439615603843963	False
qwen35	gitksan_pdf1	gitksan	gs	chain_gloss	matched_qwen35_gitksan_chain_gloss	mtob_qwen35_gitksan_pdf1_gs	extracted	rouge1	0.2207234705222405	0.19434550335342748	-0.02637796716881302	-11.95068522001838	True			
qwen35	gitksan_pdf1	gitksan	gs	chain_gloss	matched_qwen35_gitksan_chain_gloss	mtob_qwen35_gitksan_pdf1_gs	extracted	rouge2	0.07134200511531932	0.0658001768293724	-0.0055418282859469176	-7.767973828306258	True			
qwen35	gitksan_pdf1	gitksan	gs	chain_gloss	matched_qwen35_gitksan_chain_gloss	mtob_qwen35_gitksan_pdf1_gs	extracted	rougeL	0.20660832566404405	0.16909982793479192	-0.03750849772925213	-18.154397993739572	True			
qwen35	gitksan_pdf1	gitksan	gs	chain_gloss	matched_qwen35_gitksan_chain_gloss	mtob_qwen35_gitksan_pdf1_gs	extracted	CharacTER	0.7982248206390988	0.791779567545232	-0.006445253093866787	-0.8074483437769318	False			
qwen35	gitksan_pdf1	gitksan	gs	modelgloss	matched_qwen35_gitksan_modelgloss	mtob_qwen35_gitksan_pdf1_gs	raw	BLEU	12.048734246195998	0.5825733433155843	-11.466160902880414	-95.16485855350729	True	9.99990000099999e-06	0.0035999640003599965	True
qwen35	gitksan_pdf1	gitksan	gs	modelgloss	matched_qwen35_gitksan_modelgloss	mtob_qwen35_gitksan_pdf1_gs	raw	chrF	46.547872505405444	19.570443166859047	-26.977429338546397	-57.95631010936881	True	9.99990000099999e-06	0.0035999640003599965	True
qwen35	gitksan_pdf1	gitksan	gs	modelgloss	matched_qwen35_gitksan_modelgloss	mtob_qwen35_gitksan_pdf1_gs	raw	rouge1	0.4868445342761358	0.1733865076358775	-0.31345802664025824	-64.38565179874577	True			
qwen35	gitksan_pdf1	gitksan	gs	modelgloss	matched_qwen35_gitksan_modelgloss	mtob_qwen35_gitksan_pdf1_gs	raw	rouge2	0.21915122074444057	0.056747036294666056	-0.1624041844497745	-74.1059912411619	True			
qwen35	gitksan_pdf1	gitksan	gs	modelgloss	matched_qwen35_gitksan_modelgloss	mtob_qwen35_gitksan_pdf1_gs	raw	rougeL	0.4414761962751351	0.15391264170303962	-0.2875635545720955	-65.13681983272349	True			
qwen35	gitksan_pdf1	gitksan	gs	modelgloss	matched_qwen35_gitksan_modelgloss	mtob_qwen35_gitksan_pdf1_gs	raw	CharacTER	0.6676577330979312	0.8189286940820778	0.1512709609841466	22.656962315444098	False			
qwen35	gitksan_pdf1	gitksan	gs	modelgloss	matched_qwen35_gitksan_modelgloss	mtob_qwen35_gitksan_pdf1_gs	extracted	BLEU	12.048734246195998	0.8290855181161088	-11.219648728079889	-93.11889945304532	True	9.99990000099999e-06	0.0035999640003599965	True
qwen35	gitksan_pdf1	gitksan	gs	modelgloss	matched_qwen35_gitksan_modelgloss	mtob_qwen35_gitksan_pdf1_gs	extracted	chrF	46.547872505405444	22.592399815149918	-23.955472690255526	-51.464162379222934	True	9.99990000099999e-06	0.0035999640003599965	True
qwen35	gitksan_pdf1	gitksan	gs	modelgloss	matched_qwen35_gitksan_modelgloss	mtob_qwen35_gitksan_pdf1_gs	extracted	rouge1	0.4868445342761358	0.19434550335342748	-0.2924990309227083	-60.08058226587881	True			
qwen35	gitksan_pdf1	gitksan	gs	modelgloss	matched_qwen35_gitksan_modelgloss	mtob_qwen35_gitksan_pdf1_gs	extracted	rouge2	0.21915122074444057	0.0658001768293724	-0.15335104391506815	-69.97498959583521	True			
qwen35	gitksan_pdf1	gitksan	gs	modelgloss	matched_qwen35_gitksan_modelgloss	mtob_qwen35_gitksan_pdf1_gs	extracted	rougeL	0.4414761962751351	0.16909982793479192	-0.2723763683403432	-61.696728076952496	True			
qwen35	gitksan_pdf1	gitksan	gs	modelgloss	matched_qwen35_gitksan_modelgloss	mtob_qwen35_gitksan_pdf1_gs	extracted	CharacTER	0.6676577330979312	0.791779567545232	0.12412183444730085	18.5906383307171	False			
qwen35	gitksan_pdf1	gitksan	gl	shot	matched_qwen35_gitksan_shot	mtob_qwen35_gitksan_pdf1_gl	raw	BLEU	2.375246814469858	0.5831097809288308	-1.7921370335410272	-75.45056044801063	True	0.044489555104448957	1.0	False
qwen35	gitksan_pdf1	gitksan	gl	shot	matched_qwen35_gitksan_shot	mtob_qwen35_gitksan_pdf1_gl	raw	chrF	26.123538610670128	19.995213880023304	-6.128324730646824	-23.459014576776045	True	6.999930000699993e-05	0.01168988310116899	True
qwen35	gitksan_pdf1	gitksan	gl	shot	matched_qwen35_gitksan_shot	mtob_qwen35_gitksan_pdf1_gl	raw	rouge1	0.22216549579421582	0.1630749566893699	-0.059090539104845935	-26.597532120640125	True			
qwen35	gitksan_pdf1	gitksan	gl	shot	matched_qwen35_gitksan_shot	mtob_qwen35_gitksan_pdf1_gl	raw	rouge2	0.07267370589000746	0.04699706022979598	-0.02567664566021148	-35.3314109219549	True			
qwen35	gitksan_pdf1	gitksan	gl	shot	matched_qwen35_gitksan_shot	mtob_qwen35_gitksan_pdf1_gl	raw	rougeL	0.20603838650393347	0.14114900132684335	-0.06488938517709011	-31.493832910524816	True			
qwen35	gitksan_pdf1	gitksan	gl	shot	matched_qwen35_gitksan_shot	mtob_qwen35_gitksan_pdf1_gl	raw	CharacTER	0.8081420563966601	0.8253596980390601	0.017217641642399917	2.130521670802514	False			
qwen35	gitksan_pdf1	gitksan	gl	shot	matched_qwen35_gitksan_shot	mtob_qwen35_gitksan_pdf1_gl	extracted	BLEU	2.375246814469858	0.8843219110597872	-1.490924903410071	-62.76926230686629	True	0.04287957120428796	1.0	False
qwen35	gitksan_pdf1	gitksan	gl	shot	matched_qwen35_gitksan_shot	mtob_qwen35_gitksan_pdf1_gl	extracted	chrF	26.123538610670128	23.536954306947408	-2.58658430372272	-9.901355028013826	True	0.03265967340326597	1.0	False
qwen35	gitksan_pdf1	gitksan	gl	shot	matched_qwen35_gitksan_shot	mtob_qwen35_gitksan_pdf1_gl	extracted	rouge1	0.22216549579421582	0.22481073948165403	0.002645243687438209	1.1906635987653125	True			
qwen35	gitksan_pdf1	gitksan	gl	shot	matched_qwen35_gitksan_shot	mtob_qwen35_gitksan_pdf1_gl	extracted	rouge2	0.07267370589000746	0.056686947788953494	-0.015986758101053967	-21.997994880363088	True			
qwen35	gitksan_pdf1	gitksan	gl	shot	matched_qwen35_gitksan_shot	mtob_qwen35_gitksan_pdf1_gl	extracted	rougeL	0.20603838650393347	0.19639118659104712	-0.009647199912886345	-4.682234255752227	True			
qwen35	gitksan_pdf1	gitksan	gl	shot	matched_qwen35_gitksan_shot	mtob_qwen35_gitksan_pdf1_gl	extracted	CharacTER	0.8081420563966601	0.7970386184712585	-0.011103437925401693	-1.3739463052955874	False			
qwen35	gitksan_pdf1	gitksan	gl	chain_gloss	matched_qwen35_gitksan_chain_gloss	mtob_qwen35_gitksan_pdf1_gl	raw	BLEU	2.9391500985013628	0.5831097809288308	-2.356040317572532	-80.16059876539985	True	0.052079479205207946	1.0	False
qwen35	gitksan_pdf1	gitksan	gl	chain_gloss	matched_qwen35_gitksan_chain_gloss	mtob_qwen35_gitksan_pdf1_gl	raw	chrF	27.356503491543567	19.995213880023304	-7.361289611520263	-26.908737126423272	True	1.999980000199998e-05	0.0037399626003739965	True
qwen35	gitksan_pdf1	gitksan	gl	chain_gloss	matched_qwen35_gitksan_chain_gloss	mtob_qwen35_gitksan_pdf1_gl	raw	rouge1	0.2207234705222405	0.1630749566893699	-0.05764851383287062	-26.117980881902565	True			
qwen35	gitksan_pdf1	gitksan	gl	chain_gloss	matched_qwen35_gitksan_chain_gloss	mtob_qwen35_gitksan_pdf1_gl	raw	rouge2	0.07134200511531932	0.04699706022979598	-0.024344944885523342	-34.1242790221153	True			
qwen35	gitksan_pdf1	gitksan	gl	chain_gloss	matched_qwen35_gitksan_chain_gloss	mtob_qwen35_gitksan_pdf1_gl	raw	rougeL	0.20660832566404405	0.14114900132684335	-0.0654593243372007	-31.682810519282263	True			
qwen35	gitksan_pdf1	gitksan	gl	chain_gloss	matched_qwen35_gitksan_chain_gloss	mtob_qwen35_gitksan_pdf1_gl	raw	CharacTER	0.7982248206390988	0.8253596980390601	0.027134877399961232	3.399402862245713	False			
qwen35	gitksan_pdf1	gitksan	gl	chain_gloss	matched_qwen35_gitksan_chain_gloss	mtob_qwen35_gitksan_pdf1_gl	extracted	BLEU	2.9391500985013628	0.8843219110597872	-2.0548281874415757	-69.91232562397231	True	0.05129948700512995	1.0	False
qwen35	gitksan_pdf1	gitksan	gl	chain_gloss	matched_qwen35_gitksan_chain_gloss	mtob_qwen35_gitksan_pdf1_gl	extracted	chrF	27.356503491543567	23.536954306947408	-3.819549184596159	-13.962124895737706	True	0.0064199358006419936	0.7190328096719033	False
qwen35	gitksan_pdf1	gitksan	gl	chain_gloss	matched_qwen35_gitksan_chain_gloss	mtob_qwen35_gitksan_pdf1_gl	extracted	rouge1	0.2207234705222405	0.22481073948165403	0.004087268959413526	1.8517600098181155	True			
qwen35	gitksan_pdf1	gitksan	gl	chain_gloss	matched_qwen35_gitksan_chain_gloss	mtob_qwen35_gitksan_pdf1_gl	extracted	rouge2	0.07134200511531932	0.056686947788953494	-0.01465505732636583	-20.541975660309745	True			
qwen35	gitksan_pdf1	gitksan	gl	chain_gloss	matched_qwen35_gitksan_chain_gloss	mtob_qwen35_gitksan_pdf1_gl	extracted	rougeL	0.20660832566404405	0.19639118659104712	-0.010217139072996928	-4.945172969268688	True			
qwen35	gitksan_pdf1	gitksan	gl	chain_gloss	matched_qwen35_gitksan_chain_gloss	mtob_qwen35_gitksan_pdf1_gl	extracted	CharacTER	0.7982248206390988	0.7970386184712585	-0.0011862021678403778	-0.1486050216893337	False			
qwen35	gitksan_pdf1	gitksan	gl	modelgloss	matched_qwen35_gitksan_modelgloss	mtob_qwen35_gitksan_pdf1_gl	raw	BLEU	12.048734246195998	0.5831097809288308	-11.465624465267167	-95.16040632141149	True	9.99990000099999e-06	0.0035999640003599965	True
qwen35	gitksan_pdf1	gitksan	gl	modelgloss	matched_qwen35_gitksan_modelgloss	mtob_qwen35_gitksan_pdf1_gl	raw	chrF	46.547872505405444	19.995213880023304	-26.55265862538214	-57.0437641855676	True	9.99990000099999e-06	0.0035999640003599965	True
qwen35	gitksan_pdf1	gitksan	gl	modelgloss	matched_qwen35_gitksan_modelgloss	mtob_qwen35_gitksan_pdf1_gl	raw	rouge1	0.4868445342761358	0.1630749566893699	-0.3237695775867659	-66.50368953369525	True			
qwen35	gitksan_pdf1	gitksan	gl	modelgloss	matched_qwen35_gitksan_modelgloss	mtob_qwen35_gitksan_pdf1_gl	raw	rouge2	0.21915122074444057	0.04699706022979598	-0.1721541605146446	-78.55496306607354	True			
qwen35	gitksan_pdf1	gitksan	gl	modelgloss	matched_qwen35_gitksan_modelgloss	mtob_qwen35_gitksan_pdf1_gl	raw	rougeL	0.4414761962751351	0.14114900132684335	-0.30032719494829174	-68.02794748216118	True			
qwen35	gitksan_pdf1	gitksan	gl	modelgloss	matched_qwen35_gitksan_modelgloss	mtob_qwen35_gitksan_pdf1_gl	raw	CharacTER	0.6676577330979312	0.8253596980390601	0.15770196494112887	23.62018098845226	False			
qwen35	gitksan_pdf1	gitksan	gl	modelgloss	matched_qwen35_gitksan_modelgloss	mtob_qwen35_gitksan_pdf1_gl	extracted	BLEU	12.048734246195998	0.8843219110597872	-11.16441233513621	-92.66045799508787	True	9.99990000099999e-06	0.0035999640003599965	True
qwen35	gitksan_pdf1	gitksan	gl	modelgloss	matched_qwen35_gitksan_modelgloss	mtob_qwen35_gitksan_pdf1_gl	extracted	chrF	46.547872505405444	23.536954306947408	-23.010918198458036	-49.4349515024255	True	9.99990000099999e-06	0.0035999640003599965	True
qwen35	gitksan_pdf1	gitksan	gl	modelgloss	matched_qwen35_gitksan_modelgloss	mtob_qwen35_gitksan_pdf1_gl	extracted	rouge1	0.4868445342761358	0.22481073948165403	-0.26203379479448174	-53.82288930984639	True			
qwen35	gitksan_pdf1	gitksan	gl	modelgloss	matched_qwen35_gitksan_modelgloss	mtob_qwen35_gitksan_pdf1_gl	extracted	rouge2	0.21915122074444057	0.056686947788953494	-0.16246427295548707	-74.13340998220676	True			
qwen35	gitksan_pdf1	gitksan	gl	modelgloss	matched_qwen35_gitksan_modelgloss	mtob_qwen35_gitksan_pdf1_gl	extracted	rougeL	0.4414761962751351	0.19639118659104712	-0.245085009684088	-55.51488659002286	True			
qwen35	gitksan_pdf1	gitksan	gl	modelgloss	matched_qwen35_gitksan_modelgloss	mtob_qwen35_gitksan_pdf1_gl	extracted	CharacTER	0.6676577330979312	0.7970386184712585	0.12938088537332726	19.378324994904215	False			
qwen35	gitksan_pdf2	gitksan	ge	shot	matched_qwen35_gitksan_shot	mtob_qwen35_gitksan_pdf2_ge	raw	BLEU	2.375246814469858	0.6129441405562225	-1.7623026739136356	-74.19450741614706	True	0.04132958670413296	1.0	False
qwen35	gitksan_pdf2	gitksan	ge	shot	matched_qwen35_gitksan_shot	mtob_qwen35_gitksan_pdf2_ge	raw	chrF	26.123538610670128	18.578656431942726	-7.544882178727402	-28.881547370637236	True	9.99990000099999e-06	0.0035999640003599965	True
qwen35	gitksan_pdf2	gitksan	ge	shot	matched_qwen35_gitksan_shot	mtob_qwen35_gitksan_pdf2_ge	raw	rouge1	0.22216549579421582	0.13034588532683247	-0.09181961046738335	-41.32937481544509	True			
qwen35	gitksan_pdf2	gitksan	ge	shot	matched_qwen35_gitksan_shot	mtob_qwen35_gitksan_pdf2_ge	raw	rouge2	0.07267370589000746	0.04951547637129369	-0.02315822951871377	-31.866036326486547	True			
qwen35	gitksan_pdf2	gitksan	ge	shot	matched_qwen35_gitksan_shot	mtob_qwen35_gitksan_pdf2_ge	raw	rougeL	0.20603838650393347	0.11914265958613933	-0.08689572691779414	-42.17453281024176	True			
qwen35	gitksan_pdf2	gitksan	ge	shot	matched_qwen35_gitksan_shot	mtob_qwen35_gitksan_pdf2_ge	raw	CharacTER	0.8081420563966601	0.8466880652037105	0.03854600880705039	4.769707070922549	False			
qwen35	gitksan_pdf2	gitksan	ge	shot	matched_qwen35_gitksan_shot	mtob_qwen35_gitksan_pdf2_ge	extracted	BLEU	2.375246814469858	0.7653911250750605	-1.6098556893947975	-67.77635400193594	True	0.04227957720422796	1.0	False
qwen35	gitksan_pdf2	gitksan	ge	shot	matched_qwen35_gitksan_shot	mtob_qwen35_gitksan_pdf2_ge	extracted	chrF	26.123538610670128	20.554602501813786	-5.568936108856342	-21.31769432867612	True	9.99990000099999e-05	0.015799842001579984	True
qwen35	gitksan_pdf2	gitksan	ge	shot	matched_qwen35_gitksan_shot	mtob_qwen35_gitksan_pdf2_ge	extracted	rouge1	0.22216549579421582	0.14821652461726886	-0.07394897117694696	-33.28553379208953	True			
qwen35	gitksan_pdf2	gitksan	ge	shot	matched_qwen35_gitksan_shot	mtob_qwen35_gitksan_pdf2_ge	extracted	rouge2	0.07267370589000746	0.05920006999247245	-0.01347363589753501	-18.53990481499254	True			
qwen35	gitksan_pdf2	gitksan	ge	shot	matched_qwen35_gitksan_shot	mtob_qwen35_gitksan_pdf2_ge	extracted	rougeL	0.20603838650393347	0.13510724478472927	-0.0709311417192042	-34.426178016032004	True			
qwen35	gitksan_pdf2	gitksan	ge	shot	matched_qwen35_gitksan_shot	mtob_qwen35_gitksan_pdf2_ge	extracted	CharacTER	0.8081420563966601	0.81921199061728	0.01106993422061986	1.3698005360565477	False			
qwen35	gitksan_pdf2	gitksan	ge	chain_gloss	matched_qwen35_gitksan_chain_gloss	mtob_qwen35_gitksan_pdf2_ge	raw	BLEU	2.9391500985013628	0.6129441405562225	-2.3262059579451404	-79.14553119050451	True	0.04742952570474295	1.0	False
qwen35	gitksan_pdf2	gitksan	ge	chain_gloss	matched_qwen35_gitksan_chain_gloss	mtob_qwen35_gitksan_pdf2_ge	raw	chrF	27.356503491543567	18.578656431942726	-8.777847059600841	-32.08687492652066	True	9.99990000099999e-06	0.0035999640003599965	True
qwen35	gitksan_pdf2	gitksan	ge	chain_gloss	matched_qwen35_gitksan_chain_gloss	mtob_qwen35_gitksan_pdf2_ge	raw	rouge1	0.2207234705222405	0.13034588532683247	-0.09037758519540803	-40.94606929728455	True			
qwen35	gitksan_pdf2	gitksan	ge	chain_gloss	matched_qwen35_gitksan_chain_gloss	mtob_qwen35_gitksan_pdf2_ge	raw	rouge2	0.07134200511531932	0.04951547637129369	-0.02182652874402563	-30.594218243157847	True			
qwen35	gitksan_pdf2	gitksan	ge	chain_gloss	matched_qwen35_gitksan_chain_gloss	mtob_qwen35_gitksan_pdf2_ge	raw	rougeL	0.20660832566404405	0.11914265958613933	-0.08746566607790472	-42.33404718652455	True			
qwen35	gitksan_pdf2	gitksan	ge	chain_gloss	matched_qwen35_gitksan_chain_gloss	mtob_qwen35_gitksan_pdf2_ge	raw	CharacTER	0.7982248206390988	0.8466880652037105	0.04846324456461171	6.071377801282801	False			
qwen35	gitksan_pdf2	gitksan	ge	chain_gloss	matched_qwen35_gitksan_chain_gloss	mtob_qwen35_gitksan_pdf2_ge	extracted	BLEU	2.9391500985013628	0.7653911250750605	-2.1737589734263025	-73.95876020536264	True	0.047239527604723955	1.0	False
qwen35	gitksan_pdf2	gitksan	ge	chain_gloss	matched_qwen35_gitksan_chain_gloss	mtob_qwen35_gitksan_pdf2_ge	extracted	chrF	27.356503491543567	20.554602501813786	-6.801900989729781	-24.86392675084512	True	3.999960000399996e-05	0.007039929600703994	True
qwen35	gitksan_pdf2	gitksan	ge	chain_gloss	matched_qwen35_gitksan_chain_gloss	mtob_qwen35_gitksan_pdf2_ge	extracted	rouge1	0.2207234705222405	0.14821652461726886	-0.07250694590497164	-32.84967644510904	True			
qwen35	gitksan_pdf2	gitksan	ge	chain_gloss	matched_qwen35_gitksan_chain_gloss	mtob_qwen35_gitksan_pdf2_ge	extracted	rouge2	0.07134200511531932	0.05920006999247245	-0.012141935122846871	-17.019335387644755	True			
qwen35	gitksan_pdf2	gitksan	ge	chain_gloss	matched_qwen35_gitksan_chain_gloss	mtob_qwen35_gitksan_pdf2_ge	extracted	rougeL	0.20660832566404405	0.13510724478472927	-0.07150108087931478	-34.60706660755738	True			
qwen35	gitksan_pdf2	gitksan	ge	chain_gloss	matched_qwen35_gitksan_chain_gloss	mtob_qwen35_gitksan_pdf2_ge	extracted	CharacTER	0.7982248206390988	0.81921199061728	0.020987169978181175	2.6292304417917993	False			
qwen35	gitksan_pdf2	gitksan	ge	modelgloss	matched_qwen35_gitksan_modelgloss	mtob_qwen35_gitksan_pdf2_ge	raw	BLEU	12.048734246195998	0.6129441405562225	-11.435790105639775	-94.9127922648826	True	9.99990000099999e-06	0.0035999640003599965	True
qwen35	gitksan_pdf2	gitksan	ge	modelgloss	matched_qwen35_gitksan_modelgloss	mtob_qwen35_gitksan_pdf2_ge	raw	chrF	46.547872505405444	18.578656431942726	-27.969216073462718	-60.08699123727889	True	9.99990000099999e-06	0.0035999640003599965	True
qwen35	gitksan_pdf2	gitksan	ge	modelgloss	matched_qwen35_gitksan_modelgloss	mtob_qwen35_gitksan_pdf2_ge	raw	rouge1	0.4868445342761358	0.13034588532683247	-0.3564986489493033	-73.22638416375833	True			
qwen35	gitksan_pdf2	gitksan	ge	modelgloss	matched_qwen35_gitksan_modelgloss	mtob_qwen35_gitksan_pdf2_ge	raw	rouge2	0.21915122074444057	0.04951547637129369	-0.16963574437314688	-77.40579486480009	True			
qwen35	gitksan_pdf2	gitksan	ge	modelgloss	matched_qwen35_gitksan_modelgloss	mtob_qwen35_gitksan_pdf2_ge	raw	rougeL	0.4414761962751351	0.11914265958613933	-0.3223335366889958	-73.01266510145255	True			
qwen35	gitksan_pdf2	gitksan	ge	modelgloss	matched_qwen35_gitksan_modelgloss	mtob_qwen35_gitksan_pdf2_ge	raw	CharacTER	0.6676577330979312	0.8466880652037105	0.17903033210577934	26.814687111475333	False			
qwen35	gitksan_pdf2	gitksan	ge	modelgloss	matched_qwen35_gitksan_modelgloss	mtob_qwen35_gitksan_pdf2_ge	extracted	BLEU	12.048734246195998	0.7653911250750605	-11.283343121120938	-93.64753915693088	True	9.99990000099999e-06	0.0035999640003599965	True
qwen35	gitksan_pdf2	gitksan	ge	modelgloss	matched_qwen35_gitksan_modelgloss	mtob_qwen35_gitksan_pdf2_ge	extracted	chrF	46.547872505405444	20.554602501813786	-25.993270003591658	-55.84201512233056	True	9.99990000099999e-06	0.0035999640003599965	True
qwen35	gitksan_pdf2	gitksan	ge	modelgloss	matched_qwen35_gitksan_modelgloss	mtob_qwen35_gitksan_pdf2_ge	extracted	rouge1	0.4868445342761358	0.14821652461726886	-0.3386280096588669	-69.5556765698018	True			
qwen35	gitksan_pdf2	gitksan	ge	modelgloss	matched_qwen35_gitksan_modelgloss	mtob_qwen35_gitksan_pdf2_ge	extracted	rouge2	0.21915122074444057	0.05920006999247245	-0.1599511507519681	-72.98665743618758	True			
qwen35	gitksan_pdf2	gitksan	ge	modelgloss	matched_qwen35_gitksan_modelgloss	mtob_qwen35_gitksan_pdf2_ge	extracted	rougeL	0.4414761962751351	0.13510724478472927	-0.3063689514904059	-69.39648254545342	True			
qwen35	gitksan_pdf2	gitksan	ge	modelgloss	matched_qwen35_gitksan_modelgloss	mtob_qwen35_gitksan_pdf2_ge	extracted	CharacTER	0.6676577330979312	0.81921199061728	0.1515542575193488	22.699393717217536	False			
qwen35	gitksan_pdf2	gitksan	gs	shot	matched_qwen35_gitksan_shot	mtob_qwen35_gitksan_pdf2_gs	raw	BLEU	2.375246814469858	0.3901883814276743	-1.9850584330421837	-83.57272267241153	True	0.03782962170378296	1.0	False
qwen35	gitksan_pdf2	gitksan	gs	shot	matched_qwen35_gitksan_shot	mtob_qwen35_gitksan_pdf2_gs	raw	chrF	26.123538610670128	17.620502896181446	-8.503035714488682	-32.549325882733314	True	9.99990000099999e-06	0.0035999640003599965	True
qwen35	gitksan_pdf2	gitksan	gs	shot	matched_qwen35_gitksan_shot	mtob_qwen35_gitksan_pdf2_gs	raw	rouge1	0.22216549579421582	0.14518357203360832	-0.0769819237606075	-34.650710942041684	True			
qwen35	gitksan_pdf2	gitksan	gs	shot	matched_qwen35_gitksan_shot	mtob_qwen35_gitksan_pdf2_gs	raw	rouge2	0.07267370589000746	0.0556521471110253	-0.017021558778982163	-23.421894577310393	True			
qwen35	gitksan_pdf2	gitksan	gs	shot	matched_qwen35_gitksan_shot	mtob_qwen35_gitksan_pdf2_gs	raw	rougeL	0.20603838650393347	0.1276240935829592	-0.07841429292097427	-38.05809890647598	True			
qwen35	gitksan_pdf2	gitksan	gs	shot	matched_qwen35_gitksan_shot	mtob_qwen35_gitksan_pdf2_gs	raw	CharacTER	0.8081420563966601	0.8643882024099218	0.05624614601326161	6.9599330424717225	False			
qwen35	gitksan_pdf2	gitksan	gs	shot	matched_qwen35_gitksan_shot	mtob_qwen35_gitksan_pdf2_gs	extracted	BLEU	2.375246814469858	0.4803887119981052	-1.8948581024717528	-79.77520866161753	True	0.036569634303656964	1.0	False
qwen35	gitksan_pdf2	gitksan	gs	shot	matched_qwen35_gitksan_shot	mtob_qwen35_gitksan_pdf2_gs	extracted	chrF	26.123538610670128	19.594229254451076	-6.529309356219052	-24.99396981981669	True	4.999950000499995e-05	0.008699913000869992	True
qwen35	gitksan_pdf2	gitksan	gs	shot	matched_qwen35_gitksan_shot	mtob_qwen35_gitksan_pdf2_gs	extracted	rouge1	0.22216549579421582	0.16167942617170591	-0.06048606962250991	-27.225681200529923	True			
qwen35	gitksan_pdf2	gitksan	gs	shot	matched_qwen35_gitksan_shot	mtob_qwen35_gitksan_pdf2_gs	extracted	rouge2	0.07267370589000746	0.06465093035300361	-0.008022775537003854	-11.039447402264614	True			
qwen35	gitksan_pdf2	gitksan	gs	shot	matched_qwen35_gitksan_shot	mtob_qwen35_gitksan_pdf2_gs	extracted	rougeL	0.20603838650393347	0.14510531972553706	-0.06093306677839641	-29.57364781015364	True			
qwen35	gitksan_pdf2	gitksan	gs	shot	matched_qwen35_gitksan_shot	mtob_qwen35_gitksan_pdf2_gs	extracted	CharacTER	0.8081420563966601	0.8334326064224825	0.025290550025822367	3.129468368295018	False			
qwen35	gitksan_pdf2	gitksan	gs	chain_gloss	matched_qwen35_gitksan_chain_gloss	mtob_qwen35_gitksan_pdf2_gs	raw	BLEU	2.9391500985013628	0.3901883814276743	-2.5489617170736887	-86.72444862116343	True	0.046279537204627956	1.0	False
qwen35	gitksan_pdf2	gitksan	gs	chain_gloss	matched_qwen35_gitksan_chain_gloss	mtob_qwen35_gitksan_pdf2_gs	raw	chrF	27.356503491543567	17.620502896181446	-9.736000595362121	-35.589345686563014	True	9.99990000099999e-06	0.0035999640003599965	True
qwen35	gitksan_pdf2	gitksan	gs	chain_gloss	matched_qwen35_gitksan_chain_gloss	mtob_qwen35_gitksan_pdf2_gs	raw	rouge1	0.2207234705222405	0.14518357203360832	-0.07553989848863218	-34.22377253760182	True			
qwen35	gitksan_pdf2	gitksan	gs	chain_gloss	matched_qwen35_gitksan_chain_gloss	mtob_qwen35_gitksan_pdf2_gs	raw	rouge2	0.07134200511531932	0.0556521471110253	-0.015689858004294024	-21.992454485870525	True			
qwen35	gitksan_pdf2	gitksan	gs	chain_gloss	matched_qwen35_gitksan_chain_gloss	mtob_qwen35_gitksan_pdf2_gs	raw	rougeL	0.20660832566404405	0.1276240935829592	-0.07898423208108485	-38.22896866678903	True			
qwen35	gitksan_pdf2	gitksan	gs	chain_gloss	matched_qwen35_gitksan_chain_gloss	mtob_qwen35_gitksan_pdf2_gs	raw	CharacTER	0.7982248206390988	0.8643882024099218	0.06616338177082293	8.288815388858643	False			
qwen35	gitksan_pdf2	gitksan	gs	chain_gloss	matched_qwen35_gitksan_chain_gloss	mtob_qwen35_gitksan_pdf2_gs	extracted	BLEU	2.9391500985013628	0.4803887119981052	-2.458761386503258	-83.65552299479195	True	0.04576954230457696	1.0	False
qwen35	gitksan_pdf2	gitksan	gs	chain_gloss	matched_qwen35_gitksan_chain_gloss	mtob_qwen35_gitksan_pdf2_gs	extracted	chrF	27.356503491543567	19.594229254451076	-7.762274237092491	-28.374511528828833	True	9.99990000099999e-06	0.0035999640003599965	True
qwen35	gitksan_pdf2	gitksan	gs	chain_gloss	matched_qwen35_gitksan_chain_gloss	mtob_qwen35_gitksan_pdf2_gs	extracted	rouge1	0.2207234705222405	0.16167942617170591	-0.05904404435053459	-26.750233770261964	True			
qwen35	gitksan_pdf2	gitksan	gs	chain_gloss	matched_qwen35_gitksan_chain_gloss	mtob_qwen35_gitksan_pdf2_gs	extracted	rouge2	0.07134200511531932	0.06465093035300361	-0.006691074762315716	-9.378871187458309	True			
qwen35	gitksan_pdf2	gitksan	gs	chain_gloss	matched_qwen35_gitksan_chain_gloss	mtob_qwen35_gitksan_pdf2_gs	extracted	rougeL	0.20660832566404405	0.14510531972553706	-0.061503005938506994	-29.76792234332033	True			
qwen35	gitksan_pdf2	gitksan	gs	chain_gloss	matched_qwen35_gitksan_chain_gloss	mtob_qwen35_gitksan_pdf2_gs	extracted	CharacTER	0.7982248206390988	0.8334326064224825	0.03520778578338368	4.410760586872576	False			
qwen35	gitksan_pdf2	gitksan	gs	modelgloss	matched_qwen35_gitksan_modelgloss	mtob_qwen35_gitksan_pdf2_gs	raw	BLEU	12.048734246195998	0.3901883814276743	-11.658545864768325	-96.76158197653946	True	9.99990000099999e-06	0.0035999640003599965	True
qwen35	gitksan_pdf2	gitksan	gs	modelgloss	matched_qwen35_gitksan_modelgloss	mtob_qwen35_gitksan_pdf2_gs	raw	chrF	46.547872505405444	17.620502896181446	-28.927369609223998	-62.14541729241172	True	9.99990000099999e-06	0.0035999640003599965	True
qwen35	gitksan_pdf2	gitksan	gs	modelgloss	matched_qwen35_gitksan_modelgloss	mtob_qwen35_gitksan_pdf2_gs	raw	rouge1	0.4868445342761358	0.14518357203360832	-0.34166096224252746	-70.17865831656623	True			
qwen35	gitksan_pdf2	gitksan	gs	modelgloss	matched_qwen35_gitksan_modelgloss	mtob_qwen35_gitksan_pdf2_gs	raw	rouge2	0.21915122074444057	0.0556521471110253	-0.16349907363341526	-74.6055956603942	True			
qwen35	gitksan_pdf2	gitksan	gs	modelgloss	matched_qwen35_gitksan_modelgloss	mtob_qwen35_gitksan_pdf2_gs	raw	rougeL	0.4414761962751351	0.1276240935829592	-0.3138521026921759	-71.09151191847684	True			
qwen35	gitksan_pdf2	gitksan	gs	modelgloss	matched_qwen35_gitksan_modelgloss	mtob_qwen35_gitksan_pdf2_gs	raw	CharacTER	0.6676577330979312	0.8643882024099218	0.19673046931199056	29.465766598577595	False			
qwen35	gitksan_pdf2	gitksan	gs	modelgloss	matched_qwen35_gitksan_modelgloss	mtob_qwen35_gitksan_pdf2_gs	extracted	BLEU	12.048734246195998	0.4803887119981052	-11.568345534197894	-96.01295287801894	True	9.99990000099999e-06	0.0035999640003599965	True
qwen35	gitksan_pdf2	gitksan	gs	modelgloss	matched_qwen35_gitksan_modelgloss	mtob_qwen35_gitksan_pdf2_gs	extracted	chrF	46.547872505405444	19.594229254451076	-26.953643250954368	-57.90520984138284	True	9.99990000099999e-06	0.0035999640003599965	True
qwen35	gitksan_pdf2	gitksan	gs	modelgloss	matched_qwen35_gitksan_modelgloss	mtob_qwen35_gitksan_pdf2_gs	extracted	rouge1	0.4868445342761358	0.16167942617170591	-0.3251651081044299	-66.7903376152515	True			
qwen35	gitksan_pdf2	gitksan	gs	modelgloss	matched_qwen35_gitksan_modelgloss	mtob_qwen35_gitksan_pdf2_gs	extracted	rouge2	0.21915122074444057	0.06465093035300361	-0.15450029039143698	-70.4993975696831	True			
qwen35	gitksan_pdf2	gitksan	gs	modelgloss	matched_qwen35_gitksan_modelgloss	mtob_qwen35_gitksan_pdf2_gs	extracted	rougeL	0.4414761962751351	0.14510531972553706	-0.29637087654959804	-67.13179080778681	True			
qwen35	gitksan_pdf2	gitksan	gs	modelgloss	matched_qwen35_gitksan_modelgloss	mtob_qwen35_gitksan_pdf2_gs	extracted	CharacTER	0.6676577330979312	0.8334326064224825	0.16577487332455132	24.82931974072345	False			
qwen35	gitksan_pdf2	gitksan	gl	shot	matched_qwen35_gitksan_shot	mtob_qwen35_gitksan_pdf2_gl	raw	BLEU	2.375246814469858	0.28457011895499756	-2.0906766955148606	-88.01934530671029	True	0.03677963220367796	1.0	False
qwen35	gitksan_pdf2	gitksan	gl	shot	matched_qwen35_gitksan_shot	mtob_qwen35_gitksan_pdf2_gl	raw	chrF	26.123538610670128	16.732253136435112	-9.391285474235016	-35.949515164071826	True	9.99990000099999e-06	0.0035999640003599965	True
qwen35	gitksan_pdf2	gitksan	gl	shot	matched_qwen35_gitksan_shot	mtob_qwen35_gitksan_pdf2_gl	raw	rouge1	0.22216549579421582	0.08454294279439553	-0.1376225529998203	-61.94596172904153	True			
qwen35	gitksan_pdf2	gitksan	gl	shot	matched_qwen35_gitksan_shot	mtob_qwen35_gitksan_pdf2_gl	raw	rouge2	0.07267370589000746	0.02000366518206494	-0.052670040707942525	-72.4746867700118	True			
qwen35	gitksan_pdf2	gitksan	gl	shot	matched_qwen35_gitksan_shot	mtob_qwen35_gitksan_pdf2_gl	raw	rougeL	0.20603838650393347	0.07186536717963823	-0.13417301932429523	-65.12039897076836	True			
qwen35	gitksan_pdf2	gitksan	gl	shot	matched_qwen35_gitksan_shot	mtob_qwen35_gitksan_pdf2_gl	raw	CharacTER	0.8081420563966601	0.8906649687464961	0.082522912349836	10.211436429603573	False			
qwen35	gitksan_pdf2	gitksan	gl	shot	matched_qwen35_gitksan_shot	mtob_qwen35_gitksan_pdf2_gl	extracted	BLEU	2.375246814469858	0.3550649912273144	-2.0201818232425435	-85.05144858781495	True	0.03585964140358596	1.0	False
qwen35	gitksan_pdf2	gitksan	gl	shot	matched_qwen35_gitksan_shot	mtob_qwen35_gitksan_pdf2_gl	extracted	chrF	26.123538610670128	18.41213332045193	-7.711405290218199	-29.51899206743946	True	9.99990000099999e-06	0.0035999640003599965	True
qwen35	gitksan_pdf2	gitksan	gl	shot	matched_qwen35_gitksan_shot	mtob_qwen35_gitksan_pdf2_gl	extracted	rouge1	0.22216549579421582	0.13034334868316347	-0.09182214711105235	-41.33051659655738	True			
qwen35	gitksan_pdf2	gitksan	gl	shot	matched_qwen35_gitksan_shot	mtob_qwen35_gitksan_pdf2_gl	extracted	rouge2	0.07267370589000746	0.04856827827860223	-0.02410542761140523	-33.16939368399499	True			
qwen35	gitksan_pdf2	gitksan	gl	shot	matched_qwen35_gitksan_shot	mtob_qwen35_gitksan_pdf2_gl	extracted	rougeL	0.20603838650393347	0.1165764484496698	-0.08946193805426367	-43.42003428208547	True			
qwen35	gitksan_pdf2	gitksan	gl	shot	matched_qwen35_gitksan_shot	mtob_qwen35_gitksan_pdf2_gl	extracted	CharacTER	0.8081420563966601	0.8869083511224363	0.07876629472577612	9.746590231546529	False			
qwen35	gitksan_pdf2	gitksan	gl	chain_gloss	matched_qwen35_gitksan_chain_gloss	mtob_qwen35_gitksan_pdf2_gl	raw	BLEU	2.9391500985013628	0.28457011895499756	-2.6545799795463654	-90.31794534412869	True	0.046039539604603955	1.0	False
qwen35	gitksan_pdf2	gitksan	gl	chain_gloss	matched_qwen35_gitksan_chain_gloss	mtob_qwen35_gitksan_pdf2_gl	raw	chrF	27.356503491543567	16.732253136435112	-10.624250355108455	-38.8362875335754	True	9.99990000099999e-06	0.0035999640003599965	True
qwen35	gitksan_pdf2	gitksan	gl	chain_gloss	matched_qwen35_gitksan_chain_gloss	mtob_qwen35_gitksan_pdf2_gl	raw	rouge1	0.2207234705222405	0.08454294279439553	-0.13618052772784497	-61.69734800093367	True			
qwen35	gitksan_pdf2	gitksan	gl	chain_gloss	matched_qwen35_gitksan_chain_gloss	mtob_qwen35_gitksan_pdf2_gl	raw	rouge2	0.07134200511531932	0.02000366518206494	-0.05133833993325439	-71.96088734858178	True			
qwen35	gitksan_pdf2	gitksan	gl	chain_gloss	matched_qwen35_gitksan_chain_gloss	mtob_qwen35_gitksan_pdf2_gl	raw	rougeL	0.20660832566404405	0.07186536717963823	-0.13474295848440582	-65.21661605423633	True			
qwen35	gitksan_pdf2	gitksan	gl	chain_gloss	matched_qwen35_gitksan_chain_gloss	mtob_qwen35_gitksan_pdf2_gl	raw	CharacTER	0.7982248206390988	0.8906649687464961	0.09244014810739731	11.580715823066626	False			
qwen35	gitksan_pdf2	gitksan	gl	chain_gloss	matched_qwen35_gitksan_chain_gloss	mtob_qwen35_gitksan_pdf2_gl	extracted	BLEU	2.9391500985013628	0.3550649912273144	-2.5840851072740483	-87.91946721576561	True	0.045529544704552956	1.0	False
qwen35	gitksan_pdf2	gitksan	gl	chain_gloss	matched_qwen35_gitksan_chain_gloss	mtob_qwen35_gitksan_pdf2_gl	extracted	chrF	27.356503491543567	18.41213332045193	-8.944370171091638	-32.695589821471586	True	9.99990000099999e-06	0.0035999640003599965	True
qwen35	gitksan_pdf2	gitksan	gl	chain_gloss	matched_qwen35_gitksan_chain_gloss	mtob_qwen35_gitksan_pdf2_gl	extracted	rouge1	0.2207234705222405	0.13034334868316347	-0.09038012183907704	-40.94721853785376	True			
qwen35	gitksan_pdf2	gitksan	gl	chain_gloss	matched_qwen35_gitksan_chain_gloss	mtob_qwen35_gitksan_pdf2_gl	extracted	rouge2	0.07134200511531932	0.04856827827860223	-0.022773726836717093	-31.921904633749733	True			
qwen35	gitksan_pdf2	gitksan	gl	chain_gloss	matched_qwen35_gitksan_chain_gloss	mtob_qwen35_gitksan_pdf2_gl	extracted	rougeL	0.20660832566404405	0.1165764484496698	-0.09003187721437425	-43.57611288170971	True			
qwen35	gitksan_pdf2	gitksan	gl	chain_gloss	matched_qwen35_gitksan_chain_gloss	mtob_qwen35_gitksan_pdf2_gl	extracted	CharacTER	0.7982248206390988	0.8869083511224363	0.08868353048333744	11.110094323092202	False			
qwen35	gitksan_pdf2	gitksan	gl	modelgloss	matched_qwen35_gitksan_modelgloss	mtob_qwen35_gitksan_pdf2_gl	raw	BLEU	12.048734246195998	0.28457011895499756	-11.764164127241001	-97.63817415887614	True	9.99990000099999e-06	0.0035999640003599965	True
qwen35	gitksan_pdf2	gitksan	gl	modelgloss	matched_qwen35_gitksan_modelgloss	mtob_qwen35_gitksan_pdf2_gl	raw	chrF	46.547872505405444	16.732253136435112	-29.81561936897033	-64.05366725516392	True	9.99990000099999e-06	0.0035999640003599965	True
qwen35	gitksan_pdf2	gitksan	gl	modelgloss	matched_qwen35_gitksan_modelgloss	mtob_qwen35_gitksan_pdf2_gl	raw	rouge1	0.4868445342761358	0.08454294279439553	-0.4023015914817403	-82.6345092032104	True			
qwen35	gitksan_pdf2	gitksan	gl	modelgloss	matched_qwen35_gitksan_modelgloss	mtob_qwen35_gitksan_pdf2_gl	raw	rouge2	0.21915122074444057	0.02000366518206494	-0.19914755556237562	-90.87220910104266	True			
qwen35	gitksan_pdf2	gitksan	gl	modelgloss	matched_qwen35_gitksan_modelgloss	mtob_qwen35_gitksan_pdf2_gl	raw	rougeL	0.4414761962751351	0.07186536717963823	-0.3696108290954969	-83.72157597941009	True			
qwen35	gitksan_pdf2	gitksan	gl	modelgloss	matched_qwen35_gitksan_modelgloss	mtob_qwen35_gitksan_pdf2_gl	raw	CharacTER	0.6676577330979312	0.8906649687464961	0.22300723564856495	33.40143079206341	False			
qwen35	gitksan_pdf2	gitksan	gl	modelgloss	matched_qwen35_gitksan_modelgloss	mtob_qwen35_gitksan_pdf2_gl	extracted	BLEU	12.048734246195998	0.3550649912273144	-11.693669254968684	-97.0530930139868	True	9.99990000099999e-06	0.0035999640003599965	True
qwen35	gitksan_pdf2	gitksan	gl	modelgloss	matched_qwen35_gitksan_modelgloss	mtob_qwen35_gitksan_pdf2_gl	extracted	chrF	46.547872505405444	18.41213332045193	-28.135739184953515	-60.444737150309514	True	9.99990000099999e-06	0.0035999640003599965	True
qwen35	gitksan_pdf2	gitksan	gl	modelgloss	matched_qwen35_gitksan_modelgloss	mtob_qwen35_gitksan_pdf2_gl	extracted	rouge1	0.4868445342761358	0.13034334868316347	-0.3565011855929723	-73.2269052014799	True			
qwen35	gitksan_pdf2	gitksan	gl	modelgloss	matched_qwen35_gitksan_modelgloss	mtob_qwen35_gitksan_pdf2_gl	extracted	rouge2	0.21915122074444057	0.04856827827860223	-0.17058294246583833	-77.83800696449723	True			
qwen35	gitksan_pdf2	gitksan	gl	modelgloss	matched_qwen35_gitksan_modelgloss	mtob_qwen35_gitksan_pdf2_gl	extracted	rougeL	0.4414761962751351	0.1165764484496698	-0.3248997478254653	-73.59394471700634	True			
qwen35	gitksan_pdf2	gitksan	gl	modelgloss	matched_qwen35_gitksan_modelgloss	mtob_qwen35_gitksan_pdf2_gl	extracted	CharacTER	0.6676577330979312	0.8869083511224363	0.21925061802450507	32.83877459296134	False			
qwen35	natugu	natugu	ge	shot	matched_qwen35_natugu_shot	mtob_qwen35_natugu_ge	raw	BLEU	2.5578722298001177	0.6073688195930403	-1.9505034102070775	-76.25491951798928	True	0.0017699823001769983	0.23717762822371777	False
qwen35	natugu	natugu	ge	shot	matched_qwen35_natugu_shot	mtob_qwen35_natugu_ge	raw	chrF	21.45767764428266	15.45414454520195	-6.003533099080711	-27.97848489759718	True	9.99990000099999e-06	0.0035999640003599965	True
qwen35	natugu	natugu	ge	shot	matched_qwen35_natugu_shot	mtob_qwen35_natugu_ge	raw	rouge1	0.21232010284982555	0.1237526137636139	-0.08856748908621165	-41.714132527929124	True			
qwen35	natugu	natugu	ge	shot	matched_qwen35_natugu_shot	mtob_qwen35_natugu_ge	raw	rouge2	0.04414113344139585	0.029798015714915756	-0.014343117726480094	-32.49376852890013	True			
qwen35	natugu	natugu	ge	shot	matched_qwen35_natugu_shot	mtob_qwen35_natugu_ge	raw	rougeL	0.1907498536840846	0.11229951755994176	-0.07845033612414283	-41.127337509820805	True			
qwen35	natugu	natugu	ge	shot	matched_qwen35_natugu_shot	mtob_qwen35_natugu_ge	raw	CharacTER	0.8070321549563567	0.8528748738520647	0.04584271889570801	5.68040797558892	False			
qwen35	natugu	natugu	ge	shot	matched_qwen35_natugu_shot	mtob_qwen35_natugu_ge	extracted	BLEU	2.5578722298001177	0.7822774327909896	-1.7755947970091281	-69.41686829869059	True	0.0035399646003539966	0.4212557874421256	False
qwen35	natugu	natugu	ge	shot	matched_qwen35_natugu_shot	mtob_qwen35_natugu_ge	extracted	chrF	21.45767764428266	16.83000567814555	-4.627671966137111	-21.566508933785485	True	9.99990000099999e-06	0.0035999640003599965	True
qwen35	natugu	natugu	ge	shot	matched_qwen35_natugu_shot	mtob_qwen35_natugu_ge	extracted	rouge1	0.21232010284982555	0.13137943596788898	-0.08094066688193657	-38.121998715866326	True			
qwen35	natugu	natugu	ge	shot	matched_qwen35_natugu_shot	mtob_qwen35_natugu_ge	extracted	rouge2	0.04414113344139585	0.030193910906872838	-0.013947222534523011	-31.59688355769137	True			
qwen35	natugu	natugu	ge	shot	matched_qwen35_natugu_shot	mtob_qwen35_natugu_ge	extracted	rougeL	0.1907498536840846	0.11898357228821839	-0.0717662813958662	-37.6232432213153	True			
qwen35	natugu	natugu	ge	shot	matched_qwen35_natugu_shot	mtob_qwen35_natugu_ge	extracted	CharacTER	0.8070321549563567	0.8387384820074243	0.03170632705106757	3.9287563520665683	False			
qwen35	natugu	natugu	ge	chain_gloss	matched_qwen35_natugu_chain_gloss	mtob_qwen35_natugu_ge	raw	BLEU	2.60642511406873	0.6073688195930403	-1.9990562944756896	-76.69724649618212	True	0.037769622303776965	1.0	False
qwen35	natugu	natugu	ge	chain_gloss	matched_qwen35_natugu_chain_gloss	mtob_qwen35_natugu_ge	raw	chrF	21.18841665093125	15.45414454520195	-5.734272105729298	-27.063240260934133	True	9.99990000099999e-06	0.0035999640003599965	True
qwen35	natugu	natugu	ge	chain_gloss	matched_qwen35_natugu_chain_gloss	mtob_qwen35_natugu_ge	raw	rouge1	0.20185522262747546	0.1237526137636139	-0.07810260886386156	-38.69238944983861	True			
qwen35	natugu	natugu	ge	chain_gloss	matched_qwen35_natugu_chain_gloss	mtob_qwen35_natugu_ge	raw	rouge2	0.04237978921147042	0.029798015714915756	-0.012581773496554663	-29.688145530344705	True			
qwen35	natugu	natugu	ge	chain_gloss	matched_qwen35_natugu_chain_gloss	mtob_qwen35_natugu_ge	raw	rougeL	0.1809571777817045	0.11229951755994176	-0.06865766022176274	-37.9413853948292	True			
qwen35	natugu	natugu	ge	chain_gloss	matched_qwen35_natugu_chain_gloss	mtob_qwen35_natugu_ge	raw	CharacTER	0.8085741262874443	0.8528748738520647	0.044300747564620435	5.478872761861258	False			
qwen35	natugu	natugu	ge	chain_gloss	matched_qwen35_natugu_chain_gloss	mtob_qwen35_natugu_ge	extracted	BLEU	2.60642511406873	0.7822774327909896	-1.8241476812777402	-69.98657553717995	True	0.03892961070389296	1.0	False
qwen35	natugu	natugu	ge	chain_gloss	matched_qwen35_natugu_chain_gloss	mtob_qwen35_natugu_ge	extracted	chrF	21.18841665093125	16.83000567814555	-4.358410972785698	-20.569781331887025	True	9.99990000099999e-06	0.0035999640003599965	True
qwen35	natugu	natugu	ge	chain_gloss	matched_qwen35_natugu_chain_gloss	mtob_qwen35_natugu_ge	extracted	rouge1	0.20185522262747546	0.13137943596788898	-0.07047578665958648	-34.91402686649817	True			
qwen35	natugu	natugu	ge	chain_gloss	matched_qwen35_natugu_chain_gloss	mtob_qwen35_natugu_ge	extracted	rouge2	0.04237978921147042	0.030193910906872838	-0.01218587830459758	-28.75398516918385	True			
qwen35	natugu	natugu	ge	chain_gloss	matched_qwen35_natugu_chain_gloss	mtob_qwen35_natugu_ge	extracted	rougeL	0.1809571777817045	0.11898357228821839	-0.061973605493486114	-34.24766359268005	True			
qwen35	natugu	natugu	ge	chain_gloss	matched_qwen35_natugu_chain_gloss	mtob_qwen35_natugu_ge	extracted	CharacTER	0.8085741262874443	0.8387384820074243	0.030164355719979996	3.7305615823349645	False			
qwen35	natugu	natugu	ge	modelgloss	matched_qwen35_natugu_modelgloss	mtob_qwen35_natugu_ge	raw	BLEU	10.04270716348491	0.6073688195930403	-9.43533834389187	-93.95214049652448	True	9.99990000099999e-06	0.0035999640003599965	True
qwen35	natugu	natugu	ge	modelgloss	matched_qwen35_natugu_modelgloss	mtob_qwen35_natugu_ge	raw	chrF	39.25698960661375	15.45414454520195	-23.8028450614118	-60.6333936960914	True	9.99990000099999e-06	0.0035999640003599965	True
qwen35	natugu	natugu	ge	modelgloss	matched_qwen35_natugu_modelgloss	mtob_qwen35_natugu_ge	raw	rouge1	0.4434284782932491	0.1237526137636139	-0.3196758645296352	-72.09186603441975	True			
qwen35	natugu	natugu	ge	modelgloss	matched_qwen35_natugu_modelgloss	mtob_qwen35_natugu_ge	raw	rouge2	0.16778570771940166	0.029798015714915756	-0.1379876920044859	-82.2404326805065	True			
qwen35	natugu	natugu	ge	modelgloss	matched_qwen35_natugu_modelgloss	mtob_qwen35_natugu_ge	raw	rougeL	0.39121843101822285	0.11229951755994176	-0.27891891345828107	-71.29493176799973	True			
qwen35	natugu	natugu	ge	modelgloss	matched_qwen35_natugu_modelgloss	mtob_qwen35_natugu_ge	raw	CharacTER	0.6816377876419837	0.8528748738520647	0.17123708621008105	25.12141922214263	False			
qwen35	natugu	natugu	ge	modelgloss	matched_qwen35_natugu_modelgloss	mtob_qwen35_natugu_ge	extracted	BLEU	10.04270716348491	0.7822774327909896	-9.26042973069392	-92.21049244933343	True	9.99990000099999e-06	0.0035999640003599965	True
qwen35	natugu	natugu	ge	modelgloss	matched_qwen35_natugu_modelgloss	mtob_qwen35_natugu_ge	extracted	chrF	39.25698960661375	16.83000567814555	-22.4269839284682	-57.128639137143246	True	9.99990000099999e-06	0.0035999640003599965	True
qwen35	natugu	natugu	ge	modelgloss	matched_qwen35_natugu_modelgloss	mtob_qwen35_natugu_ge	extracted	rouge1	0.4434284782932491	0.13137943596788898	-0.3120490423253601	-70.37189932555373	True			
qwen35	natugu	natugu	ge	modelgloss	matched_qwen35_natugu_modelgloss	mtob_qwen35_natugu_ge	extracted	rouge2	0.16778570771940166	0.030193910906872838	-0.1375917968125288	-82.00447981101705	True			
qwen35	natugu	natugu	ge	modelgloss	matched_qwen35_natugu_modelgloss	mtob_qwen35_natugu_ge	extracted	rougeL	0.39121843101822285	0.11898357228821839	-0.27223485873000447	-69.5864093165191	True			
qwen35	natugu	natugu	ge	modelgloss	matched_qwen35_natugu_modelgloss	mtob_qwen35_natugu_ge	extracted	CharacTER	0.6816377876419837	0.8387384820074243	0.1571006943654406	23.04753304667941	False			
qwen35	natugu	natugu	gs	shot	matched_qwen35_natugu_shot	mtob_qwen35_natugu_gs	raw	BLEU	2.5578722298001177	1.8645783347949376	-0.6932938950051801	-27.104320807273353	True	0.16858831411685885	1.0	False
qwen35	natugu	natugu	gs	shot	matched_qwen35_natugu_shot	mtob_qwen35_natugu_gs	raw	chrF	21.45767764428266	18.569581684390503	-2.8880959598921585	-13.459499242042549	True	0.022989770102298978	1.0	False
qwen35	natugu	natugu	gs	shot	matched_qwen35_natugu_shot	mtob_qwen35_natugu_gs	raw	rouge1	0.21232010284982555	0.175824141185803	-0.03649596166402255	-17.189122072833687	True			
qwen35	natugu	natugu	gs	shot	matched_qwen35_natugu_shot	mtob_qwen35_natugu_gs	raw	rouge2	0.04414113344139585	0.06253443710713222	0.01839330366573637	41.66930532075329	True			
qwen35	natugu	natugu	gs	shot	matched_qwen35_natugu_shot	mtob_qwen35_natugu_gs	raw	rougeL	0.1907498536840846	0.1589574183222813	-0.03179243536180329	-16.667082436905652	True			
qwen35	natugu	natugu	gs	shot	matched_qwen35_natugu_shot	mtob_qwen35_natugu_gs	raw	CharacTER	0.8070321549563567	0.8095813799872913	0.0025492250309345765	0.31587651313254494	False			
qwen35	natugu	natugu	gs	shot	matched_qwen35_natugu_shot	mtob_qwen35_natugu_gs	extracted	BLEU	2.5578722298001177	2.0683494185848574	-0.4895228112152603	-19.137891467452757	True	0.22222777772222277	1.0	False
qwen35	natugu	natugu	gs	shot	matched_qwen35_natugu_shot	mtob_qwen35_natugu_gs	extracted	chrF	21.45767764428266	19.405945382528667	-2.051732261753994	-9.56176290727656	True	0.07346926530734693	1.0	False
qwen35	natugu	natugu	gs	shot	matched_qwen35_natugu_shot	mtob_qwen35_natugu_gs	extracted	rouge1	0.21232010284982555	0.18135585699400975	-0.03096424585581581	-14.583756055222375	True			
qwen35	natugu	natugu	gs	shot	matched_qwen35_natugu_shot	mtob_qwen35_natugu_gs	extracted	rouge2	0.04414113344139585	0.06453860577796758	0.02039747233657173	46.20967054154265	True			
qwen35	natugu	natugu	gs	shot	matched_qwen35_natugu_shot	mtob_qwen35_natugu_gs	extracted	rougeL	0.1907498536840846	0.16411533030273678	-0.026634523381347808	-13.96306359713349	True			
qwen35	natugu	natugu	gs	shot	matched_qwen35_natugu_shot	mtob_qwen35_natugu_gs	extracted	CharacTER	0.8070321549563567	0.8019874245925054	-0.005044730363851335	-0.6250965755043736	False			
qwen35	natugu	natugu	gs	chain_gloss	matched_qwen35_natugu_chain_gloss	mtob_qwen35_natugu_gs	raw	BLEU	2.60642511406873	1.8645783347949376	-0.7418467792737922	-28.462232629263642	True	0.18594814051859482	1.0	False
qwen35	natugu	natugu	gs	chain_gloss	matched_qwen35_natugu_chain_gloss	mtob_qwen35_natugu_gs	raw	chrF	21.18841665093125	18.569581684390503	-2.6188349665407458	-12.35974829872739	True	0.037909620903790964	1.0	False
qwen35	natugu	natugu	gs	chain_gloss	matched_qwen35_natugu_chain_gloss	mtob_qwen35_natugu_gs	raw	rouge1	0.20185522262747546	0.175824141185803	-0.02603108144167246	-12.895916738162834	True			
qwen35	natugu	natugu	gs	chain_gloss	matched_qwen35_natugu_chain_gloss	mtob_qwen35_natugu_gs	raw	rouge2	0.04237978921147042	0.06253443710713222	0.0201546478956618	47.55721600004275	True			
qwen35	natugu	natugu	gs	chain_gloss	matched_qwen35_natugu_chain_gloss	mtob_qwen35_natugu_gs	raw	rougeL	0.1809571777817045	0.1589574183222813	-0.0219997594594232	-12.157439527467844	True			
qwen35	natugu	natugu	gs	chain_gloss	matched_qwen35_natugu_chain_gloss	mtob_qwen35_natugu_gs	raw	CharacTER	0.8085741262874443	0.8095813799872913	0.0010072536998469994	0.1245715967281552	False			
qwen35	natugu	natugu	gs	chain_gloss	matched_qwen35_natugu_chain_gloss	mtob_qwen35_natugu_gs	extracted	BLEU	2.60642511406873	2.0683494185848574	-0.5380756954838724	-20.644203149344104	True	0.2791772082279177	1.0	False
qwen35	natugu	natugu	gs	chain_gloss	matched_qwen35_natugu_chain_gloss	mtob_qwen35_natugu_gs	extracted	chrF	21.18841665093125	19.405945382528667	-1.7824712684025812	-8.412479789159894	True	0.0986090139098609	1.0	False
qwen35	natugu	natugu	gs	chain_gloss	matched_qwen35_natugu_chain_gloss	mtob_qwen35_natugu_gs	extracted	rouge1	0.20185522262747546	0.18135585699400975	-0.020499365633465716	-10.15547944047867	True			
qwen35	natugu	natugu	gs	chain_gloss	matched_qwen35_natugu_chain_gloss	mtob_qwen35_natugu_gs	extracted	rouge2	0.04237978921147042	0.06453860577796758	0.02215881656649716	52.28628310520172	True			
qwen35	natugu	natugu	gs	chain_gloss	matched_qwen35_natugu_chain_gloss	mtob_qwen35_natugu_gs	extracted	rougeL	0.1809571777817045	0.16411533030273678	-0.01684184747896772	-9.307090044963388	True			
qwen35	natugu	natugu	gs	chain_gloss	matched_qwen35_natugu_chain_gloss	mtob_qwen35_natugu_gs	extracted	CharacTER	0.8085741262874443	0.8019874245925054	-0.006586701694938912	-0.814607032404271	False			
qwen35	natugu	natugu	gs	modelgloss	matched_qwen35_natugu_modelgloss	mtob_qwen35_natugu_gs	raw	BLEU	10.04270716348491	1.8645783347949376	-8.178128828689971	-81.4335088692568	True	9.99990000099999e-06	0.0035999640003599965	True
qwen35	natugu	natugu	gs	modelgloss	matched_qwen35_natugu_modelgloss	mtob_qwen35_natugu_gs	raw	chrF	39.25698960661375	18.569581684390503	-20.687407922223247	-52.69738747042889	True	9.99990000099999e-06	0.0035999640003599965	True
qwen35	natugu	natugu	gs	modelgloss	matched_qwen35_natugu_modelgloss	mtob_qwen35_natugu_gs	raw	rouge1	0.4434284782932491	0.175824141185803	-0.26760433710744613	-60.348928904488055	True			
qwen35	natugu	natugu	gs	modelgloss	matched_qwen35_natugu_modelgloss	mtob_qwen35_natugu_gs	raw	rouge2	0.16778570771940166	0.06253443710713222	-0.10525127061226944	-62.72958051247583	True			
qwen35	natugu	natugu	gs	modelgloss	matched_qwen35_natugu_modelgloss	mtob_qwen35_natugu_gs	raw	rougeL	0.39121843101822285	0.1589574183222813	-0.23226101269594154	-59.36862741651425	True			
qwen35	natugu	natugu	gs	modelgloss	matched_qwen35_natugu_modelgloss	mtob_qwen35_natugu_gs	raw	CharacTER	0.6816377876419837	0.8095813799872913	0.1279435923453076	18.77002634902444	False			
qwen35	natugu	natugu	gs	modelgloss	matched_qwen35_natugu_modelgloss	mtob_qwen35_natugu_gs	extracted	BLEU	10.04270716348491	2.0683494185848574	-7.974357744900052	-79.4044635085514	True	9.99990000099999e-06	0.0035999640003599965	True
qwen35	natugu	natugu	gs	modelgloss	matched_qwen35_natugu_modelgloss	mtob_qwen35_natugu_gs	extracted	chrF	39.25698960661375	19.405945382528667	-19.851044224085083	-50.56690393993103	True	9.99990000099999e-06	0.0035999640003599965	True
qwen35	natugu	natugu	gs	modelgloss	matched_qwen35_natugu_modelgloss	mtob_qwen35_natugu_gs	extracted	rouge1	0.4434284782932491	0.18135585699400975	-0.26207262129923936	-59.101441185724866	True			
qwen35	natugu	natugu	gs	modelgloss	matched_qwen35_natugu_modelgloss	mtob_qwen35_natugu_gs	extracted	rouge2	0.16778570771940166	0.06453860577796758	-0.10324710194143408	-61.535099350714994	True			
qwen35	natugu	natugu	gs	modelgloss	matched_qwen35_natugu_modelgloss	mtob_qwen35_natugu_gs	extracted	rougeL	0.39121843101822285	0.16411533030273678	-0.22710310071548606	-58.05020487516542	True			
qwen35	natugu	natugu	gs	modelgloss	matched_qwen35_natugu_modelgloss	mtob_qwen35_natugu_gs	extracted	CharacTER	0.6816377876419837	0.8019874245925054	0.1203496369505217	17.655951464611714	False			
qwen35	natugu	natugu	gl	shot	matched_qwen35_natugu_shot	mtob_qwen35_natugu_gl	raw	BLEU	2.5578722298001177	1.147979098560147	-1.4098931312399707	-55.11976379485325	True	0.02926970730292697	1.0	False
qwen35	natugu	natugu	gl	shot	matched_qwen35_natugu_shot	mtob_qwen35_natugu_gl	raw	chrF	21.45767764428266	15.722543641416992	-5.735134002865669	-26.72765477206141	True	9.99990000099999e-06	0.0035999640003599965	True
qwen35	natugu	natugu	gl	shot	matched_qwen35_natugu_shot	mtob_qwen35_natugu_gl	raw	rouge1	0.21232010284982555	0.13191598725967174	-0.08040411559015381	-37.86929005353008	True			
qwen35	natugu	natugu	gl	shot	matched_qwen35_natugu_shot	mtob_qwen35_natugu_gl	raw	rouge2	0.04414113344139585	0.06455740704060446	0.020416273599208612	46.25226406185142	True			
qwen35	natugu	natugu	gl	shot	matched_qwen35_natugu_shot	mtob_qwen35_natugu_gl	raw	rougeL	0.1907498536840846	0.11862157002850031	-0.07212828365558428	-37.81302174681688	True			
qwen35	natugu	natugu	gl	shot	matched_qwen35_natugu_shot	mtob_qwen35_natugu_gl	raw	CharacTER	0.8070321549563567	0.8761050759032417	0.069072920946885	8.558880897455737	False			
qwen35	natugu	natugu	gl	shot	matched_qwen35_natugu_shot	mtob_qwen35_natugu_gl	extracted	BLEU	2.5578722298001177	2.3821552087215325	-0.17571702107858522	-6.869655920707049	True	0.3182268177318227	1.0	False
qwen35	natugu	natugu	gl	shot	matched_qwen35_natugu_shot	mtob_qwen35_natugu_gl	extracted	chrF	21.45767764428266	19.84499560300685	-1.6126820412758107	-7.515641105296898	True	0.11103888961110389	1.0	False
qwen35	natugu	natugu	gl	shot	matched_qwen35_natugu_shot	mtob_qwen35_natugu_gl	extracted	rouge1	0.21232010284982555	0.21542535172667918	0.0031052488768536224	1.4625317316514166	True			
qwen35	natugu	natugu	gl	shot	matched_qwen35_natugu_shot	mtob_qwen35_natugu_gl	extracted	rouge2	0.04414113344139585	0.09369750392438927	0.049556370482993425	112.26800632291678	True			
qwen35	natugu	natugu	gl	shot	matched_qwen35_natugu_shot	mtob_qwen35_natugu_gl	extracted	rougeL	0.1907498536840846	0.19742739014775132	0.006677536463666728	3.5006771091556934	True			
qwen35	natugu	natugu	gl	shot	matched_qwen35_natugu_shot	mtob_qwen35_natugu_gl	extracted	CharacTER	0.8070321549563567	0.8295984806777005	0.02256632572134376	2.796211474691999	False			
qwen35	natugu	natugu	gl	chain_gloss	matched_qwen35_natugu_chain_gloss	mtob_qwen35_natugu_gl	raw	BLEU	2.60642511406873	1.147979098560147	-1.4584460155085828	-55.955799675053484	True	0.06374936250637493	1.0	False
qwen35	natugu	natugu	gl	chain_gloss	matched_qwen35_natugu_chain_gloss	mtob_qwen35_natugu_gl	raw	chrF	21.18841665093125	15.722543641416992	-5.465873009514256	-25.796514669131856	True	4.999950000499995e-05	0.008699913000869992	True
qwen35	natugu	natugu	gl	chain_gloss	matched_qwen35_natugu_chain_gloss	mtob_qwen35_natugu_gl	raw	rouge1	0.20185522262747546	0.13191598725967174	-0.06993923536780372	-34.64821690389296	True			
qwen35	natugu	natugu	gl	chain_gloss	matched_qwen35_natugu_chain_gloss	mtob_qwen35_natugu_gl	raw	rouge2	0.04237978921147042	0.06455740704060446	0.022177617829134043	52.33064685260751	True			
qwen35	natugu	natugu	gl	chain_gloss	matched_qwen35_natugu_chain_gloss	mtob_qwen35_natugu_gl	raw	rougeL	0.1809571777817045	0.11862157002850031	-0.062335607753204195	-34.44771217000411	True			
qwen35	natugu	natugu	gl	chain_gloss	matched_qwen35_natugu_chain_gloss	mtob_qwen35_natugu_gl	raw	CharacTER	0.8085741262874443	0.8761050759032417	0.06753094961579742	8.35185636298613	False			
qwen35	natugu	natugu	gl	chain_gloss	matched_qwen35_natugu_chain_gloss	mtob_qwen35_natugu_gl	extracted	BLEU	2.60642511406873	2.3821552087215325	-0.22426990534719726	-8.60450216415784	True	0.4132258677413226	1.0	False
qwen35	natugu	natugu	gl	chain_gloss	matched_qwen35_natugu_chain_gloss	mtob_qwen35_natugu_gl	extracted	chrF	21.18841665093125	19.84499560300685	-1.343421047924398	-6.340356007041958	True	0.14067859321406787	1.0	False
qwen35	natugu	natugu	gl	chain_gloss	matched_qwen35_natugu_chain_gloss	mtob_qwen35_natugu_gl	extracted	rouge1	0.20185522262747546	0.21542535172667918	0.013570129099203715	6.722703986830917	True			
qwen35	natugu	natugu	gl	chain_gloss	matched_qwen35_natugu_chain_gloss	mtob_qwen35_natugu_gl	extracted	rouge2	0.04237978921147042	0.09369750392438927	0.051317714712918856	121.0900659671741	True			
qwen35	natugu	natugu	gl	chain_gloss	matched_qwen35_natugu_chain_gloss	mtob_qwen35_natugu_gl	extracted	rougeL	0.1809571777817045	0.19742739014775132	0.016470212366046816	9.101718189877749	True			
qwen35	natugu	natugu	gl	chain_gloss	matched_qwen35_natugu_chain_gloss	mtob_qwen35_natugu_gl	extracted	CharacTER	0.8085741262874443	0.8295984806777005	0.021024354390256184	2.600176496716409	False			
qwen35	natugu	natugu	gl	modelgloss	matched_qwen35_natugu_modelgloss	mtob_qwen35_natugu_gl	raw	BLEU	10.04270716348491	1.147979098560147	-8.894728064924763	-88.56902745572255	True	9.99990000099999e-06	0.0035999640003599965	True
qwen35	natugu	natugu	gl	modelgloss	matched_qwen35_natugu_modelgloss	mtob_qwen35_natugu_gl	raw	chrF	39.25698960661375	15.722543641416992	-23.53444596519676	-59.949696094964544	True	9.99990000099999e-06	0.0035999640003599965	True
qwen35	natugu	natugu	gl	modelgloss	matched_qwen35_natugu_modelgloss	mtob_qwen35_natugu_gl	raw	rouge1	0.4434284782932491	0.13191598725967174	-0.31151249103357737	-70.25089868665746	True			
qwen35	natugu	natugu	gl	modelgloss	matched_qwen35_natugu_modelgloss	mtob_qwen35_natugu_gl	raw	rouge2	0.16778570771940166	0.06455740704060446	-0.1032283006787972	-61.52389382976065	True			
qwen35	natugu	natugu	gl	modelgloss	matched_qwen35_natugu_modelgloss	mtob_qwen35_natugu_gl	raw	rougeL	0.39121843101822285	0.11862157002850031	-0.2725968609897225	-69.67894132191974	True			
qwen35	natugu	natugu	gl	modelgloss	matched_qwen35_natugu_modelgloss	mtob_qwen35_natugu_gl	raw	CharacTER	0.6816377876419837	0.8761050759032417	0.19446728826125803	28.529417204698458	False			
qwen35	natugu	natugu	gl	modelgloss	matched_qwen35_natugu_modelgloss	mtob_qwen35_natugu_gl	extracted	BLEU	10.04270716348491	2.3821552087215325	-7.660551954763377	-76.27975037066695	True	9.99990000099999e-06	0.0035999640003599965	True
qwen35	natugu	natugu	gl	modelgloss	matched_qwen35_natugu_modelgloss	mtob_qwen35_natugu_gl	extracted	chrF	39.25698960661375	19.84499560300685	-19.4119940036069	-49.4485038158313	True	9.99990000099999e-06	0.0035999640003599965	True
qwen35	natugu	natugu	gl	modelgloss	matched_qwen35_natugu_modelgloss	mtob_qwen35_natugu_gl	extracted	rouge1	0.4434284782932491	0.21542535172667918	-0.22800312656656993	-51.418241661913825	True			
qwen35	natugu	natugu	gl	modelgloss	matched_qwen35_natugu_modelgloss	mtob_qwen35_natugu_gl	extracted	rouge2	0.16778570771940166	0.09369750392438927	-0.07408820379501238	-44.156445028628205	True			
qwen35	natugu	natugu	gl	modelgloss	matched_qwen35_natugu_modelgloss	mtob_qwen35_natugu_gl	extracted	rougeL	0.39121843101822285	0.19742739014775132	-0.19379104087047153	-49.53525332794068	True			
qwen35	natugu	natugu	gl	modelgloss	matched_qwen35_natugu_modelgloss	mtob_qwen35_natugu_gl	extracted	CharacTER	0.6816377876419837	0.8295984806777005	0.1479606930357168	21.706644748608056	False			
qwen35	lezgi	lezgi	ge	shot	matched_qwen35_lezgi_shot	mtob_qwen35_lezgi_ge	raw	BLEU	4.968461604735183	1.238411002983807	-3.730050601751376	-75.07455825353381	True	0.02052979470205298	1.0	False
qwen35	lezgi	lezgi	ge	shot	matched_qwen35_lezgi_shot	mtob_qwen35_lezgi_ge	raw	chrF	28.475645211631235	22.188599574118676	-6.287045637512559	-22.078676675408698	True	0.0015099849001509985	0.2053579464205358	False
qwen35	lezgi	lezgi	ge	shot	matched_qwen35_lezgi_shot	mtob_qwen35_lezgi_ge	raw	rouge1	0.29351279116696344	0.19533824735631358	-0.09817454381064986	-33.448131313229105	True			
qwen35	lezgi	lezgi	ge	shot	matched_qwen35_lezgi_shot	mtob_qwen35_lezgi_ge	raw	rouge2	0.09190905906678691	0.05164330850006034	-0.04026575056672657	-43.810426279597685	True			
qwen35	lezgi	lezgi	ge	shot	matched_qwen35_lezgi_shot	mtob_qwen35_lezgi_ge	raw	rougeL	0.25495890192140735	0.16608500101647422	-0.08887390090493313	-34.85812820621932	True			
qwen35	lezgi	lezgi	ge	shot	matched_qwen35_lezgi_shot	mtob_qwen35_lezgi_ge	raw	CharacTER	0.7355596260019247	0.7579433977936	0.022383771791675278	3.0430941286623456	False			
qwen35	lezgi	lezgi	ge	shot	matched_qwen35_lezgi_shot	mtob_qwen35_lezgi_ge	extracted	BLEU	4.968461604735183	1.3903621743172283	-3.578099430417955	-72.01624396187049	True	0.022869771302286977	1.0	False
qwen35	lezgi	lezgi	ge	shot	matched_qwen35_lezgi_shot	mtob_qwen35_lezgi_ge	extracted	chrF	28.475645211631235	22.959827096817204	-5.5158181148140315	-19.370300738825847	True	0.003939960600393996	0.4637353626463735	False
qwen35	lezgi	lezgi	ge	shot	matched_qwen35_lezgi_shot	mtob_qwen35_lezgi_ge	extracted	rouge1	0.29351279116696344	0.19595566879735524	-0.0975571223696082	-33.23777542427896	True			
qwen35	lezgi	lezgi	ge	shot	matched_qwen35_lezgi_shot	mtob_qwen35_lezgi_ge	extracted	rouge2	0.09190905906678691	0.05164330850006034	-0.04026575056672657	-43.810426279597685	True			
qwen35	lezgi	lezgi	ge	shot	matched_qwen35_lezgi_shot	mtob_qwen35_lezgi_ge	extracted	rougeL	0.25495890192140735	0.16623922122231258	-0.08871968069909478	-34.79763994529721	True			
qwen35	lezgi	lezgi	ge	shot	matched_qwen35_lezgi_shot	mtob_qwen35_lezgi_ge	extracted	CharacTER	0.7355596260019247	0.756293016338516	0.020733390336591273	2.818723269150314	False			
qwen35	lezgi	lezgi	ge	chain_gloss	matched_qwen35_lezgi_chain_gloss	mtob_qwen35_lezgi_ge	raw	BLEU	7.0270146739771135	1.238411002983807	-5.788603670993306	-82.37642782261479	True	0.03316966830331697	1.0	False
qwen35	lezgi	lezgi	ge	chain_gloss	matched_qwen35_lezgi_chain_gloss	mtob_qwen35_lezgi_ge	raw	chrF	29.529384297349853	22.188599574118676	-7.340784723231177	-24.859254257766505	True	0.0012199878001219987	0.16713832861671382	False
qwen35	lezgi	lezgi	ge	chain_gloss	matched_qwen35_lezgi_chain_gloss	mtob_qwen35_lezgi_ge	raw	rouge1	0.281546786394466	0.19533824735631358	-0.08620853903815243	-30.619613934207177	True			
qwen35	lezgi	lezgi	ge	chain_gloss	matched_qwen35_lezgi_chain_gloss	mtob_qwen35_lezgi_ge	raw	rouge2	0.10538881187192205	0.05164330850006034	-0.05374550337186171	-50.997352012259206	True			
qwen35	lezgi	lezgi	ge	chain_gloss	matched_qwen35_lezgi_chain_gloss	mtob_qwen35_lezgi_ge	raw	rougeL	0.2484645547235938	0.16608500101647422	-0.08237955370711958	-33.15545503010009	True			
qwen35	lezgi	lezgi	ge	chain_gloss	matched_qwen35_lezgi_chain_gloss	mtob_qwen35_lezgi_ge	raw	CharacTER	0.737704846458813	0.7579433977936	0.020238551334787025	2.743448336002896	False			
qwen35	lezgi	lezgi	ge	chain_gloss	matched_qwen35_lezgi_chain_gloss	mtob_qwen35_lezgi_ge	extracted	BLEU	7.0270146739771135	1.3903621743172283	-5.636652499659885	-80.21404196769211	True	0.03550964490355096	1.0	False
qwen35	lezgi	lezgi	ge	chain_gloss	matched_qwen35_lezgi_chain_gloss	mtob_qwen35_lezgi_ge	extracted	chrF	29.529384297349853	22.959827096817204	-6.56955720053265	-22.247525157922922	True	0.0027999720002799973	0.36119638803611964	False
qwen35	lezgi	lezgi	ge	chain_gloss	matched_qwen35_lezgi_chain_gloss	mtob_qwen35_lezgi_ge	extracted	rouge1	0.281546786394466	0.19595566879735524	-0.08559111759711077	-30.400317720974396	True			
qwen35	lezgi	lezgi	ge	chain_gloss	matched_qwen35_lezgi_chain_gloss	mtob_qwen35_lezgi_ge	extracted	rouge2	0.10538881187192205	0.05164330850006034	-0.05374550337186171	-50.997352012259206	True			
qwen35	lezgi	lezgi	ge	chain_gloss	matched_qwen35_lezgi_chain_gloss	mtob_qwen35_lezgi_ge	extracted	rougeL	0.2484645547235938	0.16623922122231258	-0.08222533350128122	-33.09338573172072	True			
qwen35	lezgi	lezgi	ge	chain_gloss	matched_qwen35_lezgi_chain_gloss	mtob_qwen35_lezgi_ge	extracted	CharacTER	0.737704846458813	0.756293016338516	0.01858816987970302	2.51972993927468	False			
qwen35	lezgi	lezgi	ge	modelgloss	matched_qwen35_lezgi_modelgloss	mtob_qwen35_lezgi_ge	raw	BLEU	8.902645803970735	1.238411002983807	-7.664234800986928	-86.08940498979018	True	0.00014999850001499985	0.022799772002279978	True
qwen35	lezgi	lezgi	ge	modelgloss	matched_qwen35_lezgi_modelgloss	mtob_qwen35_lezgi_ge	raw	chrF	39.16018080444188	22.188599574118676	-16.971581230323203	-43.33887352327582	True	9.99990000099999e-06	0.0035999640003599965	True
qwen35	lezgi	lezgi	ge	modelgloss	matched_qwen35_lezgi_modelgloss	mtob_qwen35_lezgi_ge	raw	rouge1	0.4094443738674722	0.19533824735631358	-0.2141061265111586	-52.2918716622688	True			
qwen35	lezgi	lezgi	ge	modelgloss	matched_qwen35_lezgi_modelgloss	mtob_qwen35_lezgi_ge	raw	rouge2	0.16967292764926548	0.05164330850006034	-0.11802961914920514	-69.56302386270288	True			
qwen35	lezgi	lezgi	ge	modelgloss	matched_qwen35_lezgi_modelgloss	mtob_qwen35_lezgi_ge	raw	rougeL	0.3555738952717763	0.16608500101647422	-0.18948889425530208	-53.29100273530197	True			
qwen35	lezgi	lezgi	ge	modelgloss	matched_qwen35_lezgi_modelgloss	mtob_qwen35_lezgi_ge	raw	CharacTER	0.6590940750649654	0.7579433977936	0.09884932272863456	14.997756233644067	False			
qwen35	lezgi	lezgi	ge	modelgloss	matched_qwen35_lezgi_modelgloss	mtob_qwen35_lezgi_ge	extracted	BLEU	8.902645803970735	1.3903621743172283	-7.512283629653506	-84.38259586046765	True	0.00013999860001399987	0.02169978300216998	True
qwen35	lezgi	lezgi	ge	modelgloss	matched_qwen35_lezgi_modelgloss	mtob_qwen35_lezgi_ge	extracted	chrF	39.16018080444188	22.959827096817204	-16.200353707624675	-41.36945584732104	True	9.99990000099999e-06	0.0035999640003599965	True
qwen35	lezgi	lezgi	ge	modelgloss	matched_qwen35_lezgi_modelgloss	mtob_qwen35_lezgi_ge	extracted	rouge1	0.4094443738674722	0.19595566879735524	-0.21348870507011694	-52.14107671173383	True			
qwen35	lezgi	lezgi	ge	modelgloss	matched_qwen35_lezgi_modelgloss	mtob_qwen35_lezgi_ge	extracted	rouge2	0.16967292764926548	0.05164330850006034	-0.11802961914920514	-69.56302386270288	True			
qwen35	lezgi	lezgi	ge	modelgloss	matched_qwen35_lezgi_modelgloss	mtob_qwen35_lezgi_ge	extracted	rougeL	0.3555738952717763	0.16623922122231258	-0.18933467404946372	-53.247630539567396	True			
qwen35	lezgi	lezgi	ge	modelgloss	matched_qwen35_lezgi_modelgloss	mtob_qwen35_lezgi_ge	extracted	CharacTER	0.6590940750649654	0.756293016338516	0.09719894127355055	14.747354732929418	False			
qwen35	lezgi	lezgi	gs	shot	matched_qwen35_lezgi_shot	mtob_qwen35_lezgi_gs	raw	BLEU	4.968461604735183	1.9113116844720741	-3.057149920263109	-61.531116942707136	True	0.03185968140318597	1.0	False
qwen35	lezgi	lezgi	gs	shot	matched_qwen35_lezgi_shot	mtob_qwen35_lezgi_gs	raw	chrF	28.475645211631235	23.08166201834401	-5.393983193287227	-18.942444159558452	True	0.001899981000189998	0.25269747302526974	False
qwen35	lezgi	lezgi	gs	shot	matched_qwen35_lezgi_shot	mtob_qwen35_lezgi_gs	raw	rouge1	0.29351279116696344	0.19648637521607906	-0.09702641595088438	-33.05696340017131	True			
qwen35	lezgi	lezgi	gs	shot	matched_qwen35_lezgi_shot	mtob_qwen35_lezgi_gs	raw	rouge2	0.09190905906678691	0.05038094703396199	-0.04152811203282492	-45.18391598661453	True			
qwen35	lezgi	lezgi	gs	shot	matched_qwen35_lezgi_shot	mtob_qwen35_lezgi_gs	raw	rougeL	0.25495890192140735	0.167106232156793	-0.08785266976461437	-34.45758085030327	True			
qwen35	lezgi	lezgi	gs	shot	matched_qwen35_lezgi_shot	mtob_qwen35_lezgi_gs	raw	CharacTER	0.7355596260019247	0.7525921520080524	0.0170325260061277	2.3155873982244826	False			
qwen35	lezgi	lezgi	gs	shot	matched_qwen35_lezgi_shot	mtob_qwen35_lezgi_gs	extracted	BLEU	4.968461604735183	2.0825033471869596	-2.8859582575482237	-58.08555015898214	True	0.03556964430355696	1.0	False
qwen35	lezgi	lezgi	gs	shot	matched_qwen35_lezgi_shot	mtob_qwen35_lezgi_gs	extracted	chrF	28.475645211631235	23.629211592132453	-4.846433619498782	-17.019574388850707	True	0.003929960700392996	0.4637353626463735	False
qwen35	lezgi	lezgi	gs	shot	matched_qwen35_lezgi_shot	mtob_qwen35_lezgi_gs	extracted	rouge1	0.29351279116696344	0.19648637521607906	-0.09702641595088438	-33.05696340017131	True			
qwen35	lezgi	lezgi	gs	shot	matched_qwen35_lezgi_shot	mtob_qwen35_lezgi_gs	extracted	rouge2	0.09190905906678691	0.05038094703396199	-0.04152811203282492	-45.18391598661453	True			
qwen35	lezgi	lezgi	gs	shot	matched_qwen35_lezgi_shot	mtob_qwen35_lezgi_gs	extracted	rougeL	0.25495890192140735	0.167106232156793	-0.08785266976461437	-34.45758085030327	True			
qwen35	lezgi	lezgi	gs	shot	matched_qwen35_lezgi_shot	mtob_qwen35_lezgi_gs	extracted	CharacTER	0.7355596260019247	0.7504654262449267	0.014905800243002032	2.0264570968938727	False			
qwen35	lezgi	lezgi	gs	chain_gloss	matched_qwen35_lezgi_chain_gloss	mtob_qwen35_lezgi_gs	raw	BLEU	7.0270146739771135	1.9113116844720741	-5.115702989505039	-72.80051667530788	True	0.04339956600433996	1.0	False
qwen35	lezgi	lezgi	gs	chain_gloss	matched_qwen35_lezgi_chain_gloss	mtob_qwen35_lezgi_gs	raw	chrF	29.529384297349853	23.08166201834401	-6.447722279005845	-21.834936394473026	True	0.0015399846001539984	0.2078979210207898	False
qwen35	lezgi	lezgi	gs	chain_gloss	matched_qwen35_lezgi_chain_gloss	mtob_qwen35_lezgi_gs	raw	rouge1	0.281546786394466	0.19648637521607906	-0.08506041117838695	-30.2118210147892	True			
qwen35	lezgi	lezgi	gs	chain_gloss	matched_qwen35_lezgi_chain_gloss	mtob_qwen35_lezgi_gs	raw	rouge2	0.10538881187192205	0.05038094703396199	-0.05500786483796006	-52.19516555970909	True			
qwen35	lezgi	lezgi	gs	chain_gloss	matched_qwen35_lezgi_chain_gloss	mtob_qwen35_lezgi_gs	raw	rougeL	0.2484645547235938	0.167106232156793	-0.08135832256680081	-32.744438198562555	True			
qwen35	lezgi	lezgi	gs	chain_gloss	matched_qwen35_lezgi_chain_gloss	mtob_qwen35_lezgi_gs	raw	CharacTER	0.737704846458813	0.7525921520080524	0.014887305549239449	2.0180571702494063	False			
qwen35	lezgi	lezgi	gs	chain_gloss	matched_qwen35_lezgi_chain_gloss	mtob_qwen35_lezgi_gs	extracted	BLEU	7.0270146739771135	2.0825033471869596	-4.944511326790154	-70.36432334631351	True	0.04675953240467595	1.0	False
qwen35	lezgi	lezgi	gs	chain_gloss	matched_qwen35_lezgi_chain_gloss	mtob_qwen35_lezgi_gs	extracted	chrF	29.529384297349853	23.629211592132453	-5.9001727052174004	-19.98068312500142	True	0.0025599744002559976	0.3353566464335357	False
qwen35	lezgi	lezgi	gs	chain_gloss	matched_qwen35_lezgi_chain_gloss	mtob_qwen35_lezgi_gs	extracted	rouge1	0.281546786394466	0.19648637521607906	-0.08506041117838695	-30.2118210147892	True			
qwen35	lezgi	lezgi	gs	chain_gloss	matched_qwen35_lezgi_chain_gloss	mtob_qwen35_lezgi_gs	extracted	rouge2	0.10538881187192205	0.05038094703396199	-0.05500786483796006	-52.19516555970909	True			
qwen35	lezgi	lezgi	gs	chain_gloss	matched_qwen35_lezgi_chain_gloss	mtob_qwen35_lezgi_gs	extracted	rougeL	0.2484645547235938	0.167106232156793	-0.08135832256680081	-32.744438198562555	True			
qwen35	lezgi	lezgi	gs	chain_gloss	matched_qwen35_lezgi_chain_gloss	mtob_qwen35_lezgi_gs	extracted	CharacTER	0.737704846458813	0.7504654262449267	0.01276057978611378	1.729767649944024	False			
qwen35	lezgi	lezgi	gs	modelgloss	matched_qwen35_lezgi_modelgloss	mtob_qwen35_lezgi_gs	raw	BLEU	8.902645803970735	1.9113116844720741	-6.991334119498661	-78.53097015698866	True	0.0002099979000209998	0.03170968290317097	True
qwen35	lezgi	lezgi	gs	modelgloss	matched_qwen35_lezgi_modelgloss	mtob_qwen35_lezgi_gs	raw	chrF	39.16018080444188	23.08166201834401	-16.07851878609787	-41.0583364422927	True	9.99990000099999e-06	0.0035999640003599965	True
qwen35	lezgi	lezgi	gs	modelgloss	matched_qwen35_lezgi_modelgloss	mtob_qwen35_lezgi_gs	raw	rouge1	0.4094443738674722	0.19648637521607906	-0.21295799865139312	-52.01146046772224	True			
qwen35	lezgi	lezgi	gs	modelgloss	matched_qwen35_lezgi_modelgloss	mtob_qwen35_lezgi_gs	raw	rouge2	0.16967292764926548	0.05038094703396199	-0.1192919806153035	-70.30702084771856	True			
qwen35	lezgi	lezgi	gs	modelgloss	matched_qwen35_lezgi_modelgloss	mtob_qwen35_lezgi_gs	raw	rougeL	0.3555738952717763	0.167106232156793	-0.1884676631149833	-53.00379629132548	True			
qwen35	lezgi	lezgi	gs	modelgloss	matched_qwen35_lezgi_modelgloss	mtob_qwen35_lezgi_gs	raw	CharacTER	0.6590940750649654	0.7525921520080524	0.09349807694308698	14.185846980018912	False			
qwen35	lezgi	lezgi	gs	modelgloss	matched_qwen35_lezgi_modelgloss	mtob_qwen35_lezgi_gs	extracted	BLEU	8.902645803970735	2.0825033471869596	-6.820142456783776	-76.60803998000094	True	0.00021999780002199978	0.03277967220327797	True
qwen35	lezgi	lezgi	gs	modelgloss	matched_qwen35_lezgi_modelgloss	mtob_qwen35_lezgi_gs	extracted	chrF	39.16018080444188	23.629211592132453	-15.530969212309426	-39.66010598844777	True	9.99990000099999e-06	0.0035999640003599965	True
qwen35	lezgi	lezgi	gs	modelgloss	matched_qwen35_lezgi_modelgloss	mtob_qwen35_lezgi_gs	extracted	rouge1	0.4094443738674722	0.19648637521607906	-0.21295799865139312	-52.01146046772224	True			
qwen35	lezgi	lezgi	gs	modelgloss	matched_qwen35_lezgi_modelgloss	mtob_qwen35_lezgi_gs	extracted	rouge2	0.16967292764926548	0.05038094703396199	-0.1192919806153035	-70.30702084771856	True			
qwen35	lezgi	lezgi	gs	modelgloss	matched_qwen35_lezgi_modelgloss	mtob_qwen35_lezgi_gs	extracted	rougeL	0.3555738952717763	0.167106232156793	-0.1884676631149833	-53.00379629132548	True			
qwen35	lezgi	lezgi	gs	modelgloss	matched_qwen35_lezgi_modelgloss	mtob_qwen35_lezgi_gs	extracted	CharacTER	0.6590940750649654	0.7504654262449267	0.09137135117996131	13.86317289697302	False			
qwen35	lezgi	lezgi	gl	shot	matched_qwen35_lezgi_shot	mtob_qwen35_lezgi_gl	raw	BLEU	4.968461604735183	0.41861518577281037	-4.549846418962373	-91.57455125800207	True	0.013579864201357986	1.0	False
qwen35	lezgi	lezgi	gl	shot	matched_qwen35_lezgi_shot	mtob_qwen35_lezgi_gl	raw	chrF	28.475645211631235	14.754117090232407	-13.721528121398828	-48.18689100605207	True	9.99990000099999e-06	0.0035999640003599965	True
qwen35	lezgi	lezgi	gl	shot	matched_qwen35_lezgi_shot	mtob_qwen35_lezgi_gl	raw	rouge1	0.29351279116696344	0.1426550329152935	-0.15085775825166994	-51.39733694462916	True			
qwen35	lezgi	lezgi	gl	shot	matched_qwen35_lezgi_shot	mtob_qwen35_lezgi_gl	raw	rouge2	0.09190905906678691	0.0434337126898865	-0.04847534637690041	-52.742729464431974	True			
qwen35	lezgi	lezgi	gl	shot	matched_qwen35_lezgi_shot	mtob_qwen35_lezgi_gl	raw	rougeL	0.25495890192140735	0.12047641819074476	-0.1344824837306626	-52.74673004832663	True			
qwen35	lezgi	lezgi	gl	shot	matched_qwen35_lezgi_shot	mtob_qwen35_lezgi_gl	raw	CharacTER	0.7355596260019247	0.8465913977720279	0.11103177177010315	15.094870333436791	False			
qwen35	lezgi	lezgi	gl	shot	matched_qwen35_lezgi_shot	mtob_qwen35_lezgi_gl	extracted	BLEU	4.968461604735183	0.8380777481127828	-4.130383856622401	-83.13204740650397	True	0.016149838501614985	1.0	False
qwen35	lezgi	lezgi	gl	shot	matched_qwen35_lezgi_shot	mtob_qwen35_lezgi_gl	extracted	chrF	28.475645211631235	20.043608153848734	-8.432037057782502	-29.611399478802085	True	4.999950000499995e-05	0.008699913000869992	True
qwen35	lezgi	lezgi	gl	shot	matched_qwen35_lezgi_shot	mtob_qwen35_lezgi_gl	extracted	rouge1	0.29351279116696344	0.1876015993594202	-0.10591119180754324	-36.08401234796481	True			
qwen35	lezgi	lezgi	gl	shot	matched_qwen35_lezgi_shot	mtob_qwen35_lezgi_gl	extracted	rouge2	0.09190905906678691	0.04429919594552762	-0.04760986312125929	-51.80105596191879	True			
qwen35	lezgi	lezgi	gl	shot	matched_qwen35_lezgi_shot	mtob_qwen35_lezgi_gl	extracted	rougeL	0.25495890192140735	0.15974811200777397	-0.09521078991363338	-37.3435832975868	True			
qwen35	lezgi	lezgi	gl	shot	matched_qwen35_lezgi_shot	mtob_qwen35_lezgi_gl	extracted	CharacTER	0.7355596260019247	0.7887567103735558	0.053197084371631065	7.232191992480547	False			
qwen35	lezgi	lezgi	gl	chain_gloss	matched_qwen35_lezgi_chain_gloss	mtob_qwen35_lezgi_gl	raw	BLEU	7.0270146739771135	0.41861518577281037	-6.608399488204303	-94.04277342236024	True	0.024799752002479976	1.0	False
qwen35	lezgi	lezgi	gl	chain_gloss	matched_qwen35_lezgi_chain_gloss	mtob_qwen35_lezgi_gl	raw	chrF	29.529384297349853	14.754117090232407	-14.775267207117446	-50.03581198421218	True	9.99990000099999e-06	0.0035999640003599965	True
qwen35	lezgi	lezgi	gl	chain_gloss	matched_qwen35_lezgi_chain_gloss	mtob_qwen35_lezgi_gl	raw	rouge1	0.281546786394466	0.1426550329152935	-0.13889175347917251	-49.331677785366665	True			
qwen35	lezgi	lezgi	gl	chain_gloss	matched_qwen35_lezgi_chain_gloss	mtob_qwen35_lezgi_gl	raw	rouge2	0.10538881187192205	0.0434337126898865	-0.061955099182035546	-58.78716922753522	True			
qwen35	lezgi	lezgi	gl	chain_gloss	matched_qwen35_lezgi_chain_gloss	mtob_qwen35_lezgi_gl	raw	rougeL	0.2484645547235938	0.12047641819074476	-0.12798813653284905	-51.511627755206526	True			
qwen35	lezgi	lezgi	gl	chain_gloss	matched_qwen35_lezgi_chain_gloss	mtob_qwen35_lezgi_gl	raw	CharacTER	0.737704846458813	0.8465913977720279	0.1088865513132149	14.76017838786073	False			
qwen35	lezgi	lezgi	gl	chain_gloss	matched_qwen35_lezgi_chain_gloss	mtob_qwen35_lezgi_gl	extracted	BLEU	7.0270146739771135	0.8380777481127828	-6.188936925864331	-88.073488003143	True	0.028129718702812972	1.0	False
qwen35	lezgi	lezgi	gl	chain_gloss	matched_qwen35_lezgi_chain_gloss	mtob_qwen35_lezgi_gl	extracted	chrF	29.529384297349853	20.043608153848734	-9.48577614350112	-32.12317618268943	True	4.999950000499995e-05	0.008699913000869992	True
qwen35	lezgi	lezgi	gl	chain_gloss	matched_qwen35_lezgi_chain_gloss	mtob_qwen35_lezgi_gl	extracted	rouge1	0.281546786394466	0.1876015993594202	-0.09394518703504581	-33.36752240653256	True			
qwen35	lezgi	lezgi	gl	chain_gloss	matched_qwen35_lezgi_chain_gloss	mtob_qwen35_lezgi_gl	extracted	rouge2	0.10538881187192205	0.04429919594552762	-0.061089615926394426	-57.96594044597069	True			
qwen35	lezgi	lezgi	gl	chain_gloss	matched_qwen35_lezgi_chain_gloss	mtob_qwen35_lezgi_gl	extracted	rougeL	0.2484645547235938	0.15974811200777397	-0.08871644271581983	-35.70587475324723	True			
qwen35	lezgi	lezgi	gl	chain_gloss	matched_qwen35_lezgi_chain_gloss	mtob_qwen35_lezgi_gl	extracted	CharacTER	0.737704846458813	0.7887567103735558	0.05105186391474281	6.920364446540627	False			
qwen35	lezgi	lezgi	gl	modelgloss	matched_qwen35_lezgi_modelgloss	mtob_qwen35_lezgi_gl	raw	BLEU	8.902645803970735	0.41861518577281037	-8.484030618197925	-95.2978564463825	True	6.999930000699993e-05	0.01168988310116899	True
qwen35	lezgi	lezgi	gl	modelgloss	matched_qwen35_lezgi_modelgloss	mtob_qwen35_lezgi_gl	raw	chrF	39.16018080444188	14.754117090232407	-24.406063714209473	-62.32367474524308	True	9.99990000099999e-06	0.0035999640003599965	True
qwen35	lezgi	lezgi	gl	modelgloss	matched_qwen35_lezgi_modelgloss	mtob_qwen35_lezgi_gl	raw	rouge1	0.4094443738674722	0.1426550329152935	-0.26678934095217866	-65.15887333660916	True			
qwen35	lezgi	lezgi	gl	modelgloss	matched_qwen35_lezgi_modelgloss	mtob_qwen35_lezgi_gl	raw	rouge2	0.16967292764926548	0.0434337126898865	-0.12623921495937898	-74.40150689232566	True			
qwen35	lezgi	lezgi	gl	modelgloss	matched_qwen35_lezgi_modelgloss	mtob_qwen35_lezgi_gl	raw	rougeL	0.3555738952717763	0.12047641819074476	-0.23509747708103154	-66.1177550453582	True			
qwen35	lezgi	lezgi	gl	modelgloss	matched_qwen35_lezgi_modelgloss	mtob_qwen35_lezgi_gl	raw	CharacTER	0.6590940750649654	0.8465913977720279	0.18749732270706243	28.44773300208794	False			
qwen35	lezgi	lezgi	gl	modelgloss	matched_qwen35_lezgi_modelgloss	mtob_qwen35_lezgi_gl	extracted	BLEU	8.902645803970735	0.8380777481127828	-8.064568055857952	-90.58619463734044	True	0.00013999860001399987	0.02169978300216998	True
qwen35	lezgi	lezgi	gl	modelgloss	matched_qwen35_lezgi_modelgloss	mtob_qwen35_lezgi_gl	extracted	chrF	39.16018080444188	20.043608153848734	-19.116572650593145	-48.816354413830446	True	9.99990000099999e-06	0.0035999640003599965	True
qwen35	lezgi	lezgi	gl	modelgloss	matched_qwen35_lezgi_modelgloss	mtob_qwen35_lezgi_gl	extracted	rouge1	0.4094443738674722	0.1876015993594202	-0.22184277450805198	-54.18141966699912	True			
qwen35	lezgi	lezgi	gl	modelgloss	matched_qwen35_lezgi_modelgloss	mtob_qwen35_lezgi_gl	extracted	rouge2	0.16967292764926548	0.04429919594552762	-0.12537373170373786	-73.89141770624751	True			
qwen35	lezgi	lezgi	gl	modelgloss	matched_qwen35_lezgi_modelgloss	mtob_qwen35_lezgi_gl	extracted	rougeL	0.3555738952717763	0.15974811200777397	-0.19582578326400232	-55.07316084447834	True			
qwen35	lezgi	lezgi	gl	modelgloss	matched_qwen35_lezgi_modelgloss	mtob_qwen35_lezgi_gl	extracted	CharacTER	0.6590940750649654	0.7887567103735558	0.12966263530859035	19.672857064571517	False			
qwen35	tsez	tsez	ge	shot	matched_qwen35_tsez_shot	mtob_qwen35_tsez_ge	raw	BLEU	1.2863421974527691	0.0	-1.2863421974527691	-100.0	True	9.99990000099999e-06	0.0035999640003599965	True
qwen35	tsez	tsez	ge	shot	matched_qwen35_tsez_shot	mtob_qwen35_tsez_ge	raw	chrF	20.575521405397765	18.171724212442697	-2.403797192955068	-11.682800866103241	True	9.99990000099999e-06	0.0035999640003599965	True
qwen35	tsez	tsez	ge	shot	matched_qwen35_tsez_shot	mtob_qwen35_tsez_ge	raw	rouge1	0.18869086530121548	0.12859733223651434	-0.06009353306470114	-31.847611154239612	True			
qwen35	tsez	tsez	ge	shot	matched_qwen35_tsez_shot	mtob_qwen35_tsez_ge	raw	rouge2	0.029478819508414945	0.006791396976549962	-0.02268742253186498	-76.96177428471547	True			
qwen35	tsez	tsez	ge	shot	matched_qwen35_tsez_shot	mtob_qwen35_tsez_ge	raw	rougeL	0.15599445298682968	0.10749519737268842	-0.04849925561414126	-31.090371923824726	True			
qwen35	tsez	tsez	ge	shot	matched_qwen35_tsez_shot	mtob_qwen35_tsez_ge	raw	CharacTER	0.8379502907186893	0.8205591807544089	-0.017391109964280393	-2.0754345641869123	False			
qwen35	tsez	tsez	ge	shot	matched_qwen35_tsez_shot	mtob_qwen35_tsez_ge	extracted	BLEU	1.2863421974527691	0.0	-1.2863421974527691	-100.0	True	9.99990000099999e-06	0.0035999640003599965	True
qwen35	tsez	tsez	ge	shot	matched_qwen35_tsez_shot	mtob_qwen35_tsez_ge	extracted	chrF	20.575521405397765	18.43055597334838	-2.1449654320493856	-10.424841197398173	True	9.99990000099999e-06	0.0035999640003599965	True
qwen35	tsez	tsez	ge	shot	matched_qwen35_tsez_shot	mtob_qwen35_tsez_ge	extracted	rouge1	0.18869086530121548	0.12970389398028812	-0.05898697132092737	-31.26116954668891	True			
qwen35	tsez	tsez	ge	shot	matched_qwen35_tsez_shot	mtob_qwen35_tsez_ge	extracted	rouge2	0.029478819508414945	0.006725189413423226	-0.02275363009499172	-77.18636795647984	True			
qwen35	tsez	tsez	ge	shot	matched_qwen35_tsez_shot	mtob_qwen35_tsez_ge	extracted	rougeL	0.15599445298682968	0.1083993504703559	-0.04759510251647378	-30.510765995308915	True			
qwen35	tsez	tsez	ge	shot	matched_qwen35_tsez_shot	mtob_qwen35_tsez_ge	extracted	CharacTER	0.8379502907186893	0.8179138381184515	-0.020036452600237786	-2.39112663628925	False			
qwen35	tsez	tsez	ge	chain_gloss	matched_qwen35_tsez_chain_gloss	mtob_qwen35_tsez_ge	raw	BLEU	1.286184448585261	0.0	-1.286184448585261	-100.0	True	9.99990000099999e-06	0.0035999640003599965	True
qwen35	tsez	tsez	ge	chain_gloss	matched_qwen35_tsez_chain_gloss	mtob_qwen35_tsez_ge	raw	chrF	21.01798558796135	18.171724212442697	-2.846261375518651	-13.542027439341897	True	9.99990000099999e-06	0.0035999640003599965	True
qwen35	tsez	tsez	ge	chain_gloss	matched_qwen35_tsez_chain_gloss	mtob_qwen35_tsez_ge	raw	rouge1	0.18096428390046296	0.12859733223651434	-0.05236695166394861	-28.937727674899858	True			
qwen35	tsez	tsez	ge	chain_gloss	matched_qwen35_tsez_chain_gloss	mtob_qwen35_tsez_ge	raw	rouge2	0.026195001297304215	0.006791396976549962	-0.019403604320754254	-74.07369100894499	True			
qwen35	tsez	tsez	ge	chain_gloss	matched_qwen35_tsez_chain_gloss	mtob_qwen35_tsez_ge	raw	rougeL	0.1491936804947961	0.10749519737268842	-0.041698483122107666	-27.949228803670486	True			
qwen35	tsez	tsez	ge	chain_gloss	matched_qwen35_tsez_chain_gloss	mtob_qwen35_tsez_ge	raw	CharacTER	0.8040253485940956	0.8205591807544089	0.016533832160313344	2.0563819522884583	False			
qwen35	tsez	tsez	ge	chain_gloss	matched_qwen35_tsez_chain_gloss	mtob_qwen35_tsez_ge	extracted	BLEU	1.286184448585261	0.0	-1.286184448585261	-100.0	True	9.99990000099999e-06	0.0035999640003599965	True
qwen35	tsez	tsez	ge	chain_gloss	matched_qwen35_tsez_chain_gloss	mtob_qwen35_tsez_ge	extracted	chrF	21.01798558796135	18.43055597334838	-2.5874296146129687	-12.310549951537663	True	9.99990000099999e-06	0.0035999640003599965	True
qwen35	tsez	tsez	ge	chain_gloss	matched_qwen35_tsez_chain_gloss	mtob_qwen35_tsez_ge	extracted	rouge1	0.18096428390046296	0.12970389398028812	-0.05126038992017484	-28.326246934102176	True			
qwen35	tsez	tsez	ge	chain_gloss	matched_qwen35_tsez_chain_gloss	mtob_qwen35_tsez_ge	extracted	rouge2	0.026195001297304215	0.006725189413423226	-0.01946981188388099	-74.32643985356347	True			
qwen35	tsez	tsez	ge	chain_gloss	matched_qwen35_tsez_chain_gloss	mtob_qwen35_tsez_ge	extracted	rougeL	0.1491936804947961	0.1083993504703559	-0.04079433002444019	-27.343202399154638	True			
qwen35	tsez	tsez	ge	chain_gloss	matched_qwen35_tsez_chain_gloss	mtob_qwen35_tsez_ge	extracted	CharacTER	0.8040253485940956	0.8179138381184515	0.013888489524355951	1.727369609508098	False			
qwen35	tsez	tsez	ge	modelgloss	matched_qwen35_tsez_modelgloss	mtob_qwen35_tsez_ge	raw	BLEU	10.127504127582768	0.0	-10.127504127582768	-100.0	True	9.99990000099999e-06	0.0035999640003599965	True
qwen35	tsez	tsez	ge	modelgloss	matched_qwen35_tsez_modelgloss	mtob_qwen35_tsez_ge	raw	chrF	40.37228190305444	18.171724212442697	-22.200557690611745	-54.98960337174332	True	9.99990000099999e-06	0.0035999640003599965	True
qwen35	tsez	tsez	ge	modelgloss	matched_qwen35_tsez_modelgloss	mtob_qwen35_tsez_ge	raw	rouge1	0.47258421671019185	0.12859733223651434	-0.34398688447367753	-72.78848347248645	True			
qwen35	tsez	tsez	ge	modelgloss	matched_qwen35_tsez_modelgloss	mtob_qwen35_tsez_ge	raw	rouge2	0.18038326357542356	0.006791396976549962	-0.1735918665988736	-96.23501823731542	True			
qwen35	tsez	tsez	ge	modelgloss	matched_qwen35_tsez_modelgloss	mtob_qwen35_tsez_ge	raw	rougeL	0.3742228701143263	0.10749519737268842	-0.2667276727416379	-71.27508606305962	True			
qwen35	tsez	tsez	ge	modelgloss	matched_qwen35_tsez_modelgloss	mtob_qwen35_tsez_ge	raw	CharacTER	0.6677483330507674	0.8205591807544089	0.1528108477036415	22.884497068751745	False			
qwen35	tsez	tsez	ge	modelgloss	matched_qwen35_tsez_modelgloss	mtob_qwen35_tsez_ge	extracted	BLEU	10.127504127582768	0.0	-10.127504127582768	-100.0	True	9.99990000099999e-06	0.0035999640003599965	True
qwen35	tsez	tsez	ge	modelgloss	matched_qwen35_tsez_modelgloss	mtob_qwen35_tsez_ge	extracted	chrF	40.37228190305444	18.43055597334838	-21.941725929706063	-54.34849083436629	True	9.99990000099999e-06	0.0035999640003599965	True
qwen35	tsez	tsez	ge	modelgloss	matched_qwen35_tsez_modelgloss	mtob_qwen35_tsez_ge	extracted	rouge1	0.47258421671019185	0.12970389398028812	-0.34288032272990376	-72.55433224511857	True			
qwen35	tsez	tsez	ge	modelgloss	matched_qwen35_tsez_modelgloss	mtob_qwen35_tsez_ge	extracted	rouge2	0.18038326357542356	0.006725189413423226	-0.17365807416200033	-96.27172206549459	True			
qwen35	tsez	tsez	ge	modelgloss	matched_qwen35_tsez_modelgloss	mtob_qwen35_tsez_ge	extracted	rougeL	0.3742228701143263	0.1083993504703559	-0.26582351964397044	-71.03347787449775	True			
qwen35	tsez	tsez	ge	modelgloss	matched_qwen35_tsez_modelgloss	mtob_qwen35_tsez_ge	extracted	CharacTER	0.6677483330507674	0.8179138381184515	0.1501655050676841	22.48833844056446	False			
qwen35	tsez	tsez	gs	shot	matched_qwen35_tsez_shot	mtob_qwen35_tsez_gs	raw	BLEU	1.2863421974527691	0.0	-1.2863421974527691	-100.0	True	9.99990000099999e-06	0.0035999640003599965	True
qwen35	tsez	tsez	gs	shot	matched_qwen35_tsez_shot	mtob_qwen35_tsez_gs	raw	chrF	20.575521405397765	17.93424570629986	-2.641275699097907	-12.836980638580545	True	9.99990000099999e-06	0.0035999640003599965	True
qwen35	tsez	tsez	gs	shot	matched_qwen35_tsez_shot	mtob_qwen35_tsez_gs	raw	rouge1	0.18869086530121548	0.1327296008280436	-0.05596126447317187	-29.65764367227765	True			
qwen35	tsez	tsez	gs	shot	matched_qwen35_tsez_shot	mtob_qwen35_tsez_gs	raw	rouge2	0.029478819508414945	0.009708154829117386	-0.01977066467929756	-67.06735550809245	True			
qwen35	tsez	tsez	gs	shot	matched_qwen35_tsez_shot	mtob_qwen35_tsez_gs	raw	rougeL	0.15599445298682968	0.11144409020538092	-0.04455036278144876	-28.55894035232783	True			
qwen35	tsez	tsez	gs	shot	matched_qwen35_tsez_shot	mtob_qwen35_tsez_gs	raw	CharacTER	0.8379502907186893	0.8419702274058606	0.004019936687171266	0.47973450593632055	False			
qwen35	tsez	tsez	gs	shot	matched_qwen35_tsez_shot	mtob_qwen35_tsez_gs	extracted	BLEU	1.2863421974527691	0.0	-1.2863421974527691	-100.0	True	9.99990000099999e-06	0.0035999640003599965	True
qwen35	tsez	tsez	gs	shot	matched_qwen35_tsez_shot	mtob_qwen35_tsez_gs	extracted	chrF	20.575521405397765	18.834700627498393	-1.7408207778993727	-8.46063992061308	True	2.999970000299997e-05	0.005459945400545995	True
qwen35	tsez	tsez	gs	shot	matched_qwen35_tsez_shot	mtob_qwen35_tsez_gs	extracted	rouge1	0.18869086530121548	0.13811797281169344	-0.05057289248952204	-26.801982389974377	True			
qwen35	tsez	tsez	gs	shot	matched_qwen35_tsez_shot	mtob_qwen35_tsez_gs	extracted	rouge2	0.029478819508414945	0.010405218824205326	-0.01907360068420962	-64.70272895006843	True			
qwen35	tsez	tsez	gs	shot	matched_qwen35_tsez_shot	mtob_qwen35_tsez_gs	extracted	rougeL	0.15599445298682968	0.11604590608589095	-0.03994854690093873	-25.60895348266743	True			
qwen35	tsez	tsez	gs	shot	matched_qwen35_tsez_shot	mtob_qwen35_tsez_gs	extracted	CharacTER	0.8379502907186893	0.8350390774912514	-0.0029112132274379254	-0.3474207551072092	False			
qwen35	tsez	tsez	gs	chain_gloss	matched_qwen35_tsez_chain_gloss	mtob_qwen35_tsez_gs	raw	BLEU	1.286184448585261	0.0	-1.286184448585261	-100.0	True	9.99990000099999e-06	0.0035999640003599965	True
qwen35	tsez	tsez	gs	chain_gloss	matched_qwen35_tsez_chain_gloss	mtob_qwen35_tsez_gs	raw	chrF	21.01798558796135	17.93424570629986	-3.08373988166149	-14.671909773445606	True	9.99990000099999e-06	0.0035999640003599965	True
qwen35	tsez	tsez	gs	chain_gloss	matched_qwen35_tsez_chain_gloss	mtob_qwen35_tsez_gs	raw	rouge1	0.18096428390046296	0.1327296008280436	-0.04823468307241935	-26.65425576405464	True			
qwen35	tsez	tsez	gs	chain_gloss	matched_qwen35_tsez_chain_gloss	mtob_qwen35_tsez_gs	raw	rouge2	0.026195001297304215	0.009708154829117386	-0.01648684646818683	-62.938903041335315	True			
qwen35	tsez	tsez	gs	chain_gloss	matched_qwen35_tsez_chain_gloss	mtob_qwen35_tsez_gs	raw	rougeL	0.1491936804947961	0.11144409020538092	-0.03774959028941517	-25.302405681138676	True			
qwen35	tsez	tsez	gs	chain_gloss	matched_qwen35_tsez_chain_gloss	mtob_qwen35_tsez_gs	raw	CharacTER	0.8040253485940956	0.8419702274058606	0.037944878811765004	4.719363497446286	False			
qwen35	tsez	tsez	gs	chain_gloss	matched_qwen35_tsez_chain_gloss	mtob_qwen35_tsez_gs	extracted	BLEU	1.286184448585261	0.0	-1.286184448585261	-100.0	True	9.99990000099999e-06	0.0035999640003599965	True
qwen35	tsez	tsez	gs	chain_gloss	matched_qwen35_tsez_chain_gloss	mtob_qwen35_tsez_gs	extracted	chrF	21.01798558796135	18.834700627498393	-2.183284960462956	-10.387698437254114	True	9.99990000099999e-06	0.0035999640003599965	True
qwen35	tsez	tsez	gs	chain_gloss	matched_qwen35_tsez_chain_gloss	mtob_qwen35_tsez_gs	extracted	rouge1	0.18096428390046296	0.13811797281169344	-0.04284631108876952	-23.67666711091818	True			
qwen35	tsez	tsez	gs	chain_gloss	matched_qwen35_tsez_chain_gloss	mtob_qwen35_tsez_gs	extracted	rouge2	0.026195001297304215	0.010405218824205326	-0.01578978247309889	-60.277845738163215	True			
qwen35	tsez	tsez	gs	chain_gloss	matched_qwen35_tsez_chain_gloss	mtob_qwen35_tsez_gs	extracted	rougeL	0.1491936804947961	0.11604590608589095	-0.03314777440890514	-22.217948038396532	True			
qwen35	tsez	tsez	gs	chain_gloss	matched_qwen35_tsez_chain_gloss	mtob_qwen35_tsez_gs	extracted	CharacTER	0.8040253485940956	0.8350390774912514	0.031013728897155812	3.857307353727823	False			
qwen35	tsez	tsez	gs	modelgloss	matched_qwen35_tsez_modelgloss	mtob_qwen35_tsez_gs	raw	BLEU	10.127504127582768	0.0	-10.127504127582768	-100.0	True	9.99990000099999e-06	0.0035999640003599965	True
qwen35	tsez	tsez	gs	modelgloss	matched_qwen35_tsez_modelgloss	mtob_qwen35_tsez_gs	raw	chrF	40.37228190305444	17.93424570629986	-22.438036196754584	-55.57782503014027	True	9.99990000099999e-06	0.0035999640003599965	True
qwen35	tsez	tsez	gs	modelgloss	matched_qwen35_tsez_modelgloss	mtob_qwen35_tsez_gs	raw	rouge1	0.47258421671019185	0.1327296008280436	-0.33985461588214827	-71.91408512285571	True			
qwen35	tsez	tsez	gs	modelgloss	matched_qwen35_tsez_modelgloss	mtob_qwen35_tsez_gs	raw	rouge2	0.18038326357542356	0.009708154829117386	-0.17067510874630618	-94.61804014591513	True			
qwen35	tsez	tsez	gs	modelgloss	matched_qwen35_tsez_modelgloss	mtob_qwen35_tsez_gs	raw	rougeL	0.3742228701143263	0.11144409020538092	-0.2627787799089454	-70.21986118290035	True			
qwen35	tsez	tsez	gs	modelgloss	matched_qwen35_tsez_modelgloss	mtob_qwen35_tsez_gs	raw	CharacTER	0.6677483330507674	0.8419702274058606	0.17422189435509317	26.090951595359126	False			
qwen35	tsez	tsez	gs	modelgloss	matched_qwen35_tsez_modelgloss	mtob_qwen35_tsez_gs	extracted	BLEU	10.127504127582768	0.0	-10.127504127582768	-100.0	True	9.99990000099999e-06	0.0035999640003599965	True
qwen35	tsez	tsez	gs	modelgloss	matched_qwen35_tsez_modelgloss	mtob_qwen35_tsez_gs	extracted	chrF	40.37228190305444	18.834700627498393	-21.53758127555605	-53.34744597115919	True	9.99990000099999e-06	0.0035999640003599965	True
qwen35	tsez	tsez	gs	modelgloss	matched_qwen35_tsez_modelgloss	mtob_qwen35_tsez_gs	extracted	rouge1	0.47258421671019185	0.13811797281169344	-0.33446624389849844	-70.77389215975593	True			
qwen35	tsez	tsez	gs	modelgloss	matched_qwen35_tsez_modelgloss	mtob_qwen35_tsez_gs	extracted	rouge2	0.18038326357542356	0.010405218824205326	-0.16997804475121822	-94.2316051844496	True			
qwen35	tsez	tsez	gs	modelgloss	matched_qwen35_tsez_modelgloss	mtob_qwen35_tsez_gs	extracted	rougeL	0.3742228701143263	0.11604590608589095	-0.2581769640284354	-68.9901619186346	True			
qwen35	tsez	tsez	gs	modelgloss	matched_qwen35_tsez_modelgloss	mtob_qwen35_tsez_gs	extracted	CharacTER	0.6677483330507674	0.8350390774912514	0.16729074444048397	25.052963243828156	False			
qwen35	tsez	tsez	gl	shot	matched_qwen35_tsez_shot	mtob_qwen35_tsez_gl	raw	BLEU	1.2863421974527691	0.1069094181453426	-1.1794327793074264	-91.68888198202266	True	1.999980000199998e-05	0.0037399626003739965	True
qwen35	tsez	tsez	gl	shot	matched_qwen35_tsez_shot	mtob_qwen35_tsez_gl	raw	chrF	20.575521405397765	14.952743275194125	-5.62277813020364	-27.32751223854072	True	9.99990000099999e-06	0.0035999640003599965	True
qwen35	tsez	tsez	gl	shot	matched_qwen35_tsez_shot	mtob_qwen35_tsez_gl	raw	rouge1	0.18869086530121548	0.10070894220737192	-0.08798192309384356	-46.62754763109182	True			
qwen35	tsez	tsez	gl	shot	matched_qwen35_tsez_shot	mtob_qwen35_tsez_gl	raw	rouge2	0.029478819508414945	0.010227995911147938	-0.019250823597267007	-65.30391622965675	True			
qwen35	tsez	tsez	gl	shot	matched_qwen35_tsez_shot	mtob_qwen35_tsez_gl	raw	rougeL	0.15599445298682968	0.08152340691369099	-0.07447104607313869	-47.73954755905721	True			
qwen35	tsez	tsez	gl	shot	matched_qwen35_tsez_shot	mtob_qwen35_tsez_gl	raw	CharacTER	0.8379502907186893	0.8827361814449619	0.04478589072627259	5.344695410017799	False			
qwen35	tsez	tsez	gl	shot	matched_qwen35_tsez_shot	mtob_qwen35_tsez_gl	extracted	BLEU	1.2863421974527691	0.16685868147867536	-1.1194835159740937	-87.02843754880381	True	4.999950000499995e-05	0.008699913000869992	True
qwen35	tsez	tsez	gl	shot	matched_qwen35_tsez_shot	mtob_qwen35_tsez_gl	extracted	chrF	20.575521405397765	17.410204075065234	-3.165317330332531	-15.383898507194788	True	9.99990000099999e-06	0.0035999640003599965	True
qwen35	tsez	tsez	gl	shot	matched_qwen35_tsez_shot	mtob_qwen35_tsez_gl	extracted	rouge1	0.18869086530121548	0.1353791311538962	-0.053311734147319295	-28.25347907659199	True			
qwen35	tsez	tsez	gl	shot	matched_qwen35_tsez_shot	mtob_qwen35_tsez_gl	extracted	rouge2	0.029478819508414945	0.014139845604424654	-0.015338973903990291	-52.03388113832601	True			
qwen35	tsez	tsez	gl	shot	matched_qwen35_tsez_shot	mtob_qwen35_tsez_gl	extracted	rougeL	0.15599445298682968	0.11065967586772585	-0.04533477711910383	-29.061787936094984	True			
qwen35	tsez	tsez	gl	shot	matched_qwen35_tsez_shot	mtob_qwen35_tsez_gl	extracted	CharacTER	0.8379502907186893	0.8488515089791865	0.01090121826049717	1.3009385379110572	False			
qwen35	tsez	tsez	gl	chain_gloss	matched_qwen35_tsez_chain_gloss	mtob_qwen35_tsez_gl	raw	BLEU	1.286184448585261	0.1069094181453426	-1.1792750304399182	-91.68786263409282	True	1.999980000199998e-05	0.0037399626003739965	True
qwen35	tsez	tsez	gl	chain_gloss	matched_qwen35_tsez_chain_gloss	mtob_qwen35_tsez_gl	raw	chrF	21.01798558796135	14.952743275194125	-6.065242312767223	-28.85739114904172	True	9.99990000099999e-06	0.0035999640003599965	True
qwen35	tsez	tsez	gl	chain_gloss	matched_qwen35_tsez_chain_gloss	mtob_qwen35_tsez_gl	raw	rouge1	0.18096428390046296	0.10070894220737192	-0.08025534169309104	-44.348718964475026	True			
qwen35	tsez	tsez	gl	chain_gloss	matched_qwen35_tsez_chain_gloss	mtob_qwen35_tsez_gl	raw	rouge2	0.026195001297304215	0.010227995911147938	-0.015967005386156276	-60.954398149999236	True			
qwen35	tsez	tsez	gl	chain_gloss	matched_qwen35_tsez_chain_gloss	mtob_qwen35_tsez_gl	raw	rougeL	0.1491936804947961	0.08152340691369099	-0.0676702735811051	-45.357332399521745	True			
qwen35	tsez	tsez	gl	chain_gloss	matched_qwen35_tsez_chain_gloss	mtob_qwen35_tsez_gl	raw	CharacTER	0.8040253485940956	0.8827361814449619	0.07871083285086633	9.789595936060808	False			
qwen35	tsez	tsez	gl	chain_gloss	matched_qwen35_tsez_chain_gloss	mtob_qwen35_tsez_gl	extracted	BLEU	1.286184448585261	0.16685868147867536	-1.1193257671065855	-87.02684660336146	True	3.999960000399996e-05	0.007039929600703994	True
qwen35	tsez	tsez	gl	chain_gloss	matched_qwen35_tsez_chain_gloss	mtob_qwen35_tsez_gl	extracted	chrF	21.01798558796135	17.410204075065234	-3.607781512896114	-17.16521070869215	True	9.99990000099999e-06	0.0035999640003599965	True
qwen35	tsez	tsez	gl	chain_gloss	matched_qwen35_tsez_chain_gloss	mtob_qwen35_tsez_gl	extracted	rouge1	0.18096428390046296	0.1353791311538962	-0.04558515274656677	-25.190137945474525	True			
qwen35	tsez	tsez	gl	chain_gloss	matched_qwen35_tsez_chain_gloss	mtob_qwen35_tsez_gl	extracted	rouge2	0.026195001297304215	0.014139845604424654	-0.01205515569287956	-46.020824950751894	True			
qwen35	tsez	tsez	gl	chain_gloss	matched_qwen35_tsez_chain_gloss	mtob_qwen35_tsez_gl	extracted	rougeL	0.1491936804947961	0.11065967586772585	-0.03853400462707024	-25.82817482568527	True			
qwen35	tsez	tsez	gl	chain_gloss	matched_qwen35_tsez_chain_gloss	mtob_qwen35_tsez_gl	extracted	CharacTER	0.8040253485940956	0.8488515089791865	0.04482616038509091	5.575217306702225	False			
qwen35	tsez	tsez	gl	modelgloss	matched_qwen35_tsez_modelgloss	mtob_qwen35_tsez_gl	raw	BLEU	10.127504127582768	0.1069094181453426	-10.020594709437425	-98.9443655929582	True	9.99990000099999e-06	0.0035999640003599965	True
qwen35	tsez	tsez	gl	modelgloss	matched_qwen35_tsez_modelgloss	mtob_qwen35_tsez_gl	raw	chrF	40.37228190305444	14.952743275194125	-25.41953862786032	-62.962848344564726	True	9.99990000099999e-06	0.0035999640003599965	True
qwen35	tsez	tsez	gl	modelgloss	matched_qwen35_tsez_modelgloss	mtob_qwen35_tsez_gl	raw	rouge1	0.47258421671019185	0.10070894220737192	-0.37187527450281993	-78.68973642233786	True			
qwen35	tsez	tsez	gl	modelgloss	matched_qwen35_tsez_modelgloss	mtob_qwen35_tsez_gl	raw	rouge2	0.18038326357542356	0.010227995911147938	-0.17015526766427563	-94.32985316463613	True			
qwen35	tsez	tsez	gl	modelgloss	matched_qwen35_tsez_modelgloss	mtob_qwen35_tsez_gl	raw	rougeL	0.3742228701143263	0.08152340691369099	-0.29269946320063533	-78.21527933640579	True			
qwen35	tsez	tsez	gl	modelgloss	matched_qwen35_tsez_modelgloss	mtob_qwen35_tsez_gl	raw	CharacTER	0.6677483330507674	0.8827361814449619	0.2149878483941945	32.195939361161905	False			
qwen35	tsez	tsez	gl	modelgloss	matched_qwen35_tsez_modelgloss	mtob_qwen35_tsez_gl	extracted	BLEU	10.127504127582768	0.16685868147867536	-9.960645446104092	-98.35242050384133	True	9.99990000099999e-06	0.0035999640003599965	True
qwen35	tsez	tsez	gl	modelgloss	matched_qwen35_tsez_modelgloss	mtob_qwen35_tsez_gl	extracted	chrF	40.37228190305444	17.410204075065234	-22.96207782798921	-56.875848343494226	True	9.99990000099999e-06	0.0035999640003599965	True
qwen35	tsez	tsez	gl	modelgloss	matched_qwen35_tsez_modelgloss	mtob_qwen35_tsez_gl	extracted	rouge1	0.47258421671019185	0.1353791311538962	-0.3372050855562957	-71.35343789170254	True			
qwen35	tsez	tsez	gl	modelgloss	matched_qwen35_tsez_modelgloss	mtob_qwen35_tsez_gl	extracted	rouge2	0.18038326357542356	0.014139845604424654	-0.1662434179709989	-92.16122087817068	True			
qwen35	tsez	tsez	gl	modelgloss	matched_qwen35_tsez_modelgloss	mtob_qwen35_tsez_gl	extracted	rougeL	0.3742228701143263	0.11065967586772585	-0.26356319424660046	-70.42947272732985	True			
qwen35	tsez	tsez	gl	modelgloss	matched_qwen35_tsez_modelgloss	mtob_qwen35_tsez_gl	extracted	CharacTER	0.6677483330507674	0.8488515089791865	0.18110317592841907	27.12147181274209	False			
