model	source	language	condition	method	left	right	view	num_examples	metric	left_score	right_score	delta_right_minus_left	p_raw	p_sacrebleu	zero_effect_guard	right_bootstrap_mean	right_ci95_halfwidth	signature	scale	p_holm	significant_holm
qwen3	gitksan_pdf1	gitksan	ge	shot	matched_qwen3_gitksan_shot	mtob_qwen3_gitksan_pdf1_ge	raw	37	BLEU	3.0575022964892193	0.0	-3.0575022964892193	0.009459905400945991	0.009459905400945991	False	0.0	0.0	nrefs:1|bs:100000|seed:20260917|case:mixed|eff:no|tok:13a|smooth:none|version:2.6.0	0-100	1.0	False
qwen3	gitksan_pdf1	gitksan	ge	shot	matched_qwen3_gitksan_shot	mtob_qwen3_gitksan_pdf1_ge	raw	37	chrF	24.96354083434935	17.390667309879255	-7.5728735244700935	0.0005099949000509995	0.0005099949000509995	False	17.414457321166992	2.4693222045898438	nrefs:1|bs:100000|seed:20260917|case:mixed|eff:yes|nc:6|nw:0|space:no|version:2.6.0	0-100	0.07241927580724193	False
qwen3	gitksan_pdf1	gitksan	ge	shot	matched_qwen3_gitksan_shot	mtob_qwen3_gitksan_pdf1_ge	extracted	37	BLEU	3.0575022964892193	0.0	-3.0575022964892193	0.009459905400945991	0.009459905400945991	False	0.0	0.0	nrefs:1|bs:100000|seed:20260917|case:mixed|eff:no|tok:13a|smooth:none|version:2.6.0	0-100	1.0	False
qwen3	gitksan_pdf1	gitksan	ge	shot	matched_qwen3_gitksan_shot	mtob_qwen3_gitksan_pdf1_ge	extracted	37	chrF	24.96354083434935	18.588709662714788	-6.374831171634561	0.0034999650003499964	0.0034999650003499964	False	18.634153366088867	3.0119447708129883	nrefs:1|bs:100000|seed:20260917|case:mixed|eff:yes|nc:6|nw:0|space:no|version:2.6.0	0-100	0.41999580004199955	False
qwen3	gitksan_pdf1	gitksan	ge	chain_gloss	matched_qwen3_gitksan_chain_gloss	mtob_qwen3_gitksan_pdf1_ge	raw	37	BLEU	2.392884993035677	0.0	-2.392884993035677	0.034639653603463966	0.034639653603463966	False	0.0	0.0	nrefs:1|bs:100000|seed:20260917|case:mixed|eff:no|tok:13a|smooth:none|version:2.6.0	0-100	1.0	False
qwen3	gitksan_pdf1	gitksan	ge	chain_gloss	matched_qwen3_gitksan_chain_gloss	mtob_qwen3_gitksan_pdf1_ge	raw	37	chrF	26.99811293958759	17.390667309879255	-9.607445629708334	9.99990000099999e-06	9.99990000099999e-06	False	17.414457321166992	2.4693222045898438	nrefs:1|bs:100000|seed:20260917|case:mixed|eff:yes|nc:6|nw:0|space:no|version:2.6.0	0-100	0.0035999640003599965	True
qwen3	gitksan_pdf1	gitksan	ge	chain_gloss	matched_qwen3_gitksan_chain_gloss	mtob_qwen3_gitksan_pdf1_ge	extracted	37	BLEU	2.392884993035677	0.0	-2.392884993035677	0.034639653603463966	0.034639653603463966	False	0.0	0.0	nrefs:1|bs:100000|seed:20260917|case:mixed|eff:no|tok:13a|smooth:none|version:2.6.0	0-100	1.0	False
qwen3	gitksan_pdf1	gitksan	ge	chain_gloss	matched_qwen3_gitksan_chain_gloss	mtob_qwen3_gitksan_pdf1_ge	extracted	37	chrF	26.99811293958759	18.588709662714788	-8.409403276872801	9.99990000099999e-06	9.99990000099999e-06	False	18.634153366088867	3.0119447708129883	nrefs:1|bs:100000|seed:20260917|case:mixed|eff:yes|nc:6|nw:0|space:no|version:2.6.0	0-100	0.0035999640003599965	True
qwen3	gitksan_pdf1	gitksan	ge	modelgloss	matched_qwen3_gitksan_modelgloss	mtob_qwen3_gitksan_pdf1_ge	raw	37	BLEU	14.169956994566911	0.0	-14.169956994566911	9.99990000099999e-06	9.99990000099999e-06	False	0.0	0.0	nrefs:1|bs:100000|seed:20260917|case:mixed|eff:no|tok:13a|smooth:none|version:2.6.0	0-100	0.0035999640003599965	True
qwen3	gitksan_pdf1	gitksan	ge	modelgloss	matched_qwen3_gitksan_modelgloss	mtob_qwen3_gitksan_pdf1_ge	raw	37	chrF	48.74009425848996	17.390667309879255	-31.349426948610706	9.99990000099999e-06	9.99990000099999e-06	False	17.414457321166992	2.4693222045898438	nrefs:1|bs:100000|seed:20260917|case:mixed|eff:yes|nc:6|nw:0|space:no|version:2.6.0	0-100	0.0035999640003599965	True
qwen3	gitksan_pdf1	gitksan	ge	modelgloss	matched_qwen3_gitksan_modelgloss	mtob_qwen3_gitksan_pdf1_ge	extracted	37	BLEU	14.169956994566911	0.0	-14.169956994566911	9.99990000099999e-06	9.99990000099999e-06	False	0.0	0.0	nrefs:1|bs:100000|seed:20260917|case:mixed|eff:no|tok:13a|smooth:none|version:2.6.0	0-100	0.0035999640003599965	True
qwen3	gitksan_pdf1	gitksan	ge	modelgloss	matched_qwen3_gitksan_modelgloss	mtob_qwen3_gitksan_pdf1_ge	extracted	37	chrF	48.74009425848996	18.588709662714788	-30.151384595775173	9.99990000099999e-06	9.99990000099999e-06	False	18.634153366088867	3.0119447708129883	nrefs:1|bs:100000|seed:20260917|case:mixed|eff:yes|nc:6|nw:0|space:no|version:2.6.0	0-100	0.0035999640003599965	True
qwen3	gitksan_pdf1	gitksan	gs	shot	matched_qwen3_gitksan_shot	mtob_qwen3_gitksan_pdf1_gs	raw	37	BLEU	3.0575022964892193	0.0	-3.0575022964892193	0.009459905400945991	0.009459905400945991	False	0.0	0.0	nrefs:1|bs:100000|seed:20260917|case:mixed|eff:no|tok:13a|smooth:none|version:2.6.0	0-100	1.0	False
qwen3	gitksan_pdf1	gitksan	gs	shot	matched_qwen3_gitksan_shot	mtob_qwen3_gitksan_pdf1_gs	raw	37	chrF	24.96354083434935	17.19831510573206	-7.765225728617288	0.0005799942000579994	0.0005799942000579994	False	17.257734298706055	3.072085380554199	nrefs:1|bs:100000|seed:20260917|case:mixed|eff:yes|nc:6|nw:0|space:no|version:2.6.0	0-100	0.08177918220817791	False
qwen3	gitksan_pdf1	gitksan	gs	shot	matched_qwen3_gitksan_shot	mtob_qwen3_gitksan_pdf1_gs	extracted	37	BLEU	3.0575022964892193	0.0	-3.0575022964892193	0.009459905400945991	0.009459905400945991	False	0.0	0.0	nrefs:1|bs:100000|seed:20260917|case:mixed|eff:no|tok:13a|smooth:none|version:2.6.0	0-100	1.0	False
qwen3	gitksan_pdf1	gitksan	gs	shot	matched_qwen3_gitksan_shot	mtob_qwen3_gitksan_pdf1_gs	extracted	37	chrF	24.96354083434935	19.652938760941623	-5.3106020734077255	0.015549844501554985	0.015549844501554985	False	19.74260711669922	3.4479856491088867	nrefs:1|bs:100000|seed:20260917|case:mixed|eff:yes|nc:6|nw:0|space:no|version:2.6.0	0-100	1.0	False
qwen3	gitksan_pdf1	gitksan	gs	chain_gloss	matched_qwen3_gitksan_chain_gloss	mtob_qwen3_gitksan_pdf1_gs	raw	37	BLEU	2.392884993035677	0.0	-2.392884993035677	0.034639653603463966	0.034639653603463966	False	0.0	0.0	nrefs:1|bs:100000|seed:20260917|case:mixed|eff:no|tok:13a|smooth:none|version:2.6.0	0-100	1.0	False
qwen3	gitksan_pdf1	gitksan	gs	chain_gloss	matched_qwen3_gitksan_chain_gloss	mtob_qwen3_gitksan_pdf1_gs	raw	37	chrF	26.99811293958759	17.19831510573206	-9.799797833855528	9.99990000099999e-06	9.99990000099999e-06	False	17.257734298706055	3.072085380554199	nrefs:1|bs:100000|seed:20260917|case:mixed|eff:yes|nc:6|nw:0|space:no|version:2.6.0	0-100	0.0035999640003599965	True
qwen3	gitksan_pdf1	gitksan	gs	chain_gloss	matched_qwen3_gitksan_chain_gloss	mtob_qwen3_gitksan_pdf1_gs	extracted	37	BLEU	2.392884993035677	0.0	-2.392884993035677	0.034639653603463966	0.034639653603463966	False	0.0	0.0	nrefs:1|bs:100000|seed:20260917|case:mixed|eff:no|tok:13a|smooth:none|version:2.6.0	0-100	1.0	False
qwen3	gitksan_pdf1	gitksan	gs	chain_gloss	matched_qwen3_gitksan_chain_gloss	mtob_qwen3_gitksan_pdf1_gs	extracted	37	chrF	26.99811293958759	19.652938760941623	-7.345174178645966	4.999950000499995e-05	4.999950000499995e-05	False	19.74260711669922	3.4479856491088867	nrefs:1|bs:100000|seed:20260917|case:mixed|eff:yes|nc:6|nw:0|space:no|version:2.6.0	0-100	0.008699913000869992	True
qwen3	gitksan_pdf1	gitksan	gs	modelgloss	matched_qwen3_gitksan_modelgloss	mtob_qwen3_gitksan_pdf1_gs	raw	37	BLEU	14.169956994566911	0.0	-14.169956994566911	9.99990000099999e-06	9.99990000099999e-06	False	0.0	0.0	nrefs:1|bs:100000|seed:20260917|case:mixed|eff:no|tok:13a|smooth:none|version:2.6.0	0-100	0.0035999640003599965	True
qwen3	gitksan_pdf1	gitksan	gs	modelgloss	matched_qwen3_gitksan_modelgloss	mtob_qwen3_gitksan_pdf1_gs	raw	37	chrF	48.74009425848996	17.19831510573206	-31.5417791527579	9.99990000099999e-06	9.99990000099999e-06	False	17.257734298706055	3.072085380554199	nrefs:1|bs:100000|seed:20260917|case:mixed|eff:yes|nc:6|nw:0|space:no|version:2.6.0	0-100	0.0035999640003599965	True
qwen3	gitksan_pdf1	gitksan	gs	modelgloss	matched_qwen3_gitksan_modelgloss	mtob_qwen3_gitksan_pdf1_gs	extracted	37	BLEU	14.169956994566911	0.0	-14.169956994566911	9.99990000099999e-06	9.99990000099999e-06	False	0.0	0.0	nrefs:1|bs:100000|seed:20260917|case:mixed|eff:no|tok:13a|smooth:none|version:2.6.0	0-100	0.0035999640003599965	True
qwen3	gitksan_pdf1	gitksan	gs	modelgloss	matched_qwen3_gitksan_modelgloss	mtob_qwen3_gitksan_pdf1_gs	extracted	37	chrF	48.74009425848996	19.652938760941623	-29.087155497548338	9.99990000099999e-06	9.99990000099999e-06	False	19.74260711669922	3.4479856491088867	nrefs:1|bs:100000|seed:20260917|case:mixed|eff:yes|nc:6|nw:0|space:no|version:2.6.0	0-100	0.0035999640003599965	True
qwen3	gitksan_pdf1	gitksan	gl	shot	matched_qwen3_gitksan_shot	mtob_qwen3_gitksan_pdf1_gl	raw	37	BLEU	3.0575022964892193	0.0	-3.0575022964892193	0.009459905400945991	0.009459905400945991	False	0.0	0.0	nrefs:1|bs:100000|seed:20260917|case:mixed|eff:no|tok:13a|smooth:none|version:2.6.0	0-100	1.0	False
qwen3	gitksan_pdf1	gitksan	gl	shot	matched_qwen3_gitksan_shot	mtob_qwen3_gitksan_pdf1_gl	raw	37	chrF	24.96354083434935	19.8402763164793	-5.123264517870048	0.005819941800581994	0.005819941800581994	False	19.949909210205078	3.274280548095703	nrefs:1|bs:100000|seed:20260917|case:mixed|eff:yes|nc:6|nw:0|space:no|version:2.6.0	0-100	0.6634733652663474	False
qwen3	gitksan_pdf1	gitksan	gl	shot	matched_qwen3_gitksan_shot	mtob_qwen3_gitksan_pdf1_gl	extracted	37	BLEU	3.0575022964892193	0.0	-3.0575022964892193	0.009459905400945991	0.009459905400945991	False	0.0	0.0	nrefs:1|bs:100000|seed:20260917|case:mixed|eff:no|tok:13a|smooth:none|version:2.6.0	0-100	1.0	False
qwen3	gitksan_pdf1	gitksan	gl	shot	matched_qwen3_gitksan_shot	mtob_qwen3_gitksan_pdf1_gl	extracted	37	chrF	24.96354083434935	20.098177250908996	-4.865363583440352	0.00980990190098099	0.00980990190098099	False	20.21390724182129	3.4233341217041016	nrefs:1|bs:100000|seed:20260917|case:mixed|eff:yes|nc:6|nw:0|space:no|version:2.6.0	0-100	1.0	False
qwen3	gitksan_pdf1	gitksan	gl	chain_gloss	matched_qwen3_gitksan_chain_gloss	mtob_qwen3_gitksan_pdf1_gl	raw	37	BLEU	2.392884993035677	0.0	-2.392884993035677	0.034639653603463966	0.034639653603463966	False	0.0	0.0	nrefs:1|bs:100000|seed:20260917|case:mixed|eff:no|tok:13a|smooth:none|version:2.6.0	0-100	1.0	False
qwen3	gitksan_pdf1	gitksan	gl	chain_gloss	matched_qwen3_gitksan_chain_gloss	mtob_qwen3_gitksan_pdf1_gl	raw	37	chrF	26.99811293958759	19.8402763164793	-7.157836623108288	7.999920000799993e-05	7.999920000799993e-05	False	19.949909210205078	3.274280548095703	nrefs:1|bs:100000|seed:20260917|case:mixed|eff:yes|nc:6|nw:0|space:no|version:2.6.0	0-100	0.012959870401295988	True
qwen3	gitksan_pdf1	gitksan	gl	chain_gloss	matched_qwen3_gitksan_chain_gloss	mtob_qwen3_gitksan_pdf1_gl	extracted	37	BLEU	2.392884993035677	0.0	-2.392884993035677	0.034639653603463966	0.034639653603463966	False	0.0	0.0	nrefs:1|bs:100000|seed:20260917|case:mixed|eff:no|tok:13a|smooth:none|version:2.6.0	0-100	1.0	False
qwen3	gitksan_pdf1	gitksan	gl	chain_gloss	matched_qwen3_gitksan_chain_gloss	mtob_qwen3_gitksan_pdf1_gl	extracted	37	chrF	26.99811293958759	20.098177250908996	-6.8999356886785925	0.0002099979000209998	0.0002099979000209998	False	20.21390724182129	3.4233341217041016	nrefs:1|bs:100000|seed:20260917|case:mixed|eff:yes|nc:6|nw:0|space:no|version:2.6.0	0-100	0.03170968290317097	True
qwen3	gitksan_pdf1	gitksan	gl	modelgloss	matched_qwen3_gitksan_modelgloss	mtob_qwen3_gitksan_pdf1_gl	raw	37	BLEU	14.169956994566911	0.0	-14.169956994566911	9.99990000099999e-06	9.99990000099999e-06	False	0.0	0.0	nrefs:1|bs:100000|seed:20260917|case:mixed|eff:no|tok:13a|smooth:none|version:2.6.0	0-100	0.0035999640003599965	True
qwen3	gitksan_pdf1	gitksan	gl	modelgloss	matched_qwen3_gitksan_modelgloss	mtob_qwen3_gitksan_pdf1_gl	raw	37	chrF	48.74009425848996	19.8402763164793	-28.89981794201066	9.99990000099999e-06	9.99990000099999e-06	False	19.949909210205078	3.274280548095703	nrefs:1|bs:100000|seed:20260917|case:mixed|eff:yes|nc:6|nw:0|space:no|version:2.6.0	0-100	0.0035999640003599965	True
qwen3	gitksan_pdf1	gitksan	gl	modelgloss	matched_qwen3_gitksan_modelgloss	mtob_qwen3_gitksan_pdf1_gl	extracted	37	BLEU	14.169956994566911	0.0	-14.169956994566911	9.99990000099999e-06	9.99990000099999e-06	False	0.0	0.0	nrefs:1|bs:100000|seed:20260917|case:mixed|eff:no|tok:13a|smooth:none|version:2.6.0	0-100	0.0035999640003599965	True
qwen3	gitksan_pdf1	gitksan	gl	modelgloss	matched_qwen3_gitksan_modelgloss	mtob_qwen3_gitksan_pdf1_gl	extracted	37	chrF	48.74009425848996	20.098177250908996	-28.641917007580965	9.99990000099999e-06	9.99990000099999e-06	False	20.21390724182129	3.4233341217041016	nrefs:1|bs:100000|seed:20260917|case:mixed|eff:yes|nc:6|nw:0|space:no|version:2.6.0	0-100	0.0035999640003599965	True
qwen3	gitksan_pdf2	gitksan	ge	shot	matched_qwen3_gitksan_shot	mtob_qwen3_gitksan_pdf2_ge	raw	37	BLEU	3.0575022964892193	0.0	-3.0575022964892193	0.009459905400945991	0.009459905400945991	False	0.0	0.0	nrefs:1|bs:100000|seed:20260917|case:mixed|eff:no|tok:13a|smooth:none|version:2.6.0	0-100	1.0	False
qwen3	gitksan_pdf2	gitksan	ge	shot	matched_qwen3_gitksan_shot	mtob_qwen3_gitksan_pdf2_ge	raw	37	chrF	24.96354083434935	15.799866266113188	-9.16367456823616	2.999970000299997e-05	2.999970000299997e-05	False	15.825032234191895	2.296729564666748	nrefs:1|bs:100000|seed:20260917|case:mixed|eff:yes|nc:6|nw:0|space:no|version:2.6.0	0-100	0.005459945400545995	True
qwen3	gitksan_pdf2	gitksan	ge	shot	matched_qwen3_gitksan_shot	mtob_qwen3_gitksan_pdf2_ge	extracted	37	BLEU	3.0575022964892193	0.0	-3.0575022964892193	0.009459905400945991	0.009459905400945991	False	0.0	0.0	nrefs:1|bs:100000|seed:20260917|case:mixed|eff:no|tok:13a|smooth:none|version:2.6.0	0-100	1.0	False
qwen3	gitksan_pdf2	gitksan	ge	shot	matched_qwen3_gitksan_shot	mtob_qwen3_gitksan_pdf2_ge	extracted	37	chrF	24.96354083434935	17.624044761683976	-7.339496072665373	0.00034999650003499967	0.00034999650003499967	False	17.66901397705078	2.6380977630615234	nrefs:1|bs:100000|seed:20260917|case:mixed|eff:yes|nc:6|nw:0|space:no|version:2.6.0	0-100	0.05004949950500495	False
qwen3	gitksan_pdf2	gitksan	ge	chain_gloss	matched_qwen3_gitksan_chain_gloss	mtob_qwen3_gitksan_pdf2_ge	raw	37	BLEU	2.392884993035677	0.0	-2.392884993035677	0.034639653603463966	0.034639653603463966	False	0.0	0.0	nrefs:1|bs:100000|seed:20260917|case:mixed|eff:no|tok:13a|smooth:none|version:2.6.0	0-100	1.0	False
qwen3	gitksan_pdf2	gitksan	ge	chain_gloss	matched_qwen3_gitksan_chain_gloss	mtob_qwen3_gitksan_pdf2_ge	raw	37	chrF	26.99811293958759	15.799866266113188	-11.1982466734744	9.99990000099999e-06	9.99990000099999e-06	False	15.825032234191895	2.296729564666748	nrefs:1|bs:100000|seed:20260917|case:mixed|eff:yes|nc:6|nw:0|space:no|version:2.6.0	0-100	0.0035999640003599965	True
qwen3	gitksan_pdf2	gitksan	ge	chain_gloss	matched_qwen3_gitksan_chain_gloss	mtob_qwen3_gitksan_pdf2_ge	extracted	37	BLEU	2.392884993035677	0.0	-2.392884993035677	0.034639653603463966	0.034639653603463966	False	0.0	0.0	nrefs:1|bs:100000|seed:20260917|case:mixed|eff:no|tok:13a|smooth:none|version:2.6.0	0-100	1.0	False
qwen3	gitksan_pdf2	gitksan	ge	chain_gloss	matched_qwen3_gitksan_chain_gloss	mtob_qwen3_gitksan_pdf2_ge	extracted	37	chrF	26.99811293958759	17.624044761683976	-9.374068177903613	9.99990000099999e-06	9.99990000099999e-06	False	17.66901397705078	2.6380977630615234	nrefs:1|bs:100000|seed:20260917|case:mixed|eff:yes|nc:6|nw:0|space:no|version:2.6.0	0-100	0.0035999640003599965	True
qwen3	gitksan_pdf2	gitksan	ge	modelgloss	matched_qwen3_gitksan_modelgloss	mtob_qwen3_gitksan_pdf2_ge	raw	37	BLEU	14.169956994566911	0.0	-14.169956994566911	9.99990000099999e-06	9.99990000099999e-06	False	0.0	0.0	nrefs:1|bs:100000|seed:20260917|case:mixed|eff:no|tok:13a|smooth:none|version:2.6.0	0-100	0.0035999640003599965	True
qwen3	gitksan_pdf2	gitksan	ge	modelgloss	matched_qwen3_gitksan_modelgloss	mtob_qwen3_gitksan_pdf2_ge	raw	37	chrF	48.74009425848996	15.799866266113188	-32.94022799237678	9.99990000099999e-06	9.99990000099999e-06	False	15.825032234191895	2.296729564666748	nrefs:1|bs:100000|seed:20260917|case:mixed|eff:yes|nc:6|nw:0|space:no|version:2.6.0	0-100	0.0035999640003599965	True
qwen3	gitksan_pdf2	gitksan	ge	modelgloss	matched_qwen3_gitksan_modelgloss	mtob_qwen3_gitksan_pdf2_ge	extracted	37	BLEU	14.169956994566911	0.0	-14.169956994566911	9.99990000099999e-06	9.99990000099999e-06	False	0.0	0.0	nrefs:1|bs:100000|seed:20260917|case:mixed|eff:no|tok:13a|smooth:none|version:2.6.0	0-100	0.0035999640003599965	True
qwen3	gitksan_pdf2	gitksan	ge	modelgloss	matched_qwen3_gitksan_modelgloss	mtob_qwen3_gitksan_pdf2_ge	extracted	37	chrF	48.74009425848996	17.624044761683976	-31.116049496805985	9.99990000099999e-06	9.99990000099999e-06	False	17.66901397705078	2.6380977630615234	nrefs:1|bs:100000|seed:20260917|case:mixed|eff:yes|nc:6|nw:0|space:no|version:2.6.0	0-100	0.0035999640003599965	True
qwen3	gitksan_pdf2	gitksan	gs	shot	matched_qwen3_gitksan_shot	mtob_qwen3_gitksan_pdf2_gs	raw	37	BLEU	3.0575022964892193	0.2777702691513898	-2.7797320273378294	0.016119838801611983	0.016119838801611983	False	0.21076669262091596	0.25927006871546554	nrefs:1|bs:100000|seed:20260917|case:mixed|eff:no|tok:13a|smooth:none|version:2.6.0	0-100	1.0	False
qwen3	gitksan_pdf2	gitksan	gs	shot	matched_qwen3_gitksan_shot	mtob_qwen3_gitksan_pdf2_gs	raw	37	chrF	24.96354083434935	14.691532360975929	-10.27200847337342	9.99990000099999e-06	9.99990000099999e-06	False	14.699861526489258	1.9669404029846191	nrefs:1|bs:100000|seed:20260917|case:mixed|eff:yes|nc:6|nw:0|space:no|version:2.6.0	0-100	0.0035999640003599965	True
qwen3	gitksan_pdf2	gitksan	gs	shot	matched_qwen3_gitksan_shot	mtob_qwen3_gitksan_pdf2_gs	extracted	37	BLEU	3.0575022964892193	0.3550318343138434	-2.702470462175376	0.01866981330186698	0.01866981330186698	False	0.27141791746803046	0.342578146947618	nrefs:1|bs:100000|seed:20260917|case:mixed|eff:no|tok:13a|smooth:none|version:2.6.0	0-100	1.0	False
qwen3	gitksan_pdf2	gitksan	gs	shot	matched_qwen3_gitksan_shot	mtob_qwen3_gitksan_pdf2_gs	extracted	37	chrF	24.96354083434935	16.63395860718397	-8.329582227165378	9.99990000099999e-05	9.99990000099999e-05	False	16.6771183013916	2.590640068054199	nrefs:1|bs:100000|seed:20260917|case:mixed|eff:yes|nc:6|nw:0|space:no|version:2.6.0	0-100	0.015799842001579984	True
qwen3	gitksan_pdf2	gitksan	gs	chain_gloss	matched_qwen3_gitksan_chain_gloss	mtob_qwen3_gitksan_pdf2_gs	raw	37	BLEU	2.392884993035677	0.2777702691513898	-2.115114723884287	0.04592954070459295	0.04592954070459295	False	0.21076669262091596	0.25927006871546554	nrefs:1|bs:100000|seed:20260917|case:mixed|eff:no|tok:13a|smooth:none|version:2.6.0	0-100	1.0	False
qwen3	gitksan_pdf2	gitksan	gs	chain_gloss	matched_qwen3_gitksan_chain_gloss	mtob_qwen3_gitksan_pdf2_gs	raw	37	chrF	26.99811293958759	14.691532360975929	-12.30658057861166	9.99990000099999e-06	9.99990000099999e-06	False	14.699861526489258	1.9669404029846191	nrefs:1|bs:100000|seed:20260917|case:mixed|eff:yes|nc:6|nw:0|space:no|version:2.6.0	0-100	0.0035999640003599965	True
qwen3	gitksan_pdf2	gitksan	gs	chain_gloss	matched_qwen3_gitksan_chain_gloss	mtob_qwen3_gitksan_pdf2_gs	extracted	37	BLEU	2.392884993035677	0.3550318343138434	-2.0378531587218336	0.05051949480505195	0.05051949480505195	False	0.27141791746803046	0.342578146947618	nrefs:1|bs:100000|seed:20260917|case:mixed|eff:no|tok:13a|smooth:none|version:2.6.0	0-100	1.0	False
qwen3	gitksan_pdf2	gitksan	gs	chain_gloss	matched_qwen3_gitksan_chain_gloss	mtob_qwen3_gitksan_pdf2_gs	extracted	37	chrF	26.99811293958759	16.63395860718397	-10.364154332403618	9.99990000099999e-06	9.99990000099999e-06	False	16.6771183013916	2.590640068054199	nrefs:1|bs:100000|seed:20260917|case:mixed|eff:yes|nc:6|nw:0|space:no|version:2.6.0	0-100	0.0035999640003599965	True
qwen3	gitksan_pdf2	gitksan	gs	modelgloss	matched_qwen3_gitksan_modelgloss	mtob_qwen3_gitksan_pdf2_gs	raw	37	BLEU	14.169956994566911	0.2777702691513898	-13.892186725415522	9.99990000099999e-06	9.99990000099999e-06	False	0.21076669262091596	0.25927006871546554	nrefs:1|bs:100000|seed:20260917|case:mixed|eff:no|tok:13a|smooth:none|version:2.6.0	0-100	0.0035999640003599965	True
qwen3	gitksan_pdf2	gitksan	gs	modelgloss	matched_qwen3_gitksan_modelgloss	mtob_qwen3_gitksan_pdf2_gs	raw	37	chrF	48.74009425848996	14.691532360975929	-34.048561897514034	9.99990000099999e-06	9.99990000099999e-06	False	14.699861526489258	1.9669404029846191	nrefs:1|bs:100000|seed:20260917|case:mixed|eff:yes|nc:6|nw:0|space:no|version:2.6.0	0-100	0.0035999640003599965	True
qwen3	gitksan_pdf2	gitksan	gs	modelgloss	matched_qwen3_gitksan_modelgloss	mtob_qwen3_gitksan_pdf2_gs	extracted	37	BLEU	14.169956994566911	0.3550318343138434	-13.814925160253068	9.99990000099999e-06	9.99990000099999e-06	False	0.27141791746803046	0.342578146947618	nrefs:1|bs:100000|seed:20260917|case:mixed|eff:no|tok:13a|smooth:none|version:2.6.0	0-100	0.0035999640003599965	True
qwen3	gitksan_pdf2	gitksan	gs	modelgloss	matched_qwen3_gitksan_modelgloss	mtob_qwen3_gitksan_pdf2_gs	extracted	37	chrF	48.74009425848996	16.63395860718397	-32.10613565130599	9.99990000099999e-06	9.99990000099999e-06	False	16.6771183013916	2.590640068054199	nrefs:1|bs:100000|seed:20260917|case:mixed|eff:yes|nc:6|nw:0|space:no|version:2.6.0	0-100	0.0035999640003599965	True
qwen3	gitksan_pdf2	gitksan	gl	shot	matched_qwen3_gitksan_shot	mtob_qwen3_gitksan_pdf2_gl	raw	37	BLEU	3.0575022964892193	0.0	-3.0575022964892193	0.009459905400945991	0.009459905400945991	False	0.0	0.0	nrefs:1|bs:100000|seed:20260917|case:mixed|eff:no|tok:13a|smooth:none|version:2.6.0	0-100	1.0	False
qwen3	gitksan_pdf2	gitksan	gl	shot	matched_qwen3_gitksan_shot	mtob_qwen3_gitksan_pdf2_gl	raw	37	chrF	24.96354083434935	20.2252992085683	-4.7382416257810505	0.018509814901850982	0.018509814901850982	False	20.368701934814453	4.3854780197143555	nrefs:1|bs:100000|seed:20260917|case:mixed|eff:yes|nc:6|nw:0|space:no|version:2.6.0	0-100	1.0	False
qwen3	gitksan_pdf2	gitksan	gl	shot	matched_qwen3_gitksan_shot	mtob_qwen3_gitksan_pdf2_gl	extracted	37	BLEU	3.0575022964892193	0.0	-3.0575022964892193	0.009459905400945991	0.009459905400945991	False	0.0	0.0	nrefs:1|bs:100000|seed:20260917|case:mixed|eff:no|tok:13a|smooth:none|version:2.6.0	0-100	1.0	False
qwen3	gitksan_pdf2	gitksan	gl	shot	matched_qwen3_gitksan_shot	mtob_qwen3_gitksan_pdf2_gl	extracted	37	chrF	24.96354083434935	20.2252992085683	-4.7382416257810505	0.018509814901850982	0.018509814901850982	False	20.368701934814453	4.3854780197143555	nrefs:1|bs:100000|seed:20260917|case:mixed|eff:yes|nc:6|nw:0|space:no|version:2.6.0	0-100	1.0	False
qwen3	gitksan_pdf2	gitksan	gl	chain_gloss	matched_qwen3_gitksan_chain_gloss	mtob_qwen3_gitksan_pdf2_gl	raw	37	BLEU	2.392884993035677	0.0	-2.392884993035677	0.034639653603463966	0.034639653603463966	False	0.0	0.0	nrefs:1|bs:100000|seed:20260917|case:mixed|eff:no|tok:13a|smooth:none|version:2.6.0	0-100	1.0	False
qwen3	gitksan_pdf2	gitksan	gl	chain_gloss	matched_qwen3_gitksan_chain_gloss	mtob_qwen3_gitksan_pdf2_gl	raw	37	chrF	26.99811293958759	20.2252992085683	-6.772813731019291	1.999980000199998e-05	1.999980000199998e-05	False	20.368701934814453	4.3854780197143555	nrefs:1|bs:100000|seed:20260917|case:mixed|eff:yes|nc:6|nw:0|space:no|version:2.6.0	0-100	0.0037399626003739965	True
qwen3	gitksan_pdf2	gitksan	gl	chain_gloss	matched_qwen3_gitksan_chain_gloss	mtob_qwen3_gitksan_pdf2_gl	extracted	37	BLEU	2.392884993035677	0.0	-2.392884993035677	0.034639653603463966	0.034639653603463966	False	0.0	0.0	nrefs:1|bs:100000|seed:20260917|case:mixed|eff:no|tok:13a|smooth:none|version:2.6.0	0-100	1.0	False
qwen3	gitksan_pdf2	gitksan	gl	chain_gloss	matched_qwen3_gitksan_chain_gloss	mtob_qwen3_gitksan_pdf2_gl	extracted	37	chrF	26.99811293958759	20.2252992085683	-6.772813731019291	1.999980000199998e-05	1.999980000199998e-05	False	20.368701934814453	4.3854780197143555	nrefs:1|bs:100000|seed:20260917|case:mixed|eff:yes|nc:6|nw:0|space:no|version:2.6.0	0-100	0.0037399626003739965	True
qwen3	gitksan_pdf2	gitksan	gl	modelgloss	matched_qwen3_gitksan_modelgloss	mtob_qwen3_gitksan_pdf2_gl	raw	37	BLEU	14.169956994566911	0.0	-14.169956994566911	9.99990000099999e-06	9.99990000099999e-06	False	0.0	0.0	nrefs:1|bs:100000|seed:20260917|case:mixed|eff:no|tok:13a|smooth:none|version:2.6.0	0-100	0.0035999640003599965	True
qwen3	gitksan_pdf2	gitksan	gl	modelgloss	matched_qwen3_gitksan_modelgloss	mtob_qwen3_gitksan_pdf2_gl	raw	37	chrF	48.74009425848996	20.2252992085683	-28.514795049921663	9.99990000099999e-06	9.99990000099999e-06	False	20.368701934814453	4.3854780197143555	nrefs:1|bs:100000|seed:20260917|case:mixed|eff:yes|nc:6|nw:0|space:no|version:2.6.0	0-100	0.0035999640003599965	True
qwen3	gitksan_pdf2	gitksan	gl	modelgloss	matched_qwen3_gitksan_modelgloss	mtob_qwen3_gitksan_pdf2_gl	extracted	37	BLEU	14.169956994566911	0.0	-14.169956994566911	9.99990000099999e-06	9.99990000099999e-06	False	0.0	0.0	nrefs:1|bs:100000|seed:20260917|case:mixed|eff:no|tok:13a|smooth:none|version:2.6.0	0-100	0.0035999640003599965	True
qwen3	gitksan_pdf2	gitksan	gl	modelgloss	matched_qwen3_gitksan_modelgloss	mtob_qwen3_gitksan_pdf2_gl	extracted	37	chrF	48.74009425848996	20.2252992085683	-28.514795049921663	9.99990000099999e-06	9.99990000099999e-06	False	20.368701934814453	4.3854780197143555	nrefs:1|bs:100000|seed:20260917|case:mixed|eff:yes|nc:6|nw:0|space:no|version:2.6.0	0-100	0.0035999640003599965	True
qwen3	natugu	natugu	ge	shot	matched_qwen3_natugu_shot	mtob_qwen3_natugu_ge	raw	99	BLEU	2.0679011099582327	0.4738992111517415	-1.5940018988064912	0.012839871601283987	0.012839871601283987	False	0.45856074849841383	0.43546240810928605	nrefs:1|bs:100000|seed:20260917|case:mixed|eff:no|tok:13a|smooth:none|version:2.6.0	0-100	1.0	False
qwen3	natugu	natugu	ge	shot	matched_qwen3_natugu_shot	mtob_qwen3_natugu_ge	raw	99	chrF	20.148501163439448	14.351306960455965	-5.7971942029834835	9.99990000099999e-06	9.99990000099999e-06	False	14.361802101135254	1.448923110961914	nrefs:1|bs:100000|seed:20260917|case:mixed|eff:yes|nc:6|nw:0|space:no|version:2.6.0	0-100	0.0035999640003599965	True
qwen3	natugu	natugu	ge	shot	matched_qwen3_natugu_shot	mtob_qwen3_natugu_ge	extracted	99	BLEU	2.0679011099582327	0.9160992290330748	-1.151801880925158	0.03079969200307997	0.03079969200307997	False	0.8934698435885601	0.8680538121531296	nrefs:1|bs:100000|seed:20260917|case:mixed|eff:no|tok:13a|smooth:none|version:2.6.0	0-100	1.0	False
qwen3	natugu	natugu	ge	shot	matched_qwen3_natugu_shot	mtob_qwen3_natugu_ge	extracted	99	chrF	20.148501163439448	17.40077524798326	-2.74772591545619	0.006249937500624993	0.006249937500624993	False	17.411760330200195	1.6915397644042969	nrefs:1|bs:100000|seed:20260917|case:mixed|eff:yes|nc:6|nw:0|space:no|version:2.6.0	0-100	0.7062429375706243	False
qwen3	natugu	natugu	ge	chain_gloss	matched_qwen3_natugu_chain_gloss	mtob_qwen3_natugu_ge	raw	99	BLEU	2.618039474503506	0.4738992111517415	-2.1441402633517646	0.025989740102598975	0.025989740102598975	False	0.45856074849841383	0.43546240810928605	nrefs:1|bs:100000|seed:20260917|case:mixed|eff:no|tok:13a|smooth:none|version:2.6.0	0-100	1.0	False
qwen3	natugu	natugu	ge	chain_gloss	matched_qwen3_natugu_chain_gloss	mtob_qwen3_natugu_ge	raw	99	chrF	20.777595395272485	14.351306960455965	-6.42628843481652	9.99990000099999e-06	9.99990000099999e-06	False	14.361802101135254	1.448923110961914	nrefs:1|bs:100000|seed:20260917|case:mixed|eff:yes|nc:6|nw:0|space:no|version:2.6.0	0-100	0.0035999640003599965	True
qwen3	natugu	natugu	ge	chain_gloss	matched_qwen3_natugu_chain_gloss	mtob_qwen3_natugu_ge	extracted	99	BLEU	2.618039474503506	0.9160992290330748	-1.701940245470431	0.03930960690393096	0.03930960690393096	False	0.8934698435885601	0.8680538121531296	nrefs:1|bs:100000|seed:20260917|case:mixed|eff:no|tok:13a|smooth:none|version:2.6.0	0-100	1.0	False
qwen3	natugu	natugu	ge	chain_gloss	matched_qwen3_natugu_chain_gloss	mtob_qwen3_natugu_ge	extracted	99	chrF	20.777595395272485	17.40077524798326	-3.3768201472892265	0.002119978800211998	0.002119978800211998	False	17.411760330200195	1.6915397644042969	nrefs:1|bs:100000|seed:20260917|case:mixed|eff:yes|nc:6|nw:0|space:no|version:2.6.0	0-100	0.27983720162798376	False
qwen3	natugu	natugu	ge	modelgloss	matched_qwen3_natugu_modelgloss	mtob_qwen3_natugu_ge	raw	99	BLEU	10.607232949438517	0.4738992111517415	-10.133333738286776	9.99990000099999e-06	9.99990000099999e-06	False	0.45856074849841383	0.43546240810928605	nrefs:1|bs:100000|seed:20260917|case:mixed|eff:no|tok:13a|smooth:none|version:2.6.0	0-100	0.0035999640003599965	True
qwen3	natugu	natugu	ge	modelgloss	matched_qwen3_natugu_modelgloss	mtob_qwen3_natugu_ge	raw	99	chrF	37.88082811178865	14.351306960455965	-23.529521151332688	9.99990000099999e-06	9.99990000099999e-06	False	14.361802101135254	1.448923110961914	nrefs:1|bs:100000|seed:20260917|case:mixed|eff:yes|nc:6|nw:0|space:no|version:2.6.0	0-100	0.0035999640003599965	True
qwen3	natugu	natugu	ge	modelgloss	matched_qwen3_natugu_modelgloss	mtob_qwen3_natugu_ge	extracted	99	BLEU	10.607232949438517	0.9160992290330748	-9.691133720405443	9.99990000099999e-06	9.99990000099999e-06	False	0.8934698435885601	0.8680538121531296	nrefs:1|bs:100000|seed:20260917|case:mixed|eff:no|tok:13a|smooth:none|version:2.6.0	0-100	0.0035999640003599965	True
qwen3	natugu	natugu	ge	modelgloss	matched_qwen3_natugu_modelgloss	mtob_qwen3_natugu_ge	extracted	99	chrF	37.88082811178865	17.40077524798326	-20.480052863805394	9.99990000099999e-06	9.99990000099999e-06	False	17.411760330200195	1.6915397644042969	nrefs:1|bs:100000|seed:20260917|case:mixed|eff:yes|nc:6|nw:0|space:no|version:2.6.0	0-100	0.0035999640003599965	True
qwen3	natugu	natugu	gs	shot	matched_qwen3_natugu_shot	mtob_qwen3_natugu_gs	raw	99	BLEU	2.0679011099582327	1.0661528196819927	-1.00174829027624	0.07214927850721493	0.07214927850721493	False	1.0630074681426207	0.6420795149016122	nrefs:1|bs:100000|seed:20260917|case:mixed|eff:no|tok:13a|smooth:none|version:2.6.0	0-100	1.0	False
qwen3	natugu	natugu	gs	shot	matched_qwen3_natugu_shot	mtob_qwen3_natugu_gs	raw	99	chrF	20.148501163439448	15.62394219243674	-4.524558971002708	2.999970000299997e-05	2.999970000299997e-05	False	15.633724212646484	1.9005703926086426	nrefs:1|bs:100000|seed:20260917|case:mixed|eff:yes|nc:6|nw:0|space:no|version:2.6.0	0-100	0.005459945400545995	True
qwen3	natugu	natugu	gs	shot	matched_qwen3_natugu_shot	mtob_qwen3_natugu_gs	extracted	99	BLEU	2.0679011099582327	1.9423715747775823	-0.12552953518065046	0.35121648783512166	0.35121648783512166	False	1.9523694588036928	1.2300711438692984	nrefs:1|bs:100000|seed:20260917|case:mixed|eff:no|tok:13a|smooth:none|version:2.6.0	0-100	1.0	False
qwen3	natugu	natugu	gs	shot	matched_qwen3_natugu_shot	mtob_qwen3_natugu_gs	extracted	99	chrF	20.148501163439448	19.549403791829757	-0.599097371609691	0.24264757352426475	0.24264757352426475	False	19.576738357543945	2.630661964416504	nrefs:1|bs:100000|seed:20260917|case:mixed|eff:yes|nc:6|nw:0|space:no|version:2.6.0	0-100	1.0	False
qwen3	natugu	natugu	gs	chain_gloss	matched_qwen3_natugu_chain_gloss	mtob_qwen3_natugu_gs	raw	99	BLEU	2.618039474503506	1.0661528196819927	-1.5518866548215131	0.07143928560714392	0.07143928560714392	False	1.0630074681426207	0.6420795149016122	nrefs:1|bs:100000|seed:20260917|case:mixed|eff:no|tok:13a|smooth:none|version:2.6.0	0-100	1.0	False
qwen3	natugu	natugu	gs	chain_gloss	matched_qwen3_natugu_chain_gloss	mtob_qwen3_natugu_gs	raw	99	chrF	20.777595395272485	15.62394219243674	-5.153653202835745	7.999920000799993e-05	7.999920000799993e-05	False	15.633724212646484	1.9005703926086426	nrefs:1|bs:100000|seed:20260917|case:mixed|eff:yes|nc:6|nw:0|space:no|version:2.6.0	0-100	0.012959870401295988	True
qwen3	natugu	natugu	gs	chain_gloss	matched_qwen3_natugu_chain_gloss	mtob_qwen3_natugu_gs	extracted	99	BLEU	2.618039474503506	1.9423715747775823	-0.6756678997259236	0.2035979640203598	0.2035979640203598	False	1.9523694588036928	1.2300711438692984	nrefs:1|bs:100000|seed:20260917|case:mixed|eff:no|tok:13a|smooth:none|version:2.6.0	0-100	1.0	False
qwen3	natugu	natugu	gs	chain_gloss	matched_qwen3_natugu_chain_gloss	mtob_qwen3_natugu_gs	extracted	99	chrF	20.777595395272485	19.549403791829757	-1.2281916034427276	0.15544844551554485	0.15544844551554485	False	19.576738357543945	2.630661964416504	nrefs:1|bs:100000|seed:20260917|case:mixed|eff:yes|nc:6|nw:0|space:no|version:2.6.0	0-100	1.0	False
qwen3	natugu	natugu	gs	modelgloss	matched_qwen3_natugu_modelgloss	mtob_qwen3_natugu_gs	raw	99	BLEU	10.607232949438517	1.0661528196819927	-9.541080129756525	9.99990000099999e-06	9.99990000099999e-06	False	1.0630074681426207	0.6420795149016122	nrefs:1|bs:100000|seed:20260917|case:mixed|eff:no|tok:13a|smooth:none|version:2.6.0	0-100	0.0035999640003599965	True
qwen3	natugu	natugu	gs	modelgloss	matched_qwen3_natugu_modelgloss	mtob_qwen3_natugu_gs	raw	99	chrF	37.88082811178865	15.62394219243674	-22.256885919351912	9.99990000099999e-06	9.99990000099999e-06	False	15.633724212646484	1.9005703926086426	nrefs:1|bs:100000|seed:20260917|case:mixed|eff:yes|nc:6|nw:0|space:no|version:2.6.0	0-100	0.0035999640003599965	True
qwen3	natugu	natugu	gs	modelgloss	matched_qwen3_natugu_modelgloss	mtob_qwen3_natugu_gs	extracted	99	BLEU	10.607232949438517	1.9423715747775823	-8.664861374660935	9.99990000099999e-06	9.99990000099999e-06	False	1.9523694588036928	1.2300711438692984	nrefs:1|bs:100000|seed:20260917|case:mixed|eff:no|tok:13a|smooth:none|version:2.6.0	0-100	0.0035999640003599965	True
qwen3	natugu	natugu	gs	modelgloss	matched_qwen3_natugu_modelgloss	mtob_qwen3_natugu_gs	extracted	99	chrF	37.88082811178865	19.549403791829757	-18.331424319958895	9.99990000099999e-06	9.99990000099999e-06	False	19.576738357543945	2.630661964416504	nrefs:1|bs:100000|seed:20260917|case:mixed|eff:yes|nc:6|nw:0|space:no|version:2.6.0	0-100	0.0035999640003599965	True
qwen3	natugu	natugu	gl	shot	matched_qwen3_natugu_shot	mtob_qwen3_natugu_gl	raw	99	BLEU	2.0679011099582327	1.2075904054882929	-0.8603107044699398	0.1000089999100009	0.1000089999100009	False	1.2219450016299105	0.8525834499010394	nrefs:1|bs:100000|seed:20260917|case:mixed|eff:no|tok:13a|smooth:none|version:2.6.0	0-100	1.0	False
qwen3	natugu	natugu	gl	shot	matched_qwen3_natugu_shot	mtob_qwen3_natugu_gl	raw	99	chrF	20.148501163439448	15.079131906091423	-5.069369257348026	0.0002899971000289997	0.0002899971000289997	False	15.138327598571777	2.7488508224487305	nrefs:1|bs:100000|seed:20260917|case:mixed|eff:yes|nc:6|nw:0|space:no|version:2.6.0	0-100	0.04175958240417595	True
qwen3	natugu	natugu	gl	shot	matched_qwen3_natugu_shot	mtob_qwen3_natugu_gl	extracted	99	BLEU	2.0679011099582327	1.3105231693525325	-0.7573779406057002	0.12659873401265986	0.12659873401265986	False	1.3305719531453415	0.9425628216140605	nrefs:1|bs:100000|seed:20260917|case:mixed|eff:no|tok:13a|smooth:none|version:2.6.0	0-100	1.0	False
qwen3	natugu	natugu	gl	shot	matched_qwen3_natugu_shot	mtob_qwen3_natugu_gl	extracted	99	chrF	20.148501163439448	15.79253970818738	-4.355961455252068	0.0026699733002669974	0.0026699733002669974	False	15.862143516540527	2.960667133331299	nrefs:1|bs:100000|seed:20260917|case:mixed|eff:yes|nc:6|nw:0|space:no|version:2.6.0	0-100	0.34709652903470967	False
qwen3	natugu	natugu	gl	chain_gloss	matched_qwen3_natugu_chain_gloss	mtob_qwen3_natugu_gl	raw	99	BLEU	2.618039474503506	1.2075904054882929	-1.410449069015213	0.08402915970840291	0.08402915970840291	False	1.2219450016299105	0.8525834499010394	nrefs:1|bs:100000|seed:20260917|case:mixed|eff:no|tok:13a|smooth:none|version:2.6.0	0-100	1.0	False
qwen3	natugu	natugu	gl	chain_gloss	matched_qwen3_natugu_chain_gloss	mtob_qwen3_natugu_gl	raw	99	chrF	20.777595395272485	15.079131906091423	-5.698463489181062	8.99991000089999e-05	8.99991000089999e-05	False	15.138327598571777	2.7488508224487305	nrefs:1|bs:100000|seed:20260917|case:mixed|eff:yes|nc:6|nw:0|space:no|version:2.6.0	0-100	0.014399856001439984	True
qwen3	natugu	natugu	gl	chain_gloss	matched_qwen3_natugu_chain_gloss	mtob_qwen3_natugu_gl	extracted	99	BLEU	2.618039474503506	1.3105231693525325	-1.3075163051509733	0.09283907160928391	0.09283907160928391	False	1.3305719531453415	0.9425628216140605	nrefs:1|bs:100000|seed:20260917|case:mixed|eff:no|tok:13a|smooth:none|version:2.6.0	0-100	1.0	False
qwen3	natugu	natugu	gl	chain_gloss	matched_qwen3_natugu_chain_gloss	mtob_qwen3_natugu_gl	extracted	99	chrF	20.777595395272485	15.79253970818738	-4.985055687085104	0.000939990600093999	0.000939990600093999	False	15.862143516540527	2.960667133331299	nrefs:1|bs:100000|seed:20260917|case:mixed|eff:yes|nc:6|nw:0|space:no|version:2.6.0	0-100	0.12971870281297188	False
qwen3	natugu	natugu	gl	modelgloss	matched_qwen3_natugu_modelgloss	mtob_qwen3_natugu_gl	raw	99	BLEU	10.607232949438517	1.2075904054882929	-9.399642543950224	9.99990000099999e-06	9.99990000099999e-06	False	1.2219450016299105	0.8525834499010394	nrefs:1|bs:100000|seed:20260917|case:mixed|eff:no|tok:13a|smooth:none|version:2.6.0	0-100	0.0035999640003599965	True
qwen3	natugu	natugu	gl	modelgloss	matched_qwen3_natugu_modelgloss	mtob_qwen3_natugu_gl	raw	99	chrF	37.88082811178865	15.079131906091423	-22.80169620569723	9.99990000099999e-06	9.99990000099999e-06	False	15.138327598571777	2.7488508224487305	nrefs:1|bs:100000|seed:20260917|case:mixed|eff:yes|nc:6|nw:0|space:no|version:2.6.0	0-100	0.0035999640003599965	True
qwen3	natugu	natugu	gl	modelgloss	matched_qwen3_natugu_modelgloss	mtob_qwen3_natugu_gl	extracted	99	BLEU	10.607232949438517	1.3105231693525325	-9.296709780085985	9.99990000099999e-06	9.99990000099999e-06	False	1.3305719531453415	0.9425628216140605	nrefs:1|bs:100000|seed:20260917|case:mixed|eff:no|tok:13a|smooth:none|version:2.6.0	0-100	0.0035999640003599965	True
qwen3	natugu	natugu	gl	modelgloss	matched_qwen3_natugu_modelgloss	mtob_qwen3_natugu_gl	extracted	99	chrF	37.88082811178865	15.79253970818738	-22.088288403601272	9.99990000099999e-06	9.99990000099999e-06	False	15.862143516540527	2.960667133331299	nrefs:1|bs:100000|seed:20260917|case:mixed|eff:yes|nc:6|nw:0|space:no|version:2.6.0	0-100	0.0035999640003599965	True
qwen3	lezgi	lezgi	ge	shot	matched_qwen3_lezgi_shot	mtob_qwen3_lezgi_ge	raw	87	BLEU	6.257831418686951	0.18042723160635216	-6.0774041870805995	0.05709942900570994	0.05709942900570994	False	0.140144313847973	0.18175299757354407	nrefs:1|bs:100000|seed:20260917|case:mixed|eff:no|tok:13a|smooth:none|version:2.6.0	0-100	1.0	False
qwen3	lezgi	lezgi	ge	shot	matched_qwen3_lezgi_shot	mtob_qwen3_lezgi_ge	raw	87	chrF	22.93010859341349	11.840666363812703	-11.089442229600786	6.999930000699993e-05	6.999930000699993e-05	False	11.856518745422363	1.4779434204101562	nrefs:1|bs:100000|seed:20260917|case:mixed|eff:yes|nc:6|nw:0|space:no|version:2.6.0	0-100	0.01168988310116899	True
qwen3	lezgi	lezgi	ge	shot	matched_qwen3_lezgi_shot	mtob_qwen3_lezgi_ge	extracted	87	BLEU	6.257831418686951	0.2544623355571416	-6.00336908312981	0.059539404605953944	0.059539404605953944	False	0.19882415798056255	0.2600229498957593	nrefs:1|bs:100000|seed:20260917|case:mixed|eff:no|tok:13a|smooth:none|version:2.6.0	0-100	1.0	False
qwen3	lezgi	lezgi	ge	shot	matched_qwen3_lezgi_shot	mtob_qwen3_lezgi_ge	extracted	87	chrF	22.93010859341349	13.758890386388517	-9.171218207024973	0.0008699913000869992	0.0008699913000869992	False	13.786826133728027	1.814213752746582	nrefs:1|bs:100000|seed:20260917|case:mixed|eff:yes|nc:6|nw:0|space:no|version:2.6.0	0-100	0.12092879071209288	False
qwen3	lezgi	lezgi	ge	chain_gloss	matched_qwen3_lezgi_chain_gloss	mtob_qwen3_lezgi_ge	raw	87	BLEU	6.608392392498248	0.18042723160635216	-6.427965160891897	0.03861961380386196	0.03861961380386196	False	0.140144313847973	0.18175299757354407	nrefs:1|bs:100000|seed:20260917|case:mixed|eff:no|tok:13a|smooth:none|version:2.6.0	0-100	1.0	False
qwen3	lezgi	lezgi	ge	chain_gloss	matched_qwen3_lezgi_chain_gloss	mtob_qwen3_lezgi_ge	raw	87	chrF	23.965837363516044	11.840666363812703	-12.125170999703341	2.999970000299997e-05	2.999970000299997e-05	False	11.856518745422363	1.4779434204101562	nrefs:1|bs:100000|seed:20260917|case:mixed|eff:yes|nc:6|nw:0|space:no|version:2.6.0	0-100	0.005459945400545995	True
qwen3	lezgi	lezgi	ge	chain_gloss	matched_qwen3_lezgi_chain_gloss	mtob_qwen3_lezgi_ge	extracted	87	BLEU	6.608392392498248	0.2544623355571416	-6.353930056941107	0.04031959680403196	0.04031959680403196	False	0.19882415798056255	0.2600229498957593	nrefs:1|bs:100000|seed:20260917|case:mixed|eff:no|tok:13a|smooth:none|version:2.6.0	0-100	1.0	False
qwen3	lezgi	lezgi	ge	chain_gloss	matched_qwen3_lezgi_chain_gloss	mtob_qwen3_lezgi_ge	extracted	87	chrF	23.965837363516044	13.758890386388517	-10.206946977127528	0.00024999750002499977	0.00024999750002499977	False	13.786826133728027	1.814213752746582	nrefs:1|bs:100000|seed:20260917|case:mixed|eff:yes|nc:6|nw:0|space:no|version:2.6.0	0-100	0.03624963750362497	True
qwen3	lezgi	lezgi	ge	modelgloss	matched_qwen3_lezgi_modelgloss	mtob_qwen3_lezgi_ge	raw	87	BLEU	12.007079690457703	0.18042723160635216	-11.82665245885135	0.0028099719002809974	0.0028099719002809974	False	0.140144313847973	0.18175299757354407	nrefs:1|bs:100000|seed:20260917|case:mixed|eff:no|tok:13a|smooth:none|version:2.6.0	0-100	0.36119638803611964	False
qwen3	lezgi	lezgi	ge	modelgloss	matched_qwen3_lezgi_modelgloss	mtob_qwen3_lezgi_ge	raw	87	chrF	38.03318201190564	11.840666363812703	-26.192515648092936	9.99990000099999e-06	9.99990000099999e-06	False	11.856518745422363	1.4779434204101562	nrefs:1|bs:100000|seed:20260917|case:mixed|eff:yes|nc:6|nw:0|space:no|version:2.6.0	0-100	0.0035999640003599965	True
qwen3	lezgi	lezgi	ge	modelgloss	matched_qwen3_lezgi_modelgloss	mtob_qwen3_lezgi_ge	extracted	87	BLEU	12.007079690457703	0.2544623355571416	-11.752617354900561	0.002969970300296997	0.002969970300296997	False	0.19882415798056255	0.2600229498957593	nrefs:1|bs:100000|seed:20260917|case:mixed|eff:no|tok:13a|smooth:none|version:2.6.0	0-100	0.37421625783742163	False
qwen3	lezgi	lezgi	ge	modelgloss	matched_qwen3_lezgi_modelgloss	mtob_qwen3_lezgi_ge	extracted	87	chrF	38.03318201190564	13.758890386388517	-24.274291625517122	9.99990000099999e-06	9.99990000099999e-06	False	13.786826133728027	1.814213752746582	nrefs:1|bs:100000|seed:20260917|case:mixed|eff:yes|nc:6|nw:0|space:no|version:2.6.0	0-100	0.0035999640003599965	True
qwen3	lezgi	lezgi	gs	shot	matched_qwen3_lezgi_shot	mtob_qwen3_lezgi_gs	raw	87	BLEU	6.257831418686951	0.1893066445495937	-6.068524774137358	0.05758942410575894	0.05758942410575894	False	0.147469109036598	0.19185040466018202	nrefs:1|bs:100000|seed:20260917|case:mixed|eff:no|tok:13a|smooth:none|version:2.6.0	0-100	1.0	False
qwen3	lezgi	lezgi	gs	shot	matched_qwen3_lezgi_shot	mtob_qwen3_lezgi_gs	raw	87	chrF	22.93010859341349	11.935303968394116	-10.994804625019373	6.999930000699993e-05	6.999930000699993e-05	False	11.951923370361328	1.5346298217773438	nrefs:1|bs:100000|seed:20260917|case:mixed|eff:yes|nc:6|nw:0|space:no|version:2.6.0	0-100	0.01168988310116899	True
qwen3	lezgi	lezgi	gs	shot	matched_qwen3_lezgi_shot	mtob_qwen3_lezgi_gs	extracted	87	BLEU	6.257831418686951	0.26276951197007054	-5.995061906716881	0.06007939920600794	0.06007939920600794	False	0.20519680326165401	0.26790491667615945	nrefs:1|bs:100000|seed:20260917|case:mixed|eff:no|tok:13a|smooth:none|version:2.6.0	0-100	1.0	False
qwen3	lezgi	lezgi	gs	shot	matched_qwen3_lezgi_shot	mtob_qwen3_lezgi_gs	extracted	87	chrF	22.93010859341349	13.834281420554163	-9.095827172859327	0.0007299927000729993	0.0007299927000729993	False	13.852458953857422	1.7013297080993652	nrefs:1|bs:100000|seed:20260917|case:mixed|eff:yes|nc:6|nw:0|space:no|version:2.6.0	0-100	0.1021989780102199	False
qwen3	lezgi	lezgi	gs	chain_gloss	matched_qwen3_lezgi_chain_gloss	mtob_qwen3_lezgi_gs	raw	87	BLEU	6.608392392498248	0.1893066445495937	-6.419085747948655	0.03894961050389496	0.03894961050389496	False	0.147469109036598	0.19185040466018202	nrefs:1|bs:100000|seed:20260917|case:mixed|eff:no|tok:13a|smooth:none|version:2.6.0	0-100	1.0	False
qwen3	lezgi	lezgi	gs	chain_gloss	matched_qwen3_lezgi_chain_gloss	mtob_qwen3_lezgi_gs	raw	87	chrF	23.965837363516044	11.935303968394116	-12.030533395121928	2.999970000299997e-05	2.999970000299997e-05	False	11.951923370361328	1.5346298217773438	nrefs:1|bs:100000|seed:20260917|case:mixed|eff:yes|nc:6|nw:0|space:no|version:2.6.0	0-100	0.005459945400545995	True
qwen3	lezgi	lezgi	gs	chain_gloss	matched_qwen3_lezgi_chain_gloss	mtob_qwen3_lezgi_gs	extracted	87	BLEU	6.608392392498248	0.26276951197007054	-6.345622880528178	0.04065959340406596	0.04065959340406596	False	0.20519680326165401	0.26790491667615945	nrefs:1|bs:100000|seed:20260917|case:mixed|eff:no|tok:13a|smooth:none|version:2.6.0	0-100	1.0	False
qwen3	lezgi	lezgi	gs	chain_gloss	matched_qwen3_lezgi_chain_gloss	mtob_qwen3_lezgi_gs	extracted	87	chrF	23.965837363516044	13.834281420554163	-10.131555942961882	0.00021999780002199978	0.00021999780002199978	False	13.852458953857422	1.7013297080993652	nrefs:1|bs:100000|seed:20260917|case:mixed|eff:yes|nc:6|nw:0|space:no|version:2.6.0	0-100	0.03277967220327797	True
qwen3	lezgi	lezgi	gs	modelgloss	matched_qwen3_lezgi_modelgloss	mtob_qwen3_lezgi_gs	raw	87	BLEU	12.007079690457703	0.1893066445495937	-11.817773045908108	0.0028599714002859973	0.0028599714002859973	False	0.147469109036598	0.19185040466018202	nrefs:1|bs:100000|seed:20260917|case:mixed|eff:no|tok:13a|smooth:none|version:2.6.0	0-100	0.36321636783632166	False
qwen3	lezgi	lezgi	gs	modelgloss	matched_qwen3_lezgi_modelgloss	mtob_qwen3_lezgi_gs	raw	87	chrF	38.03318201190564	11.935303968394116	-26.09787804351152	9.99990000099999e-06	9.99990000099999e-06	False	11.951923370361328	1.5346298217773438	nrefs:1|bs:100000|seed:20260917|case:mixed|eff:yes|nc:6|nw:0|space:no|version:2.6.0	0-100	0.0035999640003599965	True
qwen3	lezgi	lezgi	gs	modelgloss	matched_qwen3_lezgi_modelgloss	mtob_qwen3_lezgi_gs	extracted	87	BLEU	12.007079690457703	0.26276951197007054	-11.744310178487632	0.002969970300296997	0.002969970300296997	False	0.20519680326165401	0.26790491667615945	nrefs:1|bs:100000|seed:20260917|case:mixed|eff:no|tok:13a|smooth:none|version:2.6.0	0-100	0.37421625783742163	False
qwen3	lezgi	lezgi	gs	modelgloss	matched_qwen3_lezgi_modelgloss	mtob_qwen3_lezgi_gs	extracted	87	chrF	38.03318201190564	13.834281420554163	-24.198900591351475	9.99990000099999e-06	9.99990000099999e-06	False	13.852458953857422	1.7013297080993652	nrefs:1|bs:100000|seed:20260917|case:mixed|eff:yes|nc:6|nw:0|space:no|version:2.6.0	0-100	0.0035999640003599965	True
qwen3	lezgi	lezgi	gl	shot	matched_qwen3_lezgi_shot	mtob_qwen3_lezgi_gl	raw	87	BLEU	6.257831418686951	0.525579942994894	-5.732251475692057	0.06775932240677593	0.06775932240677593	False	0.4427994725727266	0.648158560704299	nrefs:1|bs:100000|seed:20260917|case:mixed|eff:no|tok:13a|smooth:none|version:2.6.0	0-100	1.0	False
qwen3	lezgi	lezgi	gl	shot	matched_qwen3_lezgi_shot	mtob_qwen3_lezgi_gl	raw	87	chrF	22.93010859341349	16.97912753967527	-5.950981053738218	0.009499905000949991	0.009499905000949991	False	17.011350631713867	2.5814456939697266	nrefs:1|bs:100000|seed:20260917|case:mixed|eff:yes|nc:6|nw:0|space:no|version:2.6.0	0-100	1.0	False
qwen3	lezgi	lezgi	gl	shot	matched_qwen3_lezgi_shot	mtob_qwen3_lezgi_gl	extracted	87	BLEU	6.257831418686951	0.5585671405908881	-5.699264278096063	0.06858931410685894	0.06858931410685894	False	0.47035376505379267	0.6898692946242855	nrefs:1|bs:100000|seed:20260917|case:mixed|eff:no|tok:13a|smooth:none|version:2.6.0	0-100	1.0	False
qwen3	lezgi	lezgi	gl	shot	matched_qwen3_lezgi_shot	mtob_qwen3_lezgi_gl	extracted	87	chrF	22.93010859341349	17.221239233037185	-5.708869360376305	0.011829881701182989	0.011829881701182989	False	17.247480392456055	2.6000962257385254	nrefs:1|bs:100000|seed:20260917|case:mixed|eff:yes|nc:6|nw:0|space:no|version:2.6.0	0-100	1.0	False
qwen3	lezgi	lezgi	gl	chain_gloss	matched_qwen3_lezgi_chain_gloss	mtob_qwen3_lezgi_gl	raw	87	BLEU	6.608392392498248	0.525579942994894	-6.082812449503354	0.04622953770462295	0.04622953770462295	False	0.4427994725727266	0.648158560704299	nrefs:1|bs:100000|seed:20260917|case:mixed|eff:no|tok:13a|smooth:none|version:2.6.0	0-100	1.0	False
qwen3	lezgi	lezgi	gl	chain_gloss	matched_qwen3_lezgi_chain_gloss	mtob_qwen3_lezgi_gl	raw	87	chrF	23.965837363516044	16.97912753967527	-6.986709823840773	0.003169968300316997	0.003169968300316997	False	17.011350631713867	2.5814456939697266	nrefs:1|bs:100000|seed:20260917|case:mixed|eff:yes|nc:6|nw:0|space:no|version:2.6.0	0-100	0.38990610093899064	False
qwen3	lezgi	lezgi	gl	chain_gloss	matched_qwen3_lezgi_chain_gloss	mtob_qwen3_lezgi_gl	extracted	87	BLEU	6.608392392498248	0.5585671405908881	-6.04982525190736	0.04713952860471395	0.04713952860471395	False	0.47035376505379267	0.6898692946242855	nrefs:1|bs:100000|seed:20260917|case:mixed|eff:no|tok:13a|smooth:none|version:2.6.0	0-100	1.0	False
qwen3	lezgi	lezgi	gl	chain_gloss	matched_qwen3_lezgi_chain_gloss	mtob_qwen3_lezgi_gl	extracted	87	chrF	23.965837363516044	17.221239233037185	-6.74459813047886	0.003959960400395996	0.003959960400395996	False	17.247480392456055	2.6000962257385254	nrefs:1|bs:100000|seed:20260917|case:mixed|eff:yes|nc:6|nw:0|space:no|version:2.6.0	0-100	0.4637353626463735	False
qwen3	lezgi	lezgi	gl	modelgloss	matched_qwen3_lezgi_modelgloss	mtob_qwen3_lezgi_gl	raw	87	BLEU	12.007079690457703	0.525579942994894	-11.48149974746281	0.0032499675003249966	0.0032499675003249966	False	0.4427994725727266	0.648158560704299	nrefs:1|bs:100000|seed:20260917|case:mixed|eff:no|tok:13a|smooth:none|version:2.6.0	0-100	0.3964960350396496	False
qwen3	lezgi	lezgi	gl	modelgloss	matched_qwen3_lezgi_modelgloss	mtob_qwen3_lezgi_gl	raw	87	chrF	38.03318201190564	16.97912753967527	-21.054054472230366	9.99990000099999e-06	9.99990000099999e-06	False	17.011350631713867	2.5814456939697266	nrefs:1|bs:100000|seed:20260917|case:mixed|eff:yes|nc:6|nw:0|space:no|version:2.6.0	0-100	0.0035999640003599965	True
qwen3	lezgi	lezgi	gl	modelgloss	matched_qwen3_lezgi_modelgloss	mtob_qwen3_lezgi_gl	extracted	87	BLEU	12.007079690457703	0.5585671405908881	-11.448512549866814	0.0033999660003399966	0.0033999660003399966	False	0.47035376505379267	0.6898692946242855	nrefs:1|bs:100000|seed:20260917|case:mixed|eff:no|tok:13a|smooth:none|version:2.6.0	0-100	0.4113958860411396	False
qwen3	lezgi	lezgi	gl	modelgloss	matched_qwen3_lezgi_modelgloss	mtob_qwen3_lezgi_gl	extracted	87	chrF	38.03318201190564	17.221239233037185	-20.811942778868453	9.99990000099999e-06	9.99990000099999e-06	False	17.247480392456055	2.6000962257385254	nrefs:1|bs:100000|seed:20260917|case:mixed|eff:yes|nc:6|nw:0|space:no|version:2.6.0	0-100	0.0035999640003599965	True
qwen3	tsez	tsez	ge	shot	matched_qwen3_tsez_shot	mtob_qwen3_tsez_ge	raw	445	BLEU	0.9938841010494961	0.09095406542210495	-0.9029300356273912	2.999970000299997e-05	2.999970000299997e-05	False	0.06572885870569078	0.07185905483788774	nrefs:1|bs:100000|seed:20260917|case:mixed|eff:no|tok:13a|smooth:none|version:2.6.0	0-100	0.005459945400545995	True
qwen3	tsez	tsez	ge	shot	matched_qwen3_tsez_shot	mtob_qwen3_tsez_ge	raw	445	chrF	20.02700893803916	14.697317796830841	-5.329691141208318	9.99990000099999e-06	9.99990000099999e-06	False	14.697707176208496	0.5444812774658203	nrefs:1|bs:100000|seed:20260917|case:mixed|eff:yes|nc:6|nw:0|space:no|version:2.6.0	0-100	0.0035999640003599965	True
qwen3	tsez	tsez	ge	shot	matched_qwen3_tsez_shot	mtob_qwen3_tsez_ge	extracted	445	BLEU	0.9938841010494961	0.10361834541112122	-0.8902657556383748	4.999950000499995e-05	4.999950000499995e-05	False	0.07537315444919752	0.08354478034741998	nrefs:1|bs:100000|seed:20260917|case:mixed|eff:no|tok:13a|smooth:none|version:2.6.0	0-100	0.008699913000869992	True
qwen3	tsez	tsez	ge	shot	matched_qwen3_tsez_shot	mtob_qwen3_tsez_ge	extracted	445	chrF	20.02700893803916	15.460308602103012	-4.566700335936147	9.99990000099999e-06	9.99990000099999e-06	False	15.46158218383789	0.5726132392883301	nrefs:1|bs:100000|seed:20260917|case:mixed|eff:yes|nc:6|nw:0|space:no|version:2.6.0	0-100	0.0035999640003599965	True
qwen3	tsez	tsez	ge	chain_gloss	matched_qwen3_tsez_chain_gloss	mtob_qwen3_tsez_ge	raw	445	BLEU	0.7887502505521095	0.09095406542210495	-0.6977961851300045	0.00013999860001399987	0.00013999860001399987	False	0.06572885870569078	0.07185905483788774	nrefs:1|bs:100000|seed:20260917|case:mixed|eff:no|tok:13a|smooth:none|version:2.6.0	0-100	0.02169978300216998	True
qwen3	tsez	tsez	ge	chain_gloss	matched_qwen3_tsez_chain_gloss	mtob_qwen3_tsez_ge	raw	445	chrF	20.129678554036325	14.697317796830841	-5.432360757205483	9.99990000099999e-06	9.99990000099999e-06	False	14.697707176208496	0.5444812774658203	nrefs:1|bs:100000|seed:20260917|case:mixed|eff:yes|nc:6|nw:0|space:no|version:2.6.0	0-100	0.0035999640003599965	True
qwen3	tsez	tsez	ge	chain_gloss	matched_qwen3_tsez_chain_gloss	mtob_qwen3_tsez_ge	extracted	445	BLEU	0.7887502505521095	0.10361834541112122	-0.6851319051409882	0.00021999780002199978	0.00021999780002199978	False	0.07537315444919752	0.08354478034741998	nrefs:1|bs:100000|seed:20260917|case:mixed|eff:no|tok:13a|smooth:none|version:2.6.0	0-100	0.03277967220327797	True
qwen3	tsez	tsez	ge	chain_gloss	matched_qwen3_tsez_chain_gloss	mtob_qwen3_tsez_ge	extracted	445	chrF	20.129678554036325	15.460308602103012	-4.669369951933312	9.99990000099999e-06	9.99990000099999e-06	False	15.46158218383789	0.5726132392883301	nrefs:1|bs:100000|seed:20260917|case:mixed|eff:yes|nc:6|nw:0|space:no|version:2.6.0	0-100	0.0035999640003599965	True
qwen3	tsez	tsez	ge	modelgloss	matched_qwen3_tsez_modelgloss	mtob_qwen3_tsez_ge	raw	445	BLEU	8.670345637042328	0.09095406542210495	-8.579391571620222	9.99990000099999e-06	9.99990000099999e-06	False	0.06572885870569078	0.07185905483788774	nrefs:1|bs:100000|seed:20260917|case:mixed|eff:no|tok:13a|smooth:none|version:2.6.0	0-100	0.0035999640003599965	True
qwen3	tsez	tsez	ge	modelgloss	matched_qwen3_tsez_modelgloss	mtob_qwen3_tsez_ge	raw	445	chrF	40.61669981576417	14.697317796830841	-25.91938201893333	9.99990000099999e-06	9.99990000099999e-06	False	14.697707176208496	0.5444812774658203	nrefs:1|bs:100000|seed:20260917|case:mixed|eff:yes|nc:6|nw:0|space:no|version:2.6.0	0-100	0.0035999640003599965	True
qwen3	tsez	tsez	ge	modelgloss	matched_qwen3_tsez_modelgloss	mtob_qwen3_tsez_ge	extracted	445	BLEU	8.670345637042328	0.10361834541112122	-8.566727291631206	9.99990000099999e-06	9.99990000099999e-06	False	0.07537315444919752	0.08354478034741998	nrefs:1|bs:100000|seed:20260917|case:mixed|eff:no|tok:13a|smooth:none|version:2.6.0	0-100	0.0035999640003599965	True
qwen3	tsez	tsez	ge	modelgloss	matched_qwen3_tsez_modelgloss	mtob_qwen3_tsez_ge	extracted	445	chrF	40.61669981576417	15.460308602103012	-25.15639121366116	9.99990000099999e-06	9.99990000099999e-06	False	15.46158218383789	0.5726132392883301	nrefs:1|bs:100000|seed:20260917|case:mixed|eff:yes|nc:6|nw:0|space:no|version:2.6.0	0-100	0.0035999640003599965	True
qwen3	tsez	tsez	gs	shot	matched_qwen3_tsez_shot	mtob_qwen3_tsez_gs	raw	445	BLEU	0.9938841010494961	0.0	-0.9938841010494961	9.99990000099999e-06	9.99990000099999e-06	False	0.0	0.0	nrefs:1|bs:100000|seed:20260917|case:mixed|eff:no|tok:13a|smooth:none|version:2.6.0	0-100	0.0035999640003599965	True
qwen3	tsez	tsez	gs	shot	matched_qwen3_tsez_shot	mtob_qwen3_tsez_gs	raw	445	chrF	20.02700893803916	13.384530959462435	-6.642477978576725	9.99990000099999e-06	9.99990000099999e-06	False	13.384236335754395	0.46190547943115234	nrefs:1|bs:100000|seed:20260917|case:mixed|eff:yes|nc:6|nw:0|space:no|version:2.6.0	0-100	0.0035999640003599965	True
qwen3	tsez	tsez	gs	shot	matched_qwen3_tsez_shot	mtob_qwen3_tsez_gs	extracted	445	BLEU	0.9938841010494961	0.0	-0.9938841010494961	9.99990000099999e-06	9.99990000099999e-06	False	0.0	0.0	nrefs:1|bs:100000|seed:20260917|case:mixed|eff:no|tok:13a|smooth:none|version:2.6.0	0-100	0.0035999640003599965	True
qwen3	tsez	tsez	gs	shot	matched_qwen3_tsez_shot	mtob_qwen3_tsez_gs	extracted	445	chrF	20.02700893803916	16.66670835549217	-3.3603005825469907	9.99990000099999e-06	9.99990000099999e-06	False	16.668033599853516	0.58160400390625	nrefs:1|bs:100000|seed:20260917|case:mixed|eff:yes|nc:6|nw:0|space:no|version:2.6.0	0-100	0.0035999640003599965	True
qwen3	tsez	tsez	gs	chain_gloss	matched_qwen3_tsez_chain_gloss	mtob_qwen3_tsez_gs	raw	445	BLEU	0.7887502505521095	0.0	-0.7887502505521095	9.99990000099999e-06	9.99990000099999e-06	False	0.0	0.0	nrefs:1|bs:100000|seed:20260917|case:mixed|eff:no|tok:13a|smooth:none|version:2.6.0	0-100	0.0035999640003599965	True
qwen3	tsez	tsez	gs	chain_gloss	matched_qwen3_tsez_chain_gloss	mtob_qwen3_tsez_gs	raw	445	chrF	20.129678554036325	13.384530959462435	-6.74514759457389	9.99990000099999e-06	9.99990000099999e-06	False	13.384236335754395	0.46190547943115234	nrefs:1|bs:100000|seed:20260917|case:mixed|eff:yes|nc:6|nw:0|space:no|version:2.6.0	0-100	0.0035999640003599965	True
qwen3	tsez	tsez	gs	chain_gloss	matched_qwen3_tsez_chain_gloss	mtob_qwen3_tsez_gs	extracted	445	BLEU	0.7887502505521095	0.0	-0.7887502505521095	9.99990000099999e-06	9.99990000099999e-06	False	0.0	0.0	nrefs:1|bs:100000|seed:20260917|case:mixed|eff:no|tok:13a|smooth:none|version:2.6.0	0-100	0.0035999640003599965	True
qwen3	tsez	tsez	gs	chain_gloss	matched_qwen3_tsez_chain_gloss	mtob_qwen3_tsez_gs	extracted	445	chrF	20.129678554036325	16.66670835549217	-3.4629701985441557	9.99990000099999e-06	9.99990000099999e-06	False	16.668033599853516	0.58160400390625	nrefs:1|bs:100000|seed:20260917|case:mixed|eff:yes|nc:6|nw:0|space:no|version:2.6.0	0-100	0.0035999640003599965	True
qwen3	tsez	tsez	gs	modelgloss	matched_qwen3_tsez_modelgloss	mtob_qwen3_tsez_gs	raw	445	BLEU	8.670345637042328	0.0	-8.670345637042328	9.99990000099999e-06	9.99990000099999e-06	False	0.0	0.0	nrefs:1|bs:100000|seed:20260917|case:mixed|eff:no|tok:13a|smooth:none|version:2.6.0	0-100	0.0035999640003599965	True
qwen3	tsez	tsez	gs	modelgloss	matched_qwen3_tsez_modelgloss	mtob_qwen3_tsez_gs	raw	445	chrF	40.61669981576417	13.384530959462435	-27.232168856301737	9.99990000099999e-06	9.99990000099999e-06	False	13.384236335754395	0.46190547943115234	nrefs:1|bs:100000|seed:20260917|case:mixed|eff:yes|nc:6|nw:0|space:no|version:2.6.0	0-100	0.0035999640003599965	True
qwen3	tsez	tsez	gs	modelgloss	matched_qwen3_tsez_modelgloss	mtob_qwen3_tsez_gs	extracted	445	BLEU	8.670345637042328	0.0	-8.670345637042328	9.99990000099999e-06	9.99990000099999e-06	False	0.0	0.0	nrefs:1|bs:100000|seed:20260917|case:mixed|eff:no|tok:13a|smooth:none|version:2.6.0	0-100	0.0035999640003599965	True
qwen3	tsez	tsez	gs	modelgloss	matched_qwen3_tsez_modelgloss	mtob_qwen3_tsez_gs	extracted	445	chrF	40.61669981576417	16.66670835549217	-23.949991460272003	9.99990000099999e-06	9.99990000099999e-06	False	16.668033599853516	0.58160400390625	nrefs:1|bs:100000|seed:20260917|case:mixed|eff:yes|nc:6|nw:0|space:no|version:2.6.0	0-100	0.0035999640003599965	True
qwen3	tsez	tsez	gl	shot	matched_qwen3_tsez_shot	mtob_qwen3_tsez_gl	raw	445	BLEU	0.9938841010494961	0.0	-0.9938841010494961	9.99990000099999e-06	9.99990000099999e-06	False	0.0	0.0	nrefs:1|bs:100000|seed:20260917|case:mixed|eff:no|tok:13a|smooth:none|version:2.6.0	0-100	0.0035999640003599965	True
qwen3	tsez	tsez	gl	shot	matched_qwen3_tsez_shot	mtob_qwen3_tsez_gl	raw	445	chrF	20.02700893803916	17.886850065026447	-2.1401588730127123	9.99990000099999e-06	9.99990000099999e-06	False	17.89031410217285	0.6635990142822266	nrefs:1|bs:100000|seed:20260917|case:mixed|eff:yes|nc:6|nw:0|space:no|version:2.6.0	0-100	0.0035999640003599965	True
qwen3	tsez	tsez	gl	shot	matched_qwen3_tsez_shot	mtob_qwen3_tsez_gl	extracted	445	BLEU	0.9938841010494961	0.0	-0.9938841010494961	9.99990000099999e-06	9.99990000099999e-06	False	0.0	0.0	nrefs:1|bs:100000|seed:20260917|case:mixed|eff:no|tok:13a|smooth:none|version:2.6.0	0-100	0.0035999640003599965	True
qwen3	tsez	tsez	gl	shot	matched_qwen3_tsez_shot	mtob_qwen3_tsez_gl	extracted	445	chrF	20.02700893803916	17.886850065026447	-2.1401588730127123	9.99990000099999e-06	9.99990000099999e-06	False	17.89031410217285	0.6635990142822266	nrefs:1|bs:100000|seed:20260917|case:mixed|eff:yes|nc:6|nw:0|space:no|version:2.6.0	0-100	0.0035999640003599965	True
qwen3	tsez	tsez	gl	chain_gloss	matched_qwen3_tsez_chain_gloss	mtob_qwen3_tsez_gl	raw	445	BLEU	0.7887502505521095	0.0	-0.7887502505521095	9.99990000099999e-06	9.99990000099999e-06	False	0.0	0.0	nrefs:1|bs:100000|seed:20260917|case:mixed|eff:no|tok:13a|smooth:none|version:2.6.0	0-100	0.0035999640003599965	True
qwen3	tsez	tsez	gl	chain_gloss	matched_qwen3_tsez_chain_gloss	mtob_qwen3_tsez_gl	raw	445	chrF	20.129678554036325	17.886850065026447	-2.2428284890098773	9.99990000099999e-06	9.99990000099999e-06	False	17.89031410217285	0.6635990142822266	nrefs:1|bs:100000|seed:20260917|case:mixed|eff:yes|nc:6|nw:0|space:no|version:2.6.0	0-100	0.0035999640003599965	True
qwen3	tsez	tsez	gl	chain_gloss	matched_qwen3_tsez_chain_gloss	mtob_qwen3_tsez_gl	extracted	445	BLEU	0.7887502505521095	0.0	-0.7887502505521095	9.99990000099999e-06	9.99990000099999e-06	False	0.0	0.0	nrefs:1|bs:100000|seed:20260917|case:mixed|eff:no|tok:13a|smooth:none|version:2.6.0	0-100	0.0035999640003599965	True
qwen3	tsez	tsez	gl	chain_gloss	matched_qwen3_tsez_chain_gloss	mtob_qwen3_tsez_gl	extracted	445	chrF	20.129678554036325	17.886850065026447	-2.2428284890098773	9.99990000099999e-06	9.99990000099999e-06	False	17.89031410217285	0.6635990142822266	nrefs:1|bs:100000|seed:20260917|case:mixed|eff:yes|nc:6|nw:0|space:no|version:2.6.0	0-100	0.0035999640003599965	True
qwen3	tsez	tsez	gl	modelgloss	matched_qwen3_tsez_modelgloss	mtob_qwen3_tsez_gl	raw	445	BLEU	8.670345637042328	0.0	-8.670345637042328	9.99990000099999e-06	9.99990000099999e-06	False	0.0	0.0	nrefs:1|bs:100000|seed:20260917|case:mixed|eff:no|tok:13a|smooth:none|version:2.6.0	0-100	0.0035999640003599965	True
qwen3	tsez	tsez	gl	modelgloss	matched_qwen3_tsez_modelgloss	mtob_qwen3_tsez_gl	raw	445	chrF	40.61669981576417	17.886850065026447	-22.729849750737724	9.99990000099999e-06	9.99990000099999e-06	False	17.89031410217285	0.6635990142822266	nrefs:1|bs:100000|seed:20260917|case:mixed|eff:yes|nc:6|nw:0|space:no|version:2.6.0	0-100	0.0035999640003599965	True
qwen3	tsez	tsez	gl	modelgloss	matched_qwen3_tsez_modelgloss	mtob_qwen3_tsez_gl	extracted	445	BLEU	8.670345637042328	0.0	-8.670345637042328	9.99990000099999e-06	9.99990000099999e-06	False	0.0	0.0	nrefs:1|bs:100000|seed:20260917|case:mixed|eff:no|tok:13a|smooth:none|version:2.6.0	0-100	0.0035999640003599965	True
qwen3	tsez	tsez	gl	modelgloss	matched_qwen3_tsez_modelgloss	mtob_qwen3_tsez_gl	extracted	445	chrF	40.61669981576417	17.886850065026447	-22.729849750737724	9.99990000099999e-06	9.99990000099999e-06	False	17.89031410217285	0.6635990142822266	nrefs:1|bs:100000|seed:20260917|case:mixed|eff:yes|nc:6|nw:0|space:no|version:2.6.0	0-100	0.0035999640003599965	True
qwen35	gitksan_pdf1	gitksan	ge	shot	matched_qwen35_gitksan_shot	mtob_qwen35_gitksan_pdf1_ge	raw	37	BLEU	2.375246814469858	0.7021711375230859	-1.673075676946772	0.03773962260377396	0.03773962260377396	False	0.5584850561116443	0.7500064656130397	nrefs:1|bs:100000|seed:20260917|case:mixed|eff:no|tok:13a|smooth:none|version:2.6.0	0-100	1.0	False
qwen35	gitksan_pdf1	gitksan	ge	shot	matched_qwen35_gitksan_shot	mtob_qwen35_gitksan_pdf1_ge	raw	37	chrF	26.123538610670128	21.727884132089248	-4.39565447858088	0.004079959200407996	0.004079959200407996	False	21.81818962097168	3.134876251220703	nrefs:1|bs:100000|seed:20260917|case:mixed|eff:yes|nc:6|nw:0|space:no|version:2.6.0	0-100	0.46919530804691956	False
qwen35	gitksan_pdf1	gitksan	ge	shot	matched_qwen35_gitksan_shot	mtob_qwen35_gitksan_pdf1_ge	extracted	37	BLEU	2.375246814469858	0.7785081664591268	-1.596738648010731	0.03621963780362197	0.03621963780362197	False	0.6236686501643115	0.8516654473987576	nrefs:1|bs:100000|seed:20260917|case:mixed|eff:no|tok:13a|smooth:none|version:2.6.0	0-100	1.0	False
qwen35	gitksan_pdf1	gitksan	ge	shot	matched_qwen35_gitksan_shot	mtob_qwen35_gitksan_pdf1_ge	extracted	37	chrF	26.123538610670128	22.742731989310204	-3.3808066213599233	0.014299857001429985	0.014299857001429985	False	22.86050796508789	3.617917060852051	nrefs:1|bs:100000|seed:20260917|case:mixed|eff:yes|nc:6|nw:0|space:no|version:2.6.0	0-100	1.0	False
qwen35	gitksan_pdf1	gitksan	ge	chain_gloss	matched_qwen35_gitksan_chain_gloss	mtob_qwen35_gitksan_pdf1_ge	raw	37	BLEU	2.939150098501362	0.7021711375230859	-2.236978960978276	0.04703952960470395	0.04703952960470395	False	0.5584850561116443	0.7500064656130397	nrefs:1|bs:100000|seed:20260917|case:mixed|eff:no|tok:13a|smooth:none|version:2.6.0	0-100	1.0	False
qwen35	gitksan_pdf1	gitksan	ge	chain_gloss	matched_qwen35_gitksan_chain_gloss	mtob_qwen35_gitksan_pdf1_ge	raw	37	chrF	27.356503491543567	21.727884132089248	-5.628619359454319	0.00011999880001199988	0.00011999880001199988	False	21.81818962097168	3.134876251220703	nrefs:1|bs:100000|seed:20260917|case:mixed|eff:yes|nc:6|nw:0|space:no|version:2.6.0	0-100	0.01871981280187198	True
qwen35	gitksan_pdf1	gitksan	ge	chain_gloss	matched_qwen35_gitksan_chain_gloss	mtob_qwen35_gitksan_pdf1_ge	extracted	37	BLEU	2.939150098501362	0.7785081664591268	-2.160641932042235	0.04562954370456295	0.04562954370456295	False	0.6236686501643115	0.8516654473987576	nrefs:1|bs:100000|seed:20260917|case:mixed|eff:no|tok:13a|smooth:none|version:2.6.0	0-100	1.0	False
qwen35	gitksan_pdf1	gitksan	ge	chain_gloss	matched_qwen35_gitksan_chain_gloss	mtob_qwen35_gitksan_pdf1_ge	extracted	37	chrF	27.356503491543567	22.742731989310204	-4.613771502233362	8.99991000089999e-05	8.99991000089999e-05	False	22.86050796508789	3.617917060852051	nrefs:1|bs:100000|seed:20260917|case:mixed|eff:yes|nc:6|nw:0|space:no|version:2.6.0	0-100	0.014399856001439984	True
qwen35	gitksan_pdf1	gitksan	ge	modelgloss	matched_qwen35_gitksan_modelgloss	mtob_qwen35_gitksan_pdf1_ge	raw	37	BLEU	12.048734246195998	0.7021711375230859	-11.346563108672912	9.99990000099999e-06	9.99990000099999e-06	False	0.5584850561116443	0.7500064656130397	nrefs:1|bs:100000|seed:20260917|case:mixed|eff:no|tok:13a|smooth:none|version:2.6.0	0-100	0.0035999640003599965	True
qwen35	gitksan_pdf1	gitksan	ge	modelgloss	matched_qwen35_gitksan_modelgloss	mtob_qwen35_gitksan_pdf1_ge	raw	37	chrF	46.547872505405444	21.727884132089248	-24.819988373316196	9.99990000099999e-06	9.99990000099999e-06	False	21.81818962097168	3.134876251220703	nrefs:1|bs:100000|seed:20260917|case:mixed|eff:yes|nc:6|nw:0|space:no|version:2.6.0	0-100	0.0035999640003599965	True
qwen35	gitksan_pdf1	gitksan	ge	modelgloss	matched_qwen35_gitksan_modelgloss	mtob_qwen35_gitksan_pdf1_ge	extracted	37	BLEU	12.048734246195998	0.7785081664591268	-11.270226079736872	9.99990000099999e-06	9.99990000099999e-06	False	0.6236686501643115	0.8516654473987576	nrefs:1|bs:100000|seed:20260917|case:mixed|eff:no|tok:13a|smooth:none|version:2.6.0	0-100	0.0035999640003599965	True
qwen35	gitksan_pdf1	gitksan	ge	modelgloss	matched_qwen35_gitksan_modelgloss	mtob_qwen35_gitksan_pdf1_ge	extracted	37	chrF	46.547872505405444	22.742731989310204	-23.80514051609524	9.99990000099999e-06	9.99990000099999e-06	False	22.86050796508789	3.617917060852051	nrefs:1|bs:100000|seed:20260917|case:mixed|eff:yes|nc:6|nw:0|space:no|version:2.6.0	0-100	0.0035999640003599965	True
qwen35	gitksan_pdf1	gitksan	gs	shot	matched_qwen35_gitksan_shot	mtob_qwen35_gitksan_pdf1_gs	raw	37	BLEU	2.375246814469858	0.5825733433155842	-1.7926734711542738	0.04225957740422596	0.04225957740422596	False	0.45202251010414485	0.5778402242161217	nrefs:1|bs:100000|seed:20260917|case:mixed|eff:no|tok:13a|smooth:none|version:2.6.0	0-100	1.0	False
qwen35	gitksan_pdf1	gitksan	gs	shot	matched_qwen35_gitksan_shot	mtob_qwen35_gitksan_pdf1_gs	raw	37	chrF	26.123538610670128	19.570443166859047	-6.553095443811081	0.00022999770002299976	0.00022999770002299976	False	19.64798355102539	3.511246681213379	nrefs:1|bs:100000|seed:20260917|case:mixed|eff:yes|nc:6|nw:0|space:no|version:2.6.0	0-100	0.033579664203357965	True
qwen35	gitksan_pdf1	gitksan	gs	shot	matched_qwen35_gitksan_shot	mtob_qwen35_gitksan_pdf1_gs	extracted	37	BLEU	2.375246814469858	0.8290855181161088	-1.5461612963537492	0.043879561204387955	0.043879561204387955	False	0.6438734075543322	0.8234436454723896	nrefs:1|bs:100000|seed:20260917|case:mixed|eff:no|tok:13a|smooth:none|version:2.6.0	0-100	1.0	False
qwen35	gitksan_pdf1	gitksan	gs	shot	matched_qwen35_gitksan_shot	mtob_qwen35_gitksan_pdf1_gs	extracted	37	chrF	26.123538610670128	22.592399815149918	-3.53113879552021	0.008029919700802992	0.008029919700802992	False	22.670846939086914	3.385867118835449	nrefs:1|bs:100000|seed:20260917|case:mixed|eff:yes|nc:6|nw:0|space:no|version:2.6.0	0-100	0.8913210867891321	False
qwen35	gitksan_pdf1	gitksan	gs	chain_gloss	matched_qwen35_gitksan_chain_gloss	mtob_qwen35_gitksan_pdf1_gs	raw	37	BLEU	2.939150098501362	0.5825733433155842	-2.3565767551857775	0.05128948710512895	0.05128948710512895	False	0.45202251010414485	0.5778402242161217	nrefs:1|bs:100000|seed:20260917|case:mixed|eff:no|tok:13a|smooth:none|version:2.6.0	0-100	1.0	False
qwen35	gitksan_pdf1	gitksan	gs	chain_gloss	matched_qwen35_gitksan_chain_gloss	mtob_qwen35_gitksan_pdf1_gs	raw	37	chrF	27.356503491543567	19.570443166859047	-7.78606032468452	6.999930000699993e-05	6.999930000699993e-05	False	19.64798355102539	3.511246681213379	nrefs:1|bs:100000|seed:20260917|case:mixed|eff:yes|nc:6|nw:0|space:no|version:2.6.0	0-100	0.01168988310116899	True
qwen35	gitksan_pdf1	gitksan	gs	chain_gloss	matched_qwen35_gitksan_chain_gloss	mtob_qwen35_gitksan_pdf1_gs	extracted	37	BLEU	2.939150098501362	0.8290855181161088	-2.110064580385253	0.053499465005349946	0.053499465005349946	False	0.6438734075543322	0.8234436454723896	nrefs:1|bs:100000|seed:20260917|case:mixed|eff:no|tok:13a|smooth:none|version:2.6.0	0-100	1.0	False
qwen35	gitksan_pdf1	gitksan	gs	chain_gloss	matched_qwen35_gitksan_chain_gloss	mtob_qwen35_gitksan_pdf1_gs	extracted	37	chrF	27.356503491543567	22.592399815149918	-4.764103676393649	0.003099969000309997	0.003099969000309997	False	22.670846939086914	3.385867118835449	nrefs:1|bs:100000|seed:20260917|case:mixed|eff:yes|nc:6|nw:0|space:no|version:2.6.0	0-100	0.38439615603843963	False
qwen35	gitksan_pdf1	gitksan	gs	modelgloss	matched_qwen35_gitksan_modelgloss	mtob_qwen35_gitksan_pdf1_gs	raw	37	BLEU	12.048734246195998	0.5825733433155842	-11.466160902880414	9.99990000099999e-06	9.99990000099999e-06	False	0.45202251010414485	0.5778402242161217	nrefs:1|bs:100000|seed:20260917|case:mixed|eff:no|tok:13a|smooth:none|version:2.6.0	0-100	0.0035999640003599965	True
qwen35	gitksan_pdf1	gitksan	gs	modelgloss	matched_qwen35_gitksan_modelgloss	mtob_qwen35_gitksan_pdf1_gs	raw	37	chrF	46.547872505405444	19.570443166859047	-26.977429338546397	9.99990000099999e-06	9.99990000099999e-06	False	19.64798355102539	3.511246681213379	nrefs:1|bs:100000|seed:20260917|case:mixed|eff:yes|nc:6|nw:0|space:no|version:2.6.0	0-100	0.0035999640003599965	True
qwen35	gitksan_pdf1	gitksan	gs	modelgloss	matched_qwen35_gitksan_modelgloss	mtob_qwen35_gitksan_pdf1_gs	extracted	37	BLEU	12.048734246195998	0.8290855181161088	-11.219648728079889	9.99990000099999e-06	9.99990000099999e-06	False	0.6438734075543322	0.8234436454723896	nrefs:1|bs:100000|seed:20260917|case:mixed|eff:no|tok:13a|smooth:none|version:2.6.0	0-100	0.0035999640003599965	True
qwen35	gitksan_pdf1	gitksan	gs	modelgloss	matched_qwen35_gitksan_modelgloss	mtob_qwen35_gitksan_pdf1_gs	extracted	37	chrF	46.547872505405444	22.592399815149918	-23.955472690255526	9.99990000099999e-06	9.99990000099999e-06	False	22.670846939086914	3.385867118835449	nrefs:1|bs:100000|seed:20260917|case:mixed|eff:yes|nc:6|nw:0|space:no|version:2.6.0	0-100	0.0035999640003599965	True
qwen35	gitksan_pdf1	gitksan	gl	shot	matched_qwen35_gitksan_shot	mtob_qwen35_gitksan_pdf1_gl	raw	37	BLEU	2.375246814469858	0.583109780928831	-1.792137033541027	0.044489555104448957	0.044489555104448957	False	0.44234474472767504	0.5417318301939155	nrefs:1|bs:100000|seed:20260917|case:mixed|eff:no|tok:13a|smooth:none|version:2.6.0	0-100	1.0	False
qwen35	gitksan_pdf1	gitksan	gl	shot	matched_qwen35_gitksan_shot	mtob_qwen35_gitksan_pdf1_gl	raw	37	chrF	26.123538610670128	19.995213880023304	-6.128324730646824	6.999930000699993e-05	6.999930000699993e-05	False	20.03611183166504	2.833425521850586	nrefs:1|bs:100000|seed:20260917|case:mixed|eff:yes|nc:6|nw:0|space:no|version:2.6.0	0-100	0.01168988310116899	True
qwen35	gitksan_pdf1	gitksan	gl	shot	matched_qwen35_gitksan_shot	mtob_qwen35_gitksan_pdf1_gl	extracted	37	BLEU	2.375246814469858	0.8843219110597869	-1.4909249034100711	0.04287957120428796	0.04287957120428796	False	0.6882043187383194	0.8922746335374688	nrefs:1|bs:100000|seed:20260917|case:mixed|eff:no|tok:13a|smooth:none|version:2.6.0	0-100	1.0	False
qwen35	gitksan_pdf1	gitksan	gl	shot	matched_qwen35_gitksan_shot	mtob_qwen35_gitksan_pdf1_gl	extracted	37	chrF	26.123538610670128	23.536954306947408	-2.58658430372272	0.03265967340326597	0.03265967340326597	False	23.613990783691406	3.368438720703125	nrefs:1|bs:100000|seed:20260917|case:mixed|eff:yes|nc:6|nw:0|space:no|version:2.6.0	0-100	1.0	False
qwen35	gitksan_pdf1	gitksan	gl	chain_gloss	matched_qwen35_gitksan_chain_gloss	mtob_qwen35_gitksan_pdf1_gl	raw	37	BLEU	2.939150098501362	0.583109780928831	-2.356040317572531	0.052079479205207946	0.052079479205207946	False	0.44234474472767504	0.5417318301939155	nrefs:1|bs:100000|seed:20260917|case:mixed|eff:no|tok:13a|smooth:none|version:2.6.0	0-100	1.0	False
qwen35	gitksan_pdf1	gitksan	gl	chain_gloss	matched_qwen35_gitksan_chain_gloss	mtob_qwen35_gitksan_pdf1_gl	raw	37	chrF	27.356503491543567	19.995213880023304	-7.361289611520263	1.999980000199998e-05	1.999980000199998e-05	False	20.03611183166504	2.833425521850586	nrefs:1|bs:100000|seed:20260917|case:mixed|eff:yes|nc:6|nw:0|space:no|version:2.6.0	0-100	0.0037399626003739965	True
qwen35	gitksan_pdf1	gitksan	gl	chain_gloss	matched_qwen35_gitksan_chain_gloss	mtob_qwen35_gitksan_pdf1_gl	extracted	37	BLEU	2.939150098501362	0.8843219110597869	-2.054828187441575	0.05129948700512995	0.05129948700512995	False	0.6882043187383194	0.8922746335374688	nrefs:1|bs:100000|seed:20260917|case:mixed|eff:no|tok:13a|smooth:none|version:2.6.0	0-100	1.0	False
qwen35	gitksan_pdf1	gitksan	gl	chain_gloss	matched_qwen35_gitksan_chain_gloss	mtob_qwen35_gitksan_pdf1_gl	extracted	37	chrF	27.356503491543567	23.536954306947408	-3.819549184596159	0.0064199358006419936	0.0064199358006419936	False	23.613990783691406	3.368438720703125	nrefs:1|bs:100000|seed:20260917|case:mixed|eff:yes|nc:6|nw:0|space:no|version:2.6.0	0-100	0.7190328096719033	False
qwen35	gitksan_pdf1	gitksan	gl	modelgloss	matched_qwen35_gitksan_modelgloss	mtob_qwen35_gitksan_pdf1_gl	raw	37	BLEU	12.048734246195998	0.583109780928831	-11.465624465267167	9.99990000099999e-06	9.99990000099999e-06	False	0.44234474472767504	0.5417318301939155	nrefs:1|bs:100000|seed:20260917|case:mixed|eff:no|tok:13a|smooth:none|version:2.6.0	0-100	0.0035999640003599965	True
qwen35	gitksan_pdf1	gitksan	gl	modelgloss	matched_qwen35_gitksan_modelgloss	mtob_qwen35_gitksan_pdf1_gl	raw	37	chrF	46.547872505405444	19.995213880023304	-26.55265862538214	9.99990000099999e-06	9.99990000099999e-06	False	20.03611183166504	2.833425521850586	nrefs:1|bs:100000|seed:20260917|case:mixed|eff:yes|nc:6|nw:0|space:no|version:2.6.0	0-100	0.0035999640003599965	True
qwen35	gitksan_pdf1	gitksan	gl	modelgloss	matched_qwen35_gitksan_modelgloss	mtob_qwen35_gitksan_pdf1_gl	extracted	37	BLEU	12.048734246195998	0.8843219110597869	-11.16441233513621	9.99990000099999e-06	9.99990000099999e-06	False	0.6882043187383194	0.8922746335374688	nrefs:1|bs:100000|seed:20260917|case:mixed|eff:no|tok:13a|smooth:none|version:2.6.0	0-100	0.0035999640003599965	True
qwen35	gitksan_pdf1	gitksan	gl	modelgloss	matched_qwen35_gitksan_modelgloss	mtob_qwen35_gitksan_pdf1_gl	extracted	37	chrF	46.547872505405444	23.536954306947408	-23.010918198458036	9.99990000099999e-06	9.99990000099999e-06	False	23.613990783691406	3.368438720703125	nrefs:1|bs:100000|seed:20260917|case:mixed|eff:yes|nc:6|nw:0|space:no|version:2.6.0	0-100	0.0035999640003599965	True
qwen35	gitksan_pdf2	gitksan	ge	shot	matched_qwen35_gitksan_shot	mtob_qwen35_gitksan_pdf2_ge	raw	37	BLEU	2.375246814469858	0.6129441405562227	-1.7623026739136352	0.04132958670413296	0.04132958670413296	False	0.5722711459562125	0.5682528700304159	nrefs:1|bs:100000|seed:20260917|case:mixed|eff:no|tok:13a|smooth:none|version:2.6.0	0-100	1.0	False
qwen35	gitksan_pdf2	gitksan	ge	shot	matched_qwen35_gitksan_shot	mtob_qwen35_gitksan_pdf2_ge	raw	37	chrF	26.123538610670128	18.578656431942726	-7.544882178727402	9.99990000099999e-06	9.99990000099999e-06	False	18.623931884765625	2.672231674194336	nrefs:1|bs:100000|seed:20260917|case:mixed|eff:yes|nc:6|nw:0|space:no|version:2.6.0	0-100	0.0035999640003599965	True
qwen35	gitksan_pdf2	gitksan	ge	shot	matched_qwen35_gitksan_shot	mtob_qwen35_gitksan_pdf2_ge	extracted	37	BLEU	2.375246814469858	0.7653911250750605	-1.6098556893947975	0.04227957720422796	0.04227957720422796	False	0.7184961897088055	0.7230428626720032	nrefs:1|bs:100000|seed:20260917|case:mixed|eff:no|tok:13a|smooth:none|version:2.6.0	0-100	1.0	False
qwen35	gitksan_pdf2	gitksan	ge	shot	matched_qwen35_gitksan_shot	mtob_qwen35_gitksan_pdf2_ge	extracted	37	chrF	26.123538610670128	20.554602501813786	-5.568936108856342	9.99990000099999e-05	9.99990000099999e-05	False	20.622255325317383	3.005457878112793	nrefs:1|bs:100000|seed:20260917|case:mixed|eff:yes|nc:6|nw:0|space:no|version:2.6.0	0-100	0.015799842001579984	True
qwen35	gitksan_pdf2	gitksan	ge	chain_gloss	matched_qwen35_gitksan_chain_gloss	mtob_qwen35_gitksan_pdf2_ge	raw	37	BLEU	2.939150098501362	0.6129441405562227	-2.326205957945139	0.04742952570474295	0.04742952570474295	False	0.5722711459562125	0.5682528700304159	nrefs:1|bs:100000|seed:20260917|case:mixed|eff:no|tok:13a|smooth:none|version:2.6.0	0-100	1.0	False
qwen35	gitksan_pdf2	gitksan	ge	chain_gloss	matched_qwen35_gitksan_chain_gloss	mtob_qwen35_gitksan_pdf2_ge	raw	37	chrF	27.356503491543567	18.578656431942726	-8.777847059600841	9.99990000099999e-06	9.99990000099999e-06	False	18.623931884765625	2.672231674194336	nrefs:1|bs:100000|seed:20260917|case:mixed|eff:yes|nc:6|nw:0|space:no|version:2.6.0	0-100	0.0035999640003599965	True
qwen35	gitksan_pdf2	gitksan	ge	chain_gloss	matched_qwen35_gitksan_chain_gloss	mtob_qwen35_gitksan_pdf2_ge	extracted	37	BLEU	2.939150098501362	0.7653911250750605	-2.1737589734263016	0.047239527604723955	0.047239527604723955	False	0.7184961897088055	0.7230428626720032	nrefs:1|bs:100000|seed:20260917|case:mixed|eff:no|tok:13a|smooth:none|version:2.6.0	0-100	1.0	False
qwen35	gitksan_pdf2	gitksan	ge	chain_gloss	matched_qwen35_gitksan_chain_gloss	mtob_qwen35_gitksan_pdf2_ge	extracted	37	chrF	27.356503491543567	20.554602501813786	-6.801900989729781	3.999960000399996e-05	3.999960000399996e-05	False	20.622255325317383	3.005457878112793	nrefs:1|bs:100000|seed:20260917|case:mixed|eff:yes|nc:6|nw:0|space:no|version:2.6.0	0-100	0.007039929600703994	True
qwen35	gitksan_pdf2	gitksan	ge	modelgloss	matched_qwen35_gitksan_modelgloss	mtob_qwen35_gitksan_pdf2_ge	raw	37	BLEU	12.048734246195998	0.6129441405562227	-11.435790105639775	9.99990000099999e-06	9.99990000099999e-06	False	0.5722711459562125	0.5682528700304159	nrefs:1|bs:100000|seed:20260917|case:mixed|eff:no|tok:13a|smooth:none|version:2.6.0	0-100	0.0035999640003599965	True
qwen35	gitksan_pdf2	gitksan	ge	modelgloss	matched_qwen35_gitksan_modelgloss	mtob_qwen35_gitksan_pdf2_ge	raw	37	chrF	46.547872505405444	18.578656431942726	-27.969216073462718	9.99990000099999e-06	9.99990000099999e-06	False	18.623931884765625	2.672231674194336	nrefs:1|bs:100000|seed:20260917|case:mixed|eff:yes|nc:6|nw:0|space:no|version:2.6.0	0-100	0.0035999640003599965	True
qwen35	gitksan_pdf2	gitksan	ge	modelgloss	matched_qwen35_gitksan_modelgloss	mtob_qwen35_gitksan_pdf2_ge	extracted	37	BLEU	12.048734246195998	0.7653911250750605	-11.283343121120938	9.99990000099999e-06	9.99990000099999e-06	False	0.7184961897088055	0.7230428626720032	nrefs:1|bs:100000|seed:20260917|case:mixed|eff:no|tok:13a|smooth:none|version:2.6.0	0-100	0.0035999640003599965	True
qwen35	gitksan_pdf2	gitksan	ge	modelgloss	matched_qwen35_gitksan_modelgloss	mtob_qwen35_gitksan_pdf2_ge	extracted	37	chrF	46.547872505405444	20.554602501813786	-25.993270003591658	9.99990000099999e-06	9.99990000099999e-06	False	20.622255325317383	3.005457878112793	nrefs:1|bs:100000|seed:20260917|case:mixed|eff:yes|nc:6|nw:0|space:no|version:2.6.0	0-100	0.0035999640003599965	True
qwen35	gitksan_pdf2	gitksan	gs	shot	matched_qwen35_gitksan_shot	mtob_qwen35_gitksan_pdf2_gs	raw	37	BLEU	2.375246814469858	0.3901883814276745	-1.9850584330421834	0.03782962170378296	0.03782962170378296	False	0.3085806886537534	0.404071190747729	nrefs:1|bs:100000|seed:20260917|case:mixed|eff:no|tok:13a|smooth:none|version:2.6.0	0-100	1.0	False
qwen35	gitksan_pdf2	gitksan	gs	shot	matched_qwen35_gitksan_shot	mtob_qwen35_gitksan_pdf2_gs	raw	37	chrF	26.123538610670128	17.620502896181446	-8.503035714488682	9.99990000099999e-06	9.99990000099999e-06	False	17.66680335998535	2.9912338256835938	nrefs:1|bs:100000|seed:20260917|case:mixed|eff:yes|nc:6|nw:0|space:no|version:2.6.0	0-100	0.0035999640003599965	True
qwen35	gitksan_pdf2	gitksan	gs	shot	matched_qwen35_gitksan_shot	mtob_qwen35_gitksan_pdf2_gs	extracted	37	BLEU	2.375246814469858	0.48038871199810484	-1.894858102471753	0.036569634303656964	0.036569634303656964	False	0.38232174253201107	0.507311310019172	nrefs:1|bs:100000|seed:20260917|case:mixed|eff:no|tok:13a|smooth:none|version:2.6.0	0-100	1.0	False
qwen35	gitksan_pdf2	gitksan	gs	shot	matched_qwen35_gitksan_shot	mtob_qwen35_gitksan_pdf2_gs	extracted	37	chrF	26.123538610670128	19.594229254451076	-6.529309356219052	4.999950000499995e-05	4.999950000499995e-05	False	19.674152374267578	3.321950912475586	nrefs:1|bs:100000|seed:20260917|case:mixed|eff:yes|nc:6|nw:0|space:no|version:2.6.0	0-100	0.008699913000869992	True
qwen35	gitksan_pdf2	gitksan	gs	chain_gloss	matched_qwen35_gitksan_chain_gloss	mtob_qwen35_gitksan_pdf2_gs	raw	37	BLEU	2.939150098501362	0.3901883814276745	-2.5489617170736873	0.046279537204627956	0.046279537204627956	False	0.3085806886537534	0.404071190747729	nrefs:1|bs:100000|seed:20260917|case:mixed|eff:no|tok:13a|smooth:none|version:2.6.0	0-100	1.0	False
qwen35	gitksan_pdf2	gitksan	gs	chain_gloss	matched_qwen35_gitksan_chain_gloss	mtob_qwen35_gitksan_pdf2_gs	raw	37	chrF	27.356503491543567	17.620502896181446	-9.736000595362121	9.99990000099999e-06	9.99990000099999e-06	False	17.66680335998535	2.9912338256835938	nrefs:1|bs:100000|seed:20260917|case:mixed|eff:yes|nc:6|nw:0|space:no|version:2.6.0	0-100	0.0035999640003599965	True
qwen35	gitksan_pdf2	gitksan	gs	chain_gloss	matched_qwen35_gitksan_chain_gloss	mtob_qwen35_gitksan_pdf2_gs	extracted	37	BLEU	2.939150098501362	0.48038871199810484	-2.458761386503257	0.04576954230457696	0.04576954230457696	False	0.38232174253201107	0.507311310019172	nrefs:1|bs:100000|seed:20260917|case:mixed|eff:no|tok:13a|smooth:none|version:2.6.0	0-100	1.0	False
qwen35	gitksan_pdf2	gitksan	gs	chain_gloss	matched_qwen35_gitksan_chain_gloss	mtob_qwen35_gitksan_pdf2_gs	extracted	37	chrF	27.356503491543567	19.594229254451076	-7.762274237092491	9.99990000099999e-06	9.99990000099999e-06	False	19.674152374267578	3.321950912475586	nrefs:1|bs:100000|seed:20260917|case:mixed|eff:yes|nc:6|nw:0|space:no|version:2.6.0	0-100	0.0035999640003599965	True
qwen35	gitksan_pdf2	gitksan	gs	modelgloss	matched_qwen35_gitksan_modelgloss	mtob_qwen35_gitksan_pdf2_gs	raw	37	BLEU	12.048734246195998	0.3901883814276745	-11.658545864768325	9.99990000099999e-06	9.99990000099999e-06	False	0.3085806886537534	0.404071190747729	nrefs:1|bs:100000|seed:20260917|case:mixed|eff:no|tok:13a|smooth:none|version:2.6.0	0-100	0.0035999640003599965	True
qwen35	gitksan_pdf2	gitksan	gs	modelgloss	matched_qwen35_gitksan_modelgloss	mtob_qwen35_gitksan_pdf2_gs	raw	37	chrF	46.547872505405444	17.620502896181446	-28.927369609223998	9.99990000099999e-06	9.99990000099999e-06	False	17.66680335998535	2.9912338256835938	nrefs:1|bs:100000|seed:20260917|case:mixed|eff:yes|nc:6|nw:0|space:no|version:2.6.0	0-100	0.0035999640003599965	True
qwen35	gitksan_pdf2	gitksan	gs	modelgloss	matched_qwen35_gitksan_modelgloss	mtob_qwen35_gitksan_pdf2_gs	extracted	37	BLEU	12.048734246195998	0.48038871199810484	-11.568345534197894	9.99990000099999e-06	9.99990000099999e-06	False	0.38232174253201107	0.507311310019172	nrefs:1|bs:100000|seed:20260917|case:mixed|eff:no|tok:13a|smooth:none|version:2.6.0	0-100	0.0035999640003599965	True
qwen35	gitksan_pdf2	gitksan	gs	modelgloss	matched_qwen35_gitksan_modelgloss	mtob_qwen35_gitksan_pdf2_gs	extracted	37	chrF	46.547872505405444	19.594229254451076	-26.953643250954368	9.99990000099999e-06	9.99990000099999e-06	False	19.674152374267578	3.321950912475586	nrefs:1|bs:100000|seed:20260917|case:mixed|eff:yes|nc:6|nw:0|space:no|version:2.6.0	0-100	0.0035999640003599965	True
qwen35	gitksan_pdf2	gitksan	gl	shot	matched_qwen35_gitksan_shot	mtob_qwen35_gitksan_pdf2_gl	raw	37	BLEU	2.375246814469858	0.2845701189549974	-2.0906766955148606	0.03677963220367796	0.03677963220367796	False	0.2282693335165392	0.29103331336250465	nrefs:1|bs:100000|seed:20260917|case:mixed|eff:no|tok:13a|smooth:none|version:2.6.0	0-100	1.0	False
qwen35	gitksan_pdf2	gitksan	gl	shot	matched_qwen35_gitksan_shot	mtob_qwen35_gitksan_pdf2_gl	raw	37	chrF	26.123538610670128	16.732253136435112	-9.391285474235016	9.99990000099999e-06	9.99990000099999e-06	False	16.7325496673584	2.1971988677978516	nrefs:1|bs:100000|seed:20260917|case:mixed|eff:yes|nc:6|nw:0|space:no|version:2.6.0	0-100	0.0035999640003599965	True
qwen35	gitksan_pdf2	gitksan	gl	shot	matched_qwen35_gitksan_shot	mtob_qwen35_gitksan_pdf2_gl	extracted	37	BLEU	2.375246814469858	0.35506499122731433	-2.0201818232425435	0.03585964140358596	0.03585964140358596	False	0.28539094336843795	0.36467899333693254	nrefs:1|bs:100000|seed:20260917|case:mixed|eff:no|tok:13a|smooth:none|version:2.6.0	0-100	1.0	False
qwen35	gitksan_pdf2	gitksan	gl	shot	matched_qwen35_gitksan_shot	mtob_qwen35_gitksan_pdf2_gl	extracted	37	chrF	26.123538610670128	18.41213332045193	-7.711405290218199	9.99990000099999e-06	9.99990000099999e-06	False	18.438840866088867	2.3523178100585938	nrefs:1|bs:100000|seed:20260917|case:mixed|eff:yes|nc:6|nw:0|space:no|version:2.6.0	0-100	0.0035999640003599965	True
qwen35	gitksan_pdf2	gitksan	gl	chain_gloss	matched_qwen35_gitksan_chain_gloss	mtob_qwen35_gitksan_pdf2_gl	raw	37	BLEU	2.939150098501362	0.2845701189549974	-2.6545799795463645	0.046039539604603955	0.046039539604603955	False	0.2282693335165392	0.29103331336250465	nrefs:1|bs:100000|seed:20260917|case:mixed|eff:no|tok:13a|smooth:none|version:2.6.0	0-100	1.0	False
qwen35	gitksan_pdf2	gitksan	gl	chain_gloss	matched_qwen35_gitksan_chain_gloss	mtob_qwen35_gitksan_pdf2_gl	raw	37	chrF	27.356503491543567	16.732253136435112	-10.624250355108455	9.99990000099999e-06	9.99990000099999e-06	False	16.7325496673584	2.1971988677978516	nrefs:1|bs:100000|seed:20260917|case:mixed|eff:yes|nc:6|nw:0|space:no|version:2.6.0	0-100	0.0035999640003599965	True
qwen35	gitksan_pdf2	gitksan	gl	chain_gloss	matched_qwen35_gitksan_chain_gloss	mtob_qwen35_gitksan_pdf2_gl	extracted	37	BLEU	2.939150098501362	0.35506499122731433	-2.5840851072740474	0.045529544704552956	0.045529544704552956	False	0.28539094336843795	0.36467899333693254	nrefs:1|bs:100000|seed:20260917|case:mixed|eff:no|tok:13a|smooth:none|version:2.6.0	0-100	1.0	False
qwen35	gitksan_pdf2	gitksan	gl	chain_gloss	matched_qwen35_gitksan_chain_gloss	mtob_qwen35_gitksan_pdf2_gl	extracted	37	chrF	27.356503491543567	18.41213332045193	-8.944370171091638	9.99990000099999e-06	9.99990000099999e-06	False	18.438840866088867	2.3523178100585938	nrefs:1|bs:100000|seed:20260917|case:mixed|eff:yes|nc:6|nw:0|space:no|version:2.6.0	0-100	0.0035999640003599965	True
qwen35	gitksan_pdf2	gitksan	gl	modelgloss	matched_qwen35_gitksan_modelgloss	mtob_qwen35_gitksan_pdf2_gl	raw	37	BLEU	12.048734246195998	0.2845701189549974	-11.764164127241001	9.99990000099999e-06	9.99990000099999e-06	False	0.2282693335165392	0.29103331336250465	nrefs:1|bs:100000|seed:20260917|case:mixed|eff:no|tok:13a|smooth:none|version:2.6.0	0-100	0.0035999640003599965	True
qwen35	gitksan_pdf2	gitksan	gl	modelgloss	matched_qwen35_gitksan_modelgloss	mtob_qwen35_gitksan_pdf2_gl	raw	37	chrF	46.547872505405444	16.732253136435112	-29.81561936897033	9.99990000099999e-06	9.99990000099999e-06	False	16.7325496673584	2.1971988677978516	nrefs:1|bs:100000|seed:20260917|case:mixed|eff:yes|nc:6|nw:0|space:no|version:2.6.0	0-100	0.0035999640003599965	True
qwen35	gitksan_pdf2	gitksan	gl	modelgloss	matched_qwen35_gitksan_modelgloss	mtob_qwen35_gitksan_pdf2_gl	extracted	37	BLEU	12.048734246195998	0.35506499122731433	-11.693669254968684	9.99990000099999e-06	9.99990000099999e-06	False	0.28539094336843795	0.36467899333693254	nrefs:1|bs:100000|seed:20260917|case:mixed|eff:no|tok:13a|smooth:none|version:2.6.0	0-100	0.0035999640003599965	True
qwen35	gitksan_pdf2	gitksan	gl	modelgloss	matched_qwen35_gitksan_modelgloss	mtob_qwen35_gitksan_pdf2_gl	extracted	37	chrF	46.547872505405444	18.41213332045193	-28.135739184953515	9.99990000099999e-06	9.99990000099999e-06	False	18.438840866088867	2.3523178100585938	nrefs:1|bs:100000|seed:20260917|case:mixed|eff:yes|nc:6|nw:0|space:no|version:2.6.0	0-100	0.0035999640003599965	True
qwen35	natugu	natugu	ge	shot	matched_qwen35_natugu_shot	mtob_qwen35_natugu_ge	raw	99	BLEU	2.5578722298001177	0.6073688195930406	-1.950503410207077	0.0017699823001769983	0.0017699823001769983	False	0.5628056690373063	0.5633277549143814	nrefs:1|bs:100000|seed:20260917|case:mixed|eff:no|tok:13a|smooth:none|version:2.6.0	0-100	0.23717762822371777	False
qwen35	natugu	natugu	ge	shot	matched_qwen35_natugu_shot	mtob_qwen35_natugu_ge	raw	99	chrF	21.45767764428266	15.45414454520195	-6.003533099080711	9.99990000099999e-06	9.99990000099999e-06	False	15.46463394165039	1.5866923332214355	nrefs:1|bs:100000|seed:20260917|case:mixed|eff:yes|nc:6|nw:0|space:no|version:2.6.0	0-100	0.0035999640003599965	True
qwen35	natugu	natugu	ge	shot	matched_qwen35_natugu_shot	mtob_qwen35_natugu_ge	extracted	99	BLEU	2.5578722298001177	0.7822774327909897	-1.775594797009128	0.0035399646003539966	0.0035399646003539966	False	0.7279908141929956	0.7372349295420438	nrefs:1|bs:100000|seed:20260917|case:mixed|eff:no|tok:13a|smooth:none|version:2.6.0	0-100	0.4212557874421256	False
qwen35	natugu	natugu	ge	shot	matched_qwen35_natugu_shot	mtob_qwen35_natugu_ge	extracted	99	chrF	21.45767764428266	16.83000567814555	-4.627671966137111	9.99990000099999e-06	9.99990000099999e-06	False	16.84437370300293	1.732217788696289	nrefs:1|bs:100000|seed:20260917|case:mixed|eff:yes|nc:6|nw:0|space:no|version:2.6.0	0-100	0.0035999640003599965	True
qwen35	natugu	natugu	ge	chain_gloss	matched_qwen35_natugu_chain_gloss	mtob_qwen35_natugu_ge	raw	99	BLEU	2.6064251140687293	0.6073688195930406	-1.9990562944756887	0.037769622303776965	0.037769622303776965	False	0.5628056690373063	0.5633277549143814	nrefs:1|bs:100000|seed:20260917|case:mixed|eff:no|tok:13a|smooth:none|version:2.6.0	0-100	1.0	False
qwen35	natugu	natugu	ge	chain_gloss	matched_qwen35_natugu_chain_gloss	mtob_qwen35_natugu_ge	raw	99	chrF	21.18841665093125	15.45414454520195	-5.734272105729298	9.99990000099999e-06	9.99990000099999e-06	False	15.46463394165039	1.5866923332214355	nrefs:1|bs:100000|seed:20260917|case:mixed|eff:yes|nc:6|nw:0|space:no|version:2.6.0	0-100	0.0035999640003599965	True
qwen35	natugu	natugu	ge	chain_gloss	matched_qwen35_natugu_chain_gloss	mtob_qwen35_natugu_ge	extracted	99	BLEU	2.6064251140687293	0.7822774327909897	-1.8241476812777395	0.03892961070389296	0.03892961070389296	False	0.7279908141929956	0.7372349295420438	nrefs:1|bs:100000|seed:20260917|case:mixed|eff:no|tok:13a|smooth:none|version:2.6.0	0-100	1.0	False
qwen35	natugu	natugu	ge	chain_gloss	matched_qwen35_natugu_chain_gloss	mtob_qwen35_natugu_ge	extracted	99	chrF	21.18841665093125	16.83000567814555	-4.358410972785698	9.99990000099999e-06	9.99990000099999e-06	False	16.84437370300293	1.732217788696289	nrefs:1|bs:100000|seed:20260917|case:mixed|eff:yes|nc:6|nw:0|space:no|version:2.6.0	0-100	0.0035999640003599965	True
qwen35	natugu	natugu	ge	modelgloss	matched_qwen35_natugu_modelgloss	mtob_qwen35_natugu_ge	raw	99	BLEU	10.042707163484916	0.6073688195930406	-9.435338343891877	9.99990000099999e-06	9.99990000099999e-06	False	0.5628056690373063	0.5633277549143814	nrefs:1|bs:100000|seed:20260917|case:mixed|eff:no|tok:13a|smooth:none|version:2.6.0	0-100	0.0035999640003599965	True
qwen35	natugu	natugu	ge	modelgloss	matched_qwen35_natugu_modelgloss	mtob_qwen35_natugu_ge	raw	99	chrF	39.25698960661375	15.45414454520195	-23.8028450614118	9.99990000099999e-06	9.99990000099999e-06	False	15.46463394165039	1.5866923332214355	nrefs:1|bs:100000|seed:20260917|case:mixed|eff:yes|nc:6|nw:0|space:no|version:2.6.0	0-100	0.0035999640003599965	True
qwen35	natugu	natugu	ge	modelgloss	matched_qwen35_natugu_modelgloss	mtob_qwen35_natugu_ge	extracted	99	BLEU	10.042707163484916	0.7822774327909897	-9.260429730693927	9.99990000099999e-06	9.99990000099999e-06	False	0.7279908141929956	0.7372349295420438	nrefs:1|bs:100000|seed:20260917|case:mixed|eff:no|tok:13a|smooth:none|version:2.6.0	0-100	0.0035999640003599965	True
qwen35	natugu	natugu	ge	modelgloss	matched_qwen35_natugu_modelgloss	mtob_qwen35_natugu_ge	extracted	99	chrF	39.25698960661375	16.83000567814555	-22.4269839284682	9.99990000099999e-06	9.99990000099999e-06	False	16.84437370300293	1.732217788696289	nrefs:1|bs:100000|seed:20260917|case:mixed|eff:yes|nc:6|nw:0|space:no|version:2.6.0	0-100	0.0035999640003599965	True
qwen35	natugu	natugu	gs	shot	matched_qwen35_natugu_shot	mtob_qwen35_natugu_gs	raw	99	BLEU	2.5578722298001177	1.8645783347949378	-0.6932938950051799	0.16858831411685885	0.16858831411685885	False	1.875855110217136	1.2268516392230118	nrefs:1|bs:100000|seed:20260917|case:mixed|eff:no|tok:13a|smooth:none|version:2.6.0	0-100	1.0	False
qwen35	natugu	natugu	gs	shot	matched_qwen35_natugu_shot	mtob_qwen35_natugu_gs	raw	99	chrF	21.45767764428266	18.569581684390503	-2.8880959598921585	0.022989770102298978	0.022989770102298978	False	18.602108001708984	2.6638641357421875	nrefs:1|bs:100000|seed:20260917|case:mixed|eff:yes|nc:6|nw:0|space:no|version:2.6.0	0-100	1.0	False
qwen35	natugu	natugu	gs	shot	matched_qwen35_natugu_shot	mtob_qwen35_natugu_gs	extracted	99	BLEU	2.5578722298001177	2.068349418584858	-0.48952281121525987	0.22222777772222277	0.22222777772222277	False	2.0861771631099253	1.3851674959781288	nrefs:1|bs:100000|seed:20260917|case:mixed|eff:no|tok:13a|smooth:none|version:2.6.0	0-100	1.0	False
qwen35	natugu	natugu	gs	shot	matched_qwen35_natugu_shot	mtob_qwen35_natugu_gs	extracted	99	chrF	21.45767764428266	19.405945382528667	-2.051732261753994	0.07346926530734693	0.07346926530734693	False	19.44200325012207	2.7493762969970703	nrefs:1|bs:100000|seed:20260917|case:mixed|eff:yes|nc:6|nw:0|space:no|version:2.6.0	0-100	1.0	False
qwen35	natugu	natugu	gs	chain_gloss	matched_qwen35_natugu_chain_gloss	mtob_qwen35_natugu_gs	raw	99	BLEU	2.6064251140687293	1.8645783347949378	-0.7418467792737915	0.18594814051859482	0.18594814051859482	False	1.875855110217136	1.2268516392230118	nrefs:1|bs:100000|seed:20260917|case:mixed|eff:no|tok:13a|smooth:none|version:2.6.0	0-100	1.0	False
qwen35	natugu	natugu	gs	chain_gloss	matched_qwen35_natugu_chain_gloss	mtob_qwen35_natugu_gs	raw	99	chrF	21.18841665093125	18.569581684390503	-2.6188349665407458	0.037909620903790964	0.037909620903790964	False	18.602108001708984	2.6638641357421875	nrefs:1|bs:100000|seed:20260917|case:mixed|eff:yes|nc:6|nw:0|space:no|version:2.6.0	0-100	1.0	False
qwen35	natugu	natugu	gs	chain_gloss	matched_qwen35_natugu_chain_gloss	mtob_qwen35_natugu_gs	extracted	99	BLEU	2.6064251140687293	2.068349418584858	-0.5380756954838715	0.2791772082279177	0.2791772082279177	False	2.0861771631099253	1.3851674959781288	nrefs:1|bs:100000|seed:20260917|case:mixed|eff:no|tok:13a|smooth:none|version:2.6.0	0-100	1.0	False
qwen35	natugu	natugu	gs	chain_gloss	matched_qwen35_natugu_chain_gloss	mtob_qwen35_natugu_gs	extracted	99	chrF	21.18841665093125	19.405945382528667	-1.7824712684025812	0.0986090139098609	0.0986090139098609	False	19.44200325012207	2.7493762969970703	nrefs:1|bs:100000|seed:20260917|case:mixed|eff:yes|nc:6|nw:0|space:no|version:2.6.0	0-100	1.0	False
qwen35	natugu	natugu	gs	modelgloss	matched_qwen35_natugu_modelgloss	mtob_qwen35_natugu_gs	raw	99	BLEU	10.042707163484916	1.8645783347949378	-8.178128828689978	9.99990000099999e-06	9.99990000099999e-06	False	1.875855110217136	1.2268516392230118	nrefs:1|bs:100000|seed:20260917|case:mixed|eff:no|tok:13a|smooth:none|version:2.6.0	0-100	0.0035999640003599965	True
qwen35	natugu	natugu	gs	modelgloss	matched_qwen35_natugu_modelgloss	mtob_qwen35_natugu_gs	raw	99	chrF	39.25698960661375	18.569581684390503	-20.687407922223247	9.99990000099999e-06	9.99990000099999e-06	False	18.602108001708984	2.6638641357421875	nrefs:1|bs:100000|seed:20260917|case:mixed|eff:yes|nc:6|nw:0|space:no|version:2.6.0	0-100	0.0035999640003599965	True
qwen35	natugu	natugu	gs	modelgloss	matched_qwen35_natugu_modelgloss	mtob_qwen35_natugu_gs	extracted	99	BLEU	10.042707163484916	2.068349418584858	-7.974357744900058	9.99990000099999e-06	9.99990000099999e-06	False	2.0861771631099253	1.3851674959781288	nrefs:1|bs:100000|seed:20260917|case:mixed|eff:no|tok:13a|smooth:none|version:2.6.0	0-100	0.0035999640003599965	True
qwen35	natugu	natugu	gs	modelgloss	matched_qwen35_natugu_modelgloss	mtob_qwen35_natugu_gs	extracted	99	chrF	39.25698960661375	19.405945382528667	-19.851044224085083	9.99990000099999e-06	9.99990000099999e-06	False	19.44200325012207	2.7493762969970703	nrefs:1|bs:100000|seed:20260917|case:mixed|eff:yes|nc:6|nw:0|space:no|version:2.6.0	0-100	0.0035999640003599965	True
qwen35	natugu	natugu	gl	shot	matched_qwen35_natugu_shot	mtob_qwen35_natugu_gl	raw	99	BLEU	2.5578722298001177	1.1479790985601466	-1.4098931312399712	0.02926970730292697	0.02926970730292697	False	1.144713077261288	0.5710638999797234	nrefs:1|bs:100000|seed:20260917|case:mixed|eff:no|tok:13a|smooth:none|version:2.6.0	0-100	1.0	False
qwen35	natugu	natugu	gl	shot	matched_qwen35_natugu_shot	mtob_qwen35_natugu_gl	raw	99	chrF	21.45767764428266	15.722543641416992	-5.735134002865669	9.99990000099999e-06	9.99990000099999e-06	False	15.72846508026123	1.7886404991149902	nrefs:1|bs:100000|seed:20260917|case:mixed|eff:yes|nc:6|nw:0|space:no|version:2.6.0	0-100	0.0035999640003599965	True
qwen35	natugu	natugu	gl	shot	matched_qwen35_natugu_shot	mtob_qwen35_natugu_gl	extracted	99	BLEU	2.5578722298001177	2.3821552087215316	-0.1757170210785861	0.3182268177318227	0.3182268177318227	False	2.400246917087415	1.3108661851102765	nrefs:1|bs:100000|seed:20260917|case:mixed|eff:no|tok:13a|smooth:none|version:2.6.0	0-100	1.0	False
qwen35	natugu	natugu	gl	shot	matched_qwen35_natugu_shot	mtob_qwen35_natugu_gl	extracted	99	chrF	21.45767764428266	19.84499560300685	-1.6126820412758107	0.11103888961110389	0.11103888961110389	False	19.876440048217773	2.645674705505371	nrefs:1|bs:100000|seed:20260917|case:mixed|eff:yes|nc:6|nw:0|space:no|version:2.6.0	0-100	1.0	False
qwen35	natugu	natugu	gl	chain_gloss	matched_qwen35_natugu_chain_gloss	mtob_qwen35_natugu_gl	raw	99	BLEU	2.6064251140687293	1.1479790985601466	-1.4584460155085828	0.06374936250637493	0.06374936250637493	False	1.144713077261288	0.5710638999797234	nrefs:1|bs:100000|seed:20260917|case:mixed|eff:no|tok:13a|smooth:none|version:2.6.0	0-100	1.0	False
qwen35	natugu	natugu	gl	chain_gloss	matched_qwen35_natugu_chain_gloss	mtob_qwen35_natugu_gl	raw	99	chrF	21.18841665093125	15.722543641416992	-5.465873009514256	4.999950000499995e-05	4.999950000499995e-05	False	15.72846508026123	1.7886404991149902	nrefs:1|bs:100000|seed:20260917|case:mixed|eff:yes|nc:6|nw:0|space:no|version:2.6.0	0-100	0.008699913000869992	True
qwen35	natugu	natugu	gl	chain_gloss	matched_qwen35_natugu_chain_gloss	mtob_qwen35_natugu_gl	extracted	99	BLEU	2.6064251140687293	2.3821552087215316	-0.2242699053471977	0.4132258677413226	0.4132258677413226	False	2.400246917087415	1.3108661851102765	nrefs:1|bs:100000|seed:20260917|case:mixed|eff:no|tok:13a|smooth:none|version:2.6.0	0-100	1.0	False
qwen35	natugu	natugu	gl	chain_gloss	matched_qwen35_natugu_chain_gloss	mtob_qwen35_natugu_gl	extracted	99	chrF	21.18841665093125	19.84499560300685	-1.343421047924398	0.14067859321406787	0.14067859321406787	False	19.876440048217773	2.645674705505371	nrefs:1|bs:100000|seed:20260917|case:mixed|eff:yes|nc:6|nw:0|space:no|version:2.6.0	0-100	1.0	False
qwen35	natugu	natugu	gl	modelgloss	matched_qwen35_natugu_modelgloss	mtob_qwen35_natugu_gl	raw	99	BLEU	10.042707163484916	1.1479790985601466	-8.89472806492477	9.99990000099999e-06	9.99990000099999e-06	False	1.144713077261288	0.5710638999797234	nrefs:1|bs:100000|seed:20260917|case:mixed|eff:no|tok:13a|smooth:none|version:2.6.0	0-100	0.0035999640003599965	True
qwen35	natugu	natugu	gl	modelgloss	matched_qwen35_natugu_modelgloss	mtob_qwen35_natugu_gl	raw	99	chrF	39.25698960661375	15.722543641416992	-23.53444596519676	9.99990000099999e-06	9.99990000099999e-06	False	15.72846508026123	1.7886404991149902	nrefs:1|bs:100000|seed:20260917|case:mixed|eff:yes|nc:6|nw:0|space:no|version:2.6.0	0-100	0.0035999640003599965	True
qwen35	natugu	natugu	gl	modelgloss	matched_qwen35_natugu_modelgloss	mtob_qwen35_natugu_gl	extracted	99	BLEU	10.042707163484916	2.3821552087215316	-7.660551954763385	9.99990000099999e-06	9.99990000099999e-06	False	2.400246917087415	1.3108661851102765	nrefs:1|bs:100000|seed:20260917|case:mixed|eff:no|tok:13a|smooth:none|version:2.6.0	0-100	0.0035999640003599965	True
qwen35	natugu	natugu	gl	modelgloss	matched_qwen35_natugu_modelgloss	mtob_qwen35_natugu_gl	extracted	99	chrF	39.25698960661375	19.84499560300685	-19.4119940036069	9.99990000099999e-06	9.99990000099999e-06	False	19.876440048217773	2.645674705505371	nrefs:1|bs:100000|seed:20260917|case:mixed|eff:yes|nc:6|nw:0|space:no|version:2.6.0	0-100	0.0035999640003599965	True
qwen35	lezgi	lezgi	ge	shot	matched_qwen35_lezgi_shot	mtob_qwen35_lezgi_ge	raw	87	BLEU	4.968461604735182	1.2384110029838067	-3.7300506017513757	0.02052979470205298	0.02052979470205298	False	1.1385020864864872	1.1122146405229507	nrefs:1|bs:100000|seed:20260917|case:mixed|eff:no|tok:13a|smooth:none|version:2.6.0	0-100	1.0	False
qwen35	lezgi	lezgi	ge	shot	matched_qwen35_lezgi_shot	mtob_qwen35_lezgi_ge	raw	87	chrF	28.475645211631235	22.188599574118676	-6.287045637512559	0.0015099849001509985	0.0015099849001509985	False	22.23430061340332	3.3853206634521484	nrefs:1|bs:100000|seed:20260917|case:mixed|eff:yes|nc:6|nw:0|space:no|version:2.6.0	0-100	0.2053579464205358	False
qwen35	lezgi	lezgi	ge	shot	matched_qwen35_lezgi_shot	mtob_qwen35_lezgi_ge	extracted	87	BLEU	4.968461604735182	1.390362174317228	-3.5780994304179545	0.022869771302286977	0.022869771302286977	False	1.2724935092070009	1.2237909837322805	nrefs:1|bs:100000|seed:20260917|case:mixed|eff:no|tok:13a|smooth:none|version:2.6.0	0-100	1.0	False
qwen35	lezgi	lezgi	ge	shot	matched_qwen35_lezgi_shot	mtob_qwen35_lezgi_ge	extracted	87	chrF	28.475645211631235	22.959827096817204	-5.5158181148140315	0.003939960600393996	0.003939960600393996	False	22.99469566345215	3.3699874877929688	nrefs:1|bs:100000|seed:20260917|case:mixed|eff:yes|nc:6|nw:0|space:no|version:2.6.0	0-100	0.4637353626463735	False
qwen35	lezgi	lezgi	ge	chain_gloss	matched_qwen35_lezgi_chain_gloss	mtob_qwen35_lezgi_ge	raw	87	BLEU	7.0270146739771135	1.2384110029838067	-5.788603670993307	0.03316966830331697	0.03316966830331697	False	1.1385020864864872	1.1122146405229507	nrefs:1|bs:100000|seed:20260917|case:mixed|eff:no|tok:13a|smooth:none|version:2.6.0	0-100	1.0	False
qwen35	lezgi	lezgi	ge	chain_gloss	matched_qwen35_lezgi_chain_gloss	mtob_qwen35_lezgi_ge	raw	87	chrF	29.529384297349853	22.188599574118676	-7.340784723231177	0.0012199878001219987	0.0012199878001219987	False	22.23430061340332	3.3853206634521484	nrefs:1|bs:100000|seed:20260917|case:mixed|eff:yes|nc:6|nw:0|space:no|version:2.6.0	0-100	0.16713832861671382	False
qwen35	lezgi	lezgi	ge	chain_gloss	matched_qwen35_lezgi_chain_gloss	mtob_qwen35_lezgi_ge	extracted	87	BLEU	7.0270146739771135	1.390362174317228	-5.636652499659886	0.03550964490355096	0.03550964490355096	False	1.2724935092070009	1.2237909837322805	nrefs:1|bs:100000|seed:20260917|case:mixed|eff:no|tok:13a|smooth:none|version:2.6.0	0-100	1.0	False
qwen35	lezgi	lezgi	ge	chain_gloss	matched_qwen35_lezgi_chain_gloss	mtob_qwen35_lezgi_ge	extracted	87	chrF	29.529384297349853	22.959827096817204	-6.56955720053265	0.0027999720002799973	0.0027999720002799973	False	22.99469566345215	3.3699874877929688	nrefs:1|bs:100000|seed:20260917|case:mixed|eff:yes|nc:6|nw:0|space:no|version:2.6.0	0-100	0.36119638803611964	False
qwen35	lezgi	lezgi	ge	modelgloss	matched_qwen35_lezgi_modelgloss	mtob_qwen35_lezgi_ge	raw	87	BLEU	8.902645803970735	1.2384110029838067	-7.664234800986929	0.00014999850001499985	0.00014999850001499985	False	1.1385020864864872	1.1122146405229507	nrefs:1|bs:100000|seed:20260917|case:mixed|eff:no|tok:13a|smooth:none|version:2.6.0	0-100	0.022799772002279978	True
qwen35	lezgi	lezgi	ge	modelgloss	matched_qwen35_lezgi_modelgloss	mtob_qwen35_lezgi_ge	raw	87	chrF	39.16018080444188	22.188599574118676	-16.971581230323203	9.99990000099999e-06	9.99990000099999e-06	False	22.23430061340332	3.3853206634521484	nrefs:1|bs:100000|seed:20260917|case:mixed|eff:yes|nc:6|nw:0|space:no|version:2.6.0	0-100	0.0035999640003599965	True
qwen35	lezgi	lezgi	ge	modelgloss	matched_qwen35_lezgi_modelgloss	mtob_qwen35_lezgi_ge	extracted	87	BLEU	8.902645803970735	1.390362174317228	-7.512283629653507	0.00013999860001399987	0.00013999860001399987	False	1.2724935092070009	1.2237909837322805	nrefs:1|bs:100000|seed:20260917|case:mixed|eff:no|tok:13a|smooth:none|version:2.6.0	0-100	0.02169978300216998	True
qwen35	lezgi	lezgi	ge	modelgloss	matched_qwen35_lezgi_modelgloss	mtob_qwen35_lezgi_ge	extracted	87	chrF	39.16018080444188	22.959827096817204	-16.200353707624675	9.99990000099999e-06	9.99990000099999e-06	False	22.99469566345215	3.3699874877929688	nrefs:1|bs:100000|seed:20260917|case:mixed|eff:yes|nc:6|nw:0|space:no|version:2.6.0	0-100	0.0035999640003599965	True
qwen35	lezgi	lezgi	gs	shot	matched_qwen35_lezgi_shot	mtob_qwen35_lezgi_gs	raw	87	BLEU	4.968461604735182	1.9113116844720743	-3.0571499202631083	0.03185968140318597	0.03185968140318597	False	1.854576630977939	1.6504921542791997	nrefs:1|bs:100000|seed:20260917|case:mixed|eff:no|tok:13a|smooth:none|version:2.6.0	0-100	1.0	False
qwen35	lezgi	lezgi	gs	shot	matched_qwen35_lezgi_shot	mtob_qwen35_lezgi_gs	raw	87	chrF	28.475645211631235	23.08166201834401	-5.393983193287227	0.001899981000189998	0.001899981000189998	False	23.103897094726562	3.020498275756836	nrefs:1|bs:100000|seed:20260917|case:mixed|eff:yes|nc:6|nw:0|space:no|version:2.6.0	0-100	0.25269747302526974	False
qwen35	lezgi	lezgi	gs	shot	matched_qwen35_lezgi_shot	mtob_qwen35_lezgi_gs	extracted	87	BLEU	4.968461604735182	2.08250334718696	-2.8859582575482223	0.03556964430355696	0.03556964430355696	False	2.0174367761565333	1.7782157581468903	nrefs:1|bs:100000|seed:20260917|case:mixed|eff:no|tok:13a|smooth:none|version:2.6.0	0-100	1.0	False
qwen35	lezgi	lezgi	gs	shot	matched_qwen35_lezgi_shot	mtob_qwen35_lezgi_gs	extracted	87	chrF	28.475645211631235	23.629211592132453	-4.846433619498782	0.003929960700392996	0.003929960700392996	False	23.64886474609375	2.9668054580688477	nrefs:1|bs:100000|seed:20260917|case:mixed|eff:yes|nc:6|nw:0|space:no|version:2.6.0	0-100	0.4637353626463735	False
qwen35	lezgi	lezgi	gs	chain_gloss	matched_qwen35_lezgi_chain_gloss	mtob_qwen35_lezgi_gs	raw	87	BLEU	7.0270146739771135	1.9113116844720743	-5.115702989505039	0.04339956600433996	0.04339956600433996	False	1.854576630977939	1.6504921542791997	nrefs:1|bs:100000|seed:20260917|case:mixed|eff:no|tok:13a|smooth:none|version:2.6.0	0-100	1.0	False
qwen35	lezgi	lezgi	gs	chain_gloss	matched_qwen35_lezgi_chain_gloss	mtob_qwen35_lezgi_gs	raw	87	chrF	29.529384297349853	23.08166201834401	-6.447722279005845	0.0015399846001539984	0.0015399846001539984	False	23.103897094726562	3.020498275756836	nrefs:1|bs:100000|seed:20260917|case:mixed|eff:yes|nc:6|nw:0|space:no|version:2.6.0	0-100	0.2078979210207898	False
qwen35	lezgi	lezgi	gs	chain_gloss	matched_qwen35_lezgi_chain_gloss	mtob_qwen35_lezgi_gs	extracted	87	BLEU	7.0270146739771135	2.08250334718696	-4.9445113267901535	0.04675953240467595	0.04675953240467595	False	2.0174367761565333	1.7782157581468903	nrefs:1|bs:100000|seed:20260917|case:mixed|eff:no|tok:13a|smooth:none|version:2.6.0	0-100	1.0	False
qwen35	lezgi	lezgi	gs	chain_gloss	matched_qwen35_lezgi_chain_gloss	mtob_qwen35_lezgi_gs	extracted	87	chrF	29.529384297349853	23.629211592132453	-5.9001727052174004	0.0025599744002559976	0.0025599744002559976	False	23.64886474609375	2.9668054580688477	nrefs:1|bs:100000|seed:20260917|case:mixed|eff:yes|nc:6|nw:0|space:no|version:2.6.0	0-100	0.3353566464335357	False
qwen35	lezgi	lezgi	gs	modelgloss	matched_qwen35_lezgi_modelgloss	mtob_qwen35_lezgi_gs	raw	87	BLEU	8.902645803970735	1.9113116844720743	-6.991334119498661	0.0002099979000209998	0.0002099979000209998	False	1.854576630977939	1.6504921542791997	nrefs:1|bs:100000|seed:20260917|case:mixed|eff:no|tok:13a|smooth:none|version:2.6.0	0-100	0.03170968290317097	True
qwen35	lezgi	lezgi	gs	modelgloss	matched_qwen35_lezgi_modelgloss	mtob_qwen35_lezgi_gs	raw	87	chrF	39.16018080444188	23.08166201834401	-16.07851878609787	9.99990000099999e-06	9.99990000099999e-06	False	23.103897094726562	3.020498275756836	nrefs:1|bs:100000|seed:20260917|case:mixed|eff:yes|nc:6|nw:0|space:no|version:2.6.0	0-100	0.0035999640003599965	True
qwen35	lezgi	lezgi	gs	modelgloss	matched_qwen35_lezgi_modelgloss	mtob_qwen35_lezgi_gs	extracted	87	BLEU	8.902645803970735	2.08250334718696	-6.820142456783775	0.00021999780002199978	0.00021999780002199978	False	2.0174367761565333	1.7782157581468903	nrefs:1|bs:100000|seed:20260917|case:mixed|eff:no|tok:13a|smooth:none|version:2.6.0	0-100	0.03277967220327797	True
qwen35	lezgi	lezgi	gs	modelgloss	matched_qwen35_lezgi_modelgloss	mtob_qwen35_lezgi_gs	extracted	87	chrF	39.16018080444188	23.629211592132453	-15.530969212309426	9.99990000099999e-06	9.99990000099999e-06	False	23.64886474609375	2.9668054580688477	nrefs:1|bs:100000|seed:20260917|case:mixed|eff:yes|nc:6|nw:0|space:no|version:2.6.0	0-100	0.0035999640003599965	True
qwen35	lezgi	lezgi	gl	shot	matched_qwen35_lezgi_shot	mtob_qwen35_lezgi_gl	raw	87	BLEU	4.968461604735182	0.41861518577280993	-4.549846418962373	0.013579864201357986	0.013579864201357986	False	0.3799268533380012	0.3550520623934948	nrefs:1|bs:100000|seed:20260917|case:mixed|eff:no|tok:13a|smooth:none|version:2.6.0	0-100	1.0	False
qwen35	lezgi	lezgi	gl	shot	matched_qwen35_lezgi_shot	mtob_qwen35_lezgi_gl	raw	87	chrF	28.475645211631235	14.754117090232407	-13.721528121398828	9.99990000099999e-06	9.99990000099999e-06	False	14.782306671142578	2.116115093231201	nrefs:1|bs:100000|seed:20260917|case:mixed|eff:yes|nc:6|nw:0|space:no|version:2.6.0	0-100	0.0035999640003599965	True
qwen35	lezgi	lezgi	gl	shot	matched_qwen35_lezgi_shot	mtob_qwen35_lezgi_gl	extracted	87	BLEU	4.968461604735182	0.8380777481127826	-4.1303838566224	0.016149838501614985	0.016149838501614985	False	0.7676500720053065	0.7344998916171508	nrefs:1|bs:100000|seed:20260917|case:mixed|eff:no|tok:13a|smooth:none|version:2.6.0	0-100	1.0	False
qwen35	lezgi	lezgi	gl	shot	matched_qwen35_lezgi_shot	mtob_qwen35_lezgi_gl	extracted	87	chrF	28.475645211631235	20.043608153848734	-8.432037057782502	4.999950000499995e-05	4.999950000499995e-05	False	20.09366798400879	2.8625288009643555	nrefs:1|bs:100000|seed:20260917|case:mixed|eff:yes|nc:6|nw:0|space:no|version:2.6.0	0-100	0.008699913000869992	True
qwen35	lezgi	lezgi	gl	chain_gloss	matched_qwen35_lezgi_chain_gloss	mtob_qwen35_lezgi_gl	raw	87	BLEU	7.0270146739771135	0.41861518577280993	-6.608399488204304	0.024799752002479976	0.024799752002479976	False	0.3799268533380012	0.3550520623934948	nrefs:1|bs:100000|seed:20260917|case:mixed|eff:no|tok:13a|smooth:none|version:2.6.0	0-100	1.0	False
qwen35	lezgi	lezgi	gl	chain_gloss	matched_qwen35_lezgi_chain_gloss	mtob_qwen35_lezgi_gl	raw	87	chrF	29.529384297349853	14.754117090232407	-14.775267207117446	9.99990000099999e-06	9.99990000099999e-06	False	14.782306671142578	2.116115093231201	nrefs:1|bs:100000|seed:20260917|case:mixed|eff:yes|nc:6|nw:0|space:no|version:2.6.0	0-100	0.0035999640003599965	True
qwen35	lezgi	lezgi	gl	chain_gloss	matched_qwen35_lezgi_chain_gloss	mtob_qwen35_lezgi_gl	extracted	87	BLEU	7.0270146739771135	0.8380777481127826	-6.188936925864331	0.028129718702812972	0.028129718702812972	False	0.7676500720053065	0.7344998916171508	nrefs:1|bs:100000|seed:20260917|case:mixed|eff:no|tok:13a|smooth:none|version:2.6.0	0-100	1.0	False
qwen35	lezgi	lezgi	gl	chain_gloss	matched_qwen35_lezgi_chain_gloss	mtob_qwen35_lezgi_gl	extracted	87	chrF	29.529384297349853	20.043608153848734	-9.48577614350112	4.999950000499995e-05	4.999950000499995e-05	False	20.09366798400879	2.8625288009643555	nrefs:1|bs:100000|seed:20260917|case:mixed|eff:yes|nc:6|nw:0|space:no|version:2.6.0	0-100	0.008699913000869992	True
qwen35	lezgi	lezgi	gl	modelgloss	matched_qwen35_lezgi_modelgloss	mtob_qwen35_lezgi_gl	raw	87	BLEU	8.902645803970735	0.41861518577280993	-8.484030618197925	6.999930000699993e-05	6.999930000699993e-05	False	0.3799268533380012	0.3550520623934948	nrefs:1|bs:100000|seed:20260917|case:mixed|eff:no|tok:13a|smooth:none|version:2.6.0	0-100	0.01168988310116899	True
qwen35	lezgi	lezgi	gl	modelgloss	matched_qwen35_lezgi_modelgloss	mtob_qwen35_lezgi_gl	raw	87	chrF	39.16018080444188	14.754117090232407	-24.406063714209473	9.99990000099999e-06	9.99990000099999e-06	False	14.782306671142578	2.116115093231201	nrefs:1|bs:100000|seed:20260917|case:mixed|eff:yes|nc:6|nw:0|space:no|version:2.6.0	0-100	0.0035999640003599965	True
qwen35	lezgi	lezgi	gl	modelgloss	matched_qwen35_lezgi_modelgloss	mtob_qwen35_lezgi_gl	extracted	87	BLEU	8.902645803970735	0.8380777481127826	-8.064568055857952	0.00013999860001399987	0.00013999860001399987	False	0.7676500720053065	0.7344998916171508	nrefs:1|bs:100000|seed:20260917|case:mixed|eff:no|tok:13a|smooth:none|version:2.6.0	0-100	0.02169978300216998	True
qwen35	lezgi	lezgi	gl	modelgloss	matched_qwen35_lezgi_modelgloss	mtob_qwen35_lezgi_gl	extracted	87	chrF	39.16018080444188	20.043608153848734	-19.116572650593145	9.99990000099999e-06	9.99990000099999e-06	False	20.09366798400879	2.8625288009643555	nrefs:1|bs:100000|seed:20260917|case:mixed|eff:yes|nc:6|nw:0|space:no|version:2.6.0	0-100	0.0035999640003599965	True
qwen35	tsez	tsez	ge	shot	matched_qwen35_tsez_shot	mtob_qwen35_tsez_ge	raw	445	BLEU	1.2863421974527696	0.0	-1.2863421974527696	9.99990000099999e-06	9.99990000099999e-06	False	0.0	0.0	nrefs:1|bs:100000|seed:20260917|case:mixed|eff:no|tok:13a|smooth:none|version:2.6.0	0-100	0.0035999640003599965	True
qwen35	tsez	tsez	ge	shot	matched_qwen35_tsez_shot	mtob_qwen35_tsez_ge	raw	445	chrF	20.575521405397765	18.171724212442697	-2.403797192955068	9.99990000099999e-06	9.99990000099999e-06	False	18.17245864868164	0.6363811492919922	nrefs:1|bs:100000|seed:20260917|case:mixed|eff:yes|nc:6|nw:0|space:no|version:2.6.0	0-100	0.0035999640003599965	True
qwen35	tsez	tsez	ge	shot	matched_qwen35_tsez_shot	mtob_qwen35_tsez_ge	extracted	445	BLEU	1.2863421974527696	0.0	-1.2863421974527696	9.99990000099999e-06	9.99990000099999e-06	False	0.0	0.0	nrefs:1|bs:100000|seed:20260917|case:mixed|eff:no|tok:13a|smooth:none|version:2.6.0	0-100	0.0035999640003599965	True
qwen35	tsez	tsez	ge	shot	matched_qwen35_tsez_shot	mtob_qwen35_tsez_ge	extracted	445	chrF	20.575521405397765	18.43055597334838	-2.1449654320493856	9.99990000099999e-06	9.99990000099999e-06	False	18.43108558654785	0.6252241134643555	nrefs:1|bs:100000|seed:20260917|case:mixed|eff:yes|nc:6|nw:0|space:no|version:2.6.0	0-100	0.0035999640003599965	True
qwen35	tsez	tsez	ge	chain_gloss	matched_qwen35_tsez_chain_gloss	mtob_qwen35_tsez_ge	raw	445	BLEU	1.286184448585261	0.0	-1.286184448585261	9.99990000099999e-06	9.99990000099999e-06	False	0.0	0.0	nrefs:1|bs:100000|seed:20260917|case:mixed|eff:no|tok:13a|smooth:none|version:2.6.0	0-100	0.0035999640003599965	True
qwen35	tsez	tsez	ge	chain_gloss	matched_qwen35_tsez_chain_gloss	mtob_qwen35_tsez_ge	raw	445	chrF	21.01798558796135	18.171724212442697	-2.846261375518651	9.99990000099999e-06	9.99990000099999e-06	False	18.17245864868164	0.6363811492919922	nrefs:1|bs:100000|seed:20260917|case:mixed|eff:yes|nc:6|nw:0|space:no|version:2.6.0	0-100	0.0035999640003599965	True
qwen35	tsez	tsez	ge	chain_gloss	matched_qwen35_tsez_chain_gloss	mtob_qwen35_tsez_ge	extracted	445	BLEU	1.286184448585261	0.0	-1.286184448585261	9.99990000099999e-06	9.99990000099999e-06	False	0.0	0.0	nrefs:1|bs:100000|seed:20260917|case:mixed|eff:no|tok:13a|smooth:none|version:2.6.0	0-100	0.0035999640003599965	True
qwen35	tsez	tsez	ge	chain_gloss	matched_qwen35_tsez_chain_gloss	mtob_qwen35_tsez_ge	extracted	445	chrF	21.01798558796135	18.43055597334838	-2.5874296146129687	9.99990000099999e-06	9.99990000099999e-06	False	18.43108558654785	0.6252241134643555	nrefs:1|bs:100000|seed:20260917|case:mixed|eff:yes|nc:6|nw:0|space:no|version:2.6.0	0-100	0.0035999640003599965	True
qwen35	tsez	tsez	ge	modelgloss	matched_qwen35_tsez_modelgloss	mtob_qwen35_tsez_ge	raw	445	BLEU	10.127504127582766	0.0	-10.127504127582766	9.99990000099999e-06	9.99990000099999e-06	False	0.0	0.0	nrefs:1|bs:100000|seed:20260917|case:mixed|eff:no|tok:13a|smooth:none|version:2.6.0	0-100	0.0035999640003599965	True
qwen35	tsez	tsez	ge	modelgloss	matched_qwen35_tsez_modelgloss	mtob_qwen35_tsez_ge	raw	445	chrF	40.37228190305444	18.171724212442697	-22.200557690611745	9.99990000099999e-06	9.99990000099999e-06	False	18.17245864868164	0.6363811492919922	nrefs:1|bs:100000|seed:20260917|case:mixed|eff:yes|nc:6|nw:0|space:no|version:2.6.0	0-100	0.0035999640003599965	True
qwen35	tsez	tsez	ge	modelgloss	matched_qwen35_tsez_modelgloss	mtob_qwen35_tsez_ge	extracted	445	BLEU	10.127504127582766	0.0	-10.127504127582766	9.99990000099999e-06	9.99990000099999e-06	False	0.0	0.0	nrefs:1|bs:100000|seed:20260917|case:mixed|eff:no|tok:13a|smooth:none|version:2.6.0	0-100	0.0035999640003599965	True
qwen35	tsez	tsez	ge	modelgloss	matched_qwen35_tsez_modelgloss	mtob_qwen35_tsez_ge	extracted	445	chrF	40.37228190305444	18.43055597334838	-21.941725929706063	9.99990000099999e-06	9.99990000099999e-06	False	18.43108558654785	0.6252241134643555	nrefs:1|bs:100000|seed:20260917|case:mixed|eff:yes|nc:6|nw:0|space:no|version:2.6.0	0-100	0.0035999640003599965	True
qwen35	tsez	tsez	gs	shot	matched_qwen35_tsez_shot	mtob_qwen35_tsez_gs	raw	445	BLEU	1.2863421974527696	0.0	-1.2863421974527696	9.99990000099999e-06	9.99990000099999e-06	False	0.0	0.0	nrefs:1|bs:100000|seed:20260917|case:mixed|eff:no|tok:13a|smooth:none|version:2.6.0	0-100	0.0035999640003599965	True
qwen35	tsez	tsez	gs	shot	matched_qwen35_tsez_shot	mtob_qwen35_tsez_gs	raw	445	chrF	20.575521405397765	17.93424570629986	-2.641275699097907	9.99990000099999e-06	9.99990000099999e-06	False	17.93500518798828	0.6512765884399414	nrefs:1|bs:100000|seed:20260917|case:mixed|eff:yes|nc:6|nw:0|space:no|version:2.6.0	0-100	0.0035999640003599965	True
qwen35	tsez	tsez	gs	shot	matched_qwen35_tsez_shot	mtob_qwen35_tsez_gs	extracted	445	BLEU	1.2863421974527696	0.0	-1.2863421974527696	9.99990000099999e-06	9.99990000099999e-06	False	0.0	0.0	nrefs:1|bs:100000|seed:20260917|case:mixed|eff:no|tok:13a|smooth:none|version:2.6.0	0-100	0.0035999640003599965	True
qwen35	tsez	tsez	gs	shot	matched_qwen35_tsez_shot	mtob_qwen35_tsez_gs	extracted	445	chrF	20.575521405397765	18.834700627498393	-1.7408207778993727	2.999970000299997e-05	2.999970000299997e-05	False	18.834226608276367	0.6109189987182617	nrefs:1|bs:100000|seed:20260917|case:mixed|eff:yes|nc:6|nw:0|space:no|version:2.6.0	0-100	0.005459945400545995	True
qwen35	tsez	tsez	gs	chain_gloss	matched_qwen35_tsez_chain_gloss	mtob_qwen35_tsez_gs	raw	445	BLEU	1.286184448585261	0.0	-1.286184448585261	9.99990000099999e-06	9.99990000099999e-06	False	0.0	0.0	nrefs:1|bs:100000|seed:20260917|case:mixed|eff:no|tok:13a|smooth:none|version:2.6.0	0-100	0.0035999640003599965	True
qwen35	tsez	tsez	gs	chain_gloss	matched_qwen35_tsez_chain_gloss	mtob_qwen35_tsez_gs	raw	445	chrF	21.01798558796135	17.93424570629986	-3.08373988166149	9.99990000099999e-06	9.99990000099999e-06	False	17.93500518798828	0.6512765884399414	nrefs:1|bs:100000|seed:20260917|case:mixed|eff:yes|nc:6|nw:0|space:no|version:2.6.0	0-100	0.0035999640003599965	True
qwen35	tsez	tsez	gs	chain_gloss	matched_qwen35_tsez_chain_gloss	mtob_qwen35_tsez_gs	extracted	445	BLEU	1.286184448585261	0.0	-1.286184448585261	9.99990000099999e-06	9.99990000099999e-06	False	0.0	0.0	nrefs:1|bs:100000|seed:20260917|case:mixed|eff:no|tok:13a|smooth:none|version:2.6.0	0-100	0.0035999640003599965	True
qwen35	tsez	tsez	gs	chain_gloss	matched_qwen35_tsez_chain_gloss	mtob_qwen35_tsez_gs	extracted	445	chrF	21.01798558796135	18.834700627498393	-2.183284960462956	9.99990000099999e-06	9.99990000099999e-06	False	18.834226608276367	0.6109189987182617	nrefs:1|bs:100000|seed:20260917|case:mixed|eff:yes|nc:6|nw:0|space:no|version:2.6.0	0-100	0.0035999640003599965	True
qwen35	tsez	tsez	gs	modelgloss	matched_qwen35_tsez_modelgloss	mtob_qwen35_tsez_gs	raw	445	BLEU	10.127504127582766	0.0	-10.127504127582766	9.99990000099999e-06	9.99990000099999e-06	False	0.0	0.0	nrefs:1|bs:100000|seed:20260917|case:mixed|eff:no|tok:13a|smooth:none|version:2.6.0	0-100	0.0035999640003599965	True
qwen35	tsez	tsez	gs	modelgloss	matched_qwen35_tsez_modelgloss	mtob_qwen35_tsez_gs	raw	445	chrF	40.37228190305444	17.93424570629986	-22.438036196754584	9.99990000099999e-06	9.99990000099999e-06	False	17.93500518798828	0.6512765884399414	nrefs:1|bs:100000|seed:20260917|case:mixed|eff:yes|nc:6|nw:0|space:no|version:2.6.0	0-100	0.0035999640003599965	True
qwen35	tsez	tsez	gs	modelgloss	matched_qwen35_tsez_modelgloss	mtob_qwen35_tsez_gs	extracted	445	BLEU	10.127504127582766	0.0	-10.127504127582766	9.99990000099999e-06	9.99990000099999e-06	False	0.0	0.0	nrefs:1|bs:100000|seed:20260917|case:mixed|eff:no|tok:13a|smooth:none|version:2.6.0	0-100	0.0035999640003599965	True
qwen35	tsez	tsez	gs	modelgloss	matched_qwen35_tsez_modelgloss	mtob_qwen35_tsez_gs	extracted	445	chrF	40.37228190305444	18.834700627498393	-21.53758127555605	9.99990000099999e-06	9.99990000099999e-06	False	18.834226608276367	0.6109189987182617	nrefs:1|bs:100000|seed:20260917|case:mixed|eff:yes|nc:6|nw:0|space:no|version:2.6.0	0-100	0.0035999640003599965	True
qwen35	tsez	tsez	gl	shot	matched_qwen35_tsez_shot	mtob_qwen35_tsez_gl	raw	445	BLEU	1.2863421974527696	0.10690941814534251	-1.179432779307427	1.999980000199998e-05	1.999980000199998e-05	False	0.0762014262380922	0.08177030911129153	nrefs:1|bs:100000|seed:20260917|case:mixed|eff:no|tok:13a|smooth:none|version:2.6.0	0-100	0.0037399626003739965	True
qwen35	tsez	tsez	gl	shot	matched_qwen35_tsez_shot	mtob_qwen35_tsez_gl	raw	445	chrF	20.575521405397765	14.952743275194125	-5.62277813020364	9.99990000099999e-06	9.99990000099999e-06	False	14.953689575195312	0.5606532096862793	nrefs:1|bs:100000|seed:20260917|case:mixed|eff:yes|nc:6|nw:0|space:no|version:2.6.0	0-100	0.0035999640003599965	True
qwen35	tsez	tsez	gl	shot	matched_qwen35_tsez_shot	mtob_qwen35_tsez_gl	extracted	445	BLEU	1.2863421974527696	0.1668586814786753	-1.1194835159740943	4.999950000499995e-05	4.999950000499995e-05	False	0.11941562325196994	0.1299103728953392	nrefs:1|bs:100000|seed:20260917|case:mixed|eff:no|tok:13a|smooth:none|version:2.6.0	0-100	0.008699913000869992	True
qwen35	tsez	tsez	gl	shot	matched_qwen35_tsez_shot	mtob_qwen35_tsez_gl	extracted	445	chrF	20.575521405397765	17.410204075065234	-3.165317330332531	9.99990000099999e-06	9.99990000099999e-06	False	17.411176681518555	0.6061763763427734	nrefs:1|bs:100000|seed:20260917|case:mixed|eff:yes|nc:6|nw:0|space:no|version:2.6.0	0-100	0.0035999640003599965	True
qwen35	tsez	tsez	gl	chain_gloss	matched_qwen35_tsez_chain_gloss	mtob_qwen35_tsez_gl	raw	445	BLEU	1.286184448585261	0.10690941814534251	-1.1792750304399184	1.999980000199998e-05	1.999980000199998e-05	False	0.0762014262380922	0.08177030911129153	nrefs:1|bs:100000|seed:20260917|case:mixed|eff:no|tok:13a|smooth:none|version:2.6.0	0-100	0.0037399626003739965	True
qwen35	tsez	tsez	gl	chain_gloss	matched_qwen35_tsez_chain_gloss	mtob_qwen35_tsez_gl	raw	445	chrF	21.01798558796135	14.952743275194125	-6.065242312767223	9.99990000099999e-06	9.99990000099999e-06	False	14.953689575195312	0.5606532096862793	nrefs:1|bs:100000|seed:20260917|case:mixed|eff:yes|nc:6|nw:0|space:no|version:2.6.0	0-100	0.0035999640003599965	True
qwen35	tsez	tsez	gl	chain_gloss	matched_qwen35_tsez_chain_gloss	mtob_qwen35_tsez_gl	extracted	445	BLEU	1.286184448585261	0.1668586814786753	-1.1193257671065857	3.999960000399996e-05	3.999960000399996e-05	False	0.11941562325196994	0.1299103728953392	nrefs:1|bs:100000|seed:20260917|case:mixed|eff:no|tok:13a|smooth:none|version:2.6.0	0-100	0.007039929600703994	True
qwen35	tsez	tsez	gl	chain_gloss	matched_qwen35_tsez_chain_gloss	mtob_qwen35_tsez_gl	extracted	445	chrF	21.01798558796135	17.410204075065234	-3.607781512896114	9.99990000099999e-06	9.99990000099999e-06	False	17.411176681518555	0.6061763763427734	nrefs:1|bs:100000|seed:20260917|case:mixed|eff:yes|nc:6|nw:0|space:no|version:2.6.0	0-100	0.0035999640003599965	True
qwen35	tsez	tsez	gl	modelgloss	matched_qwen35_tsez_modelgloss	mtob_qwen35_tsez_gl	raw	445	BLEU	10.127504127582766	0.10690941814534251	-10.020594709437423	9.99990000099999e-06	9.99990000099999e-06	False	0.0762014262380922	0.08177030911129153	nrefs:1|bs:100000|seed:20260917|case:mixed|eff:no|tok:13a|smooth:none|version:2.6.0	0-100	0.0035999640003599965	True
qwen35	tsez	tsez	gl	modelgloss	matched_qwen35_tsez_modelgloss	mtob_qwen35_tsez_gl	raw	445	chrF	40.37228190305444	14.952743275194125	-25.41953862786032	9.99990000099999e-06	9.99990000099999e-06	False	14.953689575195312	0.5606532096862793	nrefs:1|bs:100000|seed:20260917|case:mixed|eff:yes|nc:6|nw:0|space:no|version:2.6.0	0-100	0.0035999640003599965	True
qwen35	tsez	tsez	gl	modelgloss	matched_qwen35_tsez_modelgloss	mtob_qwen35_tsez_gl	extracted	445	BLEU	10.127504127582766	0.1668586814786753	-9.96064544610409	9.99990000099999e-06	9.99990000099999e-06	False	0.11941562325196994	0.1299103728953392	nrefs:1|bs:100000|seed:20260917|case:mixed|eff:no|tok:13a|smooth:none|version:2.6.0	0-100	0.0035999640003599965	True
qwen35	tsez	tsez	gl	modelgloss	matched_qwen35_tsez_modelgloss	mtob_qwen35_tsez_gl	extracted	445	chrF	40.37228190305444	17.410204075065234	-22.96207782798921	9.99990000099999e-06	9.99990000099999e-06	False	17.411176681518555	0.6061763763427734	nrefs:1|bs:100000|seed:20260917|case:mixed|eff:yes|nc:6|nw:0|space:no|version:2.6.0	0-100	0.0035999640003599965	True
