id	model	language	source	variant	method	material	config	results	metrics	xxl_metrics	records	expected	state	xl_verified	xxl_verified	empty	truncated	missing_gloss	reasoning	errors	cohort	evaluated_records	bleu	chrf_plus_plus	xcomet_xl	xcomet_xxl
gemini25flashlite_gitksan_grammar_original_chain_gloss_baseline	gemini25flashlite	Gitksan	grammar	original	chain_gloss	baseline	configs/matched_gold_v2/gemini25flashlite_gitksan_grammar_original_chain_gloss_baseline.json	results/matched_gold_v2/gemini25flashlite/gitksan/grammar/original/chain_gloss_baseline.jsonl	metrics/matched_gold_v2/lexical_and_xcomet_xl/gemini25flashlite/gitksan/grammar/original/chain_gloss_baseline.json	metrics/matched_gold_v2/xcomet_xxl/gemini25flashlite/gitksan/grammar/original/chain_gloss_baseline.json	37	37	complete	True	True	3	3	3	0	3	native	37	6.7107282419465095	24.71279193066445	0.3682114727593757	0.24041910731309168
gemini25flashlite_gitksan_grammar_original_chain_gloss_baseline	gemini25flashlite	Gitksan	grammar	original	chain_gloss	baseline	configs/matched_gold_v2/gemini25flashlite_gitksan_grammar_original_chain_gloss_baseline.json	results/matched_gold_v2/gemini25flashlite/gitksan/grammar/original/chain_gloss_baseline.jsonl	metrics/matched_gold_v2/lexical_and_xcomet_xl/gemini25flashlite/gitksan/grammar/original/chain_gloss_baseline.json	metrics/matched_gold_v2/xcomet_xxl/gemini25flashlite/gitksan/grammar/original/chain_gloss_baseline.json	37	37	complete	True	True	3	3	3	0	3	common99	37	6.7107282419465095	24.71279193066445	0.3682114727593757	0.24041910731309168
gemini25flashlite_gitksan_grammar_original_modelgloss_baseline	gemini25flashlite	Gitksan	grammar	original	modelgloss	baseline	configs/matched_gold_v2/gemini25flashlite_gitksan_grammar_original_modelgloss_baseline.json	results/matched_gold_v2/gemini25flashlite/gitksan/grammar/original/modelgloss_baseline.jsonl	metrics/matched_gold_v2/lexical_and_xcomet_xl/gemini25flashlite/gitksan/grammar/original/modelgloss_baseline.json	metrics/matched_gold_v2/xcomet_xxl/gemini25flashlite/gitksan/grammar/original/modelgloss_baseline.json	37	37	complete	True	True	0	0	0	0	0	native	37	19.517389236663607	50.52552568874624	0.621221017595884	0.48716930118766993
gemini25flashlite_gitksan_grammar_original_modelgloss_baseline	gemini25flashlite	Gitksan	grammar	original	modelgloss	baseline	configs/matched_gold_v2/gemini25flashlite_gitksan_grammar_original_modelgloss_baseline.json	results/matched_gold_v2/gemini25flashlite/gitksan/grammar/original/modelgloss_baseline.jsonl	metrics/matched_gold_v2/lexical_and_xcomet_xl/gemini25flashlite/gitksan/grammar/original/modelgloss_baseline.json	metrics/matched_gold_v2/xcomet_xxl/gemini25flashlite/gitksan/grammar/original/modelgloss_baseline.json	37	37	complete	True	True	0	0	0	0	0	common99	37	19.517389236663607	50.52552568874624	0.621221017595884	0.48716930118766993
gemini25flashlite_gitksan_grammar_original_shot_baseline	gemini25flashlite	Gitksan	grammar	original	shot	baseline	configs/matched_gold_v2/gemini25flashlite_gitksan_grammar_original_shot_baseline.json	results/matched_gold_v2/gemini25flashlite/gitksan/grammar/original/shot_baseline.jsonl	metrics/matched_gold_v2/lexical_and_xcomet_xl/gemini25flashlite/gitksan/grammar/original/shot_baseline.json	metrics/matched_gold_v2/xcomet_xxl/gemini25flashlite/gitksan/grammar/original/shot_baseline.json	37	37	complete	True	True	1	1	0	0	1	native	37	5.737133227349448	26.74594092829063	0.410554700203844	0.23429435551972003
gemini25flashlite_gitksan_grammar_original_shot_baseline	gemini25flashlite	Gitksan	grammar	original	shot	baseline	configs/matched_gold_v2/gemini25flashlite_gitksan_grammar_original_shot_baseline.json	results/matched_gold_v2/gemini25flashlite/gitksan/grammar/original/shot_baseline.jsonl	metrics/matched_gold_v2/lexical_and_xcomet_xl/gemini25flashlite/gitksan/grammar/original/shot_baseline.json	metrics/matched_gold_v2/xcomet_xxl/gemini25flashlite/gitksan/grammar/original/shot_baseline.json	37	37	complete	True	True	1	1	0	0	1	common99	37	5.737133227349448	26.74594092829063	0.410554700203844	0.23429435551972003
gemini25flashlite_gitksan_pdf1_brown_original_chain_gloss_cheatsheet_jpg	gemini25flashlite	Gitksan	pdf1_brown	original	chain_gloss	cheatsheet_jpg	configs/matched_gold_v2/gemini25flashlite_gitksan_pdf1_brown_original_chain_gloss_cheatsheet_jpg.json	results/matched_gold_v2/gemini25flashlite/gitksan/pdf1_brown/original/chain_gloss_cheatsheet_jpg.jsonl	metrics/matched_gold_v2/lexical_and_xcomet_xl/gemini25flashlite/gitksan/pdf1_brown/original/chain_gloss_cheatsheet_jpg.json	metrics/matched_gold_v2/xcomet_xxl/gemini25flashlite/gitksan/pdf1_brown/original/chain_gloss_cheatsheet_jpg.json	37	37	complete	True	True	2	2	2	0	2	native	37	3.124410055975303	24.5716119461647	0.380864175993043	0.1992303956602071
gemini25flashlite_gitksan_pdf1_brown_original_chain_gloss_cheatsheet_jpg	gemini25flashlite	Gitksan	pdf1_brown	original	chain_gloss	cheatsheet_jpg	configs/matched_gold_v2/gemini25flashlite_gitksan_pdf1_brown_original_chain_gloss_cheatsheet_jpg.json	results/matched_gold_v2/gemini25flashlite/gitksan/pdf1_brown/original/chain_gloss_cheatsheet_jpg.jsonl	metrics/matched_gold_v2/lexical_and_xcomet_xl/gemini25flashlite/gitksan/pdf1_brown/original/chain_gloss_cheatsheet_jpg.json	metrics/matched_gold_v2/xcomet_xxl/gemini25flashlite/gitksan/pdf1_brown/original/chain_gloss_cheatsheet_jpg.json	37	37	complete	True	True	2	2	2	0	2	common99	37	3.124410055975303	24.5716119461647	0.380864175993043	0.1992303956602071
gemini25flashlite_gitksan_pdf1_brown_original_chain_gloss_cheatsheet_txt	gemini25flashlite	Gitksan	pdf1_brown	original	chain_gloss	cheatsheet_txt	configs/matched_gold_v2/gemini25flashlite_gitksan_pdf1_brown_original_chain_gloss_cheatsheet_txt.json	results/matched_gold_v2/gemini25flashlite/gitksan/pdf1_brown/original/chain_gloss_cheatsheet_txt.jsonl	metrics/matched_gold_v2/lexical_and_xcomet_xl/gemini25flashlite/gitksan/pdf1_brown/original/chain_gloss_cheatsheet_txt.json	metrics/matched_gold_v2/xcomet_xxl/gemini25flashlite/gitksan/pdf1_brown/original/chain_gloss_cheatsheet_txt.json	37	37	complete	True	True	4	4	4	0	4	native	37	4.6919582181572315	24.782413456767777	0.4042136061030465	0.19843303190695272
gemini25flashlite_gitksan_pdf1_brown_original_chain_gloss_cheatsheet_txt	gemini25flashlite	Gitksan	pdf1_brown	original	chain_gloss	cheatsheet_txt	configs/matched_gold_v2/gemini25flashlite_gitksan_pdf1_brown_original_chain_gloss_cheatsheet_txt.json	results/matched_gold_v2/gemini25flashlite/gitksan/pdf1_brown/original/chain_gloss_cheatsheet_txt.jsonl	metrics/matched_gold_v2/lexical_and_xcomet_xl/gemini25flashlite/gitksan/pdf1_brown/original/chain_gloss_cheatsheet_txt.json	metrics/matched_gold_v2/xcomet_xxl/gemini25flashlite/gitksan/pdf1_brown/original/chain_gloss_cheatsheet_txt.json	37	37	complete	True	True	4	4	4	0	4	common99	37	4.6919582181572315	24.782413456767777	0.4042136061030465	0.19843303190695272
gemini25flashlite_gitksan_pdf1_brown_original_chain_gloss_pdfpages_impactful_jpg	gemini25flashlite	Gitksan	pdf1_brown	original	chain_gloss	pdfpages_impactful_jpg	configs/matched_gold_v2/gemini25flashlite_gitksan_pdf1_brown_original_chain_gloss_pdfpages_impactful_jpg.json	results/matched_gold_v2/gemini25flashlite/gitksan/pdf1_brown/original/chain_gloss_pdfpages_impactful_jpg.jsonl	metrics/matched_gold_v2/lexical_and_xcomet_xl/gemini25flashlite/gitksan/pdf1_brown/original/chain_gloss_pdfpages_impactful_jpg.json	metrics/matched_gold_v2/xcomet_xxl/gemini25flashlite/gitksan/pdf1_brown/original/chain_gloss_pdfpages_impactful_jpg.json	37	37	complete	True	True	3	3	3	0	3	native	37	2.8711706922821323	22.44620178428049	0.3587539715541376	0.19191300123929977
gemini25flashlite_gitksan_pdf1_brown_original_chain_gloss_pdfpages_impactful_jpg	gemini25flashlite	Gitksan	pdf1_brown	original	chain_gloss	pdfpages_impactful_jpg	configs/matched_gold_v2/gemini25flashlite_gitksan_pdf1_brown_original_chain_gloss_pdfpages_impactful_jpg.json	results/matched_gold_v2/gemini25flashlite/gitksan/pdf1_brown/original/chain_gloss_pdfpages_impactful_jpg.jsonl	metrics/matched_gold_v2/lexical_and_xcomet_xl/gemini25flashlite/gitksan/pdf1_brown/original/chain_gloss_pdfpages_impactful_jpg.json	metrics/matched_gold_v2/xcomet_xxl/gemini25flashlite/gitksan/pdf1_brown/original/chain_gloss_pdfpages_impactful_jpg.json	37	37	complete	True	True	3	3	3	0	3	common99	37	2.8711706922821323	22.44620178428049	0.3587539715541376	0.19191300123929977
gemini25flashlite_gitksan_pdf1_brown_original_chain_gloss_summary_tables_jpg	gemini25flashlite	Gitksan	pdf1_brown	original	chain_gloss	summary_tables_jpg	configs/matched_gold_v2/gemini25flashlite_gitksan_pdf1_brown_original_chain_gloss_summary_tables_jpg.json	results/matched_gold_v2/gemini25flashlite/gitksan/pdf1_brown/original/chain_gloss_summary_tables_jpg.jsonl	metrics/matched_gold_v2/lexical_and_xcomet_xl/gemini25flashlite/gitksan/pdf1_brown/original/chain_gloss_summary_tables_jpg.json	metrics/matched_gold_v2/xcomet_xxl/gemini25flashlite/gitksan/pdf1_brown/original/chain_gloss_summary_tables_jpg.json	37	37	complete	True	True	3	3	3	0	3	native	37	3.6929012124397875	21.917682439076756	0.3568547476787825	0.22711716471491633
gemini25flashlite_gitksan_pdf1_brown_original_chain_gloss_summary_tables_jpg	gemini25flashlite	Gitksan	pdf1_brown	original	chain_gloss	summary_tables_jpg	configs/matched_gold_v2/gemini25flashlite_gitksan_pdf1_brown_original_chain_gloss_summary_tables_jpg.json	results/matched_gold_v2/gemini25flashlite/gitksan/pdf1_brown/original/chain_gloss_summary_tables_jpg.jsonl	metrics/matched_gold_v2/lexical_and_xcomet_xl/gemini25flashlite/gitksan/pdf1_brown/original/chain_gloss_summary_tables_jpg.json	metrics/matched_gold_v2/xcomet_xxl/gemini25flashlite/gitksan/pdf1_brown/original/chain_gloss_summary_tables_jpg.json	37	37	complete	True	True	3	3	3	0	3	common99	37	3.6929012124397875	21.917682439076756	0.3568547476787825	0.22711716471491633
gemini25flashlite_gitksan_pdf1_brown_original_chain_gloss_summary_tables_txt	gemini25flashlite	Gitksan	pdf1_brown	original	chain_gloss	summary_tables_txt	configs/matched_gold_v2/gemini25flashlite_gitksan_pdf1_brown_original_chain_gloss_summary_tables_txt.json	results/matched_gold_v2/gemini25flashlite/gitksan/pdf1_brown/original/chain_gloss_summary_tables_txt.jsonl	metrics/matched_gold_v2/lexical_and_xcomet_xl/gemini25flashlite/gitksan/pdf1_brown/original/chain_gloss_summary_tables_txt.json	metrics/matched_gold_v2/xcomet_xxl/gemini25flashlite/gitksan/pdf1_brown/original/chain_gloss_summary_tables_txt.json	37	37	complete	True	True	6	6	6	0	6	native	37	4.549888911722418	23.585284839594877	0.4118246021302971	0.23188126348965876
gemini25flashlite_gitksan_pdf1_brown_original_chain_gloss_summary_tables_txt	gemini25flashlite	Gitksan	pdf1_brown	original	chain_gloss	summary_tables_txt	configs/matched_gold_v2/gemini25flashlite_gitksan_pdf1_brown_original_chain_gloss_summary_tables_txt.json	results/matched_gold_v2/gemini25flashlite/gitksan/pdf1_brown/original/chain_gloss_summary_tables_txt.jsonl	metrics/matched_gold_v2/lexical_and_xcomet_xl/gemini25flashlite/gitksan/pdf1_brown/original/chain_gloss_summary_tables_txt.json	metrics/matched_gold_v2/xcomet_xxl/gemini25flashlite/gitksan/pdf1_brown/original/chain_gloss_summary_tables_txt.json	37	37	complete	True	True	6	6	6	0	6	common99	37	4.549888911722418	23.585284839594877	0.4118246021302971	0.23188126348965876
gemini25flashlite_gitksan_pdf1_brown_original_chain_gloss_summary_text_txt	gemini25flashlite	Gitksan	pdf1_brown	original	chain_gloss	summary_text_txt	configs/matched_gold_v2/gemini25flashlite_gitksan_pdf1_brown_original_chain_gloss_summary_text_txt.json	results/matched_gold_v2/gemini25flashlite/gitksan/pdf1_brown/original/chain_gloss_summary_text_txt.jsonl	metrics/matched_gold_v2/lexical_and_xcomet_xl/gemini25flashlite/gitksan/pdf1_brown/original/chain_gloss_summary_text_txt.json	metrics/matched_gold_v2/xcomet_xxl/gemini25flashlite/gitksan/pdf1_brown/original/chain_gloss_summary_text_txt.json	37	37	complete	True	True	1	1	1	0	1	native	37	4.684083247130735	27.208763636538947	0.3900170608146771	0.214732466517268
gemini25flashlite_gitksan_pdf1_brown_original_chain_gloss_summary_text_txt	gemini25flashlite	Gitksan	pdf1_brown	original	chain_gloss	summary_text_txt	configs/matched_gold_v2/gemini25flashlite_gitksan_pdf1_brown_original_chain_gloss_summary_text_txt.json	results/matched_gold_v2/gemini25flashlite/gitksan/pdf1_brown/original/chain_gloss_summary_text_txt.jsonl	metrics/matched_gold_v2/lexical_and_xcomet_xl/gemini25flashlite/gitksan/pdf1_brown/original/chain_gloss_summary_text_txt.json	metrics/matched_gold_v2/xcomet_xxl/gemini25flashlite/gitksan/pdf1_brown/original/chain_gloss_summary_text_txt.json	37	37	complete	True	True	1	1	1	0	1	common99	37	4.684083247130735	27.208763636538947	0.3900170608146771	0.214732466517268
gemini25flashlite_gitksan_pdf1_brown_original_modelgloss_cheatsheet_jpg	gemini25flashlite	Gitksan	pdf1_brown	original	modelgloss	cheatsheet_jpg	configs/matched_gold_v2/gemini25flashlite_gitksan_pdf1_brown_original_modelgloss_cheatsheet_jpg.json	results/matched_gold_v2/gemini25flashlite/gitksan/pdf1_brown/original/modelgloss_cheatsheet_jpg.jsonl	metrics/matched_gold_v2/lexical_and_xcomet_xl/gemini25flashlite/gitksan/pdf1_brown/original/modelgloss_cheatsheet_jpg.json	metrics/matched_gold_v2/xcomet_xxl/gemini25flashlite/gitksan/pdf1_brown/original/modelgloss_cheatsheet_jpg.json	37	37	complete	True	True	0	0	0	0	0	native	37	21.57215538479812	50.62271276784851	0.6201648220822618	0.4649097428128526
gemini25flashlite_gitksan_pdf1_brown_original_modelgloss_cheatsheet_jpg	gemini25flashlite	Gitksan	pdf1_brown	original	modelgloss	cheatsheet_jpg	configs/matched_gold_v2/gemini25flashlite_gitksan_pdf1_brown_original_modelgloss_cheatsheet_jpg.json	results/matched_gold_v2/gemini25flashlite/gitksan/pdf1_brown/original/modelgloss_cheatsheet_jpg.jsonl	metrics/matched_gold_v2/lexical_and_xcomet_xl/gemini25flashlite/gitksan/pdf1_brown/original/modelgloss_cheatsheet_jpg.json	metrics/matched_gold_v2/xcomet_xxl/gemini25flashlite/gitksan/pdf1_brown/original/modelgloss_cheatsheet_jpg.json	37	37	complete	True	True	0	0	0	0	0	common99	37	21.57215538479812	50.62271276784851	0.6201648220822618	0.4649097428128526
gemini25flashlite_gitksan_pdf1_brown_original_modelgloss_cheatsheet_txt	gemini25flashlite	Gitksan	pdf1_brown	original	modelgloss	cheatsheet_txt	configs/matched_gold_v2/gemini25flashlite_gitksan_pdf1_brown_original_modelgloss_cheatsheet_txt.json	results/matched_gold_v2/gemini25flashlite/gitksan/pdf1_brown/original/modelgloss_cheatsheet_txt.jsonl	metrics/matched_gold_v2/lexical_and_xcomet_xl/gemini25flashlite/gitksan/pdf1_brown/original/modelgloss_cheatsheet_txt.json	metrics/matched_gold_v2/xcomet_xxl/gemini25flashlite/gitksan/pdf1_brown/original/modelgloss_cheatsheet_txt.json	37	37	complete	True	True	0	0	0	0	0	native	37	17.595893446811456	48.756245332864914	0.6130302121510377	0.47874213231576457
gemini25flashlite_gitksan_pdf1_brown_original_modelgloss_cheatsheet_txt	gemini25flashlite	Gitksan	pdf1_brown	original	modelgloss	cheatsheet_txt	configs/matched_gold_v2/gemini25flashlite_gitksan_pdf1_brown_original_modelgloss_cheatsheet_txt.json	results/matched_gold_v2/gemini25flashlite/gitksan/pdf1_brown/original/modelgloss_cheatsheet_txt.jsonl	metrics/matched_gold_v2/lexical_and_xcomet_xl/gemini25flashlite/gitksan/pdf1_brown/original/modelgloss_cheatsheet_txt.json	metrics/matched_gold_v2/xcomet_xxl/gemini25flashlite/gitksan/pdf1_brown/original/modelgloss_cheatsheet_txt.json	37	37	complete	True	True	0	0	0	0	0	common99	37	17.595893446811456	48.756245332864914	0.6130302121510377	0.47874213231576457
gemini25flashlite_gitksan_pdf1_brown_original_modelgloss_pdfpages_impactful_jpg	gemini25flashlite	Gitksan	pdf1_brown	original	modelgloss	pdfpages_impactful_jpg	configs/matched_gold_v2/gemini25flashlite_gitksan_pdf1_brown_original_modelgloss_pdfpages_impactful_jpg.json	results/matched_gold_v2/gemini25flashlite/gitksan/pdf1_brown/original/modelgloss_pdfpages_impactful_jpg.jsonl	metrics/matched_gold_v2/lexical_and_xcomet_xl/gemini25flashlite/gitksan/pdf1_brown/original/modelgloss_pdfpages_impactful_jpg.json	metrics/matched_gold_v2/xcomet_xxl/gemini25flashlite/gitksan/pdf1_brown/original/modelgloss_pdfpages_impactful_jpg.json	37	37	complete	True	True	0	0	0	0	0	native	37	15.364154748686932	45.31244667133791	0.6098358808337031	0.4535346152009191
gemini25flashlite_gitksan_pdf1_brown_original_modelgloss_pdfpages_impactful_jpg	gemini25flashlite	Gitksan	pdf1_brown	original	modelgloss	pdfpages_impactful_jpg	configs/matched_gold_v2/gemini25flashlite_gitksan_pdf1_brown_original_modelgloss_pdfpages_impactful_jpg.json	results/matched_gold_v2/gemini25flashlite/gitksan/pdf1_brown/original/modelgloss_pdfpages_impactful_jpg.jsonl	metrics/matched_gold_v2/lexical_and_xcomet_xl/gemini25flashlite/gitksan/pdf1_brown/original/modelgloss_pdfpages_impactful_jpg.json	metrics/matched_gold_v2/xcomet_xxl/gemini25flashlite/gitksan/pdf1_brown/original/modelgloss_pdfpages_impactful_jpg.json	37	37	complete	True	True	0	0	0	0	0	common99	37	15.364154748686932	45.31244667133791	0.6098358808337031	0.4535346152009191
gemini25flashlite_gitksan_pdf1_brown_original_modelgloss_summary_tables_jpg	gemini25flashlite	Gitksan	pdf1_brown	original	modelgloss	summary_tables_jpg	configs/matched_gold_v2/gemini25flashlite_gitksan_pdf1_brown_original_modelgloss_summary_tables_jpg.json	results/matched_gold_v2/gemini25flashlite/gitksan/pdf1_brown/original/modelgloss_summary_tables_jpg.jsonl	metrics/matched_gold_v2/lexical_and_xcomet_xl/gemini25flashlite/gitksan/pdf1_brown/original/modelgloss_summary_tables_jpg.json	metrics/matched_gold_v2/xcomet_xxl/gemini25flashlite/gitksan/pdf1_brown/original/modelgloss_summary_tables_jpg.json	37	37	complete	True	True	0	0	0	0	0	native	37	18.26495423446648	47.959670683235835	0.6184286732931394	0.4567627713486955
gemini25flashlite_gitksan_pdf1_brown_original_modelgloss_summary_tables_jpg	gemini25flashlite	Gitksan	pdf1_brown	original	modelgloss	summary_tables_jpg	configs/matched_gold_v2/gemini25flashlite_gitksan_pdf1_brown_original_modelgloss_summary_tables_jpg.json	results/matched_gold_v2/gemini25flashlite/gitksan/pdf1_brown/original/modelgloss_summary_tables_jpg.jsonl	metrics/matched_gold_v2/lexical_and_xcomet_xl/gemini25flashlite/gitksan/pdf1_brown/original/modelgloss_summary_tables_jpg.json	metrics/matched_gold_v2/xcomet_xxl/gemini25flashlite/gitksan/pdf1_brown/original/modelgloss_summary_tables_jpg.json	37	37	complete	True	True	0	0	0	0	0	common99	37	18.26495423446648	47.959670683235835	0.6184286732931394	0.4567627713486955
gemini25flashlite_gitksan_pdf1_brown_original_modelgloss_summary_tables_txt	gemini25flashlite	Gitksan	pdf1_brown	original	modelgloss	summary_tables_txt	configs/matched_gold_v2/gemini25flashlite_gitksan_pdf1_brown_original_modelgloss_summary_tables_txt.json	results/matched_gold_v2/gemini25flashlite/gitksan/pdf1_brown/original/modelgloss_summary_tables_txt.jsonl	metrics/matched_gold_v2/lexical_and_xcomet_xl/gemini25flashlite/gitksan/pdf1_brown/original/modelgloss_summary_tables_txt.json	metrics/matched_gold_v2/xcomet_xxl/gemini25flashlite/gitksan/pdf1_brown/original/modelgloss_summary_tables_txt.json	37	37	complete	True	True	0	0	0	0	0	native	37	21.073817671164434	49.791981778116664	0.6152153377597397	0.47258374860157837
gemini25flashlite_gitksan_pdf1_brown_original_modelgloss_summary_tables_txt	gemini25flashlite	Gitksan	pdf1_brown	original	modelgloss	summary_tables_txt	configs/matched_gold_v2/gemini25flashlite_gitksan_pdf1_brown_original_modelgloss_summary_tables_txt.json	results/matched_gold_v2/gemini25flashlite/gitksan/pdf1_brown/original/modelgloss_summary_tables_txt.jsonl	metrics/matched_gold_v2/lexical_and_xcomet_xl/gemini25flashlite/gitksan/pdf1_brown/original/modelgloss_summary_tables_txt.json	metrics/matched_gold_v2/xcomet_xxl/gemini25flashlite/gitksan/pdf1_brown/original/modelgloss_summary_tables_txt.json	37	37	complete	True	True	0	0	0	0	0	common99	37	21.073817671164434	49.791981778116664	0.6152153377597397	0.47258374860157837
gemini25flashlite_gitksan_pdf1_brown_original_modelgloss_summary_text_txt	gemini25flashlite	Gitksan	pdf1_brown	original	modelgloss	summary_text_txt	configs/matched_gold_v2/gemini25flashlite_gitksan_pdf1_brown_original_modelgloss_summary_text_txt.json	results/matched_gold_v2/gemini25flashlite/gitksan/pdf1_brown/original/modelgloss_summary_text_txt.jsonl	metrics/matched_gold_v2/lexical_and_xcomet_xl/gemini25flashlite/gitksan/pdf1_brown/original/modelgloss_summary_text_txt.json	metrics/matched_gold_v2/xcomet_xxl/gemini25flashlite/gitksan/pdf1_brown/original/modelgloss_summary_text_txt.json	37	37	complete	True	True	0	0	0	0	0	native	37	18.869277957666327	49.47197547212213	0.6011472996827718	0.477857922380035
gemini25flashlite_gitksan_pdf1_brown_original_modelgloss_summary_text_txt	gemini25flashlite	Gitksan	pdf1_brown	original	modelgloss	summary_text_txt	configs/matched_gold_v2/gemini25flashlite_gitksan_pdf1_brown_original_modelgloss_summary_text_txt.json	results/matched_gold_v2/gemini25flashlite/gitksan/pdf1_brown/original/modelgloss_summary_text_txt.jsonl	metrics/matched_gold_v2/lexical_and_xcomet_xl/gemini25flashlite/gitksan/pdf1_brown/original/modelgloss_summary_text_txt.json	metrics/matched_gold_v2/xcomet_xxl/gemini25flashlite/gitksan/pdf1_brown/original/modelgloss_summary_text_txt.json	37	37	complete	True	True	0	0	0	0	0	common99	37	18.869277957666327	49.47197547212213	0.6011472996827718	0.477857922380035
gemini25flashlite_gitksan_pdf1_brown_original_shot_cheatsheet_jpg	gemini25flashlite	Gitksan	pdf1_brown	original	shot	cheatsheet_jpg	configs/matched_gold_v2/gemini25flashlite_gitksan_pdf1_brown_original_shot_cheatsheet_jpg.json	results/matched_gold_v2/gemini25flashlite/gitksan/pdf1_brown/original/shot_cheatsheet_jpg.jsonl	metrics/matched_gold_v2/lexical_and_xcomet_xl/gemini25flashlite/gitksan/pdf1_brown/original/shot_cheatsheet_jpg.json	metrics/matched_gold_v2/xcomet_xxl/gemini25flashlite/gitksan/pdf1_brown/original/shot_cheatsheet_jpg.json	37	37	complete	True	True	1	1	0	0	1	native	37	6.5578909525531195	24.64120468959419	0.38395725875287445	0.21862927743711988
gemini25flashlite_gitksan_pdf1_brown_original_shot_cheatsheet_jpg	gemini25flashlite	Gitksan	pdf1_brown	original	shot	cheatsheet_jpg	configs/matched_gold_v2/gemini25flashlite_gitksan_pdf1_brown_original_shot_cheatsheet_jpg.json	results/matched_gold_v2/gemini25flashlite/gitksan/pdf1_brown/original/shot_cheatsheet_jpg.jsonl	metrics/matched_gold_v2/lexical_and_xcomet_xl/gemini25flashlite/gitksan/pdf1_brown/original/shot_cheatsheet_jpg.json	metrics/matched_gold_v2/xcomet_xxl/gemini25flashlite/gitksan/pdf1_brown/original/shot_cheatsheet_jpg.json	37	37	complete	True	True	1	1	0	0	1	common99	37	6.5578909525531195	24.64120468959419	0.38395725875287445	0.21862927743711988
gemini25flashlite_gitksan_pdf1_brown_original_shot_cheatsheet_txt	gemini25flashlite	Gitksan	pdf1_brown	original	shot	cheatsheet_txt	configs/matched_gold_v2/gemini25flashlite_gitksan_pdf1_brown_original_shot_cheatsheet_txt.json	results/matched_gold_v2/gemini25flashlite/gitksan/pdf1_brown/original/shot_cheatsheet_txt.jsonl	metrics/matched_gold_v2/lexical_and_xcomet_xl/gemini25flashlite/gitksan/pdf1_brown/original/shot_cheatsheet_txt.json	metrics/matched_gold_v2/xcomet_xxl/gemini25flashlite/gitksan/pdf1_brown/original/shot_cheatsheet_txt.json	37	37	complete	True	True	1	1	0	0	1	native	37	4.988340657855475	26.68260095474258	0.4087952596915735	0.23349064714401155
gemini25flashlite_gitksan_pdf1_brown_original_shot_cheatsheet_txt	gemini25flashlite	Gitksan	pdf1_brown	original	shot	cheatsheet_txt	configs/matched_gold_v2/gemini25flashlite_gitksan_pdf1_brown_original_shot_cheatsheet_txt.json	results/matched_gold_v2/gemini25flashlite/gitksan/pdf1_brown/original/shot_cheatsheet_txt.jsonl	metrics/matched_gold_v2/lexical_and_xcomet_xl/gemini25flashlite/gitksan/pdf1_brown/original/shot_cheatsheet_txt.json	metrics/matched_gold_v2/xcomet_xxl/gemini25flashlite/gitksan/pdf1_brown/original/shot_cheatsheet_txt.json	37	37	complete	True	True	1	1	0	0	1	common99	37	4.988340657855475	26.68260095474258	0.4087952596915735	0.23349064714401155
gemini25flashlite_gitksan_pdf1_brown_original_shot_pdfpages_impactful_jpg	gemini25flashlite	Gitksan	pdf1_brown	original	shot	pdfpages_impactful_jpg	configs/matched_gold_v2/gemini25flashlite_gitksan_pdf1_brown_original_shot_pdfpages_impactful_jpg.json	results/matched_gold_v2/gemini25flashlite/gitksan/pdf1_brown/original/shot_pdfpages_impactful_jpg.jsonl	metrics/matched_gold_v2/lexical_and_xcomet_xl/gemini25flashlite/gitksan/pdf1_brown/original/shot_pdfpages_impactful_jpg.json	metrics/matched_gold_v2/xcomet_xxl/gemini25flashlite/gitksan/pdf1_brown/original/shot_pdfpages_impactful_jpg.json	37	37	complete	True	True	1	1	0	0	1	native	37	3.6832013939538113	23.57997425658598	0.362352575200635	0.21178421116358526
gemini25flashlite_gitksan_pdf1_brown_original_shot_pdfpages_impactful_jpg	gemini25flashlite	Gitksan	pdf1_brown	original	shot	pdfpages_impactful_jpg	configs/matched_gold_v2/gemini25flashlite_gitksan_pdf1_brown_original_shot_pdfpages_impactful_jpg.json	results/matched_gold_v2/gemini25flashlite/gitksan/pdf1_brown/original/shot_pdfpages_impactful_jpg.jsonl	metrics/matched_gold_v2/lexical_and_xcomet_xl/gemini25flashlite/gitksan/pdf1_brown/original/shot_pdfpages_impactful_jpg.json	metrics/matched_gold_v2/xcomet_xxl/gemini25flashlite/gitksan/pdf1_brown/original/shot_pdfpages_impactful_jpg.json	37	37	complete	True	True	1	1	0	0	1	common99	37	3.6832013939538113	23.57997425658598	0.362352575200635	0.21178421116358526
gemini25flashlite_gitksan_pdf1_brown_original_shot_summary_tables_jpg	gemini25flashlite	Gitksan	pdf1_brown	original	shot	summary_tables_jpg	configs/matched_gold_v2/gemini25flashlite_gitksan_pdf1_brown_original_shot_summary_tables_jpg.json	results/matched_gold_v2/gemini25flashlite/gitksan/pdf1_brown/original/shot_summary_tables_jpg.jsonl	metrics/matched_gold_v2/lexical_and_xcomet_xl/gemini25flashlite/gitksan/pdf1_brown/original/shot_summary_tables_jpg.json	metrics/matched_gold_v2/xcomet_xxl/gemini25flashlite/gitksan/pdf1_brown/original/shot_summary_tables_jpg.json	37	37	complete	True	True	1	1	0	0	1	native	37	6.004222691180708	25.744157830188723	0.38720745452352473	0.21545801795012243
gemini25flashlite_gitksan_pdf1_brown_original_shot_summary_tables_jpg	gemini25flashlite	Gitksan	pdf1_brown	original	shot	summary_tables_jpg	configs/matched_gold_v2/gemini25flashlite_gitksan_pdf1_brown_original_shot_summary_tables_jpg.json	results/matched_gold_v2/gemini25flashlite/gitksan/pdf1_brown/original/shot_summary_tables_jpg.jsonl	metrics/matched_gold_v2/lexical_and_xcomet_xl/gemini25flashlite/gitksan/pdf1_brown/original/shot_summary_tables_jpg.json	metrics/matched_gold_v2/xcomet_xxl/gemini25flashlite/gitksan/pdf1_brown/original/shot_summary_tables_jpg.json	37	37	complete	True	True	1	1	0	0	1	common99	37	6.004222691180708	25.744157830188723	0.38720745452352473	0.21545801795012243
gemini25flashlite_gitksan_pdf1_brown_original_shot_summary_tables_txt	gemini25flashlite	Gitksan	pdf1_brown	original	shot	summary_tables_txt	configs/matched_gold_v2/gemini25flashlite_gitksan_pdf1_brown_original_shot_summary_tables_txt.json	results/matched_gold_v2/gemini25flashlite/gitksan/pdf1_brown/original/shot_summary_tables_txt.jsonl	metrics/matched_gold_v2/lexical_and_xcomet_xl/gemini25flashlite/gitksan/pdf1_brown/original/shot_summary_tables_txt.json	metrics/matched_gold_v2/xcomet_xxl/gemini25flashlite/gitksan/pdf1_brown/original/shot_summary_tables_txt.json	37	37	complete	True	True	1	1	0	0	1	native	37	6.807179739950121	28.14879836666272	0.3799235494555654	0.23694460557119265
gemini25flashlite_gitksan_pdf1_brown_original_shot_summary_tables_txt	gemini25flashlite	Gitksan	pdf1_brown	original	shot	summary_tables_txt	configs/matched_gold_v2/gemini25flashlite_gitksan_pdf1_brown_original_shot_summary_tables_txt.json	results/matched_gold_v2/gemini25flashlite/gitksan/pdf1_brown/original/shot_summary_tables_txt.jsonl	metrics/matched_gold_v2/lexical_and_xcomet_xl/gemini25flashlite/gitksan/pdf1_brown/original/shot_summary_tables_txt.json	metrics/matched_gold_v2/xcomet_xxl/gemini25flashlite/gitksan/pdf1_brown/original/shot_summary_tables_txt.json	37	37	complete	True	True	1	1	0	0	1	common99	37	6.807179739950121	28.14879836666272	0.3799235494555654	0.23694460557119265
gemini25flashlite_gitksan_pdf1_brown_original_shot_summary_text_txt	gemini25flashlite	Gitksan	pdf1_brown	original	shot	summary_text_txt	configs/matched_gold_v2/gemini25flashlite_gitksan_pdf1_brown_original_shot_summary_text_txt.json	results/matched_gold_v2/gemini25flashlite/gitksan/pdf1_brown/original/shot_summary_text_txt.jsonl	metrics/matched_gold_v2/lexical_and_xcomet_xl/gemini25flashlite/gitksan/pdf1_brown/original/shot_summary_text_txt.json	metrics/matched_gold_v2/xcomet_xxl/gemini25flashlite/gitksan/pdf1_brown/original/shot_summary_text_txt.json	37	37	complete	True	True	1	1	0	0	1	native	37	5.252538349935049	26.470131637788235	0.3979660784070556	0.23649035494875265
gemini25flashlite_gitksan_pdf1_brown_original_shot_summary_text_txt	gemini25flashlite	Gitksan	pdf1_brown	original	shot	summary_text_txt	configs/matched_gold_v2/gemini25flashlite_gitksan_pdf1_brown_original_shot_summary_text_txt.json	results/matched_gold_v2/gemini25flashlite/gitksan/pdf1_brown/original/shot_summary_text_txt.jsonl	metrics/matched_gold_v2/lexical_and_xcomet_xl/gemini25flashlite/gitksan/pdf1_brown/original/shot_summary_text_txt.json	metrics/matched_gold_v2/xcomet_xxl/gemini25flashlite/gitksan/pdf1_brown/original/shot_summary_text_txt.json	37	37	complete	True	True	1	1	0	0	1	common99	37	5.252538349935049	26.470131637788235	0.3979660784070556	0.23649035494875265
gemini25flashlite_gitksan_pdf2_rigsby_original_chain_gloss_cheatsheet_jpg	gemini25flashlite	Gitksan	pdf2_rigsby	original	chain_gloss	cheatsheet_jpg	configs/matched_gold_v2/gemini25flashlite_gitksan_pdf2_rigsby_original_chain_gloss_cheatsheet_jpg.json	results/matched_gold_v2/gemini25flashlite/gitksan/pdf2_rigsby/original/chain_gloss_cheatsheet_jpg.jsonl	metrics/matched_gold_v2/lexical_and_xcomet_xl/gemini25flashlite/gitksan/pdf2_rigsby/original/chain_gloss_cheatsheet_jpg.json	metrics/matched_gold_v2/xcomet_xxl/gemini25flashlite/gitksan/pdf2_rigsby/original/chain_gloss_cheatsheet_jpg.json	37	37	complete	True	True	3	3	3	0	3	native	37	3.9104449444745826	23.603515960290476	0.3626289057570535	0.19828300500238263
gemini25flashlite_gitksan_pdf2_rigsby_original_chain_gloss_cheatsheet_jpg	gemini25flashlite	Gitksan	pdf2_rigsby	original	chain_gloss	cheatsheet_jpg	configs/matched_gold_v2/gemini25flashlite_gitksan_pdf2_rigsby_original_chain_gloss_cheatsheet_jpg.json	results/matched_gold_v2/gemini25flashlite/gitksan/pdf2_rigsby/original/chain_gloss_cheatsheet_jpg.jsonl	metrics/matched_gold_v2/lexical_and_xcomet_xl/gemini25flashlite/gitksan/pdf2_rigsby/original/chain_gloss_cheatsheet_jpg.json	metrics/matched_gold_v2/xcomet_xxl/gemini25flashlite/gitksan/pdf2_rigsby/original/chain_gloss_cheatsheet_jpg.json	37	37	complete	True	True	3	3	3	0	3	common99	37	3.9104449444745826	23.603515960290476	0.3626289057570535	0.19828300500238263
gemini25flashlite_gitksan_pdf2_rigsby_original_chain_gloss_cheatsheet_txt	gemini25flashlite	Gitksan	pdf2_rigsby	original	chain_gloss	cheatsheet_txt	configs/matched_gold_v2/gemini25flashlite_gitksan_pdf2_rigsby_original_chain_gloss_cheatsheet_txt.json	results/matched_gold_v2/gemini25flashlite/gitksan/pdf2_rigsby/original/chain_gloss_cheatsheet_txt.jsonl	metrics/matched_gold_v2/lexical_and_xcomet_xl/gemini25flashlite/gitksan/pdf2_rigsby/original/chain_gloss_cheatsheet_txt.json	metrics/matched_gold_v2/xcomet_xxl/gemini25flashlite/gitksan/pdf2_rigsby/original/chain_gloss_cheatsheet_txt.json	37	37	complete	True	True	4	4	4	0	4	native	37	4.711838480999712	23.60485641836213	0.37922179255936594	0.21654705562301585
gemini25flashlite_gitksan_pdf2_rigsby_original_chain_gloss_cheatsheet_txt	gemini25flashlite	Gitksan	pdf2_rigsby	original	chain_gloss	cheatsheet_txt	configs/matched_gold_v2/gemini25flashlite_gitksan_pdf2_rigsby_original_chain_gloss_cheatsheet_txt.json	results/matched_gold_v2/gemini25flashlite/gitksan/pdf2_rigsby/original/chain_gloss_cheatsheet_txt.jsonl	metrics/matched_gold_v2/lexical_and_xcomet_xl/gemini25flashlite/gitksan/pdf2_rigsby/original/chain_gloss_cheatsheet_txt.json	metrics/matched_gold_v2/xcomet_xxl/gemini25flashlite/gitksan/pdf2_rigsby/original/chain_gloss_cheatsheet_txt.json	37	37	complete	True	True	4	4	4	0	4	common99	37	4.711838480999712	23.60485641836213	0.37922179255936594	0.21654705562301585
gemini25flashlite_gitksan_pdf2_rigsby_original_chain_gloss_pdfpages_impactful_jpg	gemini25flashlite	Gitksan	pdf2_rigsby	original	chain_gloss	pdfpages_impactful_jpg	configs/matched_gold_v2/gemini25flashlite_gitksan_pdf2_rigsby_original_chain_gloss_pdfpages_impactful_jpg.json	results/matched_gold_v2/gemini25flashlite/gitksan/pdf2_rigsby/original/chain_gloss_pdfpages_impactful_jpg.jsonl	metrics/matched_gold_v2/lexical_and_xcomet_xl/gemini25flashlite/gitksan/pdf2_rigsby/original/chain_gloss_pdfpages_impactful_jpg.json	metrics/matched_gold_v2/xcomet_xxl/gemini25flashlite/gitksan/pdf2_rigsby/original/chain_gloss_pdfpages_impactful_jpg.json	37	37	complete	True	True	4	4	4	0	4	native	37	5.155214538963255	22.899684935091933	0.3641954857755352	0.22638417478348757
gemini25flashlite_gitksan_pdf2_rigsby_original_chain_gloss_pdfpages_impactful_jpg	gemini25flashlite	Gitksan	pdf2_rigsby	original	chain_gloss	pdfpages_impactful_jpg	configs/matched_gold_v2/gemini25flashlite_gitksan_pdf2_rigsby_original_chain_gloss_pdfpages_impactful_jpg.json	results/matched_gold_v2/gemini25flashlite/gitksan/pdf2_rigsby/original/chain_gloss_pdfpages_impactful_jpg.jsonl	metrics/matched_gold_v2/lexical_and_xcomet_xl/gemini25flashlite/gitksan/pdf2_rigsby/original/chain_gloss_pdfpages_impactful_jpg.json	metrics/matched_gold_v2/xcomet_xxl/gemini25flashlite/gitksan/pdf2_rigsby/original/chain_gloss_pdfpages_impactful_jpg.json	37	37	complete	True	True	4	4	4	0	4	common99	37	5.155214538963255	22.899684935091933	0.3641954857755352	0.22638417478348757
gemini25flashlite_gitksan_pdf2_rigsby_original_chain_gloss_summary_tables_jpg	gemini25flashlite	Gitksan	pdf2_rigsby	original	chain_gloss	summary_tables_jpg	configs/matched_gold_v2/gemini25flashlite_gitksan_pdf2_rigsby_original_chain_gloss_summary_tables_jpg.json	results/matched_gold_v2/gemini25flashlite/gitksan/pdf2_rigsby/original/chain_gloss_summary_tables_jpg.jsonl	metrics/matched_gold_v2/lexical_and_xcomet_xl/gemini25flashlite/gitksan/pdf2_rigsby/original/chain_gloss_summary_tables_jpg.json	metrics/matched_gold_v2/xcomet_xxl/gemini25flashlite/gitksan/pdf2_rigsby/original/chain_gloss_summary_tables_jpg.json	37	37	complete	True	True	3	3	3	0	3	native	37	2.584529019957933	20.895038971414827	0.37027044916475144	0.20098391014176445
gemini25flashlite_gitksan_pdf2_rigsby_original_chain_gloss_summary_tables_jpg	gemini25flashlite	Gitksan	pdf2_rigsby	original	chain_gloss	summary_tables_jpg	configs/matched_gold_v2/gemini25flashlite_gitksan_pdf2_rigsby_original_chain_gloss_summary_tables_jpg.json	results/matched_gold_v2/gemini25flashlite/gitksan/pdf2_rigsby/original/chain_gloss_summary_tables_jpg.jsonl	metrics/matched_gold_v2/lexical_and_xcomet_xl/gemini25flashlite/gitksan/pdf2_rigsby/original/chain_gloss_summary_tables_jpg.json	metrics/matched_gold_v2/xcomet_xxl/gemini25flashlite/gitksan/pdf2_rigsby/original/chain_gloss_summary_tables_jpg.json	37	37	complete	True	True	3	3	3	0	3	common99	37	2.584529019957933	20.895038971414827	0.37027044916475144	0.20098391014176445
gemini25flashlite_gitksan_pdf2_rigsby_original_chain_gloss_summary_tables_txt	gemini25flashlite	Gitksan	pdf2_rigsby	original	chain_gloss	summary_tables_txt	configs/matched_gold_v2/gemini25flashlite_gitksan_pdf2_rigsby_original_chain_gloss_summary_tables_txt.json	results/matched_gold_v2/gemini25flashlite/gitksan/pdf2_rigsby/original/chain_gloss_summary_tables_txt.jsonl	metrics/matched_gold_v2/lexical_and_xcomet_xl/gemini25flashlite/gitksan/pdf2_rigsby/original/chain_gloss_summary_tables_txt.json	metrics/matched_gold_v2/xcomet_xxl/gemini25flashlite/gitksan/pdf2_rigsby/original/chain_gloss_summary_tables_txt.json	37	37	complete	True	True	2	2	2	0	2	native	37	5.565392445317585	26.13225105972114	0.3857077521246833	0.24061292530717077
gemini25flashlite_gitksan_pdf2_rigsby_original_chain_gloss_summary_tables_txt	gemini25flashlite	Gitksan	pdf2_rigsby	original	chain_gloss	summary_tables_txt	configs/matched_gold_v2/gemini25flashlite_gitksan_pdf2_rigsby_original_chain_gloss_summary_tables_txt.json	results/matched_gold_v2/gemini25flashlite/gitksan/pdf2_rigsby/original/chain_gloss_summary_tables_txt.jsonl	metrics/matched_gold_v2/lexical_and_xcomet_xl/gemini25flashlite/gitksan/pdf2_rigsby/original/chain_gloss_summary_tables_txt.json	metrics/matched_gold_v2/xcomet_xxl/gemini25flashlite/gitksan/pdf2_rigsby/original/chain_gloss_summary_tables_txt.json	37	37	complete	True	True	2	2	2	0	2	common99	37	5.565392445317585	26.13225105972114	0.3857077521246833	0.24061292530717077
gemini25flashlite_gitksan_pdf2_rigsby_original_chain_gloss_summary_text_txt	gemini25flashlite	Gitksan	pdf2_rigsby	original	chain_gloss	summary_text_txt	configs/matched_gold_v2/gemini25flashlite_gitksan_pdf2_rigsby_original_chain_gloss_summary_text_txt.json	results/matched_gold_v2/gemini25flashlite/gitksan/pdf2_rigsby/original/chain_gloss_summary_text_txt.jsonl	metrics/matched_gold_v2/lexical_and_xcomet_xl/gemini25flashlite/gitksan/pdf2_rigsby/original/chain_gloss_summary_text_txt.json	metrics/matched_gold_v2/xcomet_xxl/gemini25flashlite/gitksan/pdf2_rigsby/original/chain_gloss_summary_text_txt.json	37	37	complete	True	True	5	5	5	0	5	native	37	2.9021172118871728	22.51053234762033	0.3939428196565525	0.2190757840871811
gemini25flashlite_gitksan_pdf2_rigsby_original_chain_gloss_summary_text_txt	gemini25flashlite	Gitksan	pdf2_rigsby	original	chain_gloss	summary_text_txt	configs/matched_gold_v2/gemini25flashlite_gitksan_pdf2_rigsby_original_chain_gloss_summary_text_txt.json	results/matched_gold_v2/gemini25flashlite/gitksan/pdf2_rigsby/original/chain_gloss_summary_text_txt.jsonl	metrics/matched_gold_v2/lexical_and_xcomet_xl/gemini25flashlite/gitksan/pdf2_rigsby/original/chain_gloss_summary_text_txt.json	metrics/matched_gold_v2/xcomet_xxl/gemini25flashlite/gitksan/pdf2_rigsby/original/chain_gloss_summary_text_txt.json	37	37	complete	True	True	5	5	5	0	5	common99	37	2.9021172118871728	22.51053234762033	0.3939428196565525	0.2190757840871811
gemini25flashlite_gitksan_pdf2_rigsby_original_modelgloss_cheatsheet_jpg	gemini25flashlite	Gitksan	pdf2_rigsby	original	modelgloss	cheatsheet_jpg	configs/matched_gold_v2/gemini25flashlite_gitksan_pdf2_rigsby_original_modelgloss_cheatsheet_jpg.json	results/matched_gold_v2/gemini25flashlite/gitksan/pdf2_rigsby/original/modelgloss_cheatsheet_jpg.jsonl	metrics/matched_gold_v2/lexical_and_xcomet_xl/gemini25flashlite/gitksan/pdf2_rigsby/original/modelgloss_cheatsheet_jpg.json	metrics/matched_gold_v2/xcomet_xxl/gemini25flashlite/gitksan/pdf2_rigsby/original/modelgloss_cheatsheet_jpg.json	37	37	complete	True	True	0	0	0	0	0	native	37	18.62506304556191	48.99240010408522	0.6231057974132331	0.45551128685474396
gemini25flashlite_gitksan_pdf2_rigsby_original_modelgloss_cheatsheet_jpg	gemini25flashlite	Gitksan	pdf2_rigsby	original	modelgloss	cheatsheet_jpg	configs/matched_gold_v2/gemini25flashlite_gitksan_pdf2_rigsby_original_modelgloss_cheatsheet_jpg.json	results/matched_gold_v2/gemini25flashlite/gitksan/pdf2_rigsby/original/modelgloss_cheatsheet_jpg.jsonl	metrics/matched_gold_v2/lexical_and_xcomet_xl/gemini25flashlite/gitksan/pdf2_rigsby/original/modelgloss_cheatsheet_jpg.json	metrics/matched_gold_v2/xcomet_xxl/gemini25flashlite/gitksan/pdf2_rigsby/original/modelgloss_cheatsheet_jpg.json	37	37	complete	True	True	0	0	0	0	0	common99	37	18.62506304556191	48.99240010408522	0.6231057974132331	0.45551128685474396
gemini25flashlite_gitksan_pdf2_rigsby_original_modelgloss_cheatsheet_txt	gemini25flashlite	Gitksan	pdf2_rigsby	original	modelgloss	cheatsheet_txt	configs/matched_gold_v2/gemini25flashlite_gitksan_pdf2_rigsby_original_modelgloss_cheatsheet_txt.json	results/matched_gold_v2/gemini25flashlite/gitksan/pdf2_rigsby/original/modelgloss_cheatsheet_txt.jsonl	metrics/matched_gold_v2/lexical_and_xcomet_xl/gemini25flashlite/gitksan/pdf2_rigsby/original/modelgloss_cheatsheet_txt.json	metrics/matched_gold_v2/xcomet_xxl/gemini25flashlite/gitksan/pdf2_rigsby/original/modelgloss_cheatsheet_txt.json	37	37	complete	True	True	0	0	0	0	0	native	37	19.57516970182657	48.906866004662994	0.6016450016885191	0.484738756675978
gemini25flashlite_gitksan_pdf2_rigsby_original_modelgloss_cheatsheet_txt	gemini25flashlite	Gitksan	pdf2_rigsby	original	modelgloss	cheatsheet_txt	configs/matched_gold_v2/gemini25flashlite_gitksan_pdf2_rigsby_original_modelgloss_cheatsheet_txt.json	results/matched_gold_v2/gemini25flashlite/gitksan/pdf2_rigsby/original/modelgloss_cheatsheet_txt.jsonl	metrics/matched_gold_v2/lexical_and_xcomet_xl/gemini25flashlite/gitksan/pdf2_rigsby/original/modelgloss_cheatsheet_txt.json	metrics/matched_gold_v2/xcomet_xxl/gemini25flashlite/gitksan/pdf2_rigsby/original/modelgloss_cheatsheet_txt.json	37	37	complete	True	True	0	0	0	0	0	common99	37	19.57516970182657	48.906866004662994	0.6016450016885191	0.484738756675978
gemini25flashlite_gitksan_pdf2_rigsby_original_modelgloss_pdfpages_impactful_jpg	gemini25flashlite	Gitksan	pdf2_rigsby	original	modelgloss	pdfpages_impactful_jpg	configs/matched_gold_v2/gemini25flashlite_gitksan_pdf2_rigsby_original_modelgloss_pdfpages_impactful_jpg.json	results/matched_gold_v2/gemini25flashlite/gitksan/pdf2_rigsby/original/modelgloss_pdfpages_impactful_jpg.jsonl	metrics/matched_gold_v2/lexical_and_xcomet_xl/gemini25flashlite/gitksan/pdf2_rigsby/original/modelgloss_pdfpages_impactful_jpg.json	metrics/matched_gold_v2/xcomet_xxl/gemini25flashlite/gitksan/pdf2_rigsby/original/modelgloss_pdfpages_impactful_jpg.json	37	37	complete	True	True	0	0	0	0	0	native	37	14.90882127530107	44.03930330989698	0.5880427521628302	0.42678086580456914
gemini25flashlite_gitksan_pdf2_rigsby_original_modelgloss_pdfpages_impactful_jpg	gemini25flashlite	Gitksan	pdf2_rigsby	original	modelgloss	pdfpages_impactful_jpg	configs/matched_gold_v2/gemini25flashlite_gitksan_pdf2_rigsby_original_modelgloss_pdfpages_impactful_jpg.json	results/matched_gold_v2/gemini25flashlite/gitksan/pdf2_rigsby/original/modelgloss_pdfpages_impactful_jpg.jsonl	metrics/matched_gold_v2/lexical_and_xcomet_xl/gemini25flashlite/gitksan/pdf2_rigsby/original/modelgloss_pdfpages_impactful_jpg.json	metrics/matched_gold_v2/xcomet_xxl/gemini25flashlite/gitksan/pdf2_rigsby/original/modelgloss_pdfpages_impactful_jpg.json	37	37	complete	True	True	0	0	0	0	0	common99	37	14.90882127530107	44.03930330989698	0.5880427521628302	0.42678086580456914
gemini25flashlite_gitksan_pdf2_rigsby_original_modelgloss_summary_tables_jpg	gemini25flashlite	Gitksan	pdf2_rigsby	original	modelgloss	summary_tables_jpg	configs/matched_gold_v2/gemini25flashlite_gitksan_pdf2_rigsby_original_modelgloss_summary_tables_jpg.json	results/matched_gold_v2/gemini25flashlite/gitksan/pdf2_rigsby/original/modelgloss_summary_tables_jpg.jsonl	metrics/matched_gold_v2/lexical_and_xcomet_xl/gemini25flashlite/gitksan/pdf2_rigsby/original/modelgloss_summary_tables_jpg.json	metrics/matched_gold_v2/xcomet_xxl/gemini25flashlite/gitksan/pdf2_rigsby/original/modelgloss_summary_tables_jpg.json	37	37	complete	True	True	0	0	0	0	0	native	37	17.331493513463403	47.11917974658256	0.5981713936135575	0.44758127670030334
gemini25flashlite_gitksan_pdf2_rigsby_original_modelgloss_summary_tables_jpg	gemini25flashlite	Gitksan	pdf2_rigsby	original	modelgloss	summary_tables_jpg	configs/matched_gold_v2/gemini25flashlite_gitksan_pdf2_rigsby_original_modelgloss_summary_tables_jpg.json	results/matched_gold_v2/gemini25flashlite/gitksan/pdf2_rigsby/original/modelgloss_summary_tables_jpg.jsonl	metrics/matched_gold_v2/lexical_and_xcomet_xl/gemini25flashlite/gitksan/pdf2_rigsby/original/modelgloss_summary_tables_jpg.json	metrics/matched_gold_v2/xcomet_xxl/gemini25flashlite/gitksan/pdf2_rigsby/original/modelgloss_summary_tables_jpg.json	37	37	complete	True	True	0	0	0	0	0	common99	37	17.331493513463403	47.11917974658256	0.5981713936135575	0.44758127670030334
gemini25flashlite_gitksan_pdf2_rigsby_original_modelgloss_summary_tables_txt	gemini25flashlite	Gitksan	pdf2_rigsby	original	modelgloss	summary_tables_txt	configs/matched_gold_v2/gemini25flashlite_gitksan_pdf2_rigsby_original_modelgloss_summary_tables_txt.json	results/matched_gold_v2/gemini25flashlite/gitksan/pdf2_rigsby/original/modelgloss_summary_tables_txt.jsonl	metrics/matched_gold_v2/lexical_and_xcomet_xl/gemini25flashlite/gitksan/pdf2_rigsby/original/modelgloss_summary_tables_txt.json	metrics/matched_gold_v2/xcomet_xxl/gemini25flashlite/gitksan/pdf2_rigsby/original/modelgloss_summary_tables_txt.json	37	37	complete	True	True	0	0	0	0	0	native	37	18.17738826582135	48.74237244996763	0.6233021536388913	0.4634732249620798
gemini25flashlite_gitksan_pdf2_rigsby_original_modelgloss_summary_tables_txt	gemini25flashlite	Gitksan	pdf2_rigsby	original	modelgloss	summary_tables_txt	configs/matched_gold_v2/gemini25flashlite_gitksan_pdf2_rigsby_original_modelgloss_summary_tables_txt.json	results/matched_gold_v2/gemini25flashlite/gitksan/pdf2_rigsby/original/modelgloss_summary_tables_txt.jsonl	metrics/matched_gold_v2/lexical_and_xcomet_xl/gemini25flashlite/gitksan/pdf2_rigsby/original/modelgloss_summary_tables_txt.json	metrics/matched_gold_v2/xcomet_xxl/gemini25flashlite/gitksan/pdf2_rigsby/original/modelgloss_summary_tables_txt.json	37	37	complete	True	True	0	0	0	0	0	common99	37	18.17738826582135	48.74237244996763	0.6233021536388913	0.4634732249620798
gemini25flashlite_gitksan_pdf2_rigsby_original_modelgloss_summary_text_txt	gemini25flashlite	Gitksan	pdf2_rigsby	original	modelgloss	summary_text_txt	configs/matched_gold_v2/gemini25flashlite_gitksan_pdf2_rigsby_original_modelgloss_summary_text_txt.json	results/matched_gold_v2/gemini25flashlite/gitksan/pdf2_rigsby/original/modelgloss_summary_text_txt.jsonl	metrics/matched_gold_v2/lexical_and_xcomet_xl/gemini25flashlite/gitksan/pdf2_rigsby/original/modelgloss_summary_text_txt.json	metrics/matched_gold_v2/xcomet_xxl/gemini25flashlite/gitksan/pdf2_rigsby/original/modelgloss_summary_text_txt.json	37	37	complete	True	True	0	0	0	0	0	native	37	20.04869200583303	49.76965031089606	0.6307065559400095	0.47780707156335983
gemini25flashlite_gitksan_pdf2_rigsby_original_modelgloss_summary_text_txt	gemini25flashlite	Gitksan	pdf2_rigsby	original	modelgloss	summary_text_txt	configs/matched_gold_v2/gemini25flashlite_gitksan_pdf2_rigsby_original_modelgloss_summary_text_txt.json	results/matched_gold_v2/gemini25flashlite/gitksan/pdf2_rigsby/original/modelgloss_summary_text_txt.jsonl	metrics/matched_gold_v2/lexical_and_xcomet_xl/gemini25flashlite/gitksan/pdf2_rigsby/original/modelgloss_summary_text_txt.json	metrics/matched_gold_v2/xcomet_xxl/gemini25flashlite/gitksan/pdf2_rigsby/original/modelgloss_summary_text_txt.json	37	37	complete	True	True	0	0	0	0	0	common99	37	20.04869200583303	49.76965031089606	0.6307065559400095	0.47780707156335983
gemini25flashlite_gitksan_pdf2_rigsby_original_shot_cheatsheet_jpg	gemini25flashlite	Gitksan	pdf2_rigsby	original	shot	cheatsheet_jpg	configs/matched_gold_v2/gemini25flashlite_gitksan_pdf2_rigsby_original_shot_cheatsheet_jpg.json	results/matched_gold_v2/gemini25flashlite/gitksan/pdf2_rigsby/original/shot_cheatsheet_jpg.jsonl	metrics/matched_gold_v2/lexical_and_xcomet_xl/gemini25flashlite/gitksan/pdf2_rigsby/original/shot_cheatsheet_jpg.json	metrics/matched_gold_v2/xcomet_xxl/gemini25flashlite/gitksan/pdf2_rigsby/original/shot_cheatsheet_jpg.json	37	37	complete	True	True	0	0	0	0	0	native	37	4.742462737670499	26.1472800768211	0.4067017786406182	0.21841515842321757
gemini25flashlite_gitksan_pdf2_rigsby_original_shot_cheatsheet_jpg	gemini25flashlite	Gitksan	pdf2_rigsby	original	shot	cheatsheet_jpg	configs/matched_gold_v2/gemini25flashlite_gitksan_pdf2_rigsby_original_shot_cheatsheet_jpg.json	results/matched_gold_v2/gemini25flashlite/gitksan/pdf2_rigsby/original/shot_cheatsheet_jpg.jsonl	metrics/matched_gold_v2/lexical_and_xcomet_xl/gemini25flashlite/gitksan/pdf2_rigsby/original/shot_cheatsheet_jpg.json	metrics/matched_gold_v2/xcomet_xxl/gemini25flashlite/gitksan/pdf2_rigsby/original/shot_cheatsheet_jpg.json	37	37	complete	True	True	0	0	0	0	0	common99	37	4.742462737670499	26.1472800768211	0.4067017786406182	0.21841515842321757
gemini25flashlite_gitksan_pdf2_rigsby_original_shot_cheatsheet_txt	gemini25flashlite	Gitksan	pdf2_rigsby	original	shot	cheatsheet_txt	configs/matched_gold_v2/gemini25flashlite_gitksan_pdf2_rigsby_original_shot_cheatsheet_txt.json	results/matched_gold_v2/gemini25flashlite/gitksan/pdf2_rigsby/original/shot_cheatsheet_txt.jsonl	metrics/matched_gold_v2/lexical_and_xcomet_xl/gemini25flashlite/gitksan/pdf2_rigsby/original/shot_cheatsheet_txt.json	metrics/matched_gold_v2/xcomet_xxl/gemini25flashlite/gitksan/pdf2_rigsby/original/shot_cheatsheet_txt.json	37	37	complete	True	True	1	1	0	0	1	native	37	5.8043397813809	26.333806717300668	0.38228365255368724	0.22018293512834086
gemini25flashlite_gitksan_pdf2_rigsby_original_shot_cheatsheet_txt	gemini25flashlite	Gitksan	pdf2_rigsby	original	shot	cheatsheet_txt	configs/matched_gold_v2/gemini25flashlite_gitksan_pdf2_rigsby_original_shot_cheatsheet_txt.json	results/matched_gold_v2/gemini25flashlite/gitksan/pdf2_rigsby/original/shot_cheatsheet_txt.jsonl	metrics/matched_gold_v2/lexical_and_xcomet_xl/gemini25flashlite/gitksan/pdf2_rigsby/original/shot_cheatsheet_txt.json	metrics/matched_gold_v2/xcomet_xxl/gemini25flashlite/gitksan/pdf2_rigsby/original/shot_cheatsheet_txt.json	37	37	complete	True	True	1	1	0	0	1	common99	37	5.8043397813809	26.333806717300668	0.38228365255368724	0.22018293512834086
gemini25flashlite_gitksan_pdf2_rigsby_original_shot_pdfpages_impactful_jpg	gemini25flashlite	Gitksan	pdf2_rigsby	original	shot	pdfpages_impactful_jpg	configs/matched_gold_v2/gemini25flashlite_gitksan_pdf2_rigsby_original_shot_pdfpages_impactful_jpg.json	results/matched_gold_v2/gemini25flashlite/gitksan/pdf2_rigsby/original/shot_pdfpages_impactful_jpg.jsonl	metrics/matched_gold_v2/lexical_and_xcomet_xl/gemini25flashlite/gitksan/pdf2_rigsby/original/shot_pdfpages_impactful_jpg.json	metrics/matched_gold_v2/xcomet_xxl/gemini25flashlite/gitksan/pdf2_rigsby/original/shot_pdfpages_impactful_jpg.json	37	37	complete	True	True	0	0	0	0	0	native	37	3.748414036251969	22.260931242596218	0.36184239145871755	0.2158965766429901
gemini25flashlite_gitksan_pdf2_rigsby_original_shot_pdfpages_impactful_jpg	gemini25flashlite	Gitksan	pdf2_rigsby	original	shot	pdfpages_impactful_jpg	configs/matched_gold_v2/gemini25flashlite_gitksan_pdf2_rigsby_original_shot_pdfpages_impactful_jpg.json	results/matched_gold_v2/gemini25flashlite/gitksan/pdf2_rigsby/original/shot_pdfpages_impactful_jpg.jsonl	metrics/matched_gold_v2/lexical_and_xcomet_xl/gemini25flashlite/gitksan/pdf2_rigsby/original/shot_pdfpages_impactful_jpg.json	metrics/matched_gold_v2/xcomet_xxl/gemini25flashlite/gitksan/pdf2_rigsby/original/shot_pdfpages_impactful_jpg.json	37	37	complete	True	True	0	0	0	0	0	common99	37	3.748414036251969	22.260931242596218	0.36184239145871755	0.2158965766429901
gemini25flashlite_gitksan_pdf2_rigsby_original_shot_summary_tables_jpg	gemini25flashlite	Gitksan	pdf2_rigsby	original	shot	summary_tables_jpg	configs/matched_gold_v2/gemini25flashlite_gitksan_pdf2_rigsby_original_shot_summary_tables_jpg.json	results/matched_gold_v2/gemini25flashlite/gitksan/pdf2_rigsby/original/shot_summary_tables_jpg.jsonl	metrics/matched_gold_v2/lexical_and_xcomet_xl/gemini25flashlite/gitksan/pdf2_rigsby/original/shot_summary_tables_jpg.json	metrics/matched_gold_v2/xcomet_xxl/gemini25flashlite/gitksan/pdf2_rigsby/original/shot_summary_tables_jpg.json	37	37	complete	True	True	1	1	0	0	1	native	37	5.9916410301665115	25.120202760418834	0.39767869541773926	0.2225004396325833
gemini25flashlite_gitksan_pdf2_rigsby_original_shot_summary_tables_jpg	gemini25flashlite	Gitksan	pdf2_rigsby	original	shot	summary_tables_jpg	configs/matched_gold_v2/gemini25flashlite_gitksan_pdf2_rigsby_original_shot_summary_tables_jpg.json	results/matched_gold_v2/gemini25flashlite/gitksan/pdf2_rigsby/original/shot_summary_tables_jpg.jsonl	metrics/matched_gold_v2/lexical_and_xcomet_xl/gemini25flashlite/gitksan/pdf2_rigsby/original/shot_summary_tables_jpg.json	metrics/matched_gold_v2/xcomet_xxl/gemini25flashlite/gitksan/pdf2_rigsby/original/shot_summary_tables_jpg.json	37	37	complete	True	True	1	1	0	0	1	common99	37	5.9916410301665115	25.120202760418834	0.39767869541773926	0.2225004396325833
gemini25flashlite_gitksan_pdf2_rigsby_original_shot_summary_tables_txt	gemini25flashlite	Gitksan	pdf2_rigsby	original	shot	summary_tables_txt	configs/matched_gold_v2/gemini25flashlite_gitksan_pdf2_rigsby_original_shot_summary_tables_txt.json	results/matched_gold_v2/gemini25flashlite/gitksan/pdf2_rigsby/original/shot_summary_tables_txt.jsonl	metrics/matched_gold_v2/lexical_and_xcomet_xl/gemini25flashlite/gitksan/pdf2_rigsby/original/shot_summary_tables_txt.json	metrics/matched_gold_v2/xcomet_xxl/gemini25flashlite/gitksan/pdf2_rigsby/original/shot_summary_tables_txt.json	37	37	complete	True	True	1	1	0	0	1	native	37	6.439861492110241	27.48890392569511	0.3925404000926662	0.23805080495170644
gemini25flashlite_gitksan_pdf2_rigsby_original_shot_summary_tables_txt	gemini25flashlite	Gitksan	pdf2_rigsby	original	shot	summary_tables_txt	configs/matched_gold_v2/gemini25flashlite_gitksan_pdf2_rigsby_original_shot_summary_tables_txt.json	results/matched_gold_v2/gemini25flashlite/gitksan/pdf2_rigsby/original/shot_summary_tables_txt.jsonl	metrics/matched_gold_v2/lexical_and_xcomet_xl/gemini25flashlite/gitksan/pdf2_rigsby/original/shot_summary_tables_txt.json	metrics/matched_gold_v2/xcomet_xxl/gemini25flashlite/gitksan/pdf2_rigsby/original/shot_summary_tables_txt.json	37	37	complete	True	True	1	1	0	0	1	common99	37	6.439861492110241	27.48890392569511	0.3925404000926662	0.23805080495170644
gemini25flashlite_gitksan_pdf2_rigsby_original_shot_summary_text_txt	gemini25flashlite	Gitksan	pdf2_rigsby	original	shot	summary_text_txt	configs/matched_gold_v2/gemini25flashlite_gitksan_pdf2_rigsby_original_shot_summary_text_txt.json	results/matched_gold_v2/gemini25flashlite/gitksan/pdf2_rigsby/original/shot_summary_text_txt.jsonl	metrics/matched_gold_v2/lexical_and_xcomet_xl/gemini25flashlite/gitksan/pdf2_rigsby/original/shot_summary_text_txt.json	metrics/matched_gold_v2/xcomet_xxl/gemini25flashlite/gitksan/pdf2_rigsby/original/shot_summary_text_txt.json	37	37	complete	True	True	0	0	0	0	0	native	37	7.364508987544877	28.1343432337207	0.3833668070870477	0.22244856506586075
gemini25flashlite_gitksan_pdf2_rigsby_original_shot_summary_text_txt	gemini25flashlite	Gitksan	pdf2_rigsby	original	shot	summary_text_txt	configs/matched_gold_v2/gemini25flashlite_gitksan_pdf2_rigsby_original_shot_summary_text_txt.json	results/matched_gold_v2/gemini25flashlite/gitksan/pdf2_rigsby/original/shot_summary_text_txt.jsonl	metrics/matched_gold_v2/lexical_and_xcomet_xl/gemini25flashlite/gitksan/pdf2_rigsby/original/shot_summary_text_txt.json	metrics/matched_gold_v2/xcomet_xxl/gemini25flashlite/gitksan/pdf2_rigsby/original/shot_summary_text_txt.json	37	37	complete	True	True	0	0	0	0	0	common99	37	7.364508987544877	28.1343432337207	0.3833668070870477	0.22244856506586075
gemini25flashlite_lezgi_grammar_cyrillic_chain_gloss_cheatsheet_jpg	gemini25flashlite	Lezgi	grammar	cyrillic	chain_gloss	cheatsheet_jpg	configs/matched_gold_v2/gemini25flashlite_lezgi_grammar_cyrillic_chain_gloss_cheatsheet_jpg.json	results/matched_gold_v2/gemini25flashlite/lezgi/grammar/cyrillic/chain_gloss_cheatsheet_jpg.jsonl	metrics/matched_gold_v2/lexical_and_xcomet_xl/gemini25flashlite/lezgi/grammar/cyrillic/chain_gloss_cheatsheet_jpg.json	metrics/matched_gold_v2/xcomet_xxl/gemini25flashlite/lezgi/grammar/cyrillic/chain_gloss_cheatsheet_jpg.json	87	87	complete	True	True	3	3	3	0	3	native	87	12.294977445330865	34.44165286403042	0.5102100815923735	0.33203447310403844
gemini25flashlite_lezgi_grammar_cyrillic_chain_gloss_cheatsheet_jpg	gemini25flashlite	Lezgi	grammar	cyrillic	chain_gloss	cheatsheet_jpg	configs/matched_gold_v2/gemini25flashlite_lezgi_grammar_cyrillic_chain_gloss_cheatsheet_jpg.json	results/matched_gold_v2/gemini25flashlite/lezgi/grammar/cyrillic/chain_gloss_cheatsheet_jpg.jsonl	metrics/matched_gold_v2/lexical_and_xcomet_xl/gemini25flashlite/lezgi/grammar/cyrillic/chain_gloss_cheatsheet_jpg.json	metrics/matched_gold_v2/xcomet_xxl/gemini25flashlite/lezgi/grammar/cyrillic/chain_gloss_cheatsheet_jpg.json	87	87	complete	True	True	3	3	3	0	3	common99	87	12.294977445330865	34.44165286403042	0.5102100815923735	0.33203447310403844
gemini25flashlite_lezgi_grammar_cyrillic_chain_gloss_cheatsheet_txt	gemini25flashlite	Lezgi	grammar	cyrillic	chain_gloss	cheatsheet_txt	configs/matched_gold_v2/gemini25flashlite_lezgi_grammar_cyrillic_chain_gloss_cheatsheet_txt.json	results/matched_gold_v2/gemini25flashlite/lezgi/grammar/cyrillic/chain_gloss_cheatsheet_txt.jsonl	metrics/matched_gold_v2/lexical_and_xcomet_xl/gemini25flashlite/lezgi/grammar/cyrillic/chain_gloss_cheatsheet_txt.json	metrics/matched_gold_v2/xcomet_xxl/gemini25flashlite/lezgi/grammar/cyrillic/chain_gloss_cheatsheet_txt.json	87	87	complete	True	True	4	4	4	0	4	native	87	10.415142459814723	31.975039399608146	0.48661454912574814	0.2949050430251264
gemini25flashlite_lezgi_grammar_cyrillic_chain_gloss_cheatsheet_txt	gemini25flashlite	Lezgi	grammar	cyrillic	chain_gloss	cheatsheet_txt	configs/matched_gold_v2/gemini25flashlite_lezgi_grammar_cyrillic_chain_gloss_cheatsheet_txt.json	results/matched_gold_v2/gemini25flashlite/lezgi/grammar/cyrillic/chain_gloss_cheatsheet_txt.jsonl	metrics/matched_gold_v2/lexical_and_xcomet_xl/gemini25flashlite/lezgi/grammar/cyrillic/chain_gloss_cheatsheet_txt.json	metrics/matched_gold_v2/xcomet_xxl/gemini25flashlite/lezgi/grammar/cyrillic/chain_gloss_cheatsheet_txt.json	87	87	complete	True	True	4	4	4	0	4	common99	87	10.415142459814723	31.975039399608146	0.48661454912574814	0.2949050430251264
gemini25flashlite_lezgi_grammar_cyrillic_chain_gloss_summary_tables_jpg	gemini25flashlite	Lezgi	grammar	cyrillic	chain_gloss	summary_tables_jpg	configs/matched_gold_v2/gemini25flashlite_lezgi_grammar_cyrillic_chain_gloss_summary_tables_jpg.json	results/matched_gold_v2/gemini25flashlite/lezgi/grammar/cyrillic/chain_gloss_summary_tables_jpg.jsonl	metrics/matched_gold_v2/lexical_and_xcomet_xl/gemini25flashlite/lezgi/grammar/cyrillic/chain_gloss_summary_tables_jpg.json	metrics/matched_gold_v2/xcomet_xxl/gemini25flashlite/lezgi/grammar/cyrillic/chain_gloss_summary_tables_jpg.json	87	87	complete	True	True	5	5	5	0	5	native	87	11.94815514002641	33.528326121407126	0.5078605613831816	0.3090427797929994
gemini25flashlite_lezgi_grammar_cyrillic_chain_gloss_summary_tables_jpg	gemini25flashlite	Lezgi	grammar	cyrillic	chain_gloss	summary_tables_jpg	configs/matched_gold_v2/gemini25flashlite_lezgi_grammar_cyrillic_chain_gloss_summary_tables_jpg.json	results/matched_gold_v2/gemini25flashlite/lezgi/grammar/cyrillic/chain_gloss_summary_tables_jpg.jsonl	metrics/matched_gold_v2/lexical_and_xcomet_xl/gemini25flashlite/lezgi/grammar/cyrillic/chain_gloss_summary_tables_jpg.json	metrics/matched_gold_v2/xcomet_xxl/gemini25flashlite/lezgi/grammar/cyrillic/chain_gloss_summary_tables_jpg.json	87	87	complete	True	True	5	5	5	0	5	common99	87	11.94815514002641	33.528326121407126	0.5078605613831816	0.3090427797929994
gemini25flashlite_lezgi_grammar_cyrillic_chain_gloss_summary_tables_txt	gemini25flashlite	Lezgi	grammar	cyrillic	chain_gloss	summary_tables_txt	configs/matched_gold_v2/gemini25flashlite_lezgi_grammar_cyrillic_chain_gloss_summary_tables_txt.json	results/matched_gold_v2/gemini25flashlite/lezgi/grammar/cyrillic/chain_gloss_summary_tables_txt.jsonl	metrics/matched_gold_v2/lexical_and_xcomet_xl/gemini25flashlite/lezgi/grammar/cyrillic/chain_gloss_summary_tables_txt.json	metrics/matched_gold_v2/xcomet_xxl/gemini25flashlite/lezgi/grammar/cyrillic/chain_gloss_summary_tables_txt.json	87	87	complete	True	True	4	4	4	0	4	native	87	11.23139846859667	31.677779480613317	0.4847795057228242	0.29174876504245845
gemini25flashlite_lezgi_grammar_cyrillic_chain_gloss_summary_tables_txt	gemini25flashlite	Lezgi	grammar	cyrillic	chain_gloss	summary_tables_txt	configs/matched_gold_v2/gemini25flashlite_lezgi_grammar_cyrillic_chain_gloss_summary_tables_txt.json	results/matched_gold_v2/gemini25flashlite/lezgi/grammar/cyrillic/chain_gloss_summary_tables_txt.jsonl	metrics/matched_gold_v2/lexical_and_xcomet_xl/gemini25flashlite/lezgi/grammar/cyrillic/chain_gloss_summary_tables_txt.json	metrics/matched_gold_v2/xcomet_xxl/gemini25flashlite/lezgi/grammar/cyrillic/chain_gloss_summary_tables_txt.json	87	87	complete	True	True	4	4	4	0	4	common99	87	11.23139846859667	31.677779480613317	0.4847795057228242	0.29174876504245845
gemini25flashlite_lezgi_grammar_cyrillic_chain_gloss_summary_text_txt	gemini25flashlite	Lezgi	grammar	cyrillic	chain_gloss	summary_text_txt	configs/matched_gold_v2/gemini25flashlite_lezgi_grammar_cyrillic_chain_gloss_summary_text_txt.json	results/matched_gold_v2/gemini25flashlite/lezgi/grammar/cyrillic/chain_gloss_summary_text_txt.jsonl	metrics/matched_gold_v2/lexical_and_xcomet_xl/gemini25flashlite/lezgi/grammar/cyrillic/chain_gloss_summary_text_txt.json	metrics/matched_gold_v2/xcomet_xxl/gemini25flashlite/lezgi/grammar/cyrillic/chain_gloss_summary_text_txt.json	87	87	complete	True	True	6	6	6	0	6	native	87	9.855980915303475	30.151109576197825	0.47014152404220627	0.28274325726703664
gemini25flashlite_lezgi_grammar_cyrillic_chain_gloss_summary_text_txt	gemini25flashlite	Lezgi	grammar	cyrillic	chain_gloss	summary_text_txt	configs/matched_gold_v2/gemini25flashlite_lezgi_grammar_cyrillic_chain_gloss_summary_text_txt.json	results/matched_gold_v2/gemini25flashlite/lezgi/grammar/cyrillic/chain_gloss_summary_text_txt.jsonl	metrics/matched_gold_v2/lexical_and_xcomet_xl/gemini25flashlite/lezgi/grammar/cyrillic/chain_gloss_summary_text_txt.json	metrics/matched_gold_v2/xcomet_xxl/gemini25flashlite/lezgi/grammar/cyrillic/chain_gloss_summary_text_txt.json	87	87	complete	True	True	6	6	6	0	6	common99	87	9.855980915303475	30.151109576197825	0.47014152404220627	0.28274325726703664
gemini25flashlite_lezgi_grammar_cyrillic_modelgloss_cheatsheet_jpg	gemini25flashlite	Lezgi	grammar	cyrillic	modelgloss	cheatsheet_jpg	configs/matched_gold_v2/gemini25flashlite_lezgi_grammar_cyrillic_modelgloss_cheatsheet_jpg.json	results/matched_gold_v2/gemini25flashlite/lezgi/grammar/cyrillic/modelgloss_cheatsheet_jpg.jsonl	metrics/matched_gold_v2/lexical_and_xcomet_xl/gemini25flashlite/lezgi/grammar/cyrillic/modelgloss_cheatsheet_jpg.json	metrics/matched_gold_v2/xcomet_xxl/gemini25flashlite/lezgi/grammar/cyrillic/modelgloss_cheatsheet_jpg.json	87	87	complete	True	True	0	0	0	0	0	native	87	17.861738452978436	43.33741051717309	0.5725508760446789	0.39153879041644346
gemini25flashlite_lezgi_grammar_cyrillic_modelgloss_cheatsheet_jpg	gemini25flashlite	Lezgi	grammar	cyrillic	modelgloss	cheatsheet_jpg	configs/matched_gold_v2/gemini25flashlite_lezgi_grammar_cyrillic_modelgloss_cheatsheet_jpg.json	results/matched_gold_v2/gemini25flashlite/lezgi/grammar/cyrillic/modelgloss_cheatsheet_jpg.jsonl	metrics/matched_gold_v2/lexical_and_xcomet_xl/gemini25flashlite/lezgi/grammar/cyrillic/modelgloss_cheatsheet_jpg.json	metrics/matched_gold_v2/xcomet_xxl/gemini25flashlite/lezgi/grammar/cyrillic/modelgloss_cheatsheet_jpg.json	87	87	complete	True	True	0	0	0	0	0	common99	87	17.861738452978436	43.33741051717309	0.5725508760446789	0.39153879041644346
gemini25flashlite_lezgi_grammar_cyrillic_modelgloss_cheatsheet_txt	gemini25flashlite	Lezgi	grammar	cyrillic	modelgloss	cheatsheet_txt	configs/matched_gold_v2/gemini25flashlite_lezgi_grammar_cyrillic_modelgloss_cheatsheet_txt.json	results/matched_gold_v2/gemini25flashlite/lezgi/grammar/cyrillic/modelgloss_cheatsheet_txt.jsonl	metrics/matched_gold_v2/lexical_and_xcomet_xl/gemini25flashlite/lezgi/grammar/cyrillic/modelgloss_cheatsheet_txt.json	metrics/matched_gold_v2/xcomet_xxl/gemini25flashlite/lezgi/grammar/cyrillic/modelgloss_cheatsheet_txt.json	87	87	complete	True	True	1	0	0	0	1	native	87	17.843301416842912	42.25991289585046	0.5648843865284975	0.3708085364651406
gemini25flashlite_lezgi_grammar_cyrillic_modelgloss_cheatsheet_txt	gemini25flashlite	Lezgi	grammar	cyrillic	modelgloss	cheatsheet_txt	configs/matched_gold_v2/gemini25flashlite_lezgi_grammar_cyrillic_modelgloss_cheatsheet_txt.json	results/matched_gold_v2/gemini25flashlite/lezgi/grammar/cyrillic/modelgloss_cheatsheet_txt.jsonl	metrics/matched_gold_v2/lexical_and_xcomet_xl/gemini25flashlite/lezgi/grammar/cyrillic/modelgloss_cheatsheet_txt.json	metrics/matched_gold_v2/xcomet_xxl/gemini25flashlite/lezgi/grammar/cyrillic/modelgloss_cheatsheet_txt.json	87	87	complete	True	True	1	0	0	0	1	common99	87	17.843301416842912	42.25991289585046	0.5648843865284975	0.3708085364651406
gemini25flashlite_lezgi_grammar_cyrillic_modelgloss_summary_tables_jpg	gemini25flashlite	Lezgi	grammar	cyrillic	modelgloss	summary_tables_jpg	configs/matched_gold_v2/gemini25flashlite_lezgi_grammar_cyrillic_modelgloss_summary_tables_jpg.json	results/matched_gold_v2/gemini25flashlite/lezgi/grammar/cyrillic/modelgloss_summary_tables_jpg.jsonl	metrics/matched_gold_v2/lexical_and_xcomet_xl/gemini25flashlite/lezgi/grammar/cyrillic/modelgloss_summary_tables_jpg.json	metrics/matched_gold_v2/xcomet_xxl/gemini25flashlite/lezgi/grammar/cyrillic/modelgloss_summary_tables_jpg.json	87	87	complete	True	True	0	0	0	0	0	native	87	18.221699727928055	43.25490489316589	0.5719695019310919	0.38989014486814366
gemini25flashlite_lezgi_grammar_cyrillic_modelgloss_summary_tables_jpg	gemini25flashlite	Lezgi	grammar	cyrillic	modelgloss	summary_tables_jpg	configs/matched_gold_v2/gemini25flashlite_lezgi_grammar_cyrillic_modelgloss_summary_tables_jpg.json	results/matched_gold_v2/gemini25flashlite/lezgi/grammar/cyrillic/modelgloss_summary_tables_jpg.jsonl	metrics/matched_gold_v2/lexical_and_xcomet_xl/gemini25flashlite/lezgi/grammar/cyrillic/modelgloss_summary_tables_jpg.json	metrics/matched_gold_v2/xcomet_xxl/gemini25flashlite/lezgi/grammar/cyrillic/modelgloss_summary_tables_jpg.json	87	87	complete	True	True	0	0	0	0	0	common99	87	18.221699727928055	43.25490489316589	0.5719695019310919	0.38989014486814366
gemini25flashlite_lezgi_grammar_cyrillic_modelgloss_summary_tables_txt	gemini25flashlite	Lezgi	grammar	cyrillic	modelgloss	summary_tables_txt	configs/matched_gold_v2/gemini25flashlite_lezgi_grammar_cyrillic_modelgloss_summary_tables_txt.json	results/matched_gold_v2/gemini25flashlite/lezgi/grammar/cyrillic/modelgloss_summary_tables_txt.jsonl	metrics/matched_gold_v2/lexical_and_xcomet_xl/gemini25flashlite/lezgi/grammar/cyrillic/modelgloss_summary_tables_txt.json	metrics/matched_gold_v2/xcomet_xxl/gemini25flashlite/lezgi/grammar/cyrillic/modelgloss_summary_tables_txt.json	87	87	complete	True	True	0	0	0	0	0	native	87	18.062964760169212	42.252872349395375	0.5632730602532968	0.37713139958080205
gemini25flashlite_lezgi_grammar_cyrillic_modelgloss_summary_tables_txt	gemini25flashlite	Lezgi	grammar	cyrillic	modelgloss	summary_tables_txt	configs/matched_gold_v2/gemini25flashlite_lezgi_grammar_cyrillic_modelgloss_summary_tables_txt.json	results/matched_gold_v2/gemini25flashlite/lezgi/grammar/cyrillic/modelgloss_summary_tables_txt.jsonl	metrics/matched_gold_v2/lexical_and_xcomet_xl/gemini25flashlite/lezgi/grammar/cyrillic/modelgloss_summary_tables_txt.json	metrics/matched_gold_v2/xcomet_xxl/gemini25flashlite/lezgi/grammar/cyrillic/modelgloss_summary_tables_txt.json	87	87	complete	True	True	0	0	0	0	0	common99	87	18.062964760169212	42.252872349395375	0.5632730602532968	0.37713139958080205
gemini25flashlite_lezgi_grammar_cyrillic_modelgloss_summary_text_txt	gemini25flashlite	Lezgi	grammar	cyrillic	modelgloss	summary_text_txt	configs/matched_gold_v2/gemini25flashlite_lezgi_grammar_cyrillic_modelgloss_summary_text_txt.json	results/matched_gold_v2/gemini25flashlite/lezgi/grammar/cyrillic/modelgloss_summary_text_txt.jsonl	metrics/matched_gold_v2/lexical_and_xcomet_xl/gemini25flashlite/lezgi/grammar/cyrillic/modelgloss_summary_text_txt.json	metrics/matched_gold_v2/xcomet_xxl/gemini25flashlite/lezgi/grammar/cyrillic/modelgloss_summary_text_txt.json	87	87	complete	True	True	1	0	0	0	1	native	87	17.189920658329587	42.13302351038861	0.5532038299174145	0.37282118432480715
gemini25flashlite_lezgi_grammar_cyrillic_modelgloss_summary_text_txt	gemini25flashlite	Lezgi	grammar	cyrillic	modelgloss	summary_text_txt	configs/matched_gold_v2/gemini25flashlite_lezgi_grammar_cyrillic_modelgloss_summary_text_txt.json	results/matched_gold_v2/gemini25flashlite/lezgi/grammar/cyrillic/modelgloss_summary_text_txt.jsonl	metrics/matched_gold_v2/lexical_and_xcomet_xl/gemini25flashlite/lezgi/grammar/cyrillic/modelgloss_summary_text_txt.json	metrics/matched_gold_v2/xcomet_xxl/gemini25flashlite/lezgi/grammar/cyrillic/modelgloss_summary_text_txt.json	87	87	complete	True	True	1	0	0	0	1	common99	87	17.189920658329587	42.13302351038861	0.5532038299174145	0.37282118432480715
gemini25flashlite_lezgi_grammar_cyrillic_shot_cheatsheet_jpg	gemini25flashlite	Lezgi	grammar	cyrillic	shot	cheatsheet_jpg	configs/matched_gold_v2/gemini25flashlite_lezgi_grammar_cyrillic_shot_cheatsheet_jpg.json	results/matched_gold_v2/gemini25flashlite/lezgi/grammar/cyrillic/shot_cheatsheet_jpg.jsonl	metrics/matched_gold_v2/lexical_and_xcomet_xl/gemini25flashlite/lezgi/grammar/cyrillic/shot_cheatsheet_jpg.json	metrics/matched_gold_v2/xcomet_xxl/gemini25flashlite/lezgi/grammar/cyrillic/shot_cheatsheet_jpg.json	87	87	complete	True	True	0	0	0	0	0	native	87	12.090168945046138	33.43636658522114	0.5197681466053272	0.3336666948322592
gemini25flashlite_lezgi_grammar_cyrillic_shot_cheatsheet_jpg	gemini25flashlite	Lezgi	grammar	cyrillic	shot	cheatsheet_jpg	configs/matched_gold_v2/gemini25flashlite_lezgi_grammar_cyrillic_shot_cheatsheet_jpg.json	results/matched_gold_v2/gemini25flashlite/lezgi/grammar/cyrillic/shot_cheatsheet_jpg.jsonl	metrics/matched_gold_v2/lexical_and_xcomet_xl/gemini25flashlite/lezgi/grammar/cyrillic/shot_cheatsheet_jpg.json	metrics/matched_gold_v2/xcomet_xxl/gemini25flashlite/lezgi/grammar/cyrillic/shot_cheatsheet_jpg.json	87	87	complete	True	True	0	0	0	0	0	common99	87	12.090168945046138	33.43636658522114	0.5197681466053272	0.3336666948322592
gemini25flashlite_lezgi_grammar_cyrillic_shot_cheatsheet_txt	gemini25flashlite	Lezgi	grammar	cyrillic	shot	cheatsheet_txt	configs/matched_gold_v2/gemini25flashlite_lezgi_grammar_cyrillic_shot_cheatsheet_txt.json	results/matched_gold_v2/gemini25flashlite/lezgi/grammar/cyrillic/shot_cheatsheet_txt.jsonl	metrics/matched_gold_v2/lexical_and_xcomet_xl/gemini25flashlite/lezgi/grammar/cyrillic/shot_cheatsheet_txt.json	metrics/matched_gold_v2/xcomet_xxl/gemini25flashlite/lezgi/grammar/cyrillic/shot_cheatsheet_txt.json	87	87	complete	True	True	1	0	0	0	1	native	87	11.346536273437646	33.20726272603952	0.47914867736827366	0.3028545590310261
gemini25flashlite_lezgi_grammar_cyrillic_shot_cheatsheet_txt	gemini25flashlite	Lezgi	grammar	cyrillic	shot	cheatsheet_txt	configs/matched_gold_v2/gemini25flashlite_lezgi_grammar_cyrillic_shot_cheatsheet_txt.json	results/matched_gold_v2/gemini25flashlite/lezgi/grammar/cyrillic/shot_cheatsheet_txt.jsonl	metrics/matched_gold_v2/lexical_and_xcomet_xl/gemini25flashlite/lezgi/grammar/cyrillic/shot_cheatsheet_txt.json	metrics/matched_gold_v2/xcomet_xxl/gemini25flashlite/lezgi/grammar/cyrillic/shot_cheatsheet_txt.json	87	87	complete	True	True	1	0	0	0	1	common99	87	11.346536273437646	33.20726272603952	0.47914867736827366	0.3028545590310261
gemini25flashlite_lezgi_grammar_cyrillic_shot_summary_tables_jpg	gemini25flashlite	Lezgi	grammar	cyrillic	shot	summary_tables_jpg	configs/matched_gold_v2/gemini25flashlite_lezgi_grammar_cyrillic_shot_summary_tables_jpg.json	results/matched_gold_v2/gemini25flashlite/lezgi/grammar/cyrillic/shot_summary_tables_jpg.jsonl	metrics/matched_gold_v2/lexical_and_xcomet_xl/gemini25flashlite/lezgi/grammar/cyrillic/shot_summary_tables_jpg.json	metrics/matched_gold_v2/xcomet_xxl/gemini25flashlite/lezgi/grammar/cyrillic/shot_summary_tables_jpg.json	87	87	complete	True	True	0	0	0	0	0	native	87	12.008683026778463	33.036881377015916	0.520023529556976	0.33712823911644946
gemini25flashlite_lezgi_grammar_cyrillic_shot_summary_tables_jpg	gemini25flashlite	Lezgi	grammar	cyrillic	shot	summary_tables_jpg	configs/matched_gold_v2/gemini25flashlite_lezgi_grammar_cyrillic_shot_summary_tables_jpg.json	results/matched_gold_v2/gemini25flashlite/lezgi/grammar/cyrillic/shot_summary_tables_jpg.jsonl	metrics/matched_gold_v2/lexical_and_xcomet_xl/gemini25flashlite/lezgi/grammar/cyrillic/shot_summary_tables_jpg.json	metrics/matched_gold_v2/xcomet_xxl/gemini25flashlite/lezgi/grammar/cyrillic/shot_summary_tables_jpg.json	87	87	complete	True	True	0	0	0	0	0	common99	87	12.008683026778463	33.036881377015916	0.520023529556976	0.33712823911644946
gemini25flashlite_lezgi_grammar_cyrillic_shot_summary_tables_txt	gemini25flashlite	Lezgi	grammar	cyrillic	shot	summary_tables_txt	configs/matched_gold_v2/gemini25flashlite_lezgi_grammar_cyrillic_shot_summary_tables_txt.json	results/matched_gold_v2/gemini25flashlite/lezgi/grammar/cyrillic/shot_summary_tables_txt.jsonl	metrics/matched_gold_v2/lexical_and_xcomet_xl/gemini25flashlite/lezgi/grammar/cyrillic/shot_summary_tables_txt.json	metrics/matched_gold_v2/xcomet_xxl/gemini25flashlite/lezgi/grammar/cyrillic/shot_summary_tables_txt.json	87	87	complete	True	True	1	0	0	0	1	native	87	11.9472433436931	32.52523013367052	0.4756126914216184	0.31007723082071065
gemini25flashlite_lezgi_grammar_cyrillic_shot_summary_tables_txt	gemini25flashlite	Lezgi	grammar	cyrillic	shot	summary_tables_txt	configs/matched_gold_v2/gemini25flashlite_lezgi_grammar_cyrillic_shot_summary_tables_txt.json	results/matched_gold_v2/gemini25flashlite/lezgi/grammar/cyrillic/shot_summary_tables_txt.jsonl	metrics/matched_gold_v2/lexical_and_xcomet_xl/gemini25flashlite/lezgi/grammar/cyrillic/shot_summary_tables_txt.json	metrics/matched_gold_v2/xcomet_xxl/gemini25flashlite/lezgi/grammar/cyrillic/shot_summary_tables_txt.json	87	87	complete	True	True	1	0	0	0	1	common99	87	11.9472433436931	32.52523013367052	0.4756126914216184	0.31007723082071065
gemini25flashlite_lezgi_grammar_cyrillic_shot_summary_text_txt	gemini25flashlite	Lezgi	grammar	cyrillic	shot	summary_text_txt	configs/matched_gold_v2/gemini25flashlite_lezgi_grammar_cyrillic_shot_summary_text_txt.json	results/matched_gold_v2/gemini25flashlite/lezgi/grammar/cyrillic/shot_summary_text_txt.jsonl	metrics/matched_gold_v2/lexical_and_xcomet_xl/gemini25flashlite/lezgi/grammar/cyrillic/shot_summary_text_txt.json	metrics/matched_gold_v2/xcomet_xxl/gemini25flashlite/lezgi/grammar/cyrillic/shot_summary_text_txt.json	87	87	complete	True	True	2	1	0	0	2	native	87	12.00481506511495	32.62935544920428	0.49243289540553914	0.32168738201431846
gemini25flashlite_lezgi_grammar_cyrillic_shot_summary_text_txt	gemini25flashlite	Lezgi	grammar	cyrillic	shot	summary_text_txt	configs/matched_gold_v2/gemini25flashlite_lezgi_grammar_cyrillic_shot_summary_text_txt.json	results/matched_gold_v2/gemini25flashlite/lezgi/grammar/cyrillic/shot_summary_text_txt.jsonl	metrics/matched_gold_v2/lexical_and_xcomet_xl/gemini25flashlite/lezgi/grammar/cyrillic/shot_summary_text_txt.json	metrics/matched_gold_v2/xcomet_xxl/gemini25flashlite/lezgi/grammar/cyrillic/shot_summary_text_txt.json	87	87	complete	True	True	2	1	0	0	2	common99	87	12.00481506511495	32.62935544920428	0.49243289540553914	0.32168738201431846
gemini25flashlite_lezgi_grammar_original_chain_gloss_baseline	gemini25flashlite	Lezgi	grammar	original	chain_gloss	baseline	configs/matched_gold_v2/gemini25flashlite_lezgi_grammar_original_chain_gloss_baseline.json	results/matched_gold_v2/gemini25flashlite/lezgi/grammar/original/chain_gloss_baseline.jsonl	metrics/matched_gold_v2/lexical_and_xcomet_xl/gemini25flashlite/lezgi/grammar/original/chain_gloss_baseline.json	metrics/matched_gold_v2/xcomet_xxl/gemini25flashlite/lezgi/grammar/original/chain_gloss_baseline.json	87	87	complete	True	True	4	4	4	0	4	native	87	13.801019277380002	33.26339761968345	0.5023139900174635	0.3151989233219761
gemini25flashlite_lezgi_grammar_original_chain_gloss_baseline	gemini25flashlite	Lezgi	grammar	original	chain_gloss	baseline	configs/matched_gold_v2/gemini25flashlite_lezgi_grammar_original_chain_gloss_baseline.json	results/matched_gold_v2/gemini25flashlite/lezgi/grammar/original/chain_gloss_baseline.jsonl	metrics/matched_gold_v2/lexical_and_xcomet_xl/gemini25flashlite/lezgi/grammar/original/chain_gloss_baseline.json	metrics/matched_gold_v2/xcomet_xxl/gemini25flashlite/lezgi/grammar/original/chain_gloss_baseline.json	87	87	complete	True	True	4	4	4	0	4	common99	87	13.801019277380002	33.26339761968345	0.5023139900174635	0.3151989233219761
gemini25flashlite_lezgi_grammar_original_chain_gloss_cheatsheet_jpg	gemini25flashlite	Lezgi	grammar	original	chain_gloss	cheatsheet_jpg	configs/matched_gold_v2/gemini25flashlite_lezgi_grammar_original_chain_gloss_cheatsheet_jpg.json	results/matched_gold_v2/gemini25flashlite/lezgi/grammar/original/chain_gloss_cheatsheet_jpg.jsonl	metrics/matched_gold_v2/lexical_and_xcomet_xl/gemini25flashlite/lezgi/grammar/original/chain_gloss_cheatsheet_jpg.json	metrics/matched_gold_v2/xcomet_xxl/gemini25flashlite/lezgi/grammar/original/chain_gloss_cheatsheet_jpg.json	87	87	complete	True	True	4	4	4	0	4	native	87	13.166239308973235	33.51409922940357	0.49636988067763976	0.3187813388033845
gemini25flashlite_lezgi_grammar_original_chain_gloss_cheatsheet_jpg	gemini25flashlite	Lezgi	grammar	original	chain_gloss	cheatsheet_jpg	configs/matched_gold_v2/gemini25flashlite_lezgi_grammar_original_chain_gloss_cheatsheet_jpg.json	results/matched_gold_v2/gemini25flashlite/lezgi/grammar/original/chain_gloss_cheatsheet_jpg.jsonl	metrics/matched_gold_v2/lexical_and_xcomet_xl/gemini25flashlite/lezgi/grammar/original/chain_gloss_cheatsheet_jpg.json	metrics/matched_gold_v2/xcomet_xxl/gemini25flashlite/lezgi/grammar/original/chain_gloss_cheatsheet_jpg.json	87	87	complete	True	True	4	4	4	0	4	common99	87	13.166239308973235	33.51409922940357	0.49636988067763976	0.3187813388033845
gemini25flashlite_lezgi_grammar_original_chain_gloss_cheatsheet_txt	gemini25flashlite	Lezgi	grammar	original	chain_gloss	cheatsheet_txt	configs/matched_gold_v2/gemini25flashlite_lezgi_grammar_original_chain_gloss_cheatsheet_txt.json	results/matched_gold_v2/gemini25flashlite/lezgi/grammar/original/chain_gloss_cheatsheet_txt.jsonl	metrics/matched_gold_v2/lexical_and_xcomet_xl/gemini25flashlite/lezgi/grammar/original/chain_gloss_cheatsheet_txt.json	metrics/matched_gold_v2/xcomet_xxl/gemini25flashlite/lezgi/grammar/original/chain_gloss_cheatsheet_txt.json	87	87	complete	True	True	3	3	3	0	3	native	87	10.983547066598142	31.44209502708229	0.485058954049801	0.2968214472820019
gemini25flashlite_lezgi_grammar_original_chain_gloss_cheatsheet_txt	gemini25flashlite	Lezgi	grammar	original	chain_gloss	cheatsheet_txt	configs/matched_gold_v2/gemini25flashlite_lezgi_grammar_original_chain_gloss_cheatsheet_txt.json	results/matched_gold_v2/gemini25flashlite/lezgi/grammar/original/chain_gloss_cheatsheet_txt.jsonl	metrics/matched_gold_v2/lexical_and_xcomet_xl/gemini25flashlite/lezgi/grammar/original/chain_gloss_cheatsheet_txt.json	metrics/matched_gold_v2/xcomet_xxl/gemini25flashlite/lezgi/grammar/original/chain_gloss_cheatsheet_txt.json	87	87	complete	True	True	3	3	3	0	3	common99	87	10.983547066598142	31.44209502708229	0.485058954049801	0.2968214472820019
gemini25flashlite_lezgi_grammar_original_chain_gloss_pdfpages_impactful_jpg	gemini25flashlite	Lezgi	grammar	original	chain_gloss	pdfpages_impactful_jpg	configs/matched_gold_v2/gemini25flashlite_lezgi_grammar_original_chain_gloss_pdfpages_impactful_jpg.json	results/matched_gold_v2/gemini25flashlite/lezgi/grammar/original/chain_gloss_pdfpages_impactful_jpg.jsonl	metrics/matched_gold_v2/lexical_and_xcomet_xl/gemini25flashlite/lezgi/grammar/original/chain_gloss_pdfpages_impactful_jpg.json	metrics/matched_gold_v2/xcomet_xxl/gemini25flashlite/lezgi/grammar/original/chain_gloss_pdfpages_impactful_jpg.json	87	87	complete	True	True	2	2	2	0	2	native	87	12.657016889492901	34.478878656138676	0.5098929415489065	0.32954903452218265
gemini25flashlite_lezgi_grammar_original_chain_gloss_pdfpages_impactful_jpg	gemini25flashlite	Lezgi	grammar	original	chain_gloss	pdfpages_impactful_jpg	configs/matched_gold_v2/gemini25flashlite_lezgi_grammar_original_chain_gloss_pdfpages_impactful_jpg.json	results/matched_gold_v2/gemini25flashlite/lezgi/grammar/original/chain_gloss_pdfpages_impactful_jpg.jsonl	metrics/matched_gold_v2/lexical_and_xcomet_xl/gemini25flashlite/lezgi/grammar/original/chain_gloss_pdfpages_impactful_jpg.json	metrics/matched_gold_v2/xcomet_xxl/gemini25flashlite/lezgi/grammar/original/chain_gloss_pdfpages_impactful_jpg.json	87	87	complete	True	True	2	2	2	0	2	common99	87	12.657016889492901	34.478878656138676	0.5098929415489065	0.32954903452218265
gemini25flashlite_lezgi_grammar_original_chain_gloss_summary_tables_jpg	gemini25flashlite	Lezgi	grammar	original	chain_gloss	summary_tables_jpg	configs/matched_gold_v2/gemini25flashlite_lezgi_grammar_original_chain_gloss_summary_tables_jpg.json	results/matched_gold_v2/gemini25flashlite/lezgi/grammar/original/chain_gloss_summary_tables_jpg.jsonl	metrics/matched_gold_v2/lexical_and_xcomet_xl/gemini25flashlite/lezgi/grammar/original/chain_gloss_summary_tables_jpg.json	metrics/matched_gold_v2/xcomet_xxl/gemini25flashlite/lezgi/grammar/original/chain_gloss_summary_tables_jpg.json	87	87	complete	True	True	2	2	2	0	2	native	87	10.910336838875564	33.171529785084495	0.4923006070071253	0.31559298435846966
gemini25flashlite_lezgi_grammar_original_chain_gloss_summary_tables_jpg	gemini25flashlite	Lezgi	grammar	original	chain_gloss	summary_tables_jpg	configs/matched_gold_v2/gemini25flashlite_lezgi_grammar_original_chain_gloss_summary_tables_jpg.json	results/matched_gold_v2/gemini25flashlite/lezgi/grammar/original/chain_gloss_summary_tables_jpg.jsonl	metrics/matched_gold_v2/lexical_and_xcomet_xl/gemini25flashlite/lezgi/grammar/original/chain_gloss_summary_tables_jpg.json	metrics/matched_gold_v2/xcomet_xxl/gemini25flashlite/lezgi/grammar/original/chain_gloss_summary_tables_jpg.json	87	87	complete	True	True	2	2	2	0	2	common99	87	10.910336838875564	33.171529785084495	0.4923006070071253	0.31559298435846966
gemini25flashlite_lezgi_grammar_original_chain_gloss_summary_tables_txt	gemini25flashlite	Lezgi	grammar	original	chain_gloss	summary_tables_txt	configs/matched_gold_v2/gemini25flashlite_lezgi_grammar_original_chain_gloss_summary_tables_txt.json	results/matched_gold_v2/gemini25flashlite/lezgi/grammar/original/chain_gloss_summary_tables_txt.jsonl	metrics/matched_gold_v2/lexical_and_xcomet_xl/gemini25flashlite/lezgi/grammar/original/chain_gloss_summary_tables_txt.json	metrics/matched_gold_v2/xcomet_xxl/gemini25flashlite/lezgi/grammar/original/chain_gloss_summary_tables_txt.json	87	87	complete	True	True	4	4	4	0	4	native	87	11.453217903147074	31.15287913603832	0.4767232744515627	0.2947741788009117
gemini25flashlite_lezgi_grammar_original_chain_gloss_summary_tables_txt	gemini25flashlite	Lezgi	grammar	original	chain_gloss	summary_tables_txt	configs/matched_gold_v2/gemini25flashlite_lezgi_grammar_original_chain_gloss_summary_tables_txt.json	results/matched_gold_v2/gemini25flashlite/lezgi/grammar/original/chain_gloss_summary_tables_txt.jsonl	metrics/matched_gold_v2/lexical_and_xcomet_xl/gemini25flashlite/lezgi/grammar/original/chain_gloss_summary_tables_txt.json	metrics/matched_gold_v2/xcomet_xxl/gemini25flashlite/lezgi/grammar/original/chain_gloss_summary_tables_txt.json	87	87	complete	True	True	4	4	4	0	4	common99	87	11.453217903147074	31.15287913603832	0.4767232744515627	0.2947741788009117
gemini25flashlite_lezgi_grammar_original_chain_gloss_summary_text_txt	gemini25flashlite	Lezgi	grammar	original	chain_gloss	summary_text_txt	configs/matched_gold_v2/gemini25flashlite_lezgi_grammar_original_chain_gloss_summary_text_txt.json	results/matched_gold_v2/gemini25flashlite/lezgi/grammar/original/chain_gloss_summary_text_txt.jsonl	metrics/matched_gold_v2/lexical_and_xcomet_xl/gemini25flashlite/lezgi/grammar/original/chain_gloss_summary_text_txt.json	metrics/matched_gold_v2/xcomet_xxl/gemini25flashlite/lezgi/grammar/original/chain_gloss_summary_text_txt.json	87	87	complete	True	True	9	9	9	0	9	native	87	10.770132878936973	29.862457515550428	0.4716155311499519	0.2846973732798949
gemini25flashlite_lezgi_grammar_original_chain_gloss_summary_text_txt	gemini25flashlite	Lezgi	grammar	original	chain_gloss	summary_text_txt	configs/matched_gold_v2/gemini25flashlite_lezgi_grammar_original_chain_gloss_summary_text_txt.json	results/matched_gold_v2/gemini25flashlite/lezgi/grammar/original/chain_gloss_summary_text_txt.jsonl	metrics/matched_gold_v2/lexical_and_xcomet_xl/gemini25flashlite/lezgi/grammar/original/chain_gloss_summary_text_txt.json	metrics/matched_gold_v2/xcomet_xxl/gemini25flashlite/lezgi/grammar/original/chain_gloss_summary_text_txt.json	87	87	complete	True	True	9	9	9	0	9	common99	87	10.770132878936973	29.862457515550428	0.4716155311499519	0.2846973732798949
gemini25flashlite_lezgi_grammar_original_modelgloss_baseline	gemini25flashlite	Lezgi	grammar	original	modelgloss	baseline	configs/matched_gold_v2/gemini25flashlite_lezgi_grammar_original_modelgloss_baseline.json	results/matched_gold_v2/gemini25flashlite/lezgi/grammar/original/modelgloss_baseline.jsonl	metrics/matched_gold_v2/lexical_and_xcomet_xl/gemini25flashlite/lezgi/grammar/original/modelgloss_baseline.json	metrics/matched_gold_v2/xcomet_xxl/gemini25flashlite/lezgi/grammar/original/modelgloss_baseline.json	87	87	complete	True	True	1	0	0	0	1	native	87	18.85283901992339	43.29522950365149	0.570692633417831	0.38859497413210486
gemini25flashlite_lezgi_grammar_original_modelgloss_baseline	gemini25flashlite	Lezgi	grammar	original	modelgloss	baseline	configs/matched_gold_v2/gemini25flashlite_lezgi_grammar_original_modelgloss_baseline.json	results/matched_gold_v2/gemini25flashlite/lezgi/grammar/original/modelgloss_baseline.jsonl	metrics/matched_gold_v2/lexical_and_xcomet_xl/gemini25flashlite/lezgi/grammar/original/modelgloss_baseline.json	metrics/matched_gold_v2/xcomet_xxl/gemini25flashlite/lezgi/grammar/original/modelgloss_baseline.json	87	87	complete	True	True	1	0	0	0	1	common99	87	18.85283901992339	43.29522950365149	0.570692633417831	0.38859497413210486
gemini25flashlite_lezgi_grammar_original_modelgloss_cheatsheet_jpg	gemini25flashlite	Lezgi	grammar	original	modelgloss	cheatsheet_jpg	configs/matched_gold_v2/gemini25flashlite_lezgi_grammar_original_modelgloss_cheatsheet_jpg.json	results/matched_gold_v2/gemini25flashlite/lezgi/grammar/original/modelgloss_cheatsheet_jpg.jsonl	metrics/matched_gold_v2/lexical_and_xcomet_xl/gemini25flashlite/lezgi/grammar/original/modelgloss_cheatsheet_jpg.json	metrics/matched_gold_v2/xcomet_xxl/gemini25flashlite/lezgi/grammar/original/modelgloss_cheatsheet_jpg.json	87	87	complete	True	True	0	0	0	0	0	native	87	18.32613321039407	43.81079595155666	0.5598757427999344	0.38776284516200255
gemini25flashlite_lezgi_grammar_original_modelgloss_cheatsheet_jpg	gemini25flashlite	Lezgi	grammar	original	modelgloss	cheatsheet_jpg	configs/matched_gold_v2/gemini25flashlite_lezgi_grammar_original_modelgloss_cheatsheet_jpg.json	results/matched_gold_v2/gemini25flashlite/lezgi/grammar/original/modelgloss_cheatsheet_jpg.jsonl	metrics/matched_gold_v2/lexical_and_xcomet_xl/gemini25flashlite/lezgi/grammar/original/modelgloss_cheatsheet_jpg.json	metrics/matched_gold_v2/xcomet_xxl/gemini25flashlite/lezgi/grammar/original/modelgloss_cheatsheet_jpg.json	87	87	complete	True	True	0	0	0	0	0	common99	87	18.32613321039407	43.81079595155666	0.5598757427999344	0.38776284516200255
gemini25flashlite_lezgi_grammar_original_modelgloss_cheatsheet_txt	gemini25flashlite	Lezgi	grammar	original	modelgloss	cheatsheet_txt	configs/matched_gold_v2/gemini25flashlite_lezgi_grammar_original_modelgloss_cheatsheet_txt.json	results/matched_gold_v2/gemini25flashlite/lezgi/grammar/original/modelgloss_cheatsheet_txt.jsonl	metrics/matched_gold_v2/lexical_and_xcomet_xl/gemini25flashlite/lezgi/grammar/original/modelgloss_cheatsheet_txt.json	metrics/matched_gold_v2/xcomet_xxl/gemini25flashlite/lezgi/grammar/original/modelgloss_cheatsheet_txt.json	87	87	complete	True	True	1	0	0	0	1	native	87	17.39137419737834	41.919045648743186	0.5630990849144157	0.3704110576674856
gemini25flashlite_lezgi_grammar_original_modelgloss_cheatsheet_txt	gemini25flashlite	Lezgi	grammar	original	modelgloss	cheatsheet_txt	configs/matched_gold_v2/gemini25flashlite_lezgi_grammar_original_modelgloss_cheatsheet_txt.json	results/matched_gold_v2/gemini25flashlite/lezgi/grammar/original/modelgloss_cheatsheet_txt.jsonl	metrics/matched_gold_v2/lexical_and_xcomet_xl/gemini25flashlite/lezgi/grammar/original/modelgloss_cheatsheet_txt.json	metrics/matched_gold_v2/xcomet_xxl/gemini25flashlite/lezgi/grammar/original/modelgloss_cheatsheet_txt.json	87	87	complete	True	True	1	0	0	0	1	common99	87	17.39137419737834	41.919045648743186	0.5630990849144157	0.3704110576674856
gemini25flashlite_lezgi_grammar_original_modelgloss_pdfpages_impactful_jpg	gemini25flashlite	Lezgi	grammar	original	modelgloss	pdfpages_impactful_jpg	configs/matched_gold_v2/gemini25flashlite_lezgi_grammar_original_modelgloss_pdfpages_impactful_jpg.json	results/matched_gold_v2/gemini25flashlite/lezgi/grammar/original/modelgloss_pdfpages_impactful_jpg.jsonl	metrics/matched_gold_v2/lexical_and_xcomet_xl/gemini25flashlite/lezgi/grammar/original/modelgloss_pdfpages_impactful_jpg.json	metrics/matched_gold_v2/xcomet_xxl/gemini25flashlite/lezgi/grammar/original/modelgloss_pdfpages_impactful_jpg.json	87	87	complete	True	True	0	0	0	0	0	native	87	17.43821281489801	42.72034419097562	0.5705135856894241	0.38883827917877284
gemini25flashlite_lezgi_grammar_original_modelgloss_pdfpages_impactful_jpg	gemini25flashlite	Lezgi	grammar	original	modelgloss	pdfpages_impactful_jpg	configs/matched_gold_v2/gemini25flashlite_lezgi_grammar_original_modelgloss_pdfpages_impactful_jpg.json	results/matched_gold_v2/gemini25flashlite/lezgi/grammar/original/modelgloss_pdfpages_impactful_jpg.jsonl	metrics/matched_gold_v2/lexical_and_xcomet_xl/gemini25flashlite/lezgi/grammar/original/modelgloss_pdfpages_impactful_jpg.json	metrics/matched_gold_v2/xcomet_xxl/gemini25flashlite/lezgi/grammar/original/modelgloss_pdfpages_impactful_jpg.json	87	87	complete	True	True	0	0	0	0	0	common99	87	17.43821281489801	42.72034419097562	0.5705135856894241	0.38883827917877284
gemini25flashlite_lezgi_grammar_original_modelgloss_summary_tables_jpg	gemini25flashlite	Lezgi	grammar	original	modelgloss	summary_tables_jpg	configs/matched_gold_v2/gemini25flashlite_lezgi_grammar_original_modelgloss_summary_tables_jpg.json	results/matched_gold_v2/gemini25flashlite/lezgi/grammar/original/modelgloss_summary_tables_jpg.jsonl	metrics/matched_gold_v2/lexical_and_xcomet_xl/gemini25flashlite/lezgi/grammar/original/modelgloss_summary_tables_jpg.json	metrics/matched_gold_v2/xcomet_xxl/gemini25flashlite/lezgi/grammar/original/modelgloss_summary_tables_jpg.json	87	87	complete	True	True	0	0	0	0	0	native	87	18.40891798311109	43.869657233012234	0.5773456987293287	0.39301435075614644
gemini25flashlite_lezgi_grammar_original_modelgloss_summary_tables_jpg	gemini25flashlite	Lezgi	grammar	original	modelgloss	summary_tables_jpg	configs/matched_gold_v2/gemini25flashlite_lezgi_grammar_original_modelgloss_summary_tables_jpg.json	results/matched_gold_v2/gemini25flashlite/lezgi/grammar/original/modelgloss_summary_tables_jpg.jsonl	metrics/matched_gold_v2/lexical_and_xcomet_xl/gemini25flashlite/lezgi/grammar/original/modelgloss_summary_tables_jpg.json	metrics/matched_gold_v2/xcomet_xxl/gemini25flashlite/lezgi/grammar/original/modelgloss_summary_tables_jpg.json	87	87	complete	True	True	0	0	0	0	0	common99	87	18.40891798311109	43.869657233012234	0.5773456987293287	0.39301435075614644
gemini25flashlite_lezgi_grammar_original_modelgloss_summary_tables_txt	gemini25flashlite	Lezgi	grammar	original	modelgloss	summary_tables_txt	configs/matched_gold_v2/gemini25flashlite_lezgi_grammar_original_modelgloss_summary_tables_txt.json	results/matched_gold_v2/gemini25flashlite/lezgi/grammar/original/modelgloss_summary_tables_txt.jsonl	metrics/matched_gold_v2/lexical_and_xcomet_xl/gemini25flashlite/lezgi/grammar/original/modelgloss_summary_tables_txt.json	metrics/matched_gold_v2/xcomet_xxl/gemini25flashlite/lezgi/grammar/original/modelgloss_summary_tables_txt.json	87	87	complete	True	True	1	0	0	0	1	native	87	18.708169489399328	42.44183089617443	0.5604021597182614	0.3767847751920251
gemini25flashlite_lezgi_grammar_original_modelgloss_summary_tables_txt	gemini25flashlite	Lezgi	grammar	original	modelgloss	summary_tables_txt	configs/matched_gold_v2/gemini25flashlite_lezgi_grammar_original_modelgloss_summary_tables_txt.json	results/matched_gold_v2/gemini25flashlite/lezgi/grammar/original/modelgloss_summary_tables_txt.jsonl	metrics/matched_gold_v2/lexical_and_xcomet_xl/gemini25flashlite/lezgi/grammar/original/modelgloss_summary_tables_txt.json	metrics/matched_gold_v2/xcomet_xxl/gemini25flashlite/lezgi/grammar/original/modelgloss_summary_tables_txt.json	87	87	complete	True	True	1	0	0	0	1	common99	87	18.708169489399328	42.44183089617443	0.5604021597182614	0.3767847751920251
gemini25flashlite_lezgi_grammar_original_modelgloss_summary_text_txt	gemini25flashlite	Lezgi	grammar	original	modelgloss	summary_text_txt	configs/matched_gold_v2/gemini25flashlite_lezgi_grammar_original_modelgloss_summary_text_txt.json	results/matched_gold_v2/gemini25flashlite/lezgi/grammar/original/modelgloss_summary_text_txt.jsonl	metrics/matched_gold_v2/lexical_and_xcomet_xl/gemini25flashlite/lezgi/grammar/original/modelgloss_summary_text_txt.json	metrics/matched_gold_v2/xcomet_xxl/gemini25flashlite/lezgi/grammar/original/modelgloss_summary_text_txt.json	87	87	complete	True	True	1	0	0	0	1	native	87	16.405444518191608	41.47997872929475	0.5461910099818789	0.36327570025948275
gemini25flashlite_lezgi_grammar_original_modelgloss_summary_text_txt	gemini25flashlite	Lezgi	grammar	original	modelgloss	summary_text_txt	configs/matched_gold_v2/gemini25flashlite_lezgi_grammar_original_modelgloss_summary_text_txt.json	results/matched_gold_v2/gemini25flashlite/lezgi/grammar/original/modelgloss_summary_text_txt.jsonl	metrics/matched_gold_v2/lexical_and_xcomet_xl/gemini25flashlite/lezgi/grammar/original/modelgloss_summary_text_txt.json	metrics/matched_gold_v2/xcomet_xxl/gemini25flashlite/lezgi/grammar/original/modelgloss_summary_text_txt.json	87	87	complete	True	True	1	0	0	0	1	common99	87	16.405444518191608	41.47997872929475	0.5461910099818789	0.36327570025948275
gemini25flashlite_lezgi_grammar_original_shot_baseline	gemini25flashlite	Lezgi	grammar	original	shot	baseline	configs/matched_gold_v2/gemini25flashlite_lezgi_grammar_original_shot_baseline.json	results/matched_gold_v2/gemini25flashlite/lezgi/grammar/original/shot_baseline.jsonl	metrics/matched_gold_v2/lexical_and_xcomet_xl/gemini25flashlite/lezgi/grammar/original/shot_baseline.json	metrics/matched_gold_v2/xcomet_xxl/gemini25flashlite/lezgi/grammar/original/shot_baseline.json	87	87	complete	True	True	1	0	0	0	1	native	87	12.774088050491914	33.866847084440685	0.5153911949574262	0.31959600284181794
gemini25flashlite_lezgi_grammar_original_shot_baseline	gemini25flashlite	Lezgi	grammar	original	shot	baseline	configs/matched_gold_v2/gemini25flashlite_lezgi_grammar_original_shot_baseline.json	results/matched_gold_v2/gemini25flashlite/lezgi/grammar/original/shot_baseline.jsonl	metrics/matched_gold_v2/lexical_and_xcomet_xl/gemini25flashlite/lezgi/grammar/original/shot_baseline.json	metrics/matched_gold_v2/xcomet_xxl/gemini25flashlite/lezgi/grammar/original/shot_baseline.json	87	87	complete	True	True	1	0	0	0	1	common99	87	12.774088050491914	33.866847084440685	0.5153911949574262	0.31959600284181794
gemini25flashlite_lezgi_grammar_original_shot_cheatsheet_jpg	gemini25flashlite	Lezgi	grammar	original	shot	cheatsheet_jpg	configs/matched_gold_v2/gemini25flashlite_lezgi_grammar_original_shot_cheatsheet_jpg.json	results/matched_gold_v2/gemini25flashlite/lezgi/grammar/original/shot_cheatsheet_jpg.jsonl	metrics/matched_gold_v2/lexical_and_xcomet_xl/gemini25flashlite/lezgi/grammar/original/shot_cheatsheet_jpg.json	metrics/matched_gold_v2/xcomet_xxl/gemini25flashlite/lezgi/grammar/original/shot_cheatsheet_jpg.json	87	87	complete	True	True	0	0	0	0	0	native	87	9.717931593934399	32.930597224484345	0.5021940659860085	0.32606181819206
gemini25flashlite_lezgi_grammar_original_shot_cheatsheet_jpg	gemini25flashlite	Lezgi	grammar	original	shot	cheatsheet_jpg	configs/matched_gold_v2/gemini25flashlite_lezgi_grammar_original_shot_cheatsheet_jpg.json	results/matched_gold_v2/gemini25flashlite/lezgi/grammar/original/shot_cheatsheet_jpg.jsonl	metrics/matched_gold_v2/lexical_and_xcomet_xl/gemini25flashlite/lezgi/grammar/original/shot_cheatsheet_jpg.json	metrics/matched_gold_v2/xcomet_xxl/gemini25flashlite/lezgi/grammar/original/shot_cheatsheet_jpg.json	87	87	complete	True	True	0	0	0	0	0	common99	87	9.717931593934399	32.930597224484345	0.5021940659860085	0.32606181819206
gemini25flashlite_lezgi_grammar_original_shot_cheatsheet_txt	gemini25flashlite	Lezgi	grammar	original	shot	cheatsheet_txt	configs/matched_gold_v2/gemini25flashlite_lezgi_grammar_original_shot_cheatsheet_txt.json	results/matched_gold_v2/gemini25flashlite/lezgi/grammar/original/shot_cheatsheet_txt.jsonl	metrics/matched_gold_v2/lexical_and_xcomet_xl/gemini25flashlite/lezgi/grammar/original/shot_cheatsheet_txt.json	metrics/matched_gold_v2/xcomet_xxl/gemini25flashlite/lezgi/grammar/original/shot_cheatsheet_txt.json	87	87	complete	True	True	2	1	0	0	2	native	87	12.27330468746073	32.98467898092966	0.4868335436130392	0.30579558066253004
gemini25flashlite_lezgi_grammar_original_shot_cheatsheet_txt	gemini25flashlite	Lezgi	grammar	original	shot	cheatsheet_txt	configs/matched_gold_v2/gemini25flashlite_lezgi_grammar_original_shot_cheatsheet_txt.json	results/matched_gold_v2/gemini25flashlite/lezgi/grammar/original/shot_cheatsheet_txt.jsonl	metrics/matched_gold_v2/lexical_and_xcomet_xl/gemini25flashlite/lezgi/grammar/original/shot_cheatsheet_txt.json	metrics/matched_gold_v2/xcomet_xxl/gemini25flashlite/lezgi/grammar/original/shot_cheatsheet_txt.json	87	87	complete	True	True	2	1	0	0	2	common99	87	12.27330468746073	32.98467898092966	0.4868335436130392	0.30579558066253004
gemini25flashlite_lezgi_grammar_original_shot_pdfpages_impactful_jpg	gemini25flashlite	Lezgi	grammar	original	shot	pdfpages_impactful_jpg	configs/matched_gold_v2/gemini25flashlite_lezgi_grammar_original_shot_pdfpages_impactful_jpg.json	results/matched_gold_v2/gemini25flashlite/lezgi/grammar/original/shot_pdfpages_impactful_jpg.jsonl	metrics/matched_gold_v2/lexical_and_xcomet_xl/gemini25flashlite/lezgi/grammar/original/shot_pdfpages_impactful_jpg.json	metrics/matched_gold_v2/xcomet_xxl/gemini25flashlite/lezgi/grammar/original/shot_pdfpages_impactful_jpg.json	87	87	complete	True	True	0	0	0	0	0	native	87	12.777341036726032	34.09418252979558	0.5129208340384495	0.32899774850785046
gemini25flashlite_lezgi_grammar_original_shot_pdfpages_impactful_jpg	gemini25flashlite	Lezgi	grammar	original	shot	pdfpages_impactful_jpg	configs/matched_gold_v2/gemini25flashlite_lezgi_grammar_original_shot_pdfpages_impactful_jpg.json	results/matched_gold_v2/gemini25flashlite/lezgi/grammar/original/shot_pdfpages_impactful_jpg.jsonl	metrics/matched_gold_v2/lexical_and_xcomet_xl/gemini25flashlite/lezgi/grammar/original/shot_pdfpages_impactful_jpg.json	metrics/matched_gold_v2/xcomet_xxl/gemini25flashlite/lezgi/grammar/original/shot_pdfpages_impactful_jpg.json	87	87	complete	True	True	0	0	0	0	0	common99	87	12.777341036726032	34.09418252979558	0.5129208340384495	0.32899774850785046
gemini25flashlite_lezgi_grammar_original_shot_summary_tables_jpg	gemini25flashlite	Lezgi	grammar	original	shot	summary_tables_jpg	configs/matched_gold_v2/gemini25flashlite_lezgi_grammar_original_shot_summary_tables_jpg.json	results/matched_gold_v2/gemini25flashlite/lezgi/grammar/original/shot_summary_tables_jpg.jsonl	metrics/matched_gold_v2/lexical_and_xcomet_xl/gemini25flashlite/lezgi/grammar/original/shot_summary_tables_jpg.json	metrics/matched_gold_v2/xcomet_xxl/gemini25flashlite/lezgi/grammar/original/shot_summary_tables_jpg.json	87	87	complete	True	True	0	0	0	0	0	native	87	12.858270440731841	33.397080735361115	0.5224069511068279	0.3393452985362075
gemini25flashlite_lezgi_grammar_original_shot_summary_tables_jpg	gemini25flashlite	Lezgi	grammar	original	shot	summary_tables_jpg	configs/matched_gold_v2/gemini25flashlite_lezgi_grammar_original_shot_summary_tables_jpg.json	results/matched_gold_v2/gemini25flashlite/lezgi/grammar/original/shot_summary_tables_jpg.jsonl	metrics/matched_gold_v2/lexical_and_xcomet_xl/gemini25flashlite/lezgi/grammar/original/shot_summary_tables_jpg.json	metrics/matched_gold_v2/xcomet_xxl/gemini25flashlite/lezgi/grammar/original/shot_summary_tables_jpg.json	87	87	complete	True	True	0	0	0	0	0	common99	87	12.858270440731841	33.397080735361115	0.5224069511068279	0.3393452985362075
gemini25flashlite_lezgi_grammar_original_shot_summary_tables_txt	gemini25flashlite	Lezgi	grammar	original	shot	summary_tables_txt	configs/matched_gold_v2/gemini25flashlite_lezgi_grammar_original_shot_summary_tables_txt.json	results/matched_gold_v2/gemini25flashlite/lezgi/grammar/original/shot_summary_tables_txt.jsonl	metrics/matched_gold_v2/lexical_and_xcomet_xl/gemini25flashlite/lezgi/grammar/original/shot_summary_tables_txt.json	metrics/matched_gold_v2/xcomet_xxl/gemini25flashlite/lezgi/grammar/original/shot_summary_tables_txt.json	87	87	complete	True	True	1	0	0	0	1	native	87	10.899967545639702	32.75369709829288	0.4815086359265207	0.3030825409738497
gemini25flashlite_lezgi_grammar_original_shot_summary_tables_txt	gemini25flashlite	Lezgi	grammar	original	shot	summary_tables_txt	configs/matched_gold_v2/gemini25flashlite_lezgi_grammar_original_shot_summary_tables_txt.json	results/matched_gold_v2/gemini25flashlite/lezgi/grammar/original/shot_summary_tables_txt.jsonl	metrics/matched_gold_v2/lexical_and_xcomet_xl/gemini25flashlite/lezgi/grammar/original/shot_summary_tables_txt.json	metrics/matched_gold_v2/xcomet_xxl/gemini25flashlite/lezgi/grammar/original/shot_summary_tables_txt.json	87	87	complete	True	True	1	0	0	0	1	common99	87	10.899967545639702	32.75369709829288	0.4815086359265207	0.3030825409738497
gemini25flashlite_lezgi_grammar_original_shot_summary_text_txt	gemini25flashlite	Lezgi	grammar	original	shot	summary_text_txt	configs/matched_gold_v2/gemini25flashlite_lezgi_grammar_original_shot_summary_text_txt.json	results/matched_gold_v2/gemini25flashlite/lezgi/grammar/original/shot_summary_text_txt.jsonl	metrics/matched_gold_v2/lexical_and_xcomet_xl/gemini25flashlite/lezgi/grammar/original/shot_summary_text_txt.json	metrics/matched_gold_v2/xcomet_xxl/gemini25flashlite/lezgi/grammar/original/shot_summary_text_txt.json	87	87	complete	True	True	1	0	0	0	1	native	87	11.820085046547652	33.235638341693374	0.4882288641970733	0.307736667579618
gemini25flashlite_lezgi_grammar_original_shot_summary_text_txt	gemini25flashlite	Lezgi	grammar	original	shot	summary_text_txt	configs/matched_gold_v2/gemini25flashlite_lezgi_grammar_original_shot_summary_text_txt.json	results/matched_gold_v2/gemini25flashlite/lezgi/grammar/original/shot_summary_text_txt.jsonl	metrics/matched_gold_v2/lexical_and_xcomet_xl/gemini25flashlite/lezgi/grammar/original/shot_summary_text_txt.json	metrics/matched_gold_v2/xcomet_xxl/gemini25flashlite/lezgi/grammar/original/shot_summary_text_txt.json	87	87	complete	True	True	1	0	0	0	1	common99	87	11.820085046547652	33.235638341693374	0.4882288641970733	0.307736667579618
gemini25flashlite_natugu_grammar_original_chain_gloss_baseline	gemini25flashlite	Natugu	grammar	original	chain_gloss	baseline	configs/matched_gold_v2/gemini25flashlite_natugu_grammar_original_chain_gloss_baseline.json	results/matched_gold_v2/gemini25flashlite/natugu/grammar/original/chain_gloss_baseline.jsonl	metrics/matched_gold_v2/lexical_and_xcomet_xl/gemini25flashlite/natugu/grammar/original/chain_gloss_baseline.json	metrics/matched_gold_v2/xcomet_xxl/gemini25flashlite/natugu/grammar/original/chain_gloss_baseline.json	99	99	complete	True	True	0	0	0	0	0	native	99	3.333058307354086	22.09455556243663	0.32406495240601624	0.19635837841214557
gemini25flashlite_natugu_grammar_original_chain_gloss_baseline	gemini25flashlite	Natugu	grammar	original	chain_gloss	baseline	configs/matched_gold_v2/gemini25flashlite_natugu_grammar_original_chain_gloss_baseline.json	results/matched_gold_v2/gemini25flashlite/natugu/grammar/original/chain_gloss_baseline.jsonl	metrics/matched_gold_v2/lexical_and_xcomet_xl/gemini25flashlite/natugu/grammar/original/chain_gloss_baseline.json	metrics/matched_gold_v2/xcomet_xxl/gemini25flashlite/natugu/grammar/original/chain_gloss_baseline.json	99	99	complete	True	True	0	0	0	0	0	common99	99	3.333058307354086	22.09455556243663	0.32406495240601624	0.19635837841214557
gemini25flashlite_natugu_grammar_original_chain_gloss_cheatsheet_jpg	gemini25flashlite	Natugu	grammar	original	chain_gloss	cheatsheet_jpg	configs/matched_gold_v2/gemini25flashlite_natugu_grammar_original_chain_gloss_cheatsheet_jpg.json	results/matched_gold_v2/gemini25flashlite/natugu/grammar/original/chain_gloss_cheatsheet_jpg.jsonl	metrics/matched_gold_v2/lexical_and_xcomet_xl/gemini25flashlite/natugu/grammar/original/chain_gloss_cheatsheet_jpg.json	metrics/matched_gold_v2/xcomet_xxl/gemini25flashlite/natugu/grammar/original/chain_gloss_cheatsheet_jpg.json	99	99	complete	True	True	1	1	1	0	1	native	99	3.381472914472192	20.759431403121393	0.32813748190499314	0.19749847716755337
gemini25flashlite_natugu_grammar_original_chain_gloss_cheatsheet_jpg	gemini25flashlite	Natugu	grammar	original	chain_gloss	cheatsheet_jpg	configs/matched_gold_v2/gemini25flashlite_natugu_grammar_original_chain_gloss_cheatsheet_jpg.json	results/matched_gold_v2/gemini25flashlite/natugu/grammar/original/chain_gloss_cheatsheet_jpg.jsonl	metrics/matched_gold_v2/lexical_and_xcomet_xl/gemini25flashlite/natugu/grammar/original/chain_gloss_cheatsheet_jpg.json	metrics/matched_gold_v2/xcomet_xxl/gemini25flashlite/natugu/grammar/original/chain_gloss_cheatsheet_jpg.json	99	99	complete	True	True	1	1	1	0	1	common99	99	3.381472914472192	20.759431403121393	0.32813748190499314	0.19749847716755337
gemini25flashlite_natugu_grammar_original_chain_gloss_cheatsheet_txt	gemini25flashlite	Natugu	grammar	original	chain_gloss	cheatsheet_txt	configs/matched_gold_v2/gemini25flashlite_natugu_grammar_original_chain_gloss_cheatsheet_txt.json	results/matched_gold_v2/gemini25flashlite/natugu/grammar/original/chain_gloss_cheatsheet_txt.jsonl	metrics/matched_gold_v2/lexical_and_xcomet_xl/gemini25flashlite/natugu/grammar/original/chain_gloss_cheatsheet_txt.json	metrics/matched_gold_v2/xcomet_xxl/gemini25flashlite/natugu/grammar/original/chain_gloss_cheatsheet_txt.json	99	99	complete	True	True	0	0	0	0	0	native	99	3.4200233036597782	21.5321384602206	0.3205256121929246	0.1816778446387763
gemini25flashlite_natugu_grammar_original_chain_gloss_cheatsheet_txt	gemini25flashlite	Natugu	grammar	original	chain_gloss	cheatsheet_txt	configs/matched_gold_v2/gemini25flashlite_natugu_grammar_original_chain_gloss_cheatsheet_txt.json	results/matched_gold_v2/gemini25flashlite/natugu/grammar/original/chain_gloss_cheatsheet_txt.jsonl	metrics/matched_gold_v2/lexical_and_xcomet_xl/gemini25flashlite/natugu/grammar/original/chain_gloss_cheatsheet_txt.json	metrics/matched_gold_v2/xcomet_xxl/gemini25flashlite/natugu/grammar/original/chain_gloss_cheatsheet_txt.json	99	99	complete	True	True	0	0	0	0	0	common99	99	3.4200233036597782	21.5321384602206	0.3205256121929246	0.1816778446387763
gemini25flashlite_natugu_grammar_original_chain_gloss_pdfpages_impactful_jpg	gemini25flashlite	Natugu	grammar	original	chain_gloss	pdfpages_impactful_jpg	configs/matched_gold_v2/gemini25flashlite_natugu_grammar_original_chain_gloss_pdfpages_impactful_jpg.json	results/matched_gold_v2/gemini25flashlite/natugu/grammar/original/chain_gloss_pdfpages_impactful_jpg.jsonl	metrics/matched_gold_v2/lexical_and_xcomet_xl/gemini25flashlite/natugu/grammar/original/chain_gloss_pdfpages_impactful_jpg.json	metrics/matched_gold_v2/xcomet_xxl/gemini25flashlite/natugu/grammar/original/chain_gloss_pdfpages_impactful_jpg.json	99	99	complete	True	True	1	1	1	0	1	native	99	3.656934386196608	20.64328618518252	0.3049168275161223	0.17734256853358915
gemini25flashlite_natugu_grammar_original_chain_gloss_pdfpages_impactful_jpg	gemini25flashlite	Natugu	grammar	original	chain_gloss	pdfpages_impactful_jpg	configs/matched_gold_v2/gemini25flashlite_natugu_grammar_original_chain_gloss_pdfpages_impactful_jpg.json	results/matched_gold_v2/gemini25flashlite/natugu/grammar/original/chain_gloss_pdfpages_impactful_jpg.jsonl	metrics/matched_gold_v2/lexical_and_xcomet_xl/gemini25flashlite/natugu/grammar/original/chain_gloss_pdfpages_impactful_jpg.json	metrics/matched_gold_v2/xcomet_xxl/gemini25flashlite/natugu/grammar/original/chain_gloss_pdfpages_impactful_jpg.json	99	99	complete	True	True	1	1	1	0	1	common99	99	3.656934386196608	20.64328618518252	0.3049168275161223	0.17734256853358915
gemini25flashlite_natugu_grammar_original_chain_gloss_summary_tables_jpg	gemini25flashlite	Natugu	grammar	original	chain_gloss	summary_tables_jpg	configs/matched_gold_v2/gemini25flashlite_natugu_grammar_original_chain_gloss_summary_tables_jpg.json	results/matched_gold_v2/gemini25flashlite/natugu/grammar/original/chain_gloss_summary_tables_jpg.jsonl	metrics/matched_gold_v2/lexical_and_xcomet_xl/gemini25flashlite/natugu/grammar/original/chain_gloss_summary_tables_jpg.json	metrics/matched_gold_v2/xcomet_xxl/gemini25flashlite/natugu/grammar/original/chain_gloss_summary_tables_jpg.json	99	99	complete	True	True	1	1	1	0	1	native	99	2.2978798684271022	20.58258698221797	0.323275542319423	0.18571192914187307
gemini25flashlite_natugu_grammar_original_chain_gloss_summary_tables_jpg	gemini25flashlite	Natugu	grammar	original	chain_gloss	summary_tables_jpg	configs/matched_gold_v2/gemini25flashlite_natugu_grammar_original_chain_gloss_summary_tables_jpg.json	results/matched_gold_v2/gemini25flashlite/natugu/grammar/original/chain_gloss_summary_tables_jpg.jsonl	metrics/matched_gold_v2/lexical_and_xcomet_xl/gemini25flashlite/natugu/grammar/original/chain_gloss_summary_tables_jpg.json	metrics/matched_gold_v2/xcomet_xxl/gemini25flashlite/natugu/grammar/original/chain_gloss_summary_tables_jpg.json	99	99	complete	True	True	1	1	1	0	1	common99	99	2.2978798684271022	20.58258698221797	0.323275542319423	0.18571192914187307
gemini25flashlite_natugu_grammar_original_chain_gloss_summary_tables_txt	gemini25flashlite	Natugu	grammar	original	chain_gloss	summary_tables_txt	configs/matched_gold_v2/gemini25flashlite_natugu_grammar_original_chain_gloss_summary_tables_txt.json	results/matched_gold_v2/gemini25flashlite/natugu/grammar/original/chain_gloss_summary_tables_txt.jsonl	metrics/matched_gold_v2/lexical_and_xcomet_xl/gemini25flashlite/natugu/grammar/original/chain_gloss_summary_tables_txt.json	metrics/matched_gold_v2/xcomet_xxl/gemini25flashlite/natugu/grammar/original/chain_gloss_summary_tables_txt.json	99	99	complete	True	True	2	2	2	0	2	native	99	4.110109600787078	22.04603745611071	0.3200677353324312	0.18649202020782413
gemini25flashlite_natugu_grammar_original_chain_gloss_summary_tables_txt	gemini25flashlite	Natugu	grammar	original	chain_gloss	summary_tables_txt	configs/matched_gold_v2/gemini25flashlite_natugu_grammar_original_chain_gloss_summary_tables_txt.json	results/matched_gold_v2/gemini25flashlite/natugu/grammar/original/chain_gloss_summary_tables_txt.jsonl	metrics/matched_gold_v2/lexical_and_xcomet_xl/gemini25flashlite/natugu/grammar/original/chain_gloss_summary_tables_txt.json	metrics/matched_gold_v2/xcomet_xxl/gemini25flashlite/natugu/grammar/original/chain_gloss_summary_tables_txt.json	99	99	complete	True	True	2	2	2	0	2	common99	99	4.110109600787078	22.04603745611071	0.3200677353324312	0.18649202020782413
gemini25flashlite_natugu_grammar_original_chain_gloss_summary_text_txt	gemini25flashlite	Natugu	grammar	original	chain_gloss	summary_text_txt	configs/matched_gold_v2/gemini25flashlite_natugu_grammar_original_chain_gloss_summary_text_txt.json	results/matched_gold_v2/gemini25flashlite/natugu/grammar/original/chain_gloss_summary_text_txt.jsonl	metrics/matched_gold_v2/lexical_and_xcomet_xl/gemini25flashlite/natugu/grammar/original/chain_gloss_summary_text_txt.json	metrics/matched_gold_v2/xcomet_xxl/gemini25flashlite/natugu/grammar/original/chain_gloss_summary_text_txt.json	99	99	complete	True	True	1	1	1	0	1	native	99	4.60469093376597	22.376341353027858	0.31223930839938346	0.18980332509134756
gemini25flashlite_natugu_grammar_original_chain_gloss_summary_text_txt	gemini25flashlite	Natugu	grammar	original	chain_gloss	summary_text_txt	configs/matched_gold_v2/gemini25flashlite_natugu_grammar_original_chain_gloss_summary_text_txt.json	results/matched_gold_v2/gemini25flashlite/natugu/grammar/original/chain_gloss_summary_text_txt.jsonl	metrics/matched_gold_v2/lexical_and_xcomet_xl/gemini25flashlite/natugu/grammar/original/chain_gloss_summary_text_txt.json	metrics/matched_gold_v2/xcomet_xxl/gemini25flashlite/natugu/grammar/original/chain_gloss_summary_text_txt.json	99	99	complete	True	True	1	1	1	0	1	common99	99	4.60469093376597	22.376341353027858	0.31223930839938346	0.18980332509134756
gemini25flashlite_natugu_grammar_original_modelgloss_baseline	gemini25flashlite	Natugu	grammar	original	modelgloss	baseline	configs/matched_gold_v2/gemini25flashlite_natugu_grammar_original_modelgloss_baseline.json	results/matched_gold_v2/gemini25flashlite/natugu/grammar/original/modelgloss_baseline.jsonl	metrics/matched_gold_v2/lexical_and_xcomet_xl/gemini25flashlite/natugu/grammar/original/modelgloss_baseline.json	metrics/matched_gold_v2/xcomet_xxl/gemini25flashlite/natugu/grammar/original/modelgloss_baseline.json	99	99	complete	True	True	0	0	0	0	0	native	99	20.677712953397457	44.193043419890564	0.5675372171281564	0.4234719481131043
gemini25flashlite_natugu_grammar_original_modelgloss_baseline	gemini25flashlite	Natugu	grammar	original	modelgloss	baseline	configs/matched_gold_v2/gemini25flashlite_natugu_grammar_original_modelgloss_baseline.json	results/matched_gold_v2/gemini25flashlite/natugu/grammar/original/modelgloss_baseline.jsonl	metrics/matched_gold_v2/lexical_and_xcomet_xl/gemini25flashlite/natugu/grammar/original/modelgloss_baseline.json	metrics/matched_gold_v2/xcomet_xxl/gemini25flashlite/natugu/grammar/original/modelgloss_baseline.json	99	99	complete	True	True	0	0	0	0	0	common99	99	20.677712953397457	44.193043419890564	0.5675372171281564	0.4234719481131043
gemini25flashlite_natugu_grammar_original_modelgloss_cheatsheet_jpg	gemini25flashlite	Natugu	grammar	original	modelgloss	cheatsheet_jpg	configs/matched_gold_v2/gemini25flashlite_natugu_grammar_original_modelgloss_cheatsheet_jpg.json	results/matched_gold_v2/gemini25flashlite/natugu/grammar/original/modelgloss_cheatsheet_jpg.jsonl	metrics/matched_gold_v2/lexical_and_xcomet_xl/gemini25flashlite/natugu/grammar/original/modelgloss_cheatsheet_jpg.json	metrics/matched_gold_v2/xcomet_xxl/gemini25flashlite/natugu/grammar/original/modelgloss_cheatsheet_jpg.json	99	99	complete	True	True	0	0	0	0	0	native	99	21.061952082785982	44.69538940707598	0.5572570438938912	0.41017198848603953
gemini25flashlite_natugu_grammar_original_modelgloss_cheatsheet_jpg	gemini25flashlite	Natugu	grammar	original	modelgloss	cheatsheet_jpg	configs/matched_gold_v2/gemini25flashlite_natugu_grammar_original_modelgloss_cheatsheet_jpg.json	results/matched_gold_v2/gemini25flashlite/natugu/grammar/original/modelgloss_cheatsheet_jpg.jsonl	metrics/matched_gold_v2/lexical_and_xcomet_xl/gemini25flashlite/natugu/grammar/original/modelgloss_cheatsheet_jpg.json	metrics/matched_gold_v2/xcomet_xxl/gemini25flashlite/natugu/grammar/original/modelgloss_cheatsheet_jpg.json	99	99	complete	True	True	0	0	0	0	0	common99	99	21.061952082785982	44.69538940707598	0.5572570438938912	0.41017198848603953
gemini25flashlite_natugu_grammar_original_modelgloss_cheatsheet_txt	gemini25flashlite	Natugu	grammar	original	modelgloss	cheatsheet_txt	configs/matched_gold_v2/gemini25flashlite_natugu_grammar_original_modelgloss_cheatsheet_txt.json	results/matched_gold_v2/gemini25flashlite/natugu/grammar/original/modelgloss_cheatsheet_txt.jsonl	metrics/matched_gold_v2/lexical_and_xcomet_xl/gemini25flashlite/natugu/grammar/original/modelgloss_cheatsheet_txt.json	metrics/matched_gold_v2/xcomet_xxl/gemini25flashlite/natugu/grammar/original/modelgloss_cheatsheet_txt.json	99	99	complete	True	True	0	0	0	0	0	native	99	21.82626156557401	45.350263651693346	0.5631356972335565	0.4238971700572004
gemini25flashlite_natugu_grammar_original_modelgloss_cheatsheet_txt	gemini25flashlite	Natugu	grammar	original	modelgloss	cheatsheet_txt	configs/matched_gold_v2/gemini25flashlite_natugu_grammar_original_modelgloss_cheatsheet_txt.json	results/matched_gold_v2/gemini25flashlite/natugu/grammar/original/modelgloss_cheatsheet_txt.jsonl	metrics/matched_gold_v2/lexical_and_xcomet_xl/gemini25flashlite/natugu/grammar/original/modelgloss_cheatsheet_txt.json	metrics/matched_gold_v2/xcomet_xxl/gemini25flashlite/natugu/grammar/original/modelgloss_cheatsheet_txt.json	99	99	complete	True	True	0	0	0	0	0	common99	99	21.82626156557401	45.350263651693346	0.5631356972335565	0.4238971700572004
gemini25flashlite_natugu_grammar_original_modelgloss_pdfpages_impactful_jpg	gemini25flashlite	Natugu	grammar	original	modelgloss	pdfpages_impactful_jpg	configs/matched_gold_v2/gemini25flashlite_natugu_grammar_original_modelgloss_pdfpages_impactful_jpg.json	results/matched_gold_v2/gemini25flashlite/natugu/grammar/original/modelgloss_pdfpages_impactful_jpg.jsonl	metrics/matched_gold_v2/lexical_and_xcomet_xl/gemini25flashlite/natugu/grammar/original/modelgloss_pdfpages_impactful_jpg.json	metrics/matched_gold_v2/xcomet_xxl/gemini25flashlite/natugu/grammar/original/modelgloss_pdfpages_impactful_jpg.json	99	99	complete	True	True	0	0	0	0	0	native	99	17.099965587479957	42.140873059995414	0.5525702009297381	0.39359247917779766
gemini25flashlite_natugu_grammar_original_modelgloss_pdfpages_impactful_jpg	gemini25flashlite	Natugu	grammar	original	modelgloss	pdfpages_impactful_jpg	configs/matched_gold_v2/gemini25flashlite_natugu_grammar_original_modelgloss_pdfpages_impactful_jpg.json	results/matched_gold_v2/gemini25flashlite/natugu/grammar/original/modelgloss_pdfpages_impactful_jpg.jsonl	metrics/matched_gold_v2/lexical_and_xcomet_xl/gemini25flashlite/natugu/grammar/original/modelgloss_pdfpages_impactful_jpg.json	metrics/matched_gold_v2/xcomet_xxl/gemini25flashlite/natugu/grammar/original/modelgloss_pdfpages_impactful_jpg.json	99	99	complete	True	True	0	0	0	0	0	common99	99	17.099965587479957	42.140873059995414	0.5525702009297381	0.39359247917779766
gemini25flashlite_natugu_grammar_original_modelgloss_summary_tables_jpg	gemini25flashlite	Natugu	grammar	original	modelgloss	summary_tables_jpg	configs/matched_gold_v2/gemini25flashlite_natugu_grammar_original_modelgloss_summary_tables_jpg.json	results/matched_gold_v2/gemini25flashlite/natugu/grammar/original/modelgloss_summary_tables_jpg.jsonl	metrics/matched_gold_v2/lexical_and_xcomet_xl/gemini25flashlite/natugu/grammar/original/modelgloss_summary_tables_jpg.json	metrics/matched_gold_v2/xcomet_xxl/gemini25flashlite/natugu/grammar/original/modelgloss_summary_tables_jpg.json	99	99	complete	True	True	0	0	0	0	0	native	99	18.92562023150998	43.78808223153657	0.5564815471268664	0.4095503865468382
gemini25flashlite_natugu_grammar_original_modelgloss_summary_tables_jpg	gemini25flashlite	Natugu	grammar	original	modelgloss	summary_tables_jpg	configs/matched_gold_v2/gemini25flashlite_natugu_grammar_original_modelgloss_summary_tables_jpg.json	results/matched_gold_v2/gemini25flashlite/natugu/grammar/original/modelgloss_summary_tables_jpg.jsonl	metrics/matched_gold_v2/lexical_and_xcomet_xl/gemini25flashlite/natugu/grammar/original/modelgloss_summary_tables_jpg.json	metrics/matched_gold_v2/xcomet_xxl/gemini25flashlite/natugu/grammar/original/modelgloss_summary_tables_jpg.json	99	99	complete	True	True	0	0	0	0	0	common99	99	18.92562023150998	43.78808223153657	0.5564815471268664	0.4095503865468382
gemini25flashlite_natugu_grammar_original_modelgloss_summary_tables_txt	gemini25flashlite	Natugu	grammar	original	modelgloss	summary_tables_txt	configs/matched_gold_v2/gemini25flashlite_natugu_grammar_original_modelgloss_summary_tables_txt.json	results/matched_gold_v2/gemini25flashlite/natugu/grammar/original/modelgloss_summary_tables_txt.jsonl	metrics/matched_gold_v2/lexical_and_xcomet_xl/gemini25flashlite/natugu/grammar/original/modelgloss_summary_tables_txt.json	metrics/matched_gold_v2/xcomet_xxl/gemini25flashlite/natugu/grammar/original/modelgloss_summary_tables_txt.json	99	99	complete	True	True	0	0	0	0	0	native	99	22.26738161359798	45.38191067939528	0.5556301090753439	0.41822753048906425
gemini25flashlite_natugu_grammar_original_modelgloss_summary_tables_txt	gemini25flashlite	Natugu	grammar	original	modelgloss	summary_tables_txt	configs/matched_gold_v2/gemini25flashlite_natugu_grammar_original_modelgloss_summary_tables_txt.json	results/matched_gold_v2/gemini25flashlite/natugu/grammar/original/modelgloss_summary_tables_txt.jsonl	metrics/matched_gold_v2/lexical_and_xcomet_xl/gemini25flashlite/natugu/grammar/original/modelgloss_summary_tables_txt.json	metrics/matched_gold_v2/xcomet_xxl/gemini25flashlite/natugu/grammar/original/modelgloss_summary_tables_txt.json	99	99	complete	True	True	0	0	0	0	0	common99	99	22.26738161359798	45.38191067939528	0.5556301090753439	0.41822753048906425
gemini25flashlite_natugu_grammar_original_modelgloss_summary_text_txt	gemini25flashlite	Natugu	grammar	original	modelgloss	summary_text_txt	configs/matched_gold_v2/gemini25flashlite_natugu_grammar_original_modelgloss_summary_text_txt.json	results/matched_gold_v2/gemini25flashlite/natugu/grammar/original/modelgloss_summary_text_txt.jsonl	metrics/matched_gold_v2/lexical_and_xcomet_xl/gemini25flashlite/natugu/grammar/original/modelgloss_summary_text_txt.json	metrics/matched_gold_v2/xcomet_xxl/gemini25flashlite/natugu/grammar/original/modelgloss_summary_text_txt.json	99	99	complete	True	True	0	0	0	0	0	native	99	21.797740005240996	45.72315928563055	0.5550223756017107	0.4166527897721589
gemini25flashlite_natugu_grammar_original_modelgloss_summary_text_txt	gemini25flashlite	Natugu	grammar	original	modelgloss	summary_text_txt	configs/matched_gold_v2/gemini25flashlite_natugu_grammar_original_modelgloss_summary_text_txt.json	results/matched_gold_v2/gemini25flashlite/natugu/grammar/original/modelgloss_summary_text_txt.jsonl	metrics/matched_gold_v2/lexical_and_xcomet_xl/gemini25flashlite/natugu/grammar/original/modelgloss_summary_text_txt.json	metrics/matched_gold_v2/xcomet_xxl/gemini25flashlite/natugu/grammar/original/modelgloss_summary_text_txt.json	99	99	complete	True	True	0	0	0	0	0	common99	99	21.797740005240996	45.72315928563055	0.5550223756017107	0.4166527897721589
gemini25flashlite_natugu_grammar_original_shot_baseline	gemini25flashlite	Natugu	grammar	original	shot	baseline	configs/matched_gold_v2/gemini25flashlite_natugu_grammar_original_shot_baseline.json	results/matched_gold_v2/gemini25flashlite/natugu/grammar/original/shot_baseline.jsonl	metrics/matched_gold_v2/lexical_and_xcomet_xl/gemini25flashlite/natugu/grammar/original/shot_baseline.json	metrics/matched_gold_v2/xcomet_xxl/gemini25flashlite/natugu/grammar/original/shot_baseline.json	99	99	complete	True	True	0	0	0	0	0	native	99	5.06841906430966	22.99274694929368	0.3440762123074194	0.20099855161676503
gemini25flashlite_natugu_grammar_original_shot_baseline	gemini25flashlite	Natugu	grammar	original	shot	baseline	configs/matched_gold_v2/gemini25flashlite_natugu_grammar_original_shot_baseline.json	results/matched_gold_v2/gemini25flashlite/natugu/grammar/original/shot_baseline.jsonl	metrics/matched_gold_v2/lexical_and_xcomet_xl/gemini25flashlite/natugu/grammar/original/shot_baseline.json	metrics/matched_gold_v2/xcomet_xxl/gemini25flashlite/natugu/grammar/original/shot_baseline.json	99	99	complete	True	True	0	0	0	0	0	common99	99	5.06841906430966	22.99274694929368	0.3440762123074194	0.20099855161676503
gemini25flashlite_natugu_grammar_original_shot_cheatsheet_jpg	gemini25flashlite	Natugu	grammar	original	shot	cheatsheet_jpg	configs/matched_gold_v2/gemini25flashlite_natugu_grammar_original_shot_cheatsheet_jpg.json	results/matched_gold_v2/gemini25flashlite/natugu/grammar/original/shot_cheatsheet_jpg.jsonl	metrics/matched_gold_v2/lexical_and_xcomet_xl/gemini25flashlite/natugu/grammar/original/shot_cheatsheet_jpg.json	metrics/matched_gold_v2/xcomet_xxl/gemini25flashlite/natugu/grammar/original/shot_cheatsheet_jpg.json	99	99	complete	True	True	2	2	0	0	2	native	99	3.035820613033853	20.587623819741346	0.34015011682052804	0.1950254536638356
gemini25flashlite_natugu_grammar_original_shot_cheatsheet_jpg	gemini25flashlite	Natugu	grammar	original	shot	cheatsheet_jpg	configs/matched_gold_v2/gemini25flashlite_natugu_grammar_original_shot_cheatsheet_jpg.json	results/matched_gold_v2/gemini25flashlite/natugu/grammar/original/shot_cheatsheet_jpg.jsonl	metrics/matched_gold_v2/lexical_and_xcomet_xl/gemini25flashlite/natugu/grammar/original/shot_cheatsheet_jpg.json	metrics/matched_gold_v2/xcomet_xxl/gemini25flashlite/natugu/grammar/original/shot_cheatsheet_jpg.json	99	99	complete	True	True	2	2	0	0	2	common99	99	3.035820613033853	20.587623819741346	0.34015011682052804	0.1950254536638356
gemini25flashlite_natugu_grammar_original_shot_cheatsheet_txt	gemini25flashlite	Natugu	grammar	original	shot	cheatsheet_txt	configs/matched_gold_v2/gemini25flashlite_natugu_grammar_original_shot_cheatsheet_txt.json	results/matched_gold_v2/gemini25flashlite/natugu/grammar/original/shot_cheatsheet_txt.jsonl	metrics/matched_gold_v2/lexical_and_xcomet_xl/gemini25flashlite/natugu/grammar/original/shot_cheatsheet_txt.json	metrics/matched_gold_v2/xcomet_xxl/gemini25flashlite/natugu/grammar/original/shot_cheatsheet_txt.json	99	99	complete	True	True	1	1	0	0	1	native	99	4.032237771784493	21.952286818745048	0.34362910311631484	0.1900806249392153
gemini25flashlite_natugu_grammar_original_shot_cheatsheet_txt	gemini25flashlite	Natugu	grammar	original	shot	cheatsheet_txt	configs/matched_gold_v2/gemini25flashlite_natugu_grammar_original_shot_cheatsheet_txt.json	results/matched_gold_v2/gemini25flashlite/natugu/grammar/original/shot_cheatsheet_txt.jsonl	metrics/matched_gold_v2/lexical_and_xcomet_xl/gemini25flashlite/natugu/grammar/original/shot_cheatsheet_txt.json	metrics/matched_gold_v2/xcomet_xxl/gemini25flashlite/natugu/grammar/original/shot_cheatsheet_txt.json	99	99	complete	True	True	1	1	0	0	1	common99	99	4.032237771784493	21.952286818745048	0.34362910311631484	0.1900806249392153
gemini25flashlite_natugu_grammar_original_shot_pdfpages_impactful_jpg	gemini25flashlite	Natugu	grammar	original	shot	pdfpages_impactful_jpg	configs/matched_gold_v2/gemini25flashlite_natugu_grammar_original_shot_pdfpages_impactful_jpg.json	results/matched_gold_v2/gemini25flashlite/natugu/grammar/original/shot_pdfpages_impactful_jpg.jsonl	metrics/matched_gold_v2/lexical_and_xcomet_xl/gemini25flashlite/natugu/grammar/original/shot_pdfpages_impactful_jpg.json	metrics/matched_gold_v2/xcomet_xxl/gemini25flashlite/natugu/grammar/original/shot_pdfpages_impactful_jpg.json	99	99	complete	True	True	3	3	0	0	3	native	99	2.3297193138527303	19.003048555259056	0.30472392506069607	0.17165546096635587
gemini25flashlite_natugu_grammar_original_shot_pdfpages_impactful_jpg	gemini25flashlite	Natugu	grammar	original	shot	pdfpages_impactful_jpg	configs/matched_gold_v2/gemini25flashlite_natugu_grammar_original_shot_pdfpages_impactful_jpg.json	results/matched_gold_v2/gemini25flashlite/natugu/grammar/original/shot_pdfpages_impactful_jpg.jsonl	metrics/matched_gold_v2/lexical_and_xcomet_xl/gemini25flashlite/natugu/grammar/original/shot_pdfpages_impactful_jpg.json	metrics/matched_gold_v2/xcomet_xxl/gemini25flashlite/natugu/grammar/original/shot_pdfpages_impactful_jpg.json	99	99	complete	True	True	3	3	0	0	3	common99	99	2.3297193138527303	19.003048555259056	0.30472392506069607	0.17165546096635587
gemini25flashlite_natugu_grammar_original_shot_summary_tables_jpg	gemini25flashlite	Natugu	grammar	original	shot	summary_tables_jpg	configs/matched_gold_v2/gemini25flashlite_natugu_grammar_original_shot_summary_tables_jpg.json	results/matched_gold_v2/gemini25flashlite/natugu/grammar/original/shot_summary_tables_jpg.jsonl	metrics/matched_gold_v2/lexical_and_xcomet_xl/gemini25flashlite/natugu/grammar/original/shot_summary_tables_jpg.json	metrics/matched_gold_v2/xcomet_xxl/gemini25flashlite/natugu/grammar/original/shot_summary_tables_jpg.json	99	99	complete	True	True	0	0	0	0	0	native	99	2.4751761737882414	20.012047700639762	0.3234165404180084	0.18893282559483943
gemini25flashlite_natugu_grammar_original_shot_summary_tables_jpg	gemini25flashlite	Natugu	grammar	original	shot	summary_tables_jpg	configs/matched_gold_v2/gemini25flashlite_natugu_grammar_original_shot_summary_tables_jpg.json	results/matched_gold_v2/gemini25flashlite/natugu/grammar/original/shot_summary_tables_jpg.jsonl	metrics/matched_gold_v2/lexical_and_xcomet_xl/gemini25flashlite/natugu/grammar/original/shot_summary_tables_jpg.json	metrics/matched_gold_v2/xcomet_xxl/gemini25flashlite/natugu/grammar/original/shot_summary_tables_jpg.json	99	99	complete	True	True	0	0	0	0	0	common99	99	2.4751761737882414	20.012047700639762	0.3234165404180084	0.18893282559483943
gemini25flashlite_natugu_grammar_original_shot_summary_tables_txt	gemini25flashlite	Natugu	grammar	original	shot	summary_tables_txt	configs/matched_gold_v2/gemini25flashlite_natugu_grammar_original_shot_summary_tables_txt.json	results/matched_gold_v2/gemini25flashlite/natugu/grammar/original/shot_summary_tables_txt.jsonl	metrics/matched_gold_v2/lexical_and_xcomet_xl/gemini25flashlite/natugu/grammar/original/shot_summary_tables_txt.json	metrics/matched_gold_v2/xcomet_xxl/gemini25flashlite/natugu/grammar/original/shot_summary_tables_txt.json	99	99	complete	True	True	1	1	0	0	1	native	99	4.07522285653999	22.393048993683422	0.3324255556470216	0.19389031556519595
gemini25flashlite_natugu_grammar_original_shot_summary_tables_txt	gemini25flashlite	Natugu	grammar	original	shot	summary_tables_txt	configs/matched_gold_v2/gemini25flashlite_natugu_grammar_original_shot_summary_tables_txt.json	results/matched_gold_v2/gemini25flashlite/natugu/grammar/original/shot_summary_tables_txt.jsonl	metrics/matched_gold_v2/lexical_and_xcomet_xl/gemini25flashlite/natugu/grammar/original/shot_summary_tables_txt.json	metrics/matched_gold_v2/xcomet_xxl/gemini25flashlite/natugu/grammar/original/shot_summary_tables_txt.json	99	99	complete	True	True	1	1	0	0	1	common99	99	4.07522285653999	22.393048993683422	0.3324255556470216	0.19389031556519595
gemini25flashlite_natugu_grammar_original_shot_summary_text_txt	gemini25flashlite	Natugu	grammar	original	shot	summary_text_txt	configs/matched_gold_v2/gemini25flashlite_natugu_grammar_original_shot_summary_text_txt.json	results/matched_gold_v2/gemini25flashlite/natugu/grammar/original/shot_summary_text_txt.jsonl	metrics/matched_gold_v2/lexical_and_xcomet_xl/gemini25flashlite/natugu/grammar/original/shot_summary_text_txt.json	metrics/matched_gold_v2/xcomet_xxl/gemini25flashlite/natugu/grammar/original/shot_summary_text_txt.json	99	99	complete	True	True	0	0	0	0	0	native	99	4.564094922560374	23.418522106991375	0.352987737667681	0.20760794089298057
gemini25flashlite_natugu_grammar_original_shot_summary_text_txt	gemini25flashlite	Natugu	grammar	original	shot	summary_text_txt	configs/matched_gold_v2/gemini25flashlite_natugu_grammar_original_shot_summary_text_txt.json	results/matched_gold_v2/gemini25flashlite/natugu/grammar/original/shot_summary_text_txt.jsonl	metrics/matched_gold_v2/lexical_and_xcomet_xl/gemini25flashlite/natugu/grammar/original/shot_summary_text_txt.json	metrics/matched_gold_v2/xcomet_xxl/gemini25flashlite/natugu/grammar/original/shot_summary_text_txt.json	99	99	complete	True	True	0	0	0	0	0	common99	99	4.564094922560374	23.418522106991375	0.352987737667681	0.20760794089298057
gemini25flashlite_tsez_grammar_original_chain_gloss_baseline	gemini25flashlite	Tsez	grammar	original	chain_gloss	baseline	configs/matched_gold_v2/gemini25flashlite_tsez_grammar_original_chain_gloss_baseline.json	results/matched_gold_v2/gemini25flashlite/tsez/grammar/original/chain_gloss_baseline.jsonl	metrics/matched_gold_v2/lexical_and_xcomet_xl/gemini25flashlite/tsez/grammar/original/chain_gloss_baseline.json	metrics/matched_gold_v2/xcomet_xxl/gemini25flashlite/tsez/grammar/original/chain_gloss_baseline.json	99	99	complete	True	True	45	45	45	0	45	native	99	0.16007387537631396	6.950883009124596	0.2821491172518393	0.15282956465627207
gemini25flashlite_tsez_grammar_original_chain_gloss_baseline	gemini25flashlite	Tsez	grammar	original	chain_gloss	baseline	configs/matched_gold_v2/gemini25flashlite_tsez_grammar_original_chain_gloss_baseline.json	results/matched_gold_v2/gemini25flashlite/tsez/grammar/original/chain_gloss_baseline.jsonl	metrics/matched_gold_v2/lexical_and_xcomet_xl/gemini25flashlite/tsez/grammar/original/chain_gloss_baseline.json	metrics/matched_gold_v2/xcomet_xxl/gemini25flashlite/tsez/grammar/original/chain_gloss_baseline.json	99	99	complete	True	True	45	45	45	0	45	common99	99	0.16007387537631396	6.950883009124596	0.2821491172518393	0.15282956465627207
gemini25flashlite_tsez_grammar_original_chain_gloss_cheatsheet_jpg	gemini25flashlite	Tsez	grammar	original	chain_gloss	cheatsheet_jpg	configs/matched_gold_v2/gemini25flashlite_tsez_grammar_original_chain_gloss_cheatsheet_jpg.json	results/matched_gold_v2/gemini25flashlite/tsez/grammar/original/chain_gloss_cheatsheet_jpg.jsonl	metrics/matched_gold_v2/lexical_and_xcomet_xl/gemini25flashlite/tsez/grammar/original/chain_gloss_cheatsheet_jpg.json	metrics/matched_gold_v2/xcomet_xxl/gemini25flashlite/tsez/grammar/original/chain_gloss_cheatsheet_jpg.json	99	99	complete	True	True	36	36	36	0	36	native	99	0.7292537153394159	9.006764623672396	0.2907266497913033	0.13993970839062123
gemini25flashlite_tsez_grammar_original_chain_gloss_cheatsheet_jpg	gemini25flashlite	Tsez	grammar	original	chain_gloss	cheatsheet_jpg	configs/matched_gold_v2/gemini25flashlite_tsez_grammar_original_chain_gloss_cheatsheet_jpg.json	results/matched_gold_v2/gemini25flashlite/tsez/grammar/original/chain_gloss_cheatsheet_jpg.jsonl	metrics/matched_gold_v2/lexical_and_xcomet_xl/gemini25flashlite/tsez/grammar/original/chain_gloss_cheatsheet_jpg.json	metrics/matched_gold_v2/xcomet_xxl/gemini25flashlite/tsez/grammar/original/chain_gloss_cheatsheet_jpg.json	99	99	complete	True	True	36	36	36	0	36	common99	99	0.7292537153394159	9.006764623672396	0.2907266497913033	0.13993970839062123
gemini25flashlite_tsez_grammar_original_chain_gloss_cheatsheet_txt	gemini25flashlite	Tsez	grammar	original	chain_gloss	cheatsheet_txt	configs/matched_gold_v2/gemini25flashlite_tsez_grammar_original_chain_gloss_cheatsheet_txt.json	results/matched_gold_v2/gemini25flashlite/tsez/grammar/original/chain_gloss_cheatsheet_txt.jsonl	metrics/matched_gold_v2/lexical_and_xcomet_xl/gemini25flashlite/tsez/grammar/original/chain_gloss_cheatsheet_txt.json	metrics/matched_gold_v2/xcomet_xxl/gemini25flashlite/tsez/grammar/original/chain_gloss_cheatsheet_txt.json	99	99	complete	True	True	29	29	29	0	29	native	99	0.5912595009466147	11.879006121558234	0.2678634370065699	0.14410220440288987
gemini25flashlite_tsez_grammar_original_chain_gloss_cheatsheet_txt	gemini25flashlite	Tsez	grammar	original	chain_gloss	cheatsheet_txt	configs/matched_gold_v2/gemini25flashlite_tsez_grammar_original_chain_gloss_cheatsheet_txt.json	results/matched_gold_v2/gemini25flashlite/tsez/grammar/original/chain_gloss_cheatsheet_txt.jsonl	metrics/matched_gold_v2/lexical_and_xcomet_xl/gemini25flashlite/tsez/grammar/original/chain_gloss_cheatsheet_txt.json	metrics/matched_gold_v2/xcomet_xxl/gemini25flashlite/tsez/grammar/original/chain_gloss_cheatsheet_txt.json	99	99	complete	True	True	29	29	29	0	29	common99	99	0.5912595009466147	11.879006121558234	0.2678634370065699	0.14410220440288987
gemini25flashlite_tsez_grammar_original_chain_gloss_pdfpages_impactful_jpg	gemini25flashlite	Tsez	grammar	original	chain_gloss	pdfpages_impactful_jpg	configs/matched_gold_v2/gemini25flashlite_tsez_grammar_original_chain_gloss_pdfpages_impactful_jpg.json	results/matched_gold_v2/gemini25flashlite/tsez/grammar/original/chain_gloss_pdfpages_impactful_jpg.jsonl	metrics/matched_gold_v2/lexical_and_xcomet_xl/gemini25flashlite/tsez/grammar/original/chain_gloss_pdfpages_impactful_jpg.json	metrics/matched_gold_v2/xcomet_xxl/gemini25flashlite/tsez/grammar/original/chain_gloss_pdfpages_impactful_jpg.json	99	99	complete	True	True	39	39	39	0	39	native	99	0.44266494219424934	7.927840078687641	0.2750670670559912	0.1391959252080532
gemini25flashlite_tsez_grammar_original_chain_gloss_pdfpages_impactful_jpg	gemini25flashlite	Tsez	grammar	original	chain_gloss	pdfpages_impactful_jpg	configs/matched_gold_v2/gemini25flashlite_tsez_grammar_original_chain_gloss_pdfpages_impactful_jpg.json	results/matched_gold_v2/gemini25flashlite/tsez/grammar/original/chain_gloss_pdfpages_impactful_jpg.jsonl	metrics/matched_gold_v2/lexical_and_xcomet_xl/gemini25flashlite/tsez/grammar/original/chain_gloss_pdfpages_impactful_jpg.json	metrics/matched_gold_v2/xcomet_xxl/gemini25flashlite/tsez/grammar/original/chain_gloss_pdfpages_impactful_jpg.json	99	99	complete	True	True	39	39	39	0	39	common99	99	0.44266494219424934	7.927840078687641	0.2750670670559912	0.1391959252080532
gemini25flashlite_tsez_grammar_original_chain_gloss_summary_tables_jpg	gemini25flashlite	Tsez	grammar	original	chain_gloss	summary_tables_jpg	configs/matched_gold_v2/gemini25flashlite_tsez_grammar_original_chain_gloss_summary_tables_jpg.json	results/matched_gold_v2/gemini25flashlite/tsez/grammar/original/chain_gloss_summary_tables_jpg.jsonl	metrics/matched_gold_v2/lexical_and_xcomet_xl/gemini25flashlite/tsez/grammar/original/chain_gloss_summary_tables_jpg.json	metrics/matched_gold_v2/xcomet_xxl/gemini25flashlite/tsez/grammar/original/chain_gloss_summary_tables_jpg.json	99	99	complete	True	True	30	30	29	0	30	native	99	0.6704012781437194	10.731359989629299	0.27724668955562093	0.14402562297052807
gemini25flashlite_tsez_grammar_original_chain_gloss_summary_tables_jpg	gemini25flashlite	Tsez	grammar	original	chain_gloss	summary_tables_jpg	configs/matched_gold_v2/gemini25flashlite_tsez_grammar_original_chain_gloss_summary_tables_jpg.json	results/matched_gold_v2/gemini25flashlite/tsez/grammar/original/chain_gloss_summary_tables_jpg.jsonl	metrics/matched_gold_v2/lexical_and_xcomet_xl/gemini25flashlite/tsez/grammar/original/chain_gloss_summary_tables_jpg.json	metrics/matched_gold_v2/xcomet_xxl/gemini25flashlite/tsez/grammar/original/chain_gloss_summary_tables_jpg.json	99	99	complete	True	True	30	30	29	0	30	common99	99	0.6704012781437194	10.731359989629299	0.27724668955562093	0.14402562297052807
gemini25flashlite_tsez_grammar_original_chain_gloss_summary_tables_txt	gemini25flashlite	Tsez	grammar	original	chain_gloss	summary_tables_txt	configs/matched_gold_v2/gemini25flashlite_tsez_grammar_original_chain_gloss_summary_tables_txt.json	results/matched_gold_v2/gemini25flashlite/tsez/grammar/original/chain_gloss_summary_tables_txt.jsonl	metrics/matched_gold_v2/lexical_and_xcomet_xl/gemini25flashlite/tsez/grammar/original/chain_gloss_summary_tables_txt.json	metrics/matched_gold_v2/xcomet_xxl/gemini25flashlite/tsez/grammar/original/chain_gloss_summary_tables_txt.json	99	99	complete	True	True	29	29	29	0	29	native	99	1.5099829749192728	11.995102919287282	0.27408623860941994	0.15394748438789388
gemini25flashlite_tsez_grammar_original_chain_gloss_summary_tables_txt	gemini25flashlite	Tsez	grammar	original	chain_gloss	summary_tables_txt	configs/matched_gold_v2/gemini25flashlite_tsez_grammar_original_chain_gloss_summary_tables_txt.json	results/matched_gold_v2/gemini25flashlite/tsez/grammar/original/chain_gloss_summary_tables_txt.jsonl	metrics/matched_gold_v2/lexical_and_xcomet_xl/gemini25flashlite/tsez/grammar/original/chain_gloss_summary_tables_txt.json	metrics/matched_gold_v2/xcomet_xxl/gemini25flashlite/tsez/grammar/original/chain_gloss_summary_tables_txt.json	99	99	complete	True	True	29	29	29	0	29	common99	99	1.5099829749192728	11.995102919287282	0.27408623860941994	0.15394748438789388
gemini25flashlite_tsez_grammar_original_chain_gloss_summary_text_txt	gemini25flashlite	Tsez	grammar	original	chain_gloss	summary_text_txt	configs/matched_gold_v2/gemini25flashlite_tsez_grammar_original_chain_gloss_summary_text_txt.json	results/matched_gold_v2/gemini25flashlite/tsez/grammar/original/chain_gloss_summary_text_txt.jsonl	metrics/matched_gold_v2/lexical_and_xcomet_xl/gemini25flashlite/tsez/grammar/original/chain_gloss_summary_text_txt.json	metrics/matched_gold_v2/xcomet_xxl/gemini25flashlite/tsez/grammar/original/chain_gloss_summary_text_txt.json	99	99	complete	True	True	32	32	32	0	32	native	99	0.5730410319782173	12.298091258900087	0.2899839148075894	0.15085124555561277
gemini25flashlite_tsez_grammar_original_chain_gloss_summary_text_txt	gemini25flashlite	Tsez	grammar	original	chain_gloss	summary_text_txt	configs/matched_gold_v2/gemini25flashlite_tsez_grammar_original_chain_gloss_summary_text_txt.json	results/matched_gold_v2/gemini25flashlite/tsez/grammar/original/chain_gloss_summary_text_txt.jsonl	metrics/matched_gold_v2/lexical_and_xcomet_xl/gemini25flashlite/tsez/grammar/original/chain_gloss_summary_text_txt.json	metrics/matched_gold_v2/xcomet_xxl/gemini25flashlite/tsez/grammar/original/chain_gloss_summary_text_txt.json	99	99	complete	True	True	32	32	32	0	32	common99	99	0.5730410319782173	12.298091258900087	0.2899839148075894	0.15085124555561277
gemini25flashlite_tsez_grammar_original_modelgloss_baseline	gemini25flashlite	Tsez	grammar	original	modelgloss	baseline	configs/matched_gold_v2/gemini25flashlite_tsez_grammar_original_modelgloss_baseline.json	results/matched_gold_v2/gemini25flashlite/tsez/grammar/original/modelgloss_baseline.jsonl	metrics/matched_gold_v2/lexical_and_xcomet_xl/gemini25flashlite/tsez/grammar/original/modelgloss_baseline.json	metrics/matched_gold_v2/xcomet_xxl/gemini25flashlite/tsez/grammar/original/modelgloss_baseline.json	99	99	complete	True	True	0	0	0	0	0	native	99	20.058263219250758	45.31311665070462	0.5499896604304362	0.39835601887016586
gemini25flashlite_tsez_grammar_original_modelgloss_baseline	gemini25flashlite	Tsez	grammar	original	modelgloss	baseline	configs/matched_gold_v2/gemini25flashlite_tsez_grammar_original_modelgloss_baseline.json	results/matched_gold_v2/gemini25flashlite/tsez/grammar/original/modelgloss_baseline.jsonl	metrics/matched_gold_v2/lexical_and_xcomet_xl/gemini25flashlite/tsez/grammar/original/modelgloss_baseline.json	metrics/matched_gold_v2/xcomet_xxl/gemini25flashlite/tsez/grammar/original/modelgloss_baseline.json	99	99	complete	True	True	0	0	0	0	0	common99	99	20.058263219250758	45.31311665070462	0.5499896604304362	0.39835601887016586
gemini25flashlite_tsez_grammar_original_modelgloss_cheatsheet_jpg	gemini25flashlite	Tsez	grammar	original	modelgloss	cheatsheet_jpg	configs/matched_gold_v2/gemini25flashlite_tsez_grammar_original_modelgloss_cheatsheet_jpg.json	results/matched_gold_v2/gemini25flashlite/tsez/grammar/original/modelgloss_cheatsheet_jpg.jsonl	metrics/matched_gold_v2/lexical_and_xcomet_xl/gemini25flashlite/tsez/grammar/original/modelgloss_cheatsheet_jpg.json	metrics/matched_gold_v2/xcomet_xxl/gemini25flashlite/tsez/grammar/original/modelgloss_cheatsheet_jpg.json	99	99	complete	True	True	0	0	0	0	0	native	99	17.965922621632185	43.603388603947764	0.5446017811996768	0.39375272144873935
gemini25flashlite_tsez_grammar_original_modelgloss_cheatsheet_jpg	gemini25flashlite	Tsez	grammar	original	modelgloss	cheatsheet_jpg	configs/matched_gold_v2/gemini25flashlite_tsez_grammar_original_modelgloss_cheatsheet_jpg.json	results/matched_gold_v2/gemini25flashlite/tsez/grammar/original/modelgloss_cheatsheet_jpg.jsonl	metrics/matched_gold_v2/lexical_and_xcomet_xl/gemini25flashlite/tsez/grammar/original/modelgloss_cheatsheet_jpg.json	metrics/matched_gold_v2/xcomet_xxl/gemini25flashlite/tsez/grammar/original/modelgloss_cheatsheet_jpg.json	99	99	complete	True	True	0	0	0	0	0	common99	99	17.965922621632185	43.603388603947764	0.5446017811996768	0.39375272144873935
gemini25flashlite_tsez_grammar_original_modelgloss_cheatsheet_txt	gemini25flashlite	Tsez	grammar	original	modelgloss	cheatsheet_txt	configs/matched_gold_v2/gemini25flashlite_tsez_grammar_original_modelgloss_cheatsheet_txt.json	results/matched_gold_v2/gemini25flashlite/tsez/grammar/original/modelgloss_cheatsheet_txt.jsonl	metrics/matched_gold_v2/lexical_and_xcomet_xl/gemini25flashlite/tsez/grammar/original/modelgloss_cheatsheet_txt.json	metrics/matched_gold_v2/xcomet_xxl/gemini25flashlite/tsez/grammar/original/modelgloss_cheatsheet_txt.json	99	99	complete	True	True	0	0	0	0	0	native	99	18.31639718052208	44.99626966257329	0.55650998621878	0.39405880973796653
gemini25flashlite_tsez_grammar_original_modelgloss_cheatsheet_txt	gemini25flashlite	Tsez	grammar	original	modelgloss	cheatsheet_txt	configs/matched_gold_v2/gemini25flashlite_tsez_grammar_original_modelgloss_cheatsheet_txt.json	results/matched_gold_v2/gemini25flashlite/tsez/grammar/original/modelgloss_cheatsheet_txt.jsonl	metrics/matched_gold_v2/lexical_and_xcomet_xl/gemini25flashlite/tsez/grammar/original/modelgloss_cheatsheet_txt.json	metrics/matched_gold_v2/xcomet_xxl/gemini25flashlite/tsez/grammar/original/modelgloss_cheatsheet_txt.json	99	99	complete	True	True	0	0	0	0	0	common99	99	18.31639718052208	44.99626966257329	0.55650998621878	0.39405880973796653
gemini25flashlite_tsez_grammar_original_modelgloss_pdfpages_impactful_jpg	gemini25flashlite	Tsez	grammar	original	modelgloss	pdfpages_impactful_jpg	configs/matched_gold_v2/gemini25flashlite_tsez_grammar_original_modelgloss_pdfpages_impactful_jpg.json	results/matched_gold_v2/gemini25flashlite/tsez/grammar/original/modelgloss_pdfpages_impactful_jpg.jsonl	metrics/matched_gold_v2/lexical_and_xcomet_xl/gemini25flashlite/tsez/grammar/original/modelgloss_pdfpages_impactful_jpg.json	metrics/matched_gold_v2/xcomet_xxl/gemini25flashlite/tsez/grammar/original/modelgloss_pdfpages_impactful_jpg.json	99	99	complete	True	True	0	0	0	0	0	native	99	17.600432089537616	43.84055692702774	0.5205908872262396	0.3901402930719684
gemini25flashlite_tsez_grammar_original_modelgloss_pdfpages_impactful_jpg	gemini25flashlite	Tsez	grammar	original	modelgloss	pdfpages_impactful_jpg	configs/matched_gold_v2/gemini25flashlite_tsez_grammar_original_modelgloss_pdfpages_impactful_jpg.json	results/matched_gold_v2/gemini25flashlite/tsez/grammar/original/modelgloss_pdfpages_impactful_jpg.jsonl	metrics/matched_gold_v2/lexical_and_xcomet_xl/gemini25flashlite/tsez/grammar/original/modelgloss_pdfpages_impactful_jpg.json	metrics/matched_gold_v2/xcomet_xxl/gemini25flashlite/tsez/grammar/original/modelgloss_pdfpages_impactful_jpg.json	99	99	complete	True	True	0	0	0	0	0	common99	99	17.600432089537616	43.84055692702774	0.5205908872262396	0.3901402930719684
gemini25flashlite_tsez_grammar_original_modelgloss_summary_tables_jpg	gemini25flashlite	Tsez	grammar	original	modelgloss	summary_tables_jpg	configs/matched_gold_v2/gemini25flashlite_tsez_grammar_original_modelgloss_summary_tables_jpg.json	results/matched_gold_v2/gemini25flashlite/tsez/grammar/original/modelgloss_summary_tables_jpg.jsonl	metrics/matched_gold_v2/lexical_and_xcomet_xl/gemini25flashlite/tsez/grammar/original/modelgloss_summary_tables_jpg.json	metrics/matched_gold_v2/xcomet_xxl/gemini25flashlite/tsez/grammar/original/modelgloss_summary_tables_jpg.json	99	99	complete	True	True	0	0	0	0	0	native	99	17.836120861603682	43.44251006797494	0.5372643162204762	0.3942250917957287
gemini25flashlite_tsez_grammar_original_modelgloss_summary_tables_jpg	gemini25flashlite	Tsez	grammar	original	modelgloss	summary_tables_jpg	configs/matched_gold_v2/gemini25flashlite_tsez_grammar_original_modelgloss_summary_tables_jpg.json	results/matched_gold_v2/gemini25flashlite/tsez/grammar/original/modelgloss_summary_tables_jpg.jsonl	metrics/matched_gold_v2/lexical_and_xcomet_xl/gemini25flashlite/tsez/grammar/original/modelgloss_summary_tables_jpg.json	metrics/matched_gold_v2/xcomet_xxl/gemini25flashlite/tsez/grammar/original/modelgloss_summary_tables_jpg.json	99	99	complete	True	True	0	0	0	0	0	common99	99	17.836120861603682	43.44251006797494	0.5372643162204762	0.3942250917957287
gemini25flashlite_tsez_grammar_original_modelgloss_summary_tables_txt	gemini25flashlite	Tsez	grammar	original	modelgloss	summary_tables_txt	configs/matched_gold_v2/gemini25flashlite_tsez_grammar_original_modelgloss_summary_tables_txt.json	results/matched_gold_v2/gemini25flashlite/tsez/grammar/original/modelgloss_summary_tables_txt.jsonl	metrics/matched_gold_v2/lexical_and_xcomet_xl/gemini25flashlite/tsez/grammar/original/modelgloss_summary_tables_txt.json	metrics/matched_gold_v2/xcomet_xxl/gemini25flashlite/tsez/grammar/original/modelgloss_summary_tables_txt.json	99	99	complete	True	True	0	0	0	0	0	native	99	17.439599913498554	44.12968683577482	0.5483226383274252	0.3972309743515169
gemini25flashlite_tsez_grammar_original_modelgloss_summary_tables_txt	gemini25flashlite	Tsez	grammar	original	modelgloss	summary_tables_txt	configs/matched_gold_v2/gemini25flashlite_tsez_grammar_original_modelgloss_summary_tables_txt.json	results/matched_gold_v2/gemini25flashlite/tsez/grammar/original/modelgloss_summary_tables_txt.jsonl	metrics/matched_gold_v2/lexical_and_xcomet_xl/gemini25flashlite/tsez/grammar/original/modelgloss_summary_tables_txt.json	metrics/matched_gold_v2/xcomet_xxl/gemini25flashlite/tsez/grammar/original/modelgloss_summary_tables_txt.json	99	99	complete	True	True	0	0	0	0	0	common99	99	17.439599913498554	44.12968683577482	0.5483226383274252	0.3972309743515169
gemini25flashlite_tsez_grammar_original_modelgloss_summary_text_txt	gemini25flashlite	Tsez	grammar	original	modelgloss	summary_text_txt	configs/matched_gold_v2/gemini25flashlite_tsez_grammar_original_modelgloss_summary_text_txt.json	results/matched_gold_v2/gemini25flashlite/tsez/grammar/original/modelgloss_summary_text_txt.jsonl	metrics/matched_gold_v2/lexical_and_xcomet_xl/gemini25flashlite/tsez/grammar/original/modelgloss_summary_text_txt.json	metrics/matched_gold_v2/xcomet_xxl/gemini25flashlite/tsez/grammar/original/modelgloss_summary_text_txt.json	99	99	complete	True	True	0	0	0	0	0	native	99	18.892605147373107	45.07892278695559	0.5545008027493351	0.4003269227616715
gemini25flashlite_tsez_grammar_original_modelgloss_summary_text_txt	gemini25flashlite	Tsez	grammar	original	modelgloss	summary_text_txt	configs/matched_gold_v2/gemini25flashlite_tsez_grammar_original_modelgloss_summary_text_txt.json	results/matched_gold_v2/gemini25flashlite/tsez/grammar/original/modelgloss_summary_text_txt.jsonl	metrics/matched_gold_v2/lexical_and_xcomet_xl/gemini25flashlite/tsez/grammar/original/modelgloss_summary_text_txt.json	metrics/matched_gold_v2/xcomet_xxl/gemini25flashlite/tsez/grammar/original/modelgloss_summary_text_txt.json	99	99	complete	True	True	0	0	0	0	0	common99	99	18.892605147373107	45.07892278695559	0.5545008027493351	0.4003269227616715
gemini25flashlite_tsez_grammar_original_shot_baseline	gemini25flashlite	Tsez	grammar	original	shot	baseline	configs/matched_gold_v2/gemini25flashlite_tsez_grammar_original_shot_baseline.json	results/matched_gold_v2/gemini25flashlite/tsez/grammar/original/shot_baseline.jsonl	metrics/matched_gold_v2/lexical_and_xcomet_xl/gemini25flashlite/tsez/grammar/original/shot_baseline.json	metrics/matched_gold_v2/xcomet_xxl/gemini25flashlite/tsez/grammar/original/shot_baseline.json	99	99	complete	True	True	0	0	0	0	0	native	99	2.742371287381979	19.239799526937517	0.28249849935974736	0.1507686118435378
gemini25flashlite_tsez_grammar_original_shot_baseline	gemini25flashlite	Tsez	grammar	original	shot	baseline	configs/matched_gold_v2/gemini25flashlite_tsez_grammar_original_shot_baseline.json	results/matched_gold_v2/gemini25flashlite/tsez/grammar/original/shot_baseline.jsonl	metrics/matched_gold_v2/lexical_and_xcomet_xl/gemini25flashlite/tsez/grammar/original/shot_baseline.json	metrics/matched_gold_v2/xcomet_xxl/gemini25flashlite/tsez/grammar/original/shot_baseline.json	99	99	complete	True	True	0	0	0	0	0	common99	99	2.742371287381979	19.239799526937517	0.28249849935974736	0.1507686118435378
gemini25flashlite_tsez_grammar_original_shot_cheatsheet_jpg	gemini25flashlite	Tsez	grammar	original	shot	cheatsheet_jpg	configs/matched_gold_v2/gemini25flashlite_tsez_grammar_original_shot_cheatsheet_jpg.json	results/matched_gold_v2/gemini25flashlite/tsez/grammar/original/shot_cheatsheet_jpg.jsonl	metrics/matched_gold_v2/lexical_and_xcomet_xl/gemini25flashlite/tsez/grammar/original/shot_cheatsheet_jpg.json	metrics/matched_gold_v2/xcomet_xxl/gemini25flashlite/tsez/grammar/original/shot_cheatsheet_jpg.json	99	99	complete	True	True	0	0	0	0	0	native	99	1.942158628014798	17.89998727403706	0.2590531813676911	0.14071970147014867
gemini25flashlite_tsez_grammar_original_shot_cheatsheet_jpg	gemini25flashlite	Tsez	grammar	original	shot	cheatsheet_jpg	configs/matched_gold_v2/gemini25flashlite_tsez_grammar_original_shot_cheatsheet_jpg.json	results/matched_gold_v2/gemini25flashlite/tsez/grammar/original/shot_cheatsheet_jpg.jsonl	metrics/matched_gold_v2/lexical_and_xcomet_xl/gemini25flashlite/tsez/grammar/original/shot_cheatsheet_jpg.json	metrics/matched_gold_v2/xcomet_xxl/gemini25flashlite/tsez/grammar/original/shot_cheatsheet_jpg.json	99	99	complete	True	True	0	0	0	0	0	common99	99	1.942158628014798	17.89998727403706	0.2590531813676911	0.14071970147014867
gemini25flashlite_tsez_grammar_original_shot_cheatsheet_txt	gemini25flashlite	Tsez	grammar	original	shot	cheatsheet_txt	configs/matched_gold_v2/gemini25flashlite_tsez_grammar_original_shot_cheatsheet_txt.json	results/matched_gold_v2/gemini25flashlite/tsez/grammar/original/shot_cheatsheet_txt.jsonl	metrics/matched_gold_v2/lexical_and_xcomet_xl/gemini25flashlite/tsez/grammar/original/shot_cheatsheet_txt.json	metrics/matched_gold_v2/xcomet_xxl/gemini25flashlite/tsez/grammar/original/shot_cheatsheet_txt.json	99	99	complete	True	True	1	1	0	0	1	native	99	2.5047815564054807	19.30486035956234	0.2667163453920923	0.15080120655322315
gemini25flashlite_tsez_grammar_original_shot_cheatsheet_txt	gemini25flashlite	Tsez	grammar	original	shot	cheatsheet_txt	configs/matched_gold_v2/gemini25flashlite_tsez_grammar_original_shot_cheatsheet_txt.json	results/matched_gold_v2/gemini25flashlite/tsez/grammar/original/shot_cheatsheet_txt.jsonl	metrics/matched_gold_v2/lexical_and_xcomet_xl/gemini25flashlite/tsez/grammar/original/shot_cheatsheet_txt.json	metrics/matched_gold_v2/xcomet_xxl/gemini25flashlite/tsez/grammar/original/shot_cheatsheet_txt.json	99	99	complete	True	True	1	1	0	0	1	common99	99	2.5047815564054807	19.30486035956234	0.2667163453920923	0.15080120655322315
gemini25flashlite_tsez_grammar_original_shot_pdfpages_impactful_jpg	gemini25flashlite	Tsez	grammar	original	shot	pdfpages_impactful_jpg	configs/matched_gold_v2/gemini25flashlite_tsez_grammar_original_shot_pdfpages_impactful_jpg.json	results/matched_gold_v2/gemini25flashlite/tsez/grammar/original/shot_pdfpages_impactful_jpg.jsonl	metrics/matched_gold_v2/lexical_and_xcomet_xl/gemini25flashlite/tsez/grammar/original/shot_pdfpages_impactful_jpg.json	metrics/matched_gold_v2/xcomet_xxl/gemini25flashlite/tsez/grammar/original/shot_pdfpages_impactful_jpg.json	99	99	complete	True	True	0	0	0	0	0	native	99	1.2023065357571752	16.271063791699532	0.24407565277634244	0.13576462556316396
gemini25flashlite_tsez_grammar_original_shot_pdfpages_impactful_jpg	gemini25flashlite	Tsez	grammar	original	shot	pdfpages_impactful_jpg	configs/matched_gold_v2/gemini25flashlite_tsez_grammar_original_shot_pdfpages_impactful_jpg.json	results/matched_gold_v2/gemini25flashlite/tsez/grammar/original/shot_pdfpages_impactful_jpg.jsonl	metrics/matched_gold_v2/lexical_and_xcomet_xl/gemini25flashlite/tsez/grammar/original/shot_pdfpages_impactful_jpg.json	metrics/matched_gold_v2/xcomet_xxl/gemini25flashlite/tsez/grammar/original/shot_pdfpages_impactful_jpg.json	99	99	complete	True	True	0	0	0	0	0	common99	99	1.2023065357571752	16.271063791699532	0.24407565277634244	0.13576462556316396
gemini25flashlite_tsez_grammar_original_shot_summary_tables_jpg	gemini25flashlite	Tsez	grammar	original	shot	summary_tables_jpg	configs/matched_gold_v2/gemini25flashlite_tsez_grammar_original_shot_summary_tables_jpg.json	results/matched_gold_v2/gemini25flashlite/tsez/grammar/original/shot_summary_tables_jpg.jsonl	metrics/matched_gold_v2/lexical_and_xcomet_xl/gemini25flashlite/tsez/grammar/original/shot_summary_tables_jpg.json	metrics/matched_gold_v2/xcomet_xxl/gemini25flashlite/tsez/grammar/original/shot_summary_tables_jpg.json	99	99	complete	True	True	0	0	0	0	0	native	99	1.3428447608867224	17.932995119617388	0.2544189930865259	0.14100542416175207
gemini25flashlite_tsez_grammar_original_shot_summary_tables_jpg	gemini25flashlite	Tsez	grammar	original	shot	summary_tables_jpg	configs/matched_gold_v2/gemini25flashlite_tsez_grammar_original_shot_summary_tables_jpg.json	results/matched_gold_v2/gemini25flashlite/tsez/grammar/original/shot_summary_tables_jpg.jsonl	metrics/matched_gold_v2/lexical_and_xcomet_xl/gemini25flashlite/tsez/grammar/original/shot_summary_tables_jpg.json	metrics/matched_gold_v2/xcomet_xxl/gemini25flashlite/tsez/grammar/original/shot_summary_tables_jpg.json	99	99	complete	True	True	0	0	0	0	0	common99	99	1.3428447608867224	17.932995119617388	0.2544189930865259	0.14100542416175207
gemini25flashlite_tsez_grammar_original_shot_summary_tables_txt	gemini25flashlite	Tsez	grammar	original	shot	summary_tables_txt	configs/matched_gold_v2/gemini25flashlite_tsez_grammar_original_shot_summary_tables_txt.json	results/matched_gold_v2/gemini25flashlite/tsez/grammar/original/shot_summary_tables_txt.jsonl	metrics/matched_gold_v2/lexical_and_xcomet_xl/gemini25flashlite/tsez/grammar/original/shot_summary_tables_txt.json	metrics/matched_gold_v2/xcomet_xxl/gemini25flashlite/tsez/grammar/original/shot_summary_tables_txt.json	99	99	complete	True	True	0	0	0	0	0	native	99	2.519557367944775	19.21379045840873	0.26596591177612844	0.1453214834133784
gemini25flashlite_tsez_grammar_original_shot_summary_tables_txt	gemini25flashlite	Tsez	grammar	original	shot	summary_tables_txt	configs/matched_gold_v2/gemini25flashlite_tsez_grammar_original_shot_summary_tables_txt.json	results/matched_gold_v2/gemini25flashlite/tsez/grammar/original/shot_summary_tables_txt.jsonl	metrics/matched_gold_v2/lexical_and_xcomet_xl/gemini25flashlite/tsez/grammar/original/shot_summary_tables_txt.json	metrics/matched_gold_v2/xcomet_xxl/gemini25flashlite/tsez/grammar/original/shot_summary_tables_txt.json	99	99	complete	True	True	0	0	0	0	0	common99	99	2.519557367944775	19.21379045840873	0.26596591177612844	0.1453214834133784
gemini25flashlite_tsez_grammar_original_shot_summary_text_txt	gemini25flashlite	Tsez	grammar	original	shot	summary_text_txt	configs/matched_gold_v2/gemini25flashlite_tsez_grammar_original_shot_summary_text_txt.json	results/matched_gold_v2/gemini25flashlite/tsez/grammar/original/shot_summary_text_txt.jsonl	metrics/matched_gold_v2/lexical_and_xcomet_xl/gemini25flashlite/tsez/grammar/original/shot_summary_text_txt.json	metrics/matched_gold_v2/xcomet_xxl/gemini25flashlite/tsez/grammar/original/shot_summary_text_txt.json	99	99	complete	True	True	0	0	0	0	0	native	99	2.8878029524134656	19.846263435695626	0.2661182609471408	0.14139160686972166
gemini25flashlite_tsez_grammar_original_shot_summary_text_txt	gemini25flashlite	Tsez	grammar	original	shot	summary_text_txt	configs/matched_gold_v2/gemini25flashlite_tsez_grammar_original_shot_summary_text_txt.json	results/matched_gold_v2/gemini25flashlite/tsez/grammar/original/shot_summary_text_txt.jsonl	metrics/matched_gold_v2/lexical_and_xcomet_xl/gemini25flashlite/tsez/grammar/original/shot_summary_text_txt.json	metrics/matched_gold_v2/xcomet_xxl/gemini25flashlite/tsez/grammar/original/shot_summary_text_txt.json	99	99	complete	True	True	0	0	0	0	0	common99	99	2.8878029524134656	19.846263435695626	0.2661182609471408	0.14139160686972166
qwen35_gitksan_grammar_original_chain_gloss_baseline	qwen35	Gitksan	grammar	original	chain_gloss	baseline	configs/matched_gold_v2/qwen35_gitksan_grammar_original_chain_gloss_baseline.json	results/matched_gold_v2/qwen35/gitksan/grammar/original/chain_gloss_baseline.jsonl	metrics/matched_gold_v2/lexical_and_xcomet_xl/qwen35/gitksan/grammar/original/chain_gloss_baseline.json	metrics/matched_gold_v2/xcomet_xxl/qwen35/gitksan/grammar/original/chain_gloss_baseline.json	37	37	complete	True	True	0	0	0	0	0	native	37	4.1415458935673435	23.46063968264876	0.343504594789969	0.18876159473045453
qwen35_gitksan_grammar_original_chain_gloss_baseline	qwen35	Gitksan	grammar	original	chain_gloss	baseline	configs/matched_gold_v2/qwen35_gitksan_grammar_original_chain_gloss_baseline.json	results/matched_gold_v2/qwen35/gitksan/grammar/original/chain_gloss_baseline.jsonl	metrics/matched_gold_v2/lexical_and_xcomet_xl/qwen35/gitksan/grammar/original/chain_gloss_baseline.json	metrics/matched_gold_v2/xcomet_xxl/qwen35/gitksan/grammar/original/chain_gloss_baseline.json	37	37	complete	True	True	0	0	0	0	0	common99	37	4.1415458935673435	23.46063968264876	0.343504594789969	0.18876159473045453
qwen35_gitksan_grammar_original_modelgloss_baseline	qwen35	Gitksan	grammar	original	modelgloss	baseline	configs/matched_gold_v2/qwen35_gitksan_grammar_original_modelgloss_baseline.json	results/matched_gold_v2/qwen35/gitksan/grammar/original/modelgloss_baseline.jsonl	metrics/matched_gold_v2/lexical_and_xcomet_xl/qwen35/gitksan/grammar/original/modelgloss_baseline.json	metrics/matched_gold_v2/xcomet_xxl/qwen35/gitksan/grammar/original/modelgloss_baseline.json	37	37	complete	True	True	0	0	0	0	0	native	37	21.062000651664395	49.14151012692942	0.5994371425461125	0.45192461762879343
qwen35_gitksan_grammar_original_modelgloss_baseline	qwen35	Gitksan	grammar	original	modelgloss	baseline	configs/matched_gold_v2/qwen35_gitksan_grammar_original_modelgloss_baseline.json	results/matched_gold_v2/qwen35/gitksan/grammar/original/modelgloss_baseline.jsonl	metrics/matched_gold_v2/lexical_and_xcomet_xl/qwen35/gitksan/grammar/original/modelgloss_baseline.json	metrics/matched_gold_v2/xcomet_xxl/qwen35/gitksan/grammar/original/modelgloss_baseline.json	37	37	complete	True	True	0	0	0	0	0	common99	37	21.062000651664395	49.14151012692942	0.5994371425461125	0.45192461762879343
qwen35_gitksan_grammar_original_shot_baseline	qwen35	Gitksan	grammar	original	shot	baseline	configs/matched_gold_v2/qwen35_gitksan_grammar_original_shot_baseline.json	results/matched_gold_v2/qwen35/gitksan/grammar/original/shot_baseline.jsonl	metrics/matched_gold_v2/lexical_and_xcomet_xl/qwen35/gitksan/grammar/original/shot_baseline.json	metrics/matched_gold_v2/xcomet_xxl/qwen35/gitksan/grammar/original/shot_baseline.json	37	37	complete	True	True	0	0	0	0	0	native	37	4.009293594145682	23.60679451602658	0.33469809913957443	0.19690055420269836
qwen35_gitksan_grammar_original_shot_baseline	qwen35	Gitksan	grammar	original	shot	baseline	configs/matched_gold_v2/qwen35_gitksan_grammar_original_shot_baseline.json	results/matched_gold_v2/qwen35/gitksan/grammar/original/shot_baseline.jsonl	metrics/matched_gold_v2/lexical_and_xcomet_xl/qwen35/gitksan/grammar/original/shot_baseline.json	metrics/matched_gold_v2/xcomet_xxl/qwen35/gitksan/grammar/original/shot_baseline.json	37	37	complete	True	True	0	0	0	0	0	common99	37	4.009293594145682	23.60679451602658	0.33469809913957443	0.19690055420269836
qwen35_gitksan_pdf1_brown_original_chain_gloss_cheatsheet_jpg	qwen35	Gitksan	pdf1_brown	original	chain_gloss	cheatsheet_jpg	configs/matched_gold_v2/qwen35_gitksan_pdf1_brown_original_chain_gloss_cheatsheet_jpg.json	results/matched_gold_v2/qwen35/gitksan/pdf1_brown/original/chain_gloss_cheatsheet_jpg.jsonl	metrics/matched_gold_v2/lexical_and_xcomet_xl/qwen35/gitksan/pdf1_brown/original/chain_gloss_cheatsheet_jpg.json	metrics/matched_gold_v2/xcomet_xxl/qwen35/gitksan/pdf1_brown/original/chain_gloss_cheatsheet_jpg.json	37	37	complete	True	True	0	0	0	0	0	native	37	4.830567749088627	22.889640918696376	0.3317474230519823	0.18858601052213358
qwen35_gitksan_pdf1_brown_original_chain_gloss_cheatsheet_jpg	qwen35	Gitksan	pdf1_brown	original	chain_gloss	cheatsheet_jpg	configs/matched_gold_v2/qwen35_gitksan_pdf1_brown_original_chain_gloss_cheatsheet_jpg.json	results/matched_gold_v2/qwen35/gitksan/pdf1_brown/original/chain_gloss_cheatsheet_jpg.jsonl	metrics/matched_gold_v2/lexical_and_xcomet_xl/qwen35/gitksan/pdf1_brown/original/chain_gloss_cheatsheet_jpg.json	metrics/matched_gold_v2/xcomet_xxl/qwen35/gitksan/pdf1_brown/original/chain_gloss_cheatsheet_jpg.json	37	37	complete	True	True	0	0	0	0	0	common99	37	4.830567749088627	22.889640918696376	0.3317474230519823	0.18858601052213358
qwen35_gitksan_pdf1_brown_original_chain_gloss_cheatsheet_txt	qwen35	Gitksan	pdf1_brown	original	chain_gloss	cheatsheet_txt	configs/matched_gold_v2/qwen35_gitksan_pdf1_brown_original_chain_gloss_cheatsheet_txt.json	results/matched_gold_v2/qwen35/gitksan/pdf1_brown/original/chain_gloss_cheatsheet_txt.jsonl	metrics/matched_gold_v2/lexical_and_xcomet_xl/qwen35/gitksan/pdf1_brown/original/chain_gloss_cheatsheet_txt.json	metrics/matched_gold_v2/xcomet_xxl/qwen35/gitksan/pdf1_brown/original/chain_gloss_cheatsheet_txt.json	37	37	complete	True	True	0	0	0	0	0	native	37	3.680002619171686	22.686655474954957	0.31244795507675893	0.1933662073837744
qwen35_gitksan_pdf1_brown_original_chain_gloss_cheatsheet_txt	qwen35	Gitksan	pdf1_brown	original	chain_gloss	cheatsheet_txt	configs/matched_gold_v2/qwen35_gitksan_pdf1_brown_original_chain_gloss_cheatsheet_txt.json	results/matched_gold_v2/qwen35/gitksan/pdf1_brown/original/chain_gloss_cheatsheet_txt.jsonl	metrics/matched_gold_v2/lexical_and_xcomet_xl/qwen35/gitksan/pdf1_brown/original/chain_gloss_cheatsheet_txt.json	metrics/matched_gold_v2/xcomet_xxl/qwen35/gitksan/pdf1_brown/original/chain_gloss_cheatsheet_txt.json	37	37	complete	True	True	0	0	0	0	0	common99	37	3.680002619171686	22.686655474954957	0.31244795507675893	0.1933662073837744
qwen35_gitksan_pdf1_brown_original_chain_gloss_pdfpages_impactful_jpg	qwen35	Gitksan	pdf1_brown	original	chain_gloss	pdfpages_impactful_jpg	configs/matched_gold_v2/qwen35_gitksan_pdf1_brown_original_chain_gloss_pdfpages_impactful_jpg.json	results/matched_gold_v2/qwen35/gitksan/pdf1_brown/original/chain_gloss_pdfpages_impactful_jpg.jsonl	metrics/matched_gold_v2/lexical_and_xcomet_xl/qwen35/gitksan/pdf1_brown/original/chain_gloss_pdfpages_impactful_jpg.json	metrics/matched_gold_v2/xcomet_xxl/qwen35/gitksan/pdf1_brown/original/chain_gloss_pdfpages_impactful_jpg.json	37	37	complete	True	True	2	2	1	0	2	native	37	3.8859661950687374	20.17833429988994	0.3080814150539604	0.1769723789514722
qwen35_gitksan_pdf1_brown_original_chain_gloss_pdfpages_impactful_jpg	qwen35	Gitksan	pdf1_brown	original	chain_gloss	pdfpages_impactful_jpg	configs/matched_gold_v2/qwen35_gitksan_pdf1_brown_original_chain_gloss_pdfpages_impactful_jpg.json	results/matched_gold_v2/qwen35/gitksan/pdf1_brown/original/chain_gloss_pdfpages_impactful_jpg.jsonl	metrics/matched_gold_v2/lexical_and_xcomet_xl/qwen35/gitksan/pdf1_brown/original/chain_gloss_pdfpages_impactful_jpg.json	metrics/matched_gold_v2/xcomet_xxl/qwen35/gitksan/pdf1_brown/original/chain_gloss_pdfpages_impactful_jpg.json	37	37	complete	True	True	2	2	1	0	2	common99	37	3.8859661950687374	20.17833429988994	0.3080814150539604	0.1769723789514722
qwen35_gitksan_pdf1_brown_original_chain_gloss_summary_tables_jpg	qwen35	Gitksan	pdf1_brown	original	chain_gloss	summary_tables_jpg	configs/matched_gold_v2/qwen35_gitksan_pdf1_brown_original_chain_gloss_summary_tables_jpg.json	results/matched_gold_v2/qwen35/gitksan/pdf1_brown/original/chain_gloss_summary_tables_jpg.jsonl	metrics/matched_gold_v2/lexical_and_xcomet_xl/qwen35/gitksan/pdf1_brown/original/chain_gloss_summary_tables_jpg.json	metrics/matched_gold_v2/xcomet_xxl/qwen35/gitksan/pdf1_brown/original/chain_gloss_summary_tables_jpg.json	37	37	complete	True	True	1	1	1	0	1	native	37	3.8330774674397112	19.419307068202404	0.32467255237940196	0.16648570468296875
qwen35_gitksan_pdf1_brown_original_chain_gloss_summary_tables_jpg	qwen35	Gitksan	pdf1_brown	original	chain_gloss	summary_tables_jpg	configs/matched_gold_v2/qwen35_gitksan_pdf1_brown_original_chain_gloss_summary_tables_jpg.json	results/matched_gold_v2/qwen35/gitksan/pdf1_brown/original/chain_gloss_summary_tables_jpg.jsonl	metrics/matched_gold_v2/lexical_and_xcomet_xl/qwen35/gitksan/pdf1_brown/original/chain_gloss_summary_tables_jpg.json	metrics/matched_gold_v2/xcomet_xxl/qwen35/gitksan/pdf1_brown/original/chain_gloss_summary_tables_jpg.json	37	37	complete	True	True	1	1	1	0	1	common99	37	3.8330774674397112	19.419307068202404	0.32467255237940196	0.16648570468296875
qwen35_gitksan_pdf1_brown_original_chain_gloss_summary_tables_txt	qwen35	Gitksan	pdf1_brown	original	chain_gloss	summary_tables_txt	configs/matched_gold_v2/qwen35_gitksan_pdf1_brown_original_chain_gloss_summary_tables_txt.json	results/matched_gold_v2/qwen35/gitksan/pdf1_brown/original/chain_gloss_summary_tables_txt.jsonl	metrics/matched_gold_v2/lexical_and_xcomet_xl/qwen35/gitksan/pdf1_brown/original/chain_gloss_summary_tables_txt.json	metrics/matched_gold_v2/xcomet_xxl/qwen35/gitksan/pdf1_brown/original/chain_gloss_summary_tables_txt.json	37	37	complete	True	True	0	0	0	0	0	native	37	5.343813491583516	25.309272046300812	0.312394058382189	0.18326766849369616
qwen35_gitksan_pdf1_brown_original_chain_gloss_summary_tables_txt	qwen35	Gitksan	pdf1_brown	original	chain_gloss	summary_tables_txt	configs/matched_gold_v2/qwen35_gitksan_pdf1_brown_original_chain_gloss_summary_tables_txt.json	results/matched_gold_v2/qwen35/gitksan/pdf1_brown/original/chain_gloss_summary_tables_txt.jsonl	metrics/matched_gold_v2/lexical_and_xcomet_xl/qwen35/gitksan/pdf1_brown/original/chain_gloss_summary_tables_txt.json	metrics/matched_gold_v2/xcomet_xxl/qwen35/gitksan/pdf1_brown/original/chain_gloss_summary_tables_txt.json	37	37	complete	True	True	0	0	0	0	0	common99	37	5.343813491583516	25.309272046300812	0.312394058382189	0.18326766849369616
qwen35_gitksan_pdf1_brown_original_chain_gloss_summary_text_txt	qwen35	Gitksan	pdf1_brown	original	chain_gloss	summary_text_txt	configs/matched_gold_v2/qwen35_gitksan_pdf1_brown_original_chain_gloss_summary_text_txt.json	results/matched_gold_v2/qwen35/gitksan/pdf1_brown/original/chain_gloss_summary_text_txt.jsonl	metrics/matched_gold_v2/lexical_and_xcomet_xl/qwen35/gitksan/pdf1_brown/original/chain_gloss_summary_text_txt.json	metrics/matched_gold_v2/xcomet_xxl/qwen35/gitksan/pdf1_brown/original/chain_gloss_summary_text_txt.json	37	37	complete	True	True	0	0	0	0	0	native	37	3.9566897534581904	23.465192335738823	0.3279937437257251	0.1936116425974949
qwen35_gitksan_pdf1_brown_original_chain_gloss_summary_text_txt	qwen35	Gitksan	pdf1_brown	original	chain_gloss	summary_text_txt	configs/matched_gold_v2/qwen35_gitksan_pdf1_brown_original_chain_gloss_summary_text_txt.json	results/matched_gold_v2/qwen35/gitksan/pdf1_brown/original/chain_gloss_summary_text_txt.jsonl	metrics/matched_gold_v2/lexical_and_xcomet_xl/qwen35/gitksan/pdf1_brown/original/chain_gloss_summary_text_txt.json	metrics/matched_gold_v2/xcomet_xxl/qwen35/gitksan/pdf1_brown/original/chain_gloss_summary_text_txt.json	37	37	complete	True	True	0	0	0	0	0	common99	37	3.9566897534581904	23.465192335738823	0.3279937437257251	0.1936116425974949
qwen35_gitksan_pdf1_brown_original_modelgloss_cheatsheet_jpg	qwen35	Gitksan	pdf1_brown	original	modelgloss	cheatsheet_jpg	configs/matched_gold_v2/qwen35_gitksan_pdf1_brown_original_modelgloss_cheatsheet_jpg.json	results/matched_gold_v2/qwen35/gitksan/pdf1_brown/original/modelgloss_cheatsheet_jpg.jsonl	metrics/matched_gold_v2/lexical_and_xcomet_xl/qwen35/gitksan/pdf1_brown/original/modelgloss_cheatsheet_jpg.json	metrics/matched_gold_v2/xcomet_xxl/qwen35/gitksan/pdf1_brown/original/modelgloss_cheatsheet_jpg.json	37	37	complete	True	True	0	0	0	0	0	native	37	15.147087565230056	45.082806133747624	0.5688743889331818	0.4442538405592377
qwen35_gitksan_pdf1_brown_original_modelgloss_cheatsheet_jpg	qwen35	Gitksan	pdf1_brown	original	modelgloss	cheatsheet_jpg	configs/matched_gold_v2/qwen35_gitksan_pdf1_brown_original_modelgloss_cheatsheet_jpg.json	results/matched_gold_v2/qwen35/gitksan/pdf1_brown/original/modelgloss_cheatsheet_jpg.jsonl	metrics/matched_gold_v2/lexical_and_xcomet_xl/qwen35/gitksan/pdf1_brown/original/modelgloss_cheatsheet_jpg.json	metrics/matched_gold_v2/xcomet_xxl/qwen35/gitksan/pdf1_brown/original/modelgloss_cheatsheet_jpg.json	37	37	complete	True	True	0	0	0	0	0	common99	37	15.147087565230056	45.082806133747624	0.5688743889331818	0.4442538405592377
qwen35_gitksan_pdf1_brown_original_modelgloss_cheatsheet_txt	qwen35	Gitksan	pdf1_brown	original	modelgloss	cheatsheet_txt	configs/matched_gold_v2/qwen35_gitksan_pdf1_brown_original_modelgloss_cheatsheet_txt.json	results/matched_gold_v2/qwen35/gitksan/pdf1_brown/original/modelgloss_cheatsheet_txt.jsonl	metrics/matched_gold_v2/lexical_and_xcomet_xl/qwen35/gitksan/pdf1_brown/original/modelgloss_cheatsheet_txt.json	metrics/matched_gold_v2/xcomet_xxl/qwen35/gitksan/pdf1_brown/original/modelgloss_cheatsheet_txt.json	37	37	complete	True	True	0	0	0	0	0	native	37	16.76454964237931	46.653755271152065	0.5802285357101543	0.4486950603691307
qwen35_gitksan_pdf1_brown_original_modelgloss_cheatsheet_txt	qwen35	Gitksan	pdf1_brown	original	modelgloss	cheatsheet_txt	configs/matched_gold_v2/qwen35_gitksan_pdf1_brown_original_modelgloss_cheatsheet_txt.json	results/matched_gold_v2/qwen35/gitksan/pdf1_brown/original/modelgloss_cheatsheet_txt.jsonl	metrics/matched_gold_v2/lexical_and_xcomet_xl/qwen35/gitksan/pdf1_brown/original/modelgloss_cheatsheet_txt.json	metrics/matched_gold_v2/xcomet_xxl/qwen35/gitksan/pdf1_brown/original/modelgloss_cheatsheet_txt.json	37	37	complete	True	True	0	0	0	0	0	common99	37	16.76454964237931	46.653755271152065	0.5802285357101543	0.4486950603691307
qwen35_gitksan_pdf1_brown_original_modelgloss_pdfpages_impactful_jpg	qwen35	Gitksan	pdf1_brown	original	modelgloss	pdfpages_impactful_jpg	configs/matched_gold_v2/qwen35_gitksan_pdf1_brown_original_modelgloss_pdfpages_impactful_jpg.json	results/matched_gold_v2/qwen35/gitksan/pdf1_brown/original/modelgloss_pdfpages_impactful_jpg.jsonl	metrics/matched_gold_v2/lexical_and_xcomet_xl/qwen35/gitksan/pdf1_brown/original/modelgloss_pdfpages_impactful_jpg.json	metrics/matched_gold_v2/xcomet_xxl/qwen35/gitksan/pdf1_brown/original/modelgloss_pdfpages_impactful_jpg.json	37	37	complete	True	True	0	0	0	0	0	native	37	16.1600871663033	45.74798148364252	0.6108306581909592	0.46766965775876435
qwen35_gitksan_pdf1_brown_original_modelgloss_pdfpages_impactful_jpg	qwen35	Gitksan	pdf1_brown	original	modelgloss	pdfpages_impactful_jpg	configs/matched_gold_v2/qwen35_gitksan_pdf1_brown_original_modelgloss_pdfpages_impactful_jpg.json	results/matched_gold_v2/qwen35/gitksan/pdf1_brown/original/modelgloss_pdfpages_impactful_jpg.jsonl	metrics/matched_gold_v2/lexical_and_xcomet_xl/qwen35/gitksan/pdf1_brown/original/modelgloss_pdfpages_impactful_jpg.json	metrics/matched_gold_v2/xcomet_xxl/qwen35/gitksan/pdf1_brown/original/modelgloss_pdfpages_impactful_jpg.json	37	37	complete	True	True	0	0	0	0	0	common99	37	16.1600871663033	45.74798148364252	0.6108306581909592	0.46766965775876435
qwen35_gitksan_pdf1_brown_original_modelgloss_summary_tables_jpg	qwen35	Gitksan	pdf1_brown	original	modelgloss	summary_tables_jpg	configs/matched_gold_v2/qwen35_gitksan_pdf1_brown_original_modelgloss_summary_tables_jpg.json	results/matched_gold_v2/qwen35/gitksan/pdf1_brown/original/modelgloss_summary_tables_jpg.jsonl	metrics/matched_gold_v2/lexical_and_xcomet_xl/qwen35/gitksan/pdf1_brown/original/modelgloss_summary_tables_jpg.json	metrics/matched_gold_v2/xcomet_xxl/qwen35/gitksan/pdf1_brown/original/modelgloss_summary_tables_jpg.json	37	37	complete	True	True	0	0	0	0	0	native	37	15.16771642629993	45.32643481548184	0.5628506307666367	0.4429494154614371
qwen35_gitksan_pdf1_brown_original_modelgloss_summary_tables_jpg	qwen35	Gitksan	pdf1_brown	original	modelgloss	summary_tables_jpg	configs/matched_gold_v2/qwen35_gitksan_pdf1_brown_original_modelgloss_summary_tables_jpg.json	results/matched_gold_v2/qwen35/gitksan/pdf1_brown/original/modelgloss_summary_tables_jpg.jsonl	metrics/matched_gold_v2/lexical_and_xcomet_xl/qwen35/gitksan/pdf1_brown/original/modelgloss_summary_tables_jpg.json	metrics/matched_gold_v2/xcomet_xxl/qwen35/gitksan/pdf1_brown/original/modelgloss_summary_tables_jpg.json	37	37	complete	True	True	0	0	0	0	0	common99	37	15.16771642629993	45.32643481548184	0.5628506307666367	0.4429494154614371
qwen35_gitksan_pdf1_brown_original_modelgloss_summary_tables_txt	qwen35	Gitksan	pdf1_brown	original	modelgloss	summary_tables_txt	configs/matched_gold_v2/qwen35_gitksan_pdf1_brown_original_modelgloss_summary_tables_txt.json	results/matched_gold_v2/qwen35/gitksan/pdf1_brown/original/modelgloss_summary_tables_txt.jsonl	metrics/matched_gold_v2/lexical_and_xcomet_xl/qwen35/gitksan/pdf1_brown/original/modelgloss_summary_tables_txt.json	metrics/matched_gold_v2/xcomet_xxl/qwen35/gitksan/pdf1_brown/original/modelgloss_summary_tables_txt.json	37	37	complete	True	True	0	0	0	0	0	native	37	19.255926823955367	46.85108016508814	0.5720318894128542	0.42995228276059433
qwen35_gitksan_pdf1_brown_original_modelgloss_summary_tables_txt	qwen35	Gitksan	pdf1_brown	original	modelgloss	summary_tables_txt	configs/matched_gold_v2/qwen35_gitksan_pdf1_brown_original_modelgloss_summary_tables_txt.json	results/matched_gold_v2/qwen35/gitksan/pdf1_brown/original/modelgloss_summary_tables_txt.jsonl	metrics/matched_gold_v2/lexical_and_xcomet_xl/qwen35/gitksan/pdf1_brown/original/modelgloss_summary_tables_txt.json	metrics/matched_gold_v2/xcomet_xxl/qwen35/gitksan/pdf1_brown/original/modelgloss_summary_tables_txt.json	37	37	complete	True	True	0	0	0	0	0	common99	37	19.255926823955367	46.85108016508814	0.5720318894128542	0.42995228276059433
qwen35_gitksan_pdf1_brown_original_modelgloss_summary_text_txt	qwen35	Gitksan	pdf1_brown	original	modelgloss	summary_text_txt	configs/matched_gold_v2/qwen35_gitksan_pdf1_brown_original_modelgloss_summary_text_txt.json	results/matched_gold_v2/qwen35/gitksan/pdf1_brown/original/modelgloss_summary_text_txt.jsonl	metrics/matched_gold_v2/lexical_and_xcomet_xl/qwen35/gitksan/pdf1_brown/original/modelgloss_summary_text_txt.json	metrics/matched_gold_v2/xcomet_xxl/qwen35/gitksan/pdf1_brown/original/modelgloss_summary_text_txt.json	37	37	complete	True	True	0	0	0	0	0	native	37	16.430358598448432	46.07774833210784	0.5640497916453594	0.40819901268224457
qwen35_gitksan_pdf1_brown_original_modelgloss_summary_text_txt	qwen35	Gitksan	pdf1_brown	original	modelgloss	summary_text_txt	configs/matched_gold_v2/qwen35_gitksan_pdf1_brown_original_modelgloss_summary_text_txt.json	results/matched_gold_v2/qwen35/gitksan/pdf1_brown/original/modelgloss_summary_text_txt.jsonl	metrics/matched_gold_v2/lexical_and_xcomet_xl/qwen35/gitksan/pdf1_brown/original/modelgloss_summary_text_txt.json	metrics/matched_gold_v2/xcomet_xxl/qwen35/gitksan/pdf1_brown/original/modelgloss_summary_text_txt.json	37	37	complete	True	True	0	0	0	0	0	common99	37	16.430358598448432	46.07774833210784	0.5640497916453594	0.40819901268224457
qwen35_gitksan_pdf1_brown_original_shot_cheatsheet_jpg	qwen35	Gitksan	pdf1_brown	original	shot	cheatsheet_jpg	configs/matched_gold_v2/qwen35_gitksan_pdf1_brown_original_shot_cheatsheet_jpg.json	results/matched_gold_v2/qwen35/gitksan/pdf1_brown/original/shot_cheatsheet_jpg.jsonl	metrics/matched_gold_v2/lexical_and_xcomet_xl/qwen35/gitksan/pdf1_brown/original/shot_cheatsheet_jpg.json	metrics/matched_gold_v2/xcomet_xxl/qwen35/gitksan/pdf1_brown/original/shot_cheatsheet_jpg.json	37	37	complete	True	True	0	0	0	0	0	native	37	4.764304531538607	22.439689642702717	0.3365637829174867	0.202609602462601
qwen35_gitksan_pdf1_brown_original_shot_cheatsheet_jpg	qwen35	Gitksan	pdf1_brown	original	shot	cheatsheet_jpg	configs/matched_gold_v2/qwen35_gitksan_pdf1_brown_original_shot_cheatsheet_jpg.json	results/matched_gold_v2/qwen35/gitksan/pdf1_brown/original/shot_cheatsheet_jpg.jsonl	metrics/matched_gold_v2/lexical_and_xcomet_xl/qwen35/gitksan/pdf1_brown/original/shot_cheatsheet_jpg.json	metrics/matched_gold_v2/xcomet_xxl/qwen35/gitksan/pdf1_brown/original/shot_cheatsheet_jpg.json	37	37	complete	True	True	0	0	0	0	0	common99	37	4.764304531538607	22.439689642702717	0.3365637829174867	0.202609602462601
qwen35_gitksan_pdf1_brown_original_shot_cheatsheet_txt	qwen35	Gitksan	pdf1_brown	original	shot	cheatsheet_txt	configs/matched_gold_v2/qwen35_gitksan_pdf1_brown_original_shot_cheatsheet_txt.json	results/matched_gold_v2/qwen35/gitksan/pdf1_brown/original/shot_cheatsheet_txt.jsonl	metrics/matched_gold_v2/lexical_and_xcomet_xl/qwen35/gitksan/pdf1_brown/original/shot_cheatsheet_txt.json	metrics/matched_gold_v2/xcomet_xxl/qwen35/gitksan/pdf1_brown/original/shot_cheatsheet_txt.json	37	37	complete	True	True	0	0	0	0	0	native	37	3.979321408599233	23.689819664703062	0.321556306972697	0.19815743835391225
qwen35_gitksan_pdf1_brown_original_shot_cheatsheet_txt	qwen35	Gitksan	pdf1_brown	original	shot	cheatsheet_txt	configs/matched_gold_v2/qwen35_gitksan_pdf1_brown_original_shot_cheatsheet_txt.json	results/matched_gold_v2/qwen35/gitksan/pdf1_brown/original/shot_cheatsheet_txt.jsonl	metrics/matched_gold_v2/lexical_and_xcomet_xl/qwen35/gitksan/pdf1_brown/original/shot_cheatsheet_txt.json	metrics/matched_gold_v2/xcomet_xxl/qwen35/gitksan/pdf1_brown/original/shot_cheatsheet_txt.json	37	37	complete	True	True	0	0	0	0	0	common99	37	3.979321408599233	23.689819664703062	0.321556306972697	0.19815743835391225
qwen35_gitksan_pdf1_brown_original_shot_pdfpages_impactful_jpg	qwen35	Gitksan	pdf1_brown	original	shot	pdfpages_impactful_jpg	configs/matched_gold_v2/qwen35_gitksan_pdf1_brown_original_shot_pdfpages_impactful_jpg.json	results/matched_gold_v2/qwen35/gitksan/pdf1_brown/original/shot_pdfpages_impactful_jpg.jsonl	metrics/matched_gold_v2/lexical_and_xcomet_xl/qwen35/gitksan/pdf1_brown/original/shot_pdfpages_impactful_jpg.json	metrics/matched_gold_v2/xcomet_xxl/qwen35/gitksan/pdf1_brown/original/shot_pdfpages_impactful_jpg.json	37	37	complete	True	True	0	0	0	0	0	native	37	4.077505180031164	22.53656698465522	0.3545282720714002	0.19854663574212306
qwen35_gitksan_pdf1_brown_original_shot_pdfpages_impactful_jpg	qwen35	Gitksan	pdf1_brown	original	shot	pdfpages_impactful_jpg	configs/matched_gold_v2/qwen35_gitksan_pdf1_brown_original_shot_pdfpages_impactful_jpg.json	results/matched_gold_v2/qwen35/gitksan/pdf1_brown/original/shot_pdfpages_impactful_jpg.jsonl	metrics/matched_gold_v2/lexical_and_xcomet_xl/qwen35/gitksan/pdf1_brown/original/shot_pdfpages_impactful_jpg.json	metrics/matched_gold_v2/xcomet_xxl/qwen35/gitksan/pdf1_brown/original/shot_pdfpages_impactful_jpg.json	37	37	complete	True	True	0	0	0	0	0	common99	37	4.077505180031164	22.53656698465522	0.3545282720714002	0.19854663574212306
qwen35_gitksan_pdf1_brown_original_shot_summary_tables_jpg	qwen35	Gitksan	pdf1_brown	original	shot	summary_tables_jpg	configs/matched_gold_v2/qwen35_gitksan_pdf1_brown_original_shot_summary_tables_jpg.json	results/matched_gold_v2/qwen35/gitksan/pdf1_brown/original/shot_summary_tables_jpg.jsonl	metrics/matched_gold_v2/lexical_and_xcomet_xl/qwen35/gitksan/pdf1_brown/original/shot_summary_tables_jpg.json	metrics/matched_gold_v2/xcomet_xxl/qwen35/gitksan/pdf1_brown/original/shot_summary_tables_jpg.json	37	37	complete	True	True	0	0	0	0	0	native	37	3.5556299071211708	21.916220069474733	0.32652094396384984	0.197198981771598
qwen35_gitksan_pdf1_brown_original_shot_summary_tables_jpg	qwen35	Gitksan	pdf1_brown	original	shot	summary_tables_jpg	configs/matched_gold_v2/qwen35_gitksan_pdf1_brown_original_shot_summary_tables_jpg.json	results/matched_gold_v2/qwen35/gitksan/pdf1_brown/original/shot_summary_tables_jpg.jsonl	metrics/matched_gold_v2/lexical_and_xcomet_xl/qwen35/gitksan/pdf1_brown/original/shot_summary_tables_jpg.json	metrics/matched_gold_v2/xcomet_xxl/qwen35/gitksan/pdf1_brown/original/shot_summary_tables_jpg.json	37	37	complete	True	True	0	0	0	0	0	common99	37	3.5556299071211708	21.916220069474733	0.32652094396384984	0.197198981771598
qwen35_gitksan_pdf1_brown_original_shot_summary_tables_txt	qwen35	Gitksan	pdf1_brown	original	shot	summary_tables_txt	configs/matched_gold_v2/qwen35_gitksan_pdf1_brown_original_shot_summary_tables_txt.json	results/matched_gold_v2/qwen35/gitksan/pdf1_brown/original/shot_summary_tables_txt.jsonl	metrics/matched_gold_v2/lexical_and_xcomet_xl/qwen35/gitksan/pdf1_brown/original/shot_summary_tables_txt.json	metrics/matched_gold_v2/xcomet_xxl/qwen35/gitksan/pdf1_brown/original/shot_summary_tables_txt.json	37	37	complete	True	True	0	0	0	0	0	native	37	4.32943852832491	24.221206922758455	0.3339629177306149	0.18929002212511525
qwen35_gitksan_pdf1_brown_original_shot_summary_tables_txt	qwen35	Gitksan	pdf1_brown	original	shot	summary_tables_txt	configs/matched_gold_v2/qwen35_gitksan_pdf1_brown_original_shot_summary_tables_txt.json	results/matched_gold_v2/qwen35/gitksan/pdf1_brown/original/shot_summary_tables_txt.jsonl	metrics/matched_gold_v2/lexical_and_xcomet_xl/qwen35/gitksan/pdf1_brown/original/shot_summary_tables_txt.json	metrics/matched_gold_v2/xcomet_xxl/qwen35/gitksan/pdf1_brown/original/shot_summary_tables_txt.json	37	37	complete	True	True	0	0	0	0	0	common99	37	4.32943852832491	24.221206922758455	0.3339629177306149	0.18929002212511525
qwen35_gitksan_pdf1_brown_original_shot_summary_text_txt	qwen35	Gitksan	pdf1_brown	original	shot	summary_text_txt	configs/matched_gold_v2/qwen35_gitksan_pdf1_brown_original_shot_summary_text_txt.json	results/matched_gold_v2/qwen35/gitksan/pdf1_brown/original/shot_summary_text_txt.jsonl	metrics/matched_gold_v2/lexical_and_xcomet_xl/qwen35/gitksan/pdf1_brown/original/shot_summary_text_txt.json	metrics/matched_gold_v2/xcomet_xxl/qwen35/gitksan/pdf1_brown/original/shot_summary_text_txt.json	37	37	complete	True	True	0	0	0	0	0	native	37	4.441789105923972	23.57235345980028	0.32320421168933045	0.2036378170187409
qwen35_gitksan_pdf1_brown_original_shot_summary_text_txt	qwen35	Gitksan	pdf1_brown	original	shot	summary_text_txt	configs/matched_gold_v2/qwen35_gitksan_pdf1_brown_original_shot_summary_text_txt.json	results/matched_gold_v2/qwen35/gitksan/pdf1_brown/original/shot_summary_text_txt.jsonl	metrics/matched_gold_v2/lexical_and_xcomet_xl/qwen35/gitksan/pdf1_brown/original/shot_summary_text_txt.json	metrics/matched_gold_v2/xcomet_xxl/qwen35/gitksan/pdf1_brown/original/shot_summary_text_txt.json	37	37	complete	True	True	0	0	0	0	0	common99	37	4.441789105923972	23.57235345980028	0.32320421168933045	0.2036378170187409
qwen35_gitksan_pdf2_rigsby_original_chain_gloss_cheatsheet_jpg	qwen35	Gitksan	pdf2_rigsby	original	chain_gloss	cheatsheet_jpg	configs/matched_gold_v2/qwen35_gitksan_pdf2_rigsby_original_chain_gloss_cheatsheet_jpg.json	results/matched_gold_v2/qwen35/gitksan/pdf2_rigsby/original/chain_gloss_cheatsheet_jpg.jsonl	metrics/matched_gold_v2/lexical_and_xcomet_xl/qwen35/gitksan/pdf2_rigsby/original/chain_gloss_cheatsheet_jpg.json	metrics/matched_gold_v2/xcomet_xxl/qwen35/gitksan/pdf2_rigsby/original/chain_gloss_cheatsheet_jpg.json	37	37	complete	True	True	0	0	0	0	0	native	37	3.7326799416513863	22.34492559059761	0.3441950437184927	0.1664312967174762
qwen35_gitksan_pdf2_rigsby_original_chain_gloss_cheatsheet_jpg	qwen35	Gitksan	pdf2_rigsby	original	chain_gloss	cheatsheet_jpg	configs/matched_gold_v2/qwen35_gitksan_pdf2_rigsby_original_chain_gloss_cheatsheet_jpg.json	results/matched_gold_v2/qwen35/gitksan/pdf2_rigsby/original/chain_gloss_cheatsheet_jpg.jsonl	metrics/matched_gold_v2/lexical_and_xcomet_xl/qwen35/gitksan/pdf2_rigsby/original/chain_gloss_cheatsheet_jpg.json	metrics/matched_gold_v2/xcomet_xxl/qwen35/gitksan/pdf2_rigsby/original/chain_gloss_cheatsheet_jpg.json	37	37	complete	True	True	0	0	0	0	0	common99	37	3.7326799416513863	22.34492559059761	0.3441950437184927	0.1664312967174762
qwen35_gitksan_pdf2_rigsby_original_chain_gloss_cheatsheet_txt	qwen35	Gitksan	pdf2_rigsby	original	chain_gloss	cheatsheet_txt	configs/matched_gold_v2/qwen35_gitksan_pdf2_rigsby_original_chain_gloss_cheatsheet_txt.json	results/matched_gold_v2/qwen35/gitksan/pdf2_rigsby/original/chain_gloss_cheatsheet_txt.jsonl	metrics/matched_gold_v2/lexical_and_xcomet_xl/qwen35/gitksan/pdf2_rigsby/original/chain_gloss_cheatsheet_txt.json	metrics/matched_gold_v2/xcomet_xxl/qwen35/gitksan/pdf2_rigsby/original/chain_gloss_cheatsheet_txt.json	37	37	complete	True	True	0	0	0	0	0	native	37	3.291490644539465	23.946941805417506	0.3249322300827181	0.203289429078231
qwen35_gitksan_pdf2_rigsby_original_chain_gloss_cheatsheet_txt	qwen35	Gitksan	pdf2_rigsby	original	chain_gloss	cheatsheet_txt	configs/matched_gold_v2/qwen35_gitksan_pdf2_rigsby_original_chain_gloss_cheatsheet_txt.json	results/matched_gold_v2/qwen35/gitksan/pdf2_rigsby/original/chain_gloss_cheatsheet_txt.jsonl	metrics/matched_gold_v2/lexical_and_xcomet_xl/qwen35/gitksan/pdf2_rigsby/original/chain_gloss_cheatsheet_txt.json	metrics/matched_gold_v2/xcomet_xxl/qwen35/gitksan/pdf2_rigsby/original/chain_gloss_cheatsheet_txt.json	37	37	complete	True	True	0	0	0	0	0	common99	37	3.291490644539465	23.946941805417506	0.3249322300827181	0.203289429078231
qwen35_gitksan_pdf2_rigsby_original_chain_gloss_pdfpages_impactful_jpg	qwen35	Gitksan	pdf2_rigsby	original	chain_gloss	pdfpages_impactful_jpg	configs/matched_gold_v2/qwen35_gitksan_pdf2_rigsby_original_chain_gloss_pdfpages_impactful_jpg.json	results/matched_gold_v2/qwen35/gitksan/pdf2_rigsby/original/chain_gloss_pdfpages_impactful_jpg.jsonl	metrics/matched_gold_v2/lexical_and_xcomet_xl/qwen35/gitksan/pdf2_rigsby/original/chain_gloss_pdfpages_impactful_jpg.json	metrics/matched_gold_v2/xcomet_xxl/qwen35/gitksan/pdf2_rigsby/original/chain_gloss_pdfpages_impactful_jpg.json	37	37	complete	True	True	1	1	1	0	1	native	37	3.826017090511055	19.468427803160992	0.320878533092705	0.19012513958119057
qwen35_gitksan_pdf2_rigsby_original_chain_gloss_pdfpages_impactful_jpg	qwen35	Gitksan	pdf2_rigsby	original	chain_gloss	pdfpages_impactful_jpg	configs/matched_gold_v2/qwen35_gitksan_pdf2_rigsby_original_chain_gloss_pdfpages_impactful_jpg.json	results/matched_gold_v2/qwen35/gitksan/pdf2_rigsby/original/chain_gloss_pdfpages_impactful_jpg.jsonl	metrics/matched_gold_v2/lexical_and_xcomet_xl/qwen35/gitksan/pdf2_rigsby/original/chain_gloss_pdfpages_impactful_jpg.json	metrics/matched_gold_v2/xcomet_xxl/qwen35/gitksan/pdf2_rigsby/original/chain_gloss_pdfpages_impactful_jpg.json	37	37	complete	True	True	1	1	1	0	1	common99	37	3.826017090511055	19.468427803160992	0.320878533092705	0.19012513958119057
qwen35_gitksan_pdf2_rigsby_original_chain_gloss_summary_tables_jpg	qwen35	Gitksan	pdf2_rigsby	original	chain_gloss	summary_tables_jpg	configs/matched_gold_v2/qwen35_gitksan_pdf2_rigsby_original_chain_gloss_summary_tables_jpg.json	results/matched_gold_v2/qwen35/gitksan/pdf2_rigsby/original/chain_gloss_summary_tables_jpg.jsonl	metrics/matched_gold_v2/lexical_and_xcomet_xl/qwen35/gitksan/pdf2_rigsby/original/chain_gloss_summary_tables_jpg.json	metrics/matched_gold_v2/xcomet_xxl/qwen35/gitksan/pdf2_rigsby/original/chain_gloss_summary_tables_jpg.json	37	37	complete	True	True	1	1	1	0	1	native	37	3.49896406927567	20.710672742917026	0.3290622685406659	0.1724948077588468
qwen35_gitksan_pdf2_rigsby_original_chain_gloss_summary_tables_jpg	qwen35	Gitksan	pdf2_rigsby	original	chain_gloss	summary_tables_jpg	configs/matched_gold_v2/qwen35_gitksan_pdf2_rigsby_original_chain_gloss_summary_tables_jpg.json	results/matched_gold_v2/qwen35/gitksan/pdf2_rigsby/original/chain_gloss_summary_tables_jpg.jsonl	metrics/matched_gold_v2/lexical_and_xcomet_xl/qwen35/gitksan/pdf2_rigsby/original/chain_gloss_summary_tables_jpg.json	metrics/matched_gold_v2/xcomet_xxl/qwen35/gitksan/pdf2_rigsby/original/chain_gloss_summary_tables_jpg.json	37	37	complete	True	True	1	1	1	0	1	common99	37	3.49896406927567	20.710672742917026	0.3290622685406659	0.1724948077588468
qwen35_gitksan_pdf2_rigsby_original_chain_gloss_summary_tables_txt	qwen35	Gitksan	pdf2_rigsby	original	chain_gloss	summary_tables_txt	configs/matched_gold_v2/qwen35_gitksan_pdf2_rigsby_original_chain_gloss_summary_tables_txt.json	results/matched_gold_v2/qwen35/gitksan/pdf2_rigsby/original/chain_gloss_summary_tables_txt.jsonl	metrics/matched_gold_v2/lexical_and_xcomet_xl/qwen35/gitksan/pdf2_rigsby/original/chain_gloss_summary_tables_txt.json	metrics/matched_gold_v2/xcomet_xxl/qwen35/gitksan/pdf2_rigsby/original/chain_gloss_summary_tables_txt.json	37	37	complete	True	True	1	1	0	0	1	native	37	4.122447347691251	24.552858994652667	0.34215370787156596	0.19502180170368505
qwen35_gitksan_pdf2_rigsby_original_chain_gloss_summary_tables_txt	qwen35	Gitksan	pdf2_rigsby	original	chain_gloss	summary_tables_txt	configs/matched_gold_v2/qwen35_gitksan_pdf2_rigsby_original_chain_gloss_summary_tables_txt.json	results/matched_gold_v2/qwen35/gitksan/pdf2_rigsby/original/chain_gloss_summary_tables_txt.jsonl	metrics/matched_gold_v2/lexical_and_xcomet_xl/qwen35/gitksan/pdf2_rigsby/original/chain_gloss_summary_tables_txt.json	metrics/matched_gold_v2/xcomet_xxl/qwen35/gitksan/pdf2_rigsby/original/chain_gloss_summary_tables_txt.json	37	37	complete	True	True	1	1	0	0	1	common99	37	4.122447347691251	24.552858994652667	0.34215370787156596	0.19502180170368505
qwen35_gitksan_pdf2_rigsby_original_chain_gloss_summary_text_txt	qwen35	Gitksan	pdf2_rigsby	original	chain_gloss	summary_text_txt	configs/matched_gold_v2/qwen35_gitksan_pdf2_rigsby_original_chain_gloss_summary_text_txt.json	results/matched_gold_v2/qwen35/gitksan/pdf2_rigsby/original/chain_gloss_summary_text_txt.jsonl	metrics/matched_gold_v2/lexical_and_xcomet_xl/qwen35/gitksan/pdf2_rigsby/original/chain_gloss_summary_text_txt.json	metrics/matched_gold_v2/xcomet_xxl/qwen35/gitksan/pdf2_rigsby/original/chain_gloss_summary_text_txt.json	37	37	complete	True	True	0	0	0	0	0	native	37	3.7238500616870325	22.933795110828086	0.30591218858151825	0.18231179323550817
qwen35_gitksan_pdf2_rigsby_original_chain_gloss_summary_text_txt	qwen35	Gitksan	pdf2_rigsby	original	chain_gloss	summary_text_txt	configs/matched_gold_v2/qwen35_gitksan_pdf2_rigsby_original_chain_gloss_summary_text_txt.json	results/matched_gold_v2/qwen35/gitksan/pdf2_rigsby/original/chain_gloss_summary_text_txt.jsonl	metrics/matched_gold_v2/lexical_and_xcomet_xl/qwen35/gitksan/pdf2_rigsby/original/chain_gloss_summary_text_txt.json	metrics/matched_gold_v2/xcomet_xxl/qwen35/gitksan/pdf2_rigsby/original/chain_gloss_summary_text_txt.json	37	37	complete	True	True	0	0	0	0	0	common99	37	3.7238500616870325	22.933795110828086	0.30591218858151825	0.18231179323550817
qwen35_gitksan_pdf2_rigsby_original_modelgloss_cheatsheet_jpg	qwen35	Gitksan	pdf2_rigsby	original	modelgloss	cheatsheet_jpg	configs/matched_gold_v2/qwen35_gitksan_pdf2_rigsby_original_modelgloss_cheatsheet_jpg.json	results/matched_gold_v2/qwen35/gitksan/pdf2_rigsby/original/modelgloss_cheatsheet_jpg.jsonl	metrics/matched_gold_v2/lexical_and_xcomet_xl/qwen35/gitksan/pdf2_rigsby/original/modelgloss_cheatsheet_jpg.json	metrics/matched_gold_v2/xcomet_xxl/qwen35/gitksan/pdf2_rigsby/original/modelgloss_cheatsheet_jpg.json	37	37	complete	True	True	0	0	0	0	0	native	37	14.382751803131864	45.19858529309676	0.57322654852996	0.4530824148977125
qwen35_gitksan_pdf2_rigsby_original_modelgloss_cheatsheet_jpg	qwen35	Gitksan	pdf2_rigsby	original	modelgloss	cheatsheet_jpg	configs/matched_gold_v2/qwen35_gitksan_pdf2_rigsby_original_modelgloss_cheatsheet_jpg.json	results/matched_gold_v2/qwen35/gitksan/pdf2_rigsby/original/modelgloss_cheatsheet_jpg.jsonl	metrics/matched_gold_v2/lexical_and_xcomet_xl/qwen35/gitksan/pdf2_rigsby/original/modelgloss_cheatsheet_jpg.json	metrics/matched_gold_v2/xcomet_xxl/qwen35/gitksan/pdf2_rigsby/original/modelgloss_cheatsheet_jpg.json	37	37	complete	True	True	0	0	0	0	0	common99	37	14.382751803131864	45.19858529309676	0.57322654852996	0.4530824148977125
qwen35_gitksan_pdf2_rigsby_original_modelgloss_cheatsheet_txt	qwen35	Gitksan	pdf2_rigsby	original	modelgloss	cheatsheet_txt	configs/matched_gold_v2/qwen35_gitksan_pdf2_rigsby_original_modelgloss_cheatsheet_txt.json	results/matched_gold_v2/qwen35/gitksan/pdf2_rigsby/original/modelgloss_cheatsheet_txt.jsonl	metrics/matched_gold_v2/lexical_and_xcomet_xl/qwen35/gitksan/pdf2_rigsby/original/modelgloss_cheatsheet_txt.json	metrics/matched_gold_v2/xcomet_xxl/qwen35/gitksan/pdf2_rigsby/original/modelgloss_cheatsheet_txt.json	37	37	complete	True	True	0	0	0	0	0	native	37	18.208812193411468	47.81080916482565	0.617203820396114	0.45011067068254623
qwen35_gitksan_pdf2_rigsby_original_modelgloss_cheatsheet_txt	qwen35	Gitksan	pdf2_rigsby	original	modelgloss	cheatsheet_txt	configs/matched_gold_v2/qwen35_gitksan_pdf2_rigsby_original_modelgloss_cheatsheet_txt.json	results/matched_gold_v2/qwen35/gitksan/pdf2_rigsby/original/modelgloss_cheatsheet_txt.jsonl	metrics/matched_gold_v2/lexical_and_xcomet_xl/qwen35/gitksan/pdf2_rigsby/original/modelgloss_cheatsheet_txt.json	metrics/matched_gold_v2/xcomet_xxl/qwen35/gitksan/pdf2_rigsby/original/modelgloss_cheatsheet_txt.json	37	37	complete	True	True	0	0	0	0	0	common99	37	18.208812193411468	47.81080916482565	0.617203820396114	0.45011067068254623
qwen35_gitksan_pdf2_rigsby_original_modelgloss_pdfpages_impactful_jpg	qwen35	Gitksan	pdf2_rigsby	original	modelgloss	pdfpages_impactful_jpg	configs/matched_gold_v2/qwen35_gitksan_pdf2_rigsby_original_modelgloss_pdfpages_impactful_jpg.json	results/matched_gold_v2/qwen35/gitksan/pdf2_rigsby/original/modelgloss_pdfpages_impactful_jpg.jsonl	metrics/matched_gold_v2/lexical_and_xcomet_xl/qwen35/gitksan/pdf2_rigsby/original/modelgloss_pdfpages_impactful_jpg.json	metrics/matched_gold_v2/xcomet_xxl/qwen35/gitksan/pdf2_rigsby/original/modelgloss_pdfpages_impactful_jpg.json	37	37	complete	True	True	0	0	0	0	0	native	37	18.009475806904682	46.49522575057741	0.5719607959727984	0.4360873956938048
qwen35_gitksan_pdf2_rigsby_original_modelgloss_pdfpages_impactful_jpg	qwen35	Gitksan	pdf2_rigsby	original	modelgloss	pdfpages_impactful_jpg	configs/matched_gold_v2/qwen35_gitksan_pdf2_rigsby_original_modelgloss_pdfpages_impactful_jpg.json	results/matched_gold_v2/qwen35/gitksan/pdf2_rigsby/original/modelgloss_pdfpages_impactful_jpg.jsonl	metrics/matched_gold_v2/lexical_and_xcomet_xl/qwen35/gitksan/pdf2_rigsby/original/modelgloss_pdfpages_impactful_jpg.json	metrics/matched_gold_v2/xcomet_xxl/qwen35/gitksan/pdf2_rigsby/original/modelgloss_pdfpages_impactful_jpg.json	37	37	complete	True	True	0	0	0	0	0	common99	37	18.009475806904682	46.49522575057741	0.5719607959727984	0.4360873956938048
qwen35_gitksan_pdf2_rigsby_original_modelgloss_summary_tables_jpg	qwen35	Gitksan	pdf2_rigsby	original	modelgloss	summary_tables_jpg	configs/matched_gold_v2/qwen35_gitksan_pdf2_rigsby_original_modelgloss_summary_tables_jpg.json	results/matched_gold_v2/qwen35/gitksan/pdf2_rigsby/original/modelgloss_summary_tables_jpg.jsonl	metrics/matched_gold_v2/lexical_and_xcomet_xl/qwen35/gitksan/pdf2_rigsby/original/modelgloss_summary_tables_jpg.json	metrics/matched_gold_v2/xcomet_xxl/qwen35/gitksan/pdf2_rigsby/original/modelgloss_summary_tables_jpg.json	37	37	complete	True	True	0	0	0	0	0	native	37	18.066542747157673	47.26538742126953	0.5836390442139393	0.46342967088158066
qwen35_gitksan_pdf2_rigsby_original_modelgloss_summary_tables_jpg	qwen35	Gitksan	pdf2_rigsby	original	modelgloss	summary_tables_jpg	configs/matched_gold_v2/qwen35_gitksan_pdf2_rigsby_original_modelgloss_summary_tables_jpg.json	results/matched_gold_v2/qwen35/gitksan/pdf2_rigsby/original/modelgloss_summary_tables_jpg.jsonl	metrics/matched_gold_v2/lexical_and_xcomet_xl/qwen35/gitksan/pdf2_rigsby/original/modelgloss_summary_tables_jpg.json	metrics/matched_gold_v2/xcomet_xxl/qwen35/gitksan/pdf2_rigsby/original/modelgloss_summary_tables_jpg.json	37	37	complete	True	True	0	0	0	0	0	common99	37	18.066542747157673	47.26538742126953	0.5836390442139393	0.46342967088158066
qwen35_gitksan_pdf2_rigsby_original_modelgloss_summary_tables_txt	qwen35	Gitksan	pdf2_rigsby	original	modelgloss	summary_tables_txt	configs/matched_gold_v2/qwen35_gitksan_pdf2_rigsby_original_modelgloss_summary_tables_txt.json	results/matched_gold_v2/qwen35/gitksan/pdf2_rigsby/original/modelgloss_summary_tables_txt.jsonl	metrics/matched_gold_v2/lexical_and_xcomet_xl/qwen35/gitksan/pdf2_rigsby/original/modelgloss_summary_tables_txt.json	metrics/matched_gold_v2/xcomet_xxl/qwen35/gitksan/pdf2_rigsby/original/modelgloss_summary_tables_txt.json	37	37	complete	True	True	0	0	0	0	0	native	37	18.934467631708834	48.19432696451261	0.6158362933107324	0.4515409654862172
qwen35_gitksan_pdf2_rigsby_original_modelgloss_summary_tables_txt	qwen35	Gitksan	pdf2_rigsby	original	modelgloss	summary_tables_txt	configs/matched_gold_v2/qwen35_gitksan_pdf2_rigsby_original_modelgloss_summary_tables_txt.json	results/matched_gold_v2/qwen35/gitksan/pdf2_rigsby/original/modelgloss_summary_tables_txt.jsonl	metrics/matched_gold_v2/lexical_and_xcomet_xl/qwen35/gitksan/pdf2_rigsby/original/modelgloss_summary_tables_txt.json	metrics/matched_gold_v2/xcomet_xxl/qwen35/gitksan/pdf2_rigsby/original/modelgloss_summary_tables_txt.json	37	37	complete	True	True	0	0	0	0	0	common99	37	18.934467631708834	48.19432696451261	0.6158362933107324	0.4515409654862172
qwen35_gitksan_pdf2_rigsby_original_modelgloss_summary_text_txt	qwen35	Gitksan	pdf2_rigsby	original	modelgloss	summary_text_txt	configs/matched_gold_v2/qwen35_gitksan_pdf2_rigsby_original_modelgloss_summary_text_txt.json	results/matched_gold_v2/qwen35/gitksan/pdf2_rigsby/original/modelgloss_summary_text_txt.jsonl	metrics/matched_gold_v2/lexical_and_xcomet_xl/qwen35/gitksan/pdf2_rigsby/original/modelgloss_summary_text_txt.json	metrics/matched_gold_v2/xcomet_xxl/qwen35/gitksan/pdf2_rigsby/original/modelgloss_summary_text_txt.json	37	37	complete	True	True	0	0	0	0	0	native	37	21.251668163049562	49.37952204000283	0.5743100469982302	0.45032202069823807
qwen35_gitksan_pdf2_rigsby_original_modelgloss_summary_text_txt	qwen35	Gitksan	pdf2_rigsby	original	modelgloss	summary_text_txt	configs/matched_gold_v2/qwen35_gitksan_pdf2_rigsby_original_modelgloss_summary_text_txt.json	results/matched_gold_v2/qwen35/gitksan/pdf2_rigsby/original/modelgloss_summary_text_txt.jsonl	metrics/matched_gold_v2/lexical_and_xcomet_xl/qwen35/gitksan/pdf2_rigsby/original/modelgloss_summary_text_txt.json	metrics/matched_gold_v2/xcomet_xxl/qwen35/gitksan/pdf2_rigsby/original/modelgloss_summary_text_txt.json	37	37	complete	True	True	0	0	0	0	0	common99	37	21.251668163049562	49.37952204000283	0.5743100469982302	0.45032202069823807
qwen35_gitksan_pdf2_rigsby_original_shot_cheatsheet_jpg	qwen35	Gitksan	pdf2_rigsby	original	shot	cheatsheet_jpg	configs/matched_gold_v2/qwen35_gitksan_pdf2_rigsby_original_shot_cheatsheet_jpg.json	results/matched_gold_v2/qwen35/gitksan/pdf2_rigsby/original/shot_cheatsheet_jpg.jsonl	metrics/matched_gold_v2/lexical_and_xcomet_xl/qwen35/gitksan/pdf2_rigsby/original/shot_cheatsheet_jpg.json	metrics/matched_gold_v2/xcomet_xxl/qwen35/gitksan/pdf2_rigsby/original/shot_cheatsheet_jpg.json	37	37	complete	True	True	0	0	0	0	0	native	37	3.8800851696627996	21.65692806191915	0.3191130209613491	0.18796987569815404
qwen35_gitksan_pdf2_rigsby_original_shot_cheatsheet_jpg	qwen35	Gitksan	pdf2_rigsby	original	shot	cheatsheet_jpg	configs/matched_gold_v2/qwen35_gitksan_pdf2_rigsby_original_shot_cheatsheet_jpg.json	results/matched_gold_v2/qwen35/gitksan/pdf2_rigsby/original/shot_cheatsheet_jpg.jsonl	metrics/matched_gold_v2/lexical_and_xcomet_xl/qwen35/gitksan/pdf2_rigsby/original/shot_cheatsheet_jpg.json	metrics/matched_gold_v2/xcomet_xxl/qwen35/gitksan/pdf2_rigsby/original/shot_cheatsheet_jpg.json	37	37	complete	True	True	0	0	0	0	0	common99	37	3.8800851696627996	21.65692806191915	0.3191130209613491	0.18796987569815404
qwen35_gitksan_pdf2_rigsby_original_shot_cheatsheet_txt	qwen35	Gitksan	pdf2_rigsby	original	shot	cheatsheet_txt	configs/matched_gold_v2/qwen35_gitksan_pdf2_rigsby_original_shot_cheatsheet_txt.json	results/matched_gold_v2/qwen35/gitksan/pdf2_rigsby/original/shot_cheatsheet_txt.jsonl	metrics/matched_gold_v2/lexical_and_xcomet_xl/qwen35/gitksan/pdf2_rigsby/original/shot_cheatsheet_txt.json	metrics/matched_gold_v2/xcomet_xxl/qwen35/gitksan/pdf2_rigsby/original/shot_cheatsheet_txt.json	37	37	complete	True	True	0	0	0	0	0	native	37	4.215233499897761	23.85360962280459	0.31344951769790136	0.18873068428522832
qwen35_gitksan_pdf2_rigsby_original_shot_cheatsheet_txt	qwen35	Gitksan	pdf2_rigsby	original	shot	cheatsheet_txt	configs/matched_gold_v2/qwen35_gitksan_pdf2_rigsby_original_shot_cheatsheet_txt.json	results/matched_gold_v2/qwen35/gitksan/pdf2_rigsby/original/shot_cheatsheet_txt.jsonl	metrics/matched_gold_v2/lexical_and_xcomet_xl/qwen35/gitksan/pdf2_rigsby/original/shot_cheatsheet_txt.json	metrics/matched_gold_v2/xcomet_xxl/qwen35/gitksan/pdf2_rigsby/original/shot_cheatsheet_txt.json	37	37	complete	True	True	0	0	0	0	0	common99	37	4.215233499897761	23.85360962280459	0.31344951769790136	0.18873068428522832
qwen35_gitksan_pdf2_rigsby_original_shot_pdfpages_impactful_jpg	qwen35	Gitksan	pdf2_rigsby	original	shot	pdfpages_impactful_jpg	configs/matched_gold_v2/qwen35_gitksan_pdf2_rigsby_original_shot_pdfpages_impactful_jpg.json	results/matched_gold_v2/qwen35/gitksan/pdf2_rigsby/original/shot_pdfpages_impactful_jpg.jsonl	metrics/matched_gold_v2/lexical_and_xcomet_xl/qwen35/gitksan/pdf2_rigsby/original/shot_pdfpages_impactful_jpg.json	metrics/matched_gold_v2/xcomet_xxl/qwen35/gitksan/pdf2_rigsby/original/shot_pdfpages_impactful_jpg.json	37	37	complete	True	True	0	0	0	0	0	native	37	4.334980211115222	22.508818410592497	0.34707088204654485	0.18711824574180552
qwen35_gitksan_pdf2_rigsby_original_shot_pdfpages_impactful_jpg	qwen35	Gitksan	pdf2_rigsby	original	shot	pdfpages_impactful_jpg	configs/matched_gold_v2/qwen35_gitksan_pdf2_rigsby_original_shot_pdfpages_impactful_jpg.json	results/matched_gold_v2/qwen35/gitksan/pdf2_rigsby/original/shot_pdfpages_impactful_jpg.jsonl	metrics/matched_gold_v2/lexical_and_xcomet_xl/qwen35/gitksan/pdf2_rigsby/original/shot_pdfpages_impactful_jpg.json	metrics/matched_gold_v2/xcomet_xxl/qwen35/gitksan/pdf2_rigsby/original/shot_pdfpages_impactful_jpg.json	37	37	complete	True	True	0	0	0	0	0	common99	37	4.334980211115222	22.508818410592497	0.34707088204654485	0.18711824574180552
qwen35_gitksan_pdf2_rigsby_original_shot_summary_tables_jpg	qwen35	Gitksan	pdf2_rigsby	original	shot	summary_tables_jpg	configs/matched_gold_v2/qwen35_gitksan_pdf2_rigsby_original_shot_summary_tables_jpg.json	results/matched_gold_v2/qwen35/gitksan/pdf2_rigsby/original/shot_summary_tables_jpg.jsonl	metrics/matched_gold_v2/lexical_and_xcomet_xl/qwen35/gitksan/pdf2_rigsby/original/shot_summary_tables_jpg.json	metrics/matched_gold_v2/xcomet_xxl/qwen35/gitksan/pdf2_rigsby/original/shot_summary_tables_jpg.json	37	37	complete	True	True	0	0	0	0	0	native	37	4.441748885420486	22.319169961351832	0.3334990047119759	0.19064736466955495
qwen35_gitksan_pdf2_rigsby_original_shot_summary_tables_jpg	qwen35	Gitksan	pdf2_rigsby	original	shot	summary_tables_jpg	configs/matched_gold_v2/qwen35_gitksan_pdf2_rigsby_original_shot_summary_tables_jpg.json	results/matched_gold_v2/qwen35/gitksan/pdf2_rigsby/original/shot_summary_tables_jpg.jsonl	metrics/matched_gold_v2/lexical_and_xcomet_xl/qwen35/gitksan/pdf2_rigsby/original/shot_summary_tables_jpg.json	metrics/matched_gold_v2/xcomet_xxl/qwen35/gitksan/pdf2_rigsby/original/shot_summary_tables_jpg.json	37	37	complete	True	True	0	0	0	0	0	common99	37	4.441748885420486	22.319169961351832	0.3334990047119759	0.19064736466955495
qwen35_gitksan_pdf2_rigsby_original_shot_summary_tables_txt	qwen35	Gitksan	pdf2_rigsby	original	shot	summary_tables_txt	configs/matched_gold_v2/qwen35_gitksan_pdf2_rigsby_original_shot_summary_tables_txt.json	results/matched_gold_v2/qwen35/gitksan/pdf2_rigsby/original/shot_summary_tables_txt.jsonl	metrics/matched_gold_v2/lexical_and_xcomet_xl/qwen35/gitksan/pdf2_rigsby/original/shot_summary_tables_txt.json	metrics/matched_gold_v2/xcomet_xxl/qwen35/gitksan/pdf2_rigsby/original/shot_summary_tables_txt.json	37	37	complete	True	True	0	0	0	0	0	native	37	3.832036410441451	24.16376377024919	0.32696219513545166	0.1938935488059714
qwen35_gitksan_pdf2_rigsby_original_shot_summary_tables_txt	qwen35	Gitksan	pdf2_rigsby	original	shot	summary_tables_txt	configs/matched_gold_v2/qwen35_gitksan_pdf2_rigsby_original_shot_summary_tables_txt.json	results/matched_gold_v2/qwen35/gitksan/pdf2_rigsby/original/shot_summary_tables_txt.jsonl	metrics/matched_gold_v2/lexical_and_xcomet_xl/qwen35/gitksan/pdf2_rigsby/original/shot_summary_tables_txt.json	metrics/matched_gold_v2/xcomet_xxl/qwen35/gitksan/pdf2_rigsby/original/shot_summary_tables_txt.json	37	37	complete	True	True	0	0	0	0	0	common99	37	3.832036410441451	24.16376377024919	0.32696219513545166	0.1938935488059714
qwen35_gitksan_pdf2_rigsby_original_shot_summary_text_txt	qwen35	Gitksan	pdf2_rigsby	original	shot	summary_text_txt	configs/matched_gold_v2/qwen35_gitksan_pdf2_rigsby_original_shot_summary_text_txt.json	results/matched_gold_v2/qwen35/gitksan/pdf2_rigsby/original/shot_summary_text_txt.jsonl	metrics/matched_gold_v2/lexical_and_xcomet_xl/qwen35/gitksan/pdf2_rigsby/original/shot_summary_text_txt.json	metrics/matched_gold_v2/xcomet_xxl/qwen35/gitksan/pdf2_rigsby/original/shot_summary_text_txt.json	37	37	complete	True	True	0	0	0	0	0	native	37	4.734965435824284	24.093005903243498	0.32320165634155273	0.19850321174473376
qwen35_gitksan_pdf2_rigsby_original_shot_summary_text_txt	qwen35	Gitksan	pdf2_rigsby	original	shot	summary_text_txt	configs/matched_gold_v2/qwen35_gitksan_pdf2_rigsby_original_shot_summary_text_txt.json	results/matched_gold_v2/qwen35/gitksan/pdf2_rigsby/original/shot_summary_text_txt.jsonl	metrics/matched_gold_v2/lexical_and_xcomet_xl/qwen35/gitksan/pdf2_rigsby/original/shot_summary_text_txt.json	metrics/matched_gold_v2/xcomet_xxl/qwen35/gitksan/pdf2_rigsby/original/shot_summary_text_txt.json	37	37	complete	True	True	0	0	0	0	0	common99	37	4.734965435824284	24.093005903243498	0.32320165634155273	0.19850321174473376
qwen35_lezgi_grammar_cyrillic_chain_gloss_cheatsheet_jpg	qwen35	Lezgi	grammar	cyrillic	chain_gloss	cheatsheet_jpg	configs/matched_gold_v2/qwen35_lezgi_grammar_cyrillic_chain_gloss_cheatsheet_jpg.json	results/matched_gold_v2/qwen35/lezgi/grammar/cyrillic/chain_gloss_cheatsheet_jpg.jsonl	metrics/matched_gold_v2/lexical_and_xcomet_xl/qwen35/lezgi/grammar/cyrillic/chain_gloss_cheatsheet_jpg.json	metrics/matched_gold_v2/xcomet_xxl/qwen35/lezgi/grammar/cyrillic/chain_gloss_cheatsheet_jpg.json	87	87	complete	True	True	0	0	0	0	0	native	87	5.495092980131532	22.756686131749248	0.3875420941361066	0.19689254137291307
qwen35_lezgi_grammar_cyrillic_chain_gloss_cheatsheet_jpg	qwen35	Lezgi	grammar	cyrillic	chain_gloss	cheatsheet_jpg	configs/matched_gold_v2/qwen35_lezgi_grammar_cyrillic_chain_gloss_cheatsheet_jpg.json	results/matched_gold_v2/qwen35/lezgi/grammar/cyrillic/chain_gloss_cheatsheet_jpg.jsonl	metrics/matched_gold_v2/lexical_and_xcomet_xl/qwen35/lezgi/grammar/cyrillic/chain_gloss_cheatsheet_jpg.json	metrics/matched_gold_v2/xcomet_xxl/qwen35/lezgi/grammar/cyrillic/chain_gloss_cheatsheet_jpg.json	87	87	complete	True	True	0	0	0	0	0	common99	87	5.495092980131532	22.756686131749248	0.3875420941361066	0.19689254137291307
qwen35_lezgi_grammar_cyrillic_chain_gloss_cheatsheet_txt	qwen35	Lezgi	grammar	cyrillic	chain_gloss	cheatsheet_txt	configs/matched_gold_v2/qwen35_lezgi_grammar_cyrillic_chain_gloss_cheatsheet_txt.json	results/matched_gold_v2/qwen35/lezgi/grammar/cyrillic/chain_gloss_cheatsheet_txt.jsonl	metrics/matched_gold_v2/lexical_and_xcomet_xl/qwen35/lezgi/grammar/cyrillic/chain_gloss_cheatsheet_txt.json	metrics/matched_gold_v2/xcomet_xxl/qwen35/lezgi/grammar/cyrillic/chain_gloss_cheatsheet_txt.json	87	87	complete	True	True	0	0	0	0	0	native	87	4.333640018640287	24.445455130856423	0.37412007975167244	0.20523057269981537
qwen35_lezgi_grammar_cyrillic_chain_gloss_cheatsheet_txt	qwen35	Lezgi	grammar	cyrillic	chain_gloss	cheatsheet_txt	configs/matched_gold_v2/qwen35_lezgi_grammar_cyrillic_chain_gloss_cheatsheet_txt.json	results/matched_gold_v2/qwen35/lezgi/grammar/cyrillic/chain_gloss_cheatsheet_txt.jsonl	metrics/matched_gold_v2/lexical_and_xcomet_xl/qwen35/lezgi/grammar/cyrillic/chain_gloss_cheatsheet_txt.json	metrics/matched_gold_v2/xcomet_xxl/qwen35/lezgi/grammar/cyrillic/chain_gloss_cheatsheet_txt.json	87	87	complete	True	True	0	0	0	0	0	common99	87	4.333640018640287	24.445455130856423	0.37412007975167244	0.20523057269981537
qwen35_lezgi_grammar_cyrillic_chain_gloss_summary_tables_jpg	qwen35	Lezgi	grammar	cyrillic	chain_gloss	summary_tables_jpg	configs/matched_gold_v2/qwen35_lezgi_grammar_cyrillic_chain_gloss_summary_tables_jpg.json	results/matched_gold_v2/qwen35/lezgi/grammar/cyrillic/chain_gloss_summary_tables_jpg.jsonl	metrics/matched_gold_v2/lexical_and_xcomet_xl/qwen35/lezgi/grammar/cyrillic/chain_gloss_summary_tables_jpg.json	metrics/matched_gold_v2/xcomet_xxl/qwen35/lezgi/grammar/cyrillic/chain_gloss_summary_tables_jpg.json	87	87	complete	True	True	0	0	0	0	0	native	87	7.2834174336188555	25.055723714079097	0.40105199454159574	0.19839977755628782
qwen35_lezgi_grammar_cyrillic_chain_gloss_summary_tables_jpg	qwen35	Lezgi	grammar	cyrillic	chain_gloss	summary_tables_jpg	configs/matched_gold_v2/qwen35_lezgi_grammar_cyrillic_chain_gloss_summary_tables_jpg.json	results/matched_gold_v2/qwen35/lezgi/grammar/cyrillic/chain_gloss_summary_tables_jpg.jsonl	metrics/matched_gold_v2/lexical_and_xcomet_xl/qwen35/lezgi/grammar/cyrillic/chain_gloss_summary_tables_jpg.json	metrics/matched_gold_v2/xcomet_xxl/qwen35/lezgi/grammar/cyrillic/chain_gloss_summary_tables_jpg.json	87	87	complete	True	True	0	0	0	0	0	common99	87	7.2834174336188555	25.055723714079097	0.40105199454159574	0.19839977755628782
qwen35_lezgi_grammar_cyrillic_chain_gloss_summary_tables_txt	qwen35	Lezgi	grammar	cyrillic	chain_gloss	summary_tables_txt	configs/matched_gold_v2/qwen35_lezgi_grammar_cyrillic_chain_gloss_summary_tables_txt.json	results/matched_gold_v2/qwen35/lezgi/grammar/cyrillic/chain_gloss_summary_tables_txt.jsonl	metrics/matched_gold_v2/lexical_and_xcomet_xl/qwen35/lezgi/grammar/cyrillic/chain_gloss_summary_tables_txt.json	metrics/matched_gold_v2/xcomet_xxl/qwen35/lezgi/grammar/cyrillic/chain_gloss_summary_tables_txt.json	87	87	complete	True	True	0	0	0	0	0	native	87	4.536345585917752	24.246273982083906	0.3845559982047684	0.20225311378980504
qwen35_lezgi_grammar_cyrillic_chain_gloss_summary_tables_txt	qwen35	Lezgi	grammar	cyrillic	chain_gloss	summary_tables_txt	configs/matched_gold_v2/qwen35_lezgi_grammar_cyrillic_chain_gloss_summary_tables_txt.json	results/matched_gold_v2/qwen35/lezgi/grammar/cyrillic/chain_gloss_summary_tables_txt.jsonl	metrics/matched_gold_v2/lexical_and_xcomet_xl/qwen35/lezgi/grammar/cyrillic/chain_gloss_summary_tables_txt.json	metrics/matched_gold_v2/xcomet_xxl/qwen35/lezgi/grammar/cyrillic/chain_gloss_summary_tables_txt.json	87	87	complete	True	True	0	0	0	0	0	common99	87	4.536345585917752	24.246273982083906	0.3845559982047684	0.20225311378980504
qwen35_lezgi_grammar_cyrillic_chain_gloss_summary_text_txt	qwen35	Lezgi	grammar	cyrillic	chain_gloss	summary_text_txt	configs/matched_gold_v2/qwen35_lezgi_grammar_cyrillic_chain_gloss_summary_text_txt.json	results/matched_gold_v2/qwen35/lezgi/grammar/cyrillic/chain_gloss_summary_text_txt.jsonl	metrics/matched_gold_v2/lexical_and_xcomet_xl/qwen35/lezgi/grammar/cyrillic/chain_gloss_summary_text_txt.json	metrics/matched_gold_v2/xcomet_xxl/qwen35/lezgi/grammar/cyrillic/chain_gloss_summary_text_txt.json	87	87	complete	True	True	0	0	0	0	0	native	87	5.439095601147324	23.932267598890324	0.38513482952940054	0.20131105116043968
qwen35_lezgi_grammar_cyrillic_chain_gloss_summary_text_txt	qwen35	Lezgi	grammar	cyrillic	chain_gloss	summary_text_txt	configs/matched_gold_v2/qwen35_lezgi_grammar_cyrillic_chain_gloss_summary_text_txt.json	results/matched_gold_v2/qwen35/lezgi/grammar/cyrillic/chain_gloss_summary_text_txt.jsonl	metrics/matched_gold_v2/lexical_and_xcomet_xl/qwen35/lezgi/grammar/cyrillic/chain_gloss_summary_text_txt.json	metrics/matched_gold_v2/xcomet_xxl/qwen35/lezgi/grammar/cyrillic/chain_gloss_summary_text_txt.json	87	87	complete	True	True	0	0	0	0	0	common99	87	5.439095601147324	23.932267598890324	0.38513482952940054	0.20131105116043968
qwen35_lezgi_grammar_cyrillic_modelgloss_cheatsheet_jpg	qwen35	Lezgi	grammar	cyrillic	modelgloss	cheatsheet_jpg	configs/matched_gold_v2/qwen35_lezgi_grammar_cyrillic_modelgloss_cheatsheet_jpg.json	results/matched_gold_v2/qwen35/lezgi/grammar/cyrillic/modelgloss_cheatsheet_jpg.jsonl	metrics/matched_gold_v2/lexical_and_xcomet_xl/qwen35/lezgi/grammar/cyrillic/modelgloss_cheatsheet_jpg.json	metrics/matched_gold_v2/xcomet_xxl/qwen35/lezgi/grammar/cyrillic/modelgloss_cheatsheet_jpg.json	87	87	complete	True	True	0	0	0	0	0	native	87	12.416005765657836	37.06778894899171	0.5319113817023134	0.3535826758577906
qwen35_lezgi_grammar_cyrillic_modelgloss_cheatsheet_jpg	qwen35	Lezgi	grammar	cyrillic	modelgloss	cheatsheet_jpg	configs/matched_gold_v2/qwen35_lezgi_grammar_cyrillic_modelgloss_cheatsheet_jpg.json	results/matched_gold_v2/qwen35/lezgi/grammar/cyrillic/modelgloss_cheatsheet_jpg.jsonl	metrics/matched_gold_v2/lexical_and_xcomet_xl/qwen35/lezgi/grammar/cyrillic/modelgloss_cheatsheet_jpg.json	metrics/matched_gold_v2/xcomet_xxl/qwen35/lezgi/grammar/cyrillic/modelgloss_cheatsheet_jpg.json	87	87	complete	True	True	0	0	0	0	0	common99	87	12.416005765657836	37.06778894899171	0.5319113817023134	0.3535826758577906
qwen35_lezgi_grammar_cyrillic_modelgloss_cheatsheet_txt	qwen35	Lezgi	grammar	cyrillic	modelgloss	cheatsheet_txt	configs/matched_gold_v2/qwen35_lezgi_grammar_cyrillic_modelgloss_cheatsheet_txt.json	results/matched_gold_v2/qwen35/lezgi/grammar/cyrillic/modelgloss_cheatsheet_txt.jsonl	metrics/matched_gold_v2/lexical_and_xcomet_xl/qwen35/lezgi/grammar/cyrillic/modelgloss_cheatsheet_txt.json	metrics/matched_gold_v2/xcomet_xxl/qwen35/lezgi/grammar/cyrillic/modelgloss_cheatsheet_txt.json	87	87	complete	True	True	0	0	0	0	0	native	87	11.02573778064716	38.332704943755346	0.5153782809602803	0.34591414702349693
qwen35_lezgi_grammar_cyrillic_modelgloss_cheatsheet_txt	qwen35	Lezgi	grammar	cyrillic	modelgloss	cheatsheet_txt	configs/matched_gold_v2/qwen35_lezgi_grammar_cyrillic_modelgloss_cheatsheet_txt.json	results/matched_gold_v2/qwen35/lezgi/grammar/cyrillic/modelgloss_cheatsheet_txt.jsonl	metrics/matched_gold_v2/lexical_and_xcomet_xl/qwen35/lezgi/grammar/cyrillic/modelgloss_cheatsheet_txt.json	metrics/matched_gold_v2/xcomet_xxl/qwen35/lezgi/grammar/cyrillic/modelgloss_cheatsheet_txt.json	87	87	complete	True	True	0	0	0	0	0	common99	87	11.02573778064716	38.332704943755346	0.5153782809602803	0.34591414702349693
qwen35_lezgi_grammar_cyrillic_modelgloss_summary_tables_jpg	qwen35	Lezgi	grammar	cyrillic	modelgloss	summary_tables_jpg	configs/matched_gold_v2/qwen35_lezgi_grammar_cyrillic_modelgloss_summary_tables_jpg.json	results/matched_gold_v2/qwen35/lezgi/grammar/cyrillic/modelgloss_summary_tables_jpg.jsonl	metrics/matched_gold_v2/lexical_and_xcomet_xl/qwen35/lezgi/grammar/cyrillic/modelgloss_summary_tables_jpg.json	metrics/matched_gold_v2/xcomet_xxl/qwen35/lezgi/grammar/cyrillic/modelgloss_summary_tables_jpg.json	87	87	complete	True	True	0	0	0	0	0	native	87	12.942375037511518	37.17119006658965	0.5335936416154621	0.3578619007235286
qwen35_lezgi_grammar_cyrillic_modelgloss_summary_tables_jpg	qwen35	Lezgi	grammar	cyrillic	modelgloss	summary_tables_jpg	configs/matched_gold_v2/qwen35_lezgi_grammar_cyrillic_modelgloss_summary_tables_jpg.json	results/matched_gold_v2/qwen35/lezgi/grammar/cyrillic/modelgloss_summary_tables_jpg.jsonl	metrics/matched_gold_v2/lexical_and_xcomet_xl/qwen35/lezgi/grammar/cyrillic/modelgloss_summary_tables_jpg.json	metrics/matched_gold_v2/xcomet_xxl/qwen35/lezgi/grammar/cyrillic/modelgloss_summary_tables_jpg.json	87	87	complete	True	True	0	0	0	0	0	common99	87	12.942375037511518	37.17119006658965	0.5335936416154621	0.3578619007235286
qwen35_lezgi_grammar_cyrillic_modelgloss_summary_tables_txt	qwen35	Lezgi	grammar	cyrillic	modelgloss	summary_tables_txt	configs/matched_gold_v2/qwen35_lezgi_grammar_cyrillic_modelgloss_summary_tables_txt.json	results/matched_gold_v2/qwen35/lezgi/grammar/cyrillic/modelgloss_summary_tables_txt.jsonl	metrics/matched_gold_v2/lexical_and_xcomet_xl/qwen35/lezgi/grammar/cyrillic/modelgloss_summary_tables_txt.json	metrics/matched_gold_v2/xcomet_xxl/qwen35/lezgi/grammar/cyrillic/modelgloss_summary_tables_txt.json	87	87	complete	True	True	0	0	0	0	0	native	87	12.047996620842211	39.37636020088935	0.5252252728089519	0.35760302002402555
qwen35_lezgi_grammar_cyrillic_modelgloss_summary_tables_txt	qwen35	Lezgi	grammar	cyrillic	modelgloss	summary_tables_txt	configs/matched_gold_v2/qwen35_lezgi_grammar_cyrillic_modelgloss_summary_tables_txt.json	results/matched_gold_v2/qwen35/lezgi/grammar/cyrillic/modelgloss_summary_tables_txt.jsonl	metrics/matched_gold_v2/lexical_and_xcomet_xl/qwen35/lezgi/grammar/cyrillic/modelgloss_summary_tables_txt.json	metrics/matched_gold_v2/xcomet_xxl/qwen35/lezgi/grammar/cyrillic/modelgloss_summary_tables_txt.json	87	87	complete	True	True	0	0	0	0	0	common99	87	12.047996620842211	39.37636020088935	0.5252252728089519	0.35760302002402555
qwen35_lezgi_grammar_cyrillic_modelgloss_summary_text_txt	qwen35	Lezgi	grammar	cyrillic	modelgloss	summary_text_txt	configs/matched_gold_v2/qwen35_lezgi_grammar_cyrillic_modelgloss_summary_text_txt.json	results/matched_gold_v2/qwen35/lezgi/grammar/cyrillic/modelgloss_summary_text_txt.jsonl	metrics/matched_gold_v2/lexical_and_xcomet_xl/qwen35/lezgi/grammar/cyrillic/modelgloss_summary_text_txt.json	metrics/matched_gold_v2/xcomet_xxl/qwen35/lezgi/grammar/cyrillic/modelgloss_summary_text_txt.json	87	87	complete	True	True	0	0	0	0	0	native	87	11.706381714188396	38.88426853916532	0.5246381328023714	0.34682484202343844
qwen35_lezgi_grammar_cyrillic_modelgloss_summary_text_txt	qwen35	Lezgi	grammar	cyrillic	modelgloss	summary_text_txt	configs/matched_gold_v2/qwen35_lezgi_grammar_cyrillic_modelgloss_summary_text_txt.json	results/matched_gold_v2/qwen35/lezgi/grammar/cyrillic/modelgloss_summary_text_txt.jsonl	metrics/matched_gold_v2/lexical_and_xcomet_xl/qwen35/lezgi/grammar/cyrillic/modelgloss_summary_text_txt.json	metrics/matched_gold_v2/xcomet_xxl/qwen35/lezgi/grammar/cyrillic/modelgloss_summary_text_txt.json	87	87	complete	True	True	0	0	0	0	0	common99	87	11.706381714188396	38.88426853916532	0.5246381328023714	0.34682484202343844
qwen35_lezgi_grammar_cyrillic_shot_cheatsheet_jpg	qwen35	Lezgi	grammar	cyrillic	shot	cheatsheet_jpg	configs/matched_gold_v2/qwen35_lezgi_grammar_cyrillic_shot_cheatsheet_jpg.json	results/matched_gold_v2/qwen35/lezgi/grammar/cyrillic/shot_cheatsheet_jpg.jsonl	metrics/matched_gold_v2/lexical_and_xcomet_xl/qwen35/lezgi/grammar/cyrillic/shot_cheatsheet_jpg.json	metrics/matched_gold_v2/xcomet_xxl/qwen35/lezgi/grammar/cyrillic/shot_cheatsheet_jpg.json	87	87	complete	True	True	0	0	0	0	0	native	87	6.684754254098248	24.93356754549737	0.4003943011335943	0.213972854374469
qwen35_lezgi_grammar_cyrillic_shot_cheatsheet_jpg	qwen35	Lezgi	grammar	cyrillic	shot	cheatsheet_jpg	configs/matched_gold_v2/qwen35_lezgi_grammar_cyrillic_shot_cheatsheet_jpg.json	results/matched_gold_v2/qwen35/lezgi/grammar/cyrillic/shot_cheatsheet_jpg.jsonl	metrics/matched_gold_v2/lexical_and_xcomet_xl/qwen35/lezgi/grammar/cyrillic/shot_cheatsheet_jpg.json	metrics/matched_gold_v2/xcomet_xxl/qwen35/lezgi/grammar/cyrillic/shot_cheatsheet_jpg.json	87	87	complete	True	True	0	0	0	0	0	common99	87	6.684754254098248	24.93356754549737	0.4003943011335943	0.213972854374469
qwen35_lezgi_grammar_cyrillic_shot_cheatsheet_txt	qwen35	Lezgi	grammar	cyrillic	shot	cheatsheet_txt	configs/matched_gold_v2/qwen35_lezgi_grammar_cyrillic_shot_cheatsheet_txt.json	results/matched_gold_v2/qwen35/lezgi/grammar/cyrillic/shot_cheatsheet_txt.jsonl	metrics/matched_gold_v2/lexical_and_xcomet_xl/qwen35/lezgi/grammar/cyrillic/shot_cheatsheet_txt.json	metrics/matched_gold_v2/xcomet_xxl/qwen35/lezgi/grammar/cyrillic/shot_cheatsheet_txt.json	87	87	complete	True	True	0	0	0	0	0	native	87	6.182461973649176	25.653043525695185	0.38936874835655605	0.20608760270921664
qwen35_lezgi_grammar_cyrillic_shot_cheatsheet_txt	qwen35	Lezgi	grammar	cyrillic	shot	cheatsheet_txt	configs/matched_gold_v2/qwen35_lezgi_grammar_cyrillic_shot_cheatsheet_txt.json	results/matched_gold_v2/qwen35/lezgi/grammar/cyrillic/shot_cheatsheet_txt.jsonl	metrics/matched_gold_v2/lexical_and_xcomet_xl/qwen35/lezgi/grammar/cyrillic/shot_cheatsheet_txt.json	metrics/matched_gold_v2/xcomet_xxl/qwen35/lezgi/grammar/cyrillic/shot_cheatsheet_txt.json	87	87	complete	True	True	0	0	0	0	0	common99	87	6.182461973649176	25.653043525695185	0.38936874835655605	0.20608760270921664
qwen35_lezgi_grammar_cyrillic_shot_summary_tables_jpg	qwen35	Lezgi	grammar	cyrillic	shot	summary_tables_jpg	configs/matched_gold_v2/qwen35_lezgi_grammar_cyrillic_shot_summary_tables_jpg.json	results/matched_gold_v2/qwen35/lezgi/grammar/cyrillic/shot_summary_tables_jpg.jsonl	metrics/matched_gold_v2/lexical_and_xcomet_xl/qwen35/lezgi/grammar/cyrillic/shot_summary_tables_jpg.json	metrics/matched_gold_v2/xcomet_xxl/qwen35/lezgi/grammar/cyrillic/shot_summary_tables_jpg.json	87	87	complete	True	True	0	0	0	0	0	native	87	6.237137601384734	23.988344009334277	0.3937995536574002	0.21254407160583583
qwen35_lezgi_grammar_cyrillic_shot_summary_tables_jpg	qwen35	Lezgi	grammar	cyrillic	shot	summary_tables_jpg	configs/matched_gold_v2/qwen35_lezgi_grammar_cyrillic_shot_summary_tables_jpg.json	results/matched_gold_v2/qwen35/lezgi/grammar/cyrillic/shot_summary_tables_jpg.jsonl	metrics/matched_gold_v2/lexical_and_xcomet_xl/qwen35/lezgi/grammar/cyrillic/shot_summary_tables_jpg.json	metrics/matched_gold_v2/xcomet_xxl/qwen35/lezgi/grammar/cyrillic/shot_summary_tables_jpg.json	87	87	complete	True	True	0	0	0	0	0	common99	87	6.237137601384734	23.988344009334277	0.3937995536574002	0.21254407160583583
qwen35_lezgi_grammar_cyrillic_shot_summary_tables_txt	qwen35	Lezgi	grammar	cyrillic	shot	summary_tables_txt	configs/matched_gold_v2/qwen35_lezgi_grammar_cyrillic_shot_summary_tables_txt.json	results/matched_gold_v2/qwen35/lezgi/grammar/cyrillic/shot_summary_tables_txt.jsonl	metrics/matched_gold_v2/lexical_and_xcomet_xl/qwen35/lezgi/grammar/cyrillic/shot_summary_tables_txt.json	metrics/matched_gold_v2/xcomet_xxl/qwen35/lezgi/grammar/cyrillic/shot_summary_tables_txt.json	87	87	complete	True	True	0	0	0	0	0	native	87	6.541884324501279	25.862088066842574	0.3834945922610403	0.19904854739534444
qwen35_lezgi_grammar_cyrillic_shot_summary_tables_txt	qwen35	Lezgi	grammar	cyrillic	shot	summary_tables_txt	configs/matched_gold_v2/qwen35_lezgi_grammar_cyrillic_shot_summary_tables_txt.json	results/matched_gold_v2/qwen35/lezgi/grammar/cyrillic/shot_summary_tables_txt.jsonl	metrics/matched_gold_v2/lexical_and_xcomet_xl/qwen35/lezgi/grammar/cyrillic/shot_summary_tables_txt.json	metrics/matched_gold_v2/xcomet_xxl/qwen35/lezgi/grammar/cyrillic/shot_summary_tables_txt.json	87	87	complete	True	True	0	0	0	0	0	common99	87	6.541884324501279	25.862088066842574	0.3834945922610403	0.19904854739534444
qwen35_lezgi_grammar_cyrillic_shot_summary_text_txt	qwen35	Lezgi	grammar	cyrillic	shot	summary_text_txt	configs/matched_gold_v2/qwen35_lezgi_grammar_cyrillic_shot_summary_text_txt.json	results/matched_gold_v2/qwen35/lezgi/grammar/cyrillic/shot_summary_text_txt.jsonl	metrics/matched_gold_v2/lexical_and_xcomet_xl/qwen35/lezgi/grammar/cyrillic/shot_summary_text_txt.json	metrics/matched_gold_v2/xcomet_xxl/qwen35/lezgi/grammar/cyrillic/shot_summary_text_txt.json	87	87	complete	True	True	0	0	0	0	0	native	87	5.727449495341088	24.541654513886147	0.3710429507425462	0.1946811011467857
qwen35_lezgi_grammar_cyrillic_shot_summary_text_txt	qwen35	Lezgi	grammar	cyrillic	shot	summary_text_txt	configs/matched_gold_v2/qwen35_lezgi_grammar_cyrillic_shot_summary_text_txt.json	results/matched_gold_v2/qwen35/lezgi/grammar/cyrillic/shot_summary_text_txt.jsonl	metrics/matched_gold_v2/lexical_and_xcomet_xl/qwen35/lezgi/grammar/cyrillic/shot_summary_text_txt.json	metrics/matched_gold_v2/xcomet_xxl/qwen35/lezgi/grammar/cyrillic/shot_summary_text_txt.json	87	87	complete	True	True	0	0	0	0	0	common99	87	5.727449495341088	24.541654513886147	0.3710429507425462	0.1946811011467857
qwen35_lezgi_grammar_original_chain_gloss_baseline	qwen35	Lezgi	grammar	original	chain_gloss	baseline	configs/matched_gold_v2/qwen35_lezgi_grammar_original_chain_gloss_baseline.json	results/matched_gold_v2/qwen35/lezgi/grammar/original/chain_gloss_baseline.jsonl	metrics/matched_gold_v2/lexical_and_xcomet_xl/qwen35/lezgi/grammar/original/chain_gloss_baseline.json	metrics/matched_gold_v2/xcomet_xxl/qwen35/lezgi/grammar/original/chain_gloss_baseline.json	87	87	complete	True	True	0	0	0	0	0	native	87	6.313337587676565	26.192874845787834	0.39223810722087993	0.21673960598378345
qwen35_lezgi_grammar_original_chain_gloss_baseline	qwen35	Lezgi	grammar	original	chain_gloss	baseline	configs/matched_gold_v2/qwen35_lezgi_grammar_original_chain_gloss_baseline.json	results/matched_gold_v2/qwen35/lezgi/grammar/original/chain_gloss_baseline.jsonl	metrics/matched_gold_v2/lexical_and_xcomet_xl/qwen35/lezgi/grammar/original/chain_gloss_baseline.json	metrics/matched_gold_v2/xcomet_xxl/qwen35/lezgi/grammar/original/chain_gloss_baseline.json	87	87	complete	True	True	0	0	0	0	0	common99	87	6.313337587676565	26.192874845787834	0.39223810722087993	0.21673960598378345
qwen35_lezgi_grammar_original_chain_gloss_cheatsheet_jpg	qwen35	Lezgi	grammar	original	chain_gloss	cheatsheet_jpg	configs/matched_gold_v2/qwen35_lezgi_grammar_original_chain_gloss_cheatsheet_jpg.json	results/matched_gold_v2/qwen35/lezgi/grammar/original/chain_gloss_cheatsheet_jpg.jsonl	metrics/matched_gold_v2/lexical_and_xcomet_xl/qwen35/lezgi/grammar/original/chain_gloss_cheatsheet_jpg.json	metrics/matched_gold_v2/xcomet_xxl/qwen35/lezgi/grammar/original/chain_gloss_cheatsheet_jpg.json	87	87	complete	True	True	0	0	0	0	0	native	87	5.5591870257446985	24.867164214589987	0.38398223789944047	0.20498405919335355
qwen35_lezgi_grammar_original_chain_gloss_cheatsheet_jpg	qwen35	Lezgi	grammar	original	chain_gloss	cheatsheet_jpg	configs/matched_gold_v2/qwen35_lezgi_grammar_original_chain_gloss_cheatsheet_jpg.json	results/matched_gold_v2/qwen35/lezgi/grammar/original/chain_gloss_cheatsheet_jpg.jsonl	metrics/matched_gold_v2/lexical_and_xcomet_xl/qwen35/lezgi/grammar/original/chain_gloss_cheatsheet_jpg.json	metrics/matched_gold_v2/xcomet_xxl/qwen35/lezgi/grammar/original/chain_gloss_cheatsheet_jpg.json	87	87	complete	True	True	0	0	0	0	0	common99	87	5.5591870257446985	24.867164214589987	0.38398223789944047	0.20498405919335355
qwen35_lezgi_grammar_original_chain_gloss_cheatsheet_txt	qwen35	Lezgi	grammar	original	chain_gloss	cheatsheet_txt	configs/matched_gold_v2/qwen35_lezgi_grammar_original_chain_gloss_cheatsheet_txt.json	results/matched_gold_v2/qwen35/lezgi/grammar/original/chain_gloss_cheatsheet_txt.jsonl	metrics/matched_gold_v2/lexical_and_xcomet_xl/qwen35/lezgi/grammar/original/chain_gloss_cheatsheet_txt.json	metrics/matched_gold_v2/xcomet_xxl/qwen35/lezgi/grammar/original/chain_gloss_cheatsheet_txt.json	87	87	complete	True	True	0	0	0	0	0	native	87	4.335716506775338	24.328441634830995	0.37956256068300925	0.21062645110590705
qwen35_lezgi_grammar_original_chain_gloss_cheatsheet_txt	qwen35	Lezgi	grammar	original	chain_gloss	cheatsheet_txt	configs/matched_gold_v2/qwen35_lezgi_grammar_original_chain_gloss_cheatsheet_txt.json	results/matched_gold_v2/qwen35/lezgi/grammar/original/chain_gloss_cheatsheet_txt.jsonl	metrics/matched_gold_v2/lexical_and_xcomet_xl/qwen35/lezgi/grammar/original/chain_gloss_cheatsheet_txt.json	metrics/matched_gold_v2/xcomet_xxl/qwen35/lezgi/grammar/original/chain_gloss_cheatsheet_txt.json	87	87	complete	True	True	0	0	0	0	0	common99	87	4.335716506775338	24.328441634830995	0.37956256068300925	0.21062645110590705
qwen35_lezgi_grammar_original_chain_gloss_pdfpages_impactful_jpg	qwen35	Lezgi	grammar	original	chain_gloss	pdfpages_impactful_jpg	configs/matched_gold_v2/qwen35_lezgi_grammar_original_chain_gloss_pdfpages_impactful_jpg.json	results/matched_gold_v2/qwen35/lezgi/grammar/original/chain_gloss_pdfpages_impactful_jpg.jsonl	metrics/matched_gold_v2/lexical_and_xcomet_xl/qwen35/lezgi/grammar/original/chain_gloss_pdfpages_impactful_jpg.json	metrics/matched_gold_v2/xcomet_xxl/qwen35/lezgi/grammar/original/chain_gloss_pdfpages_impactful_jpg.json	87	87	complete	True	True	0	0	0	0	0	native	87	4.760205468524875	23.108148400310018	0.3838137749625348	0.20446777395133314
qwen35_lezgi_grammar_original_chain_gloss_pdfpages_impactful_jpg	qwen35	Lezgi	grammar	original	chain_gloss	pdfpages_impactful_jpg	configs/matched_gold_v2/qwen35_lezgi_grammar_original_chain_gloss_pdfpages_impactful_jpg.json	results/matched_gold_v2/qwen35/lezgi/grammar/original/chain_gloss_pdfpages_impactful_jpg.jsonl	metrics/matched_gold_v2/lexical_and_xcomet_xl/qwen35/lezgi/grammar/original/chain_gloss_pdfpages_impactful_jpg.json	metrics/matched_gold_v2/xcomet_xxl/qwen35/lezgi/grammar/original/chain_gloss_pdfpages_impactful_jpg.json	87	87	complete	True	True	0	0	0	0	0	common99	87	4.760205468524875	23.108148400310018	0.3838137749625348	0.20446777395133314
qwen35_lezgi_grammar_original_chain_gloss_summary_tables_jpg	qwen35	Lezgi	grammar	original	chain_gloss	summary_tables_jpg	configs/matched_gold_v2/qwen35_lezgi_grammar_original_chain_gloss_summary_tables_jpg.json	results/matched_gold_v2/qwen35/lezgi/grammar/original/chain_gloss_summary_tables_jpg.jsonl	metrics/matched_gold_v2/lexical_and_xcomet_xl/qwen35/lezgi/grammar/original/chain_gloss_summary_tables_jpg.json	metrics/matched_gold_v2/xcomet_xxl/qwen35/lezgi/grammar/original/chain_gloss_summary_tables_jpg.json	87	87	complete	True	True	0	0	0	0	0	native	87	5.639933182838986	24.1641581599986	0.3987812041893773	0.201677154364257
qwen35_lezgi_grammar_original_chain_gloss_summary_tables_jpg	qwen35	Lezgi	grammar	original	chain_gloss	summary_tables_jpg	configs/matched_gold_v2/qwen35_lezgi_grammar_original_chain_gloss_summary_tables_jpg.json	results/matched_gold_v2/qwen35/lezgi/grammar/original/chain_gloss_summary_tables_jpg.jsonl	metrics/matched_gold_v2/lexical_and_xcomet_xl/qwen35/lezgi/grammar/original/chain_gloss_summary_tables_jpg.json	metrics/matched_gold_v2/xcomet_xxl/qwen35/lezgi/grammar/original/chain_gloss_summary_tables_jpg.json	87	87	complete	True	True	0	0	0	0	0	common99	87	5.639933182838986	24.1641581599986	0.3987812041893773	0.201677154364257
qwen35_lezgi_grammar_original_chain_gloss_summary_tables_txt	qwen35	Lezgi	grammar	original	chain_gloss	summary_tables_txt	configs/matched_gold_v2/qwen35_lezgi_grammar_original_chain_gloss_summary_tables_txt.json	results/matched_gold_v2/qwen35/lezgi/grammar/original/chain_gloss_summary_tables_txt.jsonl	metrics/matched_gold_v2/lexical_and_xcomet_xl/qwen35/lezgi/grammar/original/chain_gloss_summary_tables_txt.json	metrics/matched_gold_v2/xcomet_xxl/qwen35/lezgi/grammar/original/chain_gloss_summary_tables_txt.json	87	87	complete	True	True	0	0	0	0	0	native	87	5.131092880913257	24.160551158139736	0.378381682024605	0.18743896852622086
qwen35_lezgi_grammar_original_chain_gloss_summary_tables_txt	qwen35	Lezgi	grammar	original	chain_gloss	summary_tables_txt	configs/matched_gold_v2/qwen35_lezgi_grammar_original_chain_gloss_summary_tables_txt.json	results/matched_gold_v2/qwen35/lezgi/grammar/original/chain_gloss_summary_tables_txt.jsonl	metrics/matched_gold_v2/lexical_and_xcomet_xl/qwen35/lezgi/grammar/original/chain_gloss_summary_tables_txt.json	metrics/matched_gold_v2/xcomet_xxl/qwen35/lezgi/grammar/original/chain_gloss_summary_tables_txt.json	87	87	complete	True	True	0	0	0	0	0	common99	87	5.131092880913257	24.160551158139736	0.378381682024605	0.18743896852622086
qwen35_lezgi_grammar_original_chain_gloss_summary_text_txt	qwen35	Lezgi	grammar	original	chain_gloss	summary_text_txt	configs/matched_gold_v2/qwen35_lezgi_grammar_original_chain_gloss_summary_text_txt.json	results/matched_gold_v2/qwen35/lezgi/grammar/original/chain_gloss_summary_text_txt.jsonl	metrics/matched_gold_v2/lexical_and_xcomet_xl/qwen35/lezgi/grammar/original/chain_gloss_summary_text_txt.json	metrics/matched_gold_v2/xcomet_xxl/qwen35/lezgi/grammar/original/chain_gloss_summary_text_txt.json	87	87	complete	True	True	0	0	0	0	0	native	87	4.912257519516033	23.327245639830533	0.3785921544179149	0.2041227882620932
qwen35_lezgi_grammar_original_chain_gloss_summary_text_txt	qwen35	Lezgi	grammar	original	chain_gloss	summary_text_txt	configs/matched_gold_v2/qwen35_lezgi_grammar_original_chain_gloss_summary_text_txt.json	results/matched_gold_v2/qwen35/lezgi/grammar/original/chain_gloss_summary_text_txt.jsonl	metrics/matched_gold_v2/lexical_and_xcomet_xl/qwen35/lezgi/grammar/original/chain_gloss_summary_text_txt.json	metrics/matched_gold_v2/xcomet_xxl/qwen35/lezgi/grammar/original/chain_gloss_summary_text_txt.json	87	87	complete	True	True	0	0	0	0	0	common99	87	4.912257519516033	23.327245639830533	0.3785921544179149	0.2041227882620932
qwen35_lezgi_grammar_original_modelgloss_baseline	qwen35	Lezgi	grammar	original	modelgloss	baseline	configs/matched_gold_v2/qwen35_lezgi_grammar_original_modelgloss_baseline.json	results/matched_gold_v2/qwen35/lezgi/grammar/original/modelgloss_baseline.jsonl	metrics/matched_gold_v2/lexical_and_xcomet_xl/qwen35/lezgi/grammar/original/modelgloss_baseline.json	metrics/matched_gold_v2/xcomet_xxl/qwen35/lezgi/grammar/original/modelgloss_baseline.json	87	87	complete	True	True	0	0	0	0	0	native	87	13.69854912482718	39.70025859087084	0.5485955918657368	0.35428207119305927
qwen35_lezgi_grammar_original_modelgloss_baseline	qwen35	Lezgi	grammar	original	modelgloss	baseline	configs/matched_gold_v2/qwen35_lezgi_grammar_original_modelgloss_baseline.json	results/matched_gold_v2/qwen35/lezgi/grammar/original/modelgloss_baseline.jsonl	metrics/matched_gold_v2/lexical_and_xcomet_xl/qwen35/lezgi/grammar/original/modelgloss_baseline.json	metrics/matched_gold_v2/xcomet_xxl/qwen35/lezgi/grammar/original/modelgloss_baseline.json	87	87	complete	True	True	0	0	0	0	0	common99	87	13.69854912482718	39.70025859087084	0.5485955918657368	0.35428207119305927
qwen35_lezgi_grammar_original_modelgloss_cheatsheet_jpg	qwen35	Lezgi	grammar	original	modelgloss	cheatsheet_jpg	configs/matched_gold_v2/qwen35_lezgi_grammar_original_modelgloss_cheatsheet_jpg.json	results/matched_gold_v2/qwen35/lezgi/grammar/original/modelgloss_cheatsheet_jpg.jsonl	metrics/matched_gold_v2/lexical_and_xcomet_xl/qwen35/lezgi/grammar/original/modelgloss_cheatsheet_jpg.json	metrics/matched_gold_v2/xcomet_xxl/qwen35/lezgi/grammar/original/modelgloss_cheatsheet_jpg.json	87	87	complete	True	True	0	0	0	0	0	native	87	11.98102944429555	36.525514754384226	0.5315366668262701	0.3545782225227904
qwen35_lezgi_grammar_original_modelgloss_cheatsheet_jpg	qwen35	Lezgi	grammar	original	modelgloss	cheatsheet_jpg	configs/matched_gold_v2/qwen35_lezgi_grammar_original_modelgloss_cheatsheet_jpg.json	results/matched_gold_v2/qwen35/lezgi/grammar/original/modelgloss_cheatsheet_jpg.jsonl	metrics/matched_gold_v2/lexical_and_xcomet_xl/qwen35/lezgi/grammar/original/modelgloss_cheatsheet_jpg.json	metrics/matched_gold_v2/xcomet_xxl/qwen35/lezgi/grammar/original/modelgloss_cheatsheet_jpg.json	87	87	complete	True	True	0	0	0	0	0	common99	87	11.98102944429555	36.525514754384226	0.5315366668262701	0.3545782225227904
qwen35_lezgi_grammar_original_modelgloss_cheatsheet_txt	qwen35	Lezgi	grammar	original	modelgloss	cheatsheet_txt	configs/matched_gold_v2/qwen35_lezgi_grammar_original_modelgloss_cheatsheet_txt.json	results/matched_gold_v2/qwen35/lezgi/grammar/original/modelgloss_cheatsheet_txt.jsonl	metrics/matched_gold_v2/lexical_and_xcomet_xl/qwen35/lezgi/grammar/original/modelgloss_cheatsheet_txt.json	metrics/matched_gold_v2/xcomet_xxl/qwen35/lezgi/grammar/original/modelgloss_cheatsheet_txt.json	87	87	complete	True	True	0	0	0	0	0	native	87	12.346907696554714	39.044129905381425	0.5198299004428688	0.347943182392367
qwen35_lezgi_grammar_original_modelgloss_cheatsheet_txt	qwen35	Lezgi	grammar	original	modelgloss	cheatsheet_txt	configs/matched_gold_v2/qwen35_lezgi_grammar_original_modelgloss_cheatsheet_txt.json	results/matched_gold_v2/qwen35/lezgi/grammar/original/modelgloss_cheatsheet_txt.jsonl	metrics/matched_gold_v2/lexical_and_xcomet_xl/qwen35/lezgi/grammar/original/modelgloss_cheatsheet_txt.json	metrics/matched_gold_v2/xcomet_xxl/qwen35/lezgi/grammar/original/modelgloss_cheatsheet_txt.json	87	87	complete	True	True	0	0	0	0	0	common99	87	12.346907696554714	39.044129905381425	0.5198299004428688	0.347943182392367
qwen35_lezgi_grammar_original_modelgloss_pdfpages_impactful_jpg	qwen35	Lezgi	grammar	original	modelgloss	pdfpages_impactful_jpg	configs/matched_gold_v2/qwen35_lezgi_grammar_original_modelgloss_pdfpages_impactful_jpg.json	results/matched_gold_v2/qwen35/lezgi/grammar/original/modelgloss_pdfpages_impactful_jpg.jsonl	metrics/matched_gold_v2/lexical_and_xcomet_xl/qwen35/lezgi/grammar/original/modelgloss_pdfpages_impactful_jpg.json	metrics/matched_gold_v2/xcomet_xxl/qwen35/lezgi/grammar/original/modelgloss_pdfpages_impactful_jpg.json	87	87	complete	True	True	0	0	0	0	0	native	87	12.493293383741324	38.83271497239007	0.5366980066929741	0.3596046793906168
qwen35_lezgi_grammar_original_modelgloss_pdfpages_impactful_jpg	qwen35	Lezgi	grammar	original	modelgloss	pdfpages_impactful_jpg	configs/matched_gold_v2/qwen35_lezgi_grammar_original_modelgloss_pdfpages_impactful_jpg.json	results/matched_gold_v2/qwen35/lezgi/grammar/original/modelgloss_pdfpages_impactful_jpg.jsonl	metrics/matched_gold_v2/lexical_and_xcomet_xl/qwen35/lezgi/grammar/original/modelgloss_pdfpages_impactful_jpg.json	metrics/matched_gold_v2/xcomet_xxl/qwen35/lezgi/grammar/original/modelgloss_pdfpages_impactful_jpg.json	87	87	complete	True	True	0	0	0	0	0	common99	87	12.493293383741324	38.83271497239007	0.5366980066929741	0.3596046793906168
qwen35_lezgi_grammar_original_modelgloss_summary_tables_jpg	qwen35	Lezgi	grammar	original	modelgloss	summary_tables_jpg	configs/matched_gold_v2/qwen35_lezgi_grammar_original_modelgloss_summary_tables_jpg.json	results/matched_gold_v2/qwen35/lezgi/grammar/original/modelgloss_summary_tables_jpg.jsonl	metrics/matched_gold_v2/lexical_and_xcomet_xl/qwen35/lezgi/grammar/original/modelgloss_summary_tables_jpg.json	metrics/matched_gold_v2/xcomet_xxl/qwen35/lezgi/grammar/original/modelgloss_summary_tables_jpg.json	87	87	complete	True	True	0	0	0	0	0	native	87	11.61553652614872	37.13512005721099	0.5259128750740797	0.3525699520933217
qwen35_lezgi_grammar_original_modelgloss_summary_tables_jpg	qwen35	Lezgi	grammar	original	modelgloss	summary_tables_jpg	configs/matched_gold_v2/qwen35_lezgi_grammar_original_modelgloss_summary_tables_jpg.json	results/matched_gold_v2/qwen35/lezgi/grammar/original/modelgloss_summary_tables_jpg.jsonl	metrics/matched_gold_v2/lexical_and_xcomet_xl/qwen35/lezgi/grammar/original/modelgloss_summary_tables_jpg.json	metrics/matched_gold_v2/xcomet_xxl/qwen35/lezgi/grammar/original/modelgloss_summary_tables_jpg.json	87	87	complete	True	True	0	0	0	0	0	common99	87	11.61553652614872	37.13512005721099	0.5259128750740797	0.3525699520933217
qwen35_lezgi_grammar_original_modelgloss_summary_tables_txt	qwen35	Lezgi	grammar	original	modelgloss	summary_tables_txt	configs/matched_gold_v2/qwen35_lezgi_grammar_original_modelgloss_summary_tables_txt.json	results/matched_gold_v2/qwen35/lezgi/grammar/original/modelgloss_summary_tables_txt.jsonl	metrics/matched_gold_v2/lexical_and_xcomet_xl/qwen35/lezgi/grammar/original/modelgloss_summary_tables_txt.json	metrics/matched_gold_v2/xcomet_xxl/qwen35/lezgi/grammar/original/modelgloss_summary_tables_txt.json	87	87	complete	True	True	0	0	0	0	0	native	87	12.377583542042478	38.70609226989163	0.5198930049764698	0.3463993863812808
qwen35_lezgi_grammar_original_modelgloss_summary_tables_txt	qwen35	Lezgi	grammar	original	modelgloss	summary_tables_txt	configs/matched_gold_v2/qwen35_lezgi_grammar_original_modelgloss_summary_tables_txt.json	results/matched_gold_v2/qwen35/lezgi/grammar/original/modelgloss_summary_tables_txt.jsonl	metrics/matched_gold_v2/lexical_and_xcomet_xl/qwen35/lezgi/grammar/original/modelgloss_summary_tables_txt.json	metrics/matched_gold_v2/xcomet_xxl/qwen35/lezgi/grammar/original/modelgloss_summary_tables_txt.json	87	87	complete	True	True	0	0	0	0	0	common99	87	12.377583542042478	38.70609226989163	0.5198930049764698	0.3463993863812808
qwen35_lezgi_grammar_original_modelgloss_summary_text_txt	qwen35	Lezgi	grammar	original	modelgloss	summary_text_txt	configs/matched_gold_v2/qwen35_lezgi_grammar_original_modelgloss_summary_text_txt.json	results/matched_gold_v2/qwen35/lezgi/grammar/original/modelgloss_summary_text_txt.jsonl	metrics/matched_gold_v2/lexical_and_xcomet_xl/qwen35/lezgi/grammar/original/modelgloss_summary_text_txt.json	metrics/matched_gold_v2/xcomet_xxl/qwen35/lezgi/grammar/original/modelgloss_summary_text_txt.json	87	87	complete	True	True	0	0	0	0	0	native	87	10.610406624376573	37.66511069531469	0.5331389809819473	0.3506164036091717
qwen35_lezgi_grammar_original_modelgloss_summary_text_txt	qwen35	Lezgi	grammar	original	modelgloss	summary_text_txt	configs/matched_gold_v2/qwen35_lezgi_grammar_original_modelgloss_summary_text_txt.json	results/matched_gold_v2/qwen35/lezgi/grammar/original/modelgloss_summary_text_txt.jsonl	metrics/matched_gold_v2/lexical_and_xcomet_xl/qwen35/lezgi/grammar/original/modelgloss_summary_text_txt.json	metrics/matched_gold_v2/xcomet_xxl/qwen35/lezgi/grammar/original/modelgloss_summary_text_txt.json	87	87	complete	True	True	0	0	0	0	0	common99	87	10.610406624376573	37.66511069531469	0.5331389809819473	0.3506164036091717
qwen35_lezgi_grammar_original_shot_baseline	qwen35	Lezgi	grammar	original	shot	baseline	configs/matched_gold_v2/qwen35_lezgi_grammar_original_shot_baseline.json	results/matched_gold_v2/qwen35/lezgi/grammar/original/shot_baseline.jsonl	metrics/matched_gold_v2/lexical_and_xcomet_xl/qwen35/lezgi/grammar/original/shot_baseline.json	metrics/matched_gold_v2/xcomet_xxl/qwen35/lezgi/grammar/original/shot_baseline.json	87	87	complete	True	True	0	0	0	0	0	native	87	6.665356762424007	25.308133976695423	0.3964509289155061	0.2102545547759396
qwen35_lezgi_grammar_original_shot_baseline	qwen35	Lezgi	grammar	original	shot	baseline	configs/matched_gold_v2/qwen35_lezgi_grammar_original_shot_baseline.json	results/matched_gold_v2/qwen35/lezgi/grammar/original/shot_baseline.jsonl	metrics/matched_gold_v2/lexical_and_xcomet_xl/qwen35/lezgi/grammar/original/shot_baseline.json	metrics/matched_gold_v2/xcomet_xxl/qwen35/lezgi/grammar/original/shot_baseline.json	87	87	complete	True	True	0	0	0	0	0	common99	87	6.665356762424007	25.308133976695423	0.3964509289155061	0.2102545547759396
qwen35_lezgi_grammar_original_shot_cheatsheet_jpg	qwen35	Lezgi	grammar	original	shot	cheatsheet_jpg	configs/matched_gold_v2/qwen35_lezgi_grammar_original_shot_cheatsheet_jpg.json	results/matched_gold_v2/qwen35/lezgi/grammar/original/shot_cheatsheet_jpg.jsonl	metrics/matched_gold_v2/lexical_and_xcomet_xl/qwen35/lezgi/grammar/original/shot_cheatsheet_jpg.json	metrics/matched_gold_v2/xcomet_xxl/qwen35/lezgi/grammar/original/shot_cheatsheet_jpg.json	87	87	complete	True	True	0	0	0	0	0	native	87	6.084277428457842	24.135761309776512	0.38789858266539956	0.21445548791309882
qwen35_lezgi_grammar_original_shot_cheatsheet_jpg	qwen35	Lezgi	grammar	original	shot	cheatsheet_jpg	configs/matched_gold_v2/qwen35_lezgi_grammar_original_shot_cheatsheet_jpg.json	results/matched_gold_v2/qwen35/lezgi/grammar/original/shot_cheatsheet_jpg.jsonl	metrics/matched_gold_v2/lexical_and_xcomet_xl/qwen35/lezgi/grammar/original/shot_cheatsheet_jpg.json	metrics/matched_gold_v2/xcomet_xxl/qwen35/lezgi/grammar/original/shot_cheatsheet_jpg.json	87	87	complete	True	True	0	0	0	0	0	common99	87	6.084277428457842	24.135761309776512	0.38789858266539956	0.21445548791309882
qwen35_lezgi_grammar_original_shot_cheatsheet_txt	qwen35	Lezgi	grammar	original	shot	cheatsheet_txt	configs/matched_gold_v2/qwen35_lezgi_grammar_original_shot_cheatsheet_txt.json	results/matched_gold_v2/qwen35/lezgi/grammar/original/shot_cheatsheet_txt.jsonl	metrics/matched_gold_v2/lexical_and_xcomet_xl/qwen35/lezgi/grammar/original/shot_cheatsheet_txt.json	metrics/matched_gold_v2/xcomet_xxl/qwen35/lezgi/grammar/original/shot_cheatsheet_txt.json	87	87	complete	True	True	0	0	0	0	0	native	87	6.812278051645836	25.585824849682375	0.3833237254414065	0.19513966066056285
qwen35_lezgi_grammar_original_shot_cheatsheet_txt	qwen35	Lezgi	grammar	original	shot	cheatsheet_txt	configs/matched_gold_v2/qwen35_lezgi_grammar_original_shot_cheatsheet_txt.json	results/matched_gold_v2/qwen35/lezgi/grammar/original/shot_cheatsheet_txt.jsonl	metrics/matched_gold_v2/lexical_and_xcomet_xl/qwen35/lezgi/grammar/original/shot_cheatsheet_txt.json	metrics/matched_gold_v2/xcomet_xxl/qwen35/lezgi/grammar/original/shot_cheatsheet_txt.json	87	87	complete	True	True	0	0	0	0	0	common99	87	6.812278051645836	25.585824849682375	0.3833237254414065	0.19513966066056285
qwen35_lezgi_grammar_original_shot_pdfpages_impactful_jpg	qwen35	Lezgi	grammar	original	shot	pdfpages_impactful_jpg	configs/matched_gold_v2/qwen35_lezgi_grammar_original_shot_pdfpages_impactful_jpg.json	results/matched_gold_v2/qwen35/lezgi/grammar/original/shot_pdfpages_impactful_jpg.jsonl	metrics/matched_gold_v2/lexical_and_xcomet_xl/qwen35/lezgi/grammar/original/shot_pdfpages_impactful_jpg.json	metrics/matched_gold_v2/xcomet_xxl/qwen35/lezgi/grammar/original/shot_pdfpages_impactful_jpg.json	87	87	complete	True	True	0	0	0	0	0	native	87	5.352579254502547	23.796895858394425	0.3880358764837528	0.20809014158687372
qwen35_lezgi_grammar_original_shot_pdfpages_impactful_jpg	qwen35	Lezgi	grammar	original	shot	pdfpages_impactful_jpg	configs/matched_gold_v2/qwen35_lezgi_grammar_original_shot_pdfpages_impactful_jpg.json	results/matched_gold_v2/qwen35/lezgi/grammar/original/shot_pdfpages_impactful_jpg.jsonl	metrics/matched_gold_v2/lexical_and_xcomet_xl/qwen35/lezgi/grammar/original/shot_pdfpages_impactful_jpg.json	metrics/matched_gold_v2/xcomet_xxl/qwen35/lezgi/grammar/original/shot_pdfpages_impactful_jpg.json	87	87	complete	True	True	0	0	0	0	0	common99	87	5.352579254502547	23.796895858394425	0.3880358764837528	0.20809014158687372
qwen35_lezgi_grammar_original_shot_summary_tables_jpg	qwen35	Lezgi	grammar	original	shot	summary_tables_jpg	configs/matched_gold_v2/qwen35_lezgi_grammar_original_shot_summary_tables_jpg.json	results/matched_gold_v2/qwen35/lezgi/grammar/original/shot_summary_tables_jpg.jsonl	metrics/matched_gold_v2/lexical_and_xcomet_xl/qwen35/lezgi/grammar/original/shot_summary_tables_jpg.json	metrics/matched_gold_v2/xcomet_xxl/qwen35/lezgi/grammar/original/shot_summary_tables_jpg.json	87	87	complete	True	True	0	0	0	0	0	native	87	5.983065711463642	23.764740748455928	0.39698416611243936	0.2162127642967235
qwen35_lezgi_grammar_original_shot_summary_tables_jpg	qwen35	Lezgi	grammar	original	shot	summary_tables_jpg	configs/matched_gold_v2/qwen35_lezgi_grammar_original_shot_summary_tables_jpg.json	results/matched_gold_v2/qwen35/lezgi/grammar/original/shot_summary_tables_jpg.jsonl	metrics/matched_gold_v2/lexical_and_xcomet_xl/qwen35/lezgi/grammar/original/shot_summary_tables_jpg.json	metrics/matched_gold_v2/xcomet_xxl/qwen35/lezgi/grammar/original/shot_summary_tables_jpg.json	87	87	complete	True	True	0	0	0	0	0	common99	87	5.983065711463642	23.764740748455928	0.39698416611243936	0.2162127642967235
qwen35_lezgi_grammar_original_shot_summary_tables_txt	qwen35	Lezgi	grammar	original	shot	summary_tables_txt	configs/matched_gold_v2/qwen35_lezgi_grammar_original_shot_summary_tables_txt.json	results/matched_gold_v2/qwen35/lezgi/grammar/original/shot_summary_tables_txt.jsonl	metrics/matched_gold_v2/lexical_and_xcomet_xl/qwen35/lezgi/grammar/original/shot_summary_tables_txt.json	metrics/matched_gold_v2/xcomet_xxl/qwen35/lezgi/grammar/original/shot_summary_tables_txt.json	87	87	complete	True	True	0	0	0	0	0	native	87	7.318104009510244	26.274603183553292	0.38296581171024807	0.20110450993324147
qwen35_lezgi_grammar_original_shot_summary_tables_txt	qwen35	Lezgi	grammar	original	shot	summary_tables_txt	configs/matched_gold_v2/qwen35_lezgi_grammar_original_shot_summary_tables_txt.json	results/matched_gold_v2/qwen35/lezgi/grammar/original/shot_summary_tables_txt.jsonl	metrics/matched_gold_v2/lexical_and_xcomet_xl/qwen35/lezgi/grammar/original/shot_summary_tables_txt.json	metrics/matched_gold_v2/xcomet_xxl/qwen35/lezgi/grammar/original/shot_summary_tables_txt.json	87	87	complete	True	True	0	0	0	0	0	common99	87	7.318104009510244	26.274603183553292	0.38296581171024807	0.20110450993324147
qwen35_lezgi_grammar_original_shot_summary_text_txt	qwen35	Lezgi	grammar	original	shot	summary_text_txt	configs/matched_gold_v2/qwen35_lezgi_grammar_original_shot_summary_text_txt.json	results/matched_gold_v2/qwen35/lezgi/grammar/original/shot_summary_text_txt.jsonl	metrics/matched_gold_v2/lexical_and_xcomet_xl/qwen35/lezgi/grammar/original/shot_summary_text_txt.json	metrics/matched_gold_v2/xcomet_xxl/qwen35/lezgi/grammar/original/shot_summary_text_txt.json	87	87	complete	True	True	0	0	0	0	0	native	87	5.6992720696769945	24.542172852428283	0.35870073701458416	0.19305662442555374
qwen35_lezgi_grammar_original_shot_summary_text_txt	qwen35	Lezgi	grammar	original	shot	summary_text_txt	configs/matched_gold_v2/qwen35_lezgi_grammar_original_shot_summary_text_txt.json	results/matched_gold_v2/qwen35/lezgi/grammar/original/shot_summary_text_txt.jsonl	metrics/matched_gold_v2/lexical_and_xcomet_xl/qwen35/lezgi/grammar/original/shot_summary_text_txt.json	metrics/matched_gold_v2/xcomet_xxl/qwen35/lezgi/grammar/original/shot_summary_text_txt.json	87	87	complete	True	True	0	0	0	0	0	common99	87	5.6992720696769945	24.542172852428283	0.35870073701458416	0.19305662442555374
qwen35_natugu_grammar_original_chain_gloss_baseline	qwen35	Natugu	grammar	original	chain_gloss	baseline	configs/matched_gold_v2/qwen35_natugu_grammar_original_chain_gloss_baseline.json	results/matched_gold_v2/qwen35/natugu/grammar/original/chain_gloss_baseline.jsonl	metrics/matched_gold_v2/lexical_and_xcomet_xl/qwen35/natugu/grammar/original/chain_gloss_baseline.json	metrics/matched_gold_v2/xcomet_xxl/qwen35/natugu/grammar/original/chain_gloss_baseline.json	99	99	complete	True	True	0	0	0	0	0	native	99	3.59617520416194	19.63990312657481	0.3025659352089419	0.16613300227456623
qwen35_natugu_grammar_original_chain_gloss_baseline	qwen35	Natugu	grammar	original	chain_gloss	baseline	configs/matched_gold_v2/qwen35_natugu_grammar_original_chain_gloss_baseline.json	results/matched_gold_v2/qwen35/natugu/grammar/original/chain_gloss_baseline.jsonl	metrics/matched_gold_v2/lexical_and_xcomet_xl/qwen35/natugu/grammar/original/chain_gloss_baseline.json	metrics/matched_gold_v2/xcomet_xxl/qwen35/natugu/grammar/original/chain_gloss_baseline.json	99	99	complete	True	True	0	0	0	0	0	common99	99	3.59617520416194	19.63990312657481	0.3025659352089419	0.16613300227456623
qwen35_natugu_grammar_original_chain_gloss_cheatsheet_jpg	qwen35	Natugu	grammar	original	chain_gloss	cheatsheet_jpg	configs/matched_gold_v2/qwen35_natugu_grammar_original_chain_gloss_cheatsheet_jpg.json	results/matched_gold_v2/qwen35/natugu/grammar/original/chain_gloss_cheatsheet_jpg.jsonl	metrics/matched_gold_v2/lexical_and_xcomet_xl/qwen35/natugu/grammar/original/chain_gloss_cheatsheet_jpg.json	metrics/matched_gold_v2/xcomet_xxl/qwen35/natugu/grammar/original/chain_gloss_cheatsheet_jpg.json	99	99	complete	True	True	0	0	0	0	0	native	99	2.5653217429031843	18.23456121471256	0.2950205288150094	0.162242961426576
qwen35_natugu_grammar_original_chain_gloss_cheatsheet_jpg	qwen35	Natugu	grammar	original	chain_gloss	cheatsheet_jpg	configs/matched_gold_v2/qwen35_natugu_grammar_original_chain_gloss_cheatsheet_jpg.json	results/matched_gold_v2/qwen35/natugu/grammar/original/chain_gloss_cheatsheet_jpg.jsonl	metrics/matched_gold_v2/lexical_and_xcomet_xl/qwen35/natugu/grammar/original/chain_gloss_cheatsheet_jpg.json	metrics/matched_gold_v2/xcomet_xxl/qwen35/natugu/grammar/original/chain_gloss_cheatsheet_jpg.json	99	99	complete	True	True	0	0	0	0	0	common99	99	2.5653217429031843	18.23456121471256	0.2950205288150094	0.162242961426576
qwen35_natugu_grammar_original_chain_gloss_cheatsheet_txt	qwen35	Natugu	grammar	original	chain_gloss	cheatsheet_txt	configs/matched_gold_v2/qwen35_natugu_grammar_original_chain_gloss_cheatsheet_txt.json	results/matched_gold_v2/qwen35/natugu/grammar/original/chain_gloss_cheatsheet_txt.jsonl	metrics/matched_gold_v2/lexical_and_xcomet_xl/qwen35/natugu/grammar/original/chain_gloss_cheatsheet_txt.json	metrics/matched_gold_v2/xcomet_xxl/qwen35/natugu/grammar/original/chain_gloss_cheatsheet_txt.json	99	99	complete	True	True	0	0	0	0	0	native	99	3.1829073465708406	19.85869960180328	0.28311034133940033	0.1628596307051302
qwen35_natugu_grammar_original_chain_gloss_cheatsheet_txt	qwen35	Natugu	grammar	original	chain_gloss	cheatsheet_txt	configs/matched_gold_v2/qwen35_natugu_grammar_original_chain_gloss_cheatsheet_txt.json	results/matched_gold_v2/qwen35/natugu/grammar/original/chain_gloss_cheatsheet_txt.jsonl	metrics/matched_gold_v2/lexical_and_xcomet_xl/qwen35/natugu/grammar/original/chain_gloss_cheatsheet_txt.json	metrics/matched_gold_v2/xcomet_xxl/qwen35/natugu/grammar/original/chain_gloss_cheatsheet_txt.json	99	99	complete	True	True	0	0	0	0	0	common99	99	3.1829073465708406	19.85869960180328	0.28311034133940033	0.1628596307051302
qwen35_natugu_grammar_original_chain_gloss_pdfpages_impactful_jpg	qwen35	Natugu	grammar	original	chain_gloss	pdfpages_impactful_jpg	configs/matched_gold_v2/qwen35_natugu_grammar_original_chain_gloss_pdfpages_impactful_jpg.json	results/matched_gold_v2/qwen35/natugu/grammar/original/chain_gloss_pdfpages_impactful_jpg.jsonl	metrics/matched_gold_v2/lexical_and_xcomet_xl/qwen35/natugu/grammar/original/chain_gloss_pdfpages_impactful_jpg.json	metrics/matched_gold_v2/xcomet_xxl/qwen35/natugu/grammar/original/chain_gloss_pdfpages_impactful_jpg.json	99	99	complete	True	True	0	0	0	0	0	native	99	3.6998942468805125	18.43956907460396	0.2935584109238904	0.16703095490282233
qwen35_natugu_grammar_original_chain_gloss_pdfpages_impactful_jpg	qwen35	Natugu	grammar	original	chain_gloss	pdfpages_impactful_jpg	configs/matched_gold_v2/qwen35_natugu_grammar_original_chain_gloss_pdfpages_impactful_jpg.json	results/matched_gold_v2/qwen35/natugu/grammar/original/chain_gloss_pdfpages_impactful_jpg.jsonl	metrics/matched_gold_v2/lexical_and_xcomet_xl/qwen35/natugu/grammar/original/chain_gloss_pdfpages_impactful_jpg.json	metrics/matched_gold_v2/xcomet_xxl/qwen35/natugu/grammar/original/chain_gloss_pdfpages_impactful_jpg.json	99	99	complete	True	True	0	0	0	0	0	common99	99	3.6998942468805125	18.43956907460396	0.2935584109238904	0.16703095490282233
qwen35_natugu_grammar_original_chain_gloss_summary_tables_jpg	qwen35	Natugu	grammar	original	chain_gloss	summary_tables_jpg	configs/matched_gold_v2/qwen35_natugu_grammar_original_chain_gloss_summary_tables_jpg.json	results/matched_gold_v2/qwen35/natugu/grammar/original/chain_gloss_summary_tables_jpg.jsonl	metrics/matched_gold_v2/lexical_and_xcomet_xl/qwen35/natugu/grammar/original/chain_gloss_summary_tables_jpg.json	metrics/matched_gold_v2/xcomet_xxl/qwen35/natugu/grammar/original/chain_gloss_summary_tables_jpg.json	99	99	complete	True	True	0	0	0	0	0	native	99	1.9845249214375473	18.391430335287968	0.286232393197339	0.1614494775280808
qwen35_natugu_grammar_original_chain_gloss_summary_tables_jpg	qwen35	Natugu	grammar	original	chain_gloss	summary_tables_jpg	configs/matched_gold_v2/qwen35_natugu_grammar_original_chain_gloss_summary_tables_jpg.json	results/matched_gold_v2/qwen35/natugu/grammar/original/chain_gloss_summary_tables_jpg.jsonl	metrics/matched_gold_v2/lexical_and_xcomet_xl/qwen35/natugu/grammar/original/chain_gloss_summary_tables_jpg.json	metrics/matched_gold_v2/xcomet_xxl/qwen35/natugu/grammar/original/chain_gloss_summary_tables_jpg.json	99	99	complete	True	True	0	0	0	0	0	common99	99	1.9845249214375473	18.391430335287968	0.286232393197339	0.1614494775280808
qwen35_natugu_grammar_original_chain_gloss_summary_tables_txt	qwen35	Natugu	grammar	original	chain_gloss	summary_tables_txt	configs/matched_gold_v2/qwen35_natugu_grammar_original_chain_gloss_summary_tables_txt.json	results/matched_gold_v2/qwen35/natugu/grammar/original/chain_gloss_summary_tables_txt.jsonl	metrics/matched_gold_v2/lexical_and_xcomet_xl/qwen35/natugu/grammar/original/chain_gloss_summary_tables_txt.json	metrics/matched_gold_v2/xcomet_xxl/qwen35/natugu/grammar/original/chain_gloss_summary_tables_txt.json	99	99	complete	True	True	0	0	0	0	0	native	99	2.986953376237562	19.103980126434095	0.2740993481693846	0.15383129581959562
qwen35_natugu_grammar_original_chain_gloss_summary_tables_txt	qwen35	Natugu	grammar	original	chain_gloss	summary_tables_txt	configs/matched_gold_v2/qwen35_natugu_grammar_original_chain_gloss_summary_tables_txt.json	results/matched_gold_v2/qwen35/natugu/grammar/original/chain_gloss_summary_tables_txt.jsonl	metrics/matched_gold_v2/lexical_and_xcomet_xl/qwen35/natugu/grammar/original/chain_gloss_summary_tables_txt.json	metrics/matched_gold_v2/xcomet_xxl/qwen35/natugu/grammar/original/chain_gloss_summary_tables_txt.json	99	99	complete	True	True	0	0	0	0	0	common99	99	2.986953376237562	19.103980126434095	0.2740993481693846	0.15383129581959562
qwen35_natugu_grammar_original_chain_gloss_summary_text_txt	qwen35	Natugu	grammar	original	chain_gloss	summary_text_txt	configs/matched_gold_v2/qwen35_natugu_grammar_original_chain_gloss_summary_text_txt.json	results/matched_gold_v2/qwen35/natugu/grammar/original/chain_gloss_summary_text_txt.jsonl	metrics/matched_gold_v2/lexical_and_xcomet_xl/qwen35/natugu/grammar/original/chain_gloss_summary_text_txt.json	metrics/matched_gold_v2/xcomet_xxl/qwen35/natugu/grammar/original/chain_gloss_summary_text_txt.json	99	99	complete	True	True	0	0	0	0	0	native	99	3.3028574574010423	19.90956032078498	0.28932852651735746	0.16203152109878233
qwen35_natugu_grammar_original_chain_gloss_summary_text_txt	qwen35	Natugu	grammar	original	chain_gloss	summary_text_txt	configs/matched_gold_v2/qwen35_natugu_grammar_original_chain_gloss_summary_text_txt.json	results/matched_gold_v2/qwen35/natugu/grammar/original/chain_gloss_summary_text_txt.jsonl	metrics/matched_gold_v2/lexical_and_xcomet_xl/qwen35/natugu/grammar/original/chain_gloss_summary_text_txt.json	metrics/matched_gold_v2/xcomet_xxl/qwen35/natugu/grammar/original/chain_gloss_summary_text_txt.json	99	99	complete	True	True	0	0	0	0	0	common99	99	3.3028574574010423	19.90956032078498	0.28932852651735746	0.16203152109878233
qwen35_natugu_grammar_original_modelgloss_baseline	qwen35	Natugu	grammar	original	modelgloss	baseline	configs/matched_gold_v2/qwen35_natugu_grammar_original_modelgloss_baseline.json	results/matched_gold_v2/qwen35/natugu/grammar/original/modelgloss_baseline.jsonl	metrics/matched_gold_v2/lexical_and_xcomet_xl/qwen35/natugu/grammar/original/modelgloss_baseline.json	metrics/matched_gold_v2/xcomet_xxl/qwen35/natugu/grammar/original/modelgloss_baseline.json	99	99	complete	True	True	0	0	0	0	0	native	99	16.550467119535273	41.588945766270044	0.5503121537692619	0.40947346705378906
qwen35_natugu_grammar_original_modelgloss_baseline	qwen35	Natugu	grammar	original	modelgloss	baseline	configs/matched_gold_v2/qwen35_natugu_grammar_original_modelgloss_baseline.json	results/matched_gold_v2/qwen35/natugu/grammar/original/modelgloss_baseline.jsonl	metrics/matched_gold_v2/lexical_and_xcomet_xl/qwen35/natugu/grammar/original/modelgloss_baseline.json	metrics/matched_gold_v2/xcomet_xxl/qwen35/natugu/grammar/original/modelgloss_baseline.json	99	99	complete	True	True	0	0	0	0	0	common99	99	16.550467119535273	41.588945766270044	0.5503121537692619	0.40947346705378906
qwen35_natugu_grammar_original_modelgloss_cheatsheet_jpg	qwen35	Natugu	grammar	original	modelgloss	cheatsheet_jpg	configs/matched_gold_v2/qwen35_natugu_grammar_original_modelgloss_cheatsheet_jpg.json	results/matched_gold_v2/qwen35/natugu/grammar/original/modelgloss_cheatsheet_jpg.jsonl	metrics/matched_gold_v2/lexical_and_xcomet_xl/qwen35/natugu/grammar/original/modelgloss_cheatsheet_jpg.json	metrics/matched_gold_v2/xcomet_xxl/qwen35/natugu/grammar/original/modelgloss_cheatsheet_jpg.json	99	99	complete	True	True	0	0	0	0	0	native	99	15.94658150444271	39.50887491361285	0.5400511447829429	0.40356125276197086
qwen35_natugu_grammar_original_modelgloss_cheatsheet_jpg	qwen35	Natugu	grammar	original	modelgloss	cheatsheet_jpg	configs/matched_gold_v2/qwen35_natugu_grammar_original_modelgloss_cheatsheet_jpg.json	results/matched_gold_v2/qwen35/natugu/grammar/original/modelgloss_cheatsheet_jpg.jsonl	metrics/matched_gold_v2/lexical_and_xcomet_xl/qwen35/natugu/grammar/original/modelgloss_cheatsheet_jpg.json	metrics/matched_gold_v2/xcomet_xxl/qwen35/natugu/grammar/original/modelgloss_cheatsheet_jpg.json	99	99	complete	True	True	0	0	0	0	0	common99	99	15.94658150444271	39.50887491361285	0.5400511447829429	0.40356125276197086
qwen35_natugu_grammar_original_modelgloss_cheatsheet_txt	qwen35	Natugu	grammar	original	modelgloss	cheatsheet_txt	configs/matched_gold_v2/qwen35_natugu_grammar_original_modelgloss_cheatsheet_txt.json	results/matched_gold_v2/qwen35/natugu/grammar/original/modelgloss_cheatsheet_txt.jsonl	metrics/matched_gold_v2/lexical_and_xcomet_xl/qwen35/natugu/grammar/original/modelgloss_cheatsheet_txt.json	metrics/matched_gold_v2/xcomet_xxl/qwen35/natugu/grammar/original/modelgloss_cheatsheet_txt.json	99	99	complete	True	True	0	0	0	0	0	native	99	16.239063204753915	41.04470658234855	0.5530565776909241	0.4021972128839204
qwen35_natugu_grammar_original_modelgloss_cheatsheet_txt	qwen35	Natugu	grammar	original	modelgloss	cheatsheet_txt	configs/matched_gold_v2/qwen35_natugu_grammar_original_modelgloss_cheatsheet_txt.json	results/matched_gold_v2/qwen35/natugu/grammar/original/modelgloss_cheatsheet_txt.jsonl	metrics/matched_gold_v2/lexical_and_xcomet_xl/qwen35/natugu/grammar/original/modelgloss_cheatsheet_txt.json	metrics/matched_gold_v2/xcomet_xxl/qwen35/natugu/grammar/original/modelgloss_cheatsheet_txt.json	99	99	complete	True	True	0	0	0	0	0	common99	99	16.239063204753915	41.04470658234855	0.5530565776909241	0.4021972128839204
qwen35_natugu_grammar_original_modelgloss_pdfpages_impactful_jpg	qwen35	Natugu	grammar	original	modelgloss	pdfpages_impactful_jpg	configs/matched_gold_v2/qwen35_natugu_grammar_original_modelgloss_pdfpages_impactful_jpg.json	results/matched_gold_v2/qwen35/natugu/grammar/original/modelgloss_pdfpages_impactful_jpg.jsonl	metrics/matched_gold_v2/lexical_and_xcomet_xl/qwen35/natugu/grammar/original/modelgloss_pdfpages_impactful_jpg.json	metrics/matched_gold_v2/xcomet_xxl/qwen35/natugu/grammar/original/modelgloss_pdfpages_impactful_jpg.json	99	99	complete	True	True	0	0	0	0	0	native	99	16.133708776540193	40.4542196240957	0.5431017270593932	0.4015217251849897
qwen35_natugu_grammar_original_modelgloss_pdfpages_impactful_jpg	qwen35	Natugu	grammar	original	modelgloss	pdfpages_impactful_jpg	configs/matched_gold_v2/qwen35_natugu_grammar_original_modelgloss_pdfpages_impactful_jpg.json	results/matched_gold_v2/qwen35/natugu/grammar/original/modelgloss_pdfpages_impactful_jpg.jsonl	metrics/matched_gold_v2/lexical_and_xcomet_xl/qwen35/natugu/grammar/original/modelgloss_pdfpages_impactful_jpg.json	metrics/matched_gold_v2/xcomet_xxl/qwen35/natugu/grammar/original/modelgloss_pdfpages_impactful_jpg.json	99	99	complete	True	True	0	0	0	0	0	common99	99	16.133708776540193	40.4542196240957	0.5431017270593932	0.4015217251849897
qwen35_natugu_grammar_original_modelgloss_summary_tables_jpg	qwen35	Natugu	grammar	original	modelgloss	summary_tables_jpg	configs/matched_gold_v2/qwen35_natugu_grammar_original_modelgloss_summary_tables_jpg.json	results/matched_gold_v2/qwen35/natugu/grammar/original/modelgloss_summary_tables_jpg.jsonl	metrics/matched_gold_v2/lexical_and_xcomet_xl/qwen35/natugu/grammar/original/modelgloss_summary_tables_jpg.json	metrics/matched_gold_v2/xcomet_xxl/qwen35/natugu/grammar/original/modelgloss_summary_tables_jpg.json	99	99	complete	True	True	0	0	0	0	0	native	99	14.601978863603627	39.51857059509607	0.543738364420756	0.40642620924145284
qwen35_natugu_grammar_original_modelgloss_summary_tables_jpg	qwen35	Natugu	grammar	original	modelgloss	summary_tables_jpg	configs/matched_gold_v2/qwen35_natugu_grammar_original_modelgloss_summary_tables_jpg.json	results/matched_gold_v2/qwen35/natugu/grammar/original/modelgloss_summary_tables_jpg.jsonl	metrics/matched_gold_v2/lexical_and_xcomet_xl/qwen35/natugu/grammar/original/modelgloss_summary_tables_jpg.json	metrics/matched_gold_v2/xcomet_xxl/qwen35/natugu/grammar/original/modelgloss_summary_tables_jpg.json	99	99	complete	True	True	0	0	0	0	0	common99	99	14.601978863603627	39.51857059509607	0.543738364420756	0.40642620924145284
qwen35_natugu_grammar_original_modelgloss_summary_tables_txt	qwen35	Natugu	grammar	original	modelgloss	summary_tables_txt	configs/matched_gold_v2/qwen35_natugu_grammar_original_modelgloss_summary_tables_txt.json	results/matched_gold_v2/qwen35/natugu/grammar/original/modelgloss_summary_tables_txt.jsonl	metrics/matched_gold_v2/lexical_and_xcomet_xl/qwen35/natugu/grammar/original/modelgloss_summary_tables_txt.json	metrics/matched_gold_v2/xcomet_xxl/qwen35/natugu/grammar/original/modelgloss_summary_tables_txt.json	99	99	complete	True	True	0	0	0	0	0	native	99	15.98949759916162	41.19251123855129	0.5306343881770818	0.39815127924837246
qwen35_natugu_grammar_original_modelgloss_summary_tables_txt	qwen35	Natugu	grammar	original	modelgloss	summary_tables_txt	configs/matched_gold_v2/qwen35_natugu_grammar_original_modelgloss_summary_tables_txt.json	results/matched_gold_v2/qwen35/natugu/grammar/original/modelgloss_summary_tables_txt.jsonl	metrics/matched_gold_v2/lexical_and_xcomet_xl/qwen35/natugu/grammar/original/modelgloss_summary_tables_txt.json	metrics/matched_gold_v2/xcomet_xxl/qwen35/natugu/grammar/original/modelgloss_summary_tables_txt.json	99	99	complete	True	True	0	0	0	0	0	common99	99	15.98949759916162	41.19251123855129	0.5306343881770818	0.39815127924837246
qwen35_natugu_grammar_original_modelgloss_summary_text_txt	qwen35	Natugu	grammar	original	modelgloss	summary_text_txt	configs/matched_gold_v2/qwen35_natugu_grammar_original_modelgloss_summary_text_txt.json	results/matched_gold_v2/qwen35/natugu/grammar/original/modelgloss_summary_text_txt.jsonl	metrics/matched_gold_v2/lexical_and_xcomet_xl/qwen35/natugu/grammar/original/modelgloss_summary_text_txt.json	metrics/matched_gold_v2/xcomet_xxl/qwen35/natugu/grammar/original/modelgloss_summary_text_txt.json	99	99	complete	True	True	0	0	0	0	0	native	99	15.887083943485504	40.31821127781704	0.5331859338765192	0.39404454962773755
qwen35_natugu_grammar_original_modelgloss_summary_text_txt	qwen35	Natugu	grammar	original	modelgloss	summary_text_txt	configs/matched_gold_v2/qwen35_natugu_grammar_original_modelgloss_summary_text_txt.json	results/matched_gold_v2/qwen35/natugu/grammar/original/modelgloss_summary_text_txt.jsonl	metrics/matched_gold_v2/lexical_and_xcomet_xl/qwen35/natugu/grammar/original/modelgloss_summary_text_txt.json	metrics/matched_gold_v2/xcomet_xxl/qwen35/natugu/grammar/original/modelgloss_summary_text_txt.json	99	99	complete	True	True	0	0	0	0	0	common99	99	15.887083943485504	40.31821127781704	0.5331859338765192	0.39404454962773755
qwen35_natugu_grammar_original_shot_baseline	qwen35	Natugu	grammar	original	shot	baseline	configs/matched_gold_v2/qwen35_natugu_grammar_original_shot_baseline.json	results/matched_gold_v2/qwen35/natugu/grammar/original/shot_baseline.jsonl	metrics/matched_gold_v2/lexical_and_xcomet_xl/qwen35/natugu/grammar/original/shot_baseline.json	metrics/matched_gold_v2/xcomet_xxl/qwen35/natugu/grammar/original/shot_baseline.json	99	99	complete	True	True	0	0	0	0	0	native	99	3.5354598651760973	18.81801252260774	0.3039759143133356	0.17047436128963123
qwen35_natugu_grammar_original_shot_baseline	qwen35	Natugu	grammar	original	shot	baseline	configs/matched_gold_v2/qwen35_natugu_grammar_original_shot_baseline.json	results/matched_gold_v2/qwen35/natugu/grammar/original/shot_baseline.jsonl	metrics/matched_gold_v2/lexical_and_xcomet_xl/qwen35/natugu/grammar/original/shot_baseline.json	metrics/matched_gold_v2/xcomet_xxl/qwen35/natugu/grammar/original/shot_baseline.json	99	99	complete	True	True	0	0	0	0	0	common99	99	3.5354598651760973	18.81801252260774	0.3039759143133356	0.17047436128963123
qwen35_natugu_grammar_original_shot_cheatsheet_jpg	qwen35	Natugu	grammar	original	shot	cheatsheet_jpg	configs/matched_gold_v2/qwen35_natugu_grammar_original_shot_cheatsheet_jpg.json	results/matched_gold_v2/qwen35/natugu/grammar/original/shot_cheatsheet_jpg.jsonl	metrics/matched_gold_v2/lexical_and_xcomet_xl/qwen35/natugu/grammar/original/shot_cheatsheet_jpg.json	metrics/matched_gold_v2/xcomet_xxl/qwen35/natugu/grammar/original/shot_cheatsheet_jpg.json	99	99	complete	True	True	0	0	0	0	0	native	99	3.1434056151102503	17.081493659688523	0.2937170428158057	0.16176528265379897
qwen35_natugu_grammar_original_shot_cheatsheet_jpg	qwen35	Natugu	grammar	original	shot	cheatsheet_jpg	configs/matched_gold_v2/qwen35_natugu_grammar_original_shot_cheatsheet_jpg.json	results/matched_gold_v2/qwen35/natugu/grammar/original/shot_cheatsheet_jpg.jsonl	metrics/matched_gold_v2/lexical_and_xcomet_xl/qwen35/natugu/grammar/original/shot_cheatsheet_jpg.json	metrics/matched_gold_v2/xcomet_xxl/qwen35/natugu/grammar/original/shot_cheatsheet_jpg.json	99	99	complete	True	True	0	0	0	0	0	common99	99	3.1434056151102503	17.081493659688523	0.2937170428158057	0.16176528265379897
qwen35_natugu_grammar_original_shot_cheatsheet_txt	qwen35	Natugu	grammar	original	shot	cheatsheet_txt	configs/matched_gold_v2/qwen35_natugu_grammar_original_shot_cheatsheet_txt.json	results/matched_gold_v2/qwen35/natugu/grammar/original/shot_cheatsheet_txt.jsonl	metrics/matched_gold_v2/lexical_and_xcomet_xl/qwen35/natugu/grammar/original/shot_cheatsheet_txt.json	metrics/matched_gold_v2/xcomet_xxl/qwen35/natugu/grammar/original/shot_cheatsheet_txt.json	99	99	complete	True	True	0	0	0	0	0	native	99	3.822169117771451	19.909237111051716	0.29958626372043534	0.1760689468696864
qwen35_natugu_grammar_original_shot_cheatsheet_txt	qwen35	Natugu	grammar	original	shot	cheatsheet_txt	configs/matched_gold_v2/qwen35_natugu_grammar_original_shot_cheatsheet_txt.json	results/matched_gold_v2/qwen35/natugu/grammar/original/shot_cheatsheet_txt.jsonl	metrics/matched_gold_v2/lexical_and_xcomet_xl/qwen35/natugu/grammar/original/shot_cheatsheet_txt.json	metrics/matched_gold_v2/xcomet_xxl/qwen35/natugu/grammar/original/shot_cheatsheet_txt.json	99	99	complete	True	True	0	0	0	0	0	common99	99	3.822169117771451	19.909237111051716	0.29958626372043534	0.1760689468696864
qwen35_natugu_grammar_original_shot_pdfpages_impactful_jpg	qwen35	Natugu	grammar	original	shot	pdfpages_impactful_jpg	configs/matched_gold_v2/qwen35_natugu_grammar_original_shot_pdfpages_impactful_jpg.json	results/matched_gold_v2/qwen35/natugu/grammar/original/shot_pdfpages_impactful_jpg.jsonl	metrics/matched_gold_v2/lexical_and_xcomet_xl/qwen35/natugu/grammar/original/shot_pdfpages_impactful_jpg.json	metrics/matched_gold_v2/xcomet_xxl/qwen35/natugu/grammar/original/shot_pdfpages_impactful_jpg.json	99	99	complete	True	True	0	0	0	0	0	native	99	3.9727209932498244	18.039905397569555	0.2978049098241209	0.17822930006065754
qwen35_natugu_grammar_original_shot_pdfpages_impactful_jpg	qwen35	Natugu	grammar	original	shot	pdfpages_impactful_jpg	configs/matched_gold_v2/qwen35_natugu_grammar_original_shot_pdfpages_impactful_jpg.json	results/matched_gold_v2/qwen35/natugu/grammar/original/shot_pdfpages_impactful_jpg.jsonl	metrics/matched_gold_v2/lexical_and_xcomet_xl/qwen35/natugu/grammar/original/shot_pdfpages_impactful_jpg.json	metrics/matched_gold_v2/xcomet_xxl/qwen35/natugu/grammar/original/shot_pdfpages_impactful_jpg.json	99	99	complete	True	True	0	0	0	0	0	common99	99	3.9727209932498244	18.039905397569555	0.2978049098241209	0.17822930006065754
qwen35_natugu_grammar_original_shot_summary_tables_jpg	qwen35	Natugu	grammar	original	shot	summary_tables_jpg	configs/matched_gold_v2/qwen35_natugu_grammar_original_shot_summary_tables_jpg.json	results/matched_gold_v2/qwen35/natugu/grammar/original/shot_summary_tables_jpg.jsonl	metrics/matched_gold_v2/lexical_and_xcomet_xl/qwen35/natugu/grammar/original/shot_summary_tables_jpg.json	metrics/matched_gold_v2/xcomet_xxl/qwen35/natugu/grammar/original/shot_summary_tables_jpg.json	99	99	complete	True	True	0	0	0	0	0	native	99	2.8141306091542475	17.567357844344436	0.2944911104260069	0.16610507922943193
qwen35_natugu_grammar_original_shot_summary_tables_jpg	qwen35	Natugu	grammar	original	shot	summary_tables_jpg	configs/matched_gold_v2/qwen35_natugu_grammar_original_shot_summary_tables_jpg.json	results/matched_gold_v2/qwen35/natugu/grammar/original/shot_summary_tables_jpg.jsonl	metrics/matched_gold_v2/lexical_and_xcomet_xl/qwen35/natugu/grammar/original/shot_summary_tables_jpg.json	metrics/matched_gold_v2/xcomet_xxl/qwen35/natugu/grammar/original/shot_summary_tables_jpg.json	99	99	complete	True	True	0	0	0	0	0	common99	99	2.8141306091542475	17.567357844344436	0.2944911104260069	0.16610507922943193
qwen35_natugu_grammar_original_shot_summary_tables_txt	qwen35	Natugu	grammar	original	shot	summary_tables_txt	configs/matched_gold_v2/qwen35_natugu_grammar_original_shot_summary_tables_txt.json	results/matched_gold_v2/qwen35/natugu/grammar/original/shot_summary_tables_txt.jsonl	metrics/matched_gold_v2/lexical_and_xcomet_xl/qwen35/natugu/grammar/original/shot_summary_tables_txt.json	metrics/matched_gold_v2/xcomet_xxl/qwen35/natugu/grammar/original/shot_summary_tables_txt.json	99	99	complete	True	True	1	1	0	0	1	native	99	2.5764297351441154	18.731075939833563	0.3033215081450915	0.16678019951690326
qwen35_natugu_grammar_original_shot_summary_tables_txt	qwen35	Natugu	grammar	original	shot	summary_tables_txt	configs/matched_gold_v2/qwen35_natugu_grammar_original_shot_summary_tables_txt.json	results/matched_gold_v2/qwen35/natugu/grammar/original/shot_summary_tables_txt.jsonl	metrics/matched_gold_v2/lexical_and_xcomet_xl/qwen35/natugu/grammar/original/shot_summary_tables_txt.json	metrics/matched_gold_v2/xcomet_xxl/qwen35/natugu/grammar/original/shot_summary_tables_txt.json	99	99	complete	True	True	1	1	0	0	1	common99	99	2.5764297351441154	18.731075939833563	0.3033215081450915	0.16678019951690326
qwen35_natugu_grammar_original_shot_summary_text_txt	qwen35	Natugu	grammar	original	shot	summary_text_txt	configs/matched_gold_v2/qwen35_natugu_grammar_original_shot_summary_text_txt.json	results/matched_gold_v2/qwen35/natugu/grammar/original/shot_summary_text_txt.jsonl	metrics/matched_gold_v2/lexical_and_xcomet_xl/qwen35/natugu/grammar/original/shot_summary_text_txt.json	metrics/matched_gold_v2/xcomet_xxl/qwen35/natugu/grammar/original/shot_summary_text_txt.json	99	99	complete	True	True	0	0	0	0	0	native	99	4.13656482554835	20.07450724272874	0.30060789922271114	0.16982080524015908
qwen35_natugu_grammar_original_shot_summary_text_txt	qwen35	Natugu	grammar	original	shot	summary_text_txt	configs/matched_gold_v2/qwen35_natugu_grammar_original_shot_summary_text_txt.json	results/matched_gold_v2/qwen35/natugu/grammar/original/shot_summary_text_txt.jsonl	metrics/matched_gold_v2/lexical_and_xcomet_xl/qwen35/natugu/grammar/original/shot_summary_text_txt.json	metrics/matched_gold_v2/xcomet_xxl/qwen35/natugu/grammar/original/shot_summary_text_txt.json	99	99	complete	True	True	0	0	0	0	0	common99	99	4.13656482554835	20.07450724272874	0.30060789922271114	0.16982080524015908
qwen35_tsez_grammar_original_chain_gloss_baseline	qwen35	Tsez	grammar	original	chain_gloss	baseline	configs/matched_gold_v2/qwen35_tsez_grammar_original_chain_gloss_baseline.json	results/matched_gold_v2/qwen35/tsez/grammar/original/chain_gloss_baseline.jsonl	metrics/matched_gold_v2/lexical_and_xcomet_xl/qwen35/tsez/grammar/original/chain_gloss_baseline.json	metrics/matched_gold_v2/xcomet_xxl/qwen35/tsez/grammar/original/chain_gloss_baseline.json	445	445	complete	True	True	1	1	0	0	1	native	445	0.9966835051251423	17.197000997112262	0.23314442925908593	0.13036245666862872
qwen35_tsez_grammar_original_chain_gloss_baseline	qwen35	Tsez	grammar	original	chain_gloss	baseline	configs/matched_gold_v2/qwen35_tsez_grammar_original_chain_gloss_baseline.json	results/matched_gold_v2/qwen35/tsez/grammar/original/chain_gloss_baseline.jsonl	metrics/matched_gold_v2/lexical_and_xcomet_xl/qwen35/tsez/grammar/original/chain_gloss_baseline.json	metrics/matched_gold_v2/xcomet_xxl/qwen35/tsez/grammar/original/chain_gloss_baseline.json	445	445	complete	True	True	1	1	0	0	1	common99	99	0.8454885360252614	16.63517305918557	0.24390135585057615	0.13578099343511793
qwen35_tsez_grammar_original_chain_gloss_cheatsheet_jpg	qwen35	Tsez	grammar	original	chain_gloss	cheatsheet_jpg	configs/matched_gold_v2/qwen35_tsez_grammar_original_chain_gloss_cheatsheet_jpg.json	results/matched_gold_v2/qwen35/tsez/grammar/original/chain_gloss_cheatsheet_jpg.jsonl	metrics/matched_gold_v2/lexical_and_xcomet_xl/qwen35/tsez/grammar/original/chain_gloss_cheatsheet_jpg.json	metrics/matched_gold_v2/xcomet_xxl/qwen35/tsez/grammar/original/chain_gloss_cheatsheet_jpg.json	445	445	complete	True	True	4	4	4	0	4	native	445	1.4356068252800867	16.449715548972534	0.2319428335079986	0.12691637465123382
qwen35_tsez_grammar_original_chain_gloss_cheatsheet_jpg	qwen35	Tsez	grammar	original	chain_gloss	cheatsheet_jpg	configs/matched_gold_v2/qwen35_tsez_grammar_original_chain_gloss_cheatsheet_jpg.json	results/matched_gold_v2/qwen35/tsez/grammar/original/chain_gloss_cheatsheet_jpg.jsonl	metrics/matched_gold_v2/lexical_and_xcomet_xl/qwen35/tsez/grammar/original/chain_gloss_cheatsheet_jpg.json	metrics/matched_gold_v2/xcomet_xxl/qwen35/tsez/grammar/original/chain_gloss_cheatsheet_jpg.json	445	445	complete	True	True	4	4	4	0	4	common99	99	1.2358515573937348	15.951664808625871	0.22585523700473284	0.1233544470083834
qwen35_tsez_grammar_original_chain_gloss_cheatsheet_txt	qwen35	Tsez	grammar	original	chain_gloss	cheatsheet_txt	configs/matched_gold_v2/qwen35_tsez_grammar_original_chain_gloss_cheatsheet_txt.json	results/matched_gold_v2/qwen35/tsez/grammar/original/chain_gloss_cheatsheet_txt.jsonl	metrics/matched_gold_v2/lexical_and_xcomet_xl/qwen35/tsez/grammar/original/chain_gloss_cheatsheet_txt.json	metrics/matched_gold_v2/xcomet_xxl/qwen35/tsez/grammar/original/chain_gloss_cheatsheet_txt.json	445	445	complete	True	True	1	1	0	0	1	native	445	1.3302747961905004	18.57499875480104	0.22773448670848032	0.13397401554530927
qwen35_tsez_grammar_original_chain_gloss_cheatsheet_txt	qwen35	Tsez	grammar	original	chain_gloss	cheatsheet_txt	configs/matched_gold_v2/qwen35_tsez_grammar_original_chain_gloss_cheatsheet_txt.json	results/matched_gold_v2/qwen35/tsez/grammar/original/chain_gloss_cheatsheet_txt.jsonl	metrics/matched_gold_v2/lexical_and_xcomet_xl/qwen35/tsez/grammar/original/chain_gloss_cheatsheet_txt.json	metrics/matched_gold_v2/xcomet_xxl/qwen35/tsez/grammar/original/chain_gloss_cheatsheet_txt.json	445	445	complete	True	True	1	1	0	0	1	common99	99	1.299153932018234	18.081497177009425	0.22480118470360536	0.13367556765525027
qwen35_tsez_grammar_original_chain_gloss_pdfpages_impactful_jpg	qwen35	Tsez	grammar	original	chain_gloss	pdfpages_impactful_jpg	configs/matched_gold_v2/qwen35_tsez_grammar_original_chain_gloss_pdfpages_impactful_jpg.json	results/matched_gold_v2/qwen35/tsez/grammar/original/chain_gloss_pdfpages_impactful_jpg.jsonl	metrics/matched_gold_v2/lexical_and_xcomet_xl/qwen35/tsez/grammar/original/chain_gloss_pdfpages_impactful_jpg.json	metrics/matched_gold_v2/xcomet_xxl/qwen35/tsez/grammar/original/chain_gloss_pdfpages_impactful_jpg.json	445	445	complete	True	True	5	5	5	0	5	native	445	1.1168119765945317	16.532852822134046	0.2335470678766122	0.1277089254574829
qwen35_tsez_grammar_original_chain_gloss_pdfpages_impactful_jpg	qwen35	Tsez	grammar	original	chain_gloss	pdfpages_impactful_jpg	configs/matched_gold_v2/qwen35_tsez_grammar_original_chain_gloss_pdfpages_impactful_jpg.json	results/matched_gold_v2/qwen35/tsez/grammar/original/chain_gloss_pdfpages_impactful_jpg.jsonl	metrics/matched_gold_v2/lexical_and_xcomet_xl/qwen35/tsez/grammar/original/chain_gloss_pdfpages_impactful_jpg.json	metrics/matched_gold_v2/xcomet_xxl/qwen35/tsez/grammar/original/chain_gloss_pdfpages_impactful_jpg.json	445	445	complete	True	True	5	5	5	0	5	common99	99	0.7081563418162424	15.473302532550182	0.2257505695928227	0.12805808200077576
qwen35_tsez_grammar_original_chain_gloss_summary_tables_jpg	qwen35	Tsez	grammar	original	chain_gloss	summary_tables_jpg	configs/matched_gold_v2/qwen35_tsez_grammar_original_chain_gloss_summary_tables_jpg.json	results/matched_gold_v2/qwen35/tsez/grammar/original/chain_gloss_summary_tables_jpg.jsonl	metrics/matched_gold_v2/lexical_and_xcomet_xl/qwen35/tsez/grammar/original/chain_gloss_summary_tables_jpg.json	metrics/matched_gold_v2/xcomet_xxl/qwen35/tsez/grammar/original/chain_gloss_summary_tables_jpg.json	445	445	complete	True	True	1	1	1	0	1	native	445	1.1129943118055576	16.013703771390137	0.23248701380209977	0.12668776309557175
qwen35_tsez_grammar_original_chain_gloss_summary_tables_jpg	qwen35	Tsez	grammar	original	chain_gloss	summary_tables_jpg	configs/matched_gold_v2/qwen35_tsez_grammar_original_chain_gloss_summary_tables_jpg.json	results/matched_gold_v2/qwen35/tsez/grammar/original/chain_gloss_summary_tables_jpg.jsonl	metrics/matched_gold_v2/lexical_and_xcomet_xl/qwen35/tsez/grammar/original/chain_gloss_summary_tables_jpg.json	metrics/matched_gold_v2/xcomet_xxl/qwen35/tsez/grammar/original/chain_gloss_summary_tables_jpg.json	445	445	complete	True	True	1	1	1	0	1	common99	99	1.2335969685511725	15.412718248511892	0.23031793549807386	0.1269399495136858
qwen35_tsez_grammar_original_chain_gloss_summary_tables_txt	qwen35	Tsez	grammar	original	chain_gloss	summary_tables_txt	configs/matched_gold_v2/qwen35_tsez_grammar_original_chain_gloss_summary_tables_txt.json	results/matched_gold_v2/qwen35/tsez/grammar/original/chain_gloss_summary_tables_txt.jsonl	metrics/matched_gold_v2/lexical_and_xcomet_xl/qwen35/tsez/grammar/original/chain_gloss_summary_tables_txt.json	metrics/matched_gold_v2/xcomet_xxl/qwen35/tsez/grammar/original/chain_gloss_summary_tables_txt.json	445	445	complete	True	True	0	0	0	0	0	native	445	1.392019146669911	18.02264911596401	0.22647680261831604	0.12993791945529787
qwen35_tsez_grammar_original_chain_gloss_summary_tables_txt	qwen35	Tsez	grammar	original	chain_gloss	summary_tables_txt	configs/matched_gold_v2/qwen35_tsez_grammar_original_chain_gloss_summary_tables_txt.json	results/matched_gold_v2/qwen35/tsez/grammar/original/chain_gloss_summary_tables_txt.jsonl	metrics/matched_gold_v2/lexical_and_xcomet_xl/qwen35/tsez/grammar/original/chain_gloss_summary_tables_txt.json	metrics/matched_gold_v2/xcomet_xxl/qwen35/tsez/grammar/original/chain_gloss_summary_tables_txt.json	445	445	complete	True	True	0	0	0	0	0	common99	99	1.2899125352733305	17.544725027923665	0.22991865828181757	0.13008858632258694
qwen35_tsez_grammar_original_chain_gloss_summary_text_txt	qwen35	Tsez	grammar	original	chain_gloss	summary_text_txt	configs/matched_gold_v2/qwen35_tsez_grammar_original_chain_gloss_summary_text_txt.json	results/matched_gold_v2/qwen35/tsez/grammar/original/chain_gloss_summary_text_txt.jsonl	metrics/matched_gold_v2/lexical_and_xcomet_xl/qwen35/tsez/grammar/original/chain_gloss_summary_text_txt.json	metrics/matched_gold_v2/xcomet_xxl/qwen35/tsez/grammar/original/chain_gloss_summary_text_txt.json	445	445	complete	True	True	1	1	0	0	1	native	445	1.1260232074261416	18.12490470634356	0.2312894640009055	0.13295955301335688
qwen35_tsez_grammar_original_chain_gloss_summary_text_txt	qwen35	Tsez	grammar	original	chain_gloss	summary_text_txt	configs/matched_gold_v2/qwen35_tsez_grammar_original_chain_gloss_summary_text_txt.json	results/matched_gold_v2/qwen35/tsez/grammar/original/chain_gloss_summary_text_txt.jsonl	metrics/matched_gold_v2/lexical_and_xcomet_xl/qwen35/tsez/grammar/original/chain_gloss_summary_text_txt.json	metrics/matched_gold_v2/xcomet_xxl/qwen35/tsez/grammar/original/chain_gloss_summary_text_txt.json	445	445	complete	True	True	1	1	0	0	1	common99	99	1.10087489868062	17.686750052255334	0.236380388038327	0.1315228214318102
qwen35_tsez_grammar_original_modelgloss_baseline	qwen35	Tsez	grammar	original	modelgloss	baseline	configs/matched_gold_v2/qwen35_tsez_grammar_original_modelgloss_baseline.json	results/matched_gold_v2/qwen35/tsez/grammar/original/modelgloss_baseline.jsonl	metrics/matched_gold_v2/lexical_and_xcomet_xl/qwen35/tsez/grammar/original/modelgloss_baseline.json	metrics/matched_gold_v2/xcomet_xxl/qwen35/tsez/grammar/original/modelgloss_baseline.json	445	445	complete	True	True	0	0	0	0	0	native	445	13.715460347776116	39.95160066128436	0.5106059239821488	0.36610188256488757
qwen35_tsez_grammar_original_modelgloss_baseline	qwen35	Tsez	grammar	original	modelgloss	baseline	configs/matched_gold_v2/qwen35_tsez_grammar_original_modelgloss_baseline.json	results/matched_gold_v2/qwen35/tsez/grammar/original/modelgloss_baseline.jsonl	metrics/matched_gold_v2/lexical_and_xcomet_xl/qwen35/tsez/grammar/original/modelgloss_baseline.json	metrics/matched_gold_v2/xcomet_xxl/qwen35/tsez/grammar/original/modelgloss_baseline.json	445	445	complete	True	True	0	0	0	0	0	common99	99	12.96087476439151	39.722271168557555	0.4946386231617494	0.35900232225957546
qwen35_tsez_grammar_original_modelgloss_cheatsheet_jpg	qwen35	Tsez	grammar	original	modelgloss	cheatsheet_jpg	configs/matched_gold_v2/qwen35_tsez_grammar_original_modelgloss_cheatsheet_jpg.json	results/matched_gold_v2/qwen35/tsez/grammar/original/modelgloss_cheatsheet_jpg.jsonl	metrics/matched_gold_v2/lexical_and_xcomet_xl/qwen35/tsez/grammar/original/modelgloss_cheatsheet_jpg.json	metrics/matched_gold_v2/xcomet_xxl/qwen35/tsez/grammar/original/modelgloss_cheatsheet_jpg.json	445	445	complete	True	True	0	0	0	0	0	native	445	11.837075912061177	37.88208868616116	0.49653914952546024	0.3559889994477958
qwen35_tsez_grammar_original_modelgloss_cheatsheet_jpg	qwen35	Tsez	grammar	original	modelgloss	cheatsheet_jpg	configs/matched_gold_v2/qwen35_tsez_grammar_original_modelgloss_cheatsheet_jpg.json	results/matched_gold_v2/qwen35/tsez/grammar/original/modelgloss_cheatsheet_jpg.jsonl	metrics/matched_gold_v2/lexical_and_xcomet_xl/qwen35/tsez/grammar/original/modelgloss_cheatsheet_jpg.json	metrics/matched_gold_v2/xcomet_xxl/qwen35/tsez/grammar/original/modelgloss_cheatsheet_jpg.json	445	445	complete	True	True	0	0	0	0	0	common99	99	11.522891687707032	37.893724709705424	0.48235831161340076	0.3428928174003206
qwen35_tsez_grammar_original_modelgloss_cheatsheet_txt	qwen35	Tsez	grammar	original	modelgloss	cheatsheet_txt	configs/matched_gold_v2/qwen35_tsez_grammar_original_modelgloss_cheatsheet_txt.json	results/matched_gold_v2/qwen35/tsez/grammar/original/modelgloss_cheatsheet_txt.jsonl	metrics/matched_gold_v2/lexical_and_xcomet_xl/qwen35/tsez/grammar/original/modelgloss_cheatsheet_txt.json	metrics/matched_gold_v2/xcomet_xxl/qwen35/tsez/grammar/original/modelgloss_cheatsheet_txt.json	445	445	complete	True	True	0	0	0	0	0	native	445	12.454846920318376	39.59292450860702	0.4939113424065408	0.364242899166734
qwen35_tsez_grammar_original_modelgloss_cheatsheet_txt	qwen35	Tsez	grammar	original	modelgloss	cheatsheet_txt	configs/matched_gold_v2/qwen35_tsez_grammar_original_modelgloss_cheatsheet_txt.json	results/matched_gold_v2/qwen35/tsez/grammar/original/modelgloss_cheatsheet_txt.jsonl	metrics/matched_gold_v2/lexical_and_xcomet_xl/qwen35/tsez/grammar/original/modelgloss_cheatsheet_txt.json	metrics/matched_gold_v2/xcomet_xxl/qwen35/tsez/grammar/original/modelgloss_cheatsheet_txt.json	445	445	complete	True	True	0	0	0	0	0	common99	99	10.766704236764806	39.10749179452249	0.4877015331176796	0.3568296476144983
qwen35_tsez_grammar_original_modelgloss_pdfpages_impactful_jpg	qwen35	Tsez	grammar	original	modelgloss	pdfpages_impactful_jpg	configs/matched_gold_v2/qwen35_tsez_grammar_original_modelgloss_pdfpages_impactful_jpg.json	results/matched_gold_v2/qwen35/tsez/grammar/original/modelgloss_pdfpages_impactful_jpg.jsonl	metrics/matched_gold_v2/lexical_and_xcomet_xl/qwen35/tsez/grammar/original/modelgloss_pdfpages_impactful_jpg.json	metrics/matched_gold_v2/xcomet_xxl/qwen35/tsez/grammar/original/modelgloss_pdfpages_impactful_jpg.json	445	445	complete	True	True	0	0	0	0	0	native	445	11.564437429122245	37.78533575637893	0.48713536766472826	0.35271512125985005
qwen35_tsez_grammar_original_modelgloss_pdfpages_impactful_jpg	qwen35	Tsez	grammar	original	modelgloss	pdfpages_impactful_jpg	configs/matched_gold_v2/qwen35_tsez_grammar_original_modelgloss_pdfpages_impactful_jpg.json	results/matched_gold_v2/qwen35/tsez/grammar/original/modelgloss_pdfpages_impactful_jpg.jsonl	metrics/matched_gold_v2/lexical_and_xcomet_xl/qwen35/tsez/grammar/original/modelgloss_pdfpages_impactful_jpg.json	metrics/matched_gold_v2/xcomet_xxl/qwen35/tsez/grammar/original/modelgloss_pdfpages_impactful_jpg.json	445	445	complete	True	True	0	0	0	0	0	common99	99	11.871291874009822	37.67307241418181	0.4680011316080286	0.3546326798622054
qwen35_tsez_grammar_original_modelgloss_summary_tables_jpg	qwen35	Tsez	grammar	original	modelgloss	summary_tables_jpg	configs/matched_gold_v2/qwen35_tsez_grammar_original_modelgloss_summary_tables_jpg.json	results/matched_gold_v2/qwen35/tsez/grammar/original/modelgloss_summary_tables_jpg.jsonl	metrics/matched_gold_v2/lexical_and_xcomet_xl/qwen35/tsez/grammar/original/modelgloss_summary_tables_jpg.json	metrics/matched_gold_v2/xcomet_xxl/qwen35/tsez/grammar/original/modelgloss_summary_tables_jpg.json	445	445	complete	True	True	0	0	0	0	0	native	445	11.81129627751682	37.98659426808878	0.49582587463802164	0.3518489264872637
qwen35_tsez_grammar_original_modelgloss_summary_tables_jpg	qwen35	Tsez	grammar	original	modelgloss	summary_tables_jpg	configs/matched_gold_v2/qwen35_tsez_grammar_original_modelgloss_summary_tables_jpg.json	results/matched_gold_v2/qwen35/tsez/grammar/original/modelgloss_summary_tables_jpg.jsonl	metrics/matched_gold_v2/lexical_and_xcomet_xl/qwen35/tsez/grammar/original/modelgloss_summary_tables_jpg.json	metrics/matched_gold_v2/xcomet_xxl/qwen35/tsez/grammar/original/modelgloss_summary_tables_jpg.json	445	445	complete	True	True	0	0	0	0	0	common99	99	10.77069687113922	37.26105303054681	0.47701081437896	0.3365593858138479
qwen35_tsez_grammar_original_modelgloss_summary_tables_txt	qwen35	Tsez	grammar	original	modelgloss	summary_tables_txt	configs/matched_gold_v2/qwen35_tsez_grammar_original_modelgloss_summary_tables_txt.json	results/matched_gold_v2/qwen35/tsez/grammar/original/modelgloss_summary_tables_txt.jsonl	metrics/matched_gold_v2/lexical_and_xcomet_xl/qwen35/tsez/grammar/original/modelgloss_summary_tables_txt.json	metrics/matched_gold_v2/xcomet_xxl/qwen35/tsez/grammar/original/modelgloss_summary_tables_txt.json	445	445	complete	True	True	0	0	0	0	0	native	445	12.750698129541625	40.134269042161606	0.5013640914237901	0.3666042054971952
qwen35_tsez_grammar_original_modelgloss_summary_tables_txt	qwen35	Tsez	grammar	original	modelgloss	summary_tables_txt	configs/matched_gold_v2/qwen35_tsez_grammar_original_modelgloss_summary_tables_txt.json	results/matched_gold_v2/qwen35/tsez/grammar/original/modelgloss_summary_tables_txt.jsonl	metrics/matched_gold_v2/lexical_and_xcomet_xl/qwen35/tsez/grammar/original/modelgloss_summary_tables_txt.json	metrics/matched_gold_v2/xcomet_xxl/qwen35/tsez/grammar/original/modelgloss_summary_tables_txt.json	445	445	complete	True	True	0	0	0	0	0	common99	99	10.224426210986755	39.17940083499767	0.4950224728596331	0.3556546536509437
qwen35_tsez_grammar_original_modelgloss_summary_text_txt	qwen35	Tsez	grammar	original	modelgloss	summary_text_txt	configs/matched_gold_v2/qwen35_tsez_grammar_original_modelgloss_summary_text_txt.json	results/matched_gold_v2/qwen35/tsez/grammar/original/modelgloss_summary_text_txt.jsonl	metrics/matched_gold_v2/lexical_and_xcomet_xl/qwen35/tsez/grammar/original/modelgloss_summary_text_txt.json	metrics/matched_gold_v2/xcomet_xxl/qwen35/tsez/grammar/original/modelgloss_summary_text_txt.json	445	445	complete	True	True	0	0	0	0	0	native	445	12.3275566673709	39.845066017784006	0.4935302627722869	0.3655403235320295
qwen35_tsez_grammar_original_modelgloss_summary_text_txt	qwen35	Tsez	grammar	original	modelgloss	summary_text_txt	configs/matched_gold_v2/qwen35_tsez_grammar_original_modelgloss_summary_text_txt.json	results/matched_gold_v2/qwen35/tsez/grammar/original/modelgloss_summary_text_txt.jsonl	metrics/matched_gold_v2/lexical_and_xcomet_xl/qwen35/tsez/grammar/original/modelgloss_summary_text_txt.json	metrics/matched_gold_v2/xcomet_xxl/qwen35/tsez/grammar/original/modelgloss_summary_text_txt.json	445	445	complete	True	True	0	0	0	0	0	common99	99	11.03669664609602	39.84839022642062	0.4843137996515842	0.3644040598712786
qwen35_tsez_grammar_original_shot_baseline	qwen35	Tsez	grammar	original	shot	baseline	configs/matched_gold_v2/qwen35_tsez_grammar_original_shot_baseline.json	results/matched_gold_v2/qwen35/tsez/grammar/original/shot_baseline.jsonl	metrics/matched_gold_v2/lexical_and_xcomet_xl/qwen35/tsez/grammar/original/shot_baseline.json	metrics/matched_gold_v2/xcomet_xxl/qwen35/tsez/grammar/original/shot_baseline.json	445	445	complete	True	True	0	0	0	0	0	native	445	1.8159692860813548	18.436419177848865	0.24828060985950942	0.1420465459147196
qwen35_tsez_grammar_original_shot_baseline	qwen35	Tsez	grammar	original	shot	baseline	configs/matched_gold_v2/qwen35_tsez_grammar_original_shot_baseline.json	results/matched_gold_v2/qwen35/tsez/grammar/original/shot_baseline.jsonl	metrics/matched_gold_v2/lexical_and_xcomet_xl/qwen35/tsez/grammar/original/shot_baseline.json	metrics/matched_gold_v2/xcomet_xxl/qwen35/tsez/grammar/original/shot_baseline.json	445	445	complete	True	True	0	0	0	0	0	common99	99	1.2363356086826263	17.279522931693762	0.2394866877131992	0.13499985560022218
qwen35_tsez_grammar_original_shot_cheatsheet_jpg	qwen35	Tsez	grammar	original	shot	cheatsheet_jpg	configs/matched_gold_v2/qwen35_tsez_grammar_original_shot_cheatsheet_jpg.json	results/matched_gold_v2/qwen35/tsez/grammar/original/shot_cheatsheet_jpg.jsonl	metrics/matched_gold_v2/lexical_and_xcomet_xl/qwen35/tsez/grammar/original/shot_cheatsheet_jpg.json	metrics/matched_gold_v2/xcomet_xxl/qwen35/tsez/grammar/original/shot_cheatsheet_jpg.json	445	445	complete	True	True	0	0	0	0	0	native	445	1.526727553940665	17.412379758491234	0.24683578265516945	0.13828122604094195
qwen35_tsez_grammar_original_shot_cheatsheet_jpg	qwen35	Tsez	grammar	original	shot	cheatsheet_jpg	configs/matched_gold_v2/qwen35_tsez_grammar_original_shot_cheatsheet_jpg.json	results/matched_gold_v2/qwen35/tsez/grammar/original/shot_cheatsheet_jpg.jsonl	metrics/matched_gold_v2/lexical_and_xcomet_xl/qwen35/tsez/grammar/original/shot_cheatsheet_jpg.json	metrics/matched_gold_v2/xcomet_xxl/qwen35/tsez/grammar/original/shot_cheatsheet_jpg.json	445	445	complete	True	True	0	0	0	0	0	common99	99	1.6978600779654807	16.752754317125714	0.24346571046896656	0.13697474645544785
qwen35_tsez_grammar_original_shot_cheatsheet_txt	qwen35	Tsez	grammar	original	shot	cheatsheet_txt	configs/matched_gold_v2/qwen35_tsez_grammar_original_shot_cheatsheet_txt.json	results/matched_gold_v2/qwen35/tsez/grammar/original/shot_cheatsheet_txt.jsonl	metrics/matched_gold_v2/lexical_and_xcomet_xl/qwen35/tsez/grammar/original/shot_cheatsheet_txt.json	metrics/matched_gold_v2/xcomet_xxl/qwen35/tsez/grammar/original/shot_cheatsheet_txt.json	445	445	complete	True	True	0	0	0	0	0	native	445	1.506619850735588	18.790077862217746	0.247114569869604	0.1442145916350772
qwen35_tsez_grammar_original_shot_cheatsheet_txt	qwen35	Tsez	grammar	original	shot	cheatsheet_txt	configs/matched_gold_v2/qwen35_tsez_grammar_original_shot_cheatsheet_txt.json	results/matched_gold_v2/qwen35/tsez/grammar/original/shot_cheatsheet_txt.jsonl	metrics/matched_gold_v2/lexical_and_xcomet_xl/qwen35/tsez/grammar/original/shot_cheatsheet_txt.json	metrics/matched_gold_v2/xcomet_xxl/qwen35/tsez/grammar/original/shot_cheatsheet_txt.json	445	445	complete	True	True	0	0	0	0	0	common99	99	1.7696744650613732	18.841395058416076	0.25212418912637113	0.14607779937561113
qwen35_tsez_grammar_original_shot_pdfpages_impactful_jpg	qwen35	Tsez	grammar	original	shot	pdfpages_impactful_jpg	configs/matched_gold_v2/qwen35_tsez_grammar_original_shot_pdfpages_impactful_jpg.json	results/matched_gold_v2/qwen35/tsez/grammar/original/shot_pdfpages_impactful_jpg.jsonl	metrics/matched_gold_v2/lexical_and_xcomet_xl/qwen35/tsez/grammar/original/shot_pdfpages_impactful_jpg.json	metrics/matched_gold_v2/xcomet_xxl/qwen35/tsez/grammar/original/shot_pdfpages_impactful_jpg.json	445	445	complete	True	True	0	0	0	0	0	native	445	1.7755139670238862	17.628066699079977	0.2458834807859378	0.13665392681788863
qwen35_tsez_grammar_original_shot_pdfpages_impactful_jpg	qwen35	Tsez	grammar	original	shot	pdfpages_impactful_jpg	configs/matched_gold_v2/qwen35_tsez_grammar_original_shot_pdfpages_impactful_jpg.json	results/matched_gold_v2/qwen35/tsez/grammar/original/shot_pdfpages_impactful_jpg.jsonl	metrics/matched_gold_v2/lexical_and_xcomet_xl/qwen35/tsez/grammar/original/shot_pdfpages_impactful_jpg.json	metrics/matched_gold_v2/xcomet_xxl/qwen35/tsez/grammar/original/shot_pdfpages_impactful_jpg.json	445	445	complete	True	True	0	0	0	0	0	common99	99	2.4059277676901067	17.683888561725215	0.24606292973263094	0.13211958035074098
qwen35_tsez_grammar_original_shot_summary_tables_jpg	qwen35	Tsez	grammar	original	shot	summary_tables_jpg	configs/matched_gold_v2/qwen35_tsez_grammar_original_shot_summary_tables_jpg.json	results/matched_gold_v2/qwen35/tsez/grammar/original/shot_summary_tables_jpg.jsonl	metrics/matched_gold_v2/lexical_and_xcomet_xl/qwen35/tsez/grammar/original/shot_summary_tables_jpg.json	metrics/matched_gold_v2/xcomet_xxl/qwen35/tsez/grammar/original/shot_summary_tables_jpg.json	445	445	complete	True	True	0	0	0	0	0	native	445	1.4206847920740486	17.441970584177135	0.23961186030607545	0.1374206479178386
qwen35_tsez_grammar_original_shot_summary_tables_jpg	qwen35	Tsez	grammar	original	shot	summary_tables_jpg	configs/matched_gold_v2/qwen35_tsez_grammar_original_shot_summary_tables_jpg.json	results/matched_gold_v2/qwen35/tsez/grammar/original/shot_summary_tables_jpg.jsonl	metrics/matched_gold_v2/lexical_and_xcomet_xl/qwen35/tsez/grammar/original/shot_summary_tables_jpg.json	metrics/matched_gold_v2/xcomet_xxl/qwen35/tsez/grammar/original/shot_summary_tables_jpg.json	445	445	complete	True	True	0	0	0	0	0	common99	99	1.0779353719885052	16.93850305726432	0.2422920104229089	0.13645623375972113
qwen35_tsez_grammar_original_shot_summary_tables_txt	qwen35	Tsez	grammar	original	shot	summary_tables_txt	configs/matched_gold_v2/qwen35_tsez_grammar_original_shot_summary_tables_txt.json	results/matched_gold_v2/qwen35/tsez/grammar/original/shot_summary_tables_txt.jsonl	metrics/matched_gold_v2/lexical_and_xcomet_xl/qwen35/tsez/grammar/original/shot_summary_tables_txt.json	metrics/matched_gold_v2/xcomet_xxl/qwen35/tsez/grammar/original/shot_summary_tables_txt.json	445	445	complete	True	True	0	0	0	0	0	native	445	1.4738190072237523	18.75072509190175	0.24686147282632548	0.1412096858192026
qwen35_tsez_grammar_original_shot_summary_tables_txt	qwen35	Tsez	grammar	original	shot	summary_tables_txt	configs/matched_gold_v2/qwen35_tsez_grammar_original_shot_summary_tables_txt.json	results/matched_gold_v2/qwen35/tsez/grammar/original/shot_summary_tables_txt.jsonl	metrics/matched_gold_v2/lexical_and_xcomet_xl/qwen35/tsez/grammar/original/shot_summary_tables_txt.json	metrics/matched_gold_v2/xcomet_xxl/qwen35/tsez/grammar/original/shot_summary_tables_txt.json	445	445	complete	True	True	0	0	0	0	0	common99	99	0.8642874838091333	18.126115447666468	0.25810066121395187	0.13808394373968394
qwen35_tsez_grammar_original_shot_summary_text_txt	qwen35	Tsez	grammar	original	shot	summary_text_txt	configs/matched_gold_v2/qwen35_tsez_grammar_original_shot_summary_text_txt.json	results/matched_gold_v2/qwen35/tsez/grammar/original/shot_summary_text_txt.jsonl	metrics/matched_gold_v2/lexical_and_xcomet_xl/qwen35/tsez/grammar/original/shot_summary_text_txt.json	metrics/matched_gold_v2/xcomet_xxl/qwen35/tsez/grammar/original/shot_summary_text_txt.json	445	445	complete	True	True	0	0	0	0	0	native	445	1.5785840729037541	18.918984786919367	0.24920676819394144	0.14196400987298302
qwen35_tsez_grammar_original_shot_summary_text_txt	qwen35	Tsez	grammar	original	shot	summary_text_txt	configs/matched_gold_v2/qwen35_tsez_grammar_original_shot_summary_text_txt.json	results/matched_gold_v2/qwen35/tsez/grammar/original/shot_summary_text_txt.jsonl	metrics/matched_gold_v2/lexical_and_xcomet_xl/qwen35/tsez/grammar/original/shot_summary_text_txt.json	metrics/matched_gold_v2/xcomet_xxl/qwen35/tsez/grammar/original/shot_summary_text_txt.json	445	445	complete	True	True	0	0	0	0	0	common99	99	1.364815531413127	18.890207670819713	0.24176598468212165	0.13899866747434694
qwen3_gitksan_grammar_original_chain_gloss_baseline	qwen3	Gitksan	grammar	original	chain_gloss	baseline	configs/matched_gold_v2/qwen3_gitksan_grammar_original_chain_gloss_baseline.json	results/matched_gold_v2/qwen3/gitksan/grammar/original/chain_gloss_baseline.jsonl	metrics/matched_gold_v2/lexical_and_xcomet_xl/qwen3/gitksan/grammar/original/chain_gloss_baseline.json	metrics/matched_gold_v2/xcomet_xxl/qwen3/gitksan/grammar/original/chain_gloss_baseline.json	37	37	complete	True	True	1	1	1	0	1	native	37	3.7978111582165055	18.111654252001863	0.2902060106799409	0.18441005272639766
qwen3_gitksan_grammar_original_chain_gloss_baseline	qwen3	Gitksan	grammar	original	chain_gloss	baseline	configs/matched_gold_v2/qwen3_gitksan_grammar_original_chain_gloss_baseline.json	results/matched_gold_v2/qwen3/gitksan/grammar/original/chain_gloss_baseline.jsonl	metrics/matched_gold_v2/lexical_and_xcomet_xl/qwen3/gitksan/grammar/original/chain_gloss_baseline.json	metrics/matched_gold_v2/xcomet_xxl/qwen3/gitksan/grammar/original/chain_gloss_baseline.json	37	37	complete	True	True	1	1	1	0	1	common99	37	3.7978111582165055	18.111654252001863	0.2902060106799409	0.18441005272639766
qwen3_gitksan_grammar_original_modelgloss_baseline	qwen3	Gitksan	grammar	original	modelgloss	baseline	configs/matched_gold_v2/qwen3_gitksan_grammar_original_modelgloss_baseline.json	results/matched_gold_v2/qwen3/gitksan/grammar/original/modelgloss_baseline.jsonl	metrics/matched_gold_v2/lexical_and_xcomet_xl/qwen3/gitksan/grammar/original/modelgloss_baseline.json	metrics/matched_gold_v2/xcomet_xxl/qwen3/gitksan/grammar/original/modelgloss_baseline.json	37	37	complete	True	True	0	0	0	0	0	native	37	14.97832538252319	46.10421310786265	0.5397974252700806	0.43246806634439006
qwen3_gitksan_grammar_original_modelgloss_baseline	qwen3	Gitksan	grammar	original	modelgloss	baseline	configs/matched_gold_v2/qwen3_gitksan_grammar_original_modelgloss_baseline.json	results/matched_gold_v2/qwen3/gitksan/grammar/original/modelgloss_baseline.jsonl	metrics/matched_gold_v2/lexical_and_xcomet_xl/qwen3/gitksan/grammar/original/modelgloss_baseline.json	metrics/matched_gold_v2/xcomet_xxl/qwen3/gitksan/grammar/original/modelgloss_baseline.json	37	37	complete	True	True	0	0	0	0	0	common99	37	14.97832538252319	46.10421310786265	0.5397974252700806	0.43246806634439006
qwen3_gitksan_grammar_original_shot_baseline	qwen3	Gitksan	grammar	original	shot	baseline	configs/matched_gold_v2/qwen3_gitksan_grammar_original_shot_baseline.json	results/matched_gold_v2/qwen3/gitksan/grammar/original/shot_baseline.jsonl	metrics/matched_gold_v2/lexical_and_xcomet_xl/qwen3/gitksan/grammar/original/shot_baseline.json	metrics/matched_gold_v2/xcomet_xxl/qwen3/gitksan/grammar/original/shot_baseline.json	37	37	complete	True	True	0	0	0	0	0	native	37	4.856615191094912	22.932749817715877	0.35267808469566136	0.220044582679465
qwen3_gitksan_grammar_original_shot_baseline	qwen3	Gitksan	grammar	original	shot	baseline	configs/matched_gold_v2/qwen3_gitksan_grammar_original_shot_baseline.json	results/matched_gold_v2/qwen3/gitksan/grammar/original/shot_baseline.jsonl	metrics/matched_gold_v2/lexical_and_xcomet_xl/qwen3/gitksan/grammar/original/shot_baseline.json	metrics/matched_gold_v2/xcomet_xxl/qwen3/gitksan/grammar/original/shot_baseline.json	37	37	complete	True	True	0	0	0	0	0	common99	37	4.856615191094912	22.932749817715877	0.35267808469566136	0.220044582679465
qwen3_gitksan_pdf1_brown_original_chain_gloss_cheatsheet_jpg	qwen3	Gitksan	pdf1_brown	original	chain_gloss	cheatsheet_jpg	configs/matched_gold_v2/qwen3_gitksan_pdf1_brown_original_chain_gloss_cheatsheet_jpg.json	results/matched_gold_v2/qwen3/gitksan/pdf1_brown/original/chain_gloss_cheatsheet_jpg.jsonl	metrics/matched_gold_v2/lexical_and_xcomet_xl/qwen3/gitksan/pdf1_brown/original/chain_gloss_cheatsheet_jpg.json	metrics/matched_gold_v2/xcomet_xxl/qwen3/gitksan/pdf1_brown/original/chain_gloss_cheatsheet_jpg.json	37	37	complete	True	True	1	0	1	0	1	native	37	2.7342192858007017	18.85761877228018	0.3080215361472723	0.17511891009839806
qwen3_gitksan_pdf1_brown_original_chain_gloss_cheatsheet_jpg	qwen3	Gitksan	pdf1_brown	original	chain_gloss	cheatsheet_jpg	configs/matched_gold_v2/qwen3_gitksan_pdf1_brown_original_chain_gloss_cheatsheet_jpg.json	results/matched_gold_v2/qwen3/gitksan/pdf1_brown/original/chain_gloss_cheatsheet_jpg.jsonl	metrics/matched_gold_v2/lexical_and_xcomet_xl/qwen3/gitksan/pdf1_brown/original/chain_gloss_cheatsheet_jpg.json	metrics/matched_gold_v2/xcomet_xxl/qwen3/gitksan/pdf1_brown/original/chain_gloss_cheatsheet_jpg.json	37	37	complete	True	True	1	0	1	0	1	common99	37	2.7342192858007017	18.85761877228018	0.3080215361472723	0.17511891009839806
qwen3_gitksan_pdf1_brown_original_chain_gloss_cheatsheet_txt	qwen3	Gitksan	pdf1_brown	original	chain_gloss	cheatsheet_txt	configs/matched_gold_v2/qwen3_gitksan_pdf1_brown_original_chain_gloss_cheatsheet_txt.json	results/matched_gold_v2/qwen3/gitksan/pdf1_brown/original/chain_gloss_cheatsheet_txt.jsonl	metrics/matched_gold_v2/lexical_and_xcomet_xl/qwen3/gitksan/pdf1_brown/original/chain_gloss_cheatsheet_txt.json	metrics/matched_gold_v2/xcomet_xxl/qwen3/gitksan/pdf1_brown/original/chain_gloss_cheatsheet_txt.json	37	37	complete	True	True	0	0	0	0	0	native	37	5.454278186415132	21.0943620082363	0.300239468345771	0.17848070992811307
qwen3_gitksan_pdf1_brown_original_chain_gloss_cheatsheet_txt	qwen3	Gitksan	pdf1_brown	original	chain_gloss	cheatsheet_txt	configs/matched_gold_v2/qwen3_gitksan_pdf1_brown_original_chain_gloss_cheatsheet_txt.json	results/matched_gold_v2/qwen3/gitksan/pdf1_brown/original/chain_gloss_cheatsheet_txt.jsonl	metrics/matched_gold_v2/lexical_and_xcomet_xl/qwen3/gitksan/pdf1_brown/original/chain_gloss_cheatsheet_txt.json	metrics/matched_gold_v2/xcomet_xxl/qwen3/gitksan/pdf1_brown/original/chain_gloss_cheatsheet_txt.json	37	37	complete	True	True	0	0	0	0	0	common99	37	5.454278186415132	21.0943620082363	0.300239468345771	0.17848070992811307
qwen3_gitksan_pdf1_brown_original_chain_gloss_pdfpages_impactful_jpg	qwen3	Gitksan	pdf1_brown	original	chain_gloss	pdfpages_impactful_jpg	configs/matched_gold_v2/qwen3_gitksan_pdf1_brown_original_chain_gloss_pdfpages_impactful_jpg.json	results/matched_gold_v2/qwen3/gitksan/pdf1_brown/original/chain_gloss_pdfpages_impactful_jpg.jsonl	metrics/matched_gold_v2/lexical_and_xcomet_xl/qwen3/gitksan/pdf1_brown/original/chain_gloss_pdfpages_impactful_jpg.json	metrics/matched_gold_v2/xcomet_xxl/qwen3/gitksan/pdf1_brown/original/chain_gloss_pdfpages_impactful_jpg.json	37	37	complete	True	True	1	1	1	0	1	native	37	4.8344816886610475	20.007958987189582	0.31735362474982803	0.18601358379866625
qwen3_gitksan_pdf1_brown_original_chain_gloss_pdfpages_impactful_jpg	qwen3	Gitksan	pdf1_brown	original	chain_gloss	pdfpages_impactful_jpg	configs/matched_gold_v2/qwen3_gitksan_pdf1_brown_original_chain_gloss_pdfpages_impactful_jpg.json	results/matched_gold_v2/qwen3/gitksan/pdf1_brown/original/chain_gloss_pdfpages_impactful_jpg.jsonl	metrics/matched_gold_v2/lexical_and_xcomet_xl/qwen3/gitksan/pdf1_brown/original/chain_gloss_pdfpages_impactful_jpg.json	metrics/matched_gold_v2/xcomet_xxl/qwen3/gitksan/pdf1_brown/original/chain_gloss_pdfpages_impactful_jpg.json	37	37	complete	True	True	1	1	1	0	1	common99	37	4.8344816886610475	20.007958987189582	0.31735362474982803	0.18601358379866625
qwen3_gitksan_pdf1_brown_original_chain_gloss_summary_tables_jpg	qwen3	Gitksan	pdf1_brown	original	chain_gloss	summary_tables_jpg	configs/matched_gold_v2/qwen3_gitksan_pdf1_brown_original_chain_gloss_summary_tables_jpg.json	results/matched_gold_v2/qwen3/gitksan/pdf1_brown/original/chain_gloss_summary_tables_jpg.jsonl	metrics/matched_gold_v2/lexical_and_xcomet_xl/qwen3/gitksan/pdf1_brown/original/chain_gloss_summary_tables_jpg.json	metrics/matched_gold_v2/xcomet_xxl/qwen3/gitksan/pdf1_brown/original/chain_gloss_summary_tables_jpg.json	37	37	complete	True	True	0	0	0	0	0	native	37	3.1153117525200185	20.355841720863623	0.3040838148948309	0.1867942904701104
qwen3_gitksan_pdf1_brown_original_chain_gloss_summary_tables_jpg	qwen3	Gitksan	pdf1_brown	original	chain_gloss	summary_tables_jpg	configs/matched_gold_v2/qwen3_gitksan_pdf1_brown_original_chain_gloss_summary_tables_jpg.json	results/matched_gold_v2/qwen3/gitksan/pdf1_brown/original/chain_gloss_summary_tables_jpg.jsonl	metrics/matched_gold_v2/lexical_and_xcomet_xl/qwen3/gitksan/pdf1_brown/original/chain_gloss_summary_tables_jpg.json	metrics/matched_gold_v2/xcomet_xxl/qwen3/gitksan/pdf1_brown/original/chain_gloss_summary_tables_jpg.json	37	37	complete	True	True	0	0	0	0	0	common99	37	3.1153117525200185	20.355841720863623	0.3040838148948309	0.1867942904701104
qwen3_gitksan_pdf1_brown_original_chain_gloss_summary_tables_txt	qwen3	Gitksan	pdf1_brown	original	chain_gloss	summary_tables_txt	configs/matched_gold_v2/qwen3_gitksan_pdf1_brown_original_chain_gloss_summary_tables_txt.json	results/matched_gold_v2/qwen3/gitksan/pdf1_brown/original/chain_gloss_summary_tables_txt.jsonl	metrics/matched_gold_v2/lexical_and_xcomet_xl/qwen3/gitksan/pdf1_brown/original/chain_gloss_summary_tables_txt.json	metrics/matched_gold_v2/xcomet_xxl/qwen3/gitksan/pdf1_brown/original/chain_gloss_summary_tables_txt.json	37	37	complete	True	True	1	0	1	0	1	native	37	4.290367141278386	20.874246040900772	0.3265965653432382	0.19289094189534317
qwen3_gitksan_pdf1_brown_original_chain_gloss_summary_tables_txt	qwen3	Gitksan	pdf1_brown	original	chain_gloss	summary_tables_txt	configs/matched_gold_v2/qwen3_gitksan_pdf1_brown_original_chain_gloss_summary_tables_txt.json	results/matched_gold_v2/qwen3/gitksan/pdf1_brown/original/chain_gloss_summary_tables_txt.jsonl	metrics/matched_gold_v2/lexical_and_xcomet_xl/qwen3/gitksan/pdf1_brown/original/chain_gloss_summary_tables_txt.json	metrics/matched_gold_v2/xcomet_xxl/qwen3/gitksan/pdf1_brown/original/chain_gloss_summary_tables_txt.json	37	37	complete	True	True	1	0	1	0	1	common99	37	4.290367141278386	20.874246040900772	0.3265965653432382	0.19289094189534317
qwen3_gitksan_pdf1_brown_original_chain_gloss_summary_text_txt	qwen3	Gitksan	pdf1_brown	original	chain_gloss	summary_text_txt	configs/matched_gold_v2/qwen3_gitksan_pdf1_brown_original_chain_gloss_summary_text_txt.json	results/matched_gold_v2/qwen3/gitksan/pdf1_brown/original/chain_gloss_summary_text_txt.jsonl	metrics/matched_gold_v2/lexical_and_xcomet_xl/qwen3/gitksan/pdf1_brown/original/chain_gloss_summary_text_txt.json	metrics/matched_gold_v2/xcomet_xxl/qwen3/gitksan/pdf1_brown/original/chain_gloss_summary_text_txt.json	37	37	complete	True	True	1	0	1	0	1	native	37	3.6415389128304936	21.108583453073486	0.3199360167255273	0.18984488478383502
qwen3_gitksan_pdf1_brown_original_chain_gloss_summary_text_txt	qwen3	Gitksan	pdf1_brown	original	chain_gloss	summary_text_txt	configs/matched_gold_v2/qwen3_gitksan_pdf1_brown_original_chain_gloss_summary_text_txt.json	results/matched_gold_v2/qwen3/gitksan/pdf1_brown/original/chain_gloss_summary_text_txt.jsonl	metrics/matched_gold_v2/lexical_and_xcomet_xl/qwen3/gitksan/pdf1_brown/original/chain_gloss_summary_text_txt.json	metrics/matched_gold_v2/xcomet_xxl/qwen3/gitksan/pdf1_brown/original/chain_gloss_summary_text_txt.json	37	37	complete	True	True	1	0	1	0	1	common99	37	3.6415389128304936	21.108583453073486	0.3199360167255273	0.18984488478383502
qwen3_gitksan_pdf1_brown_original_modelgloss_cheatsheet_jpg	qwen3	Gitksan	pdf1_brown	original	modelgloss	cheatsheet_jpg	configs/matched_gold_v2/qwen3_gitksan_pdf1_brown_original_modelgloss_cheatsheet_jpg.json	results/matched_gold_v2/qwen3/gitksan/pdf1_brown/original/modelgloss_cheatsheet_jpg.jsonl	metrics/matched_gold_v2/lexical_and_xcomet_xl/qwen3/gitksan/pdf1_brown/original/modelgloss_cheatsheet_jpg.json	metrics/matched_gold_v2/xcomet_xxl/qwen3/gitksan/pdf1_brown/original/modelgloss_cheatsheet_jpg.json	37	37	complete	True	True	0	0	0	0	0	native	37	15.496824914527759	46.23290848983231	0.5663803300342044	0.42531700190660116
qwen3_gitksan_pdf1_brown_original_modelgloss_cheatsheet_jpg	qwen3	Gitksan	pdf1_brown	original	modelgloss	cheatsheet_jpg	configs/matched_gold_v2/qwen3_gitksan_pdf1_brown_original_modelgloss_cheatsheet_jpg.json	results/matched_gold_v2/qwen3/gitksan/pdf1_brown/original/modelgloss_cheatsheet_jpg.jsonl	metrics/matched_gold_v2/lexical_and_xcomet_xl/qwen3/gitksan/pdf1_brown/original/modelgloss_cheatsheet_jpg.json	metrics/matched_gold_v2/xcomet_xxl/qwen3/gitksan/pdf1_brown/original/modelgloss_cheatsheet_jpg.json	37	37	complete	True	True	0	0	0	0	0	common99	37	15.496824914527759	46.23290848983231	0.5663803300342044	0.42531700190660116
qwen3_gitksan_pdf1_brown_original_modelgloss_cheatsheet_txt	qwen3	Gitksan	pdf1_brown	original	modelgloss	cheatsheet_txt	configs/matched_gold_v2/qwen3_gitksan_pdf1_brown_original_modelgloss_cheatsheet_txt.json	results/matched_gold_v2/qwen3/gitksan/pdf1_brown/original/modelgloss_cheatsheet_txt.jsonl	metrics/matched_gold_v2/lexical_and_xcomet_xl/qwen3/gitksan/pdf1_brown/original/modelgloss_cheatsheet_txt.json	metrics/matched_gold_v2/xcomet_xxl/qwen3/gitksan/pdf1_brown/original/modelgloss_cheatsheet_txt.json	37	37	complete	True	True	0	0	0	0	0	native	37	15.781765789836713	47.234876771205236	0.5843668459235011	0.4520015080232878
qwen3_gitksan_pdf1_brown_original_modelgloss_cheatsheet_txt	qwen3	Gitksan	pdf1_brown	original	modelgloss	cheatsheet_txt	configs/matched_gold_v2/qwen3_gitksan_pdf1_brown_original_modelgloss_cheatsheet_txt.json	results/matched_gold_v2/qwen3/gitksan/pdf1_brown/original/modelgloss_cheatsheet_txt.jsonl	metrics/matched_gold_v2/lexical_and_xcomet_xl/qwen3/gitksan/pdf1_brown/original/modelgloss_cheatsheet_txt.json	metrics/matched_gold_v2/xcomet_xxl/qwen3/gitksan/pdf1_brown/original/modelgloss_cheatsheet_txt.json	37	37	complete	True	True	0	0	0	0	0	common99	37	15.781765789836713	47.234876771205236	0.5843668459235011	0.4520015080232878
qwen3_gitksan_pdf1_brown_original_modelgloss_pdfpages_impactful_jpg	qwen3	Gitksan	pdf1_brown	original	modelgloss	pdfpages_impactful_jpg	configs/matched_gold_v2/qwen3_gitksan_pdf1_brown_original_modelgloss_pdfpages_impactful_jpg.json	results/matched_gold_v2/qwen3/gitksan/pdf1_brown/original/modelgloss_pdfpages_impactful_jpg.jsonl	metrics/matched_gold_v2/lexical_and_xcomet_xl/qwen3/gitksan/pdf1_brown/original/modelgloss_pdfpages_impactful_jpg.json	metrics/matched_gold_v2/xcomet_xxl/qwen3/gitksan/pdf1_brown/original/modelgloss_pdfpages_impactful_jpg.json	37	37	complete	True	True	0	0	0	0	0	native	37	13.219139159214041	43.66668693273653	0.5403142023730922	0.4033847616330997
qwen3_gitksan_pdf1_brown_original_modelgloss_pdfpages_impactful_jpg	qwen3	Gitksan	pdf1_brown	original	modelgloss	pdfpages_impactful_jpg	configs/matched_gold_v2/qwen3_gitksan_pdf1_brown_original_modelgloss_pdfpages_impactful_jpg.json	results/matched_gold_v2/qwen3/gitksan/pdf1_brown/original/modelgloss_pdfpages_impactful_jpg.jsonl	metrics/matched_gold_v2/lexical_and_xcomet_xl/qwen3/gitksan/pdf1_brown/original/modelgloss_pdfpages_impactful_jpg.json	metrics/matched_gold_v2/xcomet_xxl/qwen3/gitksan/pdf1_brown/original/modelgloss_pdfpages_impactful_jpg.json	37	37	complete	True	True	0	0	0	0	0	common99	37	13.219139159214041	43.66668693273653	0.5403142023730922	0.4033847616330997
qwen3_gitksan_pdf1_brown_original_modelgloss_summary_tables_jpg	qwen3	Gitksan	pdf1_brown	original	modelgloss	summary_tables_jpg	configs/matched_gold_v2/qwen3_gitksan_pdf1_brown_original_modelgloss_summary_tables_jpg.json	results/matched_gold_v2/qwen3/gitksan/pdf1_brown/original/modelgloss_summary_tables_jpg.jsonl	metrics/matched_gold_v2/lexical_and_xcomet_xl/qwen3/gitksan/pdf1_brown/original/modelgloss_summary_tables_jpg.json	metrics/matched_gold_v2/xcomet_xxl/qwen3/gitksan/pdf1_brown/original/modelgloss_summary_tables_jpg.json	37	37	complete	True	True	0	0	0	0	0	native	37	17.424204296106243	49.22274164355296	0.5385301088964617	0.42577992842809576
qwen3_gitksan_pdf1_brown_original_modelgloss_summary_tables_jpg	qwen3	Gitksan	pdf1_brown	original	modelgloss	summary_tables_jpg	configs/matched_gold_v2/qwen3_gitksan_pdf1_brown_original_modelgloss_summary_tables_jpg.json	results/matched_gold_v2/qwen3/gitksan/pdf1_brown/original/modelgloss_summary_tables_jpg.jsonl	metrics/matched_gold_v2/lexical_and_xcomet_xl/qwen3/gitksan/pdf1_brown/original/modelgloss_summary_tables_jpg.json	metrics/matched_gold_v2/xcomet_xxl/qwen3/gitksan/pdf1_brown/original/modelgloss_summary_tables_jpg.json	37	37	complete	True	True	0	0	0	0	0	common99	37	17.424204296106243	49.22274164355296	0.5385301088964617	0.42577992842809576
qwen3_gitksan_pdf1_brown_original_modelgloss_summary_tables_txt	qwen3	Gitksan	pdf1_brown	original	modelgloss	summary_tables_txt	configs/matched_gold_v2/qwen3_gitksan_pdf1_brown_original_modelgloss_summary_tables_txt.json	results/matched_gold_v2/qwen3/gitksan/pdf1_brown/original/modelgloss_summary_tables_txt.jsonl	metrics/matched_gold_v2/lexical_and_xcomet_xl/qwen3/gitksan/pdf1_brown/original/modelgloss_summary_tables_txt.json	metrics/matched_gold_v2/xcomet_xxl/qwen3/gitksan/pdf1_brown/original/modelgloss_summary_tables_txt.json	37	37	complete	True	True	0	0	0	0	0	native	37	16.711881328369664	46.57379018244395	0.5540242420660483	0.4366122892982251
qwen3_gitksan_pdf1_brown_original_modelgloss_summary_tables_txt	qwen3	Gitksan	pdf1_brown	original	modelgloss	summary_tables_txt	configs/matched_gold_v2/qwen3_gitksan_pdf1_brown_original_modelgloss_summary_tables_txt.json	results/matched_gold_v2/qwen3/gitksan/pdf1_brown/original/modelgloss_summary_tables_txt.jsonl	metrics/matched_gold_v2/lexical_and_xcomet_xl/qwen3/gitksan/pdf1_brown/original/modelgloss_summary_tables_txt.json	metrics/matched_gold_v2/xcomet_xxl/qwen3/gitksan/pdf1_brown/original/modelgloss_summary_tables_txt.json	37	37	complete	True	True	0	0	0	0	0	common99	37	16.711881328369664	46.57379018244395	0.5540242420660483	0.4366122892982251
qwen3_gitksan_pdf1_brown_original_modelgloss_summary_text_txt	qwen3	Gitksan	pdf1_brown	original	modelgloss	summary_text_txt	configs/matched_gold_v2/qwen3_gitksan_pdf1_brown_original_modelgloss_summary_text_txt.json	results/matched_gold_v2/qwen3/gitksan/pdf1_brown/original/modelgloss_summary_text_txt.jsonl	metrics/matched_gold_v2/lexical_and_xcomet_xl/qwen3/gitksan/pdf1_brown/original/modelgloss_summary_text_txt.json	metrics/matched_gold_v2/xcomet_xxl/qwen3/gitksan/pdf1_brown/original/modelgloss_summary_text_txt.json	37	37	complete	True	True	0	0	0	0	0	native	37	17.2418827955647	46.52473522851139	0.588666320249841	0.4475452448870685
qwen3_gitksan_pdf1_brown_original_modelgloss_summary_text_txt	qwen3	Gitksan	pdf1_brown	original	modelgloss	summary_text_txt	configs/matched_gold_v2/qwen3_gitksan_pdf1_brown_original_modelgloss_summary_text_txt.json	results/matched_gold_v2/qwen3/gitksan/pdf1_brown/original/modelgloss_summary_text_txt.jsonl	metrics/matched_gold_v2/lexical_and_xcomet_xl/qwen3/gitksan/pdf1_brown/original/modelgloss_summary_text_txt.json	metrics/matched_gold_v2/xcomet_xxl/qwen3/gitksan/pdf1_brown/original/modelgloss_summary_text_txt.json	37	37	complete	True	True	0	0	0	0	0	common99	37	17.2418827955647	46.52473522851139	0.588666320249841	0.4475452448870685
qwen3_gitksan_pdf1_brown_original_shot_cheatsheet_jpg	qwen3	Gitksan	pdf1_brown	original	shot	cheatsheet_jpg	configs/matched_gold_v2/qwen3_gitksan_pdf1_brown_original_shot_cheatsheet_jpg.json	results/matched_gold_v2/qwen3/gitksan/pdf1_brown/original/shot_cheatsheet_jpg.jsonl	metrics/matched_gold_v2/lexical_and_xcomet_xl/qwen3/gitksan/pdf1_brown/original/shot_cheatsheet_jpg.json	metrics/matched_gold_v2/xcomet_xxl/qwen3/gitksan/pdf1_brown/original/shot_cheatsheet_jpg.json	37	37	complete	True	True	0	0	0	0	0	native	37	4.120729237571299	24.245877699945133	0.34350749950956655	0.20703920883101387
qwen3_gitksan_pdf1_brown_original_shot_cheatsheet_jpg	qwen3	Gitksan	pdf1_brown	original	shot	cheatsheet_jpg	configs/matched_gold_v2/qwen3_gitksan_pdf1_brown_original_shot_cheatsheet_jpg.json	results/matched_gold_v2/qwen3/gitksan/pdf1_brown/original/shot_cheatsheet_jpg.jsonl	metrics/matched_gold_v2/lexical_and_xcomet_xl/qwen3/gitksan/pdf1_brown/original/shot_cheatsheet_jpg.json	metrics/matched_gold_v2/xcomet_xxl/qwen3/gitksan/pdf1_brown/original/shot_cheatsheet_jpg.json	37	37	complete	True	True	0	0	0	0	0	common99	37	4.120729237571299	24.245877699945133	0.34350749950956655	0.20703920883101387
qwen3_gitksan_pdf1_brown_original_shot_cheatsheet_txt	qwen3	Gitksan	pdf1_brown	original	shot	cheatsheet_txt	configs/matched_gold_v2/qwen3_gitksan_pdf1_brown_original_shot_cheatsheet_txt.json	results/matched_gold_v2/qwen3/gitksan/pdf1_brown/original/shot_cheatsheet_txt.jsonl	metrics/matched_gold_v2/lexical_and_xcomet_xl/qwen3/gitksan/pdf1_brown/original/shot_cheatsheet_txt.json	metrics/matched_gold_v2/xcomet_xxl/qwen3/gitksan/pdf1_brown/original/shot_cheatsheet_txt.json	37	37	complete	True	True	0	0	0	0	0	native	37	5.143720362358696	25.231830751777423	0.3518444936017732	0.22449505792276278
qwen3_gitksan_pdf1_brown_original_shot_cheatsheet_txt	qwen3	Gitksan	pdf1_brown	original	shot	cheatsheet_txt	configs/matched_gold_v2/qwen3_gitksan_pdf1_brown_original_shot_cheatsheet_txt.json	results/matched_gold_v2/qwen3/gitksan/pdf1_brown/original/shot_cheatsheet_txt.jsonl	metrics/matched_gold_v2/lexical_and_xcomet_xl/qwen3/gitksan/pdf1_brown/original/shot_cheatsheet_txt.json	metrics/matched_gold_v2/xcomet_xxl/qwen3/gitksan/pdf1_brown/original/shot_cheatsheet_txt.json	37	37	complete	True	True	0	0	0	0	0	common99	37	5.143720362358696	25.231830751777423	0.3518444936017732	0.22449505792276278
qwen3_gitksan_pdf1_brown_original_shot_pdfpages_impactful_jpg	qwen3	Gitksan	pdf1_brown	original	shot	pdfpages_impactful_jpg	configs/matched_gold_v2/qwen3_gitksan_pdf1_brown_original_shot_pdfpages_impactful_jpg.json	results/matched_gold_v2/qwen3/gitksan/pdf1_brown/original/shot_pdfpages_impactful_jpg.jsonl	metrics/matched_gold_v2/lexical_and_xcomet_xl/qwen3/gitksan/pdf1_brown/original/shot_pdfpages_impactful_jpg.json	metrics/matched_gold_v2/xcomet_xxl/qwen3/gitksan/pdf1_brown/original/shot_pdfpages_impactful_jpg.json	37	37	complete	True	True	0	0	0	0	0	native	37	3.617720855370255	22.16541529436804	0.35949656488122167	0.1963002669650155
qwen3_gitksan_pdf1_brown_original_shot_pdfpages_impactful_jpg	qwen3	Gitksan	pdf1_brown	original	shot	pdfpages_impactful_jpg	configs/matched_gold_v2/qwen3_gitksan_pdf1_brown_original_shot_pdfpages_impactful_jpg.json	results/matched_gold_v2/qwen3/gitksan/pdf1_brown/original/shot_pdfpages_impactful_jpg.jsonl	metrics/matched_gold_v2/lexical_and_xcomet_xl/qwen3/gitksan/pdf1_brown/original/shot_pdfpages_impactful_jpg.json	metrics/matched_gold_v2/xcomet_xxl/qwen3/gitksan/pdf1_brown/original/shot_pdfpages_impactful_jpg.json	37	37	complete	True	True	0	0	0	0	0	common99	37	3.617720855370255	22.16541529436804	0.35949656488122167	0.1963002669650155
qwen3_gitksan_pdf1_brown_original_shot_summary_tables_jpg	qwen3	Gitksan	pdf1_brown	original	shot	summary_tables_jpg	configs/matched_gold_v2/qwen3_gitksan_pdf1_brown_original_shot_summary_tables_jpg.json	results/matched_gold_v2/qwen3/gitksan/pdf1_brown/original/shot_summary_tables_jpg.jsonl	metrics/matched_gold_v2/lexical_and_xcomet_xl/qwen3/gitksan/pdf1_brown/original/shot_summary_tables_jpg.json	metrics/matched_gold_v2/xcomet_xxl/qwen3/gitksan/pdf1_brown/original/shot_summary_tables_jpg.json	37	37	complete	True	True	0	0	0	0	0	native	37	4.2974425242653815	25.081511106936926	0.346455721033586	0.21263943250114853
qwen3_gitksan_pdf1_brown_original_shot_summary_tables_jpg	qwen3	Gitksan	pdf1_brown	original	shot	summary_tables_jpg	configs/matched_gold_v2/qwen3_gitksan_pdf1_brown_original_shot_summary_tables_jpg.json	results/matched_gold_v2/qwen3/gitksan/pdf1_brown/original/shot_summary_tables_jpg.jsonl	metrics/matched_gold_v2/lexical_and_xcomet_xl/qwen3/gitksan/pdf1_brown/original/shot_summary_tables_jpg.json	metrics/matched_gold_v2/xcomet_xxl/qwen3/gitksan/pdf1_brown/original/shot_summary_tables_jpg.json	37	37	complete	True	True	0	0	0	0	0	common99	37	4.2974425242653815	25.081511106936926	0.346455721033586	0.21263943250114853
qwen3_gitksan_pdf1_brown_original_shot_summary_tables_txt	qwen3	Gitksan	pdf1_brown	original	shot	summary_tables_txt	configs/matched_gold_v2/qwen3_gitksan_pdf1_brown_original_shot_summary_tables_txt.json	results/matched_gold_v2/qwen3/gitksan/pdf1_brown/original/shot_summary_tables_txt.jsonl	metrics/matched_gold_v2/lexical_and_xcomet_xl/qwen3/gitksan/pdf1_brown/original/shot_summary_tables_txt.json	metrics/matched_gold_v2/xcomet_xxl/qwen3/gitksan/pdf1_brown/original/shot_summary_tables_txt.json	37	37	complete	True	True	0	0	0	0	0	native	37	4.76327002258034	25.519665691920952	0.32452372159506826	0.20094330286657489
qwen3_gitksan_pdf1_brown_original_shot_summary_tables_txt	qwen3	Gitksan	pdf1_brown	original	shot	summary_tables_txt	configs/matched_gold_v2/qwen3_gitksan_pdf1_brown_original_shot_summary_tables_txt.json	results/matched_gold_v2/qwen3/gitksan/pdf1_brown/original/shot_summary_tables_txt.jsonl	metrics/matched_gold_v2/lexical_and_xcomet_xl/qwen3/gitksan/pdf1_brown/original/shot_summary_tables_txt.json	metrics/matched_gold_v2/xcomet_xxl/qwen3/gitksan/pdf1_brown/original/shot_summary_tables_txt.json	37	37	complete	True	True	0	0	0	0	0	common99	37	4.76327002258034	25.519665691920952	0.32452372159506826	0.20094330286657489
qwen3_gitksan_pdf1_brown_original_shot_summary_text_txt	qwen3	Gitksan	pdf1_brown	original	shot	summary_text_txt	configs/matched_gold_v2/qwen3_gitksan_pdf1_brown_original_shot_summary_text_txt.json	results/matched_gold_v2/qwen3/gitksan/pdf1_brown/original/shot_summary_text_txt.jsonl	metrics/matched_gold_v2/lexical_and_xcomet_xl/qwen3/gitksan/pdf1_brown/original/shot_summary_text_txt.json	metrics/matched_gold_v2/xcomet_xxl/qwen3/gitksan/pdf1_brown/original/shot_summary_text_txt.json	37	37	complete	True	True	0	0	0	0	0	native	37	4.472450820818562	23.478563757964828	0.34688313466471593	0.21652226552769943
qwen3_gitksan_pdf1_brown_original_shot_summary_text_txt	qwen3	Gitksan	pdf1_brown	original	shot	summary_text_txt	configs/matched_gold_v2/qwen3_gitksan_pdf1_brown_original_shot_summary_text_txt.json	results/matched_gold_v2/qwen3/gitksan/pdf1_brown/original/shot_summary_text_txt.jsonl	metrics/matched_gold_v2/lexical_and_xcomet_xl/qwen3/gitksan/pdf1_brown/original/shot_summary_text_txt.json	metrics/matched_gold_v2/xcomet_xxl/qwen3/gitksan/pdf1_brown/original/shot_summary_text_txt.json	37	37	complete	True	True	0	0	0	0	0	common99	37	4.472450820818562	23.478563757964828	0.34688313466471593	0.21652226552769943
qwen3_gitksan_pdf2_rigsby_original_chain_gloss_cheatsheet_jpg	qwen3	Gitksan	pdf2_rigsby	original	chain_gloss	cheatsheet_jpg	configs/matched_gold_v2/qwen3_gitksan_pdf2_rigsby_original_chain_gloss_cheatsheet_jpg.json	results/matched_gold_v2/qwen3/gitksan/pdf2_rigsby/original/chain_gloss_cheatsheet_jpg.jsonl	metrics/matched_gold_v2/lexical_and_xcomet_xl/qwen3/gitksan/pdf2_rigsby/original/chain_gloss_cheatsheet_jpg.json	metrics/matched_gold_v2/xcomet_xxl/qwen3/gitksan/pdf2_rigsby/original/chain_gloss_cheatsheet_jpg.json	37	37	complete	True	True	1	1	1	0	1	native	37	2.593361007316039	16.215383915372595	0.29822300334234497	0.16912339486785838
qwen3_gitksan_pdf2_rigsby_original_chain_gloss_cheatsheet_jpg	qwen3	Gitksan	pdf2_rigsby	original	chain_gloss	cheatsheet_jpg	configs/matched_gold_v2/qwen3_gitksan_pdf2_rigsby_original_chain_gloss_cheatsheet_jpg.json	results/matched_gold_v2/qwen3/gitksan/pdf2_rigsby/original/chain_gloss_cheatsheet_jpg.jsonl	metrics/matched_gold_v2/lexical_and_xcomet_xl/qwen3/gitksan/pdf2_rigsby/original/chain_gloss_cheatsheet_jpg.json	metrics/matched_gold_v2/xcomet_xxl/qwen3/gitksan/pdf2_rigsby/original/chain_gloss_cheatsheet_jpg.json	37	37	complete	True	True	1	1	1	0	1	common99	37	2.593361007316039	16.215383915372595	0.29822300334234497	0.16912339486785838
qwen3_gitksan_pdf2_rigsby_original_chain_gloss_cheatsheet_txt	qwen3	Gitksan	pdf2_rigsby	original	chain_gloss	cheatsheet_txt	configs/matched_gold_v2/qwen3_gitksan_pdf2_rigsby_original_chain_gloss_cheatsheet_txt.json	results/matched_gold_v2/qwen3/gitksan/pdf2_rigsby/original/chain_gloss_cheatsheet_txt.jsonl	metrics/matched_gold_v2/lexical_and_xcomet_xl/qwen3/gitksan/pdf2_rigsby/original/chain_gloss_cheatsheet_txt.json	metrics/matched_gold_v2/xcomet_xxl/qwen3/gitksan/pdf2_rigsby/original/chain_gloss_cheatsheet_txt.json	37	37	complete	True	True	2	1	2	0	2	native	37	3.579971485740608	19.926995841709104	0.28596904753027735	0.17365408809603872
qwen3_gitksan_pdf2_rigsby_original_chain_gloss_cheatsheet_txt	qwen3	Gitksan	pdf2_rigsby	original	chain_gloss	cheatsheet_txt	configs/matched_gold_v2/qwen3_gitksan_pdf2_rigsby_original_chain_gloss_cheatsheet_txt.json	results/matched_gold_v2/qwen3/gitksan/pdf2_rigsby/original/chain_gloss_cheatsheet_txt.jsonl	metrics/matched_gold_v2/lexical_and_xcomet_xl/qwen3/gitksan/pdf2_rigsby/original/chain_gloss_cheatsheet_txt.json	metrics/matched_gold_v2/xcomet_xxl/qwen3/gitksan/pdf2_rigsby/original/chain_gloss_cheatsheet_txt.json	37	37	complete	True	True	2	1	2	0	2	common99	37	3.579971485740608	19.926995841709104	0.28596904753027735	0.17365408809603872
qwen3_gitksan_pdf2_rigsby_original_chain_gloss_pdfpages_impactful_jpg	qwen3	Gitksan	pdf2_rigsby	original	chain_gloss	pdfpages_impactful_jpg	configs/matched_gold_v2/qwen3_gitksan_pdf2_rigsby_original_chain_gloss_pdfpages_impactful_jpg.json	results/matched_gold_v2/qwen3/gitksan/pdf2_rigsby/original/chain_gloss_pdfpages_impactful_jpg.jsonl	metrics/matched_gold_v2/lexical_and_xcomet_xl/qwen3/gitksan/pdf2_rigsby/original/chain_gloss_pdfpages_impactful_jpg.json	metrics/matched_gold_v2/xcomet_xxl/qwen3/gitksan/pdf2_rigsby/original/chain_gloss_pdfpages_impactful_jpg.json	37	37	complete	True	True	2	1	2	0	2	native	37	3.4097190419859977	18.19983577726805	0.3155337882203025	0.18594678612174215
qwen3_gitksan_pdf2_rigsby_original_chain_gloss_pdfpages_impactful_jpg	qwen3	Gitksan	pdf2_rigsby	original	chain_gloss	pdfpages_impactful_jpg	configs/matched_gold_v2/qwen3_gitksan_pdf2_rigsby_original_chain_gloss_pdfpages_impactful_jpg.json	results/matched_gold_v2/qwen3/gitksan/pdf2_rigsby/original/chain_gloss_pdfpages_impactful_jpg.jsonl	metrics/matched_gold_v2/lexical_and_xcomet_xl/qwen3/gitksan/pdf2_rigsby/original/chain_gloss_pdfpages_impactful_jpg.json	metrics/matched_gold_v2/xcomet_xxl/qwen3/gitksan/pdf2_rigsby/original/chain_gloss_pdfpages_impactful_jpg.json	37	37	complete	True	True	2	1	2	0	2	common99	37	3.4097190419859977	18.19983577726805	0.3155337882203025	0.18594678612174215
qwen3_gitksan_pdf2_rigsby_original_chain_gloss_summary_tables_jpg	qwen3	Gitksan	pdf2_rigsby	original	chain_gloss	summary_tables_jpg	configs/matched_gold_v2/qwen3_gitksan_pdf2_rigsby_original_chain_gloss_summary_tables_jpg.json	results/matched_gold_v2/qwen3/gitksan/pdf2_rigsby/original/chain_gloss_summary_tables_jpg.jsonl	metrics/matched_gold_v2/lexical_and_xcomet_xl/qwen3/gitksan/pdf2_rigsby/original/chain_gloss_summary_tables_jpg.json	metrics/matched_gold_v2/xcomet_xxl/qwen3/gitksan/pdf2_rigsby/original/chain_gloss_summary_tables_jpg.json	37	37	complete	True	True	0	0	0	0	0	native	37	4.338803190630794	18.87799347518916	0.3217131539776519	0.1809635061669994
qwen3_gitksan_pdf2_rigsby_original_chain_gloss_summary_tables_jpg	qwen3	Gitksan	pdf2_rigsby	original	chain_gloss	summary_tables_jpg	configs/matched_gold_v2/qwen3_gitksan_pdf2_rigsby_original_chain_gloss_summary_tables_jpg.json	results/matched_gold_v2/qwen3/gitksan/pdf2_rigsby/original/chain_gloss_summary_tables_jpg.jsonl	metrics/matched_gold_v2/lexical_and_xcomet_xl/qwen3/gitksan/pdf2_rigsby/original/chain_gloss_summary_tables_jpg.json	metrics/matched_gold_v2/xcomet_xxl/qwen3/gitksan/pdf2_rigsby/original/chain_gloss_summary_tables_jpg.json	37	37	complete	True	True	0	0	0	0	0	common99	37	4.338803190630794	18.87799347518916	0.3217131539776519	0.1809635061669994
qwen3_gitksan_pdf2_rigsby_original_chain_gloss_summary_tables_txt	qwen3	Gitksan	pdf2_rigsby	original	chain_gloss	summary_tables_txt	configs/matched_gold_v2/qwen3_gitksan_pdf2_rigsby_original_chain_gloss_summary_tables_txt.json	results/matched_gold_v2/qwen3/gitksan/pdf2_rigsby/original/chain_gloss_summary_tables_txt.jsonl	metrics/matched_gold_v2/lexical_and_xcomet_xl/qwen3/gitksan/pdf2_rigsby/original/chain_gloss_summary_tables_txt.json	metrics/matched_gold_v2/xcomet_xxl/qwen3/gitksan/pdf2_rigsby/original/chain_gloss_summary_tables_txt.json	37	37	complete	True	True	1	1	1	0	1	native	37	4.048822568043751	20.12546993069177	0.3051899868894268	0.18173638993018382
qwen3_gitksan_pdf2_rigsby_original_chain_gloss_summary_tables_txt	qwen3	Gitksan	pdf2_rigsby	original	chain_gloss	summary_tables_txt	configs/matched_gold_v2/qwen3_gitksan_pdf2_rigsby_original_chain_gloss_summary_tables_txt.json	results/matched_gold_v2/qwen3/gitksan/pdf2_rigsby/original/chain_gloss_summary_tables_txt.jsonl	metrics/matched_gold_v2/lexical_and_xcomet_xl/qwen3/gitksan/pdf2_rigsby/original/chain_gloss_summary_tables_txt.json	metrics/matched_gold_v2/xcomet_xxl/qwen3/gitksan/pdf2_rigsby/original/chain_gloss_summary_tables_txt.json	37	37	complete	True	True	1	1	1	0	1	common99	37	4.048822568043751	20.12546993069177	0.3051899868894268	0.18173638993018382
qwen3_gitksan_pdf2_rigsby_original_chain_gloss_summary_text_txt	qwen3	Gitksan	pdf2_rigsby	original	chain_gloss	summary_text_txt	configs/matched_gold_v2/qwen3_gitksan_pdf2_rigsby_original_chain_gloss_summary_text_txt.json	results/matched_gold_v2/qwen3/gitksan/pdf2_rigsby/original/chain_gloss_summary_text_txt.jsonl	metrics/matched_gold_v2/lexical_and_xcomet_xl/qwen3/gitksan/pdf2_rigsby/original/chain_gloss_summary_text_txt.json	metrics/matched_gold_v2/xcomet_xxl/qwen3/gitksan/pdf2_rigsby/original/chain_gloss_summary_text_txt.json	37	37	complete	True	True	3	1	3	0	3	native	37	3.1745598204612313	19.820223767054987	0.29527994225154053	0.1830490553701246
qwen3_gitksan_pdf2_rigsby_original_chain_gloss_summary_text_txt	qwen3	Gitksan	pdf2_rigsby	original	chain_gloss	summary_text_txt	configs/matched_gold_v2/qwen3_gitksan_pdf2_rigsby_original_chain_gloss_summary_text_txt.json	results/matched_gold_v2/qwen3/gitksan/pdf2_rigsby/original/chain_gloss_summary_text_txt.jsonl	metrics/matched_gold_v2/lexical_and_xcomet_xl/qwen3/gitksan/pdf2_rigsby/original/chain_gloss_summary_text_txt.json	metrics/matched_gold_v2/xcomet_xxl/qwen3/gitksan/pdf2_rigsby/original/chain_gloss_summary_text_txt.json	37	37	complete	True	True	3	1	3	0	3	common99	37	3.1745598204612313	19.820223767054987	0.29527994225154053	0.1830490553701246
qwen3_gitksan_pdf2_rigsby_original_modelgloss_cheatsheet_jpg	qwen3	Gitksan	pdf2_rigsby	original	modelgloss	cheatsheet_jpg	configs/matched_gold_v2/qwen3_gitksan_pdf2_rigsby_original_modelgloss_cheatsheet_jpg.json	results/matched_gold_v2/qwen3/gitksan/pdf2_rigsby/original/modelgloss_cheatsheet_jpg.jsonl	metrics/matched_gold_v2/lexical_and_xcomet_xl/qwen3/gitksan/pdf2_rigsby/original/modelgloss_cheatsheet_jpg.json	metrics/matched_gold_v2/xcomet_xxl/qwen3/gitksan/pdf2_rigsby/original/modelgloss_cheatsheet_jpg.json	37	37	complete	True	True	0	0	0	0	0	native	37	16.702689610992895	46.62824814864629	0.5547407233231777	0.42572701239102595
qwen3_gitksan_pdf2_rigsby_original_modelgloss_cheatsheet_jpg	qwen3	Gitksan	pdf2_rigsby	original	modelgloss	cheatsheet_jpg	configs/matched_gold_v2/qwen3_gitksan_pdf2_rigsby_original_modelgloss_cheatsheet_jpg.json	results/matched_gold_v2/qwen3/gitksan/pdf2_rigsby/original/modelgloss_cheatsheet_jpg.jsonl	metrics/matched_gold_v2/lexical_and_xcomet_xl/qwen3/gitksan/pdf2_rigsby/original/modelgloss_cheatsheet_jpg.json	metrics/matched_gold_v2/xcomet_xxl/qwen3/gitksan/pdf2_rigsby/original/modelgloss_cheatsheet_jpg.json	37	37	complete	True	True	0	0	0	0	0	common99	37	16.702689610992895	46.62824814864629	0.5547407233231777	0.42572701239102595
qwen3_gitksan_pdf2_rigsby_original_modelgloss_cheatsheet_txt	qwen3	Gitksan	pdf2_rigsby	original	modelgloss	cheatsheet_txt	configs/matched_gold_v2/qwen3_gitksan_pdf2_rigsby_original_modelgloss_cheatsheet_txt.json	results/matched_gold_v2/qwen3/gitksan/pdf2_rigsby/original/modelgloss_cheatsheet_txt.jsonl	metrics/matched_gold_v2/lexical_and_xcomet_xl/qwen3/gitksan/pdf2_rigsby/original/modelgloss_cheatsheet_txt.json	metrics/matched_gold_v2/xcomet_xxl/qwen3/gitksan/pdf2_rigsby/original/modelgloss_cheatsheet_txt.json	37	37	complete	True	True	0	0	0	0	0	native	37	16.251052871528014	46.723769877823045	0.5749706388325304	0.42876179616998983
qwen3_gitksan_pdf2_rigsby_original_modelgloss_cheatsheet_txt	qwen3	Gitksan	pdf2_rigsby	original	modelgloss	cheatsheet_txt	configs/matched_gold_v2/qwen3_gitksan_pdf2_rigsby_original_modelgloss_cheatsheet_txt.json	results/matched_gold_v2/qwen3/gitksan/pdf2_rigsby/original/modelgloss_cheatsheet_txt.jsonl	metrics/matched_gold_v2/lexical_and_xcomet_xl/qwen3/gitksan/pdf2_rigsby/original/modelgloss_cheatsheet_txt.json	metrics/matched_gold_v2/xcomet_xxl/qwen3/gitksan/pdf2_rigsby/original/modelgloss_cheatsheet_txt.json	37	37	complete	True	True	0	0	0	0	0	common99	37	16.251052871528014	46.723769877823045	0.5749706388325304	0.42876179616998983
qwen3_gitksan_pdf2_rigsby_original_modelgloss_pdfpages_impactful_jpg	qwen3	Gitksan	pdf2_rigsby	original	modelgloss	pdfpages_impactful_jpg	configs/matched_gold_v2/qwen3_gitksan_pdf2_rigsby_original_modelgloss_pdfpages_impactful_jpg.json	results/matched_gold_v2/qwen3/gitksan/pdf2_rigsby/original/modelgloss_pdfpages_impactful_jpg.jsonl	metrics/matched_gold_v2/lexical_and_xcomet_xl/qwen3/gitksan/pdf2_rigsby/original/modelgloss_pdfpages_impactful_jpg.json	metrics/matched_gold_v2/xcomet_xxl/qwen3/gitksan/pdf2_rigsby/original/modelgloss_pdfpages_impactful_jpg.json	37	37	complete	True	True	0	0	0	0	0	native	37	15.019840886015247	46.2921366950403	0.5690253759558136	0.4316540847758989
qwen3_gitksan_pdf2_rigsby_original_modelgloss_pdfpages_impactful_jpg	qwen3	Gitksan	pdf2_rigsby	original	modelgloss	pdfpages_impactful_jpg	configs/matched_gold_v2/qwen3_gitksan_pdf2_rigsby_original_modelgloss_pdfpages_impactful_jpg.json	results/matched_gold_v2/qwen3/gitksan/pdf2_rigsby/original/modelgloss_pdfpages_impactful_jpg.jsonl	metrics/matched_gold_v2/lexical_and_xcomet_xl/qwen3/gitksan/pdf2_rigsby/original/modelgloss_pdfpages_impactful_jpg.json	metrics/matched_gold_v2/xcomet_xxl/qwen3/gitksan/pdf2_rigsby/original/modelgloss_pdfpages_impactful_jpg.json	37	37	complete	True	True	0	0	0	0	0	common99	37	15.019840886015247	46.2921366950403	0.5690253759558136	0.4316540847758989
qwen3_gitksan_pdf2_rigsby_original_modelgloss_summary_tables_jpg	qwen3	Gitksan	pdf2_rigsby	original	modelgloss	summary_tables_jpg	configs/matched_gold_v2/qwen3_gitksan_pdf2_rigsby_original_modelgloss_summary_tables_jpg.json	results/matched_gold_v2/qwen3/gitksan/pdf2_rigsby/original/modelgloss_summary_tables_jpg.jsonl	metrics/matched_gold_v2/lexical_and_xcomet_xl/qwen3/gitksan/pdf2_rigsby/original/modelgloss_summary_tables_jpg.json	metrics/matched_gold_v2/xcomet_xxl/qwen3/gitksan/pdf2_rigsby/original/modelgloss_summary_tables_jpg.json	37	37	complete	True	True	0	0	0	0	0	native	37	15.114774059678398	46.926938289530604	0.562048754176578	0.43161848127036484
qwen3_gitksan_pdf2_rigsby_original_modelgloss_summary_tables_jpg	qwen3	Gitksan	pdf2_rigsby	original	modelgloss	summary_tables_jpg	configs/matched_gold_v2/qwen3_gitksan_pdf2_rigsby_original_modelgloss_summary_tables_jpg.json	results/matched_gold_v2/qwen3/gitksan/pdf2_rigsby/original/modelgloss_summary_tables_jpg.jsonl	metrics/matched_gold_v2/lexical_and_xcomet_xl/qwen3/gitksan/pdf2_rigsby/original/modelgloss_summary_tables_jpg.json	metrics/matched_gold_v2/xcomet_xxl/qwen3/gitksan/pdf2_rigsby/original/modelgloss_summary_tables_jpg.json	37	37	complete	True	True	0	0	0	0	0	common99	37	15.114774059678398	46.926938289530604	0.562048754176578	0.43161848127036484
qwen3_gitksan_pdf2_rigsby_original_modelgloss_summary_tables_txt	qwen3	Gitksan	pdf2_rigsby	original	modelgloss	summary_tables_txt	configs/matched_gold_v2/qwen3_gitksan_pdf2_rigsby_original_modelgloss_summary_tables_txt.json	results/matched_gold_v2/qwen3/gitksan/pdf2_rigsby/original/modelgloss_summary_tables_txt.jsonl	metrics/matched_gold_v2/lexical_and_xcomet_xl/qwen3/gitksan/pdf2_rigsby/original/modelgloss_summary_tables_txt.json	metrics/matched_gold_v2/xcomet_xxl/qwen3/gitksan/pdf2_rigsby/original/modelgloss_summary_tables_txt.json	37	37	complete	True	True	0	0	0	0	0	native	37	15.6198010501269	46.41202083240037	0.5529427037045762	0.4299380656432461
qwen3_gitksan_pdf2_rigsby_original_modelgloss_summary_tables_txt	qwen3	Gitksan	pdf2_rigsby	original	modelgloss	summary_tables_txt	configs/matched_gold_v2/qwen3_gitksan_pdf2_rigsby_original_modelgloss_summary_tables_txt.json	results/matched_gold_v2/qwen3/gitksan/pdf2_rigsby/original/modelgloss_summary_tables_txt.jsonl	metrics/matched_gold_v2/lexical_and_xcomet_xl/qwen3/gitksan/pdf2_rigsby/original/modelgloss_summary_tables_txt.json	metrics/matched_gold_v2/xcomet_xxl/qwen3/gitksan/pdf2_rigsby/original/modelgloss_summary_tables_txt.json	37	37	complete	True	True	0	0	0	0	0	common99	37	15.6198010501269	46.41202083240037	0.5529427037045762	0.4299380656432461
qwen3_gitksan_pdf2_rigsby_original_modelgloss_summary_text_txt	qwen3	Gitksan	pdf2_rigsby	original	modelgloss	summary_text_txt	configs/matched_gold_v2/qwen3_gitksan_pdf2_rigsby_original_modelgloss_summary_text_txt.json	results/matched_gold_v2/qwen3/gitksan/pdf2_rigsby/original/modelgloss_summary_text_txt.jsonl	metrics/matched_gold_v2/lexical_and_xcomet_xl/qwen3/gitksan/pdf2_rigsby/original/modelgloss_summary_text_txt.json	metrics/matched_gold_v2/xcomet_xxl/qwen3/gitksan/pdf2_rigsby/original/modelgloss_summary_text_txt.json	37	37	complete	True	True	0	0	0	0	0	native	37	16.971714905699397	46.916085375174355	0.5641743556873219	0.4359012983135275
qwen3_gitksan_pdf2_rigsby_original_modelgloss_summary_text_txt	qwen3	Gitksan	pdf2_rigsby	original	modelgloss	summary_text_txt	configs/matched_gold_v2/qwen3_gitksan_pdf2_rigsby_original_modelgloss_summary_text_txt.json	results/matched_gold_v2/qwen3/gitksan/pdf2_rigsby/original/modelgloss_summary_text_txt.jsonl	metrics/matched_gold_v2/lexical_and_xcomet_xl/qwen3/gitksan/pdf2_rigsby/original/modelgloss_summary_text_txt.json	metrics/matched_gold_v2/xcomet_xxl/qwen3/gitksan/pdf2_rigsby/original/modelgloss_summary_text_txt.json	37	37	complete	True	True	0	0	0	0	0	common99	37	16.971714905699397	46.916085375174355	0.5641743556873219	0.4359012983135275
qwen3_gitksan_pdf2_rigsby_original_shot_cheatsheet_jpg	qwen3	Gitksan	pdf2_rigsby	original	shot	cheatsheet_jpg	configs/matched_gold_v2/qwen3_gitksan_pdf2_rigsby_original_shot_cheatsheet_jpg.json	results/matched_gold_v2/qwen3/gitksan/pdf2_rigsby/original/shot_cheatsheet_jpg.jsonl	metrics/matched_gold_v2/lexical_and_xcomet_xl/qwen3/gitksan/pdf2_rigsby/original/shot_cheatsheet_jpg.json	metrics/matched_gold_v2/xcomet_xxl/qwen3/gitksan/pdf2_rigsby/original/shot_cheatsheet_jpg.json	37	37	complete	True	True	0	0	0	0	0	native	37	4.190184860795319	24.468913895630113	0.3326690402385351	0.2095003987889032
qwen3_gitksan_pdf2_rigsby_original_shot_cheatsheet_jpg	qwen3	Gitksan	pdf2_rigsby	original	shot	cheatsheet_jpg	configs/matched_gold_v2/qwen3_gitksan_pdf2_rigsby_original_shot_cheatsheet_jpg.json	results/matched_gold_v2/qwen3/gitksan/pdf2_rigsby/original/shot_cheatsheet_jpg.jsonl	metrics/matched_gold_v2/lexical_and_xcomet_xl/qwen3/gitksan/pdf2_rigsby/original/shot_cheatsheet_jpg.json	metrics/matched_gold_v2/xcomet_xxl/qwen3/gitksan/pdf2_rigsby/original/shot_cheatsheet_jpg.json	37	37	complete	True	True	0	0	0	0	0	common99	37	4.190184860795319	24.468913895630113	0.3326690402385351	0.2095003987889032
qwen3_gitksan_pdf2_rigsby_original_shot_cheatsheet_txt	qwen3	Gitksan	pdf2_rigsby	original	shot	cheatsheet_txt	configs/matched_gold_v2/qwen3_gitksan_pdf2_rigsby_original_shot_cheatsheet_txt.json	results/matched_gold_v2/qwen3/gitksan/pdf2_rigsby/original/shot_cheatsheet_txt.jsonl	metrics/matched_gold_v2/lexical_and_xcomet_xl/qwen3/gitksan/pdf2_rigsby/original/shot_cheatsheet_txt.json	metrics/matched_gold_v2/xcomet_xxl/qwen3/gitksan/pdf2_rigsby/original/shot_cheatsheet_txt.json	37	37	complete	True	True	0	0	0	0	0	native	37	4.238144242168801	23.69415712863964	0.3525841054884163	0.21000108928293795
qwen3_gitksan_pdf2_rigsby_original_shot_cheatsheet_txt	qwen3	Gitksan	pdf2_rigsby	original	shot	cheatsheet_txt	configs/matched_gold_v2/qwen3_gitksan_pdf2_rigsby_original_shot_cheatsheet_txt.json	results/matched_gold_v2/qwen3/gitksan/pdf2_rigsby/original/shot_cheatsheet_txt.jsonl	metrics/matched_gold_v2/lexical_and_xcomet_xl/qwen3/gitksan/pdf2_rigsby/original/shot_cheatsheet_txt.json	metrics/matched_gold_v2/xcomet_xxl/qwen3/gitksan/pdf2_rigsby/original/shot_cheatsheet_txt.json	37	37	complete	True	True	0	0	0	0	0	common99	37	4.238144242168801	23.69415712863964	0.3525841054884163	0.21000108928293795
qwen3_gitksan_pdf2_rigsby_original_shot_pdfpages_impactful_jpg	qwen3	Gitksan	pdf2_rigsby	original	shot	pdfpages_impactful_jpg	configs/matched_gold_v2/qwen3_gitksan_pdf2_rigsby_original_shot_pdfpages_impactful_jpg.json	results/matched_gold_v2/qwen3/gitksan/pdf2_rigsby/original/shot_pdfpages_impactful_jpg.jsonl	metrics/matched_gold_v2/lexical_and_xcomet_xl/qwen3/gitksan/pdf2_rigsby/original/shot_pdfpages_impactful_jpg.json	metrics/matched_gold_v2/xcomet_xxl/qwen3/gitksan/pdf2_rigsby/original/shot_pdfpages_impactful_jpg.json	37	37	complete	True	True	0	0	0	0	0	native	37	5.386791251508374	24.549438638233497	0.3473122160176973	0.2139505876882656
qwen3_gitksan_pdf2_rigsby_original_shot_pdfpages_impactful_jpg	qwen3	Gitksan	pdf2_rigsby	original	shot	pdfpages_impactful_jpg	configs/matched_gold_v2/qwen3_gitksan_pdf2_rigsby_original_shot_pdfpages_impactful_jpg.json	results/matched_gold_v2/qwen3/gitksan/pdf2_rigsby/original/shot_pdfpages_impactful_jpg.jsonl	metrics/matched_gold_v2/lexical_and_xcomet_xl/qwen3/gitksan/pdf2_rigsby/original/shot_pdfpages_impactful_jpg.json	metrics/matched_gold_v2/xcomet_xxl/qwen3/gitksan/pdf2_rigsby/original/shot_pdfpages_impactful_jpg.json	37	37	complete	True	True	0	0	0	0	0	common99	37	5.386791251508374	24.549438638233497	0.3473122160176973	0.2139505876882656
qwen3_gitksan_pdf2_rigsby_original_shot_summary_tables_jpg	qwen3	Gitksan	pdf2_rigsby	original	shot	summary_tables_jpg	configs/matched_gold_v2/qwen3_gitksan_pdf2_rigsby_original_shot_summary_tables_jpg.json	results/matched_gold_v2/qwen3/gitksan/pdf2_rigsby/original/shot_summary_tables_jpg.jsonl	metrics/matched_gold_v2/lexical_and_xcomet_xl/qwen3/gitksan/pdf2_rigsby/original/shot_summary_tables_jpg.json	metrics/matched_gold_v2/xcomet_xxl/qwen3/gitksan/pdf2_rigsby/original/shot_summary_tables_jpg.json	37	37	complete	True	True	0	0	0	0	0	native	37	4.188124816131172	24.31769209208719	0.3350626887703264	0.20833518577588572
qwen3_gitksan_pdf2_rigsby_original_shot_summary_tables_jpg	qwen3	Gitksan	pdf2_rigsby	original	shot	summary_tables_jpg	configs/matched_gold_v2/qwen3_gitksan_pdf2_rigsby_original_shot_summary_tables_jpg.json	results/matched_gold_v2/qwen3/gitksan/pdf2_rigsby/original/shot_summary_tables_jpg.jsonl	metrics/matched_gold_v2/lexical_and_xcomet_xl/qwen3/gitksan/pdf2_rigsby/original/shot_summary_tables_jpg.json	metrics/matched_gold_v2/xcomet_xxl/qwen3/gitksan/pdf2_rigsby/original/shot_summary_tables_jpg.json	37	37	complete	True	True	0	0	0	0	0	common99	37	4.188124816131172	24.31769209208719	0.3350626887703264	0.20833518577588572
qwen3_gitksan_pdf2_rigsby_original_shot_summary_tables_txt	qwen3	Gitksan	pdf2_rigsby	original	shot	summary_tables_txt	configs/matched_gold_v2/qwen3_gitksan_pdf2_rigsby_original_shot_summary_tables_txt.json	results/matched_gold_v2/qwen3/gitksan/pdf2_rigsby/original/shot_summary_tables_txt.jsonl	metrics/matched_gold_v2/lexical_and_xcomet_xl/qwen3/gitksan/pdf2_rigsby/original/shot_summary_tables_txt.json	metrics/matched_gold_v2/xcomet_xxl/qwen3/gitksan/pdf2_rigsby/original/shot_summary_tables_txt.json	37	37	complete	True	True	0	0	0	0	0	native	37	4.50210636261728	24.173447827539643	0.3188668984819103	0.20237703621387482
qwen3_gitksan_pdf2_rigsby_original_shot_summary_tables_txt	qwen3	Gitksan	pdf2_rigsby	original	shot	summary_tables_txt	configs/matched_gold_v2/qwen3_gitksan_pdf2_rigsby_original_shot_summary_tables_txt.json	results/matched_gold_v2/qwen3/gitksan/pdf2_rigsby/original/shot_summary_tables_txt.jsonl	metrics/matched_gold_v2/lexical_and_xcomet_xl/qwen3/gitksan/pdf2_rigsby/original/shot_summary_tables_txt.json	metrics/matched_gold_v2/xcomet_xxl/qwen3/gitksan/pdf2_rigsby/original/shot_summary_tables_txt.json	37	37	complete	True	True	0	0	0	0	0	common99	37	4.50210636261728	24.173447827539643	0.3188668984819103	0.20237703621387482
qwen3_gitksan_pdf2_rigsby_original_shot_summary_text_txt	qwen3	Gitksan	pdf2_rigsby	original	shot	summary_text_txt	configs/matched_gold_v2/qwen3_gitksan_pdf2_rigsby_original_shot_summary_text_txt.json	results/matched_gold_v2/qwen3/gitksan/pdf2_rigsby/original/shot_summary_text_txt.jsonl	metrics/matched_gold_v2/lexical_and_xcomet_xl/qwen3/gitksan/pdf2_rigsby/original/shot_summary_text_txt.json	metrics/matched_gold_v2/xcomet_xxl/qwen3/gitksan/pdf2_rigsby/original/shot_summary_text_txt.json	37	37	complete	True	True	0	0	0	0	0	native	37	4.67054007600683	24.614806756414765	0.32546969160840317	0.2030863614903914
qwen3_gitksan_pdf2_rigsby_original_shot_summary_text_txt	qwen3	Gitksan	pdf2_rigsby	original	shot	summary_text_txt	configs/matched_gold_v2/qwen3_gitksan_pdf2_rigsby_original_shot_summary_text_txt.json	results/matched_gold_v2/qwen3/gitksan/pdf2_rigsby/original/shot_summary_text_txt.jsonl	metrics/matched_gold_v2/lexical_and_xcomet_xl/qwen3/gitksan/pdf2_rigsby/original/shot_summary_text_txt.json	metrics/matched_gold_v2/xcomet_xxl/qwen3/gitksan/pdf2_rigsby/original/shot_summary_text_txt.json	37	37	complete	True	True	0	0	0	0	0	common99	37	4.67054007600683	24.614806756414765	0.32546969160840317	0.2030863614903914
qwen3_lezgi_grammar_cyrillic_chain_gloss_cheatsheet_jpg	qwen3	Lezgi	grammar	cyrillic	chain_gloss	cheatsheet_jpg	configs/matched_gold_v2/qwen3_lezgi_grammar_cyrillic_chain_gloss_cheatsheet_jpg.json	results/matched_gold_v2/qwen3/lezgi/grammar/cyrillic/chain_gloss_cheatsheet_jpg.jsonl	metrics/matched_gold_v2/lexical_and_xcomet_xl/qwen3/lezgi/grammar/cyrillic/chain_gloss_cheatsheet_jpg.json	metrics/matched_gold_v2/xcomet_xxl/qwen3/lezgi/grammar/cyrillic/chain_gloss_cheatsheet_jpg.json	87	87	complete	True	True	1	1	1	0	1	native	87	3.2543596350854584	17.622791187384557	0.335546242094588	0.15630746178928462
qwen3_lezgi_grammar_cyrillic_chain_gloss_cheatsheet_jpg	qwen3	Lezgi	grammar	cyrillic	chain_gloss	cheatsheet_jpg	configs/matched_gold_v2/qwen3_lezgi_grammar_cyrillic_chain_gloss_cheatsheet_jpg.json	results/matched_gold_v2/qwen3/lezgi/grammar/cyrillic/chain_gloss_cheatsheet_jpg.jsonl	metrics/matched_gold_v2/lexical_and_xcomet_xl/qwen3/lezgi/grammar/cyrillic/chain_gloss_cheatsheet_jpg.json	metrics/matched_gold_v2/xcomet_xxl/qwen3/lezgi/grammar/cyrillic/chain_gloss_cheatsheet_jpg.json	87	87	complete	True	True	1	1	1	0	1	common99	87	3.2543596350854584	17.622791187384557	0.335546242094588	0.15630746178928462
qwen3_lezgi_grammar_cyrillic_chain_gloss_cheatsheet_txt	qwen3	Lezgi	grammar	cyrillic	chain_gloss	cheatsheet_txt	configs/matched_gold_v2/qwen3_lezgi_grammar_cyrillic_chain_gloss_cheatsheet_txt.json	results/matched_gold_v2/qwen3/lezgi/grammar/cyrillic/chain_gloss_cheatsheet_txt.jsonl	metrics/matched_gold_v2/lexical_and_xcomet_xl/qwen3/lezgi/grammar/cyrillic/chain_gloss_cheatsheet_txt.json	metrics/matched_gold_v2/xcomet_xxl/qwen3/lezgi/grammar/cyrillic/chain_gloss_cheatsheet_txt.json	87	87	complete	True	True	1	1	1	0	1	native	87	4.113592085755468	20.084124480168516	0.328437640749175	0.15280650633162465
qwen3_lezgi_grammar_cyrillic_chain_gloss_cheatsheet_txt	qwen3	Lezgi	grammar	cyrillic	chain_gloss	cheatsheet_txt	configs/matched_gold_v2/qwen3_lezgi_grammar_cyrillic_chain_gloss_cheatsheet_txt.json	results/matched_gold_v2/qwen3/lezgi/grammar/cyrillic/chain_gloss_cheatsheet_txt.jsonl	metrics/matched_gold_v2/lexical_and_xcomet_xl/qwen3/lezgi/grammar/cyrillic/chain_gloss_cheatsheet_txt.json	metrics/matched_gold_v2/xcomet_xxl/qwen3/lezgi/grammar/cyrillic/chain_gloss_cheatsheet_txt.json	87	87	complete	True	True	1	1	1	0	1	common99	87	4.113592085755468	20.084124480168516	0.328437640749175	0.15280650633162465
qwen3_lezgi_grammar_cyrillic_chain_gloss_summary_tables_jpg	qwen3	Lezgi	grammar	cyrillic	chain_gloss	summary_tables_jpg	configs/matched_gold_v2/qwen3_lezgi_grammar_cyrillic_chain_gloss_summary_tables_jpg.json	results/matched_gold_v2/qwen3/lezgi/grammar/cyrillic/chain_gloss_summary_tables_jpg.jsonl	metrics/matched_gold_v2/lexical_and_xcomet_xl/qwen3/lezgi/grammar/cyrillic/chain_gloss_summary_tables_jpg.json	metrics/matched_gold_v2/xcomet_xxl/qwen3/lezgi/grammar/cyrillic/chain_gloss_summary_tables_jpg.json	87	87	complete	True	True	0	0	0	0	0	native	87	2.9141499413123384	17.256065570950142	0.317479214106483	0.15446293148501167
qwen3_lezgi_grammar_cyrillic_chain_gloss_summary_tables_jpg	qwen3	Lezgi	grammar	cyrillic	chain_gloss	summary_tables_jpg	configs/matched_gold_v2/qwen3_lezgi_grammar_cyrillic_chain_gloss_summary_tables_jpg.json	results/matched_gold_v2/qwen3/lezgi/grammar/cyrillic/chain_gloss_summary_tables_jpg.jsonl	metrics/matched_gold_v2/lexical_and_xcomet_xl/qwen3/lezgi/grammar/cyrillic/chain_gloss_summary_tables_jpg.json	metrics/matched_gold_v2/xcomet_xxl/qwen3/lezgi/grammar/cyrillic/chain_gloss_summary_tables_jpg.json	87	87	complete	True	True	0	0	0	0	0	common99	87	2.9141499413123384	17.256065570950142	0.317479214106483	0.15446293148501167
qwen3_lezgi_grammar_cyrillic_chain_gloss_summary_tables_txt	qwen3	Lezgi	grammar	cyrillic	chain_gloss	summary_tables_txt	configs/matched_gold_v2/qwen3_lezgi_grammar_cyrillic_chain_gloss_summary_tables_txt.json	results/matched_gold_v2/qwen3/lezgi/grammar/cyrillic/chain_gloss_summary_tables_txt.jsonl	metrics/matched_gold_v2/lexical_and_xcomet_xl/qwen3/lezgi/grammar/cyrillic/chain_gloss_summary_tables_txt.json	metrics/matched_gold_v2/xcomet_xxl/qwen3/lezgi/grammar/cyrillic/chain_gloss_summary_tables_txt.json	87	87	complete	True	True	1	1	1	0	1	native	87	4.15777874465707	19.53544081768462	0.32267770291059866	0.15829601096010756
qwen3_lezgi_grammar_cyrillic_chain_gloss_summary_tables_txt	qwen3	Lezgi	grammar	cyrillic	chain_gloss	summary_tables_txt	configs/matched_gold_v2/qwen3_lezgi_grammar_cyrillic_chain_gloss_summary_tables_txt.json	results/matched_gold_v2/qwen3/lezgi/grammar/cyrillic/chain_gloss_summary_tables_txt.jsonl	metrics/matched_gold_v2/lexical_and_xcomet_xl/qwen3/lezgi/grammar/cyrillic/chain_gloss_summary_tables_txt.json	metrics/matched_gold_v2/xcomet_xxl/qwen3/lezgi/grammar/cyrillic/chain_gloss_summary_tables_txt.json	87	87	complete	True	True	1	1	1	0	1	common99	87	4.15777874465707	19.53544081768462	0.32267770291059866	0.15829601096010756
qwen3_lezgi_grammar_cyrillic_chain_gloss_summary_text_txt	qwen3	Lezgi	grammar	cyrillic	chain_gloss	summary_text_txt	configs/matched_gold_v2/qwen3_lezgi_grammar_cyrillic_chain_gloss_summary_text_txt.json	results/matched_gold_v2/qwen3/lezgi/grammar/cyrillic/chain_gloss_summary_text_txt.jsonl	metrics/matched_gold_v2/lexical_and_xcomet_xl/qwen3/lezgi/grammar/cyrillic/chain_gloss_summary_text_txt.json	metrics/matched_gold_v2/xcomet_xxl/qwen3/lezgi/grammar/cyrillic/chain_gloss_summary_text_txt.json	87	87	complete	True	True	1	1	1	0	1	native	87	4.369857416531596	19.823850686179366	0.31677405553302546	0.14574225178395195
qwen3_lezgi_grammar_cyrillic_chain_gloss_summary_text_txt	qwen3	Lezgi	grammar	cyrillic	chain_gloss	summary_text_txt	configs/matched_gold_v2/qwen3_lezgi_grammar_cyrillic_chain_gloss_summary_text_txt.json	results/matched_gold_v2/qwen3/lezgi/grammar/cyrillic/chain_gloss_summary_text_txt.jsonl	metrics/matched_gold_v2/lexical_and_xcomet_xl/qwen3/lezgi/grammar/cyrillic/chain_gloss_summary_text_txt.json	metrics/matched_gold_v2/xcomet_xxl/qwen3/lezgi/grammar/cyrillic/chain_gloss_summary_text_txt.json	87	87	complete	True	True	1	1	1	0	1	common99	87	4.369857416531596	19.823850686179366	0.31677405553302546	0.14574225178395195
qwen3_lezgi_grammar_cyrillic_modelgloss_cheatsheet_jpg	qwen3	Lezgi	grammar	cyrillic	modelgloss	cheatsheet_jpg	configs/matched_gold_v2/qwen3_lezgi_grammar_cyrillic_modelgloss_cheatsheet_jpg.json	results/matched_gold_v2/qwen3/lezgi/grammar/cyrillic/modelgloss_cheatsheet_jpg.jsonl	metrics/matched_gold_v2/lexical_and_xcomet_xl/qwen3/lezgi/grammar/cyrillic/modelgloss_cheatsheet_jpg.json	metrics/matched_gold_v2/xcomet_xxl/qwen3/lezgi/grammar/cyrillic/modelgloss_cheatsheet_jpg.json	87	87	complete	True	True	0	0	0	0	0	native	87	9.667745160607884	33.82656233140829	0.5087635929899654	0.3263441178647951
qwen3_lezgi_grammar_cyrillic_modelgloss_cheatsheet_jpg	qwen3	Lezgi	grammar	cyrillic	modelgloss	cheatsheet_jpg	configs/matched_gold_v2/qwen3_lezgi_grammar_cyrillic_modelgloss_cheatsheet_jpg.json	results/matched_gold_v2/qwen3/lezgi/grammar/cyrillic/modelgloss_cheatsheet_jpg.jsonl	metrics/matched_gold_v2/lexical_and_xcomet_xl/qwen3/lezgi/grammar/cyrillic/modelgloss_cheatsheet_jpg.json	metrics/matched_gold_v2/xcomet_xxl/qwen3/lezgi/grammar/cyrillic/modelgloss_cheatsheet_jpg.json	87	87	complete	True	True	0	0	0	0	0	common99	87	9.667745160607884	33.82656233140829	0.5087635929899654	0.3263441178647951
qwen3_lezgi_grammar_cyrillic_modelgloss_cheatsheet_txt	qwen3	Lezgi	grammar	cyrillic	modelgloss	cheatsheet_txt	configs/matched_gold_v2/qwen3_lezgi_grammar_cyrillic_modelgloss_cheatsheet_txt.json	results/matched_gold_v2/qwen3/lezgi/grammar/cyrillic/modelgloss_cheatsheet_txt.jsonl	metrics/matched_gold_v2/lexical_and_xcomet_xl/qwen3/lezgi/grammar/cyrillic/modelgloss_cheatsheet_txt.json	metrics/matched_gold_v2/xcomet_xxl/qwen3/lezgi/grammar/cyrillic/modelgloss_cheatsheet_txt.json	87	87	complete	True	True	0	0	0	0	0	native	87	8.276593623170923	35.56222468583014	0.5268770745773425	0.3440451171548887
qwen3_lezgi_grammar_cyrillic_modelgloss_cheatsheet_txt	qwen3	Lezgi	grammar	cyrillic	modelgloss	cheatsheet_txt	configs/matched_gold_v2/qwen3_lezgi_grammar_cyrillic_modelgloss_cheatsheet_txt.json	results/matched_gold_v2/qwen3/lezgi/grammar/cyrillic/modelgloss_cheatsheet_txt.jsonl	metrics/matched_gold_v2/lexical_and_xcomet_xl/qwen3/lezgi/grammar/cyrillic/modelgloss_cheatsheet_txt.json	metrics/matched_gold_v2/xcomet_xxl/qwen3/lezgi/grammar/cyrillic/modelgloss_cheatsheet_txt.json	87	87	complete	True	True	0	0	0	0	0	common99	87	8.276593623170923	35.56222468583014	0.5268770745773425	0.3440451171548887
qwen3_lezgi_grammar_cyrillic_modelgloss_summary_tables_jpg	qwen3	Lezgi	grammar	cyrillic	modelgloss	summary_tables_jpg	configs/matched_gold_v2/qwen3_lezgi_grammar_cyrillic_modelgloss_summary_tables_jpg.json	results/matched_gold_v2/qwen3/lezgi/grammar/cyrillic/modelgloss_summary_tables_jpg.jsonl	metrics/matched_gold_v2/lexical_and_xcomet_xl/qwen3/lezgi/grammar/cyrillic/modelgloss_summary_tables_jpg.json	metrics/matched_gold_v2/xcomet_xxl/qwen3/lezgi/grammar/cyrillic/modelgloss_summary_tables_jpg.json	87	87	complete	True	True	0	0	0	0	0	native	87	9.89898915574916	34.34060289817175	0.5088966392922676	0.3322628781884566
qwen3_lezgi_grammar_cyrillic_modelgloss_summary_tables_jpg	qwen3	Lezgi	grammar	cyrillic	modelgloss	summary_tables_jpg	configs/matched_gold_v2/qwen3_lezgi_grammar_cyrillic_modelgloss_summary_tables_jpg.json	results/matched_gold_v2/qwen3/lezgi/grammar/cyrillic/modelgloss_summary_tables_jpg.jsonl	metrics/matched_gold_v2/lexical_and_xcomet_xl/qwen3/lezgi/grammar/cyrillic/modelgloss_summary_tables_jpg.json	metrics/matched_gold_v2/xcomet_xxl/qwen3/lezgi/grammar/cyrillic/modelgloss_summary_tables_jpg.json	87	87	complete	True	True	0	0	0	0	0	common99	87	9.89898915574916	34.34060289817175	0.5088966392922676	0.3322628781884566
qwen3_lezgi_grammar_cyrillic_modelgloss_summary_tables_txt	qwen3	Lezgi	grammar	cyrillic	modelgloss	summary_tables_txt	configs/matched_gold_v2/qwen3_lezgi_grammar_cyrillic_modelgloss_summary_tables_txt.json	results/matched_gold_v2/qwen3/lezgi/grammar/cyrillic/modelgloss_summary_tables_txt.jsonl	metrics/matched_gold_v2/lexical_and_xcomet_xl/qwen3/lezgi/grammar/cyrillic/modelgloss_summary_tables_txt.json	metrics/matched_gold_v2/xcomet_xxl/qwen3/lezgi/grammar/cyrillic/modelgloss_summary_tables_txt.json	87	87	complete	True	True	0	0	0	0	0	native	87	8.08121427019333	36.10240322091209	0.5149699675625768	0.34761574376246024
qwen3_lezgi_grammar_cyrillic_modelgloss_summary_tables_txt	qwen3	Lezgi	grammar	cyrillic	modelgloss	summary_tables_txt	configs/matched_gold_v2/qwen3_lezgi_grammar_cyrillic_modelgloss_summary_tables_txt.json	results/matched_gold_v2/qwen3/lezgi/grammar/cyrillic/modelgloss_summary_tables_txt.jsonl	metrics/matched_gold_v2/lexical_and_xcomet_xl/qwen3/lezgi/grammar/cyrillic/modelgloss_summary_tables_txt.json	metrics/matched_gold_v2/xcomet_xxl/qwen3/lezgi/grammar/cyrillic/modelgloss_summary_tables_txt.json	87	87	complete	True	True	0	0	0	0	0	common99	87	8.08121427019333	36.10240322091209	0.5149699675625768	0.34761574376246024
qwen3_lezgi_grammar_cyrillic_modelgloss_summary_text_txt	qwen3	Lezgi	grammar	cyrillic	modelgloss	summary_text_txt	configs/matched_gold_v2/qwen3_lezgi_grammar_cyrillic_modelgloss_summary_text_txt.json	results/matched_gold_v2/qwen3/lezgi/grammar/cyrillic/modelgloss_summary_text_txt.jsonl	metrics/matched_gold_v2/lexical_and_xcomet_xl/qwen3/lezgi/grammar/cyrillic/modelgloss_summary_text_txt.json	metrics/matched_gold_v2/xcomet_xxl/qwen3/lezgi/grammar/cyrillic/modelgloss_summary_text_txt.json	87	87	complete	True	True	0	0	0	0	0	native	87	8.885976149883694	36.24502626544228	0.5158075328873492	0.3372173145755954
qwen3_lezgi_grammar_cyrillic_modelgloss_summary_text_txt	qwen3	Lezgi	grammar	cyrillic	modelgloss	summary_text_txt	configs/matched_gold_v2/qwen3_lezgi_grammar_cyrillic_modelgloss_summary_text_txt.json	results/matched_gold_v2/qwen3/lezgi/grammar/cyrillic/modelgloss_summary_text_txt.jsonl	metrics/matched_gold_v2/lexical_and_xcomet_xl/qwen3/lezgi/grammar/cyrillic/modelgloss_summary_text_txt.json	metrics/matched_gold_v2/xcomet_xxl/qwen3/lezgi/grammar/cyrillic/modelgloss_summary_text_txt.json	87	87	complete	True	True	0	0	0	0	0	common99	87	8.885976149883694	36.24502626544228	0.5158075328873492	0.3372173145755954
qwen3_lezgi_grammar_cyrillic_shot_cheatsheet_jpg	qwen3	Lezgi	grammar	cyrillic	shot	cheatsheet_jpg	configs/matched_gold_v2/qwen3_lezgi_grammar_cyrillic_shot_cheatsheet_jpg.json	results/matched_gold_v2/qwen3/lezgi/grammar/cyrillic/shot_cheatsheet_jpg.jsonl	metrics/matched_gold_v2/lexical_and_xcomet_xl/qwen3/lezgi/grammar/cyrillic/shot_cheatsheet_jpg.json	metrics/matched_gold_v2/xcomet_xxl/qwen3/lezgi/grammar/cyrillic/shot_cheatsheet_jpg.json	87	87	complete	True	True	5	5	0	0	5	native	87	3.818937141380001	18.077762535577307	0.3463710106309803	0.15277772876380505
qwen3_lezgi_grammar_cyrillic_shot_cheatsheet_jpg	qwen3	Lezgi	grammar	cyrillic	shot	cheatsheet_jpg	configs/matched_gold_v2/qwen3_lezgi_grammar_cyrillic_shot_cheatsheet_jpg.json	results/matched_gold_v2/qwen3/lezgi/grammar/cyrillic/shot_cheatsheet_jpg.jsonl	metrics/matched_gold_v2/lexical_and_xcomet_xl/qwen3/lezgi/grammar/cyrillic/shot_cheatsheet_jpg.json	metrics/matched_gold_v2/xcomet_xxl/qwen3/lezgi/grammar/cyrillic/shot_cheatsheet_jpg.json	87	87	complete	True	True	5	5	0	0	5	common99	87	3.818937141380001	18.077762535577307	0.3463710106309803	0.15277772876380505
qwen3_lezgi_grammar_cyrillic_shot_cheatsheet_txt	qwen3	Lezgi	grammar	cyrillic	shot	cheatsheet_txt	configs/matched_gold_v2/qwen3_lezgi_grammar_cyrillic_shot_cheatsheet_txt.json	results/matched_gold_v2/qwen3/lezgi/grammar/cyrillic/shot_cheatsheet_txt.jsonl	metrics/matched_gold_v2/lexical_and_xcomet_xl/qwen3/lezgi/grammar/cyrillic/shot_cheatsheet_txt.json	metrics/matched_gold_v2/xcomet_xxl/qwen3/lezgi/grammar/cyrillic/shot_cheatsheet_txt.json	87	87	complete	True	True	0	0	0	0	0	native	87	3.963612074183648	19.692876845519432	0.32468057706438264	0.14425522482943262
qwen3_lezgi_grammar_cyrillic_shot_cheatsheet_txt	qwen3	Lezgi	grammar	cyrillic	shot	cheatsheet_txt	configs/matched_gold_v2/qwen3_lezgi_grammar_cyrillic_shot_cheatsheet_txt.json	results/matched_gold_v2/qwen3/lezgi/grammar/cyrillic/shot_cheatsheet_txt.jsonl	metrics/matched_gold_v2/lexical_and_xcomet_xl/qwen3/lezgi/grammar/cyrillic/shot_cheatsheet_txt.json	metrics/matched_gold_v2/xcomet_xxl/qwen3/lezgi/grammar/cyrillic/shot_cheatsheet_txt.json	87	87	complete	True	True	0	0	0	0	0	common99	87	3.963612074183648	19.692876845519432	0.32468057706438264	0.14425522482943262
qwen3_lezgi_grammar_cyrillic_shot_summary_tables_jpg	qwen3	Lezgi	grammar	cyrillic	shot	summary_tables_jpg	configs/matched_gold_v2/qwen3_lezgi_grammar_cyrillic_shot_summary_tables_jpg.json	results/matched_gold_v2/qwen3/lezgi/grammar/cyrillic/shot_summary_tables_jpg.jsonl	metrics/matched_gold_v2/lexical_and_xcomet_xl/qwen3/lezgi/grammar/cyrillic/shot_summary_tables_jpg.json	metrics/matched_gold_v2/xcomet_xxl/qwen3/lezgi/grammar/cyrillic/shot_summary_tables_jpg.json	87	87	complete	True	True	5	2	0	0	5	native	87	3.6727399602892534	18.693899837428315	0.3437889500938613	0.14494643206226415
qwen3_lezgi_grammar_cyrillic_shot_summary_tables_jpg	qwen3	Lezgi	grammar	cyrillic	shot	summary_tables_jpg	configs/matched_gold_v2/qwen3_lezgi_grammar_cyrillic_shot_summary_tables_jpg.json	results/matched_gold_v2/qwen3/lezgi/grammar/cyrillic/shot_summary_tables_jpg.jsonl	metrics/matched_gold_v2/lexical_and_xcomet_xl/qwen3/lezgi/grammar/cyrillic/shot_summary_tables_jpg.json	metrics/matched_gold_v2/xcomet_xxl/qwen3/lezgi/grammar/cyrillic/shot_summary_tables_jpg.json	87	87	complete	True	True	5	2	0	0	5	common99	87	3.6727399602892534	18.693899837428315	0.3437889500938613	0.14494643206226415
qwen3_lezgi_grammar_cyrillic_shot_summary_tables_txt	qwen3	Lezgi	grammar	cyrillic	shot	summary_tables_txt	configs/matched_gold_v2/qwen3_lezgi_grammar_cyrillic_shot_summary_tables_txt.json	results/matched_gold_v2/qwen3/lezgi/grammar/cyrillic/shot_summary_tables_txt.jsonl	metrics/matched_gold_v2/lexical_and_xcomet_xl/qwen3/lezgi/grammar/cyrillic/shot_summary_tables_txt.json	metrics/matched_gold_v2/xcomet_xxl/qwen3/lezgi/grammar/cyrillic/shot_summary_tables_txt.json	87	87	complete	True	True	1	1	0	0	1	native	87	4.0271917551583405	19.888715944810578	0.3376229801054659	0.1581611704381033
qwen3_lezgi_grammar_cyrillic_shot_summary_tables_txt	qwen3	Lezgi	grammar	cyrillic	shot	summary_tables_txt	configs/matched_gold_v2/qwen3_lezgi_grammar_cyrillic_shot_summary_tables_txt.json	results/matched_gold_v2/qwen3/lezgi/grammar/cyrillic/shot_summary_tables_txt.jsonl	metrics/matched_gold_v2/lexical_and_xcomet_xl/qwen3/lezgi/grammar/cyrillic/shot_summary_tables_txt.json	metrics/matched_gold_v2/xcomet_xxl/qwen3/lezgi/grammar/cyrillic/shot_summary_tables_txt.json	87	87	complete	True	True	1	1	0	0	1	common99	87	4.0271917551583405	19.888715944810578	0.3376229801054659	0.1581611704381033
qwen3_lezgi_grammar_cyrillic_shot_summary_text_txt	qwen3	Lezgi	grammar	cyrillic	shot	summary_text_txt	configs/matched_gold_v2/qwen3_lezgi_grammar_cyrillic_shot_summary_text_txt.json	results/matched_gold_v2/qwen3/lezgi/grammar/cyrillic/shot_summary_text_txt.jsonl	metrics/matched_gold_v2/lexical_and_xcomet_xl/qwen3/lezgi/grammar/cyrillic/shot_summary_text_txt.json	metrics/matched_gold_v2/xcomet_xxl/qwen3/lezgi/grammar/cyrillic/shot_summary_text_txt.json	87	87	complete	True	True	0	0	0	0	0	native	87	3.7511627647156756	20.15258135956631	0.3372437236295349	0.1535277452277041
qwen3_lezgi_grammar_cyrillic_shot_summary_text_txt	qwen3	Lezgi	grammar	cyrillic	shot	summary_text_txt	configs/matched_gold_v2/qwen3_lezgi_grammar_cyrillic_shot_summary_text_txt.json	results/matched_gold_v2/qwen3/lezgi/grammar/cyrillic/shot_summary_text_txt.jsonl	metrics/matched_gold_v2/lexical_and_xcomet_xl/qwen3/lezgi/grammar/cyrillic/shot_summary_text_txt.json	metrics/matched_gold_v2/xcomet_xxl/qwen3/lezgi/grammar/cyrillic/shot_summary_text_txt.json	87	87	complete	True	True	0	0	0	0	0	common99	87	3.7511627647156756	20.15258135956631	0.3372437236295349	0.1535277452277041
qwen3_lezgi_grammar_original_chain_gloss_baseline	qwen3	Lezgi	grammar	original	chain_gloss	baseline	configs/matched_gold_v2/qwen3_lezgi_grammar_original_chain_gloss_baseline.json	results/matched_gold_v2/qwen3/lezgi/grammar/original/chain_gloss_baseline.jsonl	metrics/matched_gold_v2/lexical_and_xcomet_xl/qwen3/lezgi/grammar/original/chain_gloss_baseline.json	metrics/matched_gold_v2/xcomet_xxl/qwen3/lezgi/grammar/original/chain_gloss_baseline.json	87	87	complete	True	True	1	1	1	0	1	native	87	4.219373361487495	19.20508273372282	0.3508816087382963	0.15703006628258476
qwen3_lezgi_grammar_original_chain_gloss_baseline	qwen3	Lezgi	grammar	original	chain_gloss	baseline	configs/matched_gold_v2/qwen3_lezgi_grammar_original_chain_gloss_baseline.json	results/matched_gold_v2/qwen3/lezgi/grammar/original/chain_gloss_baseline.jsonl	metrics/matched_gold_v2/lexical_and_xcomet_xl/qwen3/lezgi/grammar/original/chain_gloss_baseline.json	metrics/matched_gold_v2/xcomet_xxl/qwen3/lezgi/grammar/original/chain_gloss_baseline.json	87	87	complete	True	True	1	1	1	0	1	common99	87	4.219373361487495	19.20508273372282	0.3508816087382963	0.15703006628258476
qwen3_lezgi_grammar_original_chain_gloss_cheatsheet_jpg	qwen3	Lezgi	grammar	original	chain_gloss	cheatsheet_jpg	configs/matched_gold_v2/qwen3_lezgi_grammar_original_chain_gloss_cheatsheet_jpg.json	results/matched_gold_v2/qwen3/lezgi/grammar/original/chain_gloss_cheatsheet_jpg.jsonl	metrics/matched_gold_v2/lexical_and_xcomet_xl/qwen3/lezgi/grammar/original/chain_gloss_cheatsheet_jpg.json	metrics/matched_gold_v2/xcomet_xxl/qwen3/lezgi/grammar/original/chain_gloss_cheatsheet_jpg.json	87	87	complete	True	True	1	1	1	0	1	native	87	4.09722377285573	17.689185610860882	0.345334270390971	0.1709687738925561
qwen3_lezgi_grammar_original_chain_gloss_cheatsheet_jpg	qwen3	Lezgi	grammar	original	chain_gloss	cheatsheet_jpg	configs/matched_gold_v2/qwen3_lezgi_grammar_original_chain_gloss_cheatsheet_jpg.json	results/matched_gold_v2/qwen3/lezgi/grammar/original/chain_gloss_cheatsheet_jpg.jsonl	metrics/matched_gold_v2/lexical_and_xcomet_xl/qwen3/lezgi/grammar/original/chain_gloss_cheatsheet_jpg.json	metrics/matched_gold_v2/xcomet_xxl/qwen3/lezgi/grammar/original/chain_gloss_cheatsheet_jpg.json	87	87	complete	True	True	1	1	1	0	1	common99	87	4.09722377285573	17.689185610860882	0.345334270390971	0.1709687738925561
qwen3_lezgi_grammar_original_chain_gloss_cheatsheet_txt	qwen3	Lezgi	grammar	original	chain_gloss	cheatsheet_txt	configs/matched_gold_v2/qwen3_lezgi_grammar_original_chain_gloss_cheatsheet_txt.json	results/matched_gold_v2/qwen3/lezgi/grammar/original/chain_gloss_cheatsheet_txt.jsonl	metrics/matched_gold_v2/lexical_and_xcomet_xl/qwen3/lezgi/grammar/original/chain_gloss_cheatsheet_txt.json	metrics/matched_gold_v2/xcomet_xxl/qwen3/lezgi/grammar/original/chain_gloss_cheatsheet_txt.json	87	87	complete	True	True	0	0	0	0	0	native	87	3.796304105152238	20.16786826840756	0.33187923828760785	0.1620292622467567
qwen3_lezgi_grammar_original_chain_gloss_cheatsheet_txt	qwen3	Lezgi	grammar	original	chain_gloss	cheatsheet_txt	configs/matched_gold_v2/qwen3_lezgi_grammar_original_chain_gloss_cheatsheet_txt.json	results/matched_gold_v2/qwen3/lezgi/grammar/original/chain_gloss_cheatsheet_txt.jsonl	metrics/matched_gold_v2/lexical_and_xcomet_xl/qwen3/lezgi/grammar/original/chain_gloss_cheatsheet_txt.json	metrics/matched_gold_v2/xcomet_xxl/qwen3/lezgi/grammar/original/chain_gloss_cheatsheet_txt.json	87	87	complete	True	True	0	0	0	0	0	common99	87	3.796304105152238	20.16786826840756	0.33187923828760785	0.1620292622467567
qwen3_lezgi_grammar_original_chain_gloss_pdfpages_impactful_jpg	qwen3	Lezgi	grammar	original	chain_gloss	pdfpages_impactful_jpg	configs/matched_gold_v2/qwen3_lezgi_grammar_original_chain_gloss_pdfpages_impactful_jpg.json	results/matched_gold_v2/qwen3/lezgi/grammar/original/chain_gloss_pdfpages_impactful_jpg.jsonl	metrics/matched_gold_v2/lexical_and_xcomet_xl/qwen3/lezgi/grammar/original/chain_gloss_pdfpages_impactful_jpg.json	metrics/matched_gold_v2/xcomet_xxl/qwen3/lezgi/grammar/original/chain_gloss_pdfpages_impactful_jpg.json	87	87	complete	True	True	1	1	1	0	1	native	87	3.5825494290123685	17.582585234199026	0.31874177373688795	0.14293425247587008
qwen3_lezgi_grammar_original_chain_gloss_pdfpages_impactful_jpg	qwen3	Lezgi	grammar	original	chain_gloss	pdfpages_impactful_jpg	configs/matched_gold_v2/qwen3_lezgi_grammar_original_chain_gloss_pdfpages_impactful_jpg.json	results/matched_gold_v2/qwen3/lezgi/grammar/original/chain_gloss_pdfpages_impactful_jpg.jsonl	metrics/matched_gold_v2/lexical_and_xcomet_xl/qwen3/lezgi/grammar/original/chain_gloss_pdfpages_impactful_jpg.json	metrics/matched_gold_v2/xcomet_xxl/qwen3/lezgi/grammar/original/chain_gloss_pdfpages_impactful_jpg.json	87	87	complete	True	True	1	1	1	0	1	common99	87	3.5825494290123685	17.582585234199026	0.31874177373688795	0.14293425247587008
qwen3_lezgi_grammar_original_chain_gloss_summary_tables_jpg	qwen3	Lezgi	grammar	original	chain_gloss	summary_tables_jpg	configs/matched_gold_v2/qwen3_lezgi_grammar_original_chain_gloss_summary_tables_jpg.json	results/matched_gold_v2/qwen3/lezgi/grammar/original/chain_gloss_summary_tables_jpg.jsonl	metrics/matched_gold_v2/lexical_and_xcomet_xl/qwen3/lezgi/grammar/original/chain_gloss_summary_tables_jpg.json	metrics/matched_gold_v2/xcomet_xxl/qwen3/lezgi/grammar/original/chain_gloss_summary_tables_jpg.json	87	87	complete	True	True	0	0	0	0	0	native	87	3.5019062643585652	17.694813377192	0.3255656657890342	0.15330941966552844
qwen3_lezgi_grammar_original_chain_gloss_summary_tables_jpg	qwen3	Lezgi	grammar	original	chain_gloss	summary_tables_jpg	configs/matched_gold_v2/qwen3_lezgi_grammar_original_chain_gloss_summary_tables_jpg.json	results/matched_gold_v2/qwen3/lezgi/grammar/original/chain_gloss_summary_tables_jpg.jsonl	metrics/matched_gold_v2/lexical_and_xcomet_xl/qwen3/lezgi/grammar/original/chain_gloss_summary_tables_jpg.json	metrics/matched_gold_v2/xcomet_xxl/qwen3/lezgi/grammar/original/chain_gloss_summary_tables_jpg.json	87	87	complete	True	True	0	0	0	0	0	common99	87	3.5019062643585652	17.694813377192	0.3255656657890342	0.15330941966552844
qwen3_lezgi_grammar_original_chain_gloss_summary_tables_txt	qwen3	Lezgi	grammar	original	chain_gloss	summary_tables_txt	configs/matched_gold_v2/qwen3_lezgi_grammar_original_chain_gloss_summary_tables_txt.json	results/matched_gold_v2/qwen3/lezgi/grammar/original/chain_gloss_summary_tables_txt.jsonl	metrics/matched_gold_v2/lexical_and_xcomet_xl/qwen3/lezgi/grammar/original/chain_gloss_summary_tables_txt.json	metrics/matched_gold_v2/xcomet_xxl/qwen3/lezgi/grammar/original/chain_gloss_summary_tables_txt.json	87	87	complete	True	True	0	0	0	0	0	native	87	4.012888341618107	20.117021990298483	0.3232330061580943	0.1590580968507405
qwen3_lezgi_grammar_original_chain_gloss_summary_tables_txt	qwen3	Lezgi	grammar	original	chain_gloss	summary_tables_txt	configs/matched_gold_v2/qwen3_lezgi_grammar_original_chain_gloss_summary_tables_txt.json	results/matched_gold_v2/qwen3/lezgi/grammar/original/chain_gloss_summary_tables_txt.jsonl	metrics/matched_gold_v2/lexical_and_xcomet_xl/qwen3/lezgi/grammar/original/chain_gloss_summary_tables_txt.json	metrics/matched_gold_v2/xcomet_xxl/qwen3/lezgi/grammar/original/chain_gloss_summary_tables_txt.json	87	87	complete	True	True	0	0	0	0	0	common99	87	4.012888341618107	20.117021990298483	0.3232330061580943	0.1590580968507405
qwen3_lezgi_grammar_original_chain_gloss_summary_text_txt	qwen3	Lezgi	grammar	original	chain_gloss	summary_text_txt	configs/matched_gold_v2/qwen3_lezgi_grammar_original_chain_gloss_summary_text_txt.json	results/matched_gold_v2/qwen3/lezgi/grammar/original/chain_gloss_summary_text_txt.jsonl	metrics/matched_gold_v2/lexical_and_xcomet_xl/qwen3/lezgi/grammar/original/chain_gloss_summary_text_txt.json	metrics/matched_gold_v2/xcomet_xxl/qwen3/lezgi/grammar/original/chain_gloss_summary_text_txt.json	87	87	complete	True	True	0	0	0	0	0	native	87	3.935674868652887	20.7596225620138	0.32882454477507495	0.1539212617723421
qwen3_lezgi_grammar_original_chain_gloss_summary_text_txt	qwen3	Lezgi	grammar	original	chain_gloss	summary_text_txt	configs/matched_gold_v2/qwen3_lezgi_grammar_original_chain_gloss_summary_text_txt.json	results/matched_gold_v2/qwen3/lezgi/grammar/original/chain_gloss_summary_text_txt.jsonl	metrics/matched_gold_v2/lexical_and_xcomet_xl/qwen3/lezgi/grammar/original/chain_gloss_summary_text_txt.json	metrics/matched_gold_v2/xcomet_xxl/qwen3/lezgi/grammar/original/chain_gloss_summary_text_txt.json	87	87	complete	True	True	0	0	0	0	0	common99	87	3.935674868652887	20.7596225620138	0.32882454477507495	0.1539212617723421
qwen3_lezgi_grammar_original_modelgloss_baseline	qwen3	Lezgi	grammar	original	modelgloss	baseline	configs/matched_gold_v2/qwen3_lezgi_grammar_original_modelgloss_baseline.json	results/matched_gold_v2/qwen3/lezgi/grammar/original/modelgloss_baseline.jsonl	metrics/matched_gold_v2/lexical_and_xcomet_xl/qwen3/lezgi/grammar/original/modelgloss_baseline.json	metrics/matched_gold_v2/xcomet_xxl/qwen3/lezgi/grammar/original/modelgloss_baseline.json	87	87	complete	True	True	0	0	0	0	0	native	87	8.713760126430254	34.69326695560341	0.504167035564609	0.3344304770573802
qwen3_lezgi_grammar_original_modelgloss_baseline	qwen3	Lezgi	grammar	original	modelgloss	baseline	configs/matched_gold_v2/qwen3_lezgi_grammar_original_modelgloss_baseline.json	results/matched_gold_v2/qwen3/lezgi/grammar/original/modelgloss_baseline.jsonl	metrics/matched_gold_v2/lexical_and_xcomet_xl/qwen3/lezgi/grammar/original/modelgloss_baseline.json	metrics/matched_gold_v2/xcomet_xxl/qwen3/lezgi/grammar/original/modelgloss_baseline.json	87	87	complete	True	True	0	0	0	0	0	common99	87	8.713760126430254	34.69326695560341	0.504167035564609	0.3344304770573802
qwen3_lezgi_grammar_original_modelgloss_cheatsheet_jpg	qwen3	Lezgi	grammar	original	modelgloss	cheatsheet_jpg	configs/matched_gold_v2/qwen3_lezgi_grammar_original_modelgloss_cheatsheet_jpg.json	results/matched_gold_v2/qwen3/lezgi/grammar/original/modelgloss_cheatsheet_jpg.jsonl	metrics/matched_gold_v2/lexical_and_xcomet_xl/qwen3/lezgi/grammar/original/modelgloss_cheatsheet_jpg.json	metrics/matched_gold_v2/xcomet_xxl/qwen3/lezgi/grammar/original/modelgloss_cheatsheet_jpg.json	87	87	complete	True	True	0	0	0	0	0	native	87	8.367548478115973	34.58058498493556	0.5148562807803867	0.3362642274848346
qwen3_lezgi_grammar_original_modelgloss_cheatsheet_jpg	qwen3	Lezgi	grammar	original	modelgloss	cheatsheet_jpg	configs/matched_gold_v2/qwen3_lezgi_grammar_original_modelgloss_cheatsheet_jpg.json	results/matched_gold_v2/qwen3/lezgi/grammar/original/modelgloss_cheatsheet_jpg.jsonl	metrics/matched_gold_v2/lexical_and_xcomet_xl/qwen3/lezgi/grammar/original/modelgloss_cheatsheet_jpg.json	metrics/matched_gold_v2/xcomet_xxl/qwen3/lezgi/grammar/original/modelgloss_cheatsheet_jpg.json	87	87	complete	True	True	0	0	0	0	0	common99	87	8.367548478115973	34.58058498493556	0.5148562807803867	0.3362642274848346
qwen3_lezgi_grammar_original_modelgloss_cheatsheet_txt	qwen3	Lezgi	grammar	original	modelgloss	cheatsheet_txt	configs/matched_gold_v2/qwen3_lezgi_grammar_original_modelgloss_cheatsheet_txt.json	results/matched_gold_v2/qwen3/lezgi/grammar/original/modelgloss_cheatsheet_txt.jsonl	metrics/matched_gold_v2/lexical_and_xcomet_xl/qwen3/lezgi/grammar/original/modelgloss_cheatsheet_txt.json	metrics/matched_gold_v2/xcomet_xxl/qwen3/lezgi/grammar/original/modelgloss_cheatsheet_txt.json	87	87	complete	True	True	0	0	0	0	0	native	87	8.757857984751361	35.59752326328836	0.5321677844414766	0.34693976277592536
qwen3_lezgi_grammar_original_modelgloss_cheatsheet_txt	qwen3	Lezgi	grammar	original	modelgloss	cheatsheet_txt	configs/matched_gold_v2/qwen3_lezgi_grammar_original_modelgloss_cheatsheet_txt.json	results/matched_gold_v2/qwen3/lezgi/grammar/original/modelgloss_cheatsheet_txt.jsonl	metrics/matched_gold_v2/lexical_and_xcomet_xl/qwen3/lezgi/grammar/original/modelgloss_cheatsheet_txt.json	metrics/matched_gold_v2/xcomet_xxl/qwen3/lezgi/grammar/original/modelgloss_cheatsheet_txt.json	87	87	complete	True	True	0	0	0	0	0	common99	87	8.757857984751361	35.59752326328836	0.5321677844414766	0.34693976277592536
qwen3_lezgi_grammar_original_modelgloss_pdfpages_impactful_jpg	qwen3	Lezgi	grammar	original	modelgloss	pdfpages_impactful_jpg	configs/matched_gold_v2/qwen3_lezgi_grammar_original_modelgloss_pdfpages_impactful_jpg.json	results/matched_gold_v2/qwen3/lezgi/grammar/original/modelgloss_pdfpages_impactful_jpg.jsonl	metrics/matched_gold_v2/lexical_and_xcomet_xl/qwen3/lezgi/grammar/original/modelgloss_pdfpages_impactful_jpg.json	metrics/matched_gold_v2/xcomet_xxl/qwen3/lezgi/grammar/original/modelgloss_pdfpages_impactful_jpg.json	87	87	complete	True	True	0	0	0	0	0	native	87	9.726637271310965	34.653278048851035	0.5013353341612322	0.3258870852062072
qwen3_lezgi_grammar_original_modelgloss_pdfpages_impactful_jpg	qwen3	Lezgi	grammar	original	modelgloss	pdfpages_impactful_jpg	configs/matched_gold_v2/qwen3_lezgi_grammar_original_modelgloss_pdfpages_impactful_jpg.json	results/matched_gold_v2/qwen3/lezgi/grammar/original/modelgloss_pdfpages_impactful_jpg.jsonl	metrics/matched_gold_v2/lexical_and_xcomet_xl/qwen3/lezgi/grammar/original/modelgloss_pdfpages_impactful_jpg.json	metrics/matched_gold_v2/xcomet_xxl/qwen3/lezgi/grammar/original/modelgloss_pdfpages_impactful_jpg.json	87	87	complete	True	True	0	0	0	0	0	common99	87	9.726637271310965	34.653278048851035	0.5013353341612322	0.3258870852062072
qwen3_lezgi_grammar_original_modelgloss_summary_tables_jpg	qwen3	Lezgi	grammar	original	modelgloss	summary_tables_jpg	configs/matched_gold_v2/qwen3_lezgi_grammar_original_modelgloss_summary_tables_jpg.json	results/matched_gold_v2/qwen3/lezgi/grammar/original/modelgloss_summary_tables_jpg.jsonl	metrics/matched_gold_v2/lexical_and_xcomet_xl/qwen3/lezgi/grammar/original/modelgloss_summary_tables_jpg.json	metrics/matched_gold_v2/xcomet_xxl/qwen3/lezgi/grammar/original/modelgloss_summary_tables_jpg.json	87	87	complete	True	True	1	1	0	0	1	native	87	9.613309995891663	33.52655913216459	0.5134615903270656	0.3299567098247594
qwen3_lezgi_grammar_original_modelgloss_summary_tables_jpg	qwen3	Lezgi	grammar	original	modelgloss	summary_tables_jpg	configs/matched_gold_v2/qwen3_lezgi_grammar_original_modelgloss_summary_tables_jpg.json	results/matched_gold_v2/qwen3/lezgi/grammar/original/modelgloss_summary_tables_jpg.jsonl	metrics/matched_gold_v2/lexical_and_xcomet_xl/qwen3/lezgi/grammar/original/modelgloss_summary_tables_jpg.json	metrics/matched_gold_v2/xcomet_xxl/qwen3/lezgi/grammar/original/modelgloss_summary_tables_jpg.json	87	87	complete	True	True	1	1	0	0	1	common99	87	9.613309995891663	33.52655913216459	0.5134615903270656	0.3299567098247594
qwen3_lezgi_grammar_original_modelgloss_summary_tables_txt	qwen3	Lezgi	grammar	original	modelgloss	summary_tables_txt	configs/matched_gold_v2/qwen3_lezgi_grammar_original_modelgloss_summary_tables_txt.json	results/matched_gold_v2/qwen3/lezgi/grammar/original/modelgloss_summary_tables_txt.jsonl	metrics/matched_gold_v2/lexical_and_xcomet_xl/qwen3/lezgi/grammar/original/modelgloss_summary_tables_txt.json	metrics/matched_gold_v2/xcomet_xxl/qwen3/lezgi/grammar/original/modelgloss_summary_tables_txt.json	87	87	complete	True	True	0	0	0	0	0	native	87	8.309168139479048	35.583246504767565	0.5128883580709326	0.3419187378951873
qwen3_lezgi_grammar_original_modelgloss_summary_tables_txt	qwen3	Lezgi	grammar	original	modelgloss	summary_tables_txt	configs/matched_gold_v2/qwen3_lezgi_grammar_original_modelgloss_summary_tables_txt.json	results/matched_gold_v2/qwen3/lezgi/grammar/original/modelgloss_summary_tables_txt.jsonl	metrics/matched_gold_v2/lexical_and_xcomet_xl/qwen3/lezgi/grammar/original/modelgloss_summary_tables_txt.json	metrics/matched_gold_v2/xcomet_xxl/qwen3/lezgi/grammar/original/modelgloss_summary_tables_txt.json	87	87	complete	True	True	0	0	0	0	0	common99	87	8.309168139479048	35.583246504767565	0.5128883580709326	0.3419187378951873
qwen3_lezgi_grammar_original_modelgloss_summary_text_txt	qwen3	Lezgi	grammar	original	modelgloss	summary_text_txt	configs/matched_gold_v2/qwen3_lezgi_grammar_original_modelgloss_summary_text_txt.json	results/matched_gold_v2/qwen3/lezgi/grammar/original/modelgloss_summary_text_txt.jsonl	metrics/matched_gold_v2/lexical_and_xcomet_xl/qwen3/lezgi/grammar/original/modelgloss_summary_text_txt.json	metrics/matched_gold_v2/xcomet_xxl/qwen3/lezgi/grammar/original/modelgloss_summary_text_txt.json	87	87	complete	True	True	0	0	0	0	0	native	87	8.636674617831147	36.0869926046227	0.5221834470485819	0.3428577311422633
qwen3_lezgi_grammar_original_modelgloss_summary_text_txt	qwen3	Lezgi	grammar	original	modelgloss	summary_text_txt	configs/matched_gold_v2/qwen3_lezgi_grammar_original_modelgloss_summary_text_txt.json	results/matched_gold_v2/qwen3/lezgi/grammar/original/modelgloss_summary_text_txt.jsonl	metrics/matched_gold_v2/lexical_and_xcomet_xl/qwen3/lezgi/grammar/original/modelgloss_summary_text_txt.json	metrics/matched_gold_v2/xcomet_xxl/qwen3/lezgi/grammar/original/modelgloss_summary_text_txt.json	87	87	complete	True	True	0	0	0	0	0	common99	87	8.636674617831147	36.0869926046227	0.5221834470485819	0.3428577311422633
qwen3_lezgi_grammar_original_shot_baseline	qwen3	Lezgi	grammar	original	shot	baseline	configs/matched_gold_v2/qwen3_lezgi_grammar_original_shot_baseline.json	results/matched_gold_v2/qwen3/lezgi/grammar/original/shot_baseline.jsonl	metrics/matched_gold_v2/lexical_and_xcomet_xl/qwen3/lezgi/grammar/original/shot_baseline.json	metrics/matched_gold_v2/xcomet_xxl/qwen3/lezgi/grammar/original/shot_baseline.json	87	87	complete	True	True	0	0	0	0	0	native	87	3.89488268735534	19.83491529990774	0.35217065937902736	0.16404719368137163
qwen3_lezgi_grammar_original_shot_baseline	qwen3	Lezgi	grammar	original	shot	baseline	configs/matched_gold_v2/qwen3_lezgi_grammar_original_shot_baseline.json	results/matched_gold_v2/qwen3/lezgi/grammar/original/shot_baseline.jsonl	metrics/matched_gold_v2/lexical_and_xcomet_xl/qwen3/lezgi/grammar/original/shot_baseline.json	metrics/matched_gold_v2/xcomet_xxl/qwen3/lezgi/grammar/original/shot_baseline.json	87	87	complete	True	True	0	0	0	0	0	common99	87	3.89488268735534	19.83491529990774	0.35217065937902736	0.16404719368137163
qwen3_lezgi_grammar_original_shot_cheatsheet_jpg	qwen3	Lezgi	grammar	original	shot	cheatsheet_jpg	configs/matched_gold_v2/qwen3_lezgi_grammar_original_shot_cheatsheet_jpg.json	results/matched_gold_v2/qwen3/lezgi/grammar/original/shot_cheatsheet_jpg.jsonl	metrics/matched_gold_v2/lexical_and_xcomet_xl/qwen3/lezgi/grammar/original/shot_cheatsheet_jpg.json	metrics/matched_gold_v2/xcomet_xxl/qwen3/lezgi/grammar/original/shot_cheatsheet_jpg.json	87	87	complete	True	True	1	1	0	0	1	native	87	3.855910416660919	19.68280591399238	0.3509211057219012	0.16277169924357843
qwen3_lezgi_grammar_original_shot_cheatsheet_jpg	qwen3	Lezgi	grammar	original	shot	cheatsheet_jpg	configs/matched_gold_v2/qwen3_lezgi_grammar_original_shot_cheatsheet_jpg.json	results/matched_gold_v2/qwen3/lezgi/grammar/original/shot_cheatsheet_jpg.jsonl	metrics/matched_gold_v2/lexical_and_xcomet_xl/qwen3/lezgi/grammar/original/shot_cheatsheet_jpg.json	metrics/matched_gold_v2/xcomet_xxl/qwen3/lezgi/grammar/original/shot_cheatsheet_jpg.json	87	87	complete	True	True	1	1	0	0	1	common99	87	3.855910416660919	19.68280591399238	0.3509211057219012	0.16277169924357843
qwen3_lezgi_grammar_original_shot_cheatsheet_txt	qwen3	Lezgi	grammar	original	shot	cheatsheet_txt	configs/matched_gold_v2/qwen3_lezgi_grammar_original_shot_cheatsheet_txt.json	results/matched_gold_v2/qwen3/lezgi/grammar/original/shot_cheatsheet_txt.jsonl	metrics/matched_gold_v2/lexical_and_xcomet_xl/qwen3/lezgi/grammar/original/shot_cheatsheet_txt.json	metrics/matched_gold_v2/xcomet_xxl/qwen3/lezgi/grammar/original/shot_cheatsheet_txt.json	87	87	complete	True	True	1	1	0	0	1	native	87	4.021255002891024	19.468645898272985	0.3411772062723664	0.15323907119789343
qwen3_lezgi_grammar_original_shot_cheatsheet_txt	qwen3	Lezgi	grammar	original	shot	cheatsheet_txt	configs/matched_gold_v2/qwen3_lezgi_grammar_original_shot_cheatsheet_txt.json	results/matched_gold_v2/qwen3/lezgi/grammar/original/shot_cheatsheet_txt.jsonl	metrics/matched_gold_v2/lexical_and_xcomet_xl/qwen3/lezgi/grammar/original/shot_cheatsheet_txt.json	metrics/matched_gold_v2/xcomet_xxl/qwen3/lezgi/grammar/original/shot_cheatsheet_txt.json	87	87	complete	True	True	1	1	0	0	1	common99	87	4.021255002891024	19.468645898272985	0.3411772062723664	0.15323907119789343
qwen3_lezgi_grammar_original_shot_pdfpages_impactful_jpg	qwen3	Lezgi	grammar	original	shot	pdfpages_impactful_jpg	configs/matched_gold_v2/qwen3_lezgi_grammar_original_shot_pdfpages_impactful_jpg.json	results/matched_gold_v2/qwen3/lezgi/grammar/original/shot_pdfpages_impactful_jpg.jsonl	metrics/matched_gold_v2/lexical_and_xcomet_xl/qwen3/lezgi/grammar/original/shot_pdfpages_impactful_jpg.json	metrics/matched_gold_v2/xcomet_xxl/qwen3/lezgi/grammar/original/shot_pdfpages_impactful_jpg.json	87	87	complete	True	True	5	5	0	0	5	native	87	2.8025231462295674	17.78734930618754	0.34113719442795065	0.1488915006148404
qwen3_lezgi_grammar_original_shot_pdfpages_impactful_jpg	qwen3	Lezgi	grammar	original	shot	pdfpages_impactful_jpg	configs/matched_gold_v2/qwen3_lezgi_grammar_original_shot_pdfpages_impactful_jpg.json	results/matched_gold_v2/qwen3/lezgi/grammar/original/shot_pdfpages_impactful_jpg.jsonl	metrics/matched_gold_v2/lexical_and_xcomet_xl/qwen3/lezgi/grammar/original/shot_pdfpages_impactful_jpg.json	metrics/matched_gold_v2/xcomet_xxl/qwen3/lezgi/grammar/original/shot_pdfpages_impactful_jpg.json	87	87	complete	True	True	5	5	0	0	5	common99	87	2.8025231462295674	17.78734930618754	0.34113719442795065	0.1488915006148404
qwen3_lezgi_grammar_original_shot_summary_tables_jpg	qwen3	Lezgi	grammar	original	shot	summary_tables_jpg	configs/matched_gold_v2/qwen3_lezgi_grammar_original_shot_summary_tables_jpg.json	results/matched_gold_v2/qwen3/lezgi/grammar/original/shot_summary_tables_jpg.jsonl	metrics/matched_gold_v2/lexical_and_xcomet_xl/qwen3/lezgi/grammar/original/shot_summary_tables_jpg.json	metrics/matched_gold_v2/xcomet_xxl/qwen3/lezgi/grammar/original/shot_summary_tables_jpg.json	87	87	complete	True	True	2	1	0	0	2	native	87	3.7011215407576943	18.740285986170413	0.34301493530985955	0.15030729796352058
qwen3_lezgi_grammar_original_shot_summary_tables_jpg	qwen3	Lezgi	grammar	original	shot	summary_tables_jpg	configs/matched_gold_v2/qwen3_lezgi_grammar_original_shot_summary_tables_jpg.json	results/matched_gold_v2/qwen3/lezgi/grammar/original/shot_summary_tables_jpg.jsonl	metrics/matched_gold_v2/lexical_and_xcomet_xl/qwen3/lezgi/grammar/original/shot_summary_tables_jpg.json	metrics/matched_gold_v2/xcomet_xxl/qwen3/lezgi/grammar/original/shot_summary_tables_jpg.json	87	87	complete	True	True	2	1	0	0	2	common99	87	3.7011215407576943	18.740285986170413	0.34301493530985955	0.15030729796352058
qwen3_lezgi_grammar_original_shot_summary_tables_txt	qwen3	Lezgi	grammar	original	shot	summary_tables_txt	configs/matched_gold_v2/qwen3_lezgi_grammar_original_shot_summary_tables_txt.json	results/matched_gold_v2/qwen3/lezgi/grammar/original/shot_summary_tables_txt.jsonl	metrics/matched_gold_v2/lexical_and_xcomet_xl/qwen3/lezgi/grammar/original/shot_summary_tables_txt.json	metrics/matched_gold_v2/xcomet_xxl/qwen3/lezgi/grammar/original/shot_summary_tables_txt.json	87	87	complete	True	True	0	0	0	0	0	native	87	3.5200818522631288	19.751600604525976	0.330306436481147	0.15303204645370616
qwen3_lezgi_grammar_original_shot_summary_tables_txt	qwen3	Lezgi	grammar	original	shot	summary_tables_txt	configs/matched_gold_v2/qwen3_lezgi_grammar_original_shot_summary_tables_txt.json	results/matched_gold_v2/qwen3/lezgi/grammar/original/shot_summary_tables_txt.jsonl	metrics/matched_gold_v2/lexical_and_xcomet_xl/qwen3/lezgi/grammar/original/shot_summary_tables_txt.json	metrics/matched_gold_v2/xcomet_xxl/qwen3/lezgi/grammar/original/shot_summary_tables_txt.json	87	87	complete	True	True	0	0	0	0	0	common99	87	3.5200818522631288	19.751600604525976	0.330306436481147	0.15303204645370616
qwen3_lezgi_grammar_original_shot_summary_text_txt	qwen3	Lezgi	grammar	original	shot	summary_text_txt	configs/matched_gold_v2/qwen3_lezgi_grammar_original_shot_summary_text_txt.json	results/matched_gold_v2/qwen3/lezgi/grammar/original/shot_summary_text_txt.jsonl	metrics/matched_gold_v2/lexical_and_xcomet_xl/qwen3/lezgi/grammar/original/shot_summary_text_txt.json	metrics/matched_gold_v2/xcomet_xxl/qwen3/lezgi/grammar/original/shot_summary_text_txt.json	87	87	complete	True	True	0	0	0	0	0	native	87	3.5268608189844706	19.745708371399957	0.3344880500059018	0.15031699099759946
qwen3_lezgi_grammar_original_shot_summary_text_txt	qwen3	Lezgi	grammar	original	shot	summary_text_txt	configs/matched_gold_v2/qwen3_lezgi_grammar_original_shot_summary_text_txt.json	results/matched_gold_v2/qwen3/lezgi/grammar/original/shot_summary_text_txt.jsonl	metrics/matched_gold_v2/lexical_and_xcomet_xl/qwen3/lezgi/grammar/original/shot_summary_text_txt.json	metrics/matched_gold_v2/xcomet_xxl/qwen3/lezgi/grammar/original/shot_summary_text_txt.json	87	87	complete	True	True	0	0	0	0	0	common99	87	3.5268608189844706	19.745708371399957	0.3344880500059018	0.15031699099759946
qwen3_natugu_grammar_original_chain_gloss_baseline	qwen3	Natugu	grammar	original	chain_gloss	baseline	configs/matched_gold_v2/qwen3_natugu_grammar_original_chain_gloss_baseline.json	results/matched_gold_v2/qwen3/natugu/grammar/original/chain_gloss_baseline.jsonl	metrics/matched_gold_v2/lexical_and_xcomet_xl/qwen3/natugu/grammar/original/chain_gloss_baseline.json	metrics/matched_gold_v2/xcomet_xxl/qwen3/natugu/grammar/original/chain_gloss_baseline.json	99	99	complete	True	True	3	3	3	0	3	native	99	3.1946789397647914	18.69523255370943	0.295575185857638	0.17625243593044956
qwen3_natugu_grammar_original_chain_gloss_baseline	qwen3	Natugu	grammar	original	chain_gloss	baseline	configs/matched_gold_v2/qwen3_natugu_grammar_original_chain_gloss_baseline.json	results/matched_gold_v2/qwen3/natugu/grammar/original/chain_gloss_baseline.jsonl	metrics/matched_gold_v2/lexical_and_xcomet_xl/qwen3/natugu/grammar/original/chain_gloss_baseline.json	metrics/matched_gold_v2/xcomet_xxl/qwen3/natugu/grammar/original/chain_gloss_baseline.json	99	99	complete	True	True	3	3	3	0	3	common99	99	3.1946789397647914	18.69523255370943	0.295575185857638	0.17625243593044956
qwen3_natugu_grammar_original_chain_gloss_cheatsheet_jpg	qwen3	Natugu	grammar	original	chain_gloss	cheatsheet_jpg	configs/matched_gold_v2/qwen3_natugu_grammar_original_chain_gloss_cheatsheet_jpg.json	results/matched_gold_v2/qwen3/natugu/grammar/original/chain_gloss_cheatsheet_jpg.jsonl	metrics/matched_gold_v2/lexical_and_xcomet_xl/qwen3/natugu/grammar/original/chain_gloss_cheatsheet_jpg.json	metrics/matched_gold_v2/xcomet_xxl/qwen3/natugu/grammar/original/chain_gloss_cheatsheet_jpg.json	99	99	complete	True	True	0	0	0	0	0	native	99	3.0539134202609635	18.55095047676916	0.3018975546865752	0.16989975226948958
qwen3_natugu_grammar_original_chain_gloss_cheatsheet_jpg	qwen3	Natugu	grammar	original	chain_gloss	cheatsheet_jpg	configs/matched_gold_v2/qwen3_natugu_grammar_original_chain_gloss_cheatsheet_jpg.json	results/matched_gold_v2/qwen3/natugu/grammar/original/chain_gloss_cheatsheet_jpg.jsonl	metrics/matched_gold_v2/lexical_and_xcomet_xl/qwen3/natugu/grammar/original/chain_gloss_cheatsheet_jpg.json	metrics/matched_gold_v2/xcomet_xxl/qwen3/natugu/grammar/original/chain_gloss_cheatsheet_jpg.json	99	99	complete	True	True	0	0	0	0	0	common99	99	3.0539134202609635	18.55095047676916	0.3018975546865752	0.16989975226948958
qwen3_natugu_grammar_original_chain_gloss_cheatsheet_txt	qwen3	Natugu	grammar	original	chain_gloss	cheatsheet_txt	configs/matched_gold_v2/qwen3_natugu_grammar_original_chain_gloss_cheatsheet_txt.json	results/matched_gold_v2/qwen3/natugu/grammar/original/chain_gloss_cheatsheet_txt.jsonl	metrics/matched_gold_v2/lexical_and_xcomet_xl/qwen3/natugu/grammar/original/chain_gloss_cheatsheet_txt.json	metrics/matched_gold_v2/xcomet_xxl/qwen3/natugu/grammar/original/chain_gloss_cheatsheet_txt.json	99	99	complete	True	True	2	2	2	0	2	native	99	3.352103900444332	20.015595080673776	0.29995594557487604	0.16460786443768124
qwen3_natugu_grammar_original_chain_gloss_cheatsheet_txt	qwen3	Natugu	grammar	original	chain_gloss	cheatsheet_txt	configs/matched_gold_v2/qwen3_natugu_grammar_original_chain_gloss_cheatsheet_txt.json	results/matched_gold_v2/qwen3/natugu/grammar/original/chain_gloss_cheatsheet_txt.jsonl	metrics/matched_gold_v2/lexical_and_xcomet_xl/qwen3/natugu/grammar/original/chain_gloss_cheatsheet_txt.json	metrics/matched_gold_v2/xcomet_xxl/qwen3/natugu/grammar/original/chain_gloss_cheatsheet_txt.json	99	99	complete	True	True	2	2	2	0	2	common99	99	3.352103900444332	20.015595080673776	0.29995594557487604	0.16460786443768124
qwen3_natugu_grammar_original_chain_gloss_pdfpages_impactful_jpg	qwen3	Natugu	grammar	original	chain_gloss	pdfpages_impactful_jpg	configs/matched_gold_v2/qwen3_natugu_grammar_original_chain_gloss_pdfpages_impactful_jpg.json	results/matched_gold_v2/qwen3/natugu/grammar/original/chain_gloss_pdfpages_impactful_jpg.jsonl	metrics/matched_gold_v2/lexical_and_xcomet_xl/qwen3/natugu/grammar/original/chain_gloss_pdfpages_impactful_jpg.json	metrics/matched_gold_v2/xcomet_xxl/qwen3/natugu/grammar/original/chain_gloss_pdfpages_impactful_jpg.json	99	99	complete	True	True	1	1	1	0	1	native	99	2.5977070118232537	17.35029423171311	0.2737395537622047	0.14017572735596184
qwen3_natugu_grammar_original_chain_gloss_pdfpages_impactful_jpg	qwen3	Natugu	grammar	original	chain_gloss	pdfpages_impactful_jpg	configs/matched_gold_v2/qwen3_natugu_grammar_original_chain_gloss_pdfpages_impactful_jpg.json	results/matched_gold_v2/qwen3/natugu/grammar/original/chain_gloss_pdfpages_impactful_jpg.jsonl	metrics/matched_gold_v2/lexical_and_xcomet_xl/qwen3/natugu/grammar/original/chain_gloss_pdfpages_impactful_jpg.json	metrics/matched_gold_v2/xcomet_xxl/qwen3/natugu/grammar/original/chain_gloss_pdfpages_impactful_jpg.json	99	99	complete	True	True	1	1	1	0	1	common99	99	2.5977070118232537	17.35029423171311	0.2737395537622047	0.14017572735596184
qwen3_natugu_grammar_original_chain_gloss_summary_tables_jpg	qwen3	Natugu	grammar	original	chain_gloss	summary_tables_jpg	configs/matched_gold_v2/qwen3_natugu_grammar_original_chain_gloss_summary_tables_jpg.json	results/matched_gold_v2/qwen3/natugu/grammar/original/chain_gloss_summary_tables_jpg.jsonl	metrics/matched_gold_v2/lexical_and_xcomet_xl/qwen3/natugu/grammar/original/chain_gloss_summary_tables_jpg.json	metrics/matched_gold_v2/xcomet_xxl/qwen3/natugu/grammar/original/chain_gloss_summary_tables_jpg.json	99	99	complete	True	True	3	3	3	0	3	native	99	2.678332139178793	17.506466001370747	0.29359108239713344	0.16103104351445882
qwen3_natugu_grammar_original_chain_gloss_summary_tables_jpg	qwen3	Natugu	grammar	original	chain_gloss	summary_tables_jpg	configs/matched_gold_v2/qwen3_natugu_grammar_original_chain_gloss_summary_tables_jpg.json	results/matched_gold_v2/qwen3/natugu/grammar/original/chain_gloss_summary_tables_jpg.jsonl	metrics/matched_gold_v2/lexical_and_xcomet_xl/qwen3/natugu/grammar/original/chain_gloss_summary_tables_jpg.json	metrics/matched_gold_v2/xcomet_xxl/qwen3/natugu/grammar/original/chain_gloss_summary_tables_jpg.json	99	99	complete	True	True	3	3	3	0	3	common99	99	2.678332139178793	17.506466001370747	0.29359108239713344	0.16103104351445882
qwen3_natugu_grammar_original_chain_gloss_summary_tables_txt	qwen3	Natugu	grammar	original	chain_gloss	summary_tables_txt	configs/matched_gold_v2/qwen3_natugu_grammar_original_chain_gloss_summary_tables_txt.json	results/matched_gold_v2/qwen3/natugu/grammar/original/chain_gloss_summary_tables_txt.jsonl	metrics/matched_gold_v2/lexical_and_xcomet_xl/qwen3/natugu/grammar/original/chain_gloss_summary_tables_txt.json	metrics/matched_gold_v2/xcomet_xxl/qwen3/natugu/grammar/original/chain_gloss_summary_tables_txt.json	99	99	complete	True	True	2	2	2	0	2	native	99	3.7598524475484427	19.531649008711955	0.30294655368785667	0.17407588179063316
qwen3_natugu_grammar_original_chain_gloss_summary_tables_txt	qwen3	Natugu	grammar	original	chain_gloss	summary_tables_txt	configs/matched_gold_v2/qwen3_natugu_grammar_original_chain_gloss_summary_tables_txt.json	results/matched_gold_v2/qwen3/natugu/grammar/original/chain_gloss_summary_tables_txt.jsonl	metrics/matched_gold_v2/lexical_and_xcomet_xl/qwen3/natugu/grammar/original/chain_gloss_summary_tables_txt.json	metrics/matched_gold_v2/xcomet_xxl/qwen3/natugu/grammar/original/chain_gloss_summary_tables_txt.json	99	99	complete	True	True	2	2	2	0	2	common99	99	3.7598524475484427	19.531649008711955	0.30294655368785667	0.17407588179063316
qwen3_natugu_grammar_original_chain_gloss_summary_text_txt	qwen3	Natugu	grammar	original	chain_gloss	summary_text_txt	configs/matched_gold_v2/qwen3_natugu_grammar_original_chain_gloss_summary_text_txt.json	results/matched_gold_v2/qwen3/natugu/grammar/original/chain_gloss_summary_text_txt.jsonl	metrics/matched_gold_v2/lexical_and_xcomet_xl/qwen3/natugu/grammar/original/chain_gloss_summary_text_txt.json	metrics/matched_gold_v2/xcomet_xxl/qwen3/natugu/grammar/original/chain_gloss_summary_text_txt.json	99	99	complete	True	True	1	1	1	0	1	native	99	3.576313870117248	19.884009655311562	0.312452894870681	0.17871260469911074
qwen3_natugu_grammar_original_chain_gloss_summary_text_txt	qwen3	Natugu	grammar	original	chain_gloss	summary_text_txt	configs/matched_gold_v2/qwen3_natugu_grammar_original_chain_gloss_summary_text_txt.json	results/matched_gold_v2/qwen3/natugu/grammar/original/chain_gloss_summary_text_txt.jsonl	metrics/matched_gold_v2/lexical_and_xcomet_xl/qwen3/natugu/grammar/original/chain_gloss_summary_text_txt.json	metrics/matched_gold_v2/xcomet_xxl/qwen3/natugu/grammar/original/chain_gloss_summary_text_txt.json	99	99	complete	True	True	1	1	1	0	1	common99	99	3.576313870117248	19.884009655311562	0.312452894870681	0.17871260469911074
qwen3_natugu_grammar_original_modelgloss_baseline	qwen3	Natugu	grammar	original	modelgloss	baseline	configs/matched_gold_v2/qwen3_natugu_grammar_original_modelgloss_baseline.json	results/matched_gold_v2/qwen3/natugu/grammar/original/modelgloss_baseline.jsonl	metrics/matched_gold_v2/lexical_and_xcomet_xl/qwen3/natugu/grammar/original/modelgloss_baseline.json	metrics/matched_gold_v2/xcomet_xxl/qwen3/natugu/grammar/original/modelgloss_baseline.json	99	99	complete	True	True	0	0	0	0	0	native	99	14.088380580051682	39.14468793800005	0.5121238376155044	0.39692837978252254
qwen3_natugu_grammar_original_modelgloss_baseline	qwen3	Natugu	grammar	original	modelgloss	baseline	configs/matched_gold_v2/qwen3_natugu_grammar_original_modelgloss_baseline.json	results/matched_gold_v2/qwen3/natugu/grammar/original/modelgloss_baseline.jsonl	metrics/matched_gold_v2/lexical_and_xcomet_xl/qwen3/natugu/grammar/original/modelgloss_baseline.json	metrics/matched_gold_v2/xcomet_xxl/qwen3/natugu/grammar/original/modelgloss_baseline.json	99	99	complete	True	True	0	0	0	0	0	common99	99	14.088380580051682	39.14468793800005	0.5121238376155044	0.39692837978252254
qwen3_natugu_grammar_original_modelgloss_cheatsheet_jpg	qwen3	Natugu	grammar	original	modelgloss	cheatsheet_jpg	configs/matched_gold_v2/qwen3_natugu_grammar_original_modelgloss_cheatsheet_jpg.json	results/matched_gold_v2/qwen3/natugu/grammar/original/modelgloss_cheatsheet_jpg.jsonl	metrics/matched_gold_v2/lexical_and_xcomet_xl/qwen3/natugu/grammar/original/modelgloss_cheatsheet_jpg.json	metrics/matched_gold_v2/xcomet_xxl/qwen3/natugu/grammar/original/modelgloss_cheatsheet_jpg.json	99	99	complete	True	True	0	0	0	0	0	native	99	13.430221464302452	38.31561365149984	0.5236083937413765	0.3888348401194871
qwen3_natugu_grammar_original_modelgloss_cheatsheet_jpg	qwen3	Natugu	grammar	original	modelgloss	cheatsheet_jpg	configs/matched_gold_v2/qwen3_natugu_grammar_original_modelgloss_cheatsheet_jpg.json	results/matched_gold_v2/qwen3/natugu/grammar/original/modelgloss_cheatsheet_jpg.jsonl	metrics/matched_gold_v2/lexical_and_xcomet_xl/qwen3/natugu/grammar/original/modelgloss_cheatsheet_jpg.json	metrics/matched_gold_v2/xcomet_xxl/qwen3/natugu/grammar/original/modelgloss_cheatsheet_jpg.json	99	99	complete	True	True	0	0	0	0	0	common99	99	13.430221464302452	38.31561365149984	0.5236083937413765	0.3888348401194871
qwen3_natugu_grammar_original_modelgloss_cheatsheet_txt	qwen3	Natugu	grammar	original	modelgloss	cheatsheet_txt	configs/matched_gold_v2/qwen3_natugu_grammar_original_modelgloss_cheatsheet_txt.json	results/matched_gold_v2/qwen3/natugu/grammar/original/modelgloss_cheatsheet_txt.jsonl	metrics/matched_gold_v2/lexical_and_xcomet_xl/qwen3/natugu/grammar/original/modelgloss_cheatsheet_txt.json	metrics/matched_gold_v2/xcomet_xxl/qwen3/natugu/grammar/original/modelgloss_cheatsheet_txt.json	99	99	complete	True	True	0	0	0	0	0	native	99	13.519861594161357	38.80059241144737	0.5147889959390717	0.3933732949122034
qwen3_natugu_grammar_original_modelgloss_cheatsheet_txt	qwen3	Natugu	grammar	original	modelgloss	cheatsheet_txt	configs/matched_gold_v2/qwen3_natugu_grammar_original_modelgloss_cheatsheet_txt.json	results/matched_gold_v2/qwen3/natugu/grammar/original/modelgloss_cheatsheet_txt.jsonl	metrics/matched_gold_v2/lexical_and_xcomet_xl/qwen3/natugu/grammar/original/modelgloss_cheatsheet_txt.json	metrics/matched_gold_v2/xcomet_xxl/qwen3/natugu/grammar/original/modelgloss_cheatsheet_txt.json	99	99	complete	True	True	0	0	0	0	0	common99	99	13.519861594161357	38.80059241144737	0.5147889959390717	0.3933732949122034
qwen3_natugu_grammar_original_modelgloss_pdfpages_impactful_jpg	qwen3	Natugu	grammar	original	modelgloss	pdfpages_impactful_jpg	configs/matched_gold_v2/qwen3_natugu_grammar_original_modelgloss_pdfpages_impactful_jpg.json	results/matched_gold_v2/qwen3/natugu/grammar/original/modelgloss_pdfpages_impactful_jpg.jsonl	metrics/matched_gold_v2/lexical_and_xcomet_xl/qwen3/natugu/grammar/original/modelgloss_pdfpages_impactful_jpg.json	metrics/matched_gold_v2/xcomet_xxl/qwen3/natugu/grammar/original/modelgloss_pdfpages_impactful_jpg.json	99	99	complete	True	True	0	0	0	0	0	native	99	13.519864951550387	38.12649944861411	0.5070376322425977	0.38059832230962887
qwen3_natugu_grammar_original_modelgloss_pdfpages_impactful_jpg	qwen3	Natugu	grammar	original	modelgloss	pdfpages_impactful_jpg	configs/matched_gold_v2/qwen3_natugu_grammar_original_modelgloss_pdfpages_impactful_jpg.json	results/matched_gold_v2/qwen3/natugu/grammar/original/modelgloss_pdfpages_impactful_jpg.jsonl	metrics/matched_gold_v2/lexical_and_xcomet_xl/qwen3/natugu/grammar/original/modelgloss_pdfpages_impactful_jpg.json	metrics/matched_gold_v2/xcomet_xxl/qwen3/natugu/grammar/original/modelgloss_pdfpages_impactful_jpg.json	99	99	complete	True	True	0	0	0	0	0	common99	99	13.519864951550387	38.12649944861411	0.5070376322425977	0.38059832230962887
qwen3_natugu_grammar_original_modelgloss_summary_tables_jpg	qwen3	Natugu	grammar	original	modelgloss	summary_tables_jpg	configs/matched_gold_v2/qwen3_natugu_grammar_original_modelgloss_summary_tables_jpg.json	results/matched_gold_v2/qwen3/natugu/grammar/original/modelgloss_summary_tables_jpg.jsonl	metrics/matched_gold_v2/lexical_and_xcomet_xl/qwen3/natugu/grammar/original/modelgloss_summary_tables_jpg.json	metrics/matched_gold_v2/xcomet_xxl/qwen3/natugu/grammar/original/modelgloss_summary_tables_jpg.json	99	99	complete	True	True	0	0	0	0	0	native	99	13.007966980950451	38.07052468663926	0.520826604631212	0.385347789887226
qwen3_natugu_grammar_original_modelgloss_summary_tables_jpg	qwen3	Natugu	grammar	original	modelgloss	summary_tables_jpg	configs/matched_gold_v2/qwen3_natugu_grammar_original_modelgloss_summary_tables_jpg.json	results/matched_gold_v2/qwen3/natugu/grammar/original/modelgloss_summary_tables_jpg.jsonl	metrics/matched_gold_v2/lexical_and_xcomet_xl/qwen3/natugu/grammar/original/modelgloss_summary_tables_jpg.json	metrics/matched_gold_v2/xcomet_xxl/qwen3/natugu/grammar/original/modelgloss_summary_tables_jpg.json	99	99	complete	True	True	0	0	0	0	0	common99	99	13.007966980950451	38.07052468663926	0.520826604631212	0.385347789887226
qwen3_natugu_grammar_original_modelgloss_summary_tables_txt	qwen3	Natugu	grammar	original	modelgloss	summary_tables_txt	configs/matched_gold_v2/qwen3_natugu_grammar_original_modelgloss_summary_tables_txt.json	results/matched_gold_v2/qwen3/natugu/grammar/original/modelgloss_summary_tables_txt.jsonl	metrics/matched_gold_v2/lexical_and_xcomet_xl/qwen3/natugu/grammar/original/modelgloss_summary_tables_txt.json	metrics/matched_gold_v2/xcomet_xxl/qwen3/natugu/grammar/original/modelgloss_summary_tables_txt.json	99	99	complete	True	True	0	0	0	0	0	native	99	15.05837559284503	40.211738894114575	0.5222879302020025	0.39565464869292094
qwen3_natugu_grammar_original_modelgloss_summary_tables_txt	qwen3	Natugu	grammar	original	modelgloss	summary_tables_txt	configs/matched_gold_v2/qwen3_natugu_grammar_original_modelgloss_summary_tables_txt.json	results/matched_gold_v2/qwen3/natugu/grammar/original/modelgloss_summary_tables_txt.jsonl	metrics/matched_gold_v2/lexical_and_xcomet_xl/qwen3/natugu/grammar/original/modelgloss_summary_tables_txt.json	metrics/matched_gold_v2/xcomet_xxl/qwen3/natugu/grammar/original/modelgloss_summary_tables_txt.json	99	99	complete	True	True	0	0	0	0	0	common99	99	15.05837559284503	40.211738894114575	0.5222879302020025	0.39565464869292094
qwen3_natugu_grammar_original_modelgloss_summary_text_txt	qwen3	Natugu	grammar	original	modelgloss	summary_text_txt	configs/matched_gold_v2/qwen3_natugu_grammar_original_modelgloss_summary_text_txt.json	results/matched_gold_v2/qwen3/natugu/grammar/original/modelgloss_summary_text_txt.jsonl	metrics/matched_gold_v2/lexical_and_xcomet_xl/qwen3/natugu/grammar/original/modelgloss_summary_text_txt.json	metrics/matched_gold_v2/xcomet_xxl/qwen3/natugu/grammar/original/modelgloss_summary_text_txt.json	99	99	complete	True	True	0	0	0	0	0	native	99	14.37998385077525	39.454409924862716	0.5321489885599926	0.4042808520372468
qwen3_natugu_grammar_original_modelgloss_summary_text_txt	qwen3	Natugu	grammar	original	modelgloss	summary_text_txt	configs/matched_gold_v2/qwen3_natugu_grammar_original_modelgloss_summary_text_txt.json	results/matched_gold_v2/qwen3/natugu/grammar/original/modelgloss_summary_text_txt.jsonl	metrics/matched_gold_v2/lexical_and_xcomet_xl/qwen3/natugu/grammar/original/modelgloss_summary_text_txt.json	metrics/matched_gold_v2/xcomet_xxl/qwen3/natugu/grammar/original/modelgloss_summary_text_txt.json	99	99	complete	True	True	0	0	0	0	0	common99	99	14.37998385077525	39.454409924862716	0.5321489885599926	0.4042808520372468
qwen3_natugu_grammar_original_shot_baseline	qwen3	Natugu	grammar	original	shot	baseline	configs/matched_gold_v2/qwen3_natugu_grammar_original_shot_baseline.json	results/matched_gold_v2/qwen3/natugu/grammar/original/shot_baseline.jsonl	metrics/matched_gold_v2/lexical_and_xcomet_xl/qwen3/natugu/grammar/original/shot_baseline.json	metrics/matched_gold_v2/xcomet_xxl/qwen3/natugu/grammar/original/shot_baseline.json	99	99	complete	True	True	0	0	0	0	0	native	99	2.3418201737526743	19.538684308976457	0.31089694496959147	0.1660729782900425
qwen3_natugu_grammar_original_shot_baseline	qwen3	Natugu	grammar	original	shot	baseline	configs/matched_gold_v2/qwen3_natugu_grammar_original_shot_baseline.json	results/matched_gold_v2/qwen3/natugu/grammar/original/shot_baseline.jsonl	metrics/matched_gold_v2/lexical_and_xcomet_xl/qwen3/natugu/grammar/original/shot_baseline.json	metrics/matched_gold_v2/xcomet_xxl/qwen3/natugu/grammar/original/shot_baseline.json	99	99	complete	True	True	0	0	0	0	0	common99	99	2.3418201737526743	19.538684308976457	0.31089694496959147	0.1660729782900425
qwen3_natugu_grammar_original_shot_cheatsheet_jpg	qwen3	Natugu	grammar	original	shot	cheatsheet_jpg	configs/matched_gold_v2/qwen3_natugu_grammar_original_shot_cheatsheet_jpg.json	results/matched_gold_v2/qwen3/natugu/grammar/original/shot_cheatsheet_jpg.jsonl	metrics/matched_gold_v2/lexical_and_xcomet_xl/qwen3/natugu/grammar/original/shot_cheatsheet_jpg.json	metrics/matched_gold_v2/xcomet_xxl/qwen3/natugu/grammar/original/shot_cheatsheet_jpg.json	99	99	complete	True	True	2	1	0	0	2	native	99	1.7356071585836352	19.242701598768143	0.3145747378920064	0.16641983578000405
qwen3_natugu_grammar_original_shot_cheatsheet_jpg	qwen3	Natugu	grammar	original	shot	cheatsheet_jpg	configs/matched_gold_v2/qwen3_natugu_grammar_original_shot_cheatsheet_jpg.json	results/matched_gold_v2/qwen3/natugu/grammar/original/shot_cheatsheet_jpg.jsonl	metrics/matched_gold_v2/lexical_and_xcomet_xl/qwen3/natugu/grammar/original/shot_cheatsheet_jpg.json	metrics/matched_gold_v2/xcomet_xxl/qwen3/natugu/grammar/original/shot_cheatsheet_jpg.json	99	99	complete	True	True	2	1	0	0	2	common99	99	1.7356071585836352	19.242701598768143	0.3145747378920064	0.16641983578000405
qwen3_natugu_grammar_original_shot_cheatsheet_txt	qwen3	Natugu	grammar	original	shot	cheatsheet_txt	configs/matched_gold_v2/qwen3_natugu_grammar_original_shot_cheatsheet_txt.json	results/matched_gold_v2/qwen3/natugu/grammar/original/shot_cheatsheet_txt.jsonl	metrics/matched_gold_v2/lexical_and_xcomet_xl/qwen3/natugu/grammar/original/shot_cheatsheet_txt.json	metrics/matched_gold_v2/xcomet_xxl/qwen3/natugu/grammar/original/shot_cheatsheet_txt.json	99	99	complete	True	True	0	0	0	0	0	native	99	2.750177579092955	19.570209658728956	0.3211961943994869	0.17324898226393592
qwen3_natugu_grammar_original_shot_cheatsheet_txt	qwen3	Natugu	grammar	original	shot	cheatsheet_txt	configs/matched_gold_v2/qwen3_natugu_grammar_original_shot_cheatsheet_txt.json	results/matched_gold_v2/qwen3/natugu/grammar/original/shot_cheatsheet_txt.jsonl	metrics/matched_gold_v2/lexical_and_xcomet_xl/qwen3/natugu/grammar/original/shot_cheatsheet_txt.json	metrics/matched_gold_v2/xcomet_xxl/qwen3/natugu/grammar/original/shot_cheatsheet_txt.json	99	99	complete	True	True	0	0	0	0	0	common99	99	2.750177579092955	19.570209658728956	0.3211961943994869	0.17324898226393592
qwen3_natugu_grammar_original_shot_pdfpages_impactful_jpg	qwen3	Natugu	grammar	original	shot	pdfpages_impactful_jpg	configs/matched_gold_v2/qwen3_natugu_grammar_original_shot_pdfpages_impactful_jpg.json	results/matched_gold_v2/qwen3/natugu/grammar/original/shot_pdfpages_impactful_jpg.jsonl	metrics/matched_gold_v2/lexical_and_xcomet_xl/qwen3/natugu/grammar/original/shot_pdfpages_impactful_jpg.json	metrics/matched_gold_v2/xcomet_xxl/qwen3/natugu/grammar/original/shot_pdfpages_impactful_jpg.json	99	99	complete	True	True	4	0	0	0	4	native	99	2.7430105429480913	18.21230839958671	0.32216389296632825	0.1742583034616528
qwen3_natugu_grammar_original_shot_pdfpages_impactful_jpg	qwen3	Natugu	grammar	original	shot	pdfpages_impactful_jpg	configs/matched_gold_v2/qwen3_natugu_grammar_original_shot_pdfpages_impactful_jpg.json	results/matched_gold_v2/qwen3/natugu/grammar/original/shot_pdfpages_impactful_jpg.jsonl	metrics/matched_gold_v2/lexical_and_xcomet_xl/qwen3/natugu/grammar/original/shot_pdfpages_impactful_jpg.json	metrics/matched_gold_v2/xcomet_xxl/qwen3/natugu/grammar/original/shot_pdfpages_impactful_jpg.json	99	99	complete	True	True	4	0	0	0	4	common99	99	2.7430105429480913	18.21230839958671	0.32216389296632825	0.1742583034616528
qwen3_natugu_grammar_original_shot_summary_tables_jpg	qwen3	Natugu	grammar	original	shot	summary_tables_jpg	configs/matched_gold_v2/qwen3_natugu_grammar_original_shot_summary_tables_jpg.json	results/matched_gold_v2/qwen3/natugu/grammar/original/shot_summary_tables_jpg.jsonl	metrics/matched_gold_v2/lexical_and_xcomet_xl/qwen3/natugu/grammar/original/shot_summary_tables_jpg.json	metrics/matched_gold_v2/xcomet_xxl/qwen3/natugu/grammar/original/shot_summary_tables_jpg.json	99	99	complete	True	True	1	0	0	0	1	native	99	2.451044091109798	18.828013398950176	0.3068915766597998	0.16446134959808503
qwen3_natugu_grammar_original_shot_summary_tables_jpg	qwen3	Natugu	grammar	original	shot	summary_tables_jpg	configs/matched_gold_v2/qwen3_natugu_grammar_original_shot_summary_tables_jpg.json	results/matched_gold_v2/qwen3/natugu/grammar/original/shot_summary_tables_jpg.jsonl	metrics/matched_gold_v2/lexical_and_xcomet_xl/qwen3/natugu/grammar/original/shot_summary_tables_jpg.json	metrics/matched_gold_v2/xcomet_xxl/qwen3/natugu/grammar/original/shot_summary_tables_jpg.json	99	99	complete	True	True	1	0	0	0	1	common99	99	2.451044091109798	18.828013398950176	0.3068915766597998	0.16446134959808503
qwen3_natugu_grammar_original_shot_summary_tables_txt	qwen3	Natugu	grammar	original	shot	summary_tables_txt	configs/matched_gold_v2/qwen3_natugu_grammar_original_shot_summary_tables_txt.json	results/matched_gold_v2/qwen3/natugu/grammar/original/shot_summary_tables_txt.jsonl	metrics/matched_gold_v2/lexical_and_xcomet_xl/qwen3/natugu/grammar/original/shot_summary_tables_txt.json	metrics/matched_gold_v2/xcomet_xxl/qwen3/natugu/grammar/original/shot_summary_tables_txt.json	99	99	complete	True	True	0	0	0	0	0	native	99	2.9375502856019717	20.2628137888173	0.3162791123895934	0.17654973908205224
qwen3_natugu_grammar_original_shot_summary_tables_txt	qwen3	Natugu	grammar	original	shot	summary_tables_txt	configs/matched_gold_v2/qwen3_natugu_grammar_original_shot_summary_tables_txt.json	results/matched_gold_v2/qwen3/natugu/grammar/original/shot_summary_tables_txt.jsonl	metrics/matched_gold_v2/lexical_and_xcomet_xl/qwen3/natugu/grammar/original/shot_summary_tables_txt.json	metrics/matched_gold_v2/xcomet_xxl/qwen3/natugu/grammar/original/shot_summary_tables_txt.json	99	99	complete	True	True	0	0	0	0	0	common99	99	2.9375502856019717	20.2628137888173	0.3162791123895934	0.17654973908205224
qwen3_natugu_grammar_original_shot_summary_text_txt	qwen3	Natugu	grammar	original	shot	summary_text_txt	configs/matched_gold_v2/qwen3_natugu_grammar_original_shot_summary_text_txt.json	results/matched_gold_v2/qwen3/natugu/grammar/original/shot_summary_text_txt.jsonl	metrics/matched_gold_v2/lexical_and_xcomet_xl/qwen3/natugu/grammar/original/shot_summary_text_txt.json	metrics/matched_gold_v2/xcomet_xxl/qwen3/natugu/grammar/original/shot_summary_text_txt.json	99	99	complete	True	True	0	0	0	0	0	native	99	2.3207496219843877	19.429941074405374	0.3176423008694793	0.17757892021627136
qwen3_natugu_grammar_original_shot_summary_text_txt	qwen3	Natugu	grammar	original	shot	summary_text_txt	configs/matched_gold_v2/qwen3_natugu_grammar_original_shot_summary_text_txt.json	results/matched_gold_v2/qwen3/natugu/grammar/original/shot_summary_text_txt.jsonl	metrics/matched_gold_v2/lexical_and_xcomet_xl/qwen3/natugu/grammar/original/shot_summary_text_txt.json	metrics/matched_gold_v2/xcomet_xxl/qwen3/natugu/grammar/original/shot_summary_text_txt.json	99	99	complete	True	True	0	0	0	0	0	common99	99	2.3207496219843877	19.429941074405374	0.3176423008694793	0.17757892021627136
qwen3_tsez_grammar_original_chain_gloss_baseline	qwen3	Tsez	grammar	original	chain_gloss	baseline	configs/matched_gold_v2/qwen3_tsez_grammar_original_chain_gloss_baseline.json	results/matched_gold_v2/qwen3/tsez/grammar/original/chain_gloss_baseline.jsonl	metrics/matched_gold_v2/lexical_and_xcomet_xl/qwen3/tsez/grammar/original/chain_gloss_baseline.json	metrics/matched_gold_v2/xcomet_xxl/qwen3/tsez/grammar/original/chain_gloss_baseline.json	445	445	complete	True	True	35	35	35	0	35	native	445	1.219289719358583	15.524380837201745	0.23749074982793145	0.13051218037190063
qwen3_tsez_grammar_original_chain_gloss_baseline	qwen3	Tsez	grammar	original	chain_gloss	baseline	configs/matched_gold_v2/qwen3_tsez_grammar_original_chain_gloss_baseline.json	results/matched_gold_v2/qwen3/tsez/grammar/original/chain_gloss_baseline.jsonl	metrics/matched_gold_v2/lexical_and_xcomet_xl/qwen3/tsez/grammar/original/chain_gloss_baseline.json	metrics/matched_gold_v2/xcomet_xxl/qwen3/tsez/grammar/original/chain_gloss_baseline.json	445	445	complete	True	True	35	35	35	0	35	common99	99	1.2563538727200825	15.642035394898857	0.2339808823484363	0.12991704814361804
qwen3_tsez_grammar_original_chain_gloss_cheatsheet_jpg	qwen3	Tsez	grammar	original	chain_gloss	cheatsheet_jpg	configs/matched_gold_v2/qwen3_tsez_grammar_original_chain_gloss_cheatsheet_jpg.json	results/matched_gold_v2/qwen3/tsez/grammar/original/chain_gloss_cheatsheet_jpg.jsonl	metrics/matched_gold_v2/lexical_and_xcomet_xl/qwen3/tsez/grammar/original/chain_gloss_cheatsheet_jpg.json	metrics/matched_gold_v2/xcomet_xxl/qwen3/tsez/grammar/original/chain_gloss_cheatsheet_jpg.json	445	445	complete	True	True	15	15	15	0	15	native	445	1.0265210295664553	12.956869430910567	0.22847293059477644	0.12940331602029587
qwen3_tsez_grammar_original_chain_gloss_cheatsheet_jpg	qwen3	Tsez	grammar	original	chain_gloss	cheatsheet_jpg	configs/matched_gold_v2/qwen3_tsez_grammar_original_chain_gloss_cheatsheet_jpg.json	results/matched_gold_v2/qwen3/tsez/grammar/original/chain_gloss_cheatsheet_jpg.jsonl	metrics/matched_gold_v2/lexical_and_xcomet_xl/qwen3/tsez/grammar/original/chain_gloss_cheatsheet_jpg.json	metrics/matched_gold_v2/xcomet_xxl/qwen3/tsez/grammar/original/chain_gloss_cheatsheet_jpg.json	445	445	complete	True	True	15	15	15	0	15	common99	99	0.8858696708142307	12.873117839173423	0.22835318924802722	0.12359939748891677
qwen3_tsez_grammar_original_chain_gloss_cheatsheet_txt	qwen3	Tsez	grammar	original	chain_gloss	cheatsheet_txt	configs/matched_gold_v2/qwen3_tsez_grammar_original_chain_gloss_cheatsheet_txt.json	results/matched_gold_v2/qwen3/tsez/grammar/original/chain_gloss_cheatsheet_txt.jsonl	metrics/matched_gold_v2/lexical_and_xcomet_xl/qwen3/tsez/grammar/original/chain_gloss_cheatsheet_txt.json	metrics/matched_gold_v2/xcomet_xxl/qwen3/tsez/grammar/original/chain_gloss_cheatsheet_txt.json	445	445	complete	True	True	13	13	13	0	13	native	445	1.4360759182151468	16.488402015850046	0.23579280453451565	0.13168745432676893
qwen3_tsez_grammar_original_chain_gloss_cheatsheet_txt	qwen3	Tsez	grammar	original	chain_gloss	cheatsheet_txt	configs/matched_gold_v2/qwen3_tsez_grammar_original_chain_gloss_cheatsheet_txt.json	results/matched_gold_v2/qwen3/tsez/grammar/original/chain_gloss_cheatsheet_txt.jsonl	metrics/matched_gold_v2/lexical_and_xcomet_xl/qwen3/tsez/grammar/original/chain_gloss_cheatsheet_txt.json	metrics/matched_gold_v2/xcomet_xxl/qwen3/tsez/grammar/original/chain_gloss_cheatsheet_txt.json	445	445	complete	True	True	13	13	13	0	13	common99	99	0.775506774300319	16.02274898724263	0.23332599136564466	0.12580023721011
qwen3_tsez_grammar_original_chain_gloss_pdfpages_impactful_jpg	qwen3	Tsez	grammar	original	chain_gloss	pdfpages_impactful_jpg	configs/matched_gold_v2/qwen3_tsez_grammar_original_chain_gloss_pdfpages_impactful_jpg.json	results/matched_gold_v2/qwen3/tsez/grammar/original/chain_gloss_pdfpages_impactful_jpg.jsonl	metrics/matched_gold_v2/lexical_and_xcomet_xl/qwen3/tsez/grammar/original/chain_gloss_pdfpages_impactful_jpg.json	metrics/matched_gold_v2/xcomet_xxl/qwen3/tsez/grammar/original/chain_gloss_pdfpages_impactful_jpg.json	445	445	complete	True	True	19	19	19	0	19	native	445	1.1852470489139837	14.929442212533758	0.22908797635791006	0.12975801850637694
qwen3_tsez_grammar_original_chain_gloss_pdfpages_impactful_jpg	qwen3	Tsez	grammar	original	chain_gloss	pdfpages_impactful_jpg	configs/matched_gold_v2/qwen3_tsez_grammar_original_chain_gloss_pdfpages_impactful_jpg.json	results/matched_gold_v2/qwen3/tsez/grammar/original/chain_gloss_pdfpages_impactful_jpg.jsonl	metrics/matched_gold_v2/lexical_and_xcomet_xl/qwen3/tsez/grammar/original/chain_gloss_pdfpages_impactful_jpg.json	metrics/matched_gold_v2/xcomet_xxl/qwen3/tsez/grammar/original/chain_gloss_pdfpages_impactful_jpg.json	445	445	complete	True	True	19	19	19	0	19	common99	99	0.9566470954438557	14.552708351626045	0.22570783215941806	0.12462989737590154
qwen3_tsez_grammar_original_chain_gloss_summary_tables_jpg	qwen3	Tsez	grammar	original	chain_gloss	summary_tables_jpg	configs/matched_gold_v2/qwen3_tsez_grammar_original_chain_gloss_summary_tables_jpg.json	results/matched_gold_v2/qwen3/tsez/grammar/original/chain_gloss_summary_tables_jpg.jsonl	metrics/matched_gold_v2/lexical_and_xcomet_xl/qwen3/tsez/grammar/original/chain_gloss_summary_tables_jpg.json	metrics/matched_gold_v2/xcomet_xxl/qwen3/tsez/grammar/original/chain_gloss_summary_tables_jpg.json	445	445	complete	True	True	5	5	5	0	5	native	445	1.2144684058271231	13.919395511342596	0.22512514156739363	0.12705129667949142
qwen3_tsez_grammar_original_chain_gloss_summary_tables_jpg	qwen3	Tsez	grammar	original	chain_gloss	summary_tables_jpg	configs/matched_gold_v2/qwen3_tsez_grammar_original_chain_gloss_summary_tables_jpg.json	results/matched_gold_v2/qwen3/tsez/grammar/original/chain_gloss_summary_tables_jpg.jsonl	metrics/matched_gold_v2/lexical_and_xcomet_xl/qwen3/tsez/grammar/original/chain_gloss_summary_tables_jpg.json	metrics/matched_gold_v2/xcomet_xxl/qwen3/tsez/grammar/original/chain_gloss_summary_tables_jpg.json	445	445	complete	True	True	5	5	5	0	5	common99	99	0.9467366262648371	13.428019806857803	0.23049556682206163	0.1255441548848393
qwen3_tsez_grammar_original_chain_gloss_summary_tables_txt	qwen3	Tsez	grammar	original	chain_gloss	summary_tables_txt	configs/matched_gold_v2/qwen3_tsez_grammar_original_chain_gloss_summary_tables_txt.json	results/matched_gold_v2/qwen3/tsez/grammar/original/chain_gloss_summary_tables_txt.jsonl	metrics/matched_gold_v2/lexical_and_xcomet_xl/qwen3/tsez/grammar/original/chain_gloss_summary_tables_txt.json	metrics/matched_gold_v2/xcomet_xxl/qwen3/tsez/grammar/original/chain_gloss_summary_tables_txt.json	445	445	complete	True	True	24	24	24	0	24	native	445	1.5749119906795086	16.48258264074809	0.23236456446433335	0.13174957159195053
qwen3_tsez_grammar_original_chain_gloss_summary_tables_txt	qwen3	Tsez	grammar	original	chain_gloss	summary_tables_txt	configs/matched_gold_v2/qwen3_tsez_grammar_original_chain_gloss_summary_tables_txt.json	results/matched_gold_v2/qwen3/tsez/grammar/original/chain_gloss_summary_tables_txt.jsonl	metrics/matched_gold_v2/lexical_and_xcomet_xl/qwen3/tsez/grammar/original/chain_gloss_summary_tables_txt.json	metrics/matched_gold_v2/xcomet_xxl/qwen3/tsez/grammar/original/chain_gloss_summary_tables_txt.json	445	445	complete	True	True	24	24	24	0	24	common99	99	0.9106271162302776	16.609710180216418	0.22980673219820466	0.1269634741574827
qwen3_tsez_grammar_original_chain_gloss_summary_text_txt	qwen3	Tsez	grammar	original	chain_gloss	summary_text_txt	configs/matched_gold_v2/qwen3_tsez_grammar_original_chain_gloss_summary_text_txt.json	results/matched_gold_v2/qwen3/tsez/grammar/original/chain_gloss_summary_text_txt.jsonl	metrics/matched_gold_v2/lexical_and_xcomet_xl/qwen3/tsez/grammar/original/chain_gloss_summary_text_txt.json	metrics/matched_gold_v2/xcomet_xxl/qwen3/tsez/grammar/original/chain_gloss_summary_text_txt.json	445	445	complete	True	True	22	22	22	0	22	native	445	1.5734575499768753	16.109189067804326	0.2329702934857165	0.13349599215421784
qwen3_tsez_grammar_original_chain_gloss_summary_text_txt	qwen3	Tsez	grammar	original	chain_gloss	summary_text_txt	configs/matched_gold_v2/qwen3_tsez_grammar_original_chain_gloss_summary_text_txt.json	results/matched_gold_v2/qwen3/tsez/grammar/original/chain_gloss_summary_text_txt.jsonl	metrics/matched_gold_v2/lexical_and_xcomet_xl/qwen3/tsez/grammar/original/chain_gloss_summary_text_txt.json	metrics/matched_gold_v2/xcomet_xxl/qwen3/tsez/grammar/original/chain_gloss_summary_text_txt.json	445	445	complete	True	True	22	22	22	0	22	common99	99	1.3509915042561589	16.219761961484647	0.23923801261969288	0.13492564616179226
qwen3_tsez_grammar_original_modelgloss_baseline	qwen3	Tsez	grammar	original	modelgloss	baseline	configs/matched_gold_v2/qwen3_tsez_grammar_original_modelgloss_baseline.json	results/matched_gold_v2/qwen3/tsez/grammar/original/modelgloss_baseline.jsonl	metrics/matched_gold_v2/lexical_and_xcomet_xl/qwen3/tsez/grammar/original/modelgloss_baseline.json	metrics/matched_gold_v2/xcomet_xxl/qwen3/tsez/grammar/original/modelgloss_baseline.json	445	445	complete	True	True	0	0	0	0	0	native	445	12.075441242537064	38.94532452307673	0.4855870847956518	0.3615185781308774
qwen3_tsez_grammar_original_modelgloss_baseline	qwen3	Tsez	grammar	original	modelgloss	baseline	configs/matched_gold_v2/qwen3_tsez_grammar_original_modelgloss_baseline.json	results/matched_gold_v2/qwen3/tsez/grammar/original/modelgloss_baseline.jsonl	metrics/matched_gold_v2/lexical_and_xcomet_xl/qwen3/tsez/grammar/original/modelgloss_baseline.json	metrics/matched_gold_v2/xcomet_xxl/qwen3/tsez/grammar/original/modelgloss_baseline.json	445	445	complete	True	True	0	0	0	0	0	common99	99	11.835913255994832	38.175098759039216	0.48219798655823026	0.35226383060216904
qwen3_tsez_grammar_original_modelgloss_cheatsheet_jpg	qwen3	Tsez	grammar	original	modelgloss	cheatsheet_jpg	configs/matched_gold_v2/qwen3_tsez_grammar_original_modelgloss_cheatsheet_jpg.json	results/matched_gold_v2/qwen3/tsez/grammar/original/modelgloss_cheatsheet_jpg.jsonl	metrics/matched_gold_v2/lexical_and_xcomet_xl/qwen3/tsez/grammar/original/modelgloss_cheatsheet_jpg.json	metrics/matched_gold_v2/xcomet_xxl/qwen3/tsez/grammar/original/modelgloss_cheatsheet_jpg.json	445	445	complete	True	True	0	0	0	0	0	native	445	11.026625981472206	38.340395795442404	0.48719780388173095	0.3538635627942139
qwen3_tsez_grammar_original_modelgloss_cheatsheet_jpg	qwen3	Tsez	grammar	original	modelgloss	cheatsheet_jpg	configs/matched_gold_v2/qwen3_tsez_grammar_original_modelgloss_cheatsheet_jpg.json	results/matched_gold_v2/qwen3/tsez/grammar/original/modelgloss_cheatsheet_jpg.jsonl	metrics/matched_gold_v2/lexical_and_xcomet_xl/qwen3/tsez/grammar/original/modelgloss_cheatsheet_jpg.json	metrics/matched_gold_v2/xcomet_xxl/qwen3/tsez/grammar/original/modelgloss_cheatsheet_jpg.json	445	445	complete	True	True	0	0	0	0	0	common99	99	11.199840314204518	37.608372607351356	0.4814469838383222	0.34204462268436797
qwen3_tsez_grammar_original_modelgloss_cheatsheet_txt	qwen3	Tsez	grammar	original	modelgloss	cheatsheet_txt	configs/matched_gold_v2/qwen3_tsez_grammar_original_modelgloss_cheatsheet_txt.json	results/matched_gold_v2/qwen3/tsez/grammar/original/modelgloss_cheatsheet_txt.jsonl	metrics/matched_gold_v2/lexical_and_xcomet_xl/qwen3/tsez/grammar/original/modelgloss_cheatsheet_txt.json	metrics/matched_gold_v2/xcomet_xxl/qwen3/tsez/grammar/original/modelgloss_cheatsheet_txt.json	445	445	complete	True	True	0	0	0	0	0	native	445	11.172732867392055	38.883181573547496	0.48450645409273296	0.358677916530143
qwen3_tsez_grammar_original_modelgloss_cheatsheet_txt	qwen3	Tsez	grammar	original	modelgloss	cheatsheet_txt	configs/matched_gold_v2/qwen3_tsez_grammar_original_modelgloss_cheatsheet_txt.json	results/matched_gold_v2/qwen3/tsez/grammar/original/modelgloss_cheatsheet_txt.jsonl	metrics/matched_gold_v2/lexical_and_xcomet_xl/qwen3/tsez/grammar/original/modelgloss_cheatsheet_txt.json	metrics/matched_gold_v2/xcomet_xxl/qwen3/tsez/grammar/original/modelgloss_cheatsheet_txt.json	445	445	complete	True	True	0	0	0	0	0	common99	99	10.403591723524844	37.83490264531446	0.4712936282157898	0.3522511600243925
qwen3_tsez_grammar_original_modelgloss_pdfpages_impactful_jpg	qwen3	Tsez	grammar	original	modelgloss	pdfpages_impactful_jpg	configs/matched_gold_v2/qwen3_tsez_grammar_original_modelgloss_pdfpages_impactful_jpg.json	results/matched_gold_v2/qwen3/tsez/grammar/original/modelgloss_pdfpages_impactful_jpg.jsonl	metrics/matched_gold_v2/lexical_and_xcomet_xl/qwen3/tsez/grammar/original/modelgloss_pdfpages_impactful_jpg.json	metrics/matched_gold_v2/xcomet_xxl/qwen3/tsez/grammar/original/modelgloss_pdfpages_impactful_jpg.json	445	445	complete	True	True	0	0	0	0	0	native	445	10.310800117583868	37.68827869721216	0.4698460462890314	0.3478813305832027
qwen3_tsez_grammar_original_modelgloss_pdfpages_impactful_jpg	qwen3	Tsez	grammar	original	modelgloss	pdfpages_impactful_jpg	configs/matched_gold_v2/qwen3_tsez_grammar_original_modelgloss_pdfpages_impactful_jpg.json	results/matched_gold_v2/qwen3/tsez/grammar/original/modelgloss_pdfpages_impactful_jpg.jsonl	metrics/matched_gold_v2/lexical_and_xcomet_xl/qwen3/tsez/grammar/original/modelgloss_pdfpages_impactful_jpg.json	metrics/matched_gold_v2/xcomet_xxl/qwen3/tsez/grammar/original/modelgloss_pdfpages_impactful_jpg.json	445	445	complete	True	True	0	0	0	0	0	common99	99	9.036999565340347	36.0070278189586	0.464419994766664	0.33913847465406766
qwen3_tsez_grammar_original_modelgloss_summary_tables_jpg	qwen3	Tsez	grammar	original	modelgloss	summary_tables_jpg	configs/matched_gold_v2/qwen3_tsez_grammar_original_modelgloss_summary_tables_jpg.json	results/matched_gold_v2/qwen3/tsez/grammar/original/modelgloss_summary_tables_jpg.jsonl	metrics/matched_gold_v2/lexical_and_xcomet_xl/qwen3/tsez/grammar/original/modelgloss_summary_tables_jpg.json	metrics/matched_gold_v2/xcomet_xxl/qwen3/tsez/grammar/original/modelgloss_summary_tables_jpg.json	445	445	complete	True	True	1	1	0	0	1	native	445	11.850040070014966	38.87867602743517	0.48376740284180375	0.35462784100784345
qwen3_tsez_grammar_original_modelgloss_summary_tables_jpg	qwen3	Tsez	grammar	original	modelgloss	summary_tables_jpg	configs/matched_gold_v2/qwen3_tsez_grammar_original_modelgloss_summary_tables_jpg.json	results/matched_gold_v2/qwen3/tsez/grammar/original/modelgloss_summary_tables_jpg.jsonl	metrics/matched_gold_v2/lexical_and_xcomet_xl/qwen3/tsez/grammar/original/modelgloss_summary_tables_jpg.json	metrics/matched_gold_v2/xcomet_xxl/qwen3/tsez/grammar/original/modelgloss_summary_tables_jpg.json	445	445	complete	True	True	1	1	0	0	1	common99	99	11.487038299679941	37.79445804619494	0.48294321537920926	0.34479703927280925
qwen3_tsez_grammar_original_modelgloss_summary_tables_txt	qwen3	Tsez	grammar	original	modelgloss	summary_tables_txt	configs/matched_gold_v2/qwen3_tsez_grammar_original_modelgloss_summary_tables_txt.json	results/matched_gold_v2/qwen3/tsez/grammar/original/modelgloss_summary_tables_txt.jsonl	metrics/matched_gold_v2/lexical_and_xcomet_xl/qwen3/tsez/grammar/original/modelgloss_summary_tables_txt.json	metrics/matched_gold_v2/xcomet_xxl/qwen3/tsez/grammar/original/modelgloss_summary_tables_txt.json	445	445	complete	True	True	0	0	0	0	0	native	445	11.613715724628594	38.911828605246036	0.4913023677434814	0.3618409425355075
qwen3_tsez_grammar_original_modelgloss_summary_tables_txt	qwen3	Tsez	grammar	original	modelgloss	summary_tables_txt	configs/matched_gold_v2/qwen3_tsez_grammar_original_modelgloss_summary_tables_txt.json	results/matched_gold_v2/qwen3/tsez/grammar/original/modelgloss_summary_tables_txt.jsonl	metrics/matched_gold_v2/lexical_and_xcomet_xl/qwen3/tsez/grammar/original/modelgloss_summary_tables_txt.json	metrics/matched_gold_v2/xcomet_xxl/qwen3/tsez/grammar/original/modelgloss_summary_tables_txt.json	445	445	complete	True	True	0	0	0	0	0	common99	99	11.968415883079647	38.59271030772742	0.4781172809877781	0.35710275165661415
qwen3_tsez_grammar_original_modelgloss_summary_text_txt	qwen3	Tsez	grammar	original	modelgloss	summary_text_txt	configs/matched_gold_v2/qwen3_tsez_grammar_original_modelgloss_summary_text_txt.json	results/matched_gold_v2/qwen3/tsez/grammar/original/modelgloss_summary_text_txt.jsonl	metrics/matched_gold_v2/lexical_and_xcomet_xl/qwen3/tsez/grammar/original/modelgloss_summary_text_txt.json	metrics/matched_gold_v2/xcomet_xxl/qwen3/tsez/grammar/original/modelgloss_summary_text_txt.json	445	445	complete	True	True	0	0	0	0	0	native	445	12.07343058276306	39.55383120560044	0.48101426679431725	0.3602628478006031
qwen3_tsez_grammar_original_modelgloss_summary_text_txt	qwen3	Tsez	grammar	original	modelgloss	summary_text_txt	configs/matched_gold_v2/qwen3_tsez_grammar_original_modelgloss_summary_text_txt.json	results/matched_gold_v2/qwen3/tsez/grammar/original/modelgloss_summary_text_txt.jsonl	metrics/matched_gold_v2/lexical_and_xcomet_xl/qwen3/tsez/grammar/original/modelgloss_summary_text_txt.json	metrics/matched_gold_v2/xcomet_xxl/qwen3/tsez/grammar/original/modelgloss_summary_text_txt.json	445	445	complete	True	True	0	0	0	0	0	common99	99	11.46632785779018	38.34317984731947	0.4650453907823322	0.3567434118101091
qwen3_tsez_grammar_original_shot_baseline	qwen3	Tsez	grammar	original	shot	baseline	configs/matched_gold_v2/qwen3_tsez_grammar_original_shot_baseline.json	results/matched_gold_v2/qwen3/tsez/grammar/original/shot_baseline.jsonl	metrics/matched_gold_v2/lexical_and_xcomet_xl/qwen3/tsez/grammar/original/shot_baseline.json	metrics/matched_gold_v2/xcomet_xxl/qwen3/tsez/grammar/original/shot_baseline.json	445	445	complete	True	True	0	0	0	0	0	native	445	2.1749100723840376	18.135088336099205	0.25331548778863433	0.1445997520109241
qwen3_tsez_grammar_original_shot_baseline	qwen3	Tsez	grammar	original	shot	baseline	configs/matched_gold_v2/qwen3_tsez_grammar_original_shot_baseline.json	results/matched_gold_v2/qwen3/tsez/grammar/original/shot_baseline.jsonl	metrics/matched_gold_v2/lexical_and_xcomet_xl/qwen3/tsez/grammar/original/shot_baseline.json	metrics/matched_gold_v2/xcomet_xxl/qwen3/tsez/grammar/original/shot_baseline.json	445	445	complete	True	True	0	0	0	0	0	common99	99	1.2531861780762061	17.33012478024353	0.2534510273524005	0.13731773987864004
qwen3_tsez_grammar_original_shot_cheatsheet_jpg	qwen3	Tsez	grammar	original	shot	cheatsheet_jpg	configs/matched_gold_v2/qwen3_tsez_grammar_original_shot_cheatsheet_jpg.json	results/matched_gold_v2/qwen3/tsez/grammar/original/shot_cheatsheet_jpg.jsonl	metrics/matched_gold_v2/lexical_and_xcomet_xl/qwen3/tsez/grammar/original/shot_cheatsheet_jpg.json	metrics/matched_gold_v2/xcomet_xxl/qwen3/tsez/grammar/original/shot_cheatsheet_jpg.json	445	445	complete	True	True	1	0	0	0	1	native	445	1.9475165287790477	17.8631230985719	0.23834403538971805	0.14018877999166424
qwen3_tsez_grammar_original_shot_cheatsheet_jpg	qwen3	Tsez	grammar	original	shot	cheatsheet_jpg	configs/matched_gold_v2/qwen3_tsez_grammar_original_shot_cheatsheet_jpg.json	results/matched_gold_v2/qwen3/tsez/grammar/original/shot_cheatsheet_jpg.jsonl	metrics/matched_gold_v2/lexical_and_xcomet_xl/qwen3/tsez/grammar/original/shot_cheatsheet_jpg.json	metrics/matched_gold_v2/xcomet_xxl/qwen3/tsez/grammar/original/shot_cheatsheet_jpg.json	445	445	complete	True	True	1	0	0	0	1	common99	99	1.1298549183175046	17.174490622408552	0.229920919194366	0.13568567243790386
qwen3_tsez_grammar_original_shot_cheatsheet_txt	qwen3	Tsez	grammar	original	shot	cheatsheet_txt	configs/matched_gold_v2/qwen3_tsez_grammar_original_shot_cheatsheet_txt.json	results/matched_gold_v2/qwen3/tsez/grammar/original/shot_cheatsheet_txt.jsonl	metrics/matched_gold_v2/lexical_and_xcomet_xl/qwen3/tsez/grammar/original/shot_cheatsheet_txt.json	metrics/matched_gold_v2/xcomet_xxl/qwen3/tsez/grammar/original/shot_cheatsheet_txt.json	445	445	complete	True	True	0	0	0	0	0	native	445	2.1774267335296016	18.325434985891395	0.24291495491614504	0.13672766342256845
qwen3_tsez_grammar_original_shot_cheatsheet_txt	qwen3	Tsez	grammar	original	shot	cheatsheet_txt	configs/matched_gold_v2/qwen3_tsez_grammar_original_shot_cheatsheet_txt.json	results/matched_gold_v2/qwen3/tsez/grammar/original/shot_cheatsheet_txt.jsonl	metrics/matched_gold_v2/lexical_and_xcomet_xl/qwen3/tsez/grammar/original/shot_cheatsheet_txt.json	metrics/matched_gold_v2/xcomet_xxl/qwen3/tsez/grammar/original/shot_cheatsheet_txt.json	445	445	complete	True	True	0	0	0	0	0	common99	99	2.033610684870859	17.876399128354635	0.24274229897995186	0.1332854926586151
qwen3_tsez_grammar_original_shot_pdfpages_impactful_jpg	qwen3	Tsez	grammar	original	shot	pdfpages_impactful_jpg	configs/matched_gold_v2/qwen3_tsez_grammar_original_shot_pdfpages_impactful_jpg.json	results/matched_gold_v2/qwen3/tsez/grammar/original/shot_pdfpages_impactful_jpg.jsonl	metrics/matched_gold_v2/lexical_and_xcomet_xl/qwen3/tsez/grammar/original/shot_pdfpages_impactful_jpg.json	metrics/matched_gold_v2/xcomet_xxl/qwen3/tsez/grammar/original/shot_pdfpages_impactful_jpg.json	445	445	complete	True	True	0	0	0	0	0	native	445	1.859871369941908	18.237675416507614	0.23431284971786348	0.13634093139278755
qwen3_tsez_grammar_original_shot_pdfpages_impactful_jpg	qwen3	Tsez	grammar	original	shot	pdfpages_impactful_jpg	configs/matched_gold_v2/qwen3_tsez_grammar_original_shot_pdfpages_impactful_jpg.json	results/matched_gold_v2/qwen3/tsez/grammar/original/shot_pdfpages_impactful_jpg.jsonl	metrics/matched_gold_v2/lexical_and_xcomet_xl/qwen3/tsez/grammar/original/shot_pdfpages_impactful_jpg.json	metrics/matched_gold_v2/xcomet_xxl/qwen3/tsez/grammar/original/shot_pdfpages_impactful_jpg.json	445	445	complete	True	True	0	0	0	0	0	common99	99	1.29819392721515	17.76556978889825	0.2291441425831631	0.13410070395529872
qwen3_tsez_grammar_original_shot_summary_tables_jpg	qwen3	Tsez	grammar	original	shot	summary_tables_jpg	configs/matched_gold_v2/qwen3_tsez_grammar_original_shot_summary_tables_jpg.json	results/matched_gold_v2/qwen3/tsez/grammar/original/shot_summary_tables_jpg.jsonl	metrics/matched_gold_v2/lexical_and_xcomet_xl/qwen3/tsez/grammar/original/shot_summary_tables_jpg.json	metrics/matched_gold_v2/xcomet_xxl/qwen3/tsez/grammar/original/shot_summary_tables_jpg.json	445	445	complete	True	True	0	0	0	0	0	native	445	2.0451023499629137	18.08198341189533	0.23789912174257	0.13946797447593023
qwen3_tsez_grammar_original_shot_summary_tables_jpg	qwen3	Tsez	grammar	original	shot	summary_tables_jpg	configs/matched_gold_v2/qwen3_tsez_grammar_original_shot_summary_tables_jpg.json	results/matched_gold_v2/qwen3/tsez/grammar/original/shot_summary_tables_jpg.jsonl	metrics/matched_gold_v2/lexical_and_xcomet_xl/qwen3/tsez/grammar/original/shot_summary_tables_jpg.json	metrics/matched_gold_v2/xcomet_xxl/qwen3/tsez/grammar/original/shot_summary_tables_jpg.json	445	445	complete	True	True	0	0	0	0	0	common99	99	1.6654192740203921	16.74123169527749	0.22703582424708088	0.13570152388678658
qwen3_tsez_grammar_original_shot_summary_tables_txt	qwen3	Tsez	grammar	original	shot	summary_tables_txt	configs/matched_gold_v2/qwen3_tsez_grammar_original_shot_summary_tables_txt.json	results/matched_gold_v2/qwen3/tsez/grammar/original/shot_summary_tables_txt.jsonl	metrics/matched_gold_v2/lexical_and_xcomet_xl/qwen3/tsez/grammar/original/shot_summary_tables_txt.json	metrics/matched_gold_v2/xcomet_xxl/qwen3/tsez/grammar/original/shot_summary_tables_txt.json	445	445	complete	True	True	0	0	0	0	0	native	445	2.216551322127618	18.68158920213612	0.24514852397227554	0.14057644615682324
qwen3_tsez_grammar_original_shot_summary_tables_txt	qwen3	Tsez	grammar	original	shot	summary_tables_txt	configs/matched_gold_v2/qwen3_tsez_grammar_original_shot_summary_tables_txt.json	results/matched_gold_v2/qwen3/tsez/grammar/original/shot_summary_tables_txt.jsonl	metrics/matched_gold_v2/lexical_and_xcomet_xl/qwen3/tsez/grammar/original/shot_summary_tables_txt.json	metrics/matched_gold_v2/xcomet_xxl/qwen3/tsez/grammar/original/shot_summary_tables_txt.json	445	445	complete	True	True	0	0	0	0	0	common99	99	1.641101056354898	17.963246285376698	0.24519456351044203	0.13838022646277842
qwen3_tsez_grammar_original_shot_summary_text_txt	qwen3	Tsez	grammar	original	shot	summary_text_txt	configs/matched_gold_v2/qwen3_tsez_grammar_original_shot_summary_text_txt.json	results/matched_gold_v2/qwen3/tsez/grammar/original/shot_summary_text_txt.jsonl	metrics/matched_gold_v2/lexical_and_xcomet_xl/qwen3/tsez/grammar/original/shot_summary_text_txt.json	metrics/matched_gold_v2/xcomet_xxl/qwen3/tsez/grammar/original/shot_summary_text_txt.json	445	445	complete	True	True	1	1	0	0	1	native	445	1.9614295588966777	18.165470625542778	0.24085088171315996	0.13925666048955382
qwen3_tsez_grammar_original_shot_summary_text_txt	qwen3	Tsez	grammar	original	shot	summary_text_txt	configs/matched_gold_v2/qwen3_tsez_grammar_original_shot_summary_text_txt.json	results/matched_gold_v2/qwen3/tsez/grammar/original/shot_summary_text_txt.jsonl	metrics/matched_gold_v2/lexical_and_xcomet_xl/qwen3/tsez/grammar/original/shot_summary_text_txt.json	metrics/matched_gold_v2/xcomet_xxl/qwen3/tsez/grammar/original/shot_summary_text_txt.json	445	445	complete	True	True	1	1	0	0	1	common99	99	1.5578631108824708	17.41859770091691	0.2433577184424256	0.13798327902049728
