id	model	language	source	variant	method	material	state	expected	records	generated	imported	empty	validation_error	config	results	metrics
qwen3_gitksan_pdf1_brown_original_shot_cheatsheet_jpg	qwen3	Gitksan	pdf1_brown	original	shot	cheatsheet_jpg	complete	37	37	37	0	0		configs/matched_v1/qwen3_gitksan_pdf1_brown_original_shot_cheatsheet_jpg.json	results/matched_v1/qwen3/gitksan/pdf1_brown/original/shot_cheatsheet_jpg.jsonl	metrics/matched_v1/qwen3/gitksan/pdf1_brown/original/shot_cheatsheet_jpg.json
qwen3_gitksan_pdf1_brown_original_chain_gloss_cheatsheet_jpg	qwen3	Gitksan	pdf1_brown	original	chain_gloss	cheatsheet_jpg	complete	37	37	0	37	0		configs/matched_v1/qwen3_gitksan_pdf1_brown_original_chain_gloss_cheatsheet_jpg.json	results/matched_v1/qwen3/gitksan/pdf1_brown/original/chain_gloss_cheatsheet_jpg.jsonl	metrics/matched_v1/qwen3/gitksan/pdf1_brown/original/chain_gloss_cheatsheet_jpg.json
qwen3_gitksan_pdf1_brown_original_modelgloss_cheatsheet_jpg	qwen3	Gitksan	pdf1_brown	original	modelgloss	cheatsheet_jpg	complete	37	37	37	0	0		configs/matched_v1/qwen3_gitksan_pdf1_brown_original_modelgloss_cheatsheet_jpg.json	results/matched_v1/qwen3/gitksan/pdf1_brown/original/modelgloss_cheatsheet_jpg.jsonl	metrics/matched_v1/qwen3/gitksan/pdf1_brown/original/modelgloss_cheatsheet_jpg.json
qwen3_gitksan_pdf1_brown_original_shot_cheatsheet_txt	qwen3	Gitksan	pdf1_brown	original	shot	cheatsheet_txt	complete	37	37	37	0	0		configs/matched_v1/qwen3_gitksan_pdf1_brown_original_shot_cheatsheet_txt.json	results/matched_v1/qwen3/gitksan/pdf1_brown/original/shot_cheatsheet_txt.jsonl	metrics/matched_v1/qwen3/gitksan/pdf1_brown/original/shot_cheatsheet_txt.json
qwen3_gitksan_pdf1_brown_original_chain_gloss_cheatsheet_txt	qwen3	Gitksan	pdf1_brown	original	chain_gloss	cheatsheet_txt	complete	37	37	0	37	0		configs/matched_v1/qwen3_gitksan_pdf1_brown_original_chain_gloss_cheatsheet_txt.json	results/matched_v1/qwen3/gitksan/pdf1_brown/original/chain_gloss_cheatsheet_txt.jsonl	metrics/matched_v1/qwen3/gitksan/pdf1_brown/original/chain_gloss_cheatsheet_txt.json
qwen3_gitksan_pdf1_brown_original_modelgloss_cheatsheet_txt	qwen3	Gitksan	pdf1_brown	original	modelgloss	cheatsheet_txt	complete	37	37	37	0	0		configs/matched_v1/qwen3_gitksan_pdf1_brown_original_modelgloss_cheatsheet_txt.json	results/matched_v1/qwen3/gitksan/pdf1_brown/original/modelgloss_cheatsheet_txt.jsonl	metrics/matched_v1/qwen3/gitksan/pdf1_brown/original/modelgloss_cheatsheet_txt.json
qwen3_gitksan_pdf1_brown_original_shot_pdfpages_impactful_jpg	qwen3	Gitksan	pdf1_brown	original	shot	pdfpages_impactful_jpg	complete	37	37	37	0	0		configs/matched_v1/qwen3_gitksan_pdf1_brown_original_shot_pdfpages_impactful_jpg.json	results/matched_v1/qwen3/gitksan/pdf1_brown/original/shot_pdfpages_impactful_jpg.jsonl	metrics/matched_v1/qwen3/gitksan/pdf1_brown/original/shot_pdfpages_impactful_jpg.json
qwen3_gitksan_pdf1_brown_original_chain_gloss_pdfpages_impactful_jpg	qwen3	Gitksan	pdf1_brown	original	chain_gloss	pdfpages_impactful_jpg	complete	37	37	0	37	1		configs/matched_v1/qwen3_gitksan_pdf1_brown_original_chain_gloss_pdfpages_impactful_jpg.json	results/matched_v1/qwen3/gitksan/pdf1_brown/original/chain_gloss_pdfpages_impactful_jpg.jsonl	metrics/matched_v1/qwen3/gitksan/pdf1_brown/original/chain_gloss_pdfpages_impactful_jpg.json
qwen3_gitksan_pdf1_brown_original_modelgloss_pdfpages_impactful_jpg	qwen3	Gitksan	pdf1_brown	original	modelgloss	pdfpages_impactful_jpg	complete	37	37	37	0	0		configs/matched_v1/qwen3_gitksan_pdf1_brown_original_modelgloss_pdfpages_impactful_jpg.json	results/matched_v1/qwen3/gitksan/pdf1_brown/original/modelgloss_pdfpages_impactful_jpg.jsonl	metrics/matched_v1/qwen3/gitksan/pdf1_brown/original/modelgloss_pdfpages_impactful_jpg.json
qwen3_gitksan_pdf1_brown_original_shot_summary_tables_jpg	qwen3	Gitksan	pdf1_brown	original	shot	summary_tables_jpg	complete	37	37	37	0	0		configs/matched_v1/qwen3_gitksan_pdf1_brown_original_shot_summary_tables_jpg.json	results/matched_v1/qwen3/gitksan/pdf1_brown/original/shot_summary_tables_jpg.jsonl	metrics/matched_v1/qwen3/gitksan/pdf1_brown/original/shot_summary_tables_jpg.json
qwen3_gitksan_pdf1_brown_original_chain_gloss_summary_tables_jpg	qwen3	Gitksan	pdf1_brown	original	chain_gloss	summary_tables_jpg	complete	37	37	0	37	0		configs/matched_v1/qwen3_gitksan_pdf1_brown_original_chain_gloss_summary_tables_jpg.json	results/matched_v1/qwen3/gitksan/pdf1_brown/original/chain_gloss_summary_tables_jpg.jsonl	metrics/matched_v1/qwen3/gitksan/pdf1_brown/original/chain_gloss_summary_tables_jpg.json
qwen3_gitksan_pdf1_brown_original_modelgloss_summary_tables_jpg	qwen3	Gitksan	pdf1_brown	original	modelgloss	summary_tables_jpg	complete	37	37	37	0	0		configs/matched_v1/qwen3_gitksan_pdf1_brown_original_modelgloss_summary_tables_jpg.json	results/matched_v1/qwen3/gitksan/pdf1_brown/original/modelgloss_summary_tables_jpg.jsonl	metrics/matched_v1/qwen3/gitksan/pdf1_brown/original/modelgloss_summary_tables_jpg.json
qwen3_gitksan_pdf1_brown_original_shot_summary_tables_txt	qwen3	Gitksan	pdf1_brown	original	shot	summary_tables_txt	complete	37	37	37	0	0		configs/matched_v1/qwen3_gitksan_pdf1_brown_original_shot_summary_tables_txt.json	results/matched_v1/qwen3/gitksan/pdf1_brown/original/shot_summary_tables_txt.jsonl	metrics/matched_v1/qwen3/gitksan/pdf1_brown/original/shot_summary_tables_txt.json
qwen3_gitksan_pdf1_brown_original_chain_gloss_summary_tables_txt	qwen3	Gitksan	pdf1_brown	original	chain_gloss	summary_tables_txt	complete	37	37	0	37	0		configs/matched_v1/qwen3_gitksan_pdf1_brown_original_chain_gloss_summary_tables_txt.json	results/matched_v1/qwen3/gitksan/pdf1_brown/original/chain_gloss_summary_tables_txt.jsonl	metrics/matched_v1/qwen3/gitksan/pdf1_brown/original/chain_gloss_summary_tables_txt.json
qwen3_gitksan_pdf1_brown_original_modelgloss_summary_tables_txt	qwen3	Gitksan	pdf1_brown	original	modelgloss	summary_tables_txt	complete	37	37	37	0	0		configs/matched_v1/qwen3_gitksan_pdf1_brown_original_modelgloss_summary_tables_txt.json	results/matched_v1/qwen3/gitksan/pdf1_brown/original/modelgloss_summary_tables_txt.jsonl	metrics/matched_v1/qwen3/gitksan/pdf1_brown/original/modelgloss_summary_tables_txt.json
qwen3_gitksan_pdf1_brown_original_shot_summary_text_txt	qwen3	Gitksan	pdf1_brown	original	shot	summary_text_txt	complete	37	37	37	0	0		configs/matched_v1/qwen3_gitksan_pdf1_brown_original_shot_summary_text_txt.json	results/matched_v1/qwen3/gitksan/pdf1_brown/original/shot_summary_text_txt.jsonl	metrics/matched_v1/qwen3/gitksan/pdf1_brown/original/shot_summary_text_txt.json
qwen3_gitksan_pdf1_brown_original_chain_gloss_summary_text_txt	qwen3	Gitksan	pdf1_brown	original	chain_gloss	summary_text_txt	complete	37	37	0	37	0		configs/matched_v1/qwen3_gitksan_pdf1_brown_original_chain_gloss_summary_text_txt.json	results/matched_v1/qwen3/gitksan/pdf1_brown/original/chain_gloss_summary_text_txt.jsonl	metrics/matched_v1/qwen3/gitksan/pdf1_brown/original/chain_gloss_summary_text_txt.json
qwen3_gitksan_pdf1_brown_original_modelgloss_summary_text_txt	qwen3	Gitksan	pdf1_brown	original	modelgloss	summary_text_txt	complete	37	37	37	0	0		configs/matched_v1/qwen3_gitksan_pdf1_brown_original_modelgloss_summary_text_txt.json	results/matched_v1/qwen3/gitksan/pdf1_brown/original/modelgloss_summary_text_txt.jsonl	metrics/matched_v1/qwen3/gitksan/pdf1_brown/original/modelgloss_summary_text_txt.json
qwen3_gitksan_pdf2_rigsby_original_shot_cheatsheet_jpg	qwen3	Gitksan	pdf2_rigsby	original	shot	cheatsheet_jpg	complete	37	37	37	0	0		configs/matched_v1/qwen3_gitksan_pdf2_rigsby_original_shot_cheatsheet_jpg.json	results/matched_v1/qwen3/gitksan/pdf2_rigsby/original/shot_cheatsheet_jpg.jsonl	metrics/matched_v1/qwen3/gitksan/pdf2_rigsby/original/shot_cheatsheet_jpg.json
qwen3_gitksan_pdf2_rigsby_original_chain_gloss_cheatsheet_jpg	qwen3	Gitksan	pdf2_rigsby	original	chain_gloss	cheatsheet_jpg	complete	37	37	0	37	0		configs/matched_v1/qwen3_gitksan_pdf2_rigsby_original_chain_gloss_cheatsheet_jpg.json	results/matched_v1/qwen3/gitksan/pdf2_rigsby/original/chain_gloss_cheatsheet_jpg.jsonl	metrics/matched_v1/qwen3/gitksan/pdf2_rigsby/original/chain_gloss_cheatsheet_jpg.json
qwen3_gitksan_pdf2_rigsby_original_modelgloss_cheatsheet_jpg	qwen3	Gitksan	pdf2_rigsby	original	modelgloss	cheatsheet_jpg	complete	37	37	37	0	0		configs/matched_v1/qwen3_gitksan_pdf2_rigsby_original_modelgloss_cheatsheet_jpg.json	results/matched_v1/qwen3/gitksan/pdf2_rigsby/original/modelgloss_cheatsheet_jpg.jsonl	metrics/matched_v1/qwen3/gitksan/pdf2_rigsby/original/modelgloss_cheatsheet_jpg.json
qwen3_gitksan_pdf2_rigsby_original_shot_cheatsheet_txt	qwen3	Gitksan	pdf2_rigsby	original	shot	cheatsheet_txt	complete	37	37	37	0	0		configs/matched_v1/qwen3_gitksan_pdf2_rigsby_original_shot_cheatsheet_txt.json	results/matched_v1/qwen3/gitksan/pdf2_rigsby/original/shot_cheatsheet_txt.jsonl	metrics/matched_v1/qwen3/gitksan/pdf2_rigsby/original/shot_cheatsheet_txt.json
qwen3_gitksan_pdf2_rigsby_original_chain_gloss_cheatsheet_txt	qwen3	Gitksan	pdf2_rigsby	original	chain_gloss	cheatsheet_txt	complete	37	37	0	37	0		configs/matched_v1/qwen3_gitksan_pdf2_rigsby_original_chain_gloss_cheatsheet_txt.json	results/matched_v1/qwen3/gitksan/pdf2_rigsby/original/chain_gloss_cheatsheet_txt.jsonl	metrics/matched_v1/qwen3/gitksan/pdf2_rigsby/original/chain_gloss_cheatsheet_txt.json
qwen3_gitksan_pdf2_rigsby_original_modelgloss_cheatsheet_txt	qwen3	Gitksan	pdf2_rigsby	original	modelgloss	cheatsheet_txt	complete	37	37	37	0	0		configs/matched_v1/qwen3_gitksan_pdf2_rigsby_original_modelgloss_cheatsheet_txt.json	results/matched_v1/qwen3/gitksan/pdf2_rigsby/original/modelgloss_cheatsheet_txt.jsonl	metrics/matched_v1/qwen3/gitksan/pdf2_rigsby/original/modelgloss_cheatsheet_txt.json
qwen3_gitksan_pdf2_rigsby_original_shot_pdfpages_impactful_jpg	qwen3	Gitksan	pdf2_rigsby	original	shot	pdfpages_impactful_jpg	complete	37	37	37	0	0		configs/matched_v1/qwen3_gitksan_pdf2_rigsby_original_shot_pdfpages_impactful_jpg.json	results/matched_v1/qwen3/gitksan/pdf2_rigsby/original/shot_pdfpages_impactful_jpg.jsonl	metrics/matched_v1/qwen3/gitksan/pdf2_rigsby/original/shot_pdfpages_impactful_jpg.json
qwen3_gitksan_pdf2_rigsby_original_chain_gloss_pdfpages_impactful_jpg	qwen3	Gitksan	pdf2_rigsby	original	chain_gloss	pdfpages_impactful_jpg	complete	37	37	0	37	0		configs/matched_v1/qwen3_gitksan_pdf2_rigsby_original_chain_gloss_pdfpages_impactful_jpg.json	results/matched_v1/qwen3/gitksan/pdf2_rigsby/original/chain_gloss_pdfpages_impactful_jpg.jsonl	metrics/matched_v1/qwen3/gitksan/pdf2_rigsby/original/chain_gloss_pdfpages_impactful_jpg.json
qwen3_gitksan_pdf2_rigsby_original_modelgloss_pdfpages_impactful_jpg	qwen3	Gitksan	pdf2_rigsby	original	modelgloss	pdfpages_impactful_jpg	complete	37	37	37	0	0		configs/matched_v1/qwen3_gitksan_pdf2_rigsby_original_modelgloss_pdfpages_impactful_jpg.json	results/matched_v1/qwen3/gitksan/pdf2_rigsby/original/modelgloss_pdfpages_impactful_jpg.jsonl	metrics/matched_v1/qwen3/gitksan/pdf2_rigsby/original/modelgloss_pdfpages_impactful_jpg.json
qwen3_gitksan_pdf2_rigsby_original_shot_summary_tables_jpg	qwen3	Gitksan	pdf2_rigsby	original	shot	summary_tables_jpg	complete	37	37	37	0	0		configs/matched_v1/qwen3_gitksan_pdf2_rigsby_original_shot_summary_tables_jpg.json	results/matched_v1/qwen3/gitksan/pdf2_rigsby/original/shot_summary_tables_jpg.jsonl	metrics/matched_v1/qwen3/gitksan/pdf2_rigsby/original/shot_summary_tables_jpg.json
qwen3_gitksan_pdf2_rigsby_original_chain_gloss_summary_tables_jpg	qwen3	Gitksan	pdf2_rigsby	original	chain_gloss	summary_tables_jpg	complete	37	37	0	37	0		configs/matched_v1/qwen3_gitksan_pdf2_rigsby_original_chain_gloss_summary_tables_jpg.json	results/matched_v1/qwen3/gitksan/pdf2_rigsby/original/chain_gloss_summary_tables_jpg.jsonl	metrics/matched_v1/qwen3/gitksan/pdf2_rigsby/original/chain_gloss_summary_tables_jpg.json
qwen3_gitksan_pdf2_rigsby_original_modelgloss_summary_tables_jpg	qwen3	Gitksan	pdf2_rigsby	original	modelgloss	summary_tables_jpg	complete	37	37	37	0	0		configs/matched_v1/qwen3_gitksan_pdf2_rigsby_original_modelgloss_summary_tables_jpg.json	results/matched_v1/qwen3/gitksan/pdf2_rigsby/original/modelgloss_summary_tables_jpg.jsonl	metrics/matched_v1/qwen3/gitksan/pdf2_rigsby/original/modelgloss_summary_tables_jpg.json
qwen3_gitksan_pdf2_rigsby_original_shot_summary_tables_txt	qwen3	Gitksan	pdf2_rigsby	original	shot	summary_tables_txt	complete	37	37	37	0	0		configs/matched_v1/qwen3_gitksan_pdf2_rigsby_original_shot_summary_tables_txt.json	results/matched_v1/qwen3/gitksan/pdf2_rigsby/original/shot_summary_tables_txt.jsonl	metrics/matched_v1/qwen3/gitksan/pdf2_rigsby/original/shot_summary_tables_txt.json
qwen3_gitksan_pdf2_rigsby_original_chain_gloss_summary_tables_txt	qwen3	Gitksan	pdf2_rigsby	original	chain_gloss	summary_tables_txt	complete	37	37	0	37	0		configs/matched_v1/qwen3_gitksan_pdf2_rigsby_original_chain_gloss_summary_tables_txt.json	results/matched_v1/qwen3/gitksan/pdf2_rigsby/original/chain_gloss_summary_tables_txt.jsonl	metrics/matched_v1/qwen3/gitksan/pdf2_rigsby/original/chain_gloss_summary_tables_txt.json
qwen3_gitksan_pdf2_rigsby_original_modelgloss_summary_tables_txt	qwen3	Gitksan	pdf2_rigsby	original	modelgloss	summary_tables_txt	complete	37	37	37	0	0		configs/matched_v1/qwen3_gitksan_pdf2_rigsby_original_modelgloss_summary_tables_txt.json	results/matched_v1/qwen3/gitksan/pdf2_rigsby/original/modelgloss_summary_tables_txt.jsonl	metrics/matched_v1/qwen3/gitksan/pdf2_rigsby/original/modelgloss_summary_tables_txt.json
qwen3_gitksan_pdf2_rigsby_original_shot_summary_text_txt	qwen3	Gitksan	pdf2_rigsby	original	shot	summary_text_txt	complete	37	37	37	0	0		configs/matched_v1/qwen3_gitksan_pdf2_rigsby_original_shot_summary_text_txt.json	results/matched_v1/qwen3/gitksan/pdf2_rigsby/original/shot_summary_text_txt.jsonl	metrics/matched_v1/qwen3/gitksan/pdf2_rigsby/original/shot_summary_text_txt.json
qwen3_gitksan_pdf2_rigsby_original_chain_gloss_summary_text_txt	qwen3	Gitksan	pdf2_rigsby	original	chain_gloss	summary_text_txt	complete	37	37	0	37	0		configs/matched_v1/qwen3_gitksan_pdf2_rigsby_original_chain_gloss_summary_text_txt.json	results/matched_v1/qwen3/gitksan/pdf2_rigsby/original/chain_gloss_summary_text_txt.jsonl	metrics/matched_v1/qwen3/gitksan/pdf2_rigsby/original/chain_gloss_summary_text_txt.json
qwen3_gitksan_pdf2_rigsby_original_modelgloss_summary_text_txt	qwen3	Gitksan	pdf2_rigsby	original	modelgloss	summary_text_txt	complete	37	37	37	0	0		configs/matched_v1/qwen3_gitksan_pdf2_rigsby_original_modelgloss_summary_text_txt.json	results/matched_v1/qwen3/gitksan/pdf2_rigsby/original/modelgloss_summary_text_txt.jsonl	metrics/matched_v1/qwen3/gitksan/pdf2_rigsby/original/modelgloss_summary_text_txt.json
qwen3_lezgi_grammar_cyrillic_shot_cheatsheet_jpg	qwen3	Lezgi	grammar	cyrillic	shot	cheatsheet_jpg	complete	87	87	87	0	1		configs/matched_v1/qwen3_lezgi_grammar_cyrillic_shot_cheatsheet_jpg.json	results/matched_v1/qwen3/lezgi/grammar/cyrillic/shot_cheatsheet_jpg.jsonl	metrics/matched_v1/qwen3/lezgi/grammar/cyrillic/shot_cheatsheet_jpg.json
qwen3_lezgi_grammar_cyrillic_chain_gloss_cheatsheet_jpg	qwen3	Lezgi	grammar	cyrillic	chain_gloss	cheatsheet_jpg	complete	87	87	1	86	1		configs/matched_v1/qwen3_lezgi_grammar_cyrillic_chain_gloss_cheatsheet_jpg.json	results/matched_v1/qwen3/lezgi/grammar/cyrillic/chain_gloss_cheatsheet_jpg.jsonl	metrics/matched_v1/qwen3/lezgi/grammar/cyrillic/chain_gloss_cheatsheet_jpg.json
qwen3_lezgi_grammar_cyrillic_modelgloss_cheatsheet_jpg	qwen3	Lezgi	grammar	cyrillic	modelgloss	cheatsheet_jpg	complete	87	87	87	0	1		configs/matched_v1/qwen3_lezgi_grammar_cyrillic_modelgloss_cheatsheet_jpg.json	results/matched_v1/qwen3/lezgi/grammar/cyrillic/modelgloss_cheatsheet_jpg.jsonl	metrics/matched_v1/qwen3/lezgi/grammar/cyrillic/modelgloss_cheatsheet_jpg.json
qwen3_lezgi_grammar_cyrillic_shot_cheatsheet_txt	qwen3	Lezgi	grammar	cyrillic	shot	cheatsheet_txt	complete	87	87	87	0	0		configs/matched_v1/qwen3_lezgi_grammar_cyrillic_shot_cheatsheet_txt.json	results/matched_v1/qwen3/lezgi/grammar/cyrillic/shot_cheatsheet_txt.jsonl	metrics/matched_v1/qwen3/lezgi/grammar/cyrillic/shot_cheatsheet_txt.json
qwen3_lezgi_grammar_cyrillic_chain_gloss_cheatsheet_txt	qwen3	Lezgi	grammar	cyrillic	chain_gloss	cheatsheet_txt	complete	87	87	1	86	1		configs/matched_v1/qwen3_lezgi_grammar_cyrillic_chain_gloss_cheatsheet_txt.json	results/matched_v1/qwen3/lezgi/grammar/cyrillic/chain_gloss_cheatsheet_txt.jsonl	metrics/matched_v1/qwen3/lezgi/grammar/cyrillic/chain_gloss_cheatsheet_txt.json
qwen3_lezgi_grammar_cyrillic_modelgloss_cheatsheet_txt	qwen3	Lezgi	grammar	cyrillic	modelgloss	cheatsheet_txt	complete	87	87	87	0	0		configs/matched_v1/qwen3_lezgi_grammar_cyrillic_modelgloss_cheatsheet_txt.json	results/matched_v1/qwen3/lezgi/grammar/cyrillic/modelgloss_cheatsheet_txt.jsonl	metrics/matched_v1/qwen3/lezgi/grammar/cyrillic/modelgloss_cheatsheet_txt.json
qwen3_lezgi_grammar_cyrillic_shot_summary_tables_jpg	qwen3	Lezgi	grammar	cyrillic	shot	summary_tables_jpg	complete	87	87	87	0	0		configs/matched_v1/qwen3_lezgi_grammar_cyrillic_shot_summary_tables_jpg.json	results/matched_v1/qwen3/lezgi/grammar/cyrillic/shot_summary_tables_jpg.jsonl	metrics/matched_v1/qwen3/lezgi/grammar/cyrillic/shot_summary_tables_jpg.json
qwen3_lezgi_grammar_cyrillic_chain_gloss_summary_tables_jpg	qwen3	Lezgi	grammar	cyrillic	chain_gloss	summary_tables_jpg	complete	87	87	1	86	0		configs/matched_v1/qwen3_lezgi_grammar_cyrillic_chain_gloss_summary_tables_jpg.json	results/matched_v1/qwen3/lezgi/grammar/cyrillic/chain_gloss_summary_tables_jpg.jsonl	metrics/matched_v1/qwen3/lezgi/grammar/cyrillic/chain_gloss_summary_tables_jpg.json
qwen3_lezgi_grammar_cyrillic_modelgloss_summary_tables_jpg	qwen3	Lezgi	grammar	cyrillic	modelgloss	summary_tables_jpg	complete	87	87	87	0	0		configs/matched_v1/qwen3_lezgi_grammar_cyrillic_modelgloss_summary_tables_jpg.json	results/matched_v1/qwen3/lezgi/grammar/cyrillic/modelgloss_summary_tables_jpg.jsonl	metrics/matched_v1/qwen3/lezgi/grammar/cyrillic/modelgloss_summary_tables_jpg.json
qwen3_lezgi_grammar_cyrillic_shot_summary_tables_txt	qwen3	Lezgi	grammar	cyrillic	shot	summary_tables_txt	complete	87	87	87	0	0		configs/matched_v1/qwen3_lezgi_grammar_cyrillic_shot_summary_tables_txt.json	results/matched_v1/qwen3/lezgi/grammar/cyrillic/shot_summary_tables_txt.jsonl	metrics/matched_v1/qwen3/lezgi/grammar/cyrillic/shot_summary_tables_txt.json
qwen3_lezgi_grammar_cyrillic_chain_gloss_summary_tables_txt	qwen3	Lezgi	grammar	cyrillic	chain_gloss	summary_tables_txt	complete	87	87	1	86	0		configs/matched_v1/qwen3_lezgi_grammar_cyrillic_chain_gloss_summary_tables_txt.json	results/matched_v1/qwen3/lezgi/grammar/cyrillic/chain_gloss_summary_tables_txt.jsonl	metrics/matched_v1/qwen3/lezgi/grammar/cyrillic/chain_gloss_summary_tables_txt.json
qwen3_lezgi_grammar_cyrillic_modelgloss_summary_tables_txt	qwen3	Lezgi	grammar	cyrillic	modelgloss	summary_tables_txt	complete	87	87	87	0	0		configs/matched_v1/qwen3_lezgi_grammar_cyrillic_modelgloss_summary_tables_txt.json	results/matched_v1/qwen3/lezgi/grammar/cyrillic/modelgloss_summary_tables_txt.jsonl	metrics/matched_v1/qwen3/lezgi/grammar/cyrillic/modelgloss_summary_tables_txt.json
qwen3_lezgi_grammar_cyrillic_shot_summary_text_txt	qwen3	Lezgi	grammar	cyrillic	shot	summary_text_txt	complete	87	87	87	0	0		configs/matched_v1/qwen3_lezgi_grammar_cyrillic_shot_summary_text_txt.json	results/matched_v1/qwen3/lezgi/grammar/cyrillic/shot_summary_text_txt.jsonl	metrics/matched_v1/qwen3/lezgi/grammar/cyrillic/shot_summary_text_txt.json
qwen3_lezgi_grammar_cyrillic_chain_gloss_summary_text_txt	qwen3	Lezgi	grammar	cyrillic	chain_gloss	summary_text_txt	complete	87	87	1	86	1		configs/matched_v1/qwen3_lezgi_grammar_cyrillic_chain_gloss_summary_text_txt.json	results/matched_v1/qwen3/lezgi/grammar/cyrillic/chain_gloss_summary_text_txt.jsonl	metrics/matched_v1/qwen3/lezgi/grammar/cyrillic/chain_gloss_summary_text_txt.json
qwen3_lezgi_grammar_cyrillic_modelgloss_summary_text_txt	qwen3	Lezgi	grammar	cyrillic	modelgloss	summary_text_txt	complete	87	87	87	0	0		configs/matched_v1/qwen3_lezgi_grammar_cyrillic_modelgloss_summary_text_txt.json	results/matched_v1/qwen3/lezgi/grammar/cyrillic/modelgloss_summary_text_txt.jsonl	metrics/matched_v1/qwen3/lezgi/grammar/cyrillic/modelgloss_summary_text_txt.json
qwen3_lezgi_grammar_original_shot_cheatsheet_jpg	qwen3	Lezgi	grammar	original	shot	cheatsheet_jpg	complete	87	87	87	0	0		configs/matched_v1/qwen3_lezgi_grammar_original_shot_cheatsheet_jpg.json	results/matched_v1/qwen3/lezgi/grammar/original/shot_cheatsheet_jpg.jsonl	metrics/matched_v1/qwen3/lezgi/grammar/original/shot_cheatsheet_jpg.json
qwen3_lezgi_grammar_original_chain_gloss_cheatsheet_jpg	qwen3	Lezgi	grammar	original	chain_gloss	cheatsheet_jpg	complete	87	87	1	86	1		configs/matched_v1/qwen3_lezgi_grammar_original_chain_gloss_cheatsheet_jpg.json	results/matched_v1/qwen3/lezgi/grammar/original/chain_gloss_cheatsheet_jpg.jsonl	metrics/matched_v1/qwen3/lezgi/grammar/original/chain_gloss_cheatsheet_jpg.json
qwen3_lezgi_grammar_original_modelgloss_cheatsheet_jpg	qwen3	Lezgi	grammar	original	modelgloss	cheatsheet_jpg	complete	87	87	87	0	0		configs/matched_v1/qwen3_lezgi_grammar_original_modelgloss_cheatsheet_jpg.json	results/matched_v1/qwen3/lezgi/grammar/original/modelgloss_cheatsheet_jpg.jsonl	metrics/matched_v1/qwen3/lezgi/grammar/original/modelgloss_cheatsheet_jpg.json
qwen3_lezgi_grammar_original_shot_cheatsheet_txt	qwen3	Lezgi	grammar	original	shot	cheatsheet_txt	complete	87	87	87	0	0		configs/matched_v1/qwen3_lezgi_grammar_original_shot_cheatsheet_txt.json	results/matched_v1/qwen3/lezgi/grammar/original/shot_cheatsheet_txt.jsonl	metrics/matched_v1/qwen3/lezgi/grammar/original/shot_cheatsheet_txt.json
qwen3_lezgi_grammar_original_chain_gloss_cheatsheet_txt	qwen3	Lezgi	grammar	original	chain_gloss	cheatsheet_txt	complete	87	87	1	86	0		configs/matched_v1/qwen3_lezgi_grammar_original_chain_gloss_cheatsheet_txt.json	results/matched_v1/qwen3/lezgi/grammar/original/chain_gloss_cheatsheet_txt.jsonl	metrics/matched_v1/qwen3/lezgi/grammar/original/chain_gloss_cheatsheet_txt.json
qwen3_lezgi_grammar_original_modelgloss_cheatsheet_txt	qwen3	Lezgi	grammar	original	modelgloss	cheatsheet_txt	complete	87	87	87	0	0		configs/matched_v1/qwen3_lezgi_grammar_original_modelgloss_cheatsheet_txt.json	results/matched_v1/qwen3/lezgi/grammar/original/modelgloss_cheatsheet_txt.jsonl	metrics/matched_v1/qwen3/lezgi/grammar/original/modelgloss_cheatsheet_txt.json
qwen3_lezgi_grammar_original_shot_pdfpages_impactful_jpg	qwen3	Lezgi	grammar	original	shot	pdfpages_impactful_jpg	complete	87	87	87	0	0		configs/matched_v1/qwen3_lezgi_grammar_original_shot_pdfpages_impactful_jpg.json	results/matched_v1/qwen3/lezgi/grammar/original/shot_pdfpages_impactful_jpg.jsonl	metrics/matched_v1/qwen3/lezgi/grammar/original/shot_pdfpages_impactful_jpg.json
qwen3_lezgi_grammar_original_chain_gloss_pdfpages_impactful_jpg	qwen3	Lezgi	grammar	original	chain_gloss	pdfpages_impactful_jpg	complete	87	87	1	86	0		configs/matched_v1/qwen3_lezgi_grammar_original_chain_gloss_pdfpages_impactful_jpg.json	results/matched_v1/qwen3/lezgi/grammar/original/chain_gloss_pdfpages_impactful_jpg.jsonl	metrics/matched_v1/qwen3/lezgi/grammar/original/chain_gloss_pdfpages_impactful_jpg.json
qwen3_lezgi_grammar_original_modelgloss_pdfpages_impactful_jpg	qwen3	Lezgi	grammar	original	modelgloss	pdfpages_impactful_jpg	complete	87	87	87	0	0		configs/matched_v1/qwen3_lezgi_grammar_original_modelgloss_pdfpages_impactful_jpg.json	results/matched_v1/qwen3/lezgi/grammar/original/modelgloss_pdfpages_impactful_jpg.jsonl	metrics/matched_v1/qwen3/lezgi/grammar/original/modelgloss_pdfpages_impactful_jpg.json
qwen3_lezgi_grammar_original_shot_summary_tables_jpg	qwen3	Lezgi	grammar	original	shot	summary_tables_jpg	complete	87	87	87	0	0		configs/matched_v1/qwen3_lezgi_grammar_original_shot_summary_tables_jpg.json	results/matched_v1/qwen3/lezgi/grammar/original/shot_summary_tables_jpg.jsonl	metrics/matched_v1/qwen3/lezgi/grammar/original/shot_summary_tables_jpg.json
qwen3_lezgi_grammar_original_chain_gloss_summary_tables_jpg	qwen3	Lezgi	grammar	original	chain_gloss	summary_tables_jpg	complete	87	87	1	86	3		configs/matched_v1/qwen3_lezgi_grammar_original_chain_gloss_summary_tables_jpg.json	results/matched_v1/qwen3/lezgi/grammar/original/chain_gloss_summary_tables_jpg.jsonl	metrics/matched_v1/qwen3/lezgi/grammar/original/chain_gloss_summary_tables_jpg.json
qwen3_lezgi_grammar_original_modelgloss_summary_tables_jpg	qwen3	Lezgi	grammar	original	modelgloss	summary_tables_jpg	complete	87	87	87	0	0		configs/matched_v1/qwen3_lezgi_grammar_original_modelgloss_summary_tables_jpg.json	results/matched_v1/qwen3/lezgi/grammar/original/modelgloss_summary_tables_jpg.jsonl	metrics/matched_v1/qwen3/lezgi/grammar/original/modelgloss_summary_tables_jpg.json
qwen3_lezgi_grammar_original_shot_summary_tables_txt	qwen3	Lezgi	grammar	original	shot	summary_tables_txt	complete	87	87	87	0	0		configs/matched_v1/qwen3_lezgi_grammar_original_shot_summary_tables_txt.json	results/matched_v1/qwen3/lezgi/grammar/original/shot_summary_tables_txt.jsonl	metrics/matched_v1/qwen3/lezgi/grammar/original/shot_summary_tables_txt.json
qwen3_lezgi_grammar_original_chain_gloss_summary_tables_txt	qwen3	Lezgi	grammar	original	chain_gloss	summary_tables_txt	complete	87	87	1	86	1		configs/matched_v1/qwen3_lezgi_grammar_original_chain_gloss_summary_tables_txt.json	results/matched_v1/qwen3/lezgi/grammar/original/chain_gloss_summary_tables_txt.jsonl	metrics/matched_v1/qwen3/lezgi/grammar/original/chain_gloss_summary_tables_txt.json
qwen3_lezgi_grammar_original_modelgloss_summary_tables_txt	qwen3	Lezgi	grammar	original	modelgloss	summary_tables_txt	complete	87	87	87	0	0		configs/matched_v1/qwen3_lezgi_grammar_original_modelgloss_summary_tables_txt.json	results/matched_v1/qwen3/lezgi/grammar/original/modelgloss_summary_tables_txt.jsonl	metrics/matched_v1/qwen3/lezgi/grammar/original/modelgloss_summary_tables_txt.json
qwen3_lezgi_grammar_original_shot_summary_text_txt	qwen3	Lezgi	grammar	original	shot	summary_text_txt	complete	87	87	87	0	0		configs/matched_v1/qwen3_lezgi_grammar_original_shot_summary_text_txt.json	results/matched_v1/qwen3/lezgi/grammar/original/shot_summary_text_txt.jsonl	metrics/matched_v1/qwen3/lezgi/grammar/original/shot_summary_text_txt.json
qwen3_lezgi_grammar_original_chain_gloss_summary_text_txt	qwen3	Lezgi	grammar	original	chain_gloss	summary_text_txt	complete	87	87	1	86	0		configs/matched_v1/qwen3_lezgi_grammar_original_chain_gloss_summary_text_txt.json	results/matched_v1/qwen3/lezgi/grammar/original/chain_gloss_summary_text_txt.jsonl	metrics/matched_v1/qwen3/lezgi/grammar/original/chain_gloss_summary_text_txt.json
qwen3_lezgi_grammar_original_modelgloss_summary_text_txt	qwen3	Lezgi	grammar	original	modelgloss	summary_text_txt	complete	87	87	87	0	0		configs/matched_v1/qwen3_lezgi_grammar_original_modelgloss_summary_text_txt.json	results/matched_v1/qwen3/lezgi/grammar/original/modelgloss_summary_text_txt.jsonl	metrics/matched_v1/qwen3/lezgi/grammar/original/modelgloss_summary_text_txt.json
qwen3_natugu_grammar_original_shot_cheatsheet_jpg	qwen3	Natugu	grammar	original	shot	cheatsheet_jpg	complete	99	99	99	0	0		configs/matched_v1/qwen3_natugu_grammar_original_shot_cheatsheet_jpg.json	results/matched_v1/qwen3/natugu/grammar/original/shot_cheatsheet_jpg.jsonl	metrics/matched_v1/qwen3/natugu/grammar/original/shot_cheatsheet_jpg.json
qwen3_natugu_grammar_original_chain_gloss_cheatsheet_jpg	qwen3	Natugu	grammar	original	chain_gloss	cheatsheet_jpg	complete	99	99	0	99	1		configs/matched_v1/qwen3_natugu_grammar_original_chain_gloss_cheatsheet_jpg.json	results/matched_v1/qwen3/natugu/grammar/original/chain_gloss_cheatsheet_jpg.jsonl	metrics/matched_v1/qwen3/natugu/grammar/original/chain_gloss_cheatsheet_jpg.json
qwen3_natugu_grammar_original_modelgloss_cheatsheet_jpg	qwen3	Natugu	grammar	original	modelgloss	cheatsheet_jpg	complete	99	99	99	0	0		configs/matched_v1/qwen3_natugu_grammar_original_modelgloss_cheatsheet_jpg.json	results/matched_v1/qwen3/natugu/grammar/original/modelgloss_cheatsheet_jpg.jsonl	metrics/matched_v1/qwen3/natugu/grammar/original/modelgloss_cheatsheet_jpg.json
qwen3_natugu_grammar_original_shot_cheatsheet_txt	qwen3	Natugu	grammar	original	shot	cheatsheet_txt	complete	99	99	99	0	0		configs/matched_v1/qwen3_natugu_grammar_original_shot_cheatsheet_txt.json	results/matched_v1/qwen3/natugu/grammar/original/shot_cheatsheet_txt.jsonl	metrics/matched_v1/qwen3/natugu/grammar/original/shot_cheatsheet_txt.json
qwen3_natugu_grammar_original_chain_gloss_cheatsheet_txt	qwen3	Natugu	grammar	original	chain_gloss	cheatsheet_txt	complete	99	99	0	99	0		configs/matched_v1/qwen3_natugu_grammar_original_chain_gloss_cheatsheet_txt.json	results/matched_v1/qwen3/natugu/grammar/original/chain_gloss_cheatsheet_txt.jsonl	metrics/matched_v1/qwen3/natugu/grammar/original/chain_gloss_cheatsheet_txt.json
qwen3_natugu_grammar_original_modelgloss_cheatsheet_txt	qwen3	Natugu	grammar	original	modelgloss	cheatsheet_txt	complete	99	99	99	0	0		configs/matched_v1/qwen3_natugu_grammar_original_modelgloss_cheatsheet_txt.json	results/matched_v1/qwen3/natugu/grammar/original/modelgloss_cheatsheet_txt.jsonl	metrics/matched_v1/qwen3/natugu/grammar/original/modelgloss_cheatsheet_txt.json
qwen3_natugu_grammar_original_shot_pdfpages_impactful_jpg	qwen3	Natugu	grammar	original	shot	pdfpages_impactful_jpg	complete	99	99	99	0	0		configs/matched_v1/qwen3_natugu_grammar_original_shot_pdfpages_impactful_jpg.json	results/matched_v1/qwen3/natugu/grammar/original/shot_pdfpages_impactful_jpg.jsonl	metrics/matched_v1/qwen3/natugu/grammar/original/shot_pdfpages_impactful_jpg.json
qwen3_natugu_grammar_original_chain_gloss_pdfpages_impactful_jpg	qwen3	Natugu	grammar	original	chain_gloss	pdfpages_impactful_jpg	complete	99	99	0	99	1		configs/matched_v1/qwen3_natugu_grammar_original_chain_gloss_pdfpages_impactful_jpg.json	results/matched_v1/qwen3/natugu/grammar/original/chain_gloss_pdfpages_impactful_jpg.jsonl	metrics/matched_v1/qwen3/natugu/grammar/original/chain_gloss_pdfpages_impactful_jpg.json
qwen3_natugu_grammar_original_modelgloss_pdfpages_impactful_jpg	qwen3	Natugu	grammar	original	modelgloss	pdfpages_impactful_jpg	complete	99	99	99	0	0		configs/matched_v1/qwen3_natugu_grammar_original_modelgloss_pdfpages_impactful_jpg.json	results/matched_v1/qwen3/natugu/grammar/original/modelgloss_pdfpages_impactful_jpg.jsonl	metrics/matched_v1/qwen3/natugu/grammar/original/modelgloss_pdfpages_impactful_jpg.json
qwen3_natugu_grammar_original_shot_summary_tables_jpg	qwen3	Natugu	grammar	original	shot	summary_tables_jpg	complete	99	99	99	0	0		configs/matched_v1/qwen3_natugu_grammar_original_shot_summary_tables_jpg.json	results/matched_v1/qwen3/natugu/grammar/original/shot_summary_tables_jpg.jsonl	metrics/matched_v1/qwen3/natugu/grammar/original/shot_summary_tables_jpg.json
qwen3_natugu_grammar_original_chain_gloss_summary_tables_jpg	qwen3	Natugu	grammar	original	chain_gloss	summary_tables_jpg	complete	99	99	0	99	3		configs/matched_v1/qwen3_natugu_grammar_original_chain_gloss_summary_tables_jpg.json	results/matched_v1/qwen3/natugu/grammar/original/chain_gloss_summary_tables_jpg.jsonl	metrics/matched_v1/qwen3/natugu/grammar/original/chain_gloss_summary_tables_jpg.json
qwen3_natugu_grammar_original_modelgloss_summary_tables_jpg	qwen3	Natugu	grammar	original	modelgloss	summary_tables_jpg	complete	99	99	99	0	0		configs/matched_v1/qwen3_natugu_grammar_original_modelgloss_summary_tables_jpg.json	results/matched_v1/qwen3/natugu/grammar/original/modelgloss_summary_tables_jpg.jsonl	metrics/matched_v1/qwen3/natugu/grammar/original/modelgloss_summary_tables_jpg.json
qwen3_natugu_grammar_original_shot_summary_tables_txt	qwen3	Natugu	grammar	original	shot	summary_tables_txt	complete	99	99	99	0	0		configs/matched_v1/qwen3_natugu_grammar_original_shot_summary_tables_txt.json	results/matched_v1/qwen3/natugu/grammar/original/shot_summary_tables_txt.jsonl	metrics/matched_v1/qwen3/natugu/grammar/original/shot_summary_tables_txt.json
qwen3_natugu_grammar_original_chain_gloss_summary_tables_txt	qwen3	Natugu	grammar	original	chain_gloss	summary_tables_txt	complete	99	99	0	99	1		configs/matched_v1/qwen3_natugu_grammar_original_chain_gloss_summary_tables_txt.json	results/matched_v1/qwen3/natugu/grammar/original/chain_gloss_summary_tables_txt.jsonl	metrics/matched_v1/qwen3/natugu/grammar/original/chain_gloss_summary_tables_txt.json
qwen3_natugu_grammar_original_modelgloss_summary_tables_txt	qwen3	Natugu	grammar	original	modelgloss	summary_tables_txt	complete	99	99	99	0	0		configs/matched_v1/qwen3_natugu_grammar_original_modelgloss_summary_tables_txt.json	results/matched_v1/qwen3/natugu/grammar/original/modelgloss_summary_tables_txt.jsonl	metrics/matched_v1/qwen3/natugu/grammar/original/modelgloss_summary_tables_txt.json
qwen3_natugu_grammar_original_shot_summary_text_txt	qwen3	Natugu	grammar	original	shot	summary_text_txt	complete	99	99	99	0	1		configs/matched_v1/qwen3_natugu_grammar_original_shot_summary_text_txt.json	results/matched_v1/qwen3/natugu/grammar/original/shot_summary_text_txt.jsonl	metrics/matched_v1/qwen3/natugu/grammar/original/shot_summary_text_txt.json
qwen3_natugu_grammar_original_chain_gloss_summary_text_txt	qwen3	Natugu	grammar	original	chain_gloss	summary_text_txt	complete	99	99	0	99	0		configs/matched_v1/qwen3_natugu_grammar_original_chain_gloss_summary_text_txt.json	results/matched_v1/qwen3/natugu/grammar/original/chain_gloss_summary_text_txt.jsonl	metrics/matched_v1/qwen3/natugu/grammar/original/chain_gloss_summary_text_txt.json
qwen3_natugu_grammar_original_modelgloss_summary_text_txt	qwen3	Natugu	grammar	original	modelgloss	summary_text_txt	complete	99	99	99	0	0		configs/matched_v1/qwen3_natugu_grammar_original_modelgloss_summary_text_txt.json	results/matched_v1/qwen3/natugu/grammar/original/modelgloss_summary_text_txt.jsonl	metrics/matched_v1/qwen3/natugu/grammar/original/modelgloss_summary_text_txt.json
qwen3_tsez_grammar_original_shot_cheatsheet_jpg	qwen3	Tsez	grammar	original	shot	cheatsheet_jpg	complete	445	445	445	0	0		configs/matched_v1/qwen3_tsez_grammar_original_shot_cheatsheet_jpg.json	results/matched_v1/qwen3/tsez/grammar/original/shot_cheatsheet_jpg.jsonl	metrics/matched_v1/qwen3/tsez/grammar/original/shot_cheatsheet_jpg.json
qwen3_tsez_grammar_original_chain_gloss_cheatsheet_jpg	qwen3	Tsez	grammar	original	chain_gloss	cheatsheet_jpg	complete	445	445	445	0	1		configs/matched_v1/qwen3_tsez_grammar_original_chain_gloss_cheatsheet_jpg.json	results/matched_v1/qwen3/tsez/grammar/original/chain_gloss_cheatsheet_jpg.jsonl	metrics/matched_v1/qwen3/tsez/grammar/original/chain_gloss_cheatsheet_jpg.json
qwen3_tsez_grammar_original_modelgloss_cheatsheet_jpg	qwen3	Tsez	grammar	original	modelgloss	cheatsheet_jpg	complete	445	445	445	0	0		configs/matched_v1/qwen3_tsez_grammar_original_modelgloss_cheatsheet_jpg.json	results/matched_v1/qwen3/tsez/grammar/original/modelgloss_cheatsheet_jpg.jsonl	metrics/matched_v1/qwen3/tsez/grammar/original/modelgloss_cheatsheet_jpg.json
qwen3_tsez_grammar_original_shot_cheatsheet_txt	qwen3	Tsez	grammar	original	shot	cheatsheet_txt	complete	445	445	445	0	0		configs/matched_v1/qwen3_tsez_grammar_original_shot_cheatsheet_txt.json	results/matched_v1/qwen3/tsez/grammar/original/shot_cheatsheet_txt.jsonl	metrics/matched_v1/qwen3/tsez/grammar/original/shot_cheatsheet_txt.json
qwen3_tsez_grammar_original_chain_gloss_cheatsheet_txt	qwen3	Tsez	grammar	original	chain_gloss	cheatsheet_txt	complete	445	445	445	0	0		configs/matched_v1/qwen3_tsez_grammar_original_chain_gloss_cheatsheet_txt.json	results/matched_v1/qwen3/tsez/grammar/original/chain_gloss_cheatsheet_txt.jsonl	metrics/matched_v1/qwen3/tsez/grammar/original/chain_gloss_cheatsheet_txt.json
qwen3_tsez_grammar_original_modelgloss_cheatsheet_txt	qwen3	Tsez	grammar	original	modelgloss	cheatsheet_txt	complete	445	445	445	0	0		configs/matched_v1/qwen3_tsez_grammar_original_modelgloss_cheatsheet_txt.json	results/matched_v1/qwen3/tsez/grammar/original/modelgloss_cheatsheet_txt.jsonl	metrics/matched_v1/qwen3/tsez/grammar/original/modelgloss_cheatsheet_txt.json
qwen3_tsez_grammar_original_shot_pdfpages_impactful_jpg	qwen3	Tsez	grammar	original	shot	pdfpages_impactful_jpg	complete	445	445	445	0	0		configs/matched_v1/qwen3_tsez_grammar_original_shot_pdfpages_impactful_jpg.json	results/matched_v1/qwen3/tsez/grammar/original/shot_pdfpages_impactful_jpg.jsonl	metrics/matched_v1/qwen3/tsez/grammar/original/shot_pdfpages_impactful_jpg.json
qwen3_tsez_grammar_original_chain_gloss_pdfpages_impactful_jpg	qwen3	Tsez	grammar	original	chain_gloss	pdfpages_impactful_jpg	complete	445	445	0	445	3		configs/matched_v1/qwen3_tsez_grammar_original_chain_gloss_pdfpages_impactful_jpg.json	results/matched_v1/qwen3/tsez/grammar/original/chain_gloss_pdfpages_impactful_jpg.jsonl	metrics/matched_v1/qwen3/tsez/grammar/original/chain_gloss_pdfpages_impactful_jpg.json
qwen3_tsez_grammar_original_modelgloss_pdfpages_impactful_jpg	qwen3	Tsez	grammar	original	modelgloss	pdfpages_impactful_jpg	complete	445	445	445	0	1		configs/matched_v1/qwen3_tsez_grammar_original_modelgloss_pdfpages_impactful_jpg.json	results/matched_v1/qwen3/tsez/grammar/original/modelgloss_pdfpages_impactful_jpg.jsonl	metrics/matched_v1/qwen3/tsez/grammar/original/modelgloss_pdfpages_impactful_jpg.json
qwen3_tsez_grammar_original_shot_summary_tables_jpg	qwen3	Tsez	grammar	original	shot	summary_tables_jpg	complete	445	445	445	0	0		configs/matched_v1/qwen3_tsez_grammar_original_shot_summary_tables_jpg.json	results/matched_v1/qwen3/tsez/grammar/original/shot_summary_tables_jpg.jsonl	metrics/matched_v1/qwen3/tsez/grammar/original/shot_summary_tables_jpg.json
qwen3_tsez_grammar_original_chain_gloss_summary_tables_jpg	qwen3	Tsez	grammar	original	chain_gloss	summary_tables_jpg	complete	445	445	445	0	0		configs/matched_v1/qwen3_tsez_grammar_original_chain_gloss_summary_tables_jpg.json	results/matched_v1/qwen3/tsez/grammar/original/chain_gloss_summary_tables_jpg.jsonl	metrics/matched_v1/qwen3/tsez/grammar/original/chain_gloss_summary_tables_jpg.json
qwen3_tsez_grammar_original_modelgloss_summary_tables_jpg	qwen3	Tsez	grammar	original	modelgloss	summary_tables_jpg	complete	445	445	445	0	0		configs/matched_v1/qwen3_tsez_grammar_original_modelgloss_summary_tables_jpg.json	results/matched_v1/qwen3/tsez/grammar/original/modelgloss_summary_tables_jpg.jsonl	metrics/matched_v1/qwen3/tsez/grammar/original/modelgloss_summary_tables_jpg.json
qwen3_tsez_grammar_original_shot_summary_tables_txt	qwen3	Tsez	grammar	original	shot	summary_tables_txt	complete	445	445	445	0	0		configs/matched_v1/qwen3_tsez_grammar_original_shot_summary_tables_txt.json	results/matched_v1/qwen3/tsez/grammar/original/shot_summary_tables_txt.jsonl	metrics/matched_v1/qwen3/tsez/grammar/original/shot_summary_tables_txt.json
qwen3_tsez_grammar_original_chain_gloss_summary_tables_txt	qwen3	Tsez	grammar	original	chain_gloss	summary_tables_txt	complete	445	445	445	0	1		configs/matched_v1/qwen3_tsez_grammar_original_chain_gloss_summary_tables_txt.json	results/matched_v1/qwen3/tsez/grammar/original/chain_gloss_summary_tables_txt.jsonl	metrics/matched_v1/qwen3/tsez/grammar/original/chain_gloss_summary_tables_txt.json
qwen3_tsez_grammar_original_modelgloss_summary_tables_txt	qwen3	Tsez	grammar	original	modelgloss	summary_tables_txt	complete	445	445	445	0	0		configs/matched_v1/qwen3_tsez_grammar_original_modelgloss_summary_tables_txt.json	results/matched_v1/qwen3/tsez/grammar/original/modelgloss_summary_tables_txt.jsonl	metrics/matched_v1/qwen3/tsez/grammar/original/modelgloss_summary_tables_txt.json
qwen3_tsez_grammar_original_shot_summary_text_txt	qwen3	Tsez	grammar	original	shot	summary_text_txt	complete	445	445	445	0	0		configs/matched_v1/qwen3_tsez_grammar_original_shot_summary_text_txt.json	results/matched_v1/qwen3/tsez/grammar/original/shot_summary_text_txt.jsonl	metrics/matched_v1/qwen3/tsez/grammar/original/shot_summary_text_txt.json
qwen3_tsez_grammar_original_chain_gloss_summary_text_txt	qwen3	Tsez	grammar	original	chain_gloss	summary_text_txt	complete	445	445	0	445	0		configs/matched_v1/qwen3_tsez_grammar_original_chain_gloss_summary_text_txt.json	results/matched_v1/qwen3/tsez/grammar/original/chain_gloss_summary_text_txt.jsonl	metrics/matched_v1/qwen3/tsez/grammar/original/chain_gloss_summary_text_txt.json
qwen3_tsez_grammar_original_modelgloss_summary_text_txt	qwen3	Tsez	grammar	original	modelgloss	summary_text_txt	complete	445	445	445	0	0		configs/matched_v1/qwen3_tsez_grammar_original_modelgloss_summary_text_txt.json	results/matched_v1/qwen3/tsez/grammar/original/modelgloss_summary_text_txt.jsonl	metrics/matched_v1/qwen3/tsez/grammar/original/modelgloss_summary_text_txt.json
qwen3_gitksan_grammar_original_shot_baseline	qwen3	Gitksan	grammar	original	shot	baseline	complete	37	37	37	0	0		configs/matched_v1/qwen3_gitksan_grammar_original_shot_baseline.json	results/matched_v1/qwen3/gitksan/grammar/original/shot_baseline.jsonl	metrics/matched_v1/qwen3/gitksan/grammar/original/shot_baseline.json
qwen3_gitksan_grammar_original_chain_gloss_baseline	qwen3	Gitksan	grammar	original	chain_gloss	baseline	complete	37	37	37	0	0		configs/matched_v1/qwen3_gitksan_grammar_original_chain_gloss_baseline.json	results/matched_v1/qwen3/gitksan/grammar/original/chain_gloss_baseline.jsonl	metrics/matched_v1/qwen3/gitksan/grammar/original/chain_gloss_baseline.json
qwen3_gitksan_grammar_original_modelgloss_baseline	qwen3	Gitksan	grammar	original	modelgloss	baseline	complete	37	37	37	0	0		configs/matched_v1/qwen3_gitksan_grammar_original_modelgloss_baseline.json	results/matched_v1/qwen3/gitksan/grammar/original/modelgloss_baseline.jsonl	metrics/matched_v1/qwen3/gitksan/grammar/original/modelgloss_baseline.json
qwen3_lezgi_grammar_original_shot_baseline	qwen3	Lezgi	grammar	original	shot	baseline	complete	87	87	87	0	0		configs/matched_v1/qwen3_lezgi_grammar_original_shot_baseline.json	results/matched_v1/qwen3/lezgi/grammar/original/shot_baseline.jsonl	metrics/matched_v1/qwen3/lezgi/grammar/original/shot_baseline.json
qwen3_lezgi_grammar_original_chain_gloss_baseline	qwen3	Lezgi	grammar	original	chain_gloss	baseline	complete	87	87	87	0	0		configs/matched_v1/qwen3_lezgi_grammar_original_chain_gloss_baseline.json	results/matched_v1/qwen3/lezgi/grammar/original/chain_gloss_baseline.jsonl	metrics/matched_v1/qwen3/lezgi/grammar/original/chain_gloss_baseline.json
qwen3_lezgi_grammar_original_modelgloss_baseline	qwen3	Lezgi	grammar	original	modelgloss	baseline	complete	87	87	87	0	0		configs/matched_v1/qwen3_lezgi_grammar_original_modelgloss_baseline.json	results/matched_v1/qwen3/lezgi/grammar/original/modelgloss_baseline.jsonl	metrics/matched_v1/qwen3/lezgi/grammar/original/modelgloss_baseline.json
qwen3_natugu_grammar_original_shot_baseline	qwen3	Natugu	grammar	original	shot	baseline	complete	99	99	99	0	0		configs/matched_v1/qwen3_natugu_grammar_original_shot_baseline.json	results/matched_v1/qwen3/natugu/grammar/original/shot_baseline.jsonl	metrics/matched_v1/qwen3/natugu/grammar/original/shot_baseline.json
qwen3_natugu_grammar_original_chain_gloss_baseline	qwen3	Natugu	grammar	original	chain_gloss	baseline	complete	99	99	99	0	1		configs/matched_v1/qwen3_natugu_grammar_original_chain_gloss_baseline.json	results/matched_v1/qwen3/natugu/grammar/original/chain_gloss_baseline.jsonl	metrics/matched_v1/qwen3/natugu/grammar/original/chain_gloss_baseline.json
qwen3_natugu_grammar_original_modelgloss_baseline	qwen3	Natugu	grammar	original	modelgloss	baseline	complete	99	99	99	0	0		configs/matched_v1/qwen3_natugu_grammar_original_modelgloss_baseline.json	results/matched_v1/qwen3/natugu/grammar/original/modelgloss_baseline.jsonl	metrics/matched_v1/qwen3/natugu/grammar/original/modelgloss_baseline.json
qwen3_tsez_grammar_original_shot_baseline	qwen3	Tsez	grammar	original	shot	baseline	complete	445	445	445	0	0		configs/matched_v1/qwen3_tsez_grammar_original_shot_baseline.json	results/matched_v1/qwen3/tsez/grammar/original/shot_baseline.jsonl	metrics/matched_v1/qwen3/tsez/grammar/original/shot_baseline.json
qwen3_tsez_grammar_original_chain_gloss_baseline	qwen3	Tsez	grammar	original	chain_gloss	baseline	complete	445	445	445	0	4		configs/matched_v1/qwen3_tsez_grammar_original_chain_gloss_baseline.json	results/matched_v1/qwen3/tsez/grammar/original/chain_gloss_baseline.jsonl	metrics/matched_v1/qwen3/tsez/grammar/original/chain_gloss_baseline.json
qwen3_tsez_grammar_original_modelgloss_baseline	qwen3	Tsez	grammar	original	modelgloss	baseline	complete	445	445	445	0	0		configs/matched_v1/qwen3_tsez_grammar_original_modelgloss_baseline.json	results/matched_v1/qwen3/tsez/grammar/original/modelgloss_baseline.jsonl	metrics/matched_v1/qwen3/tsez/grammar/original/modelgloss_baseline.json
qwen35_gitksan_pdf1_brown_original_shot_cheatsheet_jpg	qwen35	Gitksan	pdf1_brown	original	shot	cheatsheet_jpg	complete	37	37	37	0	0		configs/matched_v1/qwen35_gitksan_pdf1_brown_original_shot_cheatsheet_jpg.json	results/matched_v1/qwen35/gitksan/pdf1_brown/original/shot_cheatsheet_jpg.jsonl	metrics/matched_v1/qwen35/gitksan/pdf1_brown/original/shot_cheatsheet_jpg.json
qwen35_gitksan_pdf1_brown_original_chain_gloss_cheatsheet_jpg	qwen35	Gitksan	pdf1_brown	original	chain_gloss	cheatsheet_jpg	complete	37	37	0	37	0		configs/matched_v1/qwen35_gitksan_pdf1_brown_original_chain_gloss_cheatsheet_jpg.json	results/matched_v1/qwen35/gitksan/pdf1_brown/original/chain_gloss_cheatsheet_jpg.jsonl	metrics/matched_v1/qwen35/gitksan/pdf1_brown/original/chain_gloss_cheatsheet_jpg.json
qwen35_gitksan_pdf1_brown_original_modelgloss_cheatsheet_jpg	qwen35	Gitksan	pdf1_brown	original	modelgloss	cheatsheet_jpg	complete	37	37	37	0	0		configs/matched_v1/qwen35_gitksan_pdf1_brown_original_modelgloss_cheatsheet_jpg.json	results/matched_v1/qwen35/gitksan/pdf1_brown/original/modelgloss_cheatsheet_jpg.jsonl	metrics/matched_v1/qwen35/gitksan/pdf1_brown/original/modelgloss_cheatsheet_jpg.json
qwen35_gitksan_pdf1_brown_original_shot_cheatsheet_txt	qwen35	Gitksan	pdf1_brown	original	shot	cheatsheet_txt	complete	37	37	37	0	0		configs/matched_v1/qwen35_gitksan_pdf1_brown_original_shot_cheatsheet_txt.json	results/matched_v1/qwen35/gitksan/pdf1_brown/original/shot_cheatsheet_txt.jsonl	metrics/matched_v1/qwen35/gitksan/pdf1_brown/original/shot_cheatsheet_txt.json
qwen35_gitksan_pdf1_brown_original_chain_gloss_cheatsheet_txt	qwen35	Gitksan	pdf1_brown	original	chain_gloss	cheatsheet_txt	complete	37	37	0	37	0		configs/matched_v1/qwen35_gitksan_pdf1_brown_original_chain_gloss_cheatsheet_txt.json	results/matched_v1/qwen35/gitksan/pdf1_brown/original/chain_gloss_cheatsheet_txt.jsonl	metrics/matched_v1/qwen35/gitksan/pdf1_brown/original/chain_gloss_cheatsheet_txt.json
qwen35_gitksan_pdf1_brown_original_modelgloss_cheatsheet_txt	qwen35	Gitksan	pdf1_brown	original	modelgloss	cheatsheet_txt	complete	37	37	37	0	0		configs/matched_v1/qwen35_gitksan_pdf1_brown_original_modelgloss_cheatsheet_txt.json	results/matched_v1/qwen35/gitksan/pdf1_brown/original/modelgloss_cheatsheet_txt.jsonl	metrics/matched_v1/qwen35/gitksan/pdf1_brown/original/modelgloss_cheatsheet_txt.json
qwen35_gitksan_pdf1_brown_original_shot_pdfpages_impactful_jpg	qwen35	Gitksan	pdf1_brown	original	shot	pdfpages_impactful_jpg	complete	37	37	37	0	0		configs/matched_v1/qwen35_gitksan_pdf1_brown_original_shot_pdfpages_impactful_jpg.json	results/matched_v1/qwen35/gitksan/pdf1_brown/original/shot_pdfpages_impactful_jpg.jsonl	metrics/matched_v1/qwen35/gitksan/pdf1_brown/original/shot_pdfpages_impactful_jpg.json
qwen35_gitksan_pdf1_brown_original_chain_gloss_pdfpages_impactful_jpg	qwen35	Gitksan	pdf1_brown	original	chain_gloss	pdfpages_impactful_jpg	complete	37	37	0	37	0		configs/matched_v1/qwen35_gitksan_pdf1_brown_original_chain_gloss_pdfpages_impactful_jpg.json	results/matched_v1/qwen35/gitksan/pdf1_brown/original/chain_gloss_pdfpages_impactful_jpg.jsonl	metrics/matched_v1/qwen35/gitksan/pdf1_brown/original/chain_gloss_pdfpages_impactful_jpg.json
qwen35_gitksan_pdf1_brown_original_modelgloss_pdfpages_impactful_jpg	qwen35	Gitksan	pdf1_brown	original	modelgloss	pdfpages_impactful_jpg	complete	37	37	37	0	0		configs/matched_v1/qwen35_gitksan_pdf1_brown_original_modelgloss_pdfpages_impactful_jpg.json	results/matched_v1/qwen35/gitksan/pdf1_brown/original/modelgloss_pdfpages_impactful_jpg.jsonl	metrics/matched_v1/qwen35/gitksan/pdf1_brown/original/modelgloss_pdfpages_impactful_jpg.json
qwen35_gitksan_pdf1_brown_original_shot_summary_tables_jpg	qwen35	Gitksan	pdf1_brown	original	shot	summary_tables_jpg	complete	37	37	37	0	0		configs/matched_v1/qwen35_gitksan_pdf1_brown_original_shot_summary_tables_jpg.json	results/matched_v1/qwen35/gitksan/pdf1_brown/original/shot_summary_tables_jpg.jsonl	metrics/matched_v1/qwen35/gitksan/pdf1_brown/original/shot_summary_tables_jpg.json
qwen35_gitksan_pdf1_brown_original_chain_gloss_summary_tables_jpg	qwen35	Gitksan	pdf1_brown	original	chain_gloss	summary_tables_jpg	complete	37	37	0	37	1		configs/matched_v1/qwen35_gitksan_pdf1_brown_original_chain_gloss_summary_tables_jpg.json	results/matched_v1/qwen35/gitksan/pdf1_brown/original/chain_gloss_summary_tables_jpg.jsonl	metrics/matched_v1/qwen35/gitksan/pdf1_brown/original/chain_gloss_summary_tables_jpg.json
qwen35_gitksan_pdf1_brown_original_modelgloss_summary_tables_jpg	qwen35	Gitksan	pdf1_brown	original	modelgloss	summary_tables_jpg	complete	37	37	37	0	0		configs/matched_v1/qwen35_gitksan_pdf1_brown_original_modelgloss_summary_tables_jpg.json	results/matched_v1/qwen35/gitksan/pdf1_brown/original/modelgloss_summary_tables_jpg.jsonl	metrics/matched_v1/qwen35/gitksan/pdf1_brown/original/modelgloss_summary_tables_jpg.json
qwen35_gitksan_pdf1_brown_original_shot_summary_tables_txt	qwen35	Gitksan	pdf1_brown	original	shot	summary_tables_txt	complete	37	37	37	0	0		configs/matched_v1/qwen35_gitksan_pdf1_brown_original_shot_summary_tables_txt.json	results/matched_v1/qwen35/gitksan/pdf1_brown/original/shot_summary_tables_txt.jsonl	metrics/matched_v1/qwen35/gitksan/pdf1_brown/original/shot_summary_tables_txt.json
qwen35_gitksan_pdf1_brown_original_chain_gloss_summary_tables_txt	qwen35	Gitksan	pdf1_brown	original	chain_gloss	summary_tables_txt	complete	37	37	0	37	0		configs/matched_v1/qwen35_gitksan_pdf1_brown_original_chain_gloss_summary_tables_txt.json	results/matched_v1/qwen35/gitksan/pdf1_brown/original/chain_gloss_summary_tables_txt.jsonl	metrics/matched_v1/qwen35/gitksan/pdf1_brown/original/chain_gloss_summary_tables_txt.json
qwen35_gitksan_pdf1_brown_original_modelgloss_summary_tables_txt	qwen35	Gitksan	pdf1_brown	original	modelgloss	summary_tables_txt	complete	37	37	37	0	0		configs/matched_v1/qwen35_gitksan_pdf1_brown_original_modelgloss_summary_tables_txt.json	results/matched_v1/qwen35/gitksan/pdf1_brown/original/modelgloss_summary_tables_txt.jsonl	metrics/matched_v1/qwen35/gitksan/pdf1_brown/original/modelgloss_summary_tables_txt.json
qwen35_gitksan_pdf1_brown_original_shot_summary_text_txt	qwen35	Gitksan	pdf1_brown	original	shot	summary_text_txt	complete	37	37	37	0	0		configs/matched_v1/qwen35_gitksan_pdf1_brown_original_shot_summary_text_txt.json	results/matched_v1/qwen35/gitksan/pdf1_brown/original/shot_summary_text_txt.jsonl	metrics/matched_v1/qwen35/gitksan/pdf1_brown/original/shot_summary_text_txt.json
qwen35_gitksan_pdf1_brown_original_chain_gloss_summary_text_txt	qwen35	Gitksan	pdf1_brown	original	chain_gloss	summary_text_txt	complete	37	37	0	37	0		configs/matched_v1/qwen35_gitksan_pdf1_brown_original_chain_gloss_summary_text_txt.json	results/matched_v1/qwen35/gitksan/pdf1_brown/original/chain_gloss_summary_text_txt.jsonl	metrics/matched_v1/qwen35/gitksan/pdf1_brown/original/chain_gloss_summary_text_txt.json
qwen35_gitksan_pdf1_brown_original_modelgloss_summary_text_txt	qwen35	Gitksan	pdf1_brown	original	modelgloss	summary_text_txt	complete	37	37	37	0	0		configs/matched_v1/qwen35_gitksan_pdf1_brown_original_modelgloss_summary_text_txt.json	results/matched_v1/qwen35/gitksan/pdf1_brown/original/modelgloss_summary_text_txt.jsonl	metrics/matched_v1/qwen35/gitksan/pdf1_brown/original/modelgloss_summary_text_txt.json
qwen35_gitksan_pdf2_rigsby_original_shot_cheatsheet_jpg	qwen35	Gitksan	pdf2_rigsby	original	shot	cheatsheet_jpg	complete	37	37	37	0	0		configs/matched_v1/qwen35_gitksan_pdf2_rigsby_original_shot_cheatsheet_jpg.json	results/matched_v1/qwen35/gitksan/pdf2_rigsby/original/shot_cheatsheet_jpg.jsonl	metrics/matched_v1/qwen35/gitksan/pdf2_rigsby/original/shot_cheatsheet_jpg.json
qwen35_gitksan_pdf2_rigsby_original_chain_gloss_cheatsheet_jpg	qwen35	Gitksan	pdf2_rigsby	original	chain_gloss	cheatsheet_jpg	complete	37	37	0	37	1		configs/matched_v1/qwen35_gitksan_pdf2_rigsby_original_chain_gloss_cheatsheet_jpg.json	results/matched_v1/qwen35/gitksan/pdf2_rigsby/original/chain_gloss_cheatsheet_jpg.jsonl	metrics/matched_v1/qwen35/gitksan/pdf2_rigsby/original/chain_gloss_cheatsheet_jpg.json
qwen35_gitksan_pdf2_rigsby_original_modelgloss_cheatsheet_jpg	qwen35	Gitksan	pdf2_rigsby	original	modelgloss	cheatsheet_jpg	complete	37	37	37	0	0		configs/matched_v1/qwen35_gitksan_pdf2_rigsby_original_modelgloss_cheatsheet_jpg.json	results/matched_v1/qwen35/gitksan/pdf2_rigsby/original/modelgloss_cheatsheet_jpg.jsonl	metrics/matched_v1/qwen35/gitksan/pdf2_rigsby/original/modelgloss_cheatsheet_jpg.json
qwen35_gitksan_pdf2_rigsby_original_shot_cheatsheet_txt	qwen35	Gitksan	pdf2_rigsby	original	shot	cheatsheet_txt	complete	37	37	37	0	0		configs/matched_v1/qwen35_gitksan_pdf2_rigsby_original_shot_cheatsheet_txt.json	results/matched_v1/qwen35/gitksan/pdf2_rigsby/original/shot_cheatsheet_txt.jsonl	metrics/matched_v1/qwen35/gitksan/pdf2_rigsby/original/shot_cheatsheet_txt.json
qwen35_gitksan_pdf2_rigsby_original_chain_gloss_cheatsheet_txt	qwen35	Gitksan	pdf2_rigsby	original	chain_gloss	cheatsheet_txt	complete	37	37	0	37	0		configs/matched_v1/qwen35_gitksan_pdf2_rigsby_original_chain_gloss_cheatsheet_txt.json	results/matched_v1/qwen35/gitksan/pdf2_rigsby/original/chain_gloss_cheatsheet_txt.jsonl	metrics/matched_v1/qwen35/gitksan/pdf2_rigsby/original/chain_gloss_cheatsheet_txt.json
qwen35_gitksan_pdf2_rigsby_original_modelgloss_cheatsheet_txt	qwen35	Gitksan	pdf2_rigsby	original	modelgloss	cheatsheet_txt	complete	37	37	37	0	0		configs/matched_v1/qwen35_gitksan_pdf2_rigsby_original_modelgloss_cheatsheet_txt.json	results/matched_v1/qwen35/gitksan/pdf2_rigsby/original/modelgloss_cheatsheet_txt.jsonl	metrics/matched_v1/qwen35/gitksan/pdf2_rigsby/original/modelgloss_cheatsheet_txt.json
qwen35_gitksan_pdf2_rigsby_original_shot_pdfpages_impactful_jpg	qwen35	Gitksan	pdf2_rigsby	original	shot	pdfpages_impactful_jpg	complete	37	37	37	0	0		configs/matched_v1/qwen35_gitksan_pdf2_rigsby_original_shot_pdfpages_impactful_jpg.json	results/matched_v1/qwen35/gitksan/pdf2_rigsby/original/shot_pdfpages_impactful_jpg.jsonl	metrics/matched_v1/qwen35/gitksan/pdf2_rigsby/original/shot_pdfpages_impactful_jpg.json
qwen35_gitksan_pdf2_rigsby_original_chain_gloss_pdfpages_impactful_jpg	qwen35	Gitksan	pdf2_rigsby	original	chain_gloss	pdfpages_impactful_jpg	complete	37	37	0	37	1		configs/matched_v1/qwen35_gitksan_pdf2_rigsby_original_chain_gloss_pdfpages_impactful_jpg.json	results/matched_v1/qwen35/gitksan/pdf2_rigsby/original/chain_gloss_pdfpages_impactful_jpg.jsonl	metrics/matched_v1/qwen35/gitksan/pdf2_rigsby/original/chain_gloss_pdfpages_impactful_jpg.json
qwen35_gitksan_pdf2_rigsby_original_modelgloss_pdfpages_impactful_jpg	qwen35	Gitksan	pdf2_rigsby	original	modelgloss	pdfpages_impactful_jpg	complete	37	37	37	0	0		configs/matched_v1/qwen35_gitksan_pdf2_rigsby_original_modelgloss_pdfpages_impactful_jpg.json	results/matched_v1/qwen35/gitksan/pdf2_rigsby/original/modelgloss_pdfpages_impactful_jpg.jsonl	metrics/matched_v1/qwen35/gitksan/pdf2_rigsby/original/modelgloss_pdfpages_impactful_jpg.json
qwen35_gitksan_pdf2_rigsby_original_shot_summary_tables_jpg	qwen35	Gitksan	pdf2_rigsby	original	shot	summary_tables_jpg	complete	37	37	37	0	0		configs/matched_v1/qwen35_gitksan_pdf2_rigsby_original_shot_summary_tables_jpg.json	results/matched_v1/qwen35/gitksan/pdf2_rigsby/original/shot_summary_tables_jpg.jsonl	metrics/matched_v1/qwen35/gitksan/pdf2_rigsby/original/shot_summary_tables_jpg.json
qwen35_gitksan_pdf2_rigsby_original_chain_gloss_summary_tables_jpg	qwen35	Gitksan	pdf2_rigsby	original	chain_gloss	summary_tables_jpg	complete	37	37	0	37	1		configs/matched_v1/qwen35_gitksan_pdf2_rigsby_original_chain_gloss_summary_tables_jpg.json	results/matched_v1/qwen35/gitksan/pdf2_rigsby/original/chain_gloss_summary_tables_jpg.jsonl	metrics/matched_v1/qwen35/gitksan/pdf2_rigsby/original/chain_gloss_summary_tables_jpg.json
qwen35_gitksan_pdf2_rigsby_original_modelgloss_summary_tables_jpg	qwen35	Gitksan	pdf2_rigsby	original	modelgloss	summary_tables_jpg	complete	37	37	37	0	0		configs/matched_v1/qwen35_gitksan_pdf2_rigsby_original_modelgloss_summary_tables_jpg.json	results/matched_v1/qwen35/gitksan/pdf2_rigsby/original/modelgloss_summary_tables_jpg.jsonl	metrics/matched_v1/qwen35/gitksan/pdf2_rigsby/original/modelgloss_summary_tables_jpg.json
qwen35_gitksan_pdf2_rigsby_original_shot_summary_tables_txt	qwen35	Gitksan	pdf2_rigsby	original	shot	summary_tables_txt	complete	37	37	37	0	0		configs/matched_v1/qwen35_gitksan_pdf2_rigsby_original_shot_summary_tables_txt.json	results/matched_v1/qwen35/gitksan/pdf2_rigsby/original/shot_summary_tables_txt.jsonl	metrics/matched_v1/qwen35/gitksan/pdf2_rigsby/original/shot_summary_tables_txt.json
qwen35_gitksan_pdf2_rigsby_original_chain_gloss_summary_tables_txt	qwen35	Gitksan	pdf2_rigsby	original	chain_gloss	summary_tables_txt	complete	37	37	0	37	1		configs/matched_v1/qwen35_gitksan_pdf2_rigsby_original_chain_gloss_summary_tables_txt.json	results/matched_v1/qwen35/gitksan/pdf2_rigsby/original/chain_gloss_summary_tables_txt.jsonl	metrics/matched_v1/qwen35/gitksan/pdf2_rigsby/original/chain_gloss_summary_tables_txt.json
qwen35_gitksan_pdf2_rigsby_original_modelgloss_summary_tables_txt	qwen35	Gitksan	pdf2_rigsby	original	modelgloss	summary_tables_txt	complete	37	37	37	0	0		configs/matched_v1/qwen35_gitksan_pdf2_rigsby_original_modelgloss_summary_tables_txt.json	results/matched_v1/qwen35/gitksan/pdf2_rigsby/original/modelgloss_summary_tables_txt.jsonl	metrics/matched_v1/qwen35/gitksan/pdf2_rigsby/original/modelgloss_summary_tables_txt.json
qwen35_gitksan_pdf2_rigsby_original_shot_summary_text_txt	qwen35	Gitksan	pdf2_rigsby	original	shot	summary_text_txt	complete	37	37	37	0	0		configs/matched_v1/qwen35_gitksan_pdf2_rigsby_original_shot_summary_text_txt.json	results/matched_v1/qwen35/gitksan/pdf2_rigsby/original/shot_summary_text_txt.jsonl	metrics/matched_v1/qwen35/gitksan/pdf2_rigsby/original/shot_summary_text_txt.json
qwen35_gitksan_pdf2_rigsby_original_chain_gloss_summary_text_txt	qwen35	Gitksan	pdf2_rigsby	original	chain_gloss	summary_text_txt	complete	37	37	0	37	0		configs/matched_v1/qwen35_gitksan_pdf2_rigsby_original_chain_gloss_summary_text_txt.json	results/matched_v1/qwen35/gitksan/pdf2_rigsby/original/chain_gloss_summary_text_txt.jsonl	metrics/matched_v1/qwen35/gitksan/pdf2_rigsby/original/chain_gloss_summary_text_txt.json
qwen35_gitksan_pdf2_rigsby_original_modelgloss_summary_text_txt	qwen35	Gitksan	pdf2_rigsby	original	modelgloss	summary_text_txt	complete	37	37	37	0	0		configs/matched_v1/qwen35_gitksan_pdf2_rigsby_original_modelgloss_summary_text_txt.json	results/matched_v1/qwen35/gitksan/pdf2_rigsby/original/modelgloss_summary_text_txt.jsonl	metrics/matched_v1/qwen35/gitksan/pdf2_rigsby/original/modelgloss_summary_text_txt.json
qwen35_lezgi_grammar_cyrillic_shot_cheatsheet_jpg	qwen35	Lezgi	grammar	cyrillic	shot	cheatsheet_jpg	complete	87	87	87	0	0		configs/matched_v1/qwen35_lezgi_grammar_cyrillic_shot_cheatsheet_jpg.json	results/matched_v1/qwen35/lezgi/grammar/cyrillic/shot_cheatsheet_jpg.jsonl	metrics/matched_v1/qwen35/lezgi/grammar/cyrillic/shot_cheatsheet_jpg.json
qwen35_lezgi_grammar_cyrillic_chain_gloss_cheatsheet_jpg	qwen35	Lezgi	grammar	cyrillic	chain_gloss	cheatsheet_jpg	complete	87	87	1	86	0		configs/matched_v1/qwen35_lezgi_grammar_cyrillic_chain_gloss_cheatsheet_jpg.json	results/matched_v1/qwen35/lezgi/grammar/cyrillic/chain_gloss_cheatsheet_jpg.jsonl	metrics/matched_v1/qwen35/lezgi/grammar/cyrillic/chain_gloss_cheatsheet_jpg.json
qwen35_lezgi_grammar_cyrillic_modelgloss_cheatsheet_jpg	qwen35	Lezgi	grammar	cyrillic	modelgloss	cheatsheet_jpg	complete	87	87	87	0	0		configs/matched_v1/qwen35_lezgi_grammar_cyrillic_modelgloss_cheatsheet_jpg.json	results/matched_v1/qwen35/lezgi/grammar/cyrillic/modelgloss_cheatsheet_jpg.jsonl	metrics/matched_v1/qwen35/lezgi/grammar/cyrillic/modelgloss_cheatsheet_jpg.json
qwen35_lezgi_grammar_cyrillic_shot_cheatsheet_txt	qwen35	Lezgi	grammar	cyrillic	shot	cheatsheet_txt	complete	87	87	87	0	0		configs/matched_v1/qwen35_lezgi_grammar_cyrillic_shot_cheatsheet_txt.json	results/matched_v1/qwen35/lezgi/grammar/cyrillic/shot_cheatsheet_txt.jsonl	metrics/matched_v1/qwen35/lezgi/grammar/cyrillic/shot_cheatsheet_txt.json
qwen35_lezgi_grammar_cyrillic_chain_gloss_cheatsheet_txt	qwen35	Lezgi	grammar	cyrillic	chain_gloss	cheatsheet_txt	complete	87	87	1	86	0		configs/matched_v1/qwen35_lezgi_grammar_cyrillic_chain_gloss_cheatsheet_txt.json	results/matched_v1/qwen35/lezgi/grammar/cyrillic/chain_gloss_cheatsheet_txt.jsonl	metrics/matched_v1/qwen35/lezgi/grammar/cyrillic/chain_gloss_cheatsheet_txt.json
qwen35_lezgi_grammar_cyrillic_modelgloss_cheatsheet_txt	qwen35	Lezgi	grammar	cyrillic	modelgloss	cheatsheet_txt	complete	87	87	87	0	0		configs/matched_v1/qwen35_lezgi_grammar_cyrillic_modelgloss_cheatsheet_txt.json	results/matched_v1/qwen35/lezgi/grammar/cyrillic/modelgloss_cheatsheet_txt.jsonl	metrics/matched_v1/qwen35/lezgi/grammar/cyrillic/modelgloss_cheatsheet_txt.json
qwen35_lezgi_grammar_cyrillic_shot_summary_tables_jpg	qwen35	Lezgi	grammar	cyrillic	shot	summary_tables_jpg	complete	87	87	87	0	0		configs/matched_v1/qwen35_lezgi_grammar_cyrillic_shot_summary_tables_jpg.json	results/matched_v1/qwen35/lezgi/grammar/cyrillic/shot_summary_tables_jpg.jsonl	metrics/matched_v1/qwen35/lezgi/grammar/cyrillic/shot_summary_tables_jpg.json
qwen35_lezgi_grammar_cyrillic_chain_gloss_summary_tables_jpg	qwen35	Lezgi	grammar	cyrillic	chain_gloss	summary_tables_jpg	complete	87	87	1	86	0		configs/matched_v1/qwen35_lezgi_grammar_cyrillic_chain_gloss_summary_tables_jpg.json	results/matched_v1/qwen35/lezgi/grammar/cyrillic/chain_gloss_summary_tables_jpg.jsonl	metrics/matched_v1/qwen35/lezgi/grammar/cyrillic/chain_gloss_summary_tables_jpg.json
qwen35_lezgi_grammar_cyrillic_modelgloss_summary_tables_jpg	qwen35	Lezgi	grammar	cyrillic	modelgloss	summary_tables_jpg	complete	87	87	87	0	0		configs/matched_v1/qwen35_lezgi_grammar_cyrillic_modelgloss_summary_tables_jpg.json	results/matched_v1/qwen35/lezgi/grammar/cyrillic/modelgloss_summary_tables_jpg.jsonl	metrics/matched_v1/qwen35/lezgi/grammar/cyrillic/modelgloss_summary_tables_jpg.json
qwen35_lezgi_grammar_cyrillic_shot_summary_tables_txt	qwen35	Lezgi	grammar	cyrillic	shot	summary_tables_txt	complete	87	87	87	0	0		configs/matched_v1/qwen35_lezgi_grammar_cyrillic_shot_summary_tables_txt.json	results/matched_v1/qwen35/lezgi/grammar/cyrillic/shot_summary_tables_txt.jsonl	metrics/matched_v1/qwen35/lezgi/grammar/cyrillic/shot_summary_tables_txt.json
qwen35_lezgi_grammar_cyrillic_chain_gloss_summary_tables_txt	qwen35	Lezgi	grammar	cyrillic	chain_gloss	summary_tables_txt	complete	87	87	1	86	0		configs/matched_v1/qwen35_lezgi_grammar_cyrillic_chain_gloss_summary_tables_txt.json	results/matched_v1/qwen35/lezgi/grammar/cyrillic/chain_gloss_summary_tables_txt.jsonl	metrics/matched_v1/qwen35/lezgi/grammar/cyrillic/chain_gloss_summary_tables_txt.json
qwen35_lezgi_grammar_cyrillic_modelgloss_summary_tables_txt	qwen35	Lezgi	grammar	cyrillic	modelgloss	summary_tables_txt	complete	87	87	87	0	0		configs/matched_v1/qwen35_lezgi_grammar_cyrillic_modelgloss_summary_tables_txt.json	results/matched_v1/qwen35/lezgi/grammar/cyrillic/modelgloss_summary_tables_txt.jsonl	metrics/matched_v1/qwen35/lezgi/grammar/cyrillic/modelgloss_summary_tables_txt.json
qwen35_lezgi_grammar_cyrillic_shot_summary_text_txt	qwen35	Lezgi	grammar	cyrillic	shot	summary_text_txt	complete	87	87	87	0	0		configs/matched_v1/qwen35_lezgi_grammar_cyrillic_shot_summary_text_txt.json	results/matched_v1/qwen35/lezgi/grammar/cyrillic/shot_summary_text_txt.jsonl	metrics/matched_v1/qwen35/lezgi/grammar/cyrillic/shot_summary_text_txt.json
qwen35_lezgi_grammar_cyrillic_chain_gloss_summary_text_txt	qwen35	Lezgi	grammar	cyrillic	chain_gloss	summary_text_txt	complete	87	87	1	86	0		configs/matched_v1/qwen35_lezgi_grammar_cyrillic_chain_gloss_summary_text_txt.json	results/matched_v1/qwen35/lezgi/grammar/cyrillic/chain_gloss_summary_text_txt.jsonl	metrics/matched_v1/qwen35/lezgi/grammar/cyrillic/chain_gloss_summary_text_txt.json
qwen35_lezgi_grammar_cyrillic_modelgloss_summary_text_txt	qwen35	Lezgi	grammar	cyrillic	modelgloss	summary_text_txt	complete	87	87	87	0	0		configs/matched_v1/qwen35_lezgi_grammar_cyrillic_modelgloss_summary_text_txt.json	results/matched_v1/qwen35/lezgi/grammar/cyrillic/modelgloss_summary_text_txt.jsonl	metrics/matched_v1/qwen35/lezgi/grammar/cyrillic/modelgloss_summary_text_txt.json
qwen35_lezgi_grammar_original_shot_cheatsheet_jpg	qwen35	Lezgi	grammar	original	shot	cheatsheet_jpg	complete	87	87	87	0	0		configs/matched_v1/qwen35_lezgi_grammar_original_shot_cheatsheet_jpg.json	results/matched_v1/qwen35/lezgi/grammar/original/shot_cheatsheet_jpg.jsonl	metrics/matched_v1/qwen35/lezgi/grammar/original/shot_cheatsheet_jpg.json
qwen35_lezgi_grammar_original_chain_gloss_cheatsheet_jpg	qwen35	Lezgi	grammar	original	chain_gloss	cheatsheet_jpg	complete	87	87	1	86	0		configs/matched_v1/qwen35_lezgi_grammar_original_chain_gloss_cheatsheet_jpg.json	results/matched_v1/qwen35/lezgi/grammar/original/chain_gloss_cheatsheet_jpg.jsonl	metrics/matched_v1/qwen35/lezgi/grammar/original/chain_gloss_cheatsheet_jpg.json
qwen35_lezgi_grammar_original_modelgloss_cheatsheet_jpg	qwen35	Lezgi	grammar	original	modelgloss	cheatsheet_jpg	complete	87	87	87	0	0		configs/matched_v1/qwen35_lezgi_grammar_original_modelgloss_cheatsheet_jpg.json	results/matched_v1/qwen35/lezgi/grammar/original/modelgloss_cheatsheet_jpg.jsonl	metrics/matched_v1/qwen35/lezgi/grammar/original/modelgloss_cheatsheet_jpg.json
qwen35_lezgi_grammar_original_shot_cheatsheet_txt	qwen35	Lezgi	grammar	original	shot	cheatsheet_txt	complete	87	87	87	0	0		configs/matched_v1/qwen35_lezgi_grammar_original_shot_cheatsheet_txt.json	results/matched_v1/qwen35/lezgi/grammar/original/shot_cheatsheet_txt.jsonl	metrics/matched_v1/qwen35/lezgi/grammar/original/shot_cheatsheet_txt.json
qwen35_lezgi_grammar_original_chain_gloss_cheatsheet_txt	qwen35	Lezgi	grammar	original	chain_gloss	cheatsheet_txt	complete	87	87	1	86	0		configs/matched_v1/qwen35_lezgi_grammar_original_chain_gloss_cheatsheet_txt.json	results/matched_v1/qwen35/lezgi/grammar/original/chain_gloss_cheatsheet_txt.jsonl	metrics/matched_v1/qwen35/lezgi/grammar/original/chain_gloss_cheatsheet_txt.json
qwen35_lezgi_grammar_original_modelgloss_cheatsheet_txt	qwen35	Lezgi	grammar	original	modelgloss	cheatsheet_txt	complete	87	87	87	0	0		configs/matched_v1/qwen35_lezgi_grammar_original_modelgloss_cheatsheet_txt.json	results/matched_v1/qwen35/lezgi/grammar/original/modelgloss_cheatsheet_txt.jsonl	metrics/matched_v1/qwen35/lezgi/grammar/original/modelgloss_cheatsheet_txt.json
qwen35_lezgi_grammar_original_shot_pdfpages_impactful_jpg	qwen35	Lezgi	grammar	original	shot	pdfpages_impactful_jpg	complete	87	87	87	0	0		configs/matched_v1/qwen35_lezgi_grammar_original_shot_pdfpages_impactful_jpg.json	results/matched_v1/qwen35/lezgi/grammar/original/shot_pdfpages_impactful_jpg.jsonl	metrics/matched_v1/qwen35/lezgi/grammar/original/shot_pdfpages_impactful_jpg.json
qwen35_lezgi_grammar_original_chain_gloss_pdfpages_impactful_jpg	qwen35	Lezgi	grammar	original	chain_gloss	pdfpages_impactful_jpg	complete	87	87	1	86	0		configs/matched_v1/qwen35_lezgi_grammar_original_chain_gloss_pdfpages_impactful_jpg.json	results/matched_v1/qwen35/lezgi/grammar/original/chain_gloss_pdfpages_impactful_jpg.jsonl	metrics/matched_v1/qwen35/lezgi/grammar/original/chain_gloss_pdfpages_impactful_jpg.json
qwen35_lezgi_grammar_original_modelgloss_pdfpages_impactful_jpg	qwen35	Lezgi	grammar	original	modelgloss	pdfpages_impactful_jpg	complete	87	87	87	0	0		configs/matched_v1/qwen35_lezgi_grammar_original_modelgloss_pdfpages_impactful_jpg.json	results/matched_v1/qwen35/lezgi/grammar/original/modelgloss_pdfpages_impactful_jpg.jsonl	metrics/matched_v1/qwen35/lezgi/grammar/original/modelgloss_pdfpages_impactful_jpg.json
qwen35_lezgi_grammar_original_shot_summary_tables_jpg	qwen35	Lezgi	grammar	original	shot	summary_tables_jpg	complete	87	87	87	0	0		configs/matched_v1/qwen35_lezgi_grammar_original_shot_summary_tables_jpg.json	results/matched_v1/qwen35/lezgi/grammar/original/shot_summary_tables_jpg.jsonl	metrics/matched_v1/qwen35/lezgi/grammar/original/shot_summary_tables_jpg.json
qwen35_lezgi_grammar_original_chain_gloss_summary_tables_jpg	qwen35	Lezgi	grammar	original	chain_gloss	summary_tables_jpg	complete	87	87	1	86	0		configs/matched_v1/qwen35_lezgi_grammar_original_chain_gloss_summary_tables_jpg.json	results/matched_v1/qwen35/lezgi/grammar/original/chain_gloss_summary_tables_jpg.jsonl	metrics/matched_v1/qwen35/lezgi/grammar/original/chain_gloss_summary_tables_jpg.json
qwen35_lezgi_grammar_original_modelgloss_summary_tables_jpg	qwen35	Lezgi	grammar	original	modelgloss	summary_tables_jpg	complete	87	87	87	0	0		configs/matched_v1/qwen35_lezgi_grammar_original_modelgloss_summary_tables_jpg.json	results/matched_v1/qwen35/lezgi/grammar/original/modelgloss_summary_tables_jpg.jsonl	metrics/matched_v1/qwen35/lezgi/grammar/original/modelgloss_summary_tables_jpg.json
qwen35_lezgi_grammar_original_shot_summary_tables_txt	qwen35	Lezgi	grammar	original	shot	summary_tables_txt	complete	87	87	87	0	0		configs/matched_v1/qwen35_lezgi_grammar_original_shot_summary_tables_txt.json	results/matched_v1/qwen35/lezgi/grammar/original/shot_summary_tables_txt.jsonl	metrics/matched_v1/qwen35/lezgi/grammar/original/shot_summary_tables_txt.json
qwen35_lezgi_grammar_original_chain_gloss_summary_tables_txt	qwen35	Lezgi	grammar	original	chain_gloss	summary_tables_txt	complete	87	87	1	86	0		configs/matched_v1/qwen35_lezgi_grammar_original_chain_gloss_summary_tables_txt.json	results/matched_v1/qwen35/lezgi/grammar/original/chain_gloss_summary_tables_txt.jsonl	metrics/matched_v1/qwen35/lezgi/grammar/original/chain_gloss_summary_tables_txt.json
qwen35_lezgi_grammar_original_modelgloss_summary_tables_txt	qwen35	Lezgi	grammar	original	modelgloss	summary_tables_txt	complete	87	87	87	0	0		configs/matched_v1/qwen35_lezgi_grammar_original_modelgloss_summary_tables_txt.json	results/matched_v1/qwen35/lezgi/grammar/original/modelgloss_summary_tables_txt.jsonl	metrics/matched_v1/qwen35/lezgi/grammar/original/modelgloss_summary_tables_txt.json
qwen35_lezgi_grammar_original_shot_summary_text_txt	qwen35	Lezgi	grammar	original	shot	summary_text_txt	complete	87	87	87	0	0		configs/matched_v1/qwen35_lezgi_grammar_original_shot_summary_text_txt.json	results/matched_v1/qwen35/lezgi/grammar/original/shot_summary_text_txt.jsonl	metrics/matched_v1/qwen35/lezgi/grammar/original/shot_summary_text_txt.json
qwen35_lezgi_grammar_original_chain_gloss_summary_text_txt	qwen35	Lezgi	grammar	original	chain_gloss	summary_text_txt	complete	87	87	1	86	0		configs/matched_v1/qwen35_lezgi_grammar_original_chain_gloss_summary_text_txt.json	results/matched_v1/qwen35/lezgi/grammar/original/chain_gloss_summary_text_txt.jsonl	metrics/matched_v1/qwen35/lezgi/grammar/original/chain_gloss_summary_text_txt.json
qwen35_lezgi_grammar_original_modelgloss_summary_text_txt	qwen35	Lezgi	grammar	original	modelgloss	summary_text_txt	complete	87	87	87	0	0		configs/matched_v1/qwen35_lezgi_grammar_original_modelgloss_summary_text_txt.json	results/matched_v1/qwen35/lezgi/grammar/original/modelgloss_summary_text_txt.jsonl	metrics/matched_v1/qwen35/lezgi/grammar/original/modelgloss_summary_text_txt.json
qwen35_natugu_grammar_original_shot_cheatsheet_jpg	qwen35	Natugu	grammar	original	shot	cheatsheet_jpg	complete	99	99	99	0	0		configs/matched_v1/qwen35_natugu_grammar_original_shot_cheatsheet_jpg.json	results/matched_v1/qwen35/natugu/grammar/original/shot_cheatsheet_jpg.jsonl	metrics/matched_v1/qwen35/natugu/grammar/original/shot_cheatsheet_jpg.json
qwen35_natugu_grammar_original_chain_gloss_cheatsheet_jpg	qwen35	Natugu	grammar	original	chain_gloss	cheatsheet_jpg	complete	99	99	0	99	0		configs/matched_v1/qwen35_natugu_grammar_original_chain_gloss_cheatsheet_jpg.json	results/matched_v1/qwen35/natugu/grammar/original/chain_gloss_cheatsheet_jpg.jsonl	metrics/matched_v1/qwen35/natugu/grammar/original/chain_gloss_cheatsheet_jpg.json
qwen35_natugu_grammar_original_modelgloss_cheatsheet_jpg	qwen35	Natugu	grammar	original	modelgloss	cheatsheet_jpg	complete	99	99	99	0	0		configs/matched_v1/qwen35_natugu_grammar_original_modelgloss_cheatsheet_jpg.json	results/matched_v1/qwen35/natugu/grammar/original/modelgloss_cheatsheet_jpg.jsonl	metrics/matched_v1/qwen35/natugu/grammar/original/modelgloss_cheatsheet_jpg.json
qwen35_natugu_grammar_original_shot_cheatsheet_txt	qwen35	Natugu	grammar	original	shot	cheatsheet_txt	complete	99	99	99	0	0		configs/matched_v1/qwen35_natugu_grammar_original_shot_cheatsheet_txt.json	results/matched_v1/qwen35/natugu/grammar/original/shot_cheatsheet_txt.jsonl	metrics/matched_v1/qwen35/natugu/grammar/original/shot_cheatsheet_txt.json
qwen35_natugu_grammar_original_chain_gloss_cheatsheet_txt	qwen35	Natugu	grammar	original	chain_gloss	cheatsheet_txt	complete	99	99	0	99	0		configs/matched_v1/qwen35_natugu_grammar_original_chain_gloss_cheatsheet_txt.json	results/matched_v1/qwen35/natugu/grammar/original/chain_gloss_cheatsheet_txt.jsonl	metrics/matched_v1/qwen35/natugu/grammar/original/chain_gloss_cheatsheet_txt.json
qwen35_natugu_grammar_original_modelgloss_cheatsheet_txt	qwen35	Natugu	grammar	original	modelgloss	cheatsheet_txt	complete	99	99	99	0	0		configs/matched_v1/qwen35_natugu_grammar_original_modelgloss_cheatsheet_txt.json	results/matched_v1/qwen35/natugu/grammar/original/modelgloss_cheatsheet_txt.jsonl	metrics/matched_v1/qwen35/natugu/grammar/original/modelgloss_cheatsheet_txt.json
qwen35_natugu_grammar_original_shot_pdfpages_impactful_jpg	qwen35	Natugu	grammar	original	shot	pdfpages_impactful_jpg	complete	99	99	99	0	0		configs/matched_v1/qwen35_natugu_grammar_original_shot_pdfpages_impactful_jpg.json	results/matched_v1/qwen35/natugu/grammar/original/shot_pdfpages_impactful_jpg.jsonl	metrics/matched_v1/qwen35/natugu/grammar/original/shot_pdfpages_impactful_jpg.json
qwen35_natugu_grammar_original_chain_gloss_pdfpages_impactful_jpg	qwen35	Natugu	grammar	original	chain_gloss	pdfpages_impactful_jpg	complete	99	99	0	99	0		configs/matched_v1/qwen35_natugu_grammar_original_chain_gloss_pdfpages_impactful_jpg.json	results/matched_v1/qwen35/natugu/grammar/original/chain_gloss_pdfpages_impactful_jpg.jsonl	metrics/matched_v1/qwen35/natugu/grammar/original/chain_gloss_pdfpages_impactful_jpg.json
qwen35_natugu_grammar_original_modelgloss_pdfpages_impactful_jpg	qwen35	Natugu	grammar	original	modelgloss	pdfpages_impactful_jpg	complete	99	99	99	0	0		configs/matched_v1/qwen35_natugu_grammar_original_modelgloss_pdfpages_impactful_jpg.json	results/matched_v1/qwen35/natugu/grammar/original/modelgloss_pdfpages_impactful_jpg.jsonl	metrics/matched_v1/qwen35/natugu/grammar/original/modelgloss_pdfpages_impactful_jpg.json
qwen35_natugu_grammar_original_shot_summary_tables_jpg	qwen35	Natugu	grammar	original	shot	summary_tables_jpg	complete	99	99	99	0	0		configs/matched_v1/qwen35_natugu_grammar_original_shot_summary_tables_jpg.json	results/matched_v1/qwen35/natugu/grammar/original/shot_summary_tables_jpg.jsonl	metrics/matched_v1/qwen35/natugu/grammar/original/shot_summary_tables_jpg.json
qwen35_natugu_grammar_original_chain_gloss_summary_tables_jpg	qwen35	Natugu	grammar	original	chain_gloss	summary_tables_jpg	complete	99	99	0	99	1		configs/matched_v1/qwen35_natugu_grammar_original_chain_gloss_summary_tables_jpg.json	results/matched_v1/qwen35/natugu/grammar/original/chain_gloss_summary_tables_jpg.jsonl	metrics/matched_v1/qwen35/natugu/grammar/original/chain_gloss_summary_tables_jpg.json
qwen35_natugu_grammar_original_modelgloss_summary_tables_jpg	qwen35	Natugu	grammar	original	modelgloss	summary_tables_jpg	complete	99	99	99	0	0		configs/matched_v1/qwen35_natugu_grammar_original_modelgloss_summary_tables_jpg.json	results/matched_v1/qwen35/natugu/grammar/original/modelgloss_summary_tables_jpg.jsonl	metrics/matched_v1/qwen35/natugu/grammar/original/modelgloss_summary_tables_jpg.json
qwen35_natugu_grammar_original_shot_summary_tables_txt	qwen35	Natugu	grammar	original	shot	summary_tables_txt	complete	99	99	99	0	0		configs/matched_v1/qwen35_natugu_grammar_original_shot_summary_tables_txt.json	results/matched_v1/qwen35/natugu/grammar/original/shot_summary_tables_txt.jsonl	metrics/matched_v1/qwen35/natugu/grammar/original/shot_summary_tables_txt.json
qwen35_natugu_grammar_original_chain_gloss_summary_tables_txt	qwen35	Natugu	grammar	original	chain_gloss	summary_tables_txt	complete	99	99	0	99	0		configs/matched_v1/qwen35_natugu_grammar_original_chain_gloss_summary_tables_txt.json	results/matched_v1/qwen35/natugu/grammar/original/chain_gloss_summary_tables_txt.jsonl	metrics/matched_v1/qwen35/natugu/grammar/original/chain_gloss_summary_tables_txt.json
qwen35_natugu_grammar_original_modelgloss_summary_tables_txt	qwen35	Natugu	grammar	original	modelgloss	summary_tables_txt	complete	99	99	99	0	0		configs/matched_v1/qwen35_natugu_grammar_original_modelgloss_summary_tables_txt.json	results/matched_v1/qwen35/natugu/grammar/original/modelgloss_summary_tables_txt.jsonl	metrics/matched_v1/qwen35/natugu/grammar/original/modelgloss_summary_tables_txt.json
qwen35_natugu_grammar_original_shot_summary_text_txt	qwen35	Natugu	grammar	original	shot	summary_text_txt	complete	99	99	99	0	0		configs/matched_v1/qwen35_natugu_grammar_original_shot_summary_text_txt.json	results/matched_v1/qwen35/natugu/grammar/original/shot_summary_text_txt.jsonl	metrics/matched_v1/qwen35/natugu/grammar/original/shot_summary_text_txt.json
qwen35_natugu_grammar_original_chain_gloss_summary_text_txt	qwen35	Natugu	grammar	original	chain_gloss	summary_text_txt	complete	99	99	0	99	0		configs/matched_v1/qwen35_natugu_grammar_original_chain_gloss_summary_text_txt.json	results/matched_v1/qwen35/natugu/grammar/original/chain_gloss_summary_text_txt.jsonl	metrics/matched_v1/qwen35/natugu/grammar/original/chain_gloss_summary_text_txt.json
qwen35_natugu_grammar_original_modelgloss_summary_text_txt	qwen35	Natugu	grammar	original	modelgloss	summary_text_txt	complete	99	99	99	0	0		configs/matched_v1/qwen35_natugu_grammar_original_modelgloss_summary_text_txt.json	results/matched_v1/qwen35/natugu/grammar/original/modelgloss_summary_text_txt.jsonl	metrics/matched_v1/qwen35/natugu/grammar/original/modelgloss_summary_text_txt.json
qwen35_tsez_grammar_original_shot_cheatsheet_jpg	qwen35	Tsez	grammar	original	shot	cheatsheet_jpg	complete	445	445	445	0	0		configs/matched_v1/qwen35_tsez_grammar_original_shot_cheatsheet_jpg.json	results/matched_v1/qwen35/tsez/grammar/original/shot_cheatsheet_jpg.jsonl	metrics/matched_v1/qwen35/tsez/grammar/original/shot_cheatsheet_jpg.json
qwen35_tsez_grammar_original_chain_gloss_cheatsheet_jpg	qwen35	Tsez	grammar	original	chain_gloss	cheatsheet_jpg	complete	445	445	445	0	0		configs/matched_v1/qwen35_tsez_grammar_original_chain_gloss_cheatsheet_jpg.json	results/matched_v1/qwen35/tsez/grammar/original/chain_gloss_cheatsheet_jpg.jsonl	metrics/matched_v1/qwen35/tsez/grammar/original/chain_gloss_cheatsheet_jpg.json
qwen35_tsez_grammar_original_modelgloss_cheatsheet_jpg	qwen35	Tsez	grammar	original	modelgloss	cheatsheet_jpg	complete	445	445	445	0	0		configs/matched_v1/qwen35_tsez_grammar_original_modelgloss_cheatsheet_jpg.json	results/matched_v1/qwen35/tsez/grammar/original/modelgloss_cheatsheet_jpg.jsonl	metrics/matched_v1/qwen35/tsez/grammar/original/modelgloss_cheatsheet_jpg.json
qwen35_tsez_grammar_original_shot_cheatsheet_txt	qwen35	Tsez	grammar	original	shot	cheatsheet_txt	complete	445	445	445	0	0		configs/matched_v1/qwen35_tsez_grammar_original_shot_cheatsheet_txt.json	results/matched_v1/qwen35/tsez/grammar/original/shot_cheatsheet_txt.jsonl	metrics/matched_v1/qwen35/tsez/grammar/original/shot_cheatsheet_txt.json
qwen35_tsez_grammar_original_chain_gloss_cheatsheet_txt	qwen35	Tsez	grammar	original	chain_gloss	cheatsheet_txt	complete	445	445	445	0	0		configs/matched_v1/qwen35_tsez_grammar_original_chain_gloss_cheatsheet_txt.json	results/matched_v1/qwen35/tsez/grammar/original/chain_gloss_cheatsheet_txt.jsonl	metrics/matched_v1/qwen35/tsez/grammar/original/chain_gloss_cheatsheet_txt.json
qwen35_tsez_grammar_original_modelgloss_cheatsheet_txt	qwen35	Tsez	grammar	original	modelgloss	cheatsheet_txt	complete	445	445	445	0	0		configs/matched_v1/qwen35_tsez_grammar_original_modelgloss_cheatsheet_txt.json	results/matched_v1/qwen35/tsez/grammar/original/modelgloss_cheatsheet_txt.jsonl	metrics/matched_v1/qwen35/tsez/grammar/original/modelgloss_cheatsheet_txt.json
qwen35_tsez_grammar_original_shot_pdfpages_impactful_jpg	qwen35	Tsez	grammar	original	shot	pdfpages_impactful_jpg	complete	445	445	445	0	0		configs/matched_v1/qwen35_tsez_grammar_original_shot_pdfpages_impactful_jpg.json	results/matched_v1/qwen35/tsez/grammar/original/shot_pdfpages_impactful_jpg.jsonl	metrics/matched_v1/qwen35/tsez/grammar/original/shot_pdfpages_impactful_jpg.json
qwen35_tsez_grammar_original_chain_gloss_pdfpages_impactful_jpg	qwen35	Tsez	grammar	original	chain_gloss	pdfpages_impactful_jpg	complete	445	445	445	0	4		configs/matched_v1/qwen35_tsez_grammar_original_chain_gloss_pdfpages_impactful_jpg.json	results/matched_v1/qwen35/tsez/grammar/original/chain_gloss_pdfpages_impactful_jpg.jsonl	metrics/matched_v1/qwen35/tsez/grammar/original/chain_gloss_pdfpages_impactful_jpg.json
qwen35_tsez_grammar_original_modelgloss_pdfpages_impactful_jpg	qwen35	Tsez	grammar	original	modelgloss	pdfpages_impactful_jpg	complete	445	445	445	0	0		configs/matched_v1/qwen35_tsez_grammar_original_modelgloss_pdfpages_impactful_jpg.json	results/matched_v1/qwen35/tsez/grammar/original/modelgloss_pdfpages_impactful_jpg.jsonl	metrics/matched_v1/qwen35/tsez/grammar/original/modelgloss_pdfpages_impactful_jpg.json
qwen35_tsez_grammar_original_shot_summary_tables_jpg	qwen35	Tsez	grammar	original	shot	summary_tables_jpg	complete	445	445	445	0	0		configs/matched_v1/qwen35_tsez_grammar_original_shot_summary_tables_jpg.json	results/matched_v1/qwen35/tsez/grammar/original/shot_summary_tables_jpg.jsonl	metrics/matched_v1/qwen35/tsez/grammar/original/shot_summary_tables_jpg.json
qwen35_tsez_grammar_original_chain_gloss_summary_tables_jpg	qwen35	Tsez	grammar	original	chain_gloss	summary_tables_jpg	complete	445	445	445	0	1		configs/matched_v1/qwen35_tsez_grammar_original_chain_gloss_summary_tables_jpg.json	results/matched_v1/qwen35/tsez/grammar/original/chain_gloss_summary_tables_jpg.jsonl	metrics/matched_v1/qwen35/tsez/grammar/original/chain_gloss_summary_tables_jpg.json
qwen35_tsez_grammar_original_modelgloss_summary_tables_jpg	qwen35	Tsez	grammar	original	modelgloss	summary_tables_jpg	complete	445	445	445	0	0		configs/matched_v1/qwen35_tsez_grammar_original_modelgloss_summary_tables_jpg.json	results/matched_v1/qwen35/tsez/grammar/original/modelgloss_summary_tables_jpg.jsonl	metrics/matched_v1/qwen35/tsez/grammar/original/modelgloss_summary_tables_jpg.json
qwen35_tsez_grammar_original_shot_summary_tables_txt	qwen35	Tsez	grammar	original	shot	summary_tables_txt	complete	445	445	445	0	0		configs/matched_v1/qwen35_tsez_grammar_original_shot_summary_tables_txt.json	results/matched_v1/qwen35/tsez/grammar/original/shot_summary_tables_txt.jsonl	metrics/matched_v1/qwen35/tsez/grammar/original/shot_summary_tables_txt.json
qwen35_tsez_grammar_original_chain_gloss_summary_tables_txt	qwen35	Tsez	grammar	original	chain_gloss	summary_tables_txt	complete	445	445	445	0	1		configs/matched_v1/qwen35_tsez_grammar_original_chain_gloss_summary_tables_txt.json	results/matched_v1/qwen35/tsez/grammar/original/chain_gloss_summary_tables_txt.jsonl	metrics/matched_v1/qwen35/tsez/grammar/original/chain_gloss_summary_tables_txt.json
qwen35_tsez_grammar_original_modelgloss_summary_tables_txt	qwen35	Tsez	grammar	original	modelgloss	summary_tables_txt	complete	445	445	445	0	0		configs/matched_v1/qwen35_tsez_grammar_original_modelgloss_summary_tables_txt.json	results/matched_v1/qwen35/tsez/grammar/original/modelgloss_summary_tables_txt.jsonl	metrics/matched_v1/qwen35/tsez/grammar/original/modelgloss_summary_tables_txt.json
qwen35_tsez_grammar_original_shot_summary_text_txt	qwen35	Tsez	grammar	original	shot	summary_text_txt	complete	445	445	445	0	0		configs/matched_v1/qwen35_tsez_grammar_original_shot_summary_text_txt.json	results/matched_v1/qwen35/tsez/grammar/original/shot_summary_text_txt.jsonl	metrics/matched_v1/qwen35/tsez/grammar/original/shot_summary_text_txt.json
qwen35_tsez_grammar_original_chain_gloss_summary_text_txt	qwen35	Tsez	grammar	original	chain_gloss	summary_text_txt	complete	445	445	0	445	0		configs/matched_v1/qwen35_tsez_grammar_original_chain_gloss_summary_text_txt.json	results/matched_v1/qwen35/tsez/grammar/original/chain_gloss_summary_text_txt.jsonl	metrics/matched_v1/qwen35/tsez/grammar/original/chain_gloss_summary_text_txt.json
qwen35_tsez_grammar_original_modelgloss_summary_text_txt	qwen35	Tsez	grammar	original	modelgloss	summary_text_txt	complete	445	445	445	0	0		configs/matched_v1/qwen35_tsez_grammar_original_modelgloss_summary_text_txt.json	results/matched_v1/qwen35/tsez/grammar/original/modelgloss_summary_text_txt.jsonl	metrics/matched_v1/qwen35/tsez/grammar/original/modelgloss_summary_text_txt.json
qwen35_gitksan_grammar_original_shot_baseline	qwen35	Gitksan	grammar	original	shot	baseline	complete	37	37	37	0	0		configs/matched_v1/qwen35_gitksan_grammar_original_shot_baseline.json	results/matched_v1/qwen35/gitksan/grammar/original/shot_baseline.jsonl	metrics/matched_v1/qwen35/gitksan/grammar/original/shot_baseline.json
qwen35_gitksan_grammar_original_chain_gloss_baseline	qwen35	Gitksan	grammar	original	chain_gloss	baseline	complete	37	37	0	37	0		configs/matched_v1/qwen35_gitksan_grammar_original_chain_gloss_baseline.json	results/matched_v1/qwen35/gitksan/grammar/original/chain_gloss_baseline.jsonl	metrics/matched_v1/qwen35/gitksan/grammar/original/chain_gloss_baseline.json
qwen35_gitksan_grammar_original_modelgloss_baseline	qwen35	Gitksan	grammar	original	modelgloss	baseline	complete	37	37	37	0	0		configs/matched_v1/qwen35_gitksan_grammar_original_modelgloss_baseline.json	results/matched_v1/qwen35/gitksan/grammar/original/modelgloss_baseline.jsonl	metrics/matched_v1/qwen35/gitksan/grammar/original/modelgloss_baseline.json
qwen35_lezgi_grammar_original_shot_baseline	qwen35	Lezgi	grammar	original	shot	baseline	complete	87	87	87	0	0		configs/matched_v1/qwen35_lezgi_grammar_original_shot_baseline.json	results/matched_v1/qwen35/lezgi/grammar/original/shot_baseline.jsonl	metrics/matched_v1/qwen35/lezgi/grammar/original/shot_baseline.json
qwen35_lezgi_grammar_original_chain_gloss_baseline	qwen35	Lezgi	grammar	original	chain_gloss	baseline	complete	87	87	1	86	0		configs/matched_v1/qwen35_lezgi_grammar_original_chain_gloss_baseline.json	results/matched_v1/qwen35/lezgi/grammar/original/chain_gloss_baseline.jsonl	metrics/matched_v1/qwen35/lezgi/grammar/original/chain_gloss_baseline.json
qwen35_lezgi_grammar_original_modelgloss_baseline	qwen35	Lezgi	grammar	original	modelgloss	baseline	complete	87	87	87	0	0		configs/matched_v1/qwen35_lezgi_grammar_original_modelgloss_baseline.json	results/matched_v1/qwen35/lezgi/grammar/original/modelgloss_baseline.jsonl	metrics/matched_v1/qwen35/lezgi/grammar/original/modelgloss_baseline.json
qwen35_natugu_grammar_original_shot_baseline	qwen35	Natugu	grammar	original	shot	baseline	complete	99	99	99	0	0		configs/matched_v1/qwen35_natugu_grammar_original_shot_baseline.json	results/matched_v1/qwen35/natugu/grammar/original/shot_baseline.jsonl	metrics/matched_v1/qwen35/natugu/grammar/original/shot_baseline.json
qwen35_natugu_grammar_original_chain_gloss_baseline	qwen35	Natugu	grammar	original	chain_gloss	baseline	complete	99	99	0	99	0		configs/matched_v1/qwen35_natugu_grammar_original_chain_gloss_baseline.json	results/matched_v1/qwen35/natugu/grammar/original/chain_gloss_baseline.jsonl	metrics/matched_v1/qwen35/natugu/grammar/original/chain_gloss_baseline.json
qwen35_natugu_grammar_original_modelgloss_baseline	qwen35	Natugu	grammar	original	modelgloss	baseline	complete	99	99	99	0	0		configs/matched_v1/qwen35_natugu_grammar_original_modelgloss_baseline.json	results/matched_v1/qwen35/natugu/grammar/original/modelgloss_baseline.jsonl	metrics/matched_v1/qwen35/natugu/grammar/original/modelgloss_baseline.json
qwen35_tsez_grammar_original_shot_baseline	qwen35	Tsez	grammar	original	shot	baseline	complete	445	445	445	0	0		configs/matched_v1/qwen35_tsez_grammar_original_shot_baseline.json	results/matched_v1/qwen35/tsez/grammar/original/shot_baseline.jsonl	metrics/matched_v1/qwen35/tsez/grammar/original/shot_baseline.json
qwen35_tsez_grammar_original_chain_gloss_baseline	qwen35	Tsez	grammar	original	chain_gloss	baseline	complete	445	445	445	0	0		configs/matched_v1/qwen35_tsez_grammar_original_chain_gloss_baseline.json	results/matched_v1/qwen35/tsez/grammar/original/chain_gloss_baseline.jsonl	metrics/matched_v1/qwen35/tsez/grammar/original/chain_gloss_baseline.json
qwen35_tsez_grammar_original_modelgloss_baseline	qwen35	Tsez	grammar	original	modelgloss	baseline	complete	445	445	445	0	0		configs/matched_v1/qwen35_tsez_grammar_original_modelgloss_baseline.json	results/matched_v1/qwen35/tsez/grammar/original/modelgloss_baseline.jsonl	metrics/matched_v1/qwen35/tsez/grammar/original/modelgloss_baseline.json
gemini25flashlite_gitksan_pdf1_brown_original_shot_cheatsheet_jpg	gemini25flashlite	Gitksan	pdf1_brown	original	shot	cheatsheet_jpg	complete	37	37	0	37	0		configs/matched_v1/gemini25flashlite_gitksan_pdf1_brown_original_shot_cheatsheet_jpg.json	results/matched_v1/gemini25flashlite/gitksan/pdf1_brown/original/shot_cheatsheet_jpg.jsonl	metrics/matched_v1/gemini25flashlite/gitksan/pdf1_brown/original/shot_cheatsheet_jpg.json
gemini25flashlite_gitksan_pdf1_brown_original_chain_gloss_cheatsheet_jpg	gemini25flashlite	Gitksan	pdf1_brown	original	chain_gloss	cheatsheet_jpg	complete	37	37	37	0	2		configs/matched_v1/gemini25flashlite_gitksan_pdf1_brown_original_chain_gloss_cheatsheet_jpg.json	results/matched_v1/gemini25flashlite/gitksan/pdf1_brown/original/chain_gloss_cheatsheet_jpg.jsonl	metrics/matched_v1/gemini25flashlite/gitksan/pdf1_brown/original/chain_gloss_cheatsheet_jpg.json
gemini25flashlite_gitksan_pdf1_brown_original_modelgloss_cheatsheet_jpg	gemini25flashlite	Gitksan	pdf1_brown	original	modelgloss	cheatsheet_jpg	complete	37	37	0	37	0		configs/matched_v1/gemini25flashlite_gitksan_pdf1_brown_original_modelgloss_cheatsheet_jpg.json	results/matched_v1/gemini25flashlite/gitksan/pdf1_brown/original/modelgloss_cheatsheet_jpg.jsonl	metrics/matched_v1/gemini25flashlite/gitksan/pdf1_brown/original/modelgloss_cheatsheet_jpg.json
gemini25flashlite_gitksan_pdf1_brown_original_shot_cheatsheet_txt	gemini25flashlite	Gitksan	pdf1_brown	original	shot	cheatsheet_txt	complete	37	37	0	37	0		configs/matched_v1/gemini25flashlite_gitksan_pdf1_brown_original_shot_cheatsheet_txt.json	results/matched_v1/gemini25flashlite/gitksan/pdf1_brown/original/shot_cheatsheet_txt.jsonl	metrics/matched_v1/gemini25flashlite/gitksan/pdf1_brown/original/shot_cheatsheet_txt.json
gemini25flashlite_gitksan_pdf1_brown_original_chain_gloss_cheatsheet_txt	gemini25flashlite	Gitksan	pdf1_brown	original	chain_gloss	cheatsheet_txt	complete	37	37	37	0	9		configs/matched_v1/gemini25flashlite_gitksan_pdf1_brown_original_chain_gloss_cheatsheet_txt.json	results/matched_v1/gemini25flashlite/gitksan/pdf1_brown/original/chain_gloss_cheatsheet_txt.jsonl	metrics/matched_v1/gemini25flashlite/gitksan/pdf1_brown/original/chain_gloss_cheatsheet_txt.json
gemini25flashlite_gitksan_pdf1_brown_original_modelgloss_cheatsheet_txt	gemini25flashlite	Gitksan	pdf1_brown	original	modelgloss	cheatsheet_txt	complete	37	37	0	37	0		configs/matched_v1/gemini25flashlite_gitksan_pdf1_brown_original_modelgloss_cheatsheet_txt.json	results/matched_v1/gemini25flashlite/gitksan/pdf1_brown/original/modelgloss_cheatsheet_txt.jsonl	metrics/matched_v1/gemini25flashlite/gitksan/pdf1_brown/original/modelgloss_cheatsheet_txt.json
gemini25flashlite_gitksan_pdf1_brown_original_shot_pdfpages_impactful_jpg	gemini25flashlite	Gitksan	pdf1_brown	original	shot	pdfpages_impactful_jpg	complete	37	37	0	37	0		configs/matched_v1/gemini25flashlite_gitksan_pdf1_brown_original_shot_pdfpages_impactful_jpg.json	results/matched_v1/gemini25flashlite/gitksan/pdf1_brown/original/shot_pdfpages_impactful_jpg.jsonl	metrics/matched_v1/gemini25flashlite/gitksan/pdf1_brown/original/shot_pdfpages_impactful_jpg.json
gemini25flashlite_gitksan_pdf1_brown_original_chain_gloss_pdfpages_impactful_jpg	gemini25flashlite	Gitksan	pdf1_brown	original	chain_gloss	pdfpages_impactful_jpg	complete	37	37	37	0	2		configs/matched_v1/gemini25flashlite_gitksan_pdf1_brown_original_chain_gloss_pdfpages_impactful_jpg.json	results/matched_v1/gemini25flashlite/gitksan/pdf1_brown/original/chain_gloss_pdfpages_impactful_jpg.jsonl	metrics/matched_v1/gemini25flashlite/gitksan/pdf1_brown/original/chain_gloss_pdfpages_impactful_jpg.json
gemini25flashlite_gitksan_pdf1_brown_original_modelgloss_pdfpages_impactful_jpg	gemini25flashlite	Gitksan	pdf1_brown	original	modelgloss	pdfpages_impactful_jpg	complete	37	37	0	37	0		configs/matched_v1/gemini25flashlite_gitksan_pdf1_brown_original_modelgloss_pdfpages_impactful_jpg.json	results/matched_v1/gemini25flashlite/gitksan/pdf1_brown/original/modelgloss_pdfpages_impactful_jpg.jsonl	metrics/matched_v1/gemini25flashlite/gitksan/pdf1_brown/original/modelgloss_pdfpages_impactful_jpg.json
gemini25flashlite_gitksan_pdf1_brown_original_shot_summary_tables_jpg	gemini25flashlite	Gitksan	pdf1_brown	original	shot	summary_tables_jpg	complete	37	37	0	37	0		configs/matched_v1/gemini25flashlite_gitksan_pdf1_brown_original_shot_summary_tables_jpg.json	results/matched_v1/gemini25flashlite/gitksan/pdf1_brown/original/shot_summary_tables_jpg.jsonl	metrics/matched_v1/gemini25flashlite/gitksan/pdf1_brown/original/shot_summary_tables_jpg.json
gemini25flashlite_gitksan_pdf1_brown_original_chain_gloss_summary_tables_jpg	gemini25flashlite	Gitksan	pdf1_brown	original	chain_gloss	summary_tables_jpg	complete	37	37	37	0	6		configs/matched_v1/gemini25flashlite_gitksan_pdf1_brown_original_chain_gloss_summary_tables_jpg.json	results/matched_v1/gemini25flashlite/gitksan/pdf1_brown/original/chain_gloss_summary_tables_jpg.jsonl	metrics/matched_v1/gemini25flashlite/gitksan/pdf1_brown/original/chain_gloss_summary_tables_jpg.json
gemini25flashlite_gitksan_pdf1_brown_original_modelgloss_summary_tables_jpg	gemini25flashlite	Gitksan	pdf1_brown	original	modelgloss	summary_tables_jpg	complete	37	37	0	37	0		configs/matched_v1/gemini25flashlite_gitksan_pdf1_brown_original_modelgloss_summary_tables_jpg.json	results/matched_v1/gemini25flashlite/gitksan/pdf1_brown/original/modelgloss_summary_tables_jpg.jsonl	metrics/matched_v1/gemini25flashlite/gitksan/pdf1_brown/original/modelgloss_summary_tables_jpg.json
gemini25flashlite_gitksan_pdf1_brown_original_shot_summary_tables_txt	gemini25flashlite	Gitksan	pdf1_brown	original	shot	summary_tables_txt	complete	37	37	0	37	0		configs/matched_v1/gemini25flashlite_gitksan_pdf1_brown_original_shot_summary_tables_txt.json	results/matched_v1/gemini25flashlite/gitksan/pdf1_brown/original/shot_summary_tables_txt.jsonl	metrics/matched_v1/gemini25flashlite/gitksan/pdf1_brown/original/shot_summary_tables_txt.json
gemini25flashlite_gitksan_pdf1_brown_original_chain_gloss_summary_tables_txt	gemini25flashlite	Gitksan	pdf1_brown	original	chain_gloss	summary_tables_txt	complete	37	37	37	0	6		configs/matched_v1/gemini25flashlite_gitksan_pdf1_brown_original_chain_gloss_summary_tables_txt.json	results/matched_v1/gemini25flashlite/gitksan/pdf1_brown/original/chain_gloss_summary_tables_txt.jsonl	metrics/matched_v1/gemini25flashlite/gitksan/pdf1_brown/original/chain_gloss_summary_tables_txt.json
gemini25flashlite_gitksan_pdf1_brown_original_modelgloss_summary_tables_txt	gemini25flashlite	Gitksan	pdf1_brown	original	modelgloss	summary_tables_txt	complete	37	37	0	37	0		configs/matched_v1/gemini25flashlite_gitksan_pdf1_brown_original_modelgloss_summary_tables_txt.json	results/matched_v1/gemini25flashlite/gitksan/pdf1_brown/original/modelgloss_summary_tables_txt.jsonl	metrics/matched_v1/gemini25flashlite/gitksan/pdf1_brown/original/modelgloss_summary_tables_txt.json
gemini25flashlite_gitksan_pdf1_brown_original_shot_summary_text_txt	gemini25flashlite	Gitksan	pdf1_brown	original	shot	summary_text_txt	complete	37	37	0	37	0		configs/matched_v1/gemini25flashlite_gitksan_pdf1_brown_original_shot_summary_text_txt.json	results/matched_v1/gemini25flashlite/gitksan/pdf1_brown/original/shot_summary_text_txt.jsonl	metrics/matched_v1/gemini25flashlite/gitksan/pdf1_brown/original/shot_summary_text_txt.json
gemini25flashlite_gitksan_pdf1_brown_original_chain_gloss_summary_text_txt	gemini25flashlite	Gitksan	pdf1_brown	original	chain_gloss	summary_text_txt	complete	37	37	37	0	3		configs/matched_v1/gemini25flashlite_gitksan_pdf1_brown_original_chain_gloss_summary_text_txt.json	results/matched_v1/gemini25flashlite/gitksan/pdf1_brown/original/chain_gloss_summary_text_txt.jsonl	metrics/matched_v1/gemini25flashlite/gitksan/pdf1_brown/original/chain_gloss_summary_text_txt.json
gemini25flashlite_gitksan_pdf1_brown_original_modelgloss_summary_text_txt	gemini25flashlite	Gitksan	pdf1_brown	original	modelgloss	summary_text_txt	complete	37	37	0	37	0		configs/matched_v1/gemini25flashlite_gitksan_pdf1_brown_original_modelgloss_summary_text_txt.json	results/matched_v1/gemini25flashlite/gitksan/pdf1_brown/original/modelgloss_summary_text_txt.jsonl	metrics/matched_v1/gemini25flashlite/gitksan/pdf1_brown/original/modelgloss_summary_text_txt.json
gemini25flashlite_gitksan_pdf2_rigsby_original_shot_cheatsheet_jpg	gemini25flashlite	Gitksan	pdf2_rigsby	original	shot	cheatsheet_jpg	complete	37	37	0	37	0		configs/matched_v1/gemini25flashlite_gitksan_pdf2_rigsby_original_shot_cheatsheet_jpg.json	results/matched_v1/gemini25flashlite/gitksan/pdf2_rigsby/original/shot_cheatsheet_jpg.jsonl	metrics/matched_v1/gemini25flashlite/gitksan/pdf2_rigsby/original/shot_cheatsheet_jpg.json
gemini25flashlite_gitksan_pdf2_rigsby_original_chain_gloss_cheatsheet_jpg	gemini25flashlite	Gitksan	pdf2_rigsby	original	chain_gloss	cheatsheet_jpg	complete	37	37	37	0	5		configs/matched_v1/gemini25flashlite_gitksan_pdf2_rigsby_original_chain_gloss_cheatsheet_jpg.json	results/matched_v1/gemini25flashlite/gitksan/pdf2_rigsby/original/chain_gloss_cheatsheet_jpg.jsonl	metrics/matched_v1/gemini25flashlite/gitksan/pdf2_rigsby/original/chain_gloss_cheatsheet_jpg.json
gemini25flashlite_gitksan_pdf2_rigsby_original_modelgloss_cheatsheet_jpg	gemini25flashlite	Gitksan	pdf2_rigsby	original	modelgloss	cheatsheet_jpg	complete	37	37	0	37	0		configs/matched_v1/gemini25flashlite_gitksan_pdf2_rigsby_original_modelgloss_cheatsheet_jpg.json	results/matched_v1/gemini25flashlite/gitksan/pdf2_rigsby/original/modelgloss_cheatsheet_jpg.jsonl	metrics/matched_v1/gemini25flashlite/gitksan/pdf2_rigsby/original/modelgloss_cheatsheet_jpg.json
gemini25flashlite_gitksan_pdf2_rigsby_original_shot_cheatsheet_txt	gemini25flashlite	Gitksan	pdf2_rigsby	original	shot	cheatsheet_txt	complete	37	37	0	37	0		configs/matched_v1/gemini25flashlite_gitksan_pdf2_rigsby_original_shot_cheatsheet_txt.json	results/matched_v1/gemini25flashlite/gitksan/pdf2_rigsby/original/shot_cheatsheet_txt.jsonl	metrics/matched_v1/gemini25flashlite/gitksan/pdf2_rigsby/original/shot_cheatsheet_txt.json
gemini25flashlite_gitksan_pdf2_rigsby_original_chain_gloss_cheatsheet_txt	gemini25flashlite	Gitksan	pdf2_rigsby	original	chain_gloss	cheatsheet_txt	complete	37	37	37	0	6		configs/matched_v1/gemini25flashlite_gitksan_pdf2_rigsby_original_chain_gloss_cheatsheet_txt.json	results/matched_v1/gemini25flashlite/gitksan/pdf2_rigsby/original/chain_gloss_cheatsheet_txt.jsonl	metrics/matched_v1/gemini25flashlite/gitksan/pdf2_rigsby/original/chain_gloss_cheatsheet_txt.json
gemini25flashlite_gitksan_pdf2_rigsby_original_modelgloss_cheatsheet_txt	gemini25flashlite	Gitksan	pdf2_rigsby	original	modelgloss	cheatsheet_txt	complete	37	37	0	37	0		configs/matched_v1/gemini25flashlite_gitksan_pdf2_rigsby_original_modelgloss_cheatsheet_txt.json	results/matched_v1/gemini25flashlite/gitksan/pdf2_rigsby/original/modelgloss_cheatsheet_txt.jsonl	metrics/matched_v1/gemini25flashlite/gitksan/pdf2_rigsby/original/modelgloss_cheatsheet_txt.json
gemini25flashlite_gitksan_pdf2_rigsby_original_shot_pdfpages_impactful_jpg	gemini25flashlite	Gitksan	pdf2_rigsby	original	shot	pdfpages_impactful_jpg	complete	37	37	0	37	0		configs/matched_v1/gemini25flashlite_gitksan_pdf2_rigsby_original_shot_pdfpages_impactful_jpg.json	results/matched_v1/gemini25flashlite/gitksan/pdf2_rigsby/original/shot_pdfpages_impactful_jpg.jsonl	metrics/matched_v1/gemini25flashlite/gitksan/pdf2_rigsby/original/shot_pdfpages_impactful_jpg.json
gemini25flashlite_gitksan_pdf2_rigsby_original_chain_gloss_pdfpages_impactful_jpg	gemini25flashlite	Gitksan	pdf2_rigsby	original	chain_gloss	pdfpages_impactful_jpg	complete	37	37	37	0	7		configs/matched_v1/gemini25flashlite_gitksan_pdf2_rigsby_original_chain_gloss_pdfpages_impactful_jpg.json	results/matched_v1/gemini25flashlite/gitksan/pdf2_rigsby/original/chain_gloss_pdfpages_impactful_jpg.jsonl	metrics/matched_v1/gemini25flashlite/gitksan/pdf2_rigsby/original/chain_gloss_pdfpages_impactful_jpg.json
gemini25flashlite_gitksan_pdf2_rigsby_original_modelgloss_pdfpages_impactful_jpg	gemini25flashlite	Gitksan	pdf2_rigsby	original	modelgloss	pdfpages_impactful_jpg	complete	37	37	0	37	0		configs/matched_v1/gemini25flashlite_gitksan_pdf2_rigsby_original_modelgloss_pdfpages_impactful_jpg.json	results/matched_v1/gemini25flashlite/gitksan/pdf2_rigsby/original/modelgloss_pdfpages_impactful_jpg.jsonl	metrics/matched_v1/gemini25flashlite/gitksan/pdf2_rigsby/original/modelgloss_pdfpages_impactful_jpg.json
gemini25flashlite_gitksan_pdf2_rigsby_original_shot_summary_tables_jpg	gemini25flashlite	Gitksan	pdf2_rigsby	original	shot	summary_tables_jpg	complete	37	37	0	37	0		configs/matched_v1/gemini25flashlite_gitksan_pdf2_rigsby_original_shot_summary_tables_jpg.json	results/matched_v1/gemini25flashlite/gitksan/pdf2_rigsby/original/shot_summary_tables_jpg.jsonl	metrics/matched_v1/gemini25flashlite/gitksan/pdf2_rigsby/original/shot_summary_tables_jpg.json
gemini25flashlite_gitksan_pdf2_rigsby_original_chain_gloss_summary_tables_jpg	gemini25flashlite	Gitksan	pdf2_rigsby	original	chain_gloss	summary_tables_jpg	complete	37	37	37	0	4		configs/matched_v1/gemini25flashlite_gitksan_pdf2_rigsby_original_chain_gloss_summary_tables_jpg.json	results/matched_v1/gemini25flashlite/gitksan/pdf2_rigsby/original/chain_gloss_summary_tables_jpg.jsonl	metrics/matched_v1/gemini25flashlite/gitksan/pdf2_rigsby/original/chain_gloss_summary_tables_jpg.json
gemini25flashlite_gitksan_pdf2_rigsby_original_modelgloss_summary_tables_jpg	gemini25flashlite	Gitksan	pdf2_rigsby	original	modelgloss	summary_tables_jpg	complete	37	37	0	37	0		configs/matched_v1/gemini25flashlite_gitksan_pdf2_rigsby_original_modelgloss_summary_tables_jpg.json	results/matched_v1/gemini25flashlite/gitksan/pdf2_rigsby/original/modelgloss_summary_tables_jpg.jsonl	metrics/matched_v1/gemini25flashlite/gitksan/pdf2_rigsby/original/modelgloss_summary_tables_jpg.json
gemini25flashlite_gitksan_pdf2_rigsby_original_shot_summary_tables_txt	gemini25flashlite	Gitksan	pdf2_rigsby	original	shot	summary_tables_txt	complete	37	37	0	37	0		configs/matched_v1/gemini25flashlite_gitksan_pdf2_rigsby_original_shot_summary_tables_txt.json	results/matched_v1/gemini25flashlite/gitksan/pdf2_rigsby/original/shot_summary_tables_txt.jsonl	metrics/matched_v1/gemini25flashlite/gitksan/pdf2_rigsby/original/shot_summary_tables_txt.json
gemini25flashlite_gitksan_pdf2_rigsby_original_chain_gloss_summary_tables_txt	gemini25flashlite	Gitksan	pdf2_rigsby	original	chain_gloss	summary_tables_txt	complete	37	37	37	0	4		configs/matched_v1/gemini25flashlite_gitksan_pdf2_rigsby_original_chain_gloss_summary_tables_txt.json	results/matched_v1/gemini25flashlite/gitksan/pdf2_rigsby/original/chain_gloss_summary_tables_txt.jsonl	metrics/matched_v1/gemini25flashlite/gitksan/pdf2_rigsby/original/chain_gloss_summary_tables_txt.json
gemini25flashlite_gitksan_pdf2_rigsby_original_modelgloss_summary_tables_txt	gemini25flashlite	Gitksan	pdf2_rigsby	original	modelgloss	summary_tables_txt	complete	37	37	0	37	0		configs/matched_v1/gemini25flashlite_gitksan_pdf2_rigsby_original_modelgloss_summary_tables_txt.json	results/matched_v1/gemini25flashlite/gitksan/pdf2_rigsby/original/modelgloss_summary_tables_txt.jsonl	metrics/matched_v1/gemini25flashlite/gitksan/pdf2_rigsby/original/modelgloss_summary_tables_txt.json
gemini25flashlite_gitksan_pdf2_rigsby_original_shot_summary_text_txt	gemini25flashlite	Gitksan	pdf2_rigsby	original	shot	summary_text_txt	complete	37	37	0	37	0		configs/matched_v1/gemini25flashlite_gitksan_pdf2_rigsby_original_shot_summary_text_txt.json	results/matched_v1/gemini25flashlite/gitksan/pdf2_rigsby/original/shot_summary_text_txt.jsonl	metrics/matched_v1/gemini25flashlite/gitksan/pdf2_rigsby/original/shot_summary_text_txt.json
gemini25flashlite_gitksan_pdf2_rigsby_original_chain_gloss_summary_text_txt	gemini25flashlite	Gitksan	pdf2_rigsby	original	chain_gloss	summary_text_txt	complete	37	37	37	0	3		configs/matched_v1/gemini25flashlite_gitksan_pdf2_rigsby_original_chain_gloss_summary_text_txt.json	results/matched_v1/gemini25flashlite/gitksan/pdf2_rigsby/original/chain_gloss_summary_text_txt.jsonl	metrics/matched_v1/gemini25flashlite/gitksan/pdf2_rigsby/original/chain_gloss_summary_text_txt.json
gemini25flashlite_gitksan_pdf2_rigsby_original_modelgloss_summary_text_txt	gemini25flashlite	Gitksan	pdf2_rigsby	original	modelgloss	summary_text_txt	complete	37	37	0	37	0		configs/matched_v1/gemini25flashlite_gitksan_pdf2_rigsby_original_modelgloss_summary_text_txt.json	results/matched_v1/gemini25flashlite/gitksan/pdf2_rigsby/original/modelgloss_summary_text_txt.jsonl	metrics/matched_v1/gemini25flashlite/gitksan/pdf2_rigsby/original/modelgloss_summary_text_txt.json
gemini25flashlite_lezgi_grammar_cyrillic_shot_cheatsheet_jpg	gemini25flashlite	Lezgi	grammar	cyrillic	shot	cheatsheet_jpg	complete	87	87	87	0	0		configs/matched_v1/gemini25flashlite_lezgi_grammar_cyrillic_shot_cheatsheet_jpg.json	results/matched_v1/gemini25flashlite/lezgi/grammar/cyrillic/shot_cheatsheet_jpg.jsonl	metrics/matched_v1/gemini25flashlite/lezgi/grammar/cyrillic/shot_cheatsheet_jpg.json
gemini25flashlite_lezgi_grammar_cyrillic_chain_gloss_cheatsheet_jpg	gemini25flashlite	Lezgi	grammar	cyrillic	chain_gloss	cheatsheet_jpg	complete	87	87	87	0	3		configs/matched_v1/gemini25flashlite_lezgi_grammar_cyrillic_chain_gloss_cheatsheet_jpg.json	results/matched_v1/gemini25flashlite/lezgi/grammar/cyrillic/chain_gloss_cheatsheet_jpg.jsonl	metrics/matched_v1/gemini25flashlite/lezgi/grammar/cyrillic/chain_gloss_cheatsheet_jpg.json
gemini25flashlite_lezgi_grammar_cyrillic_modelgloss_cheatsheet_jpg	gemini25flashlite	Lezgi	grammar	cyrillic	modelgloss	cheatsheet_jpg	complete	87	87	87	0	0		configs/matched_v1/gemini25flashlite_lezgi_grammar_cyrillic_modelgloss_cheatsheet_jpg.json	results/matched_v1/gemini25flashlite/lezgi/grammar/cyrillic/modelgloss_cheatsheet_jpg.jsonl	metrics/matched_v1/gemini25flashlite/lezgi/grammar/cyrillic/modelgloss_cheatsheet_jpg.json
gemini25flashlite_lezgi_grammar_cyrillic_shot_cheatsheet_txt	gemini25flashlite	Lezgi	grammar	cyrillic	shot	cheatsheet_txt	complete	87	87	87	0	1		configs/matched_v1/gemini25flashlite_lezgi_grammar_cyrillic_shot_cheatsheet_txt.json	results/matched_v1/gemini25flashlite/lezgi/grammar/cyrillic/shot_cheatsheet_txt.jsonl	metrics/matched_v1/gemini25flashlite/lezgi/grammar/cyrillic/shot_cheatsheet_txt.json
gemini25flashlite_lezgi_grammar_cyrillic_chain_gloss_cheatsheet_txt	gemini25flashlite	Lezgi	grammar	cyrillic	chain_gloss	cheatsheet_txt	complete	87	87	87	0	2		configs/matched_v1/gemini25flashlite_lezgi_grammar_cyrillic_chain_gloss_cheatsheet_txt.json	results/matched_v1/gemini25flashlite/lezgi/grammar/cyrillic/chain_gloss_cheatsheet_txt.jsonl	metrics/matched_v1/gemini25flashlite/lezgi/grammar/cyrillic/chain_gloss_cheatsheet_txt.json
gemini25flashlite_lezgi_grammar_cyrillic_modelgloss_cheatsheet_txt	gemini25flashlite	Lezgi	grammar	cyrillic	modelgloss	cheatsheet_txt	complete	87	87	87	0	1		configs/matched_v1/gemini25flashlite_lezgi_grammar_cyrillic_modelgloss_cheatsheet_txt.json	results/matched_v1/gemini25flashlite/lezgi/grammar/cyrillic/modelgloss_cheatsheet_txt.jsonl	metrics/matched_v1/gemini25flashlite/lezgi/grammar/cyrillic/modelgloss_cheatsheet_txt.json
gemini25flashlite_lezgi_grammar_cyrillic_shot_summary_tables_jpg	gemini25flashlite	Lezgi	grammar	cyrillic	shot	summary_tables_jpg	complete	87	87	87	0	1		configs/matched_v1/gemini25flashlite_lezgi_grammar_cyrillic_shot_summary_tables_jpg.json	results/matched_v1/gemini25flashlite/lezgi/grammar/cyrillic/shot_summary_tables_jpg.jsonl	metrics/matched_v1/gemini25flashlite/lezgi/grammar/cyrillic/shot_summary_tables_jpg.json
gemini25flashlite_lezgi_grammar_cyrillic_chain_gloss_summary_tables_jpg	gemini25flashlite	Lezgi	grammar	cyrillic	chain_gloss	summary_tables_jpg	complete	87	87	87	0	6		configs/matched_v1/gemini25flashlite_lezgi_grammar_cyrillic_chain_gloss_summary_tables_jpg.json	results/matched_v1/gemini25flashlite/lezgi/grammar/cyrillic/chain_gloss_summary_tables_jpg.jsonl	metrics/matched_v1/gemini25flashlite/lezgi/grammar/cyrillic/chain_gloss_summary_tables_jpg.json
gemini25flashlite_lezgi_grammar_cyrillic_modelgloss_summary_tables_jpg	gemini25flashlite	Lezgi	grammar	cyrillic	modelgloss	summary_tables_jpg	complete	87	87	87	0	0		configs/matched_v1/gemini25flashlite_lezgi_grammar_cyrillic_modelgloss_summary_tables_jpg.json	results/matched_v1/gemini25flashlite/lezgi/grammar/cyrillic/modelgloss_summary_tables_jpg.jsonl	metrics/matched_v1/gemini25flashlite/lezgi/grammar/cyrillic/modelgloss_summary_tables_jpg.json
gemini25flashlite_lezgi_grammar_cyrillic_shot_summary_tables_txt	gemini25flashlite	Lezgi	grammar	cyrillic	shot	summary_tables_txt	complete	87	87	87	0	1		configs/matched_v1/gemini25flashlite_lezgi_grammar_cyrillic_shot_summary_tables_txt.json	results/matched_v1/gemini25flashlite/lezgi/grammar/cyrillic/shot_summary_tables_txt.jsonl	metrics/matched_v1/gemini25flashlite/lezgi/grammar/cyrillic/shot_summary_tables_txt.json
gemini25flashlite_lezgi_grammar_cyrillic_chain_gloss_summary_tables_txt	gemini25flashlite	Lezgi	grammar	cyrillic	chain_gloss	summary_tables_txt	complete	87	87	87	0	2		configs/matched_v1/gemini25flashlite_lezgi_grammar_cyrillic_chain_gloss_summary_tables_txt.json	results/matched_v1/gemini25flashlite/lezgi/grammar/cyrillic/chain_gloss_summary_tables_txt.jsonl	metrics/matched_v1/gemini25flashlite/lezgi/grammar/cyrillic/chain_gloss_summary_tables_txt.json
gemini25flashlite_lezgi_grammar_cyrillic_modelgloss_summary_tables_txt	gemini25flashlite	Lezgi	grammar	cyrillic	modelgloss	summary_tables_txt	complete	87	87	87	0	1		configs/matched_v1/gemini25flashlite_lezgi_grammar_cyrillic_modelgloss_summary_tables_txt.json	results/matched_v1/gemini25flashlite/lezgi/grammar/cyrillic/modelgloss_summary_tables_txt.jsonl	metrics/matched_v1/gemini25flashlite/lezgi/grammar/cyrillic/modelgloss_summary_tables_txt.json
gemini25flashlite_lezgi_grammar_cyrillic_shot_summary_text_txt	gemini25flashlite	Lezgi	grammar	cyrillic	shot	summary_text_txt	complete	87	87	87	0	1		configs/matched_v1/gemini25flashlite_lezgi_grammar_cyrillic_shot_summary_text_txt.json	results/matched_v1/gemini25flashlite/lezgi/grammar/cyrillic/shot_summary_text_txt.jsonl	metrics/matched_v1/gemini25flashlite/lezgi/grammar/cyrillic/shot_summary_text_txt.json
gemini25flashlite_lezgi_grammar_cyrillic_chain_gloss_summary_text_txt	gemini25flashlite	Lezgi	grammar	cyrillic	chain_gloss	summary_text_txt	complete	87	87	87	0	2		configs/matched_v1/gemini25flashlite_lezgi_grammar_cyrillic_chain_gloss_summary_text_txt.json	results/matched_v1/gemini25flashlite/lezgi/grammar/cyrillic/chain_gloss_summary_text_txt.jsonl	metrics/matched_v1/gemini25flashlite/lezgi/grammar/cyrillic/chain_gloss_summary_text_txt.json
gemini25flashlite_lezgi_grammar_cyrillic_modelgloss_summary_text_txt	gemini25flashlite	Lezgi	grammar	cyrillic	modelgloss	summary_text_txt	complete	87	87	87	0	0		configs/matched_v1/gemini25flashlite_lezgi_grammar_cyrillic_modelgloss_summary_text_txt.json	results/matched_v1/gemini25flashlite/lezgi/grammar/cyrillic/modelgloss_summary_text_txt.jsonl	metrics/matched_v1/gemini25flashlite/lezgi/grammar/cyrillic/modelgloss_summary_text_txt.json
gemini25flashlite_lezgi_grammar_original_shot_cheatsheet_jpg	gemini25flashlite	Lezgi	grammar	original	shot	cheatsheet_jpg	complete	87	87	0	87	0		configs/matched_v1/gemini25flashlite_lezgi_grammar_original_shot_cheatsheet_jpg.json	results/matched_v1/gemini25flashlite/lezgi/grammar/original/shot_cheatsheet_jpg.jsonl	metrics/matched_v1/gemini25flashlite/lezgi/grammar/original/shot_cheatsheet_jpg.json
gemini25flashlite_lezgi_grammar_original_chain_gloss_cheatsheet_jpg	gemini25flashlite	Lezgi	grammar	original	chain_gloss	cheatsheet_jpg	complete	87	87	87	0	7		configs/matched_v1/gemini25flashlite_lezgi_grammar_original_chain_gloss_cheatsheet_jpg.json	results/matched_v1/gemini25flashlite/lezgi/grammar/original/chain_gloss_cheatsheet_jpg.jsonl	metrics/matched_v1/gemini25flashlite/lezgi/grammar/original/chain_gloss_cheatsheet_jpg.json
gemini25flashlite_lezgi_grammar_original_modelgloss_cheatsheet_jpg	gemini25flashlite	Lezgi	grammar	original	modelgloss	cheatsheet_jpg	complete	87	87	0	87	0		configs/matched_v1/gemini25flashlite_lezgi_grammar_original_modelgloss_cheatsheet_jpg.json	results/matched_v1/gemini25flashlite/lezgi/grammar/original/modelgloss_cheatsheet_jpg.jsonl	metrics/matched_v1/gemini25flashlite/lezgi/grammar/original/modelgloss_cheatsheet_jpg.json
gemini25flashlite_lezgi_grammar_original_shot_cheatsheet_txt	gemini25flashlite	Lezgi	grammar	original	shot	cheatsheet_txt	complete	87	87	0	87	1		configs/matched_v1/gemini25flashlite_lezgi_grammar_original_shot_cheatsheet_txt.json	results/matched_v1/gemini25flashlite/lezgi/grammar/original/shot_cheatsheet_txt.jsonl	metrics/matched_v1/gemini25flashlite/lezgi/grammar/original/shot_cheatsheet_txt.json
gemini25flashlite_lezgi_grammar_original_chain_gloss_cheatsheet_txt	gemini25flashlite	Lezgi	grammar	original	chain_gloss	cheatsheet_txt	complete	87	87	87	0	0		configs/matched_v1/gemini25flashlite_lezgi_grammar_original_chain_gloss_cheatsheet_txt.json	results/matched_v1/gemini25flashlite/lezgi/grammar/original/chain_gloss_cheatsheet_txt.jsonl	metrics/matched_v1/gemini25flashlite/lezgi/grammar/original/chain_gloss_cheatsheet_txt.json
gemini25flashlite_lezgi_grammar_original_modelgloss_cheatsheet_txt	gemini25flashlite	Lezgi	grammar	original	modelgloss	cheatsheet_txt	complete	87	87	0	87	0		configs/matched_v1/gemini25flashlite_lezgi_grammar_original_modelgloss_cheatsheet_txt.json	results/matched_v1/gemini25flashlite/lezgi/grammar/original/modelgloss_cheatsheet_txt.jsonl	metrics/matched_v1/gemini25flashlite/lezgi/grammar/original/modelgloss_cheatsheet_txt.json
gemini25flashlite_lezgi_grammar_original_shot_pdfpages_impactful_jpg	gemini25flashlite	Lezgi	grammar	original	shot	pdfpages_impactful_jpg	complete	87	87	0	87	0		configs/matched_v1/gemini25flashlite_lezgi_grammar_original_shot_pdfpages_impactful_jpg.json	results/matched_v1/gemini25flashlite/lezgi/grammar/original/shot_pdfpages_impactful_jpg.jsonl	metrics/matched_v1/gemini25flashlite/lezgi/grammar/original/shot_pdfpages_impactful_jpg.json
gemini25flashlite_lezgi_grammar_original_chain_gloss_pdfpages_impactful_jpg	gemini25flashlite	Lezgi	grammar	original	chain_gloss	pdfpages_impactful_jpg	complete	87	87	87	0	3		configs/matched_v1/gemini25flashlite_lezgi_grammar_original_chain_gloss_pdfpages_impactful_jpg.json	results/matched_v1/gemini25flashlite/lezgi/grammar/original/chain_gloss_pdfpages_impactful_jpg.jsonl	metrics/matched_v1/gemini25flashlite/lezgi/grammar/original/chain_gloss_pdfpages_impactful_jpg.json
gemini25flashlite_lezgi_grammar_original_modelgloss_pdfpages_impactful_jpg	gemini25flashlite	Lezgi	grammar	original	modelgloss	pdfpages_impactful_jpg	complete	87	87	0	87	0		configs/matched_v1/gemini25flashlite_lezgi_grammar_original_modelgloss_pdfpages_impactful_jpg.json	results/matched_v1/gemini25flashlite/lezgi/grammar/original/modelgloss_pdfpages_impactful_jpg.jsonl	metrics/matched_v1/gemini25flashlite/lezgi/grammar/original/modelgloss_pdfpages_impactful_jpg.json
gemini25flashlite_lezgi_grammar_original_shot_summary_tables_jpg	gemini25flashlite	Lezgi	grammar	original	shot	summary_tables_jpg	complete	87	87	0	87	0		configs/matched_v1/gemini25flashlite_lezgi_grammar_original_shot_summary_tables_jpg.json	results/matched_v1/gemini25flashlite/lezgi/grammar/original/shot_summary_tables_jpg.jsonl	metrics/matched_v1/gemini25flashlite/lezgi/grammar/original/shot_summary_tables_jpg.json
gemini25flashlite_lezgi_grammar_original_chain_gloss_summary_tables_jpg	gemini25flashlite	Lezgi	grammar	original	chain_gloss	summary_tables_jpg	complete	87	87	87	0	5		configs/matched_v1/gemini25flashlite_lezgi_grammar_original_chain_gloss_summary_tables_jpg.json	results/matched_v1/gemini25flashlite/lezgi/grammar/original/chain_gloss_summary_tables_jpg.jsonl	metrics/matched_v1/gemini25flashlite/lezgi/grammar/original/chain_gloss_summary_tables_jpg.json
gemini25flashlite_lezgi_grammar_original_modelgloss_summary_tables_jpg	gemini25flashlite	Lezgi	grammar	original	modelgloss	summary_tables_jpg	complete	87	87	0	87	0		configs/matched_v1/gemini25flashlite_lezgi_grammar_original_modelgloss_summary_tables_jpg.json	results/matched_v1/gemini25flashlite/lezgi/grammar/original/modelgloss_summary_tables_jpg.jsonl	metrics/matched_v1/gemini25flashlite/lezgi/grammar/original/modelgloss_summary_tables_jpg.json
gemini25flashlite_lezgi_grammar_original_shot_summary_tables_txt	gemini25flashlite	Lezgi	grammar	original	shot	summary_tables_txt	complete	87	87	0	87	1		configs/matched_v1/gemini25flashlite_lezgi_grammar_original_shot_summary_tables_txt.json	results/matched_v1/gemini25flashlite/lezgi/grammar/original/shot_summary_tables_txt.jsonl	metrics/matched_v1/gemini25flashlite/lezgi/grammar/original/shot_summary_tables_txt.json
gemini25flashlite_lezgi_grammar_original_chain_gloss_summary_tables_txt	gemini25flashlite	Lezgi	grammar	original	chain_gloss	summary_tables_txt	complete	87	87	87	0	1		configs/matched_v1/gemini25flashlite_lezgi_grammar_original_chain_gloss_summary_tables_txt.json	results/matched_v1/gemini25flashlite/lezgi/grammar/original/chain_gloss_summary_tables_txt.jsonl	metrics/matched_v1/gemini25flashlite/lezgi/grammar/original/chain_gloss_summary_tables_txt.json
gemini25flashlite_lezgi_grammar_original_modelgloss_summary_tables_txt	gemini25flashlite	Lezgi	grammar	original	modelgloss	summary_tables_txt	complete	87	87	0	87	1		configs/matched_v1/gemini25flashlite_lezgi_grammar_original_modelgloss_summary_tables_txt.json	results/matched_v1/gemini25flashlite/lezgi/grammar/original/modelgloss_summary_tables_txt.jsonl	metrics/matched_v1/gemini25flashlite/lezgi/grammar/original/modelgloss_summary_tables_txt.json
gemini25flashlite_lezgi_grammar_original_shot_summary_text_txt	gemini25flashlite	Lezgi	grammar	original	shot	summary_text_txt	complete	87	87	0	87	0		configs/matched_v1/gemini25flashlite_lezgi_grammar_original_shot_summary_text_txt.json	results/matched_v1/gemini25flashlite/lezgi/grammar/original/shot_summary_text_txt.jsonl	metrics/matched_v1/gemini25flashlite/lezgi/grammar/original/shot_summary_text_txt.json
gemini25flashlite_lezgi_grammar_original_chain_gloss_summary_text_txt	gemini25flashlite	Lezgi	grammar	original	chain_gloss	summary_text_txt	complete	87	87	87	0	4		configs/matched_v1/gemini25flashlite_lezgi_grammar_original_chain_gloss_summary_text_txt.json	results/matched_v1/gemini25flashlite/lezgi/grammar/original/chain_gloss_summary_text_txt.jsonl	metrics/matched_v1/gemini25flashlite/lezgi/grammar/original/chain_gloss_summary_text_txt.json
gemini25flashlite_lezgi_grammar_original_modelgloss_summary_text_txt	gemini25flashlite	Lezgi	grammar	original	modelgloss	summary_text_txt	complete	87	87	0	87	0		configs/matched_v1/gemini25flashlite_lezgi_grammar_original_modelgloss_summary_text_txt.json	results/matched_v1/gemini25flashlite/lezgi/grammar/original/modelgloss_summary_text_txt.jsonl	metrics/matched_v1/gemini25flashlite/lezgi/grammar/original/modelgloss_summary_text_txt.json
gemini25flashlite_natugu_grammar_original_shot_cheatsheet_jpg	gemini25flashlite	Natugu	grammar	original	shot	cheatsheet_jpg	complete	99	99	0	99	0		configs/matched_v1/gemini25flashlite_natugu_grammar_original_shot_cheatsheet_jpg.json	results/matched_v1/gemini25flashlite/natugu/grammar/original/shot_cheatsheet_jpg.jsonl	metrics/matched_v1/gemini25flashlite/natugu/grammar/original/shot_cheatsheet_jpg.json
gemini25flashlite_natugu_grammar_original_chain_gloss_cheatsheet_jpg	gemini25flashlite	Natugu	grammar	original	chain_gloss	cheatsheet_jpg	complete	99	99	99	0	9		configs/matched_v1/gemini25flashlite_natugu_grammar_original_chain_gloss_cheatsheet_jpg.json	results/matched_v1/gemini25flashlite/natugu/grammar/original/chain_gloss_cheatsheet_jpg.jsonl	metrics/matched_v1/gemini25flashlite/natugu/grammar/original/chain_gloss_cheatsheet_jpg.json
gemini25flashlite_natugu_grammar_original_modelgloss_cheatsheet_jpg	gemini25flashlite	Natugu	grammar	original	modelgloss	cheatsheet_jpg	complete	99	99	0	99	0		configs/matched_v1/gemini25flashlite_natugu_grammar_original_modelgloss_cheatsheet_jpg.json	results/matched_v1/gemini25flashlite/natugu/grammar/original/modelgloss_cheatsheet_jpg.jsonl	metrics/matched_v1/gemini25flashlite/natugu/grammar/original/modelgloss_cheatsheet_jpg.json
gemini25flashlite_natugu_grammar_original_shot_cheatsheet_txt	gemini25flashlite	Natugu	grammar	original	shot	cheatsheet_txt	complete	99	99	0	99	0		configs/matched_v1/gemini25flashlite_natugu_grammar_original_shot_cheatsheet_txt.json	results/matched_v1/gemini25flashlite/natugu/grammar/original/shot_cheatsheet_txt.jsonl	metrics/matched_v1/gemini25flashlite/natugu/grammar/original/shot_cheatsheet_txt.json
gemini25flashlite_natugu_grammar_original_chain_gloss_cheatsheet_txt	gemini25flashlite	Natugu	grammar	original	chain_gloss	cheatsheet_txt	complete	99	99	99	0	11		configs/matched_v1/gemini25flashlite_natugu_grammar_original_chain_gloss_cheatsheet_txt.json	results/matched_v1/gemini25flashlite/natugu/grammar/original/chain_gloss_cheatsheet_txt.jsonl	metrics/matched_v1/gemini25flashlite/natugu/grammar/original/chain_gloss_cheatsheet_txt.json
gemini25flashlite_natugu_grammar_original_modelgloss_cheatsheet_txt	gemini25flashlite	Natugu	grammar	original	modelgloss	cheatsheet_txt	complete	99	99	0	99	0		configs/matched_v1/gemini25flashlite_natugu_grammar_original_modelgloss_cheatsheet_txt.json	results/matched_v1/gemini25flashlite/natugu/grammar/original/modelgloss_cheatsheet_txt.jsonl	metrics/matched_v1/gemini25flashlite/natugu/grammar/original/modelgloss_cheatsheet_txt.json
gemini25flashlite_natugu_grammar_original_shot_pdfpages_impactful_jpg	gemini25flashlite	Natugu	grammar	original	shot	pdfpages_impactful_jpg	complete	99	99	0	99	0		configs/matched_v1/gemini25flashlite_natugu_grammar_original_shot_pdfpages_impactful_jpg.json	results/matched_v1/gemini25flashlite/natugu/grammar/original/shot_pdfpages_impactful_jpg.jsonl	metrics/matched_v1/gemini25flashlite/natugu/grammar/original/shot_pdfpages_impactful_jpg.json
gemini25flashlite_natugu_grammar_original_chain_gloss_pdfpages_impactful_jpg	gemini25flashlite	Natugu	grammar	original	chain_gloss	pdfpages_impactful_jpg	complete	99	99	99	0	6		configs/matched_v1/gemini25flashlite_natugu_grammar_original_chain_gloss_pdfpages_impactful_jpg.json	results/matched_v1/gemini25flashlite/natugu/grammar/original/chain_gloss_pdfpages_impactful_jpg.jsonl	metrics/matched_v1/gemini25flashlite/natugu/grammar/original/chain_gloss_pdfpages_impactful_jpg.json
gemini25flashlite_natugu_grammar_original_modelgloss_pdfpages_impactful_jpg	gemini25flashlite	Natugu	grammar	original	modelgloss	pdfpages_impactful_jpg	complete	99	99	0	99	0		configs/matched_v1/gemini25flashlite_natugu_grammar_original_modelgloss_pdfpages_impactful_jpg.json	results/matched_v1/gemini25flashlite/natugu/grammar/original/modelgloss_pdfpages_impactful_jpg.jsonl	metrics/matched_v1/gemini25flashlite/natugu/grammar/original/modelgloss_pdfpages_impactful_jpg.json
gemini25flashlite_natugu_grammar_original_shot_summary_tables_jpg	gemini25flashlite	Natugu	grammar	original	shot	summary_tables_jpg	complete	99	99	0	99	0		configs/matched_v1/gemini25flashlite_natugu_grammar_original_shot_summary_tables_jpg.json	results/matched_v1/gemini25flashlite/natugu/grammar/original/shot_summary_tables_jpg.jsonl	metrics/matched_v1/gemini25flashlite/natugu/grammar/original/shot_summary_tables_jpg.json
gemini25flashlite_natugu_grammar_original_chain_gloss_summary_tables_jpg	gemini25flashlite	Natugu	grammar	original	chain_gloss	summary_tables_jpg	complete	99	99	99	0	3		configs/matched_v1/gemini25flashlite_natugu_grammar_original_chain_gloss_summary_tables_jpg.json	results/matched_v1/gemini25flashlite/natugu/grammar/original/chain_gloss_summary_tables_jpg.jsonl	metrics/matched_v1/gemini25flashlite/natugu/grammar/original/chain_gloss_summary_tables_jpg.json
gemini25flashlite_natugu_grammar_original_modelgloss_summary_tables_jpg	gemini25flashlite	Natugu	grammar	original	modelgloss	summary_tables_jpg	complete	99	99	0	99	0		configs/matched_v1/gemini25flashlite_natugu_grammar_original_modelgloss_summary_tables_jpg.json	results/matched_v1/gemini25flashlite/natugu/grammar/original/modelgloss_summary_tables_jpg.jsonl	metrics/matched_v1/gemini25flashlite/natugu/grammar/original/modelgloss_summary_tables_jpg.json
gemini25flashlite_natugu_grammar_original_shot_summary_tables_txt	gemini25flashlite	Natugu	grammar	original	shot	summary_tables_txt	complete	99	99	0	99	0		configs/matched_v1/gemini25flashlite_natugu_grammar_original_shot_summary_tables_txt.json	results/matched_v1/gemini25flashlite/natugu/grammar/original/shot_summary_tables_txt.jsonl	metrics/matched_v1/gemini25flashlite/natugu/grammar/original/shot_summary_tables_txt.json
gemini25flashlite_natugu_grammar_original_chain_gloss_summary_tables_txt	gemini25flashlite	Natugu	grammar	original	chain_gloss	summary_tables_txt	complete	99	99	99	0	24		configs/matched_v1/gemini25flashlite_natugu_grammar_original_chain_gloss_summary_tables_txt.json	results/matched_v1/gemini25flashlite/natugu/grammar/original/chain_gloss_summary_tables_txt.jsonl	metrics/matched_v1/gemini25flashlite/natugu/grammar/original/chain_gloss_summary_tables_txt.json
gemini25flashlite_natugu_grammar_original_modelgloss_summary_tables_txt	gemini25flashlite	Natugu	grammar	original	modelgloss	summary_tables_txt	complete	99	99	0	99	0		configs/matched_v1/gemini25flashlite_natugu_grammar_original_modelgloss_summary_tables_txt.json	results/matched_v1/gemini25flashlite/natugu/grammar/original/modelgloss_summary_tables_txt.jsonl	metrics/matched_v1/gemini25flashlite/natugu/grammar/original/modelgloss_summary_tables_txt.json
gemini25flashlite_natugu_grammar_original_shot_summary_text_txt	gemini25flashlite	Natugu	grammar	original	shot	summary_text_txt	complete	99	99	0	99	0		configs/matched_v1/gemini25flashlite_natugu_grammar_original_shot_summary_text_txt.json	results/matched_v1/gemini25flashlite/natugu/grammar/original/shot_summary_text_txt.jsonl	metrics/matched_v1/gemini25flashlite/natugu/grammar/original/shot_summary_text_txt.json
gemini25flashlite_natugu_grammar_original_chain_gloss_summary_text_txt	gemini25flashlite	Natugu	grammar	original	chain_gloss	summary_text_txt	complete	99	99	99	0	11		configs/matched_v1/gemini25flashlite_natugu_grammar_original_chain_gloss_summary_text_txt.json	results/matched_v1/gemini25flashlite/natugu/grammar/original/chain_gloss_summary_text_txt.jsonl	metrics/matched_v1/gemini25flashlite/natugu/grammar/original/chain_gloss_summary_text_txt.json
gemini25flashlite_natugu_grammar_original_modelgloss_summary_text_txt	gemini25flashlite	Natugu	grammar	original	modelgloss	summary_text_txt	complete	99	99	0	99	0		configs/matched_v1/gemini25flashlite_natugu_grammar_original_modelgloss_summary_text_txt.json	results/matched_v1/gemini25flashlite/natugu/grammar/original/modelgloss_summary_text_txt.jsonl	metrics/matched_v1/gemini25flashlite/natugu/grammar/original/modelgloss_summary_text_txt.json
gemini25flashlite_tsez_grammar_original_shot_cheatsheet_jpg	gemini25flashlite	Tsez	grammar	original	shot	cheatsheet_jpg	complete	99	99	0	99	0		configs/matched_v1/gemini25flashlite_tsez_grammar_original_shot_cheatsheet_jpg.json	results/matched_v1/gemini25flashlite/tsez/grammar/original/shot_cheatsheet_jpg.jsonl	metrics/matched_v1/gemini25flashlite/tsez/grammar/original/shot_cheatsheet_jpg.json
gemini25flashlite_tsez_grammar_original_chain_gloss_cheatsheet_jpg	gemini25flashlite	Tsez	grammar	original	chain_gloss	cheatsheet_jpg	complete	99	99	99	0	12		configs/matched_v1/gemini25flashlite_tsez_grammar_original_chain_gloss_cheatsheet_jpg.json	results/matched_v1/gemini25flashlite/tsez/grammar/original/chain_gloss_cheatsheet_jpg.jsonl	metrics/matched_v1/gemini25flashlite/tsez/grammar/original/chain_gloss_cheatsheet_jpg.json
gemini25flashlite_tsez_grammar_original_modelgloss_cheatsheet_jpg	gemini25flashlite	Tsez	grammar	original	modelgloss	cheatsheet_jpg	complete	99	99	0	99	0		configs/matched_v1/gemini25flashlite_tsez_grammar_original_modelgloss_cheatsheet_jpg.json	results/matched_v1/gemini25flashlite/tsez/grammar/original/modelgloss_cheatsheet_jpg.jsonl	metrics/matched_v1/gemini25flashlite/tsez/grammar/original/modelgloss_cheatsheet_jpg.json
gemini25flashlite_tsez_grammar_original_shot_cheatsheet_txt	gemini25flashlite	Tsez	grammar	original	shot	cheatsheet_txt	complete	99	99	0	99	0		configs/matched_v1/gemini25flashlite_tsez_grammar_original_shot_cheatsheet_txt.json	results/matched_v1/gemini25flashlite/tsez/grammar/original/shot_cheatsheet_txt.jsonl	metrics/matched_v1/gemini25flashlite/tsez/grammar/original/shot_cheatsheet_txt.json
gemini25flashlite_tsez_grammar_original_chain_gloss_cheatsheet_txt	gemini25flashlite	Tsez	grammar	original	chain_gloss	cheatsheet_txt	complete	99	99	99	0	9		configs/matched_v1/gemini25flashlite_tsez_grammar_original_chain_gloss_cheatsheet_txt.json	results/matched_v1/gemini25flashlite/tsez/grammar/original/chain_gloss_cheatsheet_txt.jsonl	metrics/matched_v1/gemini25flashlite/tsez/grammar/original/chain_gloss_cheatsheet_txt.json
gemini25flashlite_tsez_grammar_original_modelgloss_cheatsheet_txt	gemini25flashlite	Tsez	grammar	original	modelgloss	cheatsheet_txt	complete	99	99	0	99	0		configs/matched_v1/gemini25flashlite_tsez_grammar_original_modelgloss_cheatsheet_txt.json	results/matched_v1/gemini25flashlite/tsez/grammar/original/modelgloss_cheatsheet_txt.jsonl	metrics/matched_v1/gemini25flashlite/tsez/grammar/original/modelgloss_cheatsheet_txt.json
gemini25flashlite_tsez_grammar_original_shot_pdfpages_impactful_jpg	gemini25flashlite	Tsez	grammar	original	shot	pdfpages_impactful_jpg	complete	99	99	0	99	0		configs/matched_v1/gemini25flashlite_tsez_grammar_original_shot_pdfpages_impactful_jpg.json	results/matched_v1/gemini25flashlite/tsez/grammar/original/shot_pdfpages_impactful_jpg.jsonl	metrics/matched_v1/gemini25flashlite/tsez/grammar/original/shot_pdfpages_impactful_jpg.json
gemini25flashlite_tsez_grammar_original_chain_gloss_pdfpages_impactful_jpg	gemini25flashlite	Tsez	grammar	original	chain_gloss	pdfpages_impactful_jpg	complete	99	99	99	0	10		configs/matched_v1/gemini25flashlite_tsez_grammar_original_chain_gloss_pdfpages_impactful_jpg.json	results/matched_v1/gemini25flashlite/tsez/grammar/original/chain_gloss_pdfpages_impactful_jpg.jsonl	metrics/matched_v1/gemini25flashlite/tsez/grammar/original/chain_gloss_pdfpages_impactful_jpg.json
gemini25flashlite_tsez_grammar_original_modelgloss_pdfpages_impactful_jpg	gemini25flashlite	Tsez	grammar	original	modelgloss	pdfpages_impactful_jpg	complete	99	99	0	99	0		configs/matched_v1/gemini25flashlite_tsez_grammar_original_modelgloss_pdfpages_impactful_jpg.json	results/matched_v1/gemini25flashlite/tsez/grammar/original/modelgloss_pdfpages_impactful_jpg.jsonl	metrics/matched_v1/gemini25flashlite/tsez/grammar/original/modelgloss_pdfpages_impactful_jpg.json
gemini25flashlite_tsez_grammar_original_shot_summary_tables_jpg	gemini25flashlite	Tsez	grammar	original	shot	summary_tables_jpg	complete	99	99	0	99	0		configs/matched_v1/gemini25flashlite_tsez_grammar_original_shot_summary_tables_jpg.json	results/matched_v1/gemini25flashlite/tsez/grammar/original/shot_summary_tables_jpg.jsonl	metrics/matched_v1/gemini25flashlite/tsez/grammar/original/shot_summary_tables_jpg.json
gemini25flashlite_tsez_grammar_original_chain_gloss_summary_tables_jpg	gemini25flashlite	Tsez	grammar	original	chain_gloss	summary_tables_jpg	complete	99	99	99	0	11		configs/matched_v1/gemini25flashlite_tsez_grammar_original_chain_gloss_summary_tables_jpg.json	results/matched_v1/gemini25flashlite/tsez/grammar/original/chain_gloss_summary_tables_jpg.jsonl	metrics/matched_v1/gemini25flashlite/tsez/grammar/original/chain_gloss_summary_tables_jpg.json
gemini25flashlite_tsez_grammar_original_modelgloss_summary_tables_jpg	gemini25flashlite	Tsez	grammar	original	modelgloss	summary_tables_jpg	complete	99	99	0	99	0		configs/matched_v1/gemini25flashlite_tsez_grammar_original_modelgloss_summary_tables_jpg.json	results/matched_v1/gemini25flashlite/tsez/grammar/original/modelgloss_summary_tables_jpg.jsonl	metrics/matched_v1/gemini25flashlite/tsez/grammar/original/modelgloss_summary_tables_jpg.json
gemini25flashlite_tsez_grammar_original_shot_summary_tables_txt	gemini25flashlite	Tsez	grammar	original	shot	summary_tables_txt	complete	99	99	0	99	0		configs/matched_v1/gemini25flashlite_tsez_grammar_original_shot_summary_tables_txt.json	results/matched_v1/gemini25flashlite/tsez/grammar/original/shot_summary_tables_txt.jsonl	metrics/matched_v1/gemini25flashlite/tsez/grammar/original/shot_summary_tables_txt.json
gemini25flashlite_tsez_grammar_original_chain_gloss_summary_tables_txt	gemini25flashlite	Tsez	grammar	original	chain_gloss	summary_tables_txt	complete	99	99	99	0	7		configs/matched_v1/gemini25flashlite_tsez_grammar_original_chain_gloss_summary_tables_txt.json	results/matched_v1/gemini25flashlite/tsez/grammar/original/chain_gloss_summary_tables_txt.jsonl	metrics/matched_v1/gemini25flashlite/tsez/grammar/original/chain_gloss_summary_tables_txt.json
gemini25flashlite_tsez_grammar_original_modelgloss_summary_tables_txt	gemini25flashlite	Tsez	grammar	original	modelgloss	summary_tables_txt	complete	99	99	0	99	0		configs/matched_v1/gemini25flashlite_tsez_grammar_original_modelgloss_summary_tables_txt.json	results/matched_v1/gemini25flashlite/tsez/grammar/original/modelgloss_summary_tables_txt.jsonl	metrics/matched_v1/gemini25flashlite/tsez/grammar/original/modelgloss_summary_tables_txt.json
gemini25flashlite_tsez_grammar_original_shot_summary_text_txt	gemini25flashlite	Tsez	grammar	original	shot	summary_text_txt	complete	99	99	0	99	0		configs/matched_v1/gemini25flashlite_tsez_grammar_original_shot_summary_text_txt.json	results/matched_v1/gemini25flashlite/tsez/grammar/original/shot_summary_text_txt.jsonl	metrics/matched_v1/gemini25flashlite/tsez/grammar/original/shot_summary_text_txt.json
gemini25flashlite_tsez_grammar_original_chain_gloss_summary_text_txt	gemini25flashlite	Tsez	grammar	original	chain_gloss	summary_text_txt	complete	99	99	99	0	6		configs/matched_v1/gemini25flashlite_tsez_grammar_original_chain_gloss_summary_text_txt.json	results/matched_v1/gemini25flashlite/tsez/grammar/original/chain_gloss_summary_text_txt.jsonl	metrics/matched_v1/gemini25flashlite/tsez/grammar/original/chain_gloss_summary_text_txt.json
gemini25flashlite_tsez_grammar_original_modelgloss_summary_text_txt	gemini25flashlite	Tsez	grammar	original	modelgloss	summary_text_txt	complete	99	99	0	99	0		configs/matched_v1/gemini25flashlite_tsez_grammar_original_modelgloss_summary_text_txt.json	results/matched_v1/gemini25flashlite/tsez/grammar/original/modelgloss_summary_text_txt.jsonl	metrics/matched_v1/gemini25flashlite/tsez/grammar/original/modelgloss_summary_text_txt.json
gemini25flashlite_gitksan_grammar_original_shot_baseline	gemini25flashlite	Gitksan	grammar	original	shot	baseline	complete	37	37	0	37	0		configs/matched_v1/gemini25flashlite_gitksan_grammar_original_shot_baseline.json	results/matched_v1/gemini25flashlite/gitksan/grammar/original/shot_baseline.jsonl	metrics/matched_v1/gemini25flashlite/gitksan/grammar/original/shot_baseline.json
gemini25flashlite_gitksan_grammar_original_chain_gloss_baseline	gemini25flashlite	Gitksan	grammar	original	chain_gloss	baseline	complete	37	37	37	0	12		configs/matched_v1/gemini25flashlite_gitksan_grammar_original_chain_gloss_baseline.json	results/matched_v1/gemini25flashlite/gitksan/grammar/original/chain_gloss_baseline.jsonl	metrics/matched_v1/gemini25flashlite/gitksan/grammar/original/chain_gloss_baseline.json
gemini25flashlite_gitksan_grammar_original_modelgloss_baseline	gemini25flashlite	Gitksan	grammar	original	modelgloss	baseline	complete	37	37	0	37	0		configs/matched_v1/gemini25flashlite_gitksan_grammar_original_modelgloss_baseline.json	results/matched_v1/gemini25flashlite/gitksan/grammar/original/modelgloss_baseline.jsonl	metrics/matched_v1/gemini25flashlite/gitksan/grammar/original/modelgloss_baseline.json
gemini25flashlite_lezgi_grammar_original_shot_baseline	gemini25flashlite	Lezgi	grammar	original	shot	baseline	complete	87	87	0	87	1		configs/matched_v1/gemini25flashlite_lezgi_grammar_original_shot_baseline.json	results/matched_v1/gemini25flashlite/lezgi/grammar/original/shot_baseline.jsonl	metrics/matched_v1/gemini25flashlite/lezgi/grammar/original/shot_baseline.json
gemini25flashlite_lezgi_grammar_original_chain_gloss_baseline	gemini25flashlite	Lezgi	grammar	original	chain_gloss	baseline	complete	87	87	87	0	4		configs/matched_v1/gemini25flashlite_lezgi_grammar_original_chain_gloss_baseline.json	results/matched_v1/gemini25flashlite/lezgi/grammar/original/chain_gloss_baseline.jsonl	metrics/matched_v1/gemini25flashlite/lezgi/grammar/original/chain_gloss_baseline.json
gemini25flashlite_lezgi_grammar_original_modelgloss_baseline	gemini25flashlite	Lezgi	grammar	original	modelgloss	baseline	complete	87	87	0	87	1		configs/matched_v1/gemini25flashlite_lezgi_grammar_original_modelgloss_baseline.json	results/matched_v1/gemini25flashlite/lezgi/grammar/original/modelgloss_baseline.jsonl	metrics/matched_v1/gemini25flashlite/lezgi/grammar/original/modelgloss_baseline.json
gemini25flashlite_natugu_grammar_original_shot_baseline	gemini25flashlite	Natugu	grammar	original	shot	baseline	complete	99	99	0	99	0		configs/matched_v1/gemini25flashlite_natugu_grammar_original_shot_baseline.json	results/matched_v1/gemini25flashlite/natugu/grammar/original/shot_baseline.jsonl	metrics/matched_v1/gemini25flashlite/natugu/grammar/original/shot_baseline.json
gemini25flashlite_natugu_grammar_original_chain_gloss_baseline	gemini25flashlite	Natugu	grammar	original	chain_gloss	baseline	complete	99	99	99	0	12		configs/matched_v1/gemini25flashlite_natugu_grammar_original_chain_gloss_baseline.json	results/matched_v1/gemini25flashlite/natugu/grammar/original/chain_gloss_baseline.jsonl	metrics/matched_v1/gemini25flashlite/natugu/grammar/original/chain_gloss_baseline.json
gemini25flashlite_natugu_grammar_original_modelgloss_baseline	gemini25flashlite	Natugu	grammar	original	modelgloss	baseline	complete	99	99	0	99	0		configs/matched_v1/gemini25flashlite_natugu_grammar_original_modelgloss_baseline.json	results/matched_v1/gemini25flashlite/natugu/grammar/original/modelgloss_baseline.jsonl	metrics/matched_v1/gemini25flashlite/natugu/grammar/original/modelgloss_baseline.json
gemini25flashlite_tsez_grammar_original_shot_baseline	gemini25flashlite	Tsez	grammar	original	shot	baseline	complete	99	99	0	99	0		configs/matched_v1/gemini25flashlite_tsez_grammar_original_shot_baseline.json	results/matched_v1/gemini25flashlite/tsez/grammar/original/shot_baseline.jsonl	metrics/matched_v1/gemini25flashlite/tsez/grammar/original/shot_baseline.json
gemini25flashlite_tsez_grammar_original_chain_gloss_baseline	gemini25flashlite	Tsez	grammar	original	chain_gloss	baseline	complete	99	99	99	0	18		configs/matched_v1/gemini25flashlite_tsez_grammar_original_chain_gloss_baseline.json	results/matched_v1/gemini25flashlite/tsez/grammar/original/chain_gloss_baseline.jsonl	metrics/matched_v1/gemini25flashlite/tsez/grammar/original/chain_gloss_baseline.json
gemini25flashlite_tsez_grammar_original_modelgloss_baseline	gemini25flashlite	Tsez	grammar	original	modelgloss	baseline	complete	99	99	0	99	0		configs/matched_v1/gemini25flashlite_tsez_grammar_original_modelgloss_baseline.json	results/matched_v1/gemini25flashlite/tsez/grammar/original/modelgloss_baseline.jsonl	metrics/matched_v1/gemini25flashlite/tsez/grammar/original/modelgloss_baseline.json
gpt56luna_gitksan_pdf1_brown_original_shot_cheatsheet_jpg	gpt56luna	Gitksan	pdf1_brown	original	shot	cheatsheet_jpg	complete	37	37	37	0	0		configs/matched_v1/gpt56luna_gitksan_pdf1_brown_original_shot_cheatsheet_jpg.json	results/matched_v1/gpt56luna/gitksan/pdf1_brown/original/shot_cheatsheet_jpg.jsonl	metrics/matched_v1/gpt56luna/gitksan/pdf1_brown/original/shot_cheatsheet_jpg.json
gpt56luna_gitksan_pdf1_brown_original_chain_gloss_cheatsheet_jpg	gpt56luna	Gitksan	pdf1_brown	original	chain_gloss	cheatsheet_jpg	complete	37	37	37	0	0		configs/matched_v1/gpt56luna_gitksan_pdf1_brown_original_chain_gloss_cheatsheet_jpg.json	results/matched_v1/gpt56luna/gitksan/pdf1_brown/original/chain_gloss_cheatsheet_jpg.jsonl	metrics/matched_v1/gpt56luna/gitksan/pdf1_brown/original/chain_gloss_cheatsheet_jpg.json
gpt56luna_gitksan_pdf1_brown_original_modelgloss_cheatsheet_jpg	gpt56luna	Gitksan	pdf1_brown	original	modelgloss	cheatsheet_jpg	complete	37	37	37	0	0		configs/matched_v1/gpt56luna_gitksan_pdf1_brown_original_modelgloss_cheatsheet_jpg.json	results/matched_v1/gpt56luna/gitksan/pdf1_brown/original/modelgloss_cheatsheet_jpg.jsonl	metrics/matched_v1/gpt56luna/gitksan/pdf1_brown/original/modelgloss_cheatsheet_jpg.json
gpt56luna_gitksan_pdf1_brown_original_shot_cheatsheet_txt	gpt56luna	Gitksan	pdf1_brown	original	shot	cheatsheet_txt	complete	37	37	37	0	0		configs/matched_v1/gpt56luna_gitksan_pdf1_brown_original_shot_cheatsheet_txt.json	results/matched_v1/gpt56luna/gitksan/pdf1_brown/original/shot_cheatsheet_txt.jsonl	metrics/matched_v1/gpt56luna/gitksan/pdf1_brown/original/shot_cheatsheet_txt.json
gpt56luna_gitksan_pdf1_brown_original_chain_gloss_cheatsheet_txt	gpt56luna	Gitksan	pdf1_brown	original	chain_gloss	cheatsheet_txt	complete	37	37	37	0	0		configs/matched_v1/gpt56luna_gitksan_pdf1_brown_original_chain_gloss_cheatsheet_txt.json	results/matched_v1/gpt56luna/gitksan/pdf1_brown/original/chain_gloss_cheatsheet_txt.jsonl	metrics/matched_v1/gpt56luna/gitksan/pdf1_brown/original/chain_gloss_cheatsheet_txt.json
gpt56luna_gitksan_pdf1_brown_original_modelgloss_cheatsheet_txt	gpt56luna	Gitksan	pdf1_brown	original	modelgloss	cheatsheet_txt	complete	37	37	37	0	0		configs/matched_v1/gpt56luna_gitksan_pdf1_brown_original_modelgloss_cheatsheet_txt.json	results/matched_v1/gpt56luna/gitksan/pdf1_brown/original/modelgloss_cheatsheet_txt.jsonl	metrics/matched_v1/gpt56luna/gitksan/pdf1_brown/original/modelgloss_cheatsheet_txt.json
gpt56luna_gitksan_pdf1_brown_original_shot_pdfpages_impactful_jpg	gpt56luna	Gitksan	pdf1_brown	original	shot	pdfpages_impactful_jpg	complete	37	37	37	0	0		configs/matched_v1/gpt56luna_gitksan_pdf1_brown_original_shot_pdfpages_impactful_jpg.json	results/matched_v1/gpt56luna/gitksan/pdf1_brown/original/shot_pdfpages_impactful_jpg.jsonl	metrics/matched_v1/gpt56luna/gitksan/pdf1_brown/original/shot_pdfpages_impactful_jpg.json
gpt56luna_gitksan_pdf1_brown_original_chain_gloss_pdfpages_impactful_jpg	gpt56luna	Gitksan	pdf1_brown	original	chain_gloss	pdfpages_impactful_jpg	complete	37	37	37	0	0		configs/matched_v1/gpt56luna_gitksan_pdf1_brown_original_chain_gloss_pdfpages_impactful_jpg.json	results/matched_v1/gpt56luna/gitksan/pdf1_brown/original/chain_gloss_pdfpages_impactful_jpg.jsonl	metrics/matched_v1/gpt56luna/gitksan/pdf1_brown/original/chain_gloss_pdfpages_impactful_jpg.json
gpt56luna_gitksan_pdf1_brown_original_modelgloss_pdfpages_impactful_jpg	gpt56luna	Gitksan	pdf1_brown	original	modelgloss	pdfpages_impactful_jpg	complete	37	37	37	0	0		configs/matched_v1/gpt56luna_gitksan_pdf1_brown_original_modelgloss_pdfpages_impactful_jpg.json	results/matched_v1/gpt56luna/gitksan/pdf1_brown/original/modelgloss_pdfpages_impactful_jpg.jsonl	metrics/matched_v1/gpt56luna/gitksan/pdf1_brown/original/modelgloss_pdfpages_impactful_jpg.json
gpt56luna_gitksan_pdf1_brown_original_shot_summary_tables_jpg	gpt56luna	Gitksan	pdf1_brown	original	shot	summary_tables_jpg	complete	37	37	37	0	0		configs/matched_v1/gpt56luna_gitksan_pdf1_brown_original_shot_summary_tables_jpg.json	results/matched_v1/gpt56luna/gitksan/pdf1_brown/original/shot_summary_tables_jpg.jsonl	metrics/matched_v1/gpt56luna/gitksan/pdf1_brown/original/shot_summary_tables_jpg.json
gpt56luna_gitksan_pdf1_brown_original_chain_gloss_summary_tables_jpg	gpt56luna	Gitksan	pdf1_brown	original	chain_gloss	summary_tables_jpg	complete	37	37	37	0	0		configs/matched_v1/gpt56luna_gitksan_pdf1_brown_original_chain_gloss_summary_tables_jpg.json	results/matched_v1/gpt56luna/gitksan/pdf1_brown/original/chain_gloss_summary_tables_jpg.jsonl	metrics/matched_v1/gpt56luna/gitksan/pdf1_brown/original/chain_gloss_summary_tables_jpg.json
gpt56luna_gitksan_pdf1_brown_original_modelgloss_summary_tables_jpg	gpt56luna	Gitksan	pdf1_brown	original	modelgloss	summary_tables_jpg	complete	37	37	37	0	0		configs/matched_v1/gpt56luna_gitksan_pdf1_brown_original_modelgloss_summary_tables_jpg.json	results/matched_v1/gpt56luna/gitksan/pdf1_brown/original/modelgloss_summary_tables_jpg.jsonl	metrics/matched_v1/gpt56luna/gitksan/pdf1_brown/original/modelgloss_summary_tables_jpg.json
gpt56luna_gitksan_pdf1_brown_original_shot_summary_tables_txt	gpt56luna	Gitksan	pdf1_brown	original	shot	summary_tables_txt	complete	37	37	37	0	0		configs/matched_v1/gpt56luna_gitksan_pdf1_brown_original_shot_summary_tables_txt.json	results/matched_v1/gpt56luna/gitksan/pdf1_brown/original/shot_summary_tables_txt.jsonl	metrics/matched_v1/gpt56luna/gitksan/pdf1_brown/original/shot_summary_tables_txt.json
gpt56luna_gitksan_pdf1_brown_original_chain_gloss_summary_tables_txt	gpt56luna	Gitksan	pdf1_brown	original	chain_gloss	summary_tables_txt	complete	37	37	37	0	0		configs/matched_v1/gpt56luna_gitksan_pdf1_brown_original_chain_gloss_summary_tables_txt.json	results/matched_v1/gpt56luna/gitksan/pdf1_brown/original/chain_gloss_summary_tables_txt.jsonl	metrics/matched_v1/gpt56luna/gitksan/pdf1_brown/original/chain_gloss_summary_tables_txt.json
gpt56luna_gitksan_pdf1_brown_original_modelgloss_summary_tables_txt	gpt56luna	Gitksan	pdf1_brown	original	modelgloss	summary_tables_txt	complete	37	37	37	0	0		configs/matched_v1/gpt56luna_gitksan_pdf1_brown_original_modelgloss_summary_tables_txt.json	results/matched_v1/gpt56luna/gitksan/pdf1_brown/original/modelgloss_summary_tables_txt.jsonl	metrics/matched_v1/gpt56luna/gitksan/pdf1_brown/original/modelgloss_summary_tables_txt.json
gpt56luna_gitksan_pdf1_brown_original_shot_summary_text_txt	gpt56luna	Gitksan	pdf1_brown	original	shot	summary_text_txt	complete	37	37	37	0	0		configs/matched_v1/gpt56luna_gitksan_pdf1_brown_original_shot_summary_text_txt.json	results/matched_v1/gpt56luna/gitksan/pdf1_brown/original/shot_summary_text_txt.jsonl	metrics/matched_v1/gpt56luna/gitksan/pdf1_brown/original/shot_summary_text_txt.json
gpt56luna_gitksan_pdf1_brown_original_chain_gloss_summary_text_txt	gpt56luna	Gitksan	pdf1_brown	original	chain_gloss	summary_text_txt	complete	37	37	37	0	0		configs/matched_v1/gpt56luna_gitksan_pdf1_brown_original_chain_gloss_summary_text_txt.json	results/matched_v1/gpt56luna/gitksan/pdf1_brown/original/chain_gloss_summary_text_txt.jsonl	metrics/matched_v1/gpt56luna/gitksan/pdf1_brown/original/chain_gloss_summary_text_txt.json
gpt56luna_gitksan_pdf1_brown_original_modelgloss_summary_text_txt	gpt56luna	Gitksan	pdf1_brown	original	modelgloss	summary_text_txt	complete	37	37	37	0	0		configs/matched_v1/gpt56luna_gitksan_pdf1_brown_original_modelgloss_summary_text_txt.json	results/matched_v1/gpt56luna/gitksan/pdf1_brown/original/modelgloss_summary_text_txt.jsonl	metrics/matched_v1/gpt56luna/gitksan/pdf1_brown/original/modelgloss_summary_text_txt.json
gpt56luna_gitksan_pdf2_rigsby_original_shot_cheatsheet_jpg	gpt56luna	Gitksan	pdf2_rigsby	original	shot	cheatsheet_jpg	complete	37	37	37	0	0		configs/matched_v1/gpt56luna_gitksan_pdf2_rigsby_original_shot_cheatsheet_jpg.json	results/matched_v1/gpt56luna/gitksan/pdf2_rigsby/original/shot_cheatsheet_jpg.jsonl	metrics/matched_v1/gpt56luna/gitksan/pdf2_rigsby/original/shot_cheatsheet_jpg.json
gpt56luna_gitksan_pdf2_rigsby_original_chain_gloss_cheatsheet_jpg	gpt56luna	Gitksan	pdf2_rigsby	original	chain_gloss	cheatsheet_jpg	complete	37	37	37	0	0		configs/matched_v1/gpt56luna_gitksan_pdf2_rigsby_original_chain_gloss_cheatsheet_jpg.json	results/matched_v1/gpt56luna/gitksan/pdf2_rigsby/original/chain_gloss_cheatsheet_jpg.jsonl	metrics/matched_v1/gpt56luna/gitksan/pdf2_rigsby/original/chain_gloss_cheatsheet_jpg.json
gpt56luna_gitksan_pdf2_rigsby_original_modelgloss_cheatsheet_jpg	gpt56luna	Gitksan	pdf2_rigsby	original	modelgloss	cheatsheet_jpg	complete	37	37	37	0	0		configs/matched_v1/gpt56luna_gitksan_pdf2_rigsby_original_modelgloss_cheatsheet_jpg.json	results/matched_v1/gpt56luna/gitksan/pdf2_rigsby/original/modelgloss_cheatsheet_jpg.jsonl	metrics/matched_v1/gpt56luna/gitksan/pdf2_rigsby/original/modelgloss_cheatsheet_jpg.json
gpt56luna_gitksan_pdf2_rigsby_original_shot_cheatsheet_txt	gpt56luna	Gitksan	pdf2_rigsby	original	shot	cheatsheet_txt	complete	37	37	37	0	0		configs/matched_v1/gpt56luna_gitksan_pdf2_rigsby_original_shot_cheatsheet_txt.json	results/matched_v1/gpt56luna/gitksan/pdf2_rigsby/original/shot_cheatsheet_txt.jsonl	metrics/matched_v1/gpt56luna/gitksan/pdf2_rigsby/original/shot_cheatsheet_txt.json
gpt56luna_gitksan_pdf2_rigsby_original_chain_gloss_cheatsheet_txt	gpt56luna	Gitksan	pdf2_rigsby	original	chain_gloss	cheatsheet_txt	complete	37	37	37	0	0		configs/matched_v1/gpt56luna_gitksan_pdf2_rigsby_original_chain_gloss_cheatsheet_txt.json	results/matched_v1/gpt56luna/gitksan/pdf2_rigsby/original/chain_gloss_cheatsheet_txt.jsonl	metrics/matched_v1/gpt56luna/gitksan/pdf2_rigsby/original/chain_gloss_cheatsheet_txt.json
gpt56luna_gitksan_pdf2_rigsby_original_modelgloss_cheatsheet_txt	gpt56luna	Gitksan	pdf2_rigsby	original	modelgloss	cheatsheet_txt	complete	37	37	37	0	0		configs/matched_v1/gpt56luna_gitksan_pdf2_rigsby_original_modelgloss_cheatsheet_txt.json	results/matched_v1/gpt56luna/gitksan/pdf2_rigsby/original/modelgloss_cheatsheet_txt.jsonl	metrics/matched_v1/gpt56luna/gitksan/pdf2_rigsby/original/modelgloss_cheatsheet_txt.json
gpt56luna_gitksan_pdf2_rigsby_original_shot_pdfpages_impactful_jpg	gpt56luna	Gitksan	pdf2_rigsby	original	shot	pdfpages_impactful_jpg	complete	37	37	37	0	0		configs/matched_v1/gpt56luna_gitksan_pdf2_rigsby_original_shot_pdfpages_impactful_jpg.json	results/matched_v1/gpt56luna/gitksan/pdf2_rigsby/original/shot_pdfpages_impactful_jpg.jsonl	metrics/matched_v1/gpt56luna/gitksan/pdf2_rigsby/original/shot_pdfpages_impactful_jpg.json
gpt56luna_gitksan_pdf2_rigsby_original_chain_gloss_pdfpages_impactful_jpg	gpt56luna	Gitksan	pdf2_rigsby	original	chain_gloss	pdfpages_impactful_jpg	complete	37	37	37	0	0		configs/matched_v1/gpt56luna_gitksan_pdf2_rigsby_original_chain_gloss_pdfpages_impactful_jpg.json	results/matched_v1/gpt56luna/gitksan/pdf2_rigsby/original/chain_gloss_pdfpages_impactful_jpg.jsonl	metrics/matched_v1/gpt56luna/gitksan/pdf2_rigsby/original/chain_gloss_pdfpages_impactful_jpg.json
gpt56luna_gitksan_pdf2_rigsby_original_modelgloss_pdfpages_impactful_jpg	gpt56luna	Gitksan	pdf2_rigsby	original	modelgloss	pdfpages_impactful_jpg	complete	37	37	37	0	0		configs/matched_v1/gpt56luna_gitksan_pdf2_rigsby_original_modelgloss_pdfpages_impactful_jpg.json	results/matched_v1/gpt56luna/gitksan/pdf2_rigsby/original/modelgloss_pdfpages_impactful_jpg.jsonl	metrics/matched_v1/gpt56luna/gitksan/pdf2_rigsby/original/modelgloss_pdfpages_impactful_jpg.json
gpt56luna_gitksan_pdf2_rigsby_original_shot_summary_tables_jpg	gpt56luna	Gitksan	pdf2_rigsby	original	shot	summary_tables_jpg	complete	37	37	37	0	0		configs/matched_v1/gpt56luna_gitksan_pdf2_rigsby_original_shot_summary_tables_jpg.json	results/matched_v1/gpt56luna/gitksan/pdf2_rigsby/original/shot_summary_tables_jpg.jsonl	metrics/matched_v1/gpt56luna/gitksan/pdf2_rigsby/original/shot_summary_tables_jpg.json
gpt56luna_gitksan_pdf2_rigsby_original_chain_gloss_summary_tables_jpg	gpt56luna	Gitksan	pdf2_rigsby	original	chain_gloss	summary_tables_jpg	complete	37	37	37	0	0		configs/matched_v1/gpt56luna_gitksan_pdf2_rigsby_original_chain_gloss_summary_tables_jpg.json	results/matched_v1/gpt56luna/gitksan/pdf2_rigsby/original/chain_gloss_summary_tables_jpg.jsonl	metrics/matched_v1/gpt56luna/gitksan/pdf2_rigsby/original/chain_gloss_summary_tables_jpg.json
gpt56luna_gitksan_pdf2_rigsby_original_modelgloss_summary_tables_jpg	gpt56luna	Gitksan	pdf2_rigsby	original	modelgloss	summary_tables_jpg	complete	37	37	37	0	0		configs/matched_v1/gpt56luna_gitksan_pdf2_rigsby_original_modelgloss_summary_tables_jpg.json	results/matched_v1/gpt56luna/gitksan/pdf2_rigsby/original/modelgloss_summary_tables_jpg.jsonl	metrics/matched_v1/gpt56luna/gitksan/pdf2_rigsby/original/modelgloss_summary_tables_jpg.json
gpt56luna_gitksan_pdf2_rigsby_original_shot_summary_tables_txt	gpt56luna	Gitksan	pdf2_rigsby	original	shot	summary_tables_txt	complete	37	37	37	0	0		configs/matched_v1/gpt56luna_gitksan_pdf2_rigsby_original_shot_summary_tables_txt.json	results/matched_v1/gpt56luna/gitksan/pdf2_rigsby/original/shot_summary_tables_txt.jsonl	metrics/matched_v1/gpt56luna/gitksan/pdf2_rigsby/original/shot_summary_tables_txt.json
gpt56luna_gitksan_pdf2_rigsby_original_chain_gloss_summary_tables_txt	gpt56luna	Gitksan	pdf2_rigsby	original	chain_gloss	summary_tables_txt	complete	37	37	37	0	0		configs/matched_v1/gpt56luna_gitksan_pdf2_rigsby_original_chain_gloss_summary_tables_txt.json	results/matched_v1/gpt56luna/gitksan/pdf2_rigsby/original/chain_gloss_summary_tables_txt.jsonl	metrics/matched_v1/gpt56luna/gitksan/pdf2_rigsby/original/chain_gloss_summary_tables_txt.json
gpt56luna_gitksan_pdf2_rigsby_original_modelgloss_summary_tables_txt	gpt56luna	Gitksan	pdf2_rigsby	original	modelgloss	summary_tables_txt	complete	37	37	37	0	0		configs/matched_v1/gpt56luna_gitksan_pdf2_rigsby_original_modelgloss_summary_tables_txt.json	results/matched_v1/gpt56luna/gitksan/pdf2_rigsby/original/modelgloss_summary_tables_txt.jsonl	metrics/matched_v1/gpt56luna/gitksan/pdf2_rigsby/original/modelgloss_summary_tables_txt.json
gpt56luna_gitksan_pdf2_rigsby_original_shot_summary_text_txt	gpt56luna	Gitksan	pdf2_rigsby	original	shot	summary_text_txt	complete	37	37	37	0	0		configs/matched_v1/gpt56luna_gitksan_pdf2_rigsby_original_shot_summary_text_txt.json	results/matched_v1/gpt56luna/gitksan/pdf2_rigsby/original/shot_summary_text_txt.jsonl	metrics/matched_v1/gpt56luna/gitksan/pdf2_rigsby/original/shot_summary_text_txt.json
gpt56luna_gitksan_pdf2_rigsby_original_chain_gloss_summary_text_txt	gpt56luna	Gitksan	pdf2_rigsby	original	chain_gloss	summary_text_txt	complete	37	37	37	0	0		configs/matched_v1/gpt56luna_gitksan_pdf2_rigsby_original_chain_gloss_summary_text_txt.json	results/matched_v1/gpt56luna/gitksan/pdf2_rigsby/original/chain_gloss_summary_text_txt.jsonl	metrics/matched_v1/gpt56luna/gitksan/pdf2_rigsby/original/chain_gloss_summary_text_txt.json
gpt56luna_gitksan_pdf2_rigsby_original_modelgloss_summary_text_txt	gpt56luna	Gitksan	pdf2_rigsby	original	modelgloss	summary_text_txt	complete	37	37	37	0	0		configs/matched_v1/gpt56luna_gitksan_pdf2_rigsby_original_modelgloss_summary_text_txt.json	results/matched_v1/gpt56luna/gitksan/pdf2_rigsby/original/modelgloss_summary_text_txt.jsonl	metrics/matched_v1/gpt56luna/gitksan/pdf2_rigsby/original/modelgloss_summary_text_txt.json
gpt56luna_lezgi_grammar_cyrillic_shot_cheatsheet_jpg	gpt56luna	Lezgi	grammar	cyrillic	shot	cheatsheet_jpg	complete	87	87	87	0	0		configs/matched_v1/gpt56luna_lezgi_grammar_cyrillic_shot_cheatsheet_jpg.json	results/matched_v1/gpt56luna/lezgi/grammar/cyrillic/shot_cheatsheet_jpg.jsonl	metrics/matched_v1/gpt56luna/lezgi/grammar/cyrillic/shot_cheatsheet_jpg.json
gpt56luna_lezgi_grammar_cyrillic_chain_gloss_cheatsheet_jpg	gpt56luna	Lezgi	grammar	cyrillic	chain_gloss	cheatsheet_jpg	complete	87	87	87	0	0		configs/matched_v1/gpt56luna_lezgi_grammar_cyrillic_chain_gloss_cheatsheet_jpg.json	results/matched_v1/gpt56luna/lezgi/grammar/cyrillic/chain_gloss_cheatsheet_jpg.jsonl	metrics/matched_v1/gpt56luna/lezgi/grammar/cyrillic/chain_gloss_cheatsheet_jpg.json
gpt56luna_lezgi_grammar_cyrillic_modelgloss_cheatsheet_jpg	gpt56luna	Lezgi	grammar	cyrillic	modelgloss	cheatsheet_jpg	complete	87	87	87	0	0		configs/matched_v1/gpt56luna_lezgi_grammar_cyrillic_modelgloss_cheatsheet_jpg.json	results/matched_v1/gpt56luna/lezgi/grammar/cyrillic/modelgloss_cheatsheet_jpg.jsonl	metrics/matched_v1/gpt56luna/lezgi/grammar/cyrillic/modelgloss_cheatsheet_jpg.json
gpt56luna_lezgi_grammar_cyrillic_shot_cheatsheet_txt	gpt56luna	Lezgi	grammar	cyrillic	shot	cheatsheet_txt	complete	87	87	87	0	0		configs/matched_v1/gpt56luna_lezgi_grammar_cyrillic_shot_cheatsheet_txt.json	results/matched_v1/gpt56luna/lezgi/grammar/cyrillic/shot_cheatsheet_txt.jsonl	metrics/matched_v1/gpt56luna/lezgi/grammar/cyrillic/shot_cheatsheet_txt.json
gpt56luna_lezgi_grammar_cyrillic_chain_gloss_cheatsheet_txt	gpt56luna	Lezgi	grammar	cyrillic	chain_gloss	cheatsheet_txt	complete	87	87	87	0	0		configs/matched_v1/gpt56luna_lezgi_grammar_cyrillic_chain_gloss_cheatsheet_txt.json	results/matched_v1/gpt56luna/lezgi/grammar/cyrillic/chain_gloss_cheatsheet_txt.jsonl	metrics/matched_v1/gpt56luna/lezgi/grammar/cyrillic/chain_gloss_cheatsheet_txt.json
gpt56luna_lezgi_grammar_cyrillic_modelgloss_cheatsheet_txt	gpt56luna	Lezgi	grammar	cyrillic	modelgloss	cheatsheet_txt	complete	87	87	87	0	0		configs/matched_v1/gpt56luna_lezgi_grammar_cyrillic_modelgloss_cheatsheet_txt.json	results/matched_v1/gpt56luna/lezgi/grammar/cyrillic/modelgloss_cheatsheet_txt.jsonl	metrics/matched_v1/gpt56luna/lezgi/grammar/cyrillic/modelgloss_cheatsheet_txt.json
gpt56luna_lezgi_grammar_cyrillic_shot_summary_tables_jpg	gpt56luna	Lezgi	grammar	cyrillic	shot	summary_tables_jpg	partial	87	6	6	0	0		configs/matched_v1/gpt56luna_lezgi_grammar_cyrillic_shot_summary_tables_jpg.json	results/matched_v1/gpt56luna/lezgi/grammar/cyrillic/shot_summary_tables_jpg.jsonl	metrics/matched_v1/gpt56luna/lezgi/grammar/cyrillic/shot_summary_tables_jpg.json
gpt56luna_lezgi_grammar_cyrillic_chain_gloss_summary_tables_jpg	gpt56luna	Lezgi	grammar	cyrillic	chain_gloss	summary_tables_jpg	complete	87	87	87	0	0		configs/matched_v1/gpt56luna_lezgi_grammar_cyrillic_chain_gloss_summary_tables_jpg.json	results/matched_v1/gpt56luna/lezgi/grammar/cyrillic/chain_gloss_summary_tables_jpg.jsonl	metrics/matched_v1/gpt56luna/lezgi/grammar/cyrillic/chain_gloss_summary_tables_jpg.json
gpt56luna_lezgi_grammar_cyrillic_modelgloss_summary_tables_jpg	gpt56luna	Lezgi	grammar	cyrillic	modelgloss	summary_tables_jpg	complete	87	87	87	0	0		configs/matched_v1/gpt56luna_lezgi_grammar_cyrillic_modelgloss_summary_tables_jpg.json	results/matched_v1/gpt56luna/lezgi/grammar/cyrillic/modelgloss_summary_tables_jpg.jsonl	metrics/matched_v1/gpt56luna/lezgi/grammar/cyrillic/modelgloss_summary_tables_jpg.json
gpt56luna_lezgi_grammar_cyrillic_shot_summary_tables_txt	gpt56luna	Lezgi	grammar	cyrillic	shot	summary_tables_txt	pending	87	0	0	0	0		configs/matched_v1/gpt56luna_lezgi_grammar_cyrillic_shot_summary_tables_txt.json	results/matched_v1/gpt56luna/lezgi/grammar/cyrillic/shot_summary_tables_txt.jsonl	metrics/matched_v1/gpt56luna/lezgi/grammar/cyrillic/shot_summary_tables_txt.json
gpt56luna_lezgi_grammar_cyrillic_chain_gloss_summary_tables_txt	gpt56luna	Lezgi	grammar	cyrillic	chain_gloss	summary_tables_txt	pending	87	0	0	0	0		configs/matched_v1/gpt56luna_lezgi_grammar_cyrillic_chain_gloss_summary_tables_txt.json	results/matched_v1/gpt56luna/lezgi/grammar/cyrillic/chain_gloss_summary_tables_txt.jsonl	metrics/matched_v1/gpt56luna/lezgi/grammar/cyrillic/chain_gloss_summary_tables_txt.json
gpt56luna_lezgi_grammar_cyrillic_modelgloss_summary_tables_txt	gpt56luna	Lezgi	grammar	cyrillic	modelgloss	summary_tables_txt	pending	87	0	0	0	0		configs/matched_v1/gpt56luna_lezgi_grammar_cyrillic_modelgloss_summary_tables_txt.json	results/matched_v1/gpt56luna/lezgi/grammar/cyrillic/modelgloss_summary_tables_txt.jsonl	metrics/matched_v1/gpt56luna/lezgi/grammar/cyrillic/modelgloss_summary_tables_txt.json
gpt56luna_lezgi_grammar_cyrillic_shot_summary_text_txt	gpt56luna	Lezgi	grammar	cyrillic	shot	summary_text_txt	pending	87	0	0	0	0		configs/matched_v1/gpt56luna_lezgi_grammar_cyrillic_shot_summary_text_txt.json	results/matched_v1/gpt56luna/lezgi/grammar/cyrillic/shot_summary_text_txt.jsonl	metrics/matched_v1/gpt56luna/lezgi/grammar/cyrillic/shot_summary_text_txt.json
gpt56luna_lezgi_grammar_cyrillic_chain_gloss_summary_text_txt	gpt56luna	Lezgi	grammar	cyrillic	chain_gloss	summary_text_txt	pending	87	0	0	0	0		configs/matched_v1/gpt56luna_lezgi_grammar_cyrillic_chain_gloss_summary_text_txt.json	results/matched_v1/gpt56luna/lezgi/grammar/cyrillic/chain_gloss_summary_text_txt.jsonl	metrics/matched_v1/gpt56luna/lezgi/grammar/cyrillic/chain_gloss_summary_text_txt.json
gpt56luna_lezgi_grammar_cyrillic_modelgloss_summary_text_txt	gpt56luna	Lezgi	grammar	cyrillic	modelgloss	summary_text_txt	pending	87	0	0	0	0		configs/matched_v1/gpt56luna_lezgi_grammar_cyrillic_modelgloss_summary_text_txt.json	results/matched_v1/gpt56luna/lezgi/grammar/cyrillic/modelgloss_summary_text_txt.jsonl	metrics/matched_v1/gpt56luna/lezgi/grammar/cyrillic/modelgloss_summary_text_txt.json
gpt56luna_lezgi_grammar_original_shot_cheatsheet_jpg	gpt56luna	Lezgi	grammar	original	shot	cheatsheet_jpg	pending	87	0	0	0	0		configs/matched_v1/gpt56luna_lezgi_grammar_original_shot_cheatsheet_jpg.json	results/matched_v1/gpt56luna/lezgi/grammar/original/shot_cheatsheet_jpg.jsonl	metrics/matched_v1/gpt56luna/lezgi/grammar/original/shot_cheatsheet_jpg.json
gpt56luna_lezgi_grammar_original_chain_gloss_cheatsheet_jpg	gpt56luna	Lezgi	grammar	original	chain_gloss	cheatsheet_jpg	pending	87	0	0	0	0		configs/matched_v1/gpt56luna_lezgi_grammar_original_chain_gloss_cheatsheet_jpg.json	results/matched_v1/gpt56luna/lezgi/grammar/original/chain_gloss_cheatsheet_jpg.jsonl	metrics/matched_v1/gpt56luna/lezgi/grammar/original/chain_gloss_cheatsheet_jpg.json
gpt56luna_lezgi_grammar_original_modelgloss_cheatsheet_jpg	gpt56luna	Lezgi	grammar	original	modelgloss	cheatsheet_jpg	pending	87	0	0	0	0		configs/matched_v1/gpt56luna_lezgi_grammar_original_modelgloss_cheatsheet_jpg.json	results/matched_v1/gpt56luna/lezgi/grammar/original/modelgloss_cheatsheet_jpg.jsonl	metrics/matched_v1/gpt56luna/lezgi/grammar/original/modelgloss_cheatsheet_jpg.json
gpt56luna_lezgi_grammar_original_shot_cheatsheet_txt	gpt56luna	Lezgi	grammar	original	shot	cheatsheet_txt	pending	87	0	0	0	0		configs/matched_v1/gpt56luna_lezgi_grammar_original_shot_cheatsheet_txt.json	results/matched_v1/gpt56luna/lezgi/grammar/original/shot_cheatsheet_txt.jsonl	metrics/matched_v1/gpt56luna/lezgi/grammar/original/shot_cheatsheet_txt.json
gpt56luna_lezgi_grammar_original_chain_gloss_cheatsheet_txt	gpt56luna	Lezgi	grammar	original	chain_gloss	cheatsheet_txt	pending	87	0	0	0	0		configs/matched_v1/gpt56luna_lezgi_grammar_original_chain_gloss_cheatsheet_txt.json	results/matched_v1/gpt56luna/lezgi/grammar/original/chain_gloss_cheatsheet_txt.jsonl	metrics/matched_v1/gpt56luna/lezgi/grammar/original/chain_gloss_cheatsheet_txt.json
gpt56luna_lezgi_grammar_original_modelgloss_cheatsheet_txt	gpt56luna	Lezgi	grammar	original	modelgloss	cheatsheet_txt	pending	87	0	0	0	0		configs/matched_v1/gpt56luna_lezgi_grammar_original_modelgloss_cheatsheet_txt.json	results/matched_v1/gpt56luna/lezgi/grammar/original/modelgloss_cheatsheet_txt.jsonl	metrics/matched_v1/gpt56luna/lezgi/grammar/original/modelgloss_cheatsheet_txt.json
gpt56luna_lezgi_grammar_original_shot_pdfpages_impactful_jpg	gpt56luna	Lezgi	grammar	original	shot	pdfpages_impactful_jpg	pending	87	0	0	0	0		configs/matched_v1/gpt56luna_lezgi_grammar_original_shot_pdfpages_impactful_jpg.json	results/matched_v1/gpt56luna/lezgi/grammar/original/shot_pdfpages_impactful_jpg.jsonl	metrics/matched_v1/gpt56luna/lezgi/grammar/original/shot_pdfpages_impactful_jpg.json
gpt56luna_lezgi_grammar_original_chain_gloss_pdfpages_impactful_jpg	gpt56luna	Lezgi	grammar	original	chain_gloss	pdfpages_impactful_jpg	pending	87	0	0	0	0		configs/matched_v1/gpt56luna_lezgi_grammar_original_chain_gloss_pdfpages_impactful_jpg.json	results/matched_v1/gpt56luna/lezgi/grammar/original/chain_gloss_pdfpages_impactful_jpg.jsonl	metrics/matched_v1/gpt56luna/lezgi/grammar/original/chain_gloss_pdfpages_impactful_jpg.json
gpt56luna_lezgi_grammar_original_modelgloss_pdfpages_impactful_jpg	gpt56luna	Lezgi	grammar	original	modelgloss	pdfpages_impactful_jpg	pending	87	0	0	0	0		configs/matched_v1/gpt56luna_lezgi_grammar_original_modelgloss_pdfpages_impactful_jpg.json	results/matched_v1/gpt56luna/lezgi/grammar/original/modelgloss_pdfpages_impactful_jpg.jsonl	metrics/matched_v1/gpt56luna/lezgi/grammar/original/modelgloss_pdfpages_impactful_jpg.json
gpt56luna_lezgi_grammar_original_shot_summary_tables_jpg	gpt56luna	Lezgi	grammar	original	shot	summary_tables_jpg	pending	87	0	0	0	0		configs/matched_v1/gpt56luna_lezgi_grammar_original_shot_summary_tables_jpg.json	results/matched_v1/gpt56luna/lezgi/grammar/original/shot_summary_tables_jpg.jsonl	metrics/matched_v1/gpt56luna/lezgi/grammar/original/shot_summary_tables_jpg.json
gpt56luna_lezgi_grammar_original_chain_gloss_summary_tables_jpg	gpt56luna	Lezgi	grammar	original	chain_gloss	summary_tables_jpg	pending	87	0	0	0	0		configs/matched_v1/gpt56luna_lezgi_grammar_original_chain_gloss_summary_tables_jpg.json	results/matched_v1/gpt56luna/lezgi/grammar/original/chain_gloss_summary_tables_jpg.jsonl	metrics/matched_v1/gpt56luna/lezgi/grammar/original/chain_gloss_summary_tables_jpg.json
gpt56luna_lezgi_grammar_original_modelgloss_summary_tables_jpg	gpt56luna	Lezgi	grammar	original	modelgloss	summary_tables_jpg	pending	87	0	0	0	0		configs/matched_v1/gpt56luna_lezgi_grammar_original_modelgloss_summary_tables_jpg.json	results/matched_v1/gpt56luna/lezgi/grammar/original/modelgloss_summary_tables_jpg.jsonl	metrics/matched_v1/gpt56luna/lezgi/grammar/original/modelgloss_summary_tables_jpg.json
gpt56luna_lezgi_grammar_original_shot_summary_tables_txt	gpt56luna	Lezgi	grammar	original	shot	summary_tables_txt	pending	87	0	0	0	0		configs/matched_v1/gpt56luna_lezgi_grammar_original_shot_summary_tables_txt.json	results/matched_v1/gpt56luna/lezgi/grammar/original/shot_summary_tables_txt.jsonl	metrics/matched_v1/gpt56luna/lezgi/grammar/original/shot_summary_tables_txt.json
gpt56luna_lezgi_grammar_original_chain_gloss_summary_tables_txt	gpt56luna	Lezgi	grammar	original	chain_gloss	summary_tables_txt	pending	87	0	0	0	0		configs/matched_v1/gpt56luna_lezgi_grammar_original_chain_gloss_summary_tables_txt.json	results/matched_v1/gpt56luna/lezgi/grammar/original/chain_gloss_summary_tables_txt.jsonl	metrics/matched_v1/gpt56luna/lezgi/grammar/original/chain_gloss_summary_tables_txt.json
gpt56luna_lezgi_grammar_original_modelgloss_summary_tables_txt	gpt56luna	Lezgi	grammar	original	modelgloss	summary_tables_txt	pending	87	0	0	0	0		configs/matched_v1/gpt56luna_lezgi_grammar_original_modelgloss_summary_tables_txt.json	results/matched_v1/gpt56luna/lezgi/grammar/original/modelgloss_summary_tables_txt.jsonl	metrics/matched_v1/gpt56luna/lezgi/grammar/original/modelgloss_summary_tables_txt.json
gpt56luna_lezgi_grammar_original_shot_summary_text_txt	gpt56luna	Lezgi	grammar	original	shot	summary_text_txt	pending	87	0	0	0	0		configs/matched_v1/gpt56luna_lezgi_grammar_original_shot_summary_text_txt.json	results/matched_v1/gpt56luna/lezgi/grammar/original/shot_summary_text_txt.jsonl	metrics/matched_v1/gpt56luna/lezgi/grammar/original/shot_summary_text_txt.json
gpt56luna_lezgi_grammar_original_chain_gloss_summary_text_txt	gpt56luna	Lezgi	grammar	original	chain_gloss	summary_text_txt	pending	87	0	0	0	0		configs/matched_v1/gpt56luna_lezgi_grammar_original_chain_gloss_summary_text_txt.json	results/matched_v1/gpt56luna/lezgi/grammar/original/chain_gloss_summary_text_txt.jsonl	metrics/matched_v1/gpt56luna/lezgi/grammar/original/chain_gloss_summary_text_txt.json
gpt56luna_lezgi_grammar_original_modelgloss_summary_text_txt	gpt56luna	Lezgi	grammar	original	modelgloss	summary_text_txt	pending	87	0	0	0	0		configs/matched_v1/gpt56luna_lezgi_grammar_original_modelgloss_summary_text_txt.json	results/matched_v1/gpt56luna/lezgi/grammar/original/modelgloss_summary_text_txt.jsonl	metrics/matched_v1/gpt56luna/lezgi/grammar/original/modelgloss_summary_text_txt.json
gpt56luna_natugu_grammar_original_shot_cheatsheet_jpg	gpt56luna	Natugu	grammar	original	shot	cheatsheet_jpg	pending	99	0	0	0	0		configs/matched_v1/gpt56luna_natugu_grammar_original_shot_cheatsheet_jpg.json	results/matched_v1/gpt56luna/natugu/grammar/original/shot_cheatsheet_jpg.jsonl	metrics/matched_v1/gpt56luna/natugu/grammar/original/shot_cheatsheet_jpg.json
gpt56luna_natugu_grammar_original_chain_gloss_cheatsheet_jpg	gpt56luna	Natugu	grammar	original	chain_gloss	cheatsheet_jpg	pending	99	0	0	0	0		configs/matched_v1/gpt56luna_natugu_grammar_original_chain_gloss_cheatsheet_jpg.json	results/matched_v1/gpt56luna/natugu/grammar/original/chain_gloss_cheatsheet_jpg.jsonl	metrics/matched_v1/gpt56luna/natugu/grammar/original/chain_gloss_cheatsheet_jpg.json
gpt56luna_natugu_grammar_original_modelgloss_cheatsheet_jpg	gpt56luna	Natugu	grammar	original	modelgloss	cheatsheet_jpg	pending	99	0	0	0	0		configs/matched_v1/gpt56luna_natugu_grammar_original_modelgloss_cheatsheet_jpg.json	results/matched_v1/gpt56luna/natugu/grammar/original/modelgloss_cheatsheet_jpg.jsonl	metrics/matched_v1/gpt56luna/natugu/grammar/original/modelgloss_cheatsheet_jpg.json
gpt56luna_natugu_grammar_original_shot_cheatsheet_txt	gpt56luna	Natugu	grammar	original	shot	cheatsheet_txt	pending	99	0	0	0	0		configs/matched_v1/gpt56luna_natugu_grammar_original_shot_cheatsheet_txt.json	results/matched_v1/gpt56luna/natugu/grammar/original/shot_cheatsheet_txt.jsonl	metrics/matched_v1/gpt56luna/natugu/grammar/original/shot_cheatsheet_txt.json
gpt56luna_natugu_grammar_original_chain_gloss_cheatsheet_txt	gpt56luna	Natugu	grammar	original	chain_gloss	cheatsheet_txt	pending	99	0	0	0	0		configs/matched_v1/gpt56luna_natugu_grammar_original_chain_gloss_cheatsheet_txt.json	results/matched_v1/gpt56luna/natugu/grammar/original/chain_gloss_cheatsheet_txt.jsonl	metrics/matched_v1/gpt56luna/natugu/grammar/original/chain_gloss_cheatsheet_txt.json
gpt56luna_natugu_grammar_original_modelgloss_cheatsheet_txt	gpt56luna	Natugu	grammar	original	modelgloss	cheatsheet_txt	pending	99	0	0	0	0		configs/matched_v1/gpt56luna_natugu_grammar_original_modelgloss_cheatsheet_txt.json	results/matched_v1/gpt56luna/natugu/grammar/original/modelgloss_cheatsheet_txt.jsonl	metrics/matched_v1/gpt56luna/natugu/grammar/original/modelgloss_cheatsheet_txt.json
gpt56luna_natugu_grammar_original_shot_pdfpages_impactful_jpg	gpt56luna	Natugu	grammar	original	shot	pdfpages_impactful_jpg	pending	99	0	0	0	0		configs/matched_v1/gpt56luna_natugu_grammar_original_shot_pdfpages_impactful_jpg.json	results/matched_v1/gpt56luna/natugu/grammar/original/shot_pdfpages_impactful_jpg.jsonl	metrics/matched_v1/gpt56luna/natugu/grammar/original/shot_pdfpages_impactful_jpg.json
gpt56luna_natugu_grammar_original_chain_gloss_pdfpages_impactful_jpg	gpt56luna	Natugu	grammar	original	chain_gloss	pdfpages_impactful_jpg	pending	99	0	0	0	0		configs/matched_v1/gpt56luna_natugu_grammar_original_chain_gloss_pdfpages_impactful_jpg.json	results/matched_v1/gpt56luna/natugu/grammar/original/chain_gloss_pdfpages_impactful_jpg.jsonl	metrics/matched_v1/gpt56luna/natugu/grammar/original/chain_gloss_pdfpages_impactful_jpg.json
gpt56luna_natugu_grammar_original_modelgloss_pdfpages_impactful_jpg	gpt56luna	Natugu	grammar	original	modelgloss	pdfpages_impactful_jpg	pending	99	0	0	0	0		configs/matched_v1/gpt56luna_natugu_grammar_original_modelgloss_pdfpages_impactful_jpg.json	results/matched_v1/gpt56luna/natugu/grammar/original/modelgloss_pdfpages_impactful_jpg.jsonl	metrics/matched_v1/gpt56luna/natugu/grammar/original/modelgloss_pdfpages_impactful_jpg.json
gpt56luna_natugu_grammar_original_shot_summary_tables_jpg	gpt56luna	Natugu	grammar	original	shot	summary_tables_jpg	pending	99	0	0	0	0		configs/matched_v1/gpt56luna_natugu_grammar_original_shot_summary_tables_jpg.json	results/matched_v1/gpt56luna/natugu/grammar/original/shot_summary_tables_jpg.jsonl	metrics/matched_v1/gpt56luna/natugu/grammar/original/shot_summary_tables_jpg.json
gpt56luna_natugu_grammar_original_chain_gloss_summary_tables_jpg	gpt56luna	Natugu	grammar	original	chain_gloss	summary_tables_jpg	pending	99	0	0	0	0		configs/matched_v1/gpt56luna_natugu_grammar_original_chain_gloss_summary_tables_jpg.json	results/matched_v1/gpt56luna/natugu/grammar/original/chain_gloss_summary_tables_jpg.jsonl	metrics/matched_v1/gpt56luna/natugu/grammar/original/chain_gloss_summary_tables_jpg.json
gpt56luna_natugu_grammar_original_modelgloss_summary_tables_jpg	gpt56luna	Natugu	grammar	original	modelgloss	summary_tables_jpg	pending	99	0	0	0	0		configs/matched_v1/gpt56luna_natugu_grammar_original_modelgloss_summary_tables_jpg.json	results/matched_v1/gpt56luna/natugu/grammar/original/modelgloss_summary_tables_jpg.jsonl	metrics/matched_v1/gpt56luna/natugu/grammar/original/modelgloss_summary_tables_jpg.json
gpt56luna_natugu_grammar_original_shot_summary_tables_txt	gpt56luna	Natugu	grammar	original	shot	summary_tables_txt	pending	99	0	0	0	0		configs/matched_v1/gpt56luna_natugu_grammar_original_shot_summary_tables_txt.json	results/matched_v1/gpt56luna/natugu/grammar/original/shot_summary_tables_txt.jsonl	metrics/matched_v1/gpt56luna/natugu/grammar/original/shot_summary_tables_txt.json
gpt56luna_natugu_grammar_original_chain_gloss_summary_tables_txt	gpt56luna	Natugu	grammar	original	chain_gloss	summary_tables_txt	pending	99	0	0	0	0		configs/matched_v1/gpt56luna_natugu_grammar_original_chain_gloss_summary_tables_txt.json	results/matched_v1/gpt56luna/natugu/grammar/original/chain_gloss_summary_tables_txt.jsonl	metrics/matched_v1/gpt56luna/natugu/grammar/original/chain_gloss_summary_tables_txt.json
gpt56luna_natugu_grammar_original_modelgloss_summary_tables_txt	gpt56luna	Natugu	grammar	original	modelgloss	summary_tables_txt	pending	99	0	0	0	0		configs/matched_v1/gpt56luna_natugu_grammar_original_modelgloss_summary_tables_txt.json	results/matched_v1/gpt56luna/natugu/grammar/original/modelgloss_summary_tables_txt.jsonl	metrics/matched_v1/gpt56luna/natugu/grammar/original/modelgloss_summary_tables_txt.json
gpt56luna_natugu_grammar_original_shot_summary_text_txt	gpt56luna	Natugu	grammar	original	shot	summary_text_txt	pending	99	0	0	0	0		configs/matched_v1/gpt56luna_natugu_grammar_original_shot_summary_text_txt.json	results/matched_v1/gpt56luna/natugu/grammar/original/shot_summary_text_txt.jsonl	metrics/matched_v1/gpt56luna/natugu/grammar/original/shot_summary_text_txt.json
gpt56luna_natugu_grammar_original_chain_gloss_summary_text_txt	gpt56luna	Natugu	grammar	original	chain_gloss	summary_text_txt	pending	99	0	0	0	0		configs/matched_v1/gpt56luna_natugu_grammar_original_chain_gloss_summary_text_txt.json	results/matched_v1/gpt56luna/natugu/grammar/original/chain_gloss_summary_text_txt.jsonl	metrics/matched_v1/gpt56luna/natugu/grammar/original/chain_gloss_summary_text_txt.json
gpt56luna_natugu_grammar_original_modelgloss_summary_text_txt	gpt56luna	Natugu	grammar	original	modelgloss	summary_text_txt	pending	99	0	0	0	0		configs/matched_v1/gpt56luna_natugu_grammar_original_modelgloss_summary_text_txt.json	results/matched_v1/gpt56luna/natugu/grammar/original/modelgloss_summary_text_txt.jsonl	metrics/matched_v1/gpt56luna/natugu/grammar/original/modelgloss_summary_text_txt.json
gpt56luna_tsez_grammar_original_shot_cheatsheet_jpg	gpt56luna	Tsez	grammar	original	shot	cheatsheet_jpg	pending	99	0	0	0	0		configs/matched_v1/gpt56luna_tsez_grammar_original_shot_cheatsheet_jpg.json	results/matched_v1/gpt56luna/tsez/grammar/original/shot_cheatsheet_jpg.jsonl	metrics/matched_v1/gpt56luna/tsez/grammar/original/shot_cheatsheet_jpg.json
gpt56luna_tsez_grammar_original_chain_gloss_cheatsheet_jpg	gpt56luna	Tsez	grammar	original	chain_gloss	cheatsheet_jpg	pending	99	0	0	0	0		configs/matched_v1/gpt56luna_tsez_grammar_original_chain_gloss_cheatsheet_jpg.json	results/matched_v1/gpt56luna/tsez/grammar/original/chain_gloss_cheatsheet_jpg.jsonl	metrics/matched_v1/gpt56luna/tsez/grammar/original/chain_gloss_cheatsheet_jpg.json
gpt56luna_tsez_grammar_original_modelgloss_cheatsheet_jpg	gpt56luna	Tsez	grammar	original	modelgloss	cheatsheet_jpg	pending	99	0	0	0	0		configs/matched_v1/gpt56luna_tsez_grammar_original_modelgloss_cheatsheet_jpg.json	results/matched_v1/gpt56luna/tsez/grammar/original/modelgloss_cheatsheet_jpg.jsonl	metrics/matched_v1/gpt56luna/tsez/grammar/original/modelgloss_cheatsheet_jpg.json
gpt56luna_tsez_grammar_original_shot_cheatsheet_txt	gpt56luna	Tsez	grammar	original	shot	cheatsheet_txt	pending	99	0	0	0	0		configs/matched_v1/gpt56luna_tsez_grammar_original_shot_cheatsheet_txt.json	results/matched_v1/gpt56luna/tsez/grammar/original/shot_cheatsheet_txt.jsonl	metrics/matched_v1/gpt56luna/tsez/grammar/original/shot_cheatsheet_txt.json
gpt56luna_tsez_grammar_original_chain_gloss_cheatsheet_txt	gpt56luna	Tsez	grammar	original	chain_gloss	cheatsheet_txt	pending	99	0	0	0	0		configs/matched_v1/gpt56luna_tsez_grammar_original_chain_gloss_cheatsheet_txt.json	results/matched_v1/gpt56luna/tsez/grammar/original/chain_gloss_cheatsheet_txt.jsonl	metrics/matched_v1/gpt56luna/tsez/grammar/original/chain_gloss_cheatsheet_txt.json
gpt56luna_tsez_grammar_original_modelgloss_cheatsheet_txt	gpt56luna	Tsez	grammar	original	modelgloss	cheatsheet_txt	pending	99	0	0	0	0		configs/matched_v1/gpt56luna_tsez_grammar_original_modelgloss_cheatsheet_txt.json	results/matched_v1/gpt56luna/tsez/grammar/original/modelgloss_cheatsheet_txt.jsonl	metrics/matched_v1/gpt56luna/tsez/grammar/original/modelgloss_cheatsheet_txt.json
gpt56luna_tsez_grammar_original_shot_pdfpages_impactful_jpg	gpt56luna	Tsez	grammar	original	shot	pdfpages_impactful_jpg	pending	99	0	0	0	0		configs/matched_v1/gpt56luna_tsez_grammar_original_shot_pdfpages_impactful_jpg.json	results/matched_v1/gpt56luna/tsez/grammar/original/shot_pdfpages_impactful_jpg.jsonl	metrics/matched_v1/gpt56luna/tsez/grammar/original/shot_pdfpages_impactful_jpg.json
gpt56luna_tsez_grammar_original_chain_gloss_pdfpages_impactful_jpg	gpt56luna	Tsez	grammar	original	chain_gloss	pdfpages_impactful_jpg	pending	99	0	0	0	0		configs/matched_v1/gpt56luna_tsez_grammar_original_chain_gloss_pdfpages_impactful_jpg.json	results/matched_v1/gpt56luna/tsez/grammar/original/chain_gloss_pdfpages_impactful_jpg.jsonl	metrics/matched_v1/gpt56luna/tsez/grammar/original/chain_gloss_pdfpages_impactful_jpg.json
gpt56luna_tsez_grammar_original_modelgloss_pdfpages_impactful_jpg	gpt56luna	Tsez	grammar	original	modelgloss	pdfpages_impactful_jpg	pending	99	0	0	0	0		configs/matched_v1/gpt56luna_tsez_grammar_original_modelgloss_pdfpages_impactful_jpg.json	results/matched_v1/gpt56luna/tsez/grammar/original/modelgloss_pdfpages_impactful_jpg.jsonl	metrics/matched_v1/gpt56luna/tsez/grammar/original/modelgloss_pdfpages_impactful_jpg.json
gpt56luna_tsez_grammar_original_shot_summary_tables_jpg	gpt56luna	Tsez	grammar	original	shot	summary_tables_jpg	pending	99	0	0	0	0		configs/matched_v1/gpt56luna_tsez_grammar_original_shot_summary_tables_jpg.json	results/matched_v1/gpt56luna/tsez/grammar/original/shot_summary_tables_jpg.jsonl	metrics/matched_v1/gpt56luna/tsez/grammar/original/shot_summary_tables_jpg.json
gpt56luna_tsez_grammar_original_chain_gloss_summary_tables_jpg	gpt56luna	Tsez	grammar	original	chain_gloss	summary_tables_jpg	pending	99	0	0	0	0		configs/matched_v1/gpt56luna_tsez_grammar_original_chain_gloss_summary_tables_jpg.json	results/matched_v1/gpt56luna/tsez/grammar/original/chain_gloss_summary_tables_jpg.jsonl	metrics/matched_v1/gpt56luna/tsez/grammar/original/chain_gloss_summary_tables_jpg.json
gpt56luna_tsez_grammar_original_modelgloss_summary_tables_jpg	gpt56luna	Tsez	grammar	original	modelgloss	summary_tables_jpg	pending	99	0	0	0	0		configs/matched_v1/gpt56luna_tsez_grammar_original_modelgloss_summary_tables_jpg.json	results/matched_v1/gpt56luna/tsez/grammar/original/modelgloss_summary_tables_jpg.jsonl	metrics/matched_v1/gpt56luna/tsez/grammar/original/modelgloss_summary_tables_jpg.json
gpt56luna_tsez_grammar_original_shot_summary_tables_txt	gpt56luna	Tsez	grammar	original	shot	summary_tables_txt	pending	99	0	0	0	0		configs/matched_v1/gpt56luna_tsez_grammar_original_shot_summary_tables_txt.json	results/matched_v1/gpt56luna/tsez/grammar/original/shot_summary_tables_txt.jsonl	metrics/matched_v1/gpt56luna/tsez/grammar/original/shot_summary_tables_txt.json
gpt56luna_tsez_grammar_original_chain_gloss_summary_tables_txt	gpt56luna	Tsez	grammar	original	chain_gloss	summary_tables_txt	pending	99	0	0	0	0		configs/matched_v1/gpt56luna_tsez_grammar_original_chain_gloss_summary_tables_txt.json	results/matched_v1/gpt56luna/tsez/grammar/original/chain_gloss_summary_tables_txt.jsonl	metrics/matched_v1/gpt56luna/tsez/grammar/original/chain_gloss_summary_tables_txt.json
gpt56luna_tsez_grammar_original_modelgloss_summary_tables_txt	gpt56luna	Tsez	grammar	original	modelgloss	summary_tables_txt	pending	99	0	0	0	0		configs/matched_v1/gpt56luna_tsez_grammar_original_modelgloss_summary_tables_txt.json	results/matched_v1/gpt56luna/tsez/grammar/original/modelgloss_summary_tables_txt.jsonl	metrics/matched_v1/gpt56luna/tsez/grammar/original/modelgloss_summary_tables_txt.json
gpt56luna_tsez_grammar_original_shot_summary_text_txt	gpt56luna	Tsez	grammar	original	shot	summary_text_txt	pending	99	0	0	0	0		configs/matched_v1/gpt56luna_tsez_grammar_original_shot_summary_text_txt.json	results/matched_v1/gpt56luna/tsez/grammar/original/shot_summary_text_txt.jsonl	metrics/matched_v1/gpt56luna/tsez/grammar/original/shot_summary_text_txt.json
gpt56luna_tsez_grammar_original_chain_gloss_summary_text_txt	gpt56luna	Tsez	grammar	original	chain_gloss	summary_text_txt	pending	99	0	0	0	0		configs/matched_v1/gpt56luna_tsez_grammar_original_chain_gloss_summary_text_txt.json	results/matched_v1/gpt56luna/tsez/grammar/original/chain_gloss_summary_text_txt.jsonl	metrics/matched_v1/gpt56luna/tsez/grammar/original/chain_gloss_summary_text_txt.json
gpt56luna_tsez_grammar_original_modelgloss_summary_text_txt	gpt56luna	Tsez	grammar	original	modelgloss	summary_text_txt	pending	99	0	0	0	0		configs/matched_v1/gpt56luna_tsez_grammar_original_modelgloss_summary_text_txt.json	results/matched_v1/gpt56luna/tsez/grammar/original/modelgloss_summary_text_txt.jsonl	metrics/matched_v1/gpt56luna/tsez/grammar/original/modelgloss_summary_text_txt.json
gpt56luna_gitksan_grammar_original_shot_baseline	gpt56luna	Gitksan	grammar	original	shot	baseline	complete	37	37	37	0	0		configs/matched_v1/gpt56luna_gitksan_grammar_original_shot_baseline.json	results/matched_v1/gpt56luna/gitksan/grammar/original/shot_baseline.jsonl	metrics/matched_v1/gpt56luna/gitksan/grammar/original/shot_baseline.json
gpt56luna_gitksan_grammar_original_chain_gloss_baseline	gpt56luna	Gitksan	grammar	original	chain_gloss	baseline	complete	37	37	37	0	0		configs/matched_v1/gpt56luna_gitksan_grammar_original_chain_gloss_baseline.json	results/matched_v1/gpt56luna/gitksan/grammar/original/chain_gloss_baseline.jsonl	metrics/matched_v1/gpt56luna/gitksan/grammar/original/chain_gloss_baseline.json
gpt56luna_gitksan_grammar_original_modelgloss_baseline	gpt56luna	Gitksan	grammar	original	modelgloss	baseline	complete	37	37	37	0	0		configs/matched_v1/gpt56luna_gitksan_grammar_original_modelgloss_baseline.json	results/matched_v1/gpt56luna/gitksan/grammar/original/modelgloss_baseline.jsonl	metrics/matched_v1/gpt56luna/gitksan/grammar/original/modelgloss_baseline.json
gpt56luna_lezgi_grammar_original_shot_baseline	gpt56luna	Lezgi	grammar	original	shot	baseline	complete	87	87	87	0	0		configs/matched_v1/gpt56luna_lezgi_grammar_original_shot_baseline.json	results/matched_v1/gpt56luna/lezgi/grammar/original/shot_baseline.jsonl	metrics/matched_v1/gpt56luna/lezgi/grammar/original/shot_baseline.json
gpt56luna_lezgi_grammar_original_chain_gloss_baseline	gpt56luna	Lezgi	grammar	original	chain_gloss	baseline	complete	87	87	87	0	0		configs/matched_v1/gpt56luna_lezgi_grammar_original_chain_gloss_baseline.json	results/matched_v1/gpt56luna/lezgi/grammar/original/chain_gloss_baseline.jsonl	metrics/matched_v1/gpt56luna/lezgi/grammar/original/chain_gloss_baseline.json
gpt56luna_lezgi_grammar_original_modelgloss_baseline	gpt56luna	Lezgi	grammar	original	modelgloss	baseline	complete	87	87	87	0	0		configs/matched_v1/gpt56luna_lezgi_grammar_original_modelgloss_baseline.json	results/matched_v1/gpt56luna/lezgi/grammar/original/modelgloss_baseline.jsonl	metrics/matched_v1/gpt56luna/lezgi/grammar/original/modelgloss_baseline.json
gpt56luna_natugu_grammar_original_shot_baseline	gpt56luna	Natugu	grammar	original	shot	baseline	complete	99	99	99	0	0		configs/matched_v1/gpt56luna_natugu_grammar_original_shot_baseline.json	results/matched_v1/gpt56luna/natugu/grammar/original/shot_baseline.jsonl	metrics/matched_v1/gpt56luna/natugu/grammar/original/shot_baseline.json
gpt56luna_natugu_grammar_original_chain_gloss_baseline	gpt56luna	Natugu	grammar	original	chain_gloss	baseline	complete	99	99	99	0	0		configs/matched_v1/gpt56luna_natugu_grammar_original_chain_gloss_baseline.json	results/matched_v1/gpt56luna/natugu/grammar/original/chain_gloss_baseline.jsonl	metrics/matched_v1/gpt56luna/natugu/grammar/original/chain_gloss_baseline.json
gpt56luna_natugu_grammar_original_modelgloss_baseline	gpt56luna	Natugu	grammar	original	modelgloss	baseline	complete	99	99	99	0	0		configs/matched_v1/gpt56luna_natugu_grammar_original_modelgloss_baseline.json	results/matched_v1/gpt56luna/natugu/grammar/original/modelgloss_baseline.jsonl	metrics/matched_v1/gpt56luna/natugu/grammar/original/modelgloss_baseline.json
gpt56luna_tsez_grammar_original_shot_baseline	gpt56luna	Tsez	grammar	original	shot	baseline	complete	99	99	99	0	0		configs/matched_v1/gpt56luna_tsez_grammar_original_shot_baseline.json	results/matched_v1/gpt56luna/tsez/grammar/original/shot_baseline.jsonl	metrics/matched_v1/gpt56luna/tsez/grammar/original/shot_baseline.json
gpt56luna_tsez_grammar_original_chain_gloss_baseline	gpt56luna	Tsez	grammar	original	chain_gloss	baseline	complete	99	99	99	0	0		configs/matched_v1/gpt56luna_tsez_grammar_original_chain_gloss_baseline.json	results/matched_v1/gpt56luna/tsez/grammar/original/chain_gloss_baseline.jsonl	metrics/matched_v1/gpt56luna/tsez/grammar/original/chain_gloss_baseline.json
gpt56luna_tsez_grammar_original_modelgloss_baseline	gpt56luna	Tsez	grammar	original	modelgloss	baseline	complete	99	99	99	0	0		configs/matched_v1/gpt56luna_tsez_grammar_original_modelgloss_baseline.json	results/matched_v1/gpt56luna/tsez/grammar/original/modelgloss_baseline.jsonl	metrics/matched_v1/gpt56luna/tsez/grammar/original/modelgloss_baseline.json
