id	model	language	method	material	source	variant	metric	baseline_score	score	delta	p	system_ci_half_width	records	signature	errors	p_holm
qwen3_gitksan_pdf1_brown_original_shot_cheatsheet_jpg	qwen3	Gitksan	shot	cheatsheet_jpg	pdf1_brown	original	BLEU	4.044005638757839	3.1276522055122404	-0.9163534332455985	0.11346886531134688	2.1551290585676135	37	nrefs:1|bs:100000|seed:20260915|case:mixed|eff:no|tok:13a|smooth:exp|version:2.6.0	0	1.0
qwen3_gitksan_pdf1_brown_original_shot_cheatsheet_txt	qwen3	Gitksan	shot	cheatsheet_txt	pdf1_brown	original	BLEU	4.044005638757839	4.059103338180443	0.015097699422604194	0.40532594674053257	2.415822562476716	37	nrefs:1|bs:100000|seed:20260915|case:mixed|eff:no|tok:13a|smooth:exp|version:2.6.0	0	1.0
qwen3_gitksan_pdf1_brown_original_shot_pdfpages_impactful_jpg	qwen3	Gitksan	shot	pdfpages_impactful_jpg	pdf1_brown	original	BLEU	4.044005638757839	3.5815176595489833	-0.46248797920885565	0.1003289967100329	2.68324016964582	37	nrefs:1|bs:100000|seed:20260915|case:mixed|eff:no|tok:13a|smooth:exp|version:2.6.0	0	1.0
qwen3_gitksan_pdf1_brown_original_shot_summary_tables_jpg	qwen3	Gitksan	shot	summary_tables_jpg	pdf1_brown	original	BLEU	4.044005638757839	3.1898963120755033	-0.8541093266823356	0.12212877871221288	2.181020241244109	37	nrefs:1|bs:100000|seed:20260915|case:mixed|eff:no|tok:13a|smooth:exp|version:2.6.0	0	1.0
qwen3_gitksan_pdf1_brown_original_shot_summary_tables_txt	qwen3	Gitksan	shot	summary_tables_txt	pdf1_brown	original	BLEU	4.044005638757839	4.537852409426151	0.49384677066831184	0.1846081539184608	2.497113028949718	37	nrefs:1|bs:100000|seed:20260915|case:mixed|eff:no|tok:13a|smooth:exp|version:2.6.0	0	1.0
qwen3_gitksan_pdf1_brown_original_shot_summary_text_txt	qwen3	Gitksan	shot	summary_text_txt	pdf1_brown	original	BLEU	4.044005638757839	4.744188402167146	0.7001827634093072	0.12904870951290487	2.6137157019457984	37	nrefs:1|bs:100000|seed:20260915|case:mixed|eff:no|tok:13a|smooth:exp|version:2.6.0	0	1.0
qwen3_gitksan_pdf2_rigsby_original_shot_cheatsheet_jpg	qwen3	Gitksan	shot	cheatsheet_jpg	pdf2_rigsby	original	BLEU	4.044005638757839	3.512747415232478	-0.5312582235253611	0.14653853461465385	2.2773974438062297	37	nrefs:1|bs:100000|seed:20260915|case:mixed|eff:no|tok:13a|smooth:exp|version:2.6.0	0	1.0
qwen3_gitksan_pdf2_rigsby_original_shot_cheatsheet_txt	qwen3	Gitksan	shot	cheatsheet_txt	pdf2_rigsby	original	BLEU	4.044005638757839	4.108492080623356	0.06448644186551711	0.24110758892411077	2.4983315535931903	37	nrefs:1|bs:100000|seed:20260915|case:mixed|eff:no|tok:13a|smooth:exp|version:2.6.0	0	1.0
qwen3_gitksan_pdf2_rigsby_original_shot_pdfpages_impactful_jpg	qwen3	Gitksan	shot	pdfpages_impactful_jpg	pdf2_rigsby	original	BLEU	4.044005638757839	3.254106189802404	-0.7898994489554347	0.13380866191338087	2.249058512863275	37	nrefs:1|bs:100000|seed:20260915|case:mixed|eff:no|tok:13a|smooth:exp|version:2.6.0	0	1.0
qwen3_gitksan_pdf2_rigsby_original_shot_summary_tables_jpg	qwen3	Gitksan	shot	summary_tables_jpg	pdf2_rigsby	original	BLEU	4.044005638757839	3.196407336307131	-0.8475983024507081	0.11979880201197989	2.270492971392711	37	nrefs:1|bs:100000|seed:20260915|case:mixed|eff:no|tok:13a|smooth:exp|version:2.6.0	0	1.0
qwen3_gitksan_pdf2_rigsby_original_shot_summary_tables_txt	qwen3	Gitksan	shot	summary_tables_txt	pdf2_rigsby	original	BLEU	4.044005638757839	4.516207825558102	0.4722021868002635	0.047389526104738955	2.495407432050243	37	nrefs:1|bs:100000|seed:20260915|case:mixed|eff:no|tok:13a|smooth:exp|version:2.6.0	0	1.0
qwen3_gitksan_pdf2_rigsby_original_shot_summary_text_txt	qwen3	Gitksan	shot	summary_text_txt	pdf2_rigsby	original	BLEU	4.044005638757839	4.656075526991309	0.6120698882334699	0.036729632703672965	2.5826875662332927	37	nrefs:1|bs:100000|seed:20260915|case:mixed|eff:no|tok:13a|smooth:exp|version:2.6.0	0	1.0
qwen3_gitksan_pdf1_brown_original_shot_cheatsheet_jpg	qwen3	Gitksan	shot	cheatsheet_jpg	pdf1_brown	original	chrF2++	22.96518729232583	23.419398348137133	0.45421105581130305	0.22083779162208378	3.3483009338378906	37	nrefs:1|bs:100000|seed:20260915|case:mixed|eff:yes|nc:6|nw:2|space:no|version:2.6.0	0	1.0
qwen3_gitksan_pdf1_brown_original_shot_cheatsheet_txt	qwen3	Gitksan	shot	cheatsheet_txt	pdf1_brown	original	chrF2++	22.96518729232583	23.398408744220315	0.4332214518944859	0.24797752022479774	3.444045066833496	37	nrefs:1|bs:100000|seed:20260915|case:mixed|eff:yes|nc:6|nw:2|space:no|version:2.6.0	0	1.0
qwen3_gitksan_pdf1_brown_original_shot_pdfpages_impactful_jpg	qwen3	Gitksan	shot	pdfpages_impactful_jpg	pdf1_brown	original	chrF2++	22.96518729232583	21.446305312140645	-1.518881980185185	0.06758932410675893	3.7439870834350586	37	nrefs:1|bs:100000|seed:20260915|case:mixed|eff:yes|nc:6|nw:2|space:no|version:2.6.0	0	1.0
qwen3_gitksan_pdf1_brown_original_shot_summary_tables_jpg	qwen3	Gitksan	shot	summary_tables_jpg	pdf1_brown	original	chrF2++	22.96518729232583	22.59212610482968	-0.37306118749614825	0.2197678023219768	3.5855636596679688	37	nrefs:1|bs:100000|seed:20260915|case:mixed|eff:yes|nc:6|nw:2|space:no|version:2.6.0	0	1.0
qwen3_gitksan_pdf1_brown_original_shot_summary_tables_txt	qwen3	Gitksan	shot	summary_tables_txt	pdf1_brown	original	chrF2++	22.96518729232583	24.889541584802963	1.9243542924771333	0.04132958670413296	3.7210655212402344	37	nrefs:1|bs:100000|seed:20260915|case:mixed|eff:yes|nc:6|nw:2|space:no|version:2.6.0	0	1.0
qwen3_gitksan_pdf1_brown_original_shot_summary_text_txt	qwen3	Gitksan	shot	summary_text_txt	pdf1_brown	original	chrF2++	22.96518729232583	23.768081127926443	0.8028938356006137	0.13996860031399685	3.7526912689208984	37	nrefs:1|bs:100000|seed:20260915|case:mixed|eff:yes|nc:6|nw:2|space:no|version:2.6.0	0	1.0
qwen3_gitksan_pdf2_rigsby_original_shot_cheatsheet_jpg	qwen3	Gitksan	shot	cheatsheet_jpg	pdf2_rigsby	original	chrF2++	22.96518729232583	23.012616877348442	0.04742958502261274	0.3861661383386166	3.427244186401367	37	nrefs:1|bs:100000|seed:20260915|case:mixed|eff:yes|nc:6|nw:2|space:no|version:2.6.0	0	1.0
qwen3_gitksan_pdf2_rigsby_original_shot_cheatsheet_txt	qwen3	Gitksan	shot	cheatsheet_txt	pdf2_rigsby	original	chrF2++	22.96518729232583	23.096590379617467	0.13140308729163763	0.3160868391316087	3.396116256713867	37	nrefs:1|bs:100000|seed:20260915|case:mixed|eff:yes|nc:6|nw:2|space:no|version:2.6.0	0	1.0
qwen3_gitksan_pdf2_rigsby_original_shot_pdfpages_impactful_jpg	qwen3	Gitksan	shot	pdfpages_impactful_jpg	pdf2_rigsby	original	chrF2++	22.96518729232583	23.14611163551369	0.18092434318786133	0.3453865461345387	3.638491630554199	37	nrefs:1|bs:100000|seed:20260915|case:mixed|eff:yes|nc:6|nw:2|space:no|version:2.6.0	0	1.0
qwen3_gitksan_pdf2_rigsby_original_shot_summary_tables_jpg	qwen3	Gitksan	shot	summary_tables_jpg	pdf2_rigsby	original	chrF2++	22.96518729232583	22.56364347569176	-0.4015438166340708	0.2084979150208498	3.3268280029296875	37	nrefs:1|bs:100000|seed:20260915|case:mixed|eff:yes|nc:6|nw:2|space:no|version:2.6.0	0	1.0
qwen3_gitksan_pdf2_rigsby_original_shot_summary_tables_txt	qwen3	Gitksan	shot	summary_tables_txt	pdf2_rigsby	original	chrF2++	22.96518729232583	24.190755282784796	1.2255679904589662	0.1016789832101679	3.8672876358032227	37	nrefs:1|bs:100000|seed:20260915|case:mixed|eff:yes|nc:6|nw:2|space:no|version:2.6.0	0	1.0
qwen3_gitksan_pdf2_rigsby_original_shot_summary_text_txt	qwen3	Gitksan	shot	summary_text_txt	pdf2_rigsby	original	chrF2++	22.96518729232583	23.753893157779444	0.7887058654536148	0.15526844731552686	3.758702278137207	37	nrefs:1|bs:100000|seed:20260915|case:mixed|eff:yes|nc:6|nw:2|space:no|version:2.6.0	0	1.0
qwen3_gitksan_pdf1_brown_original_chain_gloss_cheatsheet_jpg	qwen3	Gitksan	chain_gloss	cheatsheet_jpg	pdf1_brown	original	BLEU	4.963966305410087	4.314815647498041	-0.6491506579120454	0.21570784292157077	2.4371692262664504	37	nrefs:1|bs:100000|seed:20260915|case:mixed|eff:no|tok:13a|smooth:exp|version:2.6.0	0	1.0
qwen3_gitksan_pdf1_brown_original_chain_gloss_cheatsheet_txt	qwen3	Gitksan	chain_gloss	cheatsheet_txt	pdf1_brown	original	BLEU	4.963966305410087	4.871060719669748	-0.09290558574033891	0.32373676263237366	2.825637634024591	37	nrefs:1|bs:100000|seed:20260915|case:mixed|eff:no|tok:13a|smooth:exp|version:2.6.0	0	1.0
qwen3_gitksan_pdf1_brown_original_chain_gloss_pdfpages_impactful_jpg	qwen3	Gitksan	chain_gloss	pdfpages_impactful_jpg	pdf1_brown	original	BLEU	4.963966305410087	3.243635765062171	-1.7203305403479154	0.043429565704342955	1.8804654574439692	37	nrefs:1|bs:100000|seed:20260915|case:mixed|eff:no|tok:13a|smooth:exp|version:2.6.0	1	1.0
qwen3_gitksan_pdf1_brown_original_chain_gloss_summary_tables_jpg	qwen3	Gitksan	chain_gloss	summary_tables_jpg	pdf1_brown	original	BLEU	4.963966305410087	4.098662556160234	-0.8653037492498523	0.15523844761552386	2.4646974592509165	37	nrefs:1|bs:100000|seed:20260915|case:mixed|eff:no|tok:13a|smooth:exp|version:2.6.0	0	1.0
qwen3_gitksan_pdf1_brown_original_chain_gloss_summary_tables_txt	qwen3	Gitksan	chain_gloss	summary_tables_txt	pdf1_brown	original	BLEU	4.963966305410087	4.338562051864371	-0.6254042535457156	0.18573814261857383	2.5259248562311067	37	nrefs:1|bs:100000|seed:20260915|case:mixed|eff:no|tok:13a|smooth:exp|version:2.6.0	0	1.0
qwen3_gitksan_pdf1_brown_original_chain_gloss_summary_text_txt	qwen3	Gitksan	chain_gloss	summary_text_txt	pdf1_brown	original	BLEU	4.963966305410087	4.713250543146406	-0.2507157622636811	0.25006749932500677	2.7969976798513887	37	nrefs:1|bs:100000|seed:20260915|case:mixed|eff:no|tok:13a|smooth:exp|version:2.6.0	0	1.0
qwen3_gitksan_pdf2_rigsby_original_chain_gloss_cheatsheet_jpg	qwen3	Gitksan	chain_gloss	cheatsheet_jpg	pdf2_rigsby	original	BLEU	4.963966305410087	4.903468468288813	-0.060497837121273434	0.3318266817331827	2.7724203191485595	37	nrefs:1|bs:100000|seed:20260915|case:mixed|eff:no|tok:13a|smooth:exp|version:2.6.0	0	1.0
qwen3_gitksan_pdf2_rigsby_original_chain_gloss_cheatsheet_txt	qwen3	Gitksan	chain_gloss	cheatsheet_txt	pdf2_rigsby	original	BLEU	4.963966305410087	4.1581526269788585	-0.8058136784312282	0.16048839511604884	2.4702668172879436	37	nrefs:1|bs:100000|seed:20260915|case:mixed|eff:no|tok:13a|smooth:exp|version:2.6.0	0	1.0
qwen3_gitksan_pdf2_rigsby_original_chain_gloss_pdfpages_impactful_jpg	qwen3	Gitksan	chain_gloss	pdfpages_impactful_jpg	pdf2_rigsby	original	BLEU	4.963966305410087	4.97474035090545	0.010774045495363538	0.4097159028409716	2.8329150883901653	37	nrefs:1|bs:100000|seed:20260915|case:mixed|eff:no|tok:13a|smooth:exp|version:2.6.0	0	1.0
qwen3_gitksan_pdf2_rigsby_original_chain_gloss_summary_tables_jpg	qwen3	Gitksan	chain_gloss	summary_tables_jpg	pdf2_rigsby	original	BLEU	4.963966305410087	5.4430396676594786	0.4790733622493919	0.08985910140898591	2.7660684020034925	37	nrefs:1|bs:100000|seed:20260915|case:mixed|eff:no|tok:13a|smooth:exp|version:2.6.0	0	1.0
qwen3_gitksan_pdf2_rigsby_original_chain_gloss_summary_tables_txt	qwen3	Gitksan	chain_gloss	summary_tables_txt	pdf2_rigsby	original	BLEU	4.963966305410087	4.557289312864034	-0.4066769925460525	0.21718782812171877	2.5003798083717026	37	nrefs:1|bs:100000|seed:20260915|case:mixed|eff:no|tok:13a|smooth:exp|version:2.6.0	0	1.0
qwen3_gitksan_pdf2_rigsby_original_chain_gloss_summary_text_txt	qwen3	Gitksan	chain_gloss	summary_text_txt	pdf2_rigsby	original	BLEU	4.963966305410087	4.8594747955707005	-0.10449150983938615	0.3807561924380756	2.5953373951210397	37	nrefs:1|bs:100000|seed:20260915|case:mixed|eff:no|tok:13a|smooth:exp|version:2.6.0	0	1.0
qwen3_gitksan_pdf1_brown_original_chain_gloss_cheatsheet_jpg	qwen3	Gitksan	chain_gloss	cheatsheet_jpg	pdf1_brown	original	chrF2++	24.944861613278682	24.50495584003591	-0.4399057732427707	0.23883761162388376	3.2904043197631836	37	nrefs:1|bs:100000|seed:20260915|case:mixed|eff:yes|nc:6|nw:2|space:no|version:2.6.0	0	1.0
qwen3_gitksan_pdf1_brown_original_chain_gloss_cheatsheet_txt	qwen3	Gitksan	chain_gloss	cheatsheet_txt	pdf1_brown	original	chrF2++	24.944861613278682	22.62310697572331	-2.3217546375553724	0.00924990750092499	2.5062475204467773	37	nrefs:1|bs:100000|seed:20260915|case:mixed|eff:yes|nc:6|nw:2|space:no|version:2.6.0	0	1.0
qwen3_gitksan_pdf1_brown_original_chain_gloss_pdfpages_impactful_jpg	qwen3	Gitksan	chain_gloss	pdfpages_impactful_jpg	pdf1_brown	original	chrF2++	24.944861613278682	22.974235186874683	-1.9706264264039994	0.06999930000699993	4.0509185791015625	37	nrefs:1|bs:100000|seed:20260915|case:mixed|eff:yes|nc:6|nw:2|space:no|version:2.6.0	1	1.0
qwen3_gitksan_pdf1_brown_original_chain_gloss_summary_tables_jpg	qwen3	Gitksan	chain_gloss	summary_tables_jpg	pdf1_brown	original	chrF2++	24.944861613278682	25.22554159348122	0.2806799802025388	0.26069739302606976	3.075347900390625	37	nrefs:1|bs:100000|seed:20260915|case:mixed|eff:yes|nc:6|nw:2|space:no|version:2.6.0	0	1.0
qwen3_gitksan_pdf1_brown_original_chain_gloss_summary_tables_txt	qwen3	Gitksan	chain_gloss	summary_tables_txt	pdf1_brown	original	chrF2++	24.944861613278682	23.586414682259935	-1.3584469310187473	0.08625913740862591	3.7331247329711914	37	nrefs:1|bs:100000|seed:20260915|case:mixed|eff:yes|nc:6|nw:2|space:no|version:2.6.0	0	1.0
qwen3_gitksan_pdf1_brown_original_chain_gloss_summary_text_txt	qwen3	Gitksan	chain_gloss	summary_text_txt	pdf1_brown	original	chrF2++	24.944861613278682	23.053759409834736	-1.8911022034439462	0.08759912400875991	3.9490556716918945	37	nrefs:1|bs:100000|seed:20260915|case:mixed|eff:yes|nc:6|nw:2|space:no|version:2.6.0	0	1.0
qwen3_gitksan_pdf2_rigsby_original_chain_gloss_cheatsheet_jpg	qwen3	Gitksan	chain_gloss	cheatsheet_jpg	pdf2_rigsby	original	chrF2++	24.944861613278682	23.801759244601993	-1.14310236867669	0.0905390946090539	3.238104820251465	37	nrefs:1|bs:100000|seed:20260915|case:mixed|eff:yes|nc:6|nw:2|space:no|version:2.6.0	0	1.0
qwen3_gitksan_pdf2_rigsby_original_chain_gloss_cheatsheet_txt	qwen3	Gitksan	chain_gloss	cheatsheet_txt	pdf2_rigsby	original	chrF2++	24.944861613278682	24.031883047047863	-0.9129785662308194	0.11492885071149289	3.064314842224121	37	nrefs:1|bs:100000|seed:20260915|case:mixed|eff:yes|nc:6|nw:2|space:no|version:2.6.0	0	1.0
qwen3_gitksan_pdf2_rigsby_original_chain_gloss_pdfpages_impactful_jpg	qwen3	Gitksan	chain_gloss	pdfpages_impactful_jpg	pdf2_rigsby	original	chrF2++	24.944861613278682	23.718035884476738	-1.2268257288019448	0.10784892151078489	3.3465309143066406	37	nrefs:1|bs:100000|seed:20260915|case:mixed|eff:yes|nc:6|nw:2|space:no|version:2.6.0	0	1.0
qwen3_gitksan_pdf2_rigsby_original_chain_gloss_summary_tables_jpg	qwen3	Gitksan	chain_gloss	summary_tables_jpg	pdf2_rigsby	original	chrF2++	24.944861613278682	24.20824080166998	-0.7366208116087023	0.16304836951630483	3.50032901763916	37	nrefs:1|bs:100000|seed:20260915|case:mixed|eff:yes|nc:6|nw:2|space:no|version:2.6.0	0	1.0
qwen3_gitksan_pdf2_rigsby_original_chain_gloss_summary_tables_txt	qwen3	Gitksan	chain_gloss	summary_tables_txt	pdf2_rigsby	original	chrF2++	24.944861613278682	24.369519195887833	-0.5753424173908499	0.1881781182188178	3.409587860107422	37	nrefs:1|bs:100000|seed:20260915|case:mixed|eff:yes|nc:6|nw:2|space:no|version:2.6.0	0	1.0
qwen3_gitksan_pdf2_rigsby_original_chain_gloss_summary_text_txt	qwen3	Gitksan	chain_gloss	summary_text_txt	pdf2_rigsby	original	chrF2++	24.944861613278682	24.804751965803952	-0.14010964747473054	0.35428645713542867	3.628962516784668	37	nrefs:1|bs:100000|seed:20260915|case:mixed|eff:yes|nc:6|nw:2|space:no|version:2.6.0	0	1.0
qwen3_gitksan_pdf1_brown_original_modelgloss_cheatsheet_jpg	qwen3	Gitksan	modelgloss	cheatsheet_jpg	pdf1_brown	original	BLEU	13.896758618478515	12.544816174108712	-1.3519424443698025	0.16472835271647285	4.252615194947928	37	nrefs:1|bs:100000|seed:20260915|case:mixed|eff:no|tok:13a|smooth:exp|version:2.6.0	0	1.0
qwen3_gitksan_pdf1_brown_original_modelgloss_cheatsheet_txt	qwen3	Gitksan	modelgloss	cheatsheet_txt	pdf1_brown	original	BLEU	13.896758618478515	14.334342477148656	0.43758385867014127	0.2870371296287037	4.501531359343575	37	nrefs:1|bs:100000|seed:20260915|case:mixed|eff:no|tok:13a|smooth:exp|version:2.6.0	0	1.0
qwen3_gitksan_pdf1_brown_original_modelgloss_pdfpages_impactful_jpg	qwen3	Gitksan	modelgloss	pdfpages_impactful_jpg	pdf1_brown	original	BLEU	13.896758618478515	12.874331196901743	-1.0224274215767721	0.23445765542344577	4.476671225574716	37	nrefs:1|bs:100000|seed:20260915|case:mixed|eff:no|tok:13a|smooth:exp|version:2.6.0	0	1.0
qwen3_gitksan_pdf1_brown_original_modelgloss_summary_tables_jpg	qwen3	Gitksan	modelgloss	summary_tables_jpg	pdf1_brown	original	BLEU	13.896758618478515	12.523258736246467	-1.373499882232048	0.16009839901600983	3.4869750676912696	37	nrefs:1|bs:100000|seed:20260915|case:mixed|eff:no|tok:13a|smooth:exp|version:2.6.0	0	1.0
qwen3_gitksan_pdf1_brown_original_modelgloss_summary_tables_txt	qwen3	Gitksan	modelgloss	summary_tables_txt	pdf1_brown	original	BLEU	13.896758618478515	15.529468909543747	1.6327102910652318	0.11163888361116389	3.6226427803346555	37	nrefs:1|bs:100000|seed:20260915|case:mixed|eff:no|tok:13a|smooth:exp|version:2.6.0	0	1.0
qwen3_gitksan_pdf1_brown_original_modelgloss_summary_text_txt	qwen3	Gitksan	modelgloss	summary_text_txt	pdf1_brown	original	BLEU	13.896758618478515	14.05168420233275	0.15492558385423472	0.37620623793762065	3.9478845421866113	37	nrefs:1|bs:100000|seed:20260915|case:mixed|eff:no|tok:13a|smooth:exp|version:2.6.0	0	1.0
qwen3_gitksan_pdf2_rigsby_original_modelgloss_cheatsheet_jpg	qwen3	Gitksan	modelgloss	cheatsheet_jpg	pdf2_rigsby	original	BLEU	13.896758618478515	13.990707314744673	0.09394869626615865	0.39104608953910464	4.422151856991988	37	nrefs:1|bs:100000|seed:20260915|case:mixed|eff:no|tok:13a|smooth:exp|version:2.6.0	0	1.0
qwen3_gitksan_pdf2_rigsby_original_modelgloss_cheatsheet_txt	qwen3	Gitksan	modelgloss	cheatsheet_txt	pdf2_rigsby	original	BLEU	13.896758618478515	15.12137427386775	1.2246156553892344	0.12596874031259686	3.8855645989094114	37	nrefs:1|bs:100000|seed:20260915|case:mixed|eff:no|tok:13a|smooth:exp|version:2.6.0	0	1.0
qwen3_gitksan_pdf2_rigsby_original_modelgloss_pdfpages_impactful_jpg	qwen3	Gitksan	modelgloss	pdfpages_impactful_jpg	pdf2_rigsby	original	BLEU	13.896758618478515	14.098334698271177	0.20157607979266245	0.3651363486365136	4.427733213726786	37	nrefs:1|bs:100000|seed:20260915|case:mixed|eff:no|tok:13a|smooth:exp|version:2.6.0	0	1.0
qwen3_gitksan_pdf2_rigsby_original_modelgloss_summary_tables_jpg	qwen3	Gitksan	modelgloss	summary_tables_jpg	pdf2_rigsby	original	BLEU	13.896758618478515	14.745193760188842	0.8484351417103273	0.2007579924200758	4.255391584494554	37	nrefs:1|bs:100000|seed:20260915|case:mixed|eff:no|tok:13a|smooth:exp|version:2.6.0	0	1.0
qwen3_gitksan_pdf2_rigsby_original_modelgloss_summary_tables_txt	qwen3	Gitksan	modelgloss	summary_tables_txt	pdf2_rigsby	original	BLEU	13.896758618478515	14.997414219933194	1.1006556014546796	0.13832861671383287	3.9698411560156286	37	nrefs:1|bs:100000|seed:20260915|case:mixed|eff:no|tok:13a|smooth:exp|version:2.6.0	0	1.0
qwen3_gitksan_pdf2_rigsby_original_modelgloss_summary_text_txt	qwen3	Gitksan	modelgloss	summary_text_txt	pdf2_rigsby	original	BLEU	13.896758618478515	14.774312384089585	0.8775537656110703	0.2013779862201378	3.6710148398957756	37	nrefs:1|bs:100000|seed:20260915|case:mixed|eff:no|tok:13a|smooth:exp|version:2.6.0	0	1.0
qwen3_gitksan_pdf1_brown_original_modelgloss_cheatsheet_jpg	qwen3	Gitksan	modelgloss	cheatsheet_jpg	pdf1_brown	original	chrF2++	44.74102525079723	43.47410462059852	-1.2669206301987117	0.13131868681313186	4.047039031982422	37	nrefs:1|bs:100000|seed:20260915|case:mixed|eff:yes|nc:6|nw:2|space:no|version:2.6.0	0	1.0
qwen3_gitksan_pdf1_brown_original_modelgloss_cheatsheet_txt	qwen3	Gitksan	modelgloss	cheatsheet_txt	pdf1_brown	original	chrF2++	44.74102525079723	46.04589102040042	1.3048657696031896	0.13815861841381585	3.7383956909179688	37	nrefs:1|bs:100000|seed:20260915|case:mixed|eff:yes|nc:6|nw:2|space:no|version:2.6.0	0	1.0
qwen3_gitksan_pdf1_brown_original_modelgloss_pdfpages_impactful_jpg	qwen3	Gitksan	modelgloss	pdfpages_impactful_jpg	pdf1_brown	original	chrF2++	44.74102525079723	41.98040586288012	-2.76061938791711	0.08291917080829192	4.642555236816406	37	nrefs:1|bs:100000|seed:20260915|case:mixed|eff:yes|nc:6|nw:2|space:no|version:2.6.0	0	1.0
qwen3_gitksan_pdf1_brown_original_modelgloss_summary_tables_jpg	qwen3	Gitksan	modelgloss	summary_tables_jpg	pdf1_brown	original	chrF2++	44.74102525079723	44.64180180597824	-0.09922344481898904	0.3876061239387606	3.955106735229492	37	nrefs:1|bs:100000|seed:20260915|case:mixed|eff:yes|nc:6|nw:2|space:no|version:2.6.0	0	1.0
qwen3_gitksan_pdf1_brown_original_modelgloss_summary_tables_txt	qwen3	Gitksan	modelgloss	summary_tables_txt	pdf1_brown	original	chrF2++	44.74102525079723	45.63719292586266	0.8961676750654277	0.16694833051669483	3.5862159729003906	37	nrefs:1|bs:100000|seed:20260915|case:mixed|eff:yes|nc:6|nw:2|space:no|version:2.6.0	0	1.0
qwen3_gitksan_pdf1_brown_original_modelgloss_summary_text_txt	qwen3	Gitksan	modelgloss	summary_text_txt	pdf1_brown	original	chrF2++	44.74102525079723	45.43417402131116	0.693148770513929	0.23485765142348577	3.5431652069091797	37	nrefs:1|bs:100000|seed:20260915|case:mixed|eff:yes|nc:6|nw:2|space:no|version:2.6.0	0	1.0
qwen3_gitksan_pdf2_rigsby_original_modelgloss_cheatsheet_jpg	qwen3	Gitksan	modelgloss	cheatsheet_jpg	pdf2_rigsby	original	chrF2++	44.74102525079723	44.0137310679639	-0.7272941828333259	0.1923080769192308	3.854787826538086	37	nrefs:1|bs:100000|seed:20260915|case:mixed|eff:yes|nc:6|nw:2|space:no|version:2.6.0	0	1.0
qwen3_gitksan_pdf2_rigsby_original_modelgloss_cheatsheet_txt	qwen3	Gitksan	modelgloss	cheatsheet_txt	pdf2_rigsby	original	chrF2++	44.74102525079723	45.16215127351881	0.4211260227215803	0.23662763372366277	4.266021728515625	37	nrefs:1|bs:100000|seed:20260915|case:mixed|eff:yes|nc:6|nw:2|space:no|version:2.6.0	0	1.0
qwen3_gitksan_pdf2_rigsby_original_modelgloss_pdfpages_impactful_jpg	qwen3	Gitksan	modelgloss	pdfpages_impactful_jpg	pdf2_rigsby	original	chrF2++	44.74102525079723	43.45422906485403	-1.2867961859431958	0.15343846561534386	3.972970962524414	37	nrefs:1|bs:100000|seed:20260915|case:mixed|eff:yes|nc:6|nw:2|space:no|version:2.6.0	0	1.0
qwen3_gitksan_pdf2_rigsby_original_modelgloss_summary_tables_jpg	qwen3	Gitksan	modelgloss	summary_tables_jpg	pdf2_rigsby	original	chrF2++	44.74102525079723	44.49733130514384	-0.24369394565339064	0.3270767292327077	3.7183284759521484	37	nrefs:1|bs:100000|seed:20260915|case:mixed|eff:yes|nc:6|nw:2|space:no|version:2.6.0	0	1.0
qwen3_gitksan_pdf2_rigsby_original_modelgloss_summary_tables_txt	qwen3	Gitksan	modelgloss	summary_tables_txt	pdf2_rigsby	original	chrF2++	44.74102525079723	44.858069448143134	0.11704419734590488	0.3663963360366396	4.169696807861328	37	nrefs:1|bs:100000|seed:20260915|case:mixed|eff:yes|nc:6|nw:2|space:no|version:2.6.0	0	1.0
qwen3_gitksan_pdf2_rigsby_original_modelgloss_summary_text_txt	qwen3	Gitksan	modelgloss	summary_text_txt	pdf2_rigsby	original	chrF2++	44.74102525079723	44.16836532792347	-0.5726599228737612	0.20949790502094978	4.079364776611328	37	nrefs:1|bs:100000|seed:20260915|case:mixed|eff:yes|nc:6|nw:2|space:no|version:2.6.0	0	1.0
qwen3_lezgi_grammar_cyrillic_shot_cheatsheet_jpg	qwen3	Lezgi	shot	cheatsheet_jpg	grammar	cyrillic	BLEU	7.961926439887438	7.991641576128116	0.029715136240678675	0.3988060119398806	6.260163029412673	87	nrefs:1|bs:100000|seed:20260915|case:mixed|eff:no|tok:13a|smooth:exp|version:2.6.0	1	1.0
qwen3_lezgi_grammar_cyrillic_shot_cheatsheet_txt	qwen3	Lezgi	shot	cheatsheet_txt	grammar	cyrillic	BLEU	7.961926439887438	7.836965360764149	-0.12496107912328824	0.2699573004269957	6.3988870570821295	87	nrefs:1|bs:100000|seed:20260915|case:mixed|eff:no|tok:13a|smooth:exp|version:2.6.0	0	1.0
qwen3_lezgi_grammar_cyrillic_shot_summary_tables_jpg	qwen3	Lezgi	shot	summary_tables_jpg	grammar	cyrillic	BLEU	7.961926439887438	7.358039299490329	-0.6038871403971084	0.07751922480775192	5.90919111138596	87	nrefs:1|bs:100000|seed:20260915|case:mixed|eff:no|tok:13a|smooth:exp|version:2.6.0	0	1.0
qwen3_lezgi_grammar_cyrillic_shot_summary_tables_txt	qwen3	Lezgi	shot	summary_tables_txt	grammar	cyrillic	BLEU	7.961926439887438	7.964825791383657	0.002899351496219005	0.3973460265397346	6.27370457891631	87	nrefs:1|bs:100000|seed:20260915|case:mixed|eff:no|tok:13a|smooth:exp|version:2.6.0	0	1.0
qwen3_lezgi_grammar_cyrillic_shot_summary_text_txt	qwen3	Lezgi	shot	summary_text_txt	grammar	cyrillic	BLEU	7.961926439887438	7.431008413908101	-0.5309180259793367	0.1013589864101359	5.644866083486297	87	nrefs:1|bs:100000|seed:20260915|case:mixed|eff:no|tok:13a|smooth:exp|version:2.6.0	0	1.0
qwen3_lezgi_grammar_original_shot_cheatsheet_jpg	qwen3	Lezgi	shot	cheatsheet_jpg	grammar	original	BLEU	7.961926439887438	7.2991229240124005	-0.6628035158750372	0.08272917270827292	6.2192796065792555	87	nrefs:1|bs:100000|seed:20260915|case:mixed|eff:no|tok:13a|smooth:exp|version:2.6.0	0	1.0
qwen3_lezgi_grammar_original_shot_cheatsheet_txt	qwen3	Lezgi	shot	cheatsheet_txt	grammar	original	BLEU	7.961926439887438	8.049995071976387	0.088068632088949	0.3018269817301827	6.60438581701942	87	nrefs:1|bs:100000|seed:20260915|case:mixed|eff:no|tok:13a|smooth:exp|version:2.6.0	0	1.0
qwen3_lezgi_grammar_original_shot_pdfpages_impactful_jpg	qwen3	Lezgi	shot	pdfpages_impactful_jpg	grammar	original	BLEU	7.961926439887438	6.576371662587547	-1.385554777299891	0.05829941700582994	5.533846986226101	87	nrefs:1|bs:100000|seed:20260915|case:mixed|eff:no|tok:13a|smooth:exp|version:2.6.0	0	1.0
qwen3_lezgi_grammar_original_shot_summary_tables_jpg	qwen3	Lezgi	shot	summary_tables_jpg	grammar	original	BLEU	7.961926439887438	7.677631812369116	-0.2842946275183218	0.16144838551614485	6.091534610415376	87	nrefs:1|bs:100000|seed:20260915|case:mixed|eff:no|tok:13a|smooth:exp|version:2.6.0	0	1.0
qwen3_lezgi_grammar_original_shot_summary_tables_txt	qwen3	Lezgi	shot	summary_tables_txt	grammar	original	BLEU	7.961926439887438	8.291356359824823	0.32942991993738513	0.13118868811311887	6.411822252507335	87	nrefs:1|bs:100000|seed:20260915|case:mixed|eff:no|tok:13a|smooth:exp|version:2.6.0	0	1.0
qwen3_lezgi_grammar_original_shot_summary_text_txt	qwen3	Lezgi	shot	summary_text_txt	grammar	original	BLEU	7.961926439887438	7.635874428059205	-0.3260520118282324	0.14253857461425387	5.849164735313486	87	nrefs:1|bs:100000|seed:20260915|case:mixed|eff:no|tok:13a|smooth:exp|version:2.6.0	0	1.0
qwen3_lezgi_grammar_cyrillic_shot_cheatsheet_jpg	qwen3	Lezgi	shot	cheatsheet_jpg	grammar	cyrillic	chrF2++	21.689023000858047	21.404237287413547	-0.2847857134444993	0.26039739602603973	4.635705947875977	87	nrefs:1|bs:100000|seed:20260915|case:mixed|eff:yes|nc:6|nw:2|space:no|version:2.6.0	1	1.0
qwen3_lezgi_grammar_cyrillic_shot_cheatsheet_txt	qwen3	Lezgi	shot	cheatsheet_txt	grammar	cyrillic	chrF2++	21.689023000858047	21.76891383692432	0.0798908360662729	0.34812651873481265	4.418379783630371	87	nrefs:1|bs:100000|seed:20260915|case:mixed|eff:yes|nc:6|nw:2|space:no|version:2.6.0	0	1.0
qwen3_lezgi_grammar_cyrillic_shot_summary_tables_jpg	qwen3	Lezgi	shot	summary_tables_jpg	grammar	cyrillic	chrF2++	21.689023000858047	21.13136979403918	-0.5576532068188662	0.11639883601163989	4.48734188079834	87	nrefs:1|bs:100000|seed:20260915|case:mixed|eff:yes|nc:6|nw:2|space:no|version:2.6.0	0	1.0
qwen3_lezgi_grammar_cyrillic_shot_summary_tables_txt	qwen3	Lezgi	shot	summary_tables_txt	grammar	cyrillic	chrF2++	21.689023000858047	22.018536808860617	0.32951380800257013	0.1931680683193168	4.474767684936523	87	nrefs:1|bs:100000|seed:20260915|case:mixed|eff:yes|nc:6|nw:2|space:no|version:2.6.0	0	1.0
qwen3_lezgi_grammar_cyrillic_shot_summary_text_txt	qwen3	Lezgi	shot	summary_text_txt	grammar	cyrillic	chrF2++	21.689023000858047	21.93365284893426	0.2446298480762117	0.2561174388256117	4.153591156005859	87	nrefs:1|bs:100000|seed:20260915|case:mixed|eff:yes|nc:6|nw:2|space:no|version:2.6.0	0	1.0
qwen3_lezgi_grammar_original_shot_cheatsheet_jpg	qwen3	Lezgi	shot	cheatsheet_jpg	grammar	original	chrF2++	21.689023000858047	20.962496086050542	-0.7265269148075042	0.07911920880791191	4.434513092041016	87	nrefs:1|bs:100000|seed:20260915|case:mixed|eff:yes|nc:6|nw:2|space:no|version:2.6.0	0	1.0
qwen3_lezgi_grammar_original_shot_cheatsheet_txt	qwen3	Lezgi	shot	cheatsheet_txt	grammar	original	chrF2++	21.689023000858047	21.75927308185918	0.07025008100113439	0.35397646023539764	4.4510955810546875	87	nrefs:1|bs:100000|seed:20260915|case:mixed|eff:yes|nc:6|nw:2|space:no|version:2.6.0	0	1.0
qwen3_lezgi_grammar_original_shot_pdfpages_impactful_jpg	qwen3	Lezgi	shot	pdfpages_impactful_jpg	grammar	original	chrF2++	21.689023000858047	20.600797861535757	-1.0882251393222901	0.06534934650653493	4.407594680786133	87	nrefs:1|bs:100000|seed:20260915|case:mixed|eff:yes|nc:6|nw:2|space:no|version:2.6.0	0	1.0
qwen3_lezgi_grammar_original_shot_summary_tables_jpg	qwen3	Lezgi	shot	summary_tables_jpg	grammar	original	chrF2++	21.689023000858047	21.25674284220686	-0.4322801586511851	0.14857851421485785	4.546168327331543	87	nrefs:1|bs:100000|seed:20260915|case:mixed|eff:yes|nc:6|nw:2|space:no|version:2.6.0	0	1.0
qwen3_lezgi_grammar_original_shot_summary_tables_txt	qwen3	Lezgi	shot	summary_tables_txt	grammar	original	chrF2++	21.689023000858047	22.114617056333856	0.4255940554758091	0.15679843201567983	4.491058349609375	87	nrefs:1|bs:100000|seed:20260915|case:mixed|eff:yes|nc:6|nw:2|space:no|version:2.6.0	0	1.0
qwen3_lezgi_grammar_original_shot_summary_text_txt	qwen3	Lezgi	shot	summary_text_txt	grammar	original	chrF2++	21.689023000858047	21.606764444650693	-0.08225855620735345	0.35245647543524566	4.244184494018555	87	nrefs:1|bs:100000|seed:20260915|case:mixed|eff:yes|nc:6|nw:2|space:no|version:2.6.0	0	1.0
qwen3_lezgi_grammar_cyrillic_chain_gloss_cheatsheet_jpg	qwen3	Lezgi	chain_gloss	cheatsheet_jpg	grammar	cyrillic	BLEU	8.141003484834124	7.2502606629900646	-0.8907428218440598	0.08837911620883791	6.458366405683964	87	nrefs:1|bs:100000|seed:20260915|case:mixed|eff:no|tok:13a|smooth:exp|version:2.6.0	1	1.0
qwen3_lezgi_grammar_cyrillic_chain_gloss_cheatsheet_txt	qwen3	Lezgi	chain_gloss	cheatsheet_txt	grammar	cyrillic	BLEU	8.141003484834124	6.91038018248456	-1.2306233023495645	0.054759452405475945	5.648951492145518	87	nrefs:1|bs:100000|seed:20260915|case:mixed|eff:no|tok:13a|smooth:exp|version:2.6.0	1	1.0
qwen3_lezgi_grammar_cyrillic_chain_gloss_summary_tables_jpg	qwen3	Lezgi	chain_gloss	summary_tables_jpg	grammar	cyrillic	BLEU	8.141003484834124	7.5237060660442285	-0.6172974187898959	0.11891881081189189	6.53489272287608	87	nrefs:1|bs:100000|seed:20260915|case:mixed|eff:no|tok:13a|smooth:exp|version:2.6.0	0	1.0
qwen3_lezgi_grammar_cyrillic_chain_gloss_summary_tables_txt	qwen3	Lezgi	chain_gloss	summary_tables_txt	grammar	cyrillic	BLEU	8.141003484834124	7.7569779994960895	-0.38402548533803493	0.2053679463205368	6.6002021973674765	87	nrefs:1|bs:100000|seed:20260915|case:mixed|eff:no|tok:13a|smooth:exp|version:2.6.0	0	1.0
qwen3_lezgi_grammar_cyrillic_chain_gloss_summary_text_txt	qwen3	Lezgi	chain_gloss	summary_text_txt	grammar	cyrillic	BLEU	8.141003484834124	6.95977156583439	-1.1812319189997345	0.06843931560684394	5.966218794755747	87	nrefs:1|bs:100000|seed:20260915|case:mixed|eff:no|tok:13a|smooth:exp|version:2.6.0	1	1.0
qwen3_lezgi_grammar_original_chain_gloss_cheatsheet_jpg	qwen3	Lezgi	chain_gloss	cheatsheet_jpg	grammar	original	BLEU	8.141003484834124	7.201533904859535	-0.9394695799745891	0.03393966060339396	6.074211824000871	87	nrefs:1|bs:100000|seed:20260915|case:mixed|eff:no|tok:13a|smooth:exp|version:2.6.0	1	1.0
qwen3_lezgi_grammar_original_chain_gloss_cheatsheet_txt	qwen3	Lezgi	chain_gloss	cheatsheet_txt	grammar	original	BLEU	8.141003484834124	7.507053938103359	-0.633949546730765	0.15600843991560084	6.370665492926317	87	nrefs:1|bs:100000|seed:20260915|case:mixed|eff:no|tok:13a|smooth:exp|version:2.6.0	0	1.0
qwen3_lezgi_grammar_original_chain_gloss_pdfpages_impactful_jpg	qwen3	Lezgi	chain_gloss	pdfpages_impactful_jpg	grammar	original	BLEU	8.141003484834124	7.171243533367821	-0.9697599514663038	0.0997490025099749	6.109737089260424	87	nrefs:1|bs:100000|seed:20260915|case:mixed|eff:no|tok:13a|smooth:exp|version:2.6.0	0	1.0
qwen3_lezgi_grammar_original_chain_gloss_summary_tables_jpg	qwen3	Lezgi	chain_gloss	summary_tables_jpg	grammar	original	BLEU	8.141003484834124	7.130068399683339	-1.010935085150785	0.037239627603723964	6.186632722854624	87	nrefs:1|bs:100000|seed:20260915|case:mixed|eff:no|tok:13a|smooth:exp|version:2.6.0	3	1.0
qwen3_lezgi_grammar_original_chain_gloss_summary_tables_txt	qwen3	Lezgi	chain_gloss	summary_tables_txt	grammar	original	BLEU	8.141003484834124	8.097611824526421	-0.04339166030770336	0.3782162178378216	6.3628728410108355	87	nrefs:1|bs:100000|seed:20260915|case:mixed|eff:no|tok:13a|smooth:exp|version:2.6.0	1	1.0
qwen3_lezgi_grammar_original_chain_gloss_summary_text_txt	qwen3	Lezgi	chain_gloss	summary_text_txt	grammar	original	BLEU	8.141003484834124	7.17150794327627	-0.9694955415578548	0.0906790932090679	6.256369360235161	87	nrefs:1|bs:100000|seed:20260915|case:mixed|eff:no|tok:13a|smooth:exp|version:2.6.0	0	1.0
qwen3_lezgi_grammar_cyrillic_chain_gloss_cheatsheet_jpg	qwen3	Lezgi	chain_gloss	cheatsheet_jpg	grammar	cyrillic	chrF2++	22.435353064553613	19.582343123173835	-2.853009941379778	0.0035799642003579964	4.606544017791748	87	nrefs:1|bs:100000|seed:20260915|case:mixed|eff:yes|nc:6|nw:2|space:no|version:2.6.0	1	1.0
qwen3_lezgi_grammar_cyrillic_chain_gloss_cheatsheet_txt	qwen3	Lezgi	chain_gloss	cheatsheet_txt	grammar	cyrillic	chrF2++	22.435353064553613	21.42661704966545	-1.0087360148881643	0.07648923510764892	4.452850341796875	87	nrefs:1|bs:100000|seed:20260915|case:mixed|eff:yes|nc:6|nw:2|space:no|version:2.6.0	1	1.0
qwen3_lezgi_grammar_cyrillic_chain_gloss_summary_tables_jpg	qwen3	Lezgi	chain_gloss	summary_tables_jpg	grammar	cyrillic	chrF2++	22.435353064553613	21.41831513132513	-1.0170379332284831	0.07190928090719093	4.451428413391113	87	nrefs:1|bs:100000|seed:20260915|case:mixed|eff:yes|nc:6|nw:2|space:no|version:2.6.0	0	1.0
qwen3_lezgi_grammar_cyrillic_chain_gloss_summary_tables_txt	qwen3	Lezgi	chain_gloss	summary_tables_txt	grammar	cyrillic	chrF2++	22.435353064553613	21.582537599490177	-0.8528154650634363	0.0972890271097289	4.391244888305664	87	nrefs:1|bs:100000|seed:20260915|case:mixed|eff:yes|nc:6|nw:2|space:no|version:2.6.0	0	1.0
qwen3_lezgi_grammar_cyrillic_chain_gloss_summary_text_txt	qwen3	Lezgi	chain_gloss	summary_text_txt	grammar	cyrillic	chrF2++	22.435353064553613	21.45719977709764	-0.9781532874559744	0.12028879711202888	4.253623962402344	87	nrefs:1|bs:100000|seed:20260915|case:mixed|eff:yes|nc:6|nw:2|space:no|version:2.6.0	1	1.0
qwen3_lezgi_grammar_original_chain_gloss_cheatsheet_jpg	qwen3	Lezgi	chain_gloss	cheatsheet_jpg	grammar	original	chrF2++	22.435353064553613	22.10796429125395	-0.3273887732996634	0.21989780102198977	4.349698066711426	87	nrefs:1|bs:100000|seed:20260915|case:mixed|eff:yes|nc:6|nw:2|space:no|version:2.6.0	1	1.0
qwen3_lezgi_grammar_original_chain_gloss_cheatsheet_txt	qwen3	Lezgi	chain_gloss	cheatsheet_txt	grammar	original	chrF2++	22.435353064553613	21.544454278608175	-0.8908987859454385	0.11828881711182888	4.522212028503418	87	nrefs:1|bs:100000|seed:20260915|case:mixed|eff:yes|nc:6|nw:2|space:no|version:2.6.0	0	1.0
qwen3_lezgi_grammar_original_chain_gloss_pdfpages_impactful_jpg	qwen3	Lezgi	chain_gloss	pdfpages_impactful_jpg	grammar	original	chrF2++	22.435353064553613	20.12985697911946	-2.3054960854341537	0.0018199818001819982	4.480765342712402	87	nrefs:1|bs:100000|seed:20260915|case:mixed|eff:yes|nc:6|nw:2|space:no|version:2.6.0	0	1.0
qwen3_lezgi_grammar_original_chain_gloss_summary_tables_jpg	qwen3	Lezgi	chain_gloss	summary_tables_jpg	grammar	original	chrF2++	22.435353064553613	20.63251739342456	-1.8028356711290527	0.023149768502314975	4.562448501586914	87	nrefs:1|bs:100000|seed:20260915|case:mixed|eff:yes|nc:6|nw:2|space:no|version:2.6.0	3	1.0
qwen3_lezgi_grammar_original_chain_gloss_summary_tables_txt	qwen3	Lezgi	chain_gloss	summary_tables_txt	grammar	original	chrF2++	22.435353064553613	21.827663838276056	-0.6076892262775573	0.14652853471465285	4.632131576538086	87	nrefs:1|bs:100000|seed:20260915|case:mixed|eff:yes|nc:6|nw:2|space:no|version:2.6.0	1	1.0
qwen3_lezgi_grammar_original_chain_gloss_summary_text_txt	qwen3	Lezgi	chain_gloss	summary_text_txt	grammar	original	chrF2++	22.435353064553613	21.30036630011927	-1.1349867644343448	0.07793922060779392	4.416729927062988	87	nrefs:1|bs:100000|seed:20260915|case:mixed|eff:yes|nc:6|nw:2|space:no|version:2.6.0	0	1.0
qwen3_lezgi_grammar_cyrillic_modelgloss_cheatsheet_jpg	qwen3	Lezgi	modelgloss	cheatsheet_jpg	grammar	cyrillic	BLEU	12.790297987680038	12.813203304058987	0.022905316378949436	0.4005159948400516	7.187866157283571	87	nrefs:1|bs:100000|seed:20260915|case:mixed|eff:no|tok:13a|smooth:exp|version:2.6.0	1	1.0
qwen3_lezgi_grammar_cyrillic_modelgloss_cheatsheet_txt	qwen3	Lezgi	modelgloss	cheatsheet_txt	grammar	cyrillic	BLEU	12.790297987680038	12.689999340831555	-0.10029864684848278	0.3585564144358556	6.541770234618909	87	nrefs:1|bs:100000|seed:20260915|case:mixed|eff:no|tok:13a|smooth:exp|version:2.6.0	0	1.0
qwen3_lezgi_grammar_cyrillic_modelgloss_summary_tables_jpg	qwen3	Lezgi	modelgloss	summary_tables_jpg	grammar	cyrillic	BLEU	12.790297987680038	12.421777315740606	-0.3685206719394323	0.24043759562404377	6.793191298162493	87	nrefs:1|bs:100000|seed:20260915|case:mixed|eff:no|tok:13a|smooth:exp|version:2.6.0	0	1.0
qwen3_lezgi_grammar_cyrillic_modelgloss_summary_tables_txt	qwen3	Lezgi	modelgloss	summary_tables_txt	grammar	cyrillic	BLEU	12.790297987680038	12.310553398016486	-0.47974458966355193	0.22054779452205478	6.2510718619816075	87	nrefs:1|bs:100000|seed:20260915|case:mixed|eff:no|tok:13a|smooth:exp|version:2.6.0	0	1.0
qwen3_lezgi_grammar_cyrillic_modelgloss_summary_text_txt	qwen3	Lezgi	modelgloss	summary_text_txt	grammar	cyrillic	BLEU	12.790297987680038	11.500786271640369	-1.2895117160396694	0.0894891051089489	5.675603045410348	87	nrefs:1|bs:100000|seed:20260915|case:mixed|eff:no|tok:13a|smooth:exp|version:2.6.0	0	1.0
qwen3_lezgi_grammar_original_modelgloss_cheatsheet_jpg	qwen3	Lezgi	modelgloss	cheatsheet_jpg	grammar	original	BLEU	12.790297987680038	12.304647642387561	-0.48565034529247697	0.21934780652193478	7.354929164704483	87	nrefs:1|bs:100000|seed:20260915|case:mixed|eff:no|tok:13a|smooth:exp|version:2.6.0	0	1.0
qwen3_lezgi_grammar_original_modelgloss_cheatsheet_txt	qwen3	Lezgi	modelgloss	cheatsheet_txt	grammar	original	BLEU	12.790297987680038	12.860394091135031	0.0700961034549934	0.36847631523684765	6.471963715638509	87	nrefs:1|bs:100000|seed:20260915|case:mixed|eff:no|tok:13a|smooth:exp|version:2.6.0	0	1.0
qwen3_lezgi_grammar_original_modelgloss_pdfpages_impactful_jpg	qwen3	Lezgi	modelgloss	pdfpages_impactful_jpg	grammar	original	BLEU	12.790297987680038	12.458494698751954	-0.331803288928084	0.24767752322476774	7.14894788000616	87	nrefs:1|bs:100000|seed:20260915|case:mixed|eff:no|tok:13a|smooth:exp|version:2.6.0	0	1.0
qwen3_lezgi_grammar_original_modelgloss_summary_tables_jpg	qwen3	Lezgi	modelgloss	summary_tables_jpg	grammar	original	BLEU	12.790297987680038	12.037111133359264	-0.7531868543207736	0.15573844261557385	6.961177380603624	87	nrefs:1|bs:100000|seed:20260915|case:mixed|eff:no|tok:13a|smooth:exp|version:2.6.0	0	1.0
qwen3_lezgi_grammar_original_modelgloss_summary_tables_txt	qwen3	Lezgi	modelgloss	summary_tables_txt	grammar	original	BLEU	12.790297987680038	12.281103838324986	-0.5091941493550518	0.21910780892191078	6.53101403370853	87	nrefs:1|bs:100000|seed:20260915|case:mixed|eff:no|tok:13a|smooth:exp|version:2.6.0	0	1.0
qwen3_lezgi_grammar_original_modelgloss_summary_text_txt	qwen3	Lezgi	modelgloss	summary_text_txt	grammar	original	BLEU	12.790297987680038	10.539574504196885	-2.250723483483153	0.033139668603313965	5.957784730689273	87	nrefs:1|bs:100000|seed:20260915|case:mixed|eff:no|tok:13a|smooth:exp|version:2.6.0	0	1.0
qwen3_lezgi_grammar_cyrillic_modelgloss_cheatsheet_jpg	qwen3	Lezgi	modelgloss	cheatsheet_jpg	grammar	cyrillic	chrF2++	34.95492790257118	34.75807740613387	-0.1968504964373068	0.3097869021309787	4.414841651916504	87	nrefs:1|bs:100000|seed:20260915|case:mixed|eff:yes|nc:6|nw:2|space:no|version:2.6.0	1	1.0
qwen3_lezgi_grammar_cyrillic_modelgloss_cheatsheet_txt	qwen3	Lezgi	modelgloss	cheatsheet_txt	grammar	cyrillic	chrF2++	34.95492790257118	36.0730608677153	1.1181329651441203	0.11900880991190088	4.271995544433594	87	nrefs:1|bs:100000|seed:20260915|case:mixed|eff:yes|nc:6|nw:2|space:no|version:2.6.0	0	1.0
qwen3_lezgi_grammar_cyrillic_modelgloss_summary_tables_jpg	qwen3	Lezgi	modelgloss	summary_tables_jpg	grammar	cyrillic	chrF2++	34.95492790257118	34.96893967453127	0.01401177196009229	0.4139558604413956	4.319454193115234	87	nrefs:1|bs:100000|seed:20260915|case:mixed|eff:yes|nc:6|nw:2|space:no|version:2.6.0	0	1.0
qwen3_lezgi_grammar_cyrillic_modelgloss_summary_tables_txt	qwen3	Lezgi	modelgloss	summary_tables_txt	grammar	cyrillic	chrF2++	34.95492790257118	36.3065463511083	1.351618448537124	0.07611923880761193	4.183094024658203	87	nrefs:1|bs:100000|seed:20260915|case:mixed|eff:yes|nc:6|nw:2|space:no|version:2.6.0	0	1.0
qwen3_lezgi_grammar_cyrillic_modelgloss_summary_text_txt	qwen3	Lezgi	modelgloss	summary_text_txt	grammar	cyrillic	chrF2++	34.95492790257118	37.12227372674582	2.167345824174639	0.00914990850091499	4.0990447998046875	87	nrefs:1|bs:100000|seed:20260915|case:mixed|eff:yes|nc:6|nw:2|space:no|version:2.6.0	0	1.0
qwen3_lezgi_grammar_original_modelgloss_cheatsheet_jpg	qwen3	Lezgi	modelgloss	cheatsheet_jpg	grammar	original	chrF2++	34.95492790257118	34.80143519182338	-0.15349271074779836	0.33326666733332666	4.358330726623535	87	nrefs:1|bs:100000|seed:20260915|case:mixed|eff:yes|nc:6|nw:2|space:no|version:2.6.0	0	1.0
qwen3_lezgi_grammar_original_modelgloss_cheatsheet_txt	qwen3	Lezgi	modelgloss	cheatsheet_txt	grammar	original	chrF2++	34.95492790257118	35.671972693803724	0.7170447912325457	0.18776812231877682	4.236960411071777	87	nrefs:1|bs:100000|seed:20260915|case:mixed|eff:yes|nc:6|nw:2|space:no|version:2.6.0	0	1.0
qwen3_lezgi_grammar_original_modelgloss_pdfpages_impactful_jpg	qwen3	Lezgi	modelgloss	pdfpages_impactful_jpg	grammar	original	chrF2++	34.95492790257118	34.995616104969145	0.04068820239796622	0.3948760512394876	4.510824203491211	87	nrefs:1|bs:100000|seed:20260915|case:mixed|eff:yes|nc:6|nw:2|space:no|version:2.6.0	0	1.0
qwen3_lezgi_grammar_original_modelgloss_summary_tables_jpg	qwen3	Lezgi	modelgloss	summary_tables_jpg	grammar	original	chrF2++	34.95492790257118	34.433243287720316	-0.5216846148508623	0.1971180288197118	4.368778228759766	87	nrefs:1|bs:100000|seed:20260915|case:mixed|eff:yes|nc:6|nw:2|space:no|version:2.6.0	0	1.0
qwen3_lezgi_grammar_original_modelgloss_summary_tables_txt	qwen3	Lezgi	modelgloss	summary_tables_txt	grammar	original	chrF2++	34.95492790257118	36.03943330550561	1.0845054029344325	0.11843881561184388	4.199073791503906	87	nrefs:1|bs:100000|seed:20260915|case:mixed|eff:yes|nc:6|nw:2|space:no|version:2.6.0	0	1.0
qwen3_lezgi_grammar_original_modelgloss_summary_text_txt	qwen3	Lezgi	modelgloss	summary_text_txt	grammar	original	chrF2++	34.95492790257118	35.648915825081914	0.6939879225107362	0.16358836411635883	4.017246246337891	87	nrefs:1|bs:100000|seed:20260915|case:mixed|eff:yes|nc:6|nw:2|space:no|version:2.6.0	0	1.0
qwen3_natugu_grammar_original_shot_cheatsheet_jpg	qwen3	Natugu	shot	cheatsheet_jpg	grammar	original	BLEU	2.954221927974041	2.7563833028217726	-0.19783862515226858	0.2716472835271647	1.3117954890944636	99	nrefs:1|bs:100000|seed:20260915|case:mixed|eff:no|tok:13a|smooth:exp|version:2.6.0	0	1.0
qwen3_natugu_grammar_original_shot_cheatsheet_txt	qwen3	Natugu	shot	cheatsheet_txt	grammar	original	BLEU	2.954221927974041	3.0428156398465154	0.08859371187247422	0.3466465335346647	1.477775322705835	99	nrefs:1|bs:100000|seed:20260915|case:mixed|eff:no|tok:13a|smooth:exp|version:2.6.0	0	1.0
qwen3_natugu_grammar_original_shot_pdfpages_impactful_jpg	qwen3	Natugu	shot	pdfpages_impactful_jpg	grammar	original	BLEU	2.954221927974041	2.5148550056748045	-0.4393669222992367	0.19015809841901582	1.2230382958197739	99	nrefs:1|bs:100000|seed:20260915|case:mixed|eff:no|tok:13a|smooth:exp|version:2.6.0	0	1.0
qwen3_natugu_grammar_original_shot_summary_tables_jpg	qwen3	Natugu	shot	summary_tables_jpg	grammar	original	BLEU	2.954221927974041	2.5933440370114336	-0.3608778909626076	0.2060479395206048	1.2509599198448509	99	nrefs:1|bs:100000|seed:20260915|case:mixed|eff:no|tok:13a|smooth:exp|version:2.6.0	0	1.0
qwen3_natugu_grammar_original_shot_summary_tables_txt	qwen3	Natugu	shot	summary_tables_txt	grammar	original	BLEU	2.954221927974041	2.790110220716468	-0.16411170725757307	0.3046169538304617	1.3228399699248485	99	nrefs:1|bs:100000|seed:20260915|case:mixed|eff:no|tok:13a|smooth:exp|version:2.6.0	0	1.0
qwen3_natugu_grammar_original_shot_summary_text_txt	qwen3	Natugu	shot	summary_text_txt	grammar	original	BLEU	2.954221927974041	2.090821384614574	-0.8634005433594671	0.06836931630683693	1.1229166850450991	99	nrefs:1|bs:100000|seed:20260915|case:mixed|eff:no|tok:13a|smooth:exp|version:2.6.0	1	1.0
qwen3_natugu_grammar_original_shot_cheatsheet_jpg	qwen3	Natugu	shot	cheatsheet_jpg	grammar	original	chrF2++	19.137532946192746	18.7856368818892	-0.3518960643035456	0.17240827591724084	1.2479028701782227	99	nrefs:1|bs:100000|seed:20260915|case:mixed|eff:yes|nc:6|nw:2|space:no|version:2.6.0	0	1.0
qwen3_natugu_grammar_original_shot_cheatsheet_txt	qwen3	Natugu	shot	cheatsheet_txt	grammar	original	chrF2++	19.137532946192746	19.156749667545693	0.019216721352947275	0.4002759972400276	1.552469253540039	99	nrefs:1|bs:100000|seed:20260915|case:mixed|eff:yes|nc:6|nw:2|space:no|version:2.6.0	0	1.0
qwen3_natugu_grammar_original_shot_pdfpages_impactful_jpg	qwen3	Natugu	shot	pdfpages_impactful_jpg	grammar	original	chrF2++	19.137532946192746	18.462561927643428	-0.6749710185493178	0.12641873581264187	1.259429931640625	99	nrefs:1|bs:100000|seed:20260915|case:mixed|eff:yes|nc:6|nw:2|space:no|version:2.6.0	0	1.0
qwen3_natugu_grammar_original_shot_summary_tables_jpg	qwen3	Natugu	shot	summary_tables_jpg	grammar	original	chrF2++	19.137532946192746	18.463907503252745	-0.6736254429400006	0.1031389686103139	1.0803308486938477	99	nrefs:1|bs:100000|seed:20260915|case:mixed|eff:yes|nc:6|nw:2|space:no|version:2.6.0	0	1.0
qwen3_natugu_grammar_original_shot_summary_tables_txt	qwen3	Natugu	shot	summary_tables_txt	grammar	original	chrF2++	19.137532946192746	19.520859586473442	0.3833266402806963	0.15253847461525386	1.4760169982910156	99	nrefs:1|bs:100000|seed:20260915|case:mixed|eff:yes|nc:6|nw:2|space:no|version:2.6.0	0	1.0
qwen3_natugu_grammar_original_shot_summary_text_txt	qwen3	Natugu	shot	summary_text_txt	grammar	original	chrF2++	19.137532946192746	18.50442047187057	-0.633112474322175	0.08003919960800392	1.4448699951171875	99	nrefs:1|bs:100000|seed:20260915|case:mixed|eff:yes|nc:6|nw:2|space:no|version:2.6.0	1	1.0
qwen3_natugu_grammar_original_chain_gloss_cheatsheet_jpg	qwen3	Natugu	chain_gloss	cheatsheet_jpg	grammar	original	BLEU	3.7703303184604016	2.5499177860787126	-1.220412532381689	0.014449855501444986	1.4694770063087659	99	nrefs:1|bs:100000|seed:20260915|case:mixed|eff:no|tok:13a|smooth:exp|version:2.6.0	1	1.0
qwen3_natugu_grammar_original_chain_gloss_cheatsheet_txt	qwen3	Natugu	chain_gloss	cheatsheet_txt	grammar	original	BLEU	3.7703303184604016	4.177692876773315	0.40736255831291324	0.17370826291737082	2.157029594851969	99	nrefs:1|bs:100000|seed:20260915|case:mixed|eff:no|tok:13a|smooth:exp|version:2.6.0	0	1.0
qwen3_natugu_grammar_original_chain_gloss_pdfpages_impactful_jpg	qwen3	Natugu	chain_gloss	pdfpages_impactful_jpg	grammar	original	BLEU	3.7703303184604016	2.9599370229928224	-0.8103932954675792	0.14075859241407587	1.4544063570223469	99	nrefs:1|bs:100000|seed:20260915|case:mixed|eff:no|tok:13a|smooth:exp|version:2.6.0	1	1.0
qwen3_natugu_grammar_original_chain_gloss_summary_tables_jpg	qwen3	Natugu	chain_gloss	summary_tables_jpg	grammar	original	BLEU	3.7703303184604016	3.042041904551163	-0.7282884139092385	0.11962880371196288	1.6693150121012637	99	nrefs:1|bs:100000|seed:20260915|case:mixed|eff:no|tok:13a|smooth:exp|version:2.6.0	3	1.0
qwen3_natugu_grammar_original_chain_gloss_summary_tables_txt	qwen3	Natugu	chain_gloss	summary_tables_txt	grammar	original	BLEU	3.7703303184604016	4.080832760792544	0.3105024423321421	0.21636783632163678	2.0796813522306614	99	nrefs:1|bs:100000|seed:20260915|case:mixed|eff:no|tok:13a|smooth:exp|version:2.6.0	1	1.0
qwen3_natugu_grammar_original_chain_gloss_summary_text_txt	qwen3	Natugu	chain_gloss	summary_text_txt	grammar	original	BLEU	3.7703303184604016	3.7434042114504362	-0.02692610700996534	0.37617623823761764	2.1801355660776083	99	nrefs:1|bs:100000|seed:20260915|case:mixed|eff:no|tok:13a|smooth:exp|version:2.6.0	0	1.0
qwen3_natugu_grammar_original_chain_gloss_cheatsheet_jpg	qwen3	Natugu	chain_gloss	cheatsheet_jpg	grammar	original	chrF2++	19.457204798500925	18.284685984954937	-1.172518813545988	0.027689723102768973	1.2393646240234375	99	nrefs:1|bs:100000|seed:20260915|case:mixed|eff:yes|nc:6|nw:2|space:no|version:2.6.0	1	1.0
qwen3_natugu_grammar_original_chain_gloss_cheatsheet_txt	qwen3	Natugu	chain_gloss	cheatsheet_txt	grammar	original	chrF2++	19.457204798500925	20.094961564826317	0.637756766325392	0.0949690503094969	1.4838876724243164	99	nrefs:1|bs:100000|seed:20260915|case:mixed|eff:yes|nc:6|nw:2|space:no|version:2.6.0	0	1.0
qwen3_natugu_grammar_original_chain_gloss_pdfpages_impactful_jpg	qwen3	Natugu	chain_gloss	pdfpages_impactful_jpg	grammar	original	chrF2++	19.457204798500925	17.74399122510577	-1.713213573395155	0.013739862601373986	1.525559425354004	99	nrefs:1|bs:100000|seed:20260915|case:mixed|eff:yes|nc:6|nw:2|space:no|version:2.6.0	1	1.0
qwen3_natugu_grammar_original_chain_gloss_summary_tables_jpg	qwen3	Natugu	chain_gloss	summary_tables_jpg	grammar	original	chrF2++	19.457204798500925	17.973160198107305	-1.48404460039362	0.0036299637003629963	1.4071378707885742	99	nrefs:1|bs:100000|seed:20260915|case:mixed|eff:yes|nc:6|nw:2|space:no|version:2.6.0	3	1.0
qwen3_natugu_grammar_original_chain_gloss_summary_tables_txt	qwen3	Natugu	chain_gloss	summary_tables_txt	grammar	original	chrF2++	19.457204798500925	19.34622867646101	-0.11097612203991503	0.3039169608303917	1.5596323013305664	99	nrefs:1|bs:100000|seed:20260915|case:mixed|eff:yes|nc:6|nw:2|space:no|version:2.6.0	1	1.0
qwen3_natugu_grammar_original_chain_gloss_summary_text_txt	qwen3	Natugu	chain_gloss	summary_text_txt	grammar	original	chrF2++	19.457204798500925	19.835675570692672	0.3784707721917471	0.18774812251877482	1.3806476593017578	99	nrefs:1|bs:100000|seed:20260915|case:mixed|eff:yes|nc:6|nw:2|space:no|version:2.6.0	0	1.0
qwen3_natugu_grammar_original_modelgloss_cheatsheet_jpg	qwen3	Natugu	modelgloss	cheatsheet_jpg	grammar	original	BLEU	11.967719707919308	11.355046355833677	-0.6126733520856309	0.20951790482095178	2.8881839355595647	99	nrefs:1|bs:100000|seed:20260915|case:mixed|eff:no|tok:13a|smooth:exp|version:2.6.0	0	1.0
qwen3_natugu_grammar_original_modelgloss_cheatsheet_txt	qwen3	Natugu	modelgloss	cheatsheet_txt	grammar	original	BLEU	11.967719707919308	13.351906194838264	1.3841864869189564	0.021079789202107978	3.0148378668369755	99	nrefs:1|bs:100000|seed:20260915|case:mixed|eff:no|tok:13a|smooth:exp|version:2.6.0	0	1.0
qwen3_natugu_grammar_original_modelgloss_pdfpages_impactful_jpg	qwen3	Natugu	modelgloss	pdfpages_impactful_jpg	grammar	original	BLEU	11.967719707919308	11.649057577332998	-0.31866213058630954	0.2841871581284187	2.8978759583586546	99	nrefs:1|bs:100000|seed:20260915|case:mixed|eff:no|tok:13a|smooth:exp|version:2.6.0	0	1.0
qwen3_natugu_grammar_original_modelgloss_summary_tables_jpg	qwen3	Natugu	modelgloss	summary_tables_jpg	grammar	original	BLEU	11.967719707919308	12.324748136821137	0.3570284289018293	0.2816171838281617	2.9982914830465983	99	nrefs:1|bs:100000|seed:20260915|case:mixed|eff:no|tok:13a|smooth:exp|version:2.6.0	0	1.0
qwen3_natugu_grammar_original_modelgloss_summary_tables_txt	qwen3	Natugu	modelgloss	summary_tables_txt	grammar	original	BLEU	11.967719707919308	11.712277502910629	-0.25544220500867887	0.2830171698283017	2.8276159680919006	99	nrefs:1|bs:100000|seed:20260915|case:mixed|eff:no|tok:13a|smooth:exp|version:2.6.0	0	1.0
qwen3_natugu_grammar_original_modelgloss_summary_text_txt	qwen3	Natugu	modelgloss	summary_text_txt	grammar	original	BLEU	11.967719707919308	12.841239059088661	0.8735193511693531	0.17369826301736982	2.959360110967433	99	nrefs:1|bs:100000|seed:20260915|case:mixed|eff:no|tok:13a|smooth:exp|version:2.6.0	0	1.0
qwen3_natugu_grammar_original_modelgloss_cheatsheet_jpg	qwen3	Natugu	modelgloss	cheatsheet_jpg	grammar	original	chrF2++	35.31497011193705	36.822816575041664	1.5078464631046131	0.03332966670333297	2.5529651641845703	99	nrefs:1|bs:100000|seed:20260915|case:mixed|eff:yes|nc:6|nw:2|space:no|version:2.6.0	0	1.0
qwen3_natugu_grammar_original_modelgloss_cheatsheet_txt	qwen3	Natugu	modelgloss	cheatsheet_txt	grammar	original	chrF2++	35.31497011193705	38.294975528475675	2.9800054165386243	1.999980000199998e-05	2.7089271545410156	99	nrefs:1|bs:100000|seed:20260915|case:mixed|eff:yes|nc:6|nw:2|space:no|version:2.6.0	0	0.016759832401675983
qwen3_natugu_grammar_original_modelgloss_pdfpages_impactful_jpg	qwen3	Natugu	modelgloss	pdfpages_impactful_jpg	grammar	original	chrF2++	35.31497011193705	36.356305390411244	1.0413352784741932	0.1043589564104359	2.5271034240722656	99	nrefs:1|bs:100000|seed:20260915|case:mixed|eff:yes|nc:6|nw:2|space:no|version:2.6.0	0	1.0
qwen3_natugu_grammar_original_modelgloss_summary_tables_jpg	qwen3	Natugu	modelgloss	summary_tables_jpg	grammar	original	chrF2++	35.31497011193705	36.66311228686503	1.348142174927979	0.06324936750632494	2.3120994567871094	99	nrefs:1|bs:100000|seed:20260915|case:mixed|eff:yes|nc:6|nw:2|space:no|version:2.6.0	0	1.0
qwen3_natugu_grammar_original_modelgloss_summary_tables_txt	qwen3	Natugu	modelgloss	summary_tables_txt	grammar	original	chrF2++	35.31497011193705	37.09504550291751	1.780075390980457	0.007639923600763992	2.6386260986328125	99	nrefs:1|bs:100000|seed:20260915|case:mixed|eff:yes|nc:6|nw:2|space:no|version:2.6.0	0	1.0
qwen3_natugu_grammar_original_modelgloss_summary_text_txt	qwen3	Natugu	modelgloss	summary_text_txt	grammar	original	chrF2++	35.31497011193705	38.32011153727339	3.0051414253363404	0.0014699853001469984	2.599233627319336	99	nrefs:1|bs:100000|seed:20260915|case:mixed|eff:yes|nc:6|nw:2|space:no|version:2.6.0	0	1.0
qwen3_tsez_grammar_original_shot_cheatsheet_jpg	qwen3	Tsez	shot	cheatsheet_jpg	grammar	original	BLEU	1.2876883515100375	2.565330220249171	1.2776418687391333	0.06678933210667894	1.6576595543884358	99	nrefs:1|bs:100000|seed:20260915|case:mixed|eff:no|tok:13a|smooth:exp|version:2.6.0	0	1.0
qwen3_tsez_grammar_original_shot_cheatsheet_txt	qwen3	Tsez	shot	cheatsheet_txt	grammar	original	BLEU	1.2876883515100375	1.1858267335715889	-0.10186161793844861	0.16623833761662382	0.5965976132219215	99	nrefs:1|bs:100000|seed:20260915|case:mixed|eff:no|tok:13a|smooth:exp|version:2.6.0	0	1.0
qwen3_tsez_grammar_original_shot_pdfpages_impactful_jpg	qwen3	Tsez	shot	pdfpages_impactful_jpg	grammar	original	BLEU	1.2876883515100375	1.5353394252093853	0.2476510736993478	0.14640853591464084	0.8221219555236573	99	nrefs:1|bs:100000|seed:20260915|case:mixed|eff:no|tok:13a|smooth:exp|version:2.6.0	0	1.0
qwen3_tsez_grammar_original_shot_summary_tables_jpg	qwen3	Tsez	shot	summary_tables_jpg	grammar	original	BLEU	1.2876883515100375	2.2175616820342388	0.9298733305242013	0.11849881501184988	1.6038371772824334	99	nrefs:1|bs:100000|seed:20260915|case:mixed|eff:no|tok:13a|smooth:exp|version:2.6.0	0	1.0
qwen3_tsez_grammar_original_shot_summary_tables_txt	qwen3	Tsez	shot	summary_tables_txt	grammar	original	BLEU	1.2876883515100375	1.6412216583718304	0.35353330686179296	0.15503844961550384	0.7604061709295823	99	nrefs:1|bs:100000|seed:20260915|case:mixed|eff:no|tok:13a|smooth:exp|version:2.6.0	0	1.0
qwen3_tsez_grammar_original_shot_summary_text_txt	qwen3	Tsez	shot	summary_text_txt	grammar	original	BLEU	1.2876883515100375	1.9537130996644085	0.6660247481543711	0.09166908330916691	0.9877205030806419	99	nrefs:1|bs:100000|seed:20260915|case:mixed|eff:no|tok:13a|smooth:exp|version:2.6.0	0	1.0
qwen3_tsez_grammar_original_shot_cheatsheet_jpg	qwen3	Tsez	shot	cheatsheet_jpg	grammar	original	chrF2++	18.20064482435075	17.86370260724629	-0.33694221710446115	0.1914080859191408	1.3305721282958984	99	nrefs:1|bs:100000|seed:20260915|case:mixed|eff:yes|nc:6|nw:2|space:no|version:2.6.0	0	1.0
qwen3_tsez_grammar_original_shot_cheatsheet_txt	qwen3	Tsez	shot	cheatsheet_txt	grammar	original	chrF2++	18.20064482435075	17.89866964352164	-0.30197518082911046	0.17740822591774083	0.8354206085205078	99	nrefs:1|bs:100000|seed:20260915|case:mixed|eff:yes|nc:6|nw:2|space:no|version:2.6.0	0	1.0
qwen3_tsez_grammar_original_shot_pdfpages_impactful_jpg	qwen3	Tsez	shot	pdfpages_impactful_jpg	grammar	original	chrF2++	18.20064482435075	16.72257347737124	-1.4780713469795117	0.005779942200577994	1.1065874099731445	99	nrefs:1|bs:100000|seed:20260915|case:mixed|eff:yes|nc:6|nw:2|space:no|version:2.6.0	0	1.0
qwen3_tsez_grammar_original_shot_summary_tables_jpg	qwen3	Tsez	shot	summary_tables_jpg	grammar	original	chrF2++	18.20064482435075	17.76339987507476	-0.4372449492759891	0.15239847601523984	1.2395620346069336	99	nrefs:1|bs:100000|seed:20260915|case:mixed|eff:yes|nc:6|nw:2|space:no|version:2.6.0	0	1.0
qwen3_tsez_grammar_original_shot_summary_tables_txt	qwen3	Tsez	shot	summary_tables_txt	grammar	original	chrF2++	18.20064482435075	17.848043703406983	-0.35260112094376694	0.17642823571764282	0.9448995590209961	99	nrefs:1|bs:100000|seed:20260915|case:mixed|eff:yes|nc:6|nw:2|space:no|version:2.6.0	0	1.0
qwen3_tsez_grammar_original_shot_summary_text_txt	qwen3	Tsez	shot	summary_text_txt	grammar	original	chrF2++	18.20064482435075	17.74868760402504	-0.45195722032570984	0.15081849181508186	1.0330219268798828	99	nrefs:1|bs:100000|seed:20260915|case:mixed|eff:yes|nc:6|nw:2|space:no|version:2.6.0	0	1.0
qwen3_tsez_grammar_original_chain_gloss_cheatsheet_jpg	qwen3	Tsez	chain_gloss	cheatsheet_jpg	grammar	original	BLEU	1.371543721718006	1.1218686427932654	-0.2496750789247406	0.07790922090779093	0.5921288277812344	99	nrefs:1|bs:100000|seed:20260915|case:mixed|eff:no|tok:13a|smooth:exp|version:2.6.0	0	1.0
qwen3_tsez_grammar_original_chain_gloss_cheatsheet_txt	qwen3	Tsez	chain_gloss	cheatsheet_txt	grammar	original	BLEU	1.371543721718006	1.5320181838916445	0.16047446217363848	0.2091079089209108	0.7726241278613613	99	nrefs:1|bs:100000|seed:20260915|case:mixed|eff:no|tok:13a|smooth:exp|version:2.6.0	0	1.0
qwen3_tsez_grammar_original_chain_gloss_pdfpages_impactful_jpg	qwen3	Tsez	chain_gloss	pdfpages_impactful_jpg	grammar	original	BLEU	1.371543721718006	1.3716993579285746	0.00015563621056857713	0.4324656753432466	0.9119808358225151	99	nrefs:1|bs:100000|seed:20260915|case:mixed|eff:no|tok:13a|smooth:exp|version:2.6.0	2	1.0
qwen3_tsez_grammar_original_chain_gloss_summary_tables_jpg	qwen3	Tsez	chain_gloss	summary_tables_jpg	grammar	original	BLEU	1.371543721718006	1.4497170319004127	0.0781733101824067	0.36957630423695764	1.0180812096658611	99	nrefs:1|bs:100000|seed:20260915|case:mixed|eff:no|tok:13a|smooth:exp|version:2.6.0	0	1.0
qwen3_tsez_grammar_original_chain_gloss_summary_tables_txt	qwen3	Tsez	chain_gloss	summary_tables_txt	grammar	original	BLEU	1.371543721718006	1.581739581039013	0.21019585932100693	0.28326716732832674	1.0232213593967812	99	nrefs:1|bs:100000|seed:20260915|case:mixed|eff:no|tok:13a|smooth:exp|version:2.6.0	0	1.0
qwen3_tsez_grammar_original_chain_gloss_summary_text_txt	qwen3	Tsez	chain_gloss	summary_text_txt	grammar	original	BLEU	1.371543721718006	1.8694614456216507	0.49791772390364475	0.15696843031569685	1.121774083557363	99	nrefs:1|bs:100000|seed:20260915|case:mixed|eff:no|tok:13a|smooth:exp|version:2.6.0	0	1.0
qwen3_tsez_grammar_original_chain_gloss_cheatsheet_jpg	qwen3	Tsez	chain_gloss	cheatsheet_jpg	grammar	original	chrF2++	18.083273656319975	17.433126129084417	-0.650147527235557	0.051929480705192946	1.0701942443847656	99	nrefs:1|bs:100000|seed:20260915|case:mixed|eff:yes|nc:6|nw:2|space:no|version:2.6.0	0	1.0
qwen3_tsez_grammar_original_chain_gloss_cheatsheet_txt	qwen3	Tsez	chain_gloss	cheatsheet_txt	grammar	original	chrF2++	18.083273656319975	18.295343865436195	0.2120702091162201	0.21065789342106578	1.1010103225708008	99	nrefs:1|bs:100000|seed:20260915|case:mixed|eff:yes|nc:6|nw:2|space:no|version:2.6.0	0	1.0
qwen3_tsez_grammar_original_chain_gloss_pdfpages_impactful_jpg	qwen3	Tsez	chain_gloss	pdfpages_impactful_jpg	grammar	original	chrF2++	18.083273656319975	16.711719736282284	-1.371553920037691	0.017139828601713984	1.254580020904541	99	nrefs:1|bs:100000|seed:20260915|case:mixed|eff:yes|nc:6|nw:2|space:no|version:2.6.0	2	1.0
qwen3_tsez_grammar_original_chain_gloss_summary_tables_jpg	qwen3	Tsez	chain_gloss	summary_tables_jpg	grammar	original	chrF2++	18.083273656319975	17.26398991348249	-0.8192837428374844	0.04000959990400096	1.127553939819336	99	nrefs:1|bs:100000|seed:20260915|case:mixed|eff:yes|nc:6|nw:2|space:no|version:2.6.0	0	1.0
qwen3_tsez_grammar_original_chain_gloss_summary_tables_txt	qwen3	Tsez	chain_gloss	summary_tables_txt	grammar	original	chrF2++	18.083273656319975	17.850421217402914	-0.2328524389170603	0.2156178438215618	0.9342470169067383	99	nrefs:1|bs:100000|seed:20260915|case:mixed|eff:yes|nc:6|nw:2|space:no|version:2.6.0	0	1.0
qwen3_tsez_grammar_original_chain_gloss_summary_text_txt	qwen3	Tsez	chain_gloss	summary_text_txt	grammar	original	chrF2++	18.083273656319975	18.232299869469916	0.14902621314994136	0.2644073559264407	1.072300910949707	99	nrefs:1|bs:100000|seed:20260915|case:mixed|eff:yes|nc:6|nw:2|space:no|version:2.6.0	0	1.0
qwen3_tsez_grammar_original_modelgloss_cheatsheet_jpg	qwen3	Tsez	modelgloss	cheatsheet_jpg	grammar	original	BLEU	11.030809208504047	8.123785040746398	-2.9070241677576494	0.0023299767002329975	2.030169671599284	99	nrefs:1|bs:100000|seed:20260915|case:mixed|eff:no|tok:13a|smooth:exp|version:2.6.0	0	1.0
qwen3_tsez_grammar_original_modelgloss_cheatsheet_txt	qwen3	Tsez	modelgloss	cheatsheet_txt	grammar	original	BLEU	11.030809208504047	9.23904352571495	-1.791765682789098	0.05421945780542194	1.9922634204565495	99	nrefs:1|bs:100000|seed:20260915|case:mixed|eff:no|tok:13a|smooth:exp|version:2.6.0	0	1.0
qwen3_tsez_grammar_original_modelgloss_pdfpages_impactful_jpg	qwen3	Tsez	modelgloss	pdfpages_impactful_jpg	grammar	original	BLEU	11.030809208504047	7.563632448465732	-3.467176760038315	0.0052699473005269944	1.8958513935971095	99	nrefs:1|bs:100000|seed:20260915|case:mixed|eff:no|tok:13a|smooth:exp|version:2.6.0	0	1.0
qwen3_tsez_grammar_original_modelgloss_summary_tables_jpg	qwen3	Tsez	modelgloss	summary_tables_jpg	grammar	original	BLEU	11.030809208504047	8.292580507720404	-2.738228700783644	0.012529874701252988	2.199384088966155	99	nrefs:1|bs:100000|seed:20260915|case:mixed|eff:no|tok:13a|smooth:exp|version:2.6.0	0	1.0
qwen3_tsez_grammar_original_modelgloss_summary_tables_txt	qwen3	Tsez	modelgloss	summary_tables_txt	grammar	original	BLEU	11.030809208504047	9.51178636831455	-1.519022840189498	0.06684933150668493	2.2275632273649473	99	nrefs:1|bs:100000|seed:20260915|case:mixed|eff:no|tok:13a|smooth:exp|version:2.6.0	0	1.0
qwen3_tsez_grammar_original_modelgloss_summary_text_txt	qwen3	Tsez	modelgloss	summary_text_txt	grammar	original	BLEU	11.030809208504047	8.811639490763291	-2.2191697177407566	0.01984980150198498	2.027014281241377	99	nrefs:1|bs:100000|seed:20260915|case:mixed|eff:no|tok:13a|smooth:exp|version:2.6.0	0	1.0
qwen3_tsez_grammar_original_modelgloss_cheatsheet_jpg	qwen3	Tsez	modelgloss	cheatsheet_jpg	grammar	original	chrF2++	37.708117274287034	35.86658799777452	-1.8415292765125102	0.006249937500624993	2.049905776977539	99	nrefs:1|bs:100000|seed:20260915|case:mixed|eff:yes|nc:6|nw:2|space:no|version:2.6.0	0	1.0
qwen3_tsez_grammar_original_modelgloss_cheatsheet_txt	qwen3	Tsez	modelgloss	cheatsheet_txt	grammar	original	chrF2++	37.708117274287034	37.5036897877601	-0.20442748652693155	0.29330706692933073	2.160207748413086	99	nrefs:1|bs:100000|seed:20260915|case:mixed|eff:yes|nc:6|nw:2|space:no|version:2.6.0	0	1.0
qwen3_tsez_grammar_original_modelgloss_pdfpages_impactful_jpg	qwen3	Tsez	modelgloss	pdfpages_impactful_jpg	grammar	original	chrF2++	37.708117274287034	35.047346200871054	-2.6607710734159795	0.0012399876001239988	1.9004249572753906	99	nrefs:1|bs:100000|seed:20260915|case:mixed|eff:yes|nc:6|nw:2|space:no|version:2.6.0	0	1.0
qwen3_tsez_grammar_original_modelgloss_summary_tables_jpg	qwen3	Tsez	modelgloss	summary_tables_jpg	grammar	original	chrF2++	37.708117274287034	35.56549208902948	-2.1426251852575504	0.011119888801111989	2.287487030029297	99	nrefs:1|bs:100000|seed:20260915|case:mixed|eff:yes|nc:6|nw:2|space:no|version:2.6.0	0	1.0
qwen3_tsez_grammar_original_modelgloss_summary_tables_txt	qwen3	Tsez	modelgloss	summary_tables_txt	grammar	original	chrF2++	37.708117274287034	37.137008717840644	-0.57110855644639	0.17161828381716182	2.304628372192383	99	nrefs:1|bs:100000|seed:20260915|case:mixed|eff:yes|nc:6|nw:2|space:no|version:2.6.0	0	1.0
qwen3_tsez_grammar_original_modelgloss_summary_text_txt	qwen3	Tsez	modelgloss	summary_text_txt	grammar	original	chrF2++	37.708117274287034	36.8197052645794	-0.8884120097076362	0.08088919110808893	2.0702991485595703	99	nrefs:1|bs:100000|seed:20260915|case:mixed|eff:yes|nc:6|nw:2|space:no|version:2.6.0	0	1.0
qwen35_gitksan_pdf1_brown_original_shot_cheatsheet_jpg	qwen35	Gitksan	shot	cheatsheet_jpg	pdf1_brown	original	BLEU	5.373368454645342	4.40777593840756	-0.9655925162377823	0.14049859501404985	2.917457773898478	37	nrefs:1|bs:100000|seed:20260915|case:mixed|eff:no|tok:13a|smooth:exp|version:2.6.0	0	1.0
qwen35_gitksan_pdf1_brown_original_shot_cheatsheet_txt	qwen35	Gitksan	shot	cheatsheet_txt	pdf1_brown	original	BLEU	5.373368454645342	3.926289503579666	-1.4470789510656759	0.08707912920870792	3.0684051181864866	37	nrefs:1|bs:100000|seed:20260915|case:mixed|eff:no|tok:13a|smooth:exp|version:2.6.0	0	1.0
qwen35_gitksan_pdf1_brown_original_shot_pdfpages_impactful_jpg	qwen35	Gitksan	shot	pdfpages_impactful_jpg	pdf1_brown	original	BLEU	5.373368454645342	3.97310057439517	-1.4002678802501718	0.07299927000729993	2.8922397573371326	37	nrefs:1|bs:100000|seed:20260915|case:mixed|eff:no|tok:13a|smooth:exp|version:2.6.0	0	1.0
qwen35_gitksan_pdf1_brown_original_shot_summary_tables_jpg	qwen35	Gitksan	shot	summary_tables_jpg	pdf1_brown	original	BLEU	5.373368454645342	5.22485295277867	-0.1485155018666724	0.28917710822891773	3.2731396591488515	37	nrefs:1|bs:100000|seed:20260915|case:mixed|eff:no|tok:13a|smooth:exp|version:2.6.0	0	1.0
qwen35_gitksan_pdf1_brown_original_shot_summary_tables_txt	qwen35	Gitksan	shot	summary_tables_txt	pdf1_brown	original	BLEU	5.373368454645342	4.750817720566312	-0.6225507340790299	0.1831681683183168	3.0853033546020536	37	nrefs:1|bs:100000|seed:20260915|case:mixed|eff:no|tok:13a|smooth:exp|version:2.6.0	0	1.0
qwen35_gitksan_pdf1_brown_original_shot_summary_text_txt	qwen35	Gitksan	shot	summary_text_txt	pdf1_brown	original	BLEU	5.373368454645342	5.227157606030153	-0.14621084861518874	0.36125638743612565	3.2624160464829557	37	nrefs:1|bs:100000|seed:20260915|case:mixed|eff:no|tok:13a|smooth:exp|version:2.6.0	0	1.0
qwen35_gitksan_pdf2_rigsby_original_shot_cheatsheet_jpg	qwen35	Gitksan	shot	cheatsheet_jpg	pdf2_rigsby	original	BLEU	5.373368454645342	4.227970017978122	-1.1453984366672199	0.11645883541164588	2.927988414533014	37	nrefs:1|bs:100000|seed:20260915|case:mixed|eff:no|tok:13a|smooth:exp|version:2.6.0	0	1.0
qwen35_gitksan_pdf2_rigsby_original_shot_cheatsheet_txt	qwen35	Gitksan	shot	cheatsheet_txt	pdf2_rigsby	original	BLEU	5.373368454645342	3.4222793835776097	-1.9510890710677322	0.03954960450395496	2.9421275752367957	37	nrefs:1|bs:100000|seed:20260915|case:mixed|eff:no|tok:13a|smooth:exp|version:2.6.0	0	1.0
qwen35_gitksan_pdf2_rigsby_original_shot_pdfpages_impactful_jpg	qwen35	Gitksan	shot	pdfpages_impactful_jpg	pdf2_rigsby	original	BLEU	5.373368454645342	4.756593975563614	-0.6167744790817276	0.1881581184188158	3.617095688262739	37	nrefs:1|bs:100000|seed:20260915|case:mixed|eff:no|tok:13a|smooth:exp|version:2.6.0	0	1.0
qwen35_gitksan_pdf2_rigsby_original_shot_summary_tables_jpg	qwen35	Gitksan	shot	summary_tables_jpg	pdf2_rigsby	original	BLEU	5.373368454645342	4.361535553657129	-1.011832900988213	0.11393886061139388	2.8985977237120886	37	nrefs:1|bs:100000|seed:20260915|case:mixed|eff:no|tok:13a|smooth:exp|version:2.6.0	0	1.0
qwen35_gitksan_pdf2_rigsby_original_shot_summary_tables_txt	qwen35	Gitksan	shot	summary_tables_txt	pdf2_rigsby	original	BLEU	5.373368454645342	3.572985589878542	-1.8003828647667999	0.03452965470345296	2.751111857247043	37	nrefs:1|bs:100000|seed:20260915|case:mixed|eff:no|tok:13a|smooth:exp|version:2.6.0	0	1.0
qwen35_gitksan_pdf2_rigsby_original_shot_summary_text_txt	qwen35	Gitksan	shot	summary_text_txt	pdf2_rigsby	original	BLEU	5.373368454645342	3.6246763010061116	-1.7486921536392304	0.03952960470395296	2.980862053220678	37	nrefs:1|bs:100000|seed:20260915|case:mixed|eff:no|tok:13a|smooth:exp|version:2.6.0	0	1.0
qwen35_gitksan_pdf1_brown_original_shot_cheatsheet_jpg	qwen35	Gitksan	shot	cheatsheet_jpg	pdf1_brown	original	chrF2++	24.05075745883399	23.166132524679213	-0.8846249341547754	0.13888861111388887	3.3887367248535156	37	nrefs:1|bs:100000|seed:20260915|case:mixed|eff:yes|nc:6|nw:2|space:no|version:2.6.0	0	1.0
qwen35_gitksan_pdf1_brown_original_shot_cheatsheet_txt	qwen35	Gitksan	shot	cheatsheet_txt	pdf1_brown	original	chrF2++	24.05075745883399	24.654938798422563	0.6041813395885747	0.21279787202127978	3.31687068939209	37	nrefs:1|bs:100000|seed:20260915|case:mixed|eff:yes|nc:6|nw:2|space:no|version:2.6.0	0	1.0
qwen35_gitksan_pdf1_brown_original_shot_pdfpages_impactful_jpg	qwen35	Gitksan	shot	pdfpages_impactful_jpg	pdf1_brown	original	chrF2++	24.05075745883399	22.860798159802112	-1.1899592990318766	0.1010689893101069	3.6349716186523438	37	nrefs:1|bs:100000|seed:20260915|case:mixed|eff:yes|nc:6|nw:2|space:no|version:2.6.0	0	1.0
qwen35_gitksan_pdf1_brown_original_shot_summary_tables_jpg	qwen35	Gitksan	shot	summary_tables_jpg	pdf1_brown	original	chrF2++	24.05075745883399	23.29669276985766	-0.7540646889763281	0.1080889191108089	3.5892982482910156	37	nrefs:1|bs:100000|seed:20260915|case:mixed|eff:yes|nc:6|nw:2|space:no|version:2.6.0	0	1.0
qwen35_gitksan_pdf1_brown_original_shot_summary_tables_txt	qwen35	Gitksan	shot	summary_tables_txt	pdf1_brown	original	chrF2++	24.05075745883399	25.408456785523224	1.3576993266892359	0.07743922560774393	3.58785343170166	37	nrefs:1|bs:100000|seed:20260915|case:mixed|eff:yes|nc:6|nw:2|space:no|version:2.6.0	0	1.0
qwen35_gitksan_pdf1_brown_original_shot_summary_text_txt	qwen35	Gitksan	shot	summary_text_txt	pdf1_brown	original	chrF2++	24.05075745883399	25.701303980733588	1.6505465218995994	0.047759522404775955	3.509932518005371	37	nrefs:1|bs:100000|seed:20260915|case:mixed|eff:yes|nc:6|nw:2|space:no|version:2.6.0	0	1.0
qwen35_gitksan_pdf2_rigsby_original_shot_cheatsheet_jpg	qwen35	Gitksan	shot	cheatsheet_jpg	pdf2_rigsby	original	chrF2++	24.05075745883399	21.605353285648107	-2.4454041731858815	0.020709792902070978	3.836348533630371	37	nrefs:1|bs:100000|seed:20260915|case:mixed|eff:yes|nc:6|nw:2|space:no|version:2.6.0	0	1.0
qwen35_gitksan_pdf2_rigsby_original_shot_cheatsheet_txt	qwen35	Gitksan	shot	cheatsheet_txt	pdf2_rigsby	original	chrF2++	24.05075745883399	23.004701907632352	-1.0460555512016363	0.11665883341166589	3.411879539489746	37	nrefs:1|bs:100000|seed:20260915|case:mixed|eff:yes|nc:6|nw:2|space:no|version:2.6.0	0	1.0
qwen35_gitksan_pdf2_rigsby_original_shot_pdfpages_impactful_jpg	qwen35	Gitksan	shot	pdfpages_impactful_jpg	pdf2_rigsby	original	chrF2++	24.05075745883399	22.763490471698617	-1.2872669871353715	0.06727932720672793	3.502457618713379	37	nrefs:1|bs:100000|seed:20260915|case:mixed|eff:yes|nc:6|nw:2|space:no|version:2.6.0	0	1.0
qwen35_gitksan_pdf2_rigsby_original_shot_summary_tables_jpg	qwen35	Gitksan	shot	summary_tables_jpg	pdf2_rigsby	original	chrF2++	24.05075745883399	21.640383729234582	-2.4103737295994065	0.004049959500404996	3.46871280670166	37	nrefs:1|bs:100000|seed:20260915|case:mixed|eff:yes|nc:6|nw:2|space:no|version:2.6.0	0	1.0
qwen35_gitksan_pdf2_rigsby_original_shot_summary_tables_txt	qwen35	Gitksan	shot	summary_tables_txt	pdf2_rigsby	original	chrF2++	24.05075745883399	23.730176319741066	-0.32058113909292274	0.27489725102748974	3.2118825912475586	37	nrefs:1|bs:100000|seed:20260915|case:mixed|eff:yes|nc:6|nw:2|space:no|version:2.6.0	0	1.0
qwen35_gitksan_pdf2_rigsby_original_shot_summary_text_txt	qwen35	Gitksan	shot	summary_text_txt	pdf2_rigsby	original	chrF2++	24.05075745883399	23.33408085509442	-0.7166766037395682	0.15740842591574083	3.4103965759277344	37	nrefs:1|bs:100000|seed:20260915|case:mixed|eff:yes|nc:6|nw:2|space:no|version:2.6.0	0	1.0
qwen35_gitksan_pdf1_brown_original_chain_gloss_cheatsheet_jpg	qwen35	Gitksan	chain_gloss	cheatsheet_jpg	pdf1_brown	original	BLEU	4.78586536445354	4.651798503914614	-0.13406686053892525	0.3406965930340697	3.047835085117105	37	nrefs:1|bs:100000|seed:20260915|case:mixed|eff:no|tok:13a|smooth:exp|version:2.6.0	0	1.0
qwen35_gitksan_pdf1_brown_original_chain_gloss_cheatsheet_txt	qwen35	Gitksan	chain_gloss	cheatsheet_txt	pdf1_brown	original	BLEU	4.78586536445354	5.661003849214811	0.8751384847612718	0.15491845081549185	3.411776658120613	37	nrefs:1|bs:100000|seed:20260915|case:mixed|eff:no|tok:13a|smooth:exp|version:2.6.0	0	1.0
qwen35_gitksan_pdf1_brown_original_chain_gloss_pdfpages_impactful_jpg	qwen35	Gitksan	chain_gloss	pdfpages_impactful_jpg	pdf1_brown	original	BLEU	4.78586536445354	3.4880089253867936	-1.297856439066746	0.04147958520414796	2.8126146049899132	37	nrefs:1|bs:100000|seed:20260915|case:mixed|eff:no|tok:13a|smooth:exp|version:2.6.0	0	1.0
qwen35_gitksan_pdf1_brown_original_chain_gloss_summary_tables_jpg	qwen35	Gitksan	chain_gloss	summary_tables_jpg	pdf1_brown	original	BLEU	4.78586536445354	4.334636614747461	-0.45122874970607896	0.2064679353206468	2.930723631414038	37	nrefs:1|bs:100000|seed:20260915|case:mixed|eff:no|tok:13a|smooth:exp|version:2.6.0	1	1.0
qwen35_gitksan_pdf1_brown_original_chain_gloss_summary_tables_txt	qwen35	Gitksan	chain_gloss	summary_tables_txt	pdf1_brown	original	BLEU	4.78586536445354	4.959084762964809	0.17321939851126977	0.28611713882861173	3.0637844213799217	37	nrefs:1|bs:100000|seed:20260915|case:mixed|eff:no|tok:13a|smooth:exp|version:2.6.0	0	1.0
qwen35_gitksan_pdf1_brown_original_chain_gloss_summary_text_txt	qwen35	Gitksan	chain_gloss	summary_text_txt	pdf1_brown	original	BLEU	4.78586536445354	4.971336728534991	0.18547136408145182	0.3276967230327697	3.2472397223589615	37	nrefs:1|bs:100000|seed:20260915|case:mixed|eff:no|tok:13a|smooth:exp|version:2.6.0	0	1.0
qwen35_gitksan_pdf2_rigsby_original_chain_gloss_cheatsheet_jpg	qwen35	Gitksan	chain_gloss	cheatsheet_jpg	pdf2_rigsby	original	BLEU	4.78586536445354	4.493980513798056	-0.2918848506554834	0.26849731502684976	3.049980719132329	37	nrefs:1|bs:100000|seed:20260915|case:mixed|eff:no|tok:13a|smooth:exp|version:2.6.0	1	1.0
qwen35_gitksan_pdf2_rigsby_original_chain_gloss_cheatsheet_txt	qwen35	Gitksan	chain_gloss	cheatsheet_txt	pdf2_rigsby	original	BLEU	4.78586536445354	4.551821718614794	-0.23404364583874582	0.17117828821711784	2.9832579826871974	37	nrefs:1|bs:100000|seed:20260915|case:mixed|eff:no|tok:13a|smooth:exp|version:2.6.0	0	1.0
qwen35_gitksan_pdf2_rigsby_original_chain_gloss_pdfpages_impactful_jpg	qwen35	Gitksan	chain_gloss	pdfpages_impactful_jpg	pdf2_rigsby	original	BLEU	4.78586536445354	5.470276762690736	0.684411398237196	0.18513814861851383	3.2662201639714326	37	nrefs:1|bs:100000|seed:20260915|case:mixed|eff:no|tok:13a|smooth:exp|version:2.6.0	1	1.0
qwen35_gitksan_pdf2_rigsby_original_chain_gloss_summary_tables_jpg	qwen35	Gitksan	chain_gloss	summary_tables_jpg	pdf2_rigsby	original	BLEU	4.78586536445354	4.579445385982492	-0.20641997847104765	0.1983080169198308	3.439582586497739	37	nrefs:1|bs:100000|seed:20260915|case:mixed|eff:no|tok:13a|smooth:exp|version:2.6.0	1	1.0
qwen35_gitksan_pdf2_rigsby_original_chain_gloss_summary_tables_txt	qwen35	Gitksan	chain_gloss	summary_tables_txt	pdf2_rigsby	original	BLEU	4.78586536445354	3.9729359357625924	-0.8129294286909472	0.04142958570414296	2.9049538541875806	37	nrefs:1|bs:100000|seed:20260915|case:mixed|eff:no|tok:13a|smooth:exp|version:2.6.0	1	1.0
qwen35_gitksan_pdf2_rigsby_original_chain_gloss_summary_text_txt	qwen35	Gitksan	chain_gloss	summary_text_txt	pdf2_rigsby	original	BLEU	4.78586536445354	5.528276872739234	0.7424115082856941	0.1733282667173328	3.4590004821507216	37	nrefs:1|bs:100000|seed:20260915|case:mixed|eff:no|tok:13a|smooth:exp|version:2.6.0	0	1.0
qwen35_gitksan_pdf1_brown_original_chain_gloss_cheatsheet_jpg	qwen35	Gitksan	chain_gloss	cheatsheet_jpg	pdf1_brown	original	chrF2++	24.7000457720664	23.324472391389154	-1.3755733806772454	0.08254917450825491	3.69699764251709	37	nrefs:1|bs:100000|seed:20260915|case:mixed|eff:yes|nc:6|nw:2|space:no|version:2.6.0	0	1.0
qwen35_gitksan_pdf1_brown_original_chain_gloss_cheatsheet_txt	qwen35	Gitksan	chain_gloss	cheatsheet_txt	pdf1_brown	original	chrF2++	24.7000457720664	25.88999822267331	1.18995245060691	0.13148868511314887	2.680419921875	37	nrefs:1|bs:100000|seed:20260915|case:mixed|eff:yes|nc:6|nw:2|space:no|version:2.6.0	0	1.0
qwen35_gitksan_pdf1_brown_original_chain_gloss_pdfpages_impactful_jpg	qwen35	Gitksan	chain_gloss	pdfpages_impactful_jpg	pdf1_brown	original	chrF2++	24.7000457720664	21.124827596889034	-3.5752181751773655	0.004489955100448996	3.4595937728881836	37	nrefs:1|bs:100000|seed:20260915|case:mixed|eff:yes|nc:6|nw:2|space:no|version:2.6.0	0	1.0
qwen35_gitksan_pdf1_brown_original_chain_gloss_summary_tables_jpg	qwen35	Gitksan	chain_gloss	summary_tables_jpg	pdf1_brown	original	chrF2++	24.7000457720664	22.541241107392036	-2.1588046646743635	0.07477925220747793	3.3856611251831055	37	nrefs:1|bs:100000|seed:20260915|case:mixed|eff:yes|nc:6|nw:2|space:no|version:2.6.0	1	1.0
qwen35_gitksan_pdf1_brown_original_chain_gloss_summary_tables_txt	qwen35	Gitksan	chain_gloss	summary_tables_txt	pdf1_brown	original	chrF2++	24.7000457720664	26.378478915494064	1.6784331434276645	0.07406925930740693	3.207268714904785	37	nrefs:1|bs:100000|seed:20260915|case:mixed|eff:yes|nc:6|nw:2|space:no|version:2.6.0	0	1.0
qwen35_gitksan_pdf1_brown_original_chain_gloss_summary_text_txt	qwen35	Gitksan	chain_gloss	summary_text_txt	pdf1_brown	original	chrF2++	24.7000457720664	25.730972099151405	1.0309263270850053	0.13003869961300388	3.1009349822998047	37	nrefs:1|bs:100000|seed:20260915|case:mixed|eff:yes|nc:6|nw:2|space:no|version:2.6.0	0	1.0
qwen35_gitksan_pdf2_rigsby_original_chain_gloss_cheatsheet_jpg	qwen35	Gitksan	chain_gloss	cheatsheet_jpg	pdf2_rigsby	original	chrF2++	24.7000457720664	24.669784084160305	-0.03026168790609418	0.4126158738412616	3.522700309753418	37	nrefs:1|bs:100000|seed:20260915|case:mixed|eff:yes|nc:6|nw:2|space:no|version:2.6.0	1	1.0
qwen35_gitksan_pdf2_rigsby_original_chain_gloss_cheatsheet_txt	qwen35	Gitksan	chain_gloss	cheatsheet_txt	pdf2_rigsby	original	chrF2++	24.7000457720664	25.150513755563097	0.45046798349669714	0.2614673853261467	3.3707542419433594	37	nrefs:1|bs:100000|seed:20260915|case:mixed|eff:yes|nc:6|nw:2|space:no|version:2.6.0	0	1.0
qwen35_gitksan_pdf2_rigsby_original_chain_gloss_pdfpages_impactful_jpg	qwen35	Gitksan	chain_gloss	pdfpages_impactful_jpg	pdf2_rigsby	original	chrF2++	24.7000457720664	22.574089408768323	-2.1259563632980765	0.09058909410905891	3.5739660263061523	37	nrefs:1|bs:100000|seed:20260915|case:mixed|eff:yes|nc:6|nw:2|space:no|version:2.6.0	1	1.0
qwen35_gitksan_pdf2_rigsby_original_chain_gloss_summary_tables_jpg	qwen35	Gitksan	chain_gloss	summary_tables_jpg	pdf2_rigsby	original	chrF2++	24.7000457720664	23.001093619039782	-1.6989521530266174	0.10860891391086089	3.2427406311035156	37	nrefs:1|bs:100000|seed:20260915|case:mixed|eff:yes|nc:6|nw:2|space:no|version:2.6.0	1	1.0
qwen35_gitksan_pdf2_rigsby_original_chain_gloss_summary_tables_txt	qwen35	Gitksan	chain_gloss	summary_tables_txt	pdf2_rigsby	original	chrF2++	24.7000457720664	23.989789357944115	-0.7102564141222842	0.12161878381216187	3.105833053588867	37	nrefs:1|bs:100000|seed:20260915|case:mixed|eff:yes|nc:6|nw:2|space:no|version:2.6.0	1	1.0
qwen35_gitksan_pdf2_rigsby_original_chain_gloss_summary_text_txt	qwen35	Gitksan	chain_gloss	summary_text_txt	pdf2_rigsby	original	chrF2++	24.7000457720664	25.242009033980956	0.5419632619145567	0.22527774722252777	3.6049556732177734	37	nrefs:1|bs:100000|seed:20260915|case:mixed|eff:yes|nc:6|nw:2|space:no|version:2.6.0	0	1.0
qwen35_gitksan_pdf1_brown_original_modelgloss_cheatsheet_jpg	qwen35	Gitksan	modelgloss	cheatsheet_jpg	pdf1_brown	original	BLEU	14.228064553921207	15.356616264510938	1.128551710589731	0.20234797652023478	4.465836806672168	37	nrefs:1|bs:100000|seed:20260915|case:mixed|eff:no|tok:13a|smooth:exp|version:2.6.0	0	1.0
qwen35_gitksan_pdf1_brown_original_modelgloss_cheatsheet_txt	qwen35	Gitksan	modelgloss	cheatsheet_txt	pdf1_brown	original	BLEU	14.228064553921207	14.05283573360506	-0.17522882031614806	0.3699763002369976	4.318288754076146	37	nrefs:1|bs:100000|seed:20260915|case:mixed|eff:no|tok:13a|smooth:exp|version:2.6.0	0	1.0
qwen35_gitksan_pdf1_brown_original_modelgloss_pdfpages_impactful_jpg	qwen35	Gitksan	modelgloss	pdfpages_impactful_jpg	pdf1_brown	original	BLEU	14.228064553921207	16.124030693469095	1.8959661395478875	0.08842911570884292	4.136682503375096	37	nrefs:1|bs:100000|seed:20260915|case:mixed|eff:no|tok:13a|smooth:exp|version:2.6.0	0	1.0
qwen35_gitksan_pdf1_brown_original_modelgloss_summary_tables_jpg	qwen35	Gitksan	modelgloss	summary_tables_jpg	pdf1_brown	original	BLEU	14.228064553921207	13.895713062675044	-0.3323514912461629	0.3109168908310917	4.129459250468129	37	nrefs:1|bs:100000|seed:20260915|case:mixed|eff:no|tok:13a|smooth:exp|version:2.6.0	0	1.0
qwen35_gitksan_pdf1_brown_original_modelgloss_summary_tables_txt	qwen35	Gitksan	modelgloss	summary_tables_txt	pdf1_brown	original	BLEU	14.228064553921207	17.36949729818353	3.141432744262321	0.05396946030539695	4.447719718404692	37	nrefs:1|bs:100000|seed:20260915|case:mixed|eff:no|tok:13a|smooth:exp|version:2.6.0	0	1.0
qwen35_gitksan_pdf1_brown_original_modelgloss_summary_text_txt	qwen35	Gitksan	modelgloss	summary_text_txt	pdf1_brown	original	BLEU	14.228064553921207	17.687426104118586	3.4593615501973787	0.01955980440195598	4.137702988048936	37	nrefs:1|bs:100000|seed:20260915|case:mixed|eff:no|tok:13a|smooth:exp|version:2.6.0	0	1.0
qwen35_gitksan_pdf2_rigsby_original_modelgloss_cheatsheet_jpg	qwen35	Gitksan	modelgloss	cheatsheet_jpg	pdf2_rigsby	original	BLEU	14.228064553921207	16.581823967563267	2.3537594136420594	0.11276887231127689	4.859218194381706	37	nrefs:1|bs:100000|seed:20260915|case:mixed|eff:no|tok:13a|smooth:exp|version:2.6.0	0	1.0
qwen35_gitksan_pdf2_rigsby_original_modelgloss_cheatsheet_txt	qwen35	Gitksan	modelgloss	cheatsheet_txt	pdf2_rigsby	original	BLEU	14.228064553921207	15.773938808097864	1.5458742541766561	0.15400845991540085	4.182975054750023	37	nrefs:1|bs:100000|seed:20260915|case:mixed|eff:no|tok:13a|smooth:exp|version:2.6.0	0	1.0
qwen35_gitksan_pdf2_rigsby_original_modelgloss_pdfpages_impactful_jpg	qwen35	Gitksan	modelgloss	pdfpages_impactful_jpg	pdf2_rigsby	original	BLEU	14.228064553921207	15.931716448035951	1.7036518941147438	0.15195848041519586	3.780407637307288	37	nrefs:1|bs:100000|seed:20260915|case:mixed|eff:no|tok:13a|smooth:exp|version:2.6.0	0	1.0
qwen35_gitksan_pdf2_rigsby_original_modelgloss_summary_tables_jpg	qwen35	Gitksan	modelgloss	summary_tables_jpg	pdf2_rigsby	original	BLEU	14.228064553921207	18.204168708547694	3.976104154626487	0.06025939740602594	5.15061299358872	37	nrefs:1|bs:100000|seed:20260915|case:mixed|eff:no|tok:13a|smooth:exp|version:2.6.0	0	1.0
qwen35_gitksan_pdf2_rigsby_original_modelgloss_summary_tables_txt	qwen35	Gitksan	modelgloss	summary_tables_txt	pdf2_rigsby	original	BLEU	14.228064553921207	14.832295068804019	0.6042305148828113	0.27914720852791475	4.4022327677924915	37	nrefs:1|bs:100000|seed:20260915|case:mixed|eff:no|tok:13a|smooth:exp|version:2.6.0	0	1.0
qwen35_gitksan_pdf2_rigsby_original_modelgloss_summary_text_txt	qwen35	Gitksan	modelgloss	summary_text_txt	pdf2_rigsby	original	BLEU	14.228064553921207	14.97534454788326	0.7472799939620529	0.1917680823191768	3.943763333447791	37	nrefs:1|bs:100000|seed:20260915|case:mixed|eff:no|tok:13a|smooth:exp|version:2.6.0	0	1.0
qwen35_gitksan_pdf1_brown_original_modelgloss_cheatsheet_jpg	qwen35	Gitksan	modelgloss	cheatsheet_jpg	pdf1_brown	original	chrF2++	43.354394125845246	41.01385097814633	-2.3405431476989165	0.05695943040569594	3.722879409790039	37	nrefs:1|bs:100000|seed:20260915|case:mixed|eff:yes|nc:6|nw:2|space:no|version:2.6.0	0	1.0
qwen35_gitksan_pdf1_brown_original_modelgloss_cheatsheet_txt	qwen35	Gitksan	modelgloss	cheatsheet_txt	pdf1_brown	original	chrF2++	43.354394125845246	43.53621289246391	0.1818187666186617	0.3884361156388436	5.791902542114258	37	nrefs:1|bs:100000|seed:20260915|case:mixed|eff:yes|nc:6|nw:2|space:no|version:2.6.0	0	1.0
qwen35_gitksan_pdf1_brown_original_modelgloss_pdfpages_impactful_jpg	qwen35	Gitksan	modelgloss	pdfpages_impactful_jpg	pdf1_brown	original	chrF2++	43.354394125845246	43.03587349074506	-0.31852063510018525	0.3341966580334197	3.944263458251953	37	nrefs:1|bs:100000|seed:20260915|case:mixed|eff:yes|nc:6|nw:2|space:no|version:2.6.0	0	1.0
qwen35_gitksan_pdf1_brown_original_modelgloss_summary_tables_jpg	qwen35	Gitksan	modelgloss	summary_tables_jpg	pdf1_brown	original	chrF2++	43.354394125845246	41.728295967163646	-1.6260981586816001	0.11655883441165589	4.241893768310547	37	nrefs:1|bs:100000|seed:20260915|case:mixed|eff:yes|nc:6|nw:2|space:no|version:2.6.0	0	1.0
qwen35_gitksan_pdf1_brown_original_modelgloss_summary_tables_txt	qwen35	Gitksan	modelgloss	summary_tables_txt	pdf1_brown	original	chrF2++	43.354394125845246	46.42690779142393	3.0725136655786827	0.021379786202137978	4.2126617431640625	37	nrefs:1|bs:100000|seed:20260915|case:mixed|eff:yes|nc:6|nw:2|space:no|version:2.6.0	0	1.0
qwen35_gitksan_pdf1_brown_original_modelgloss_summary_text_txt	qwen35	Gitksan	modelgloss	summary_text_txt	pdf1_brown	original	chrF2++	43.354394125845246	46.955884122479965	3.6014899966347187	0.007299927000729993	4.093629837036133	37	nrefs:1|bs:100000|seed:20260915|case:mixed|eff:yes|nc:6|nw:2|space:no|version:2.6.0	0	1.0
qwen35_gitksan_pdf2_rigsby_original_modelgloss_cheatsheet_jpg	qwen35	Gitksan	modelgloss	cheatsheet_jpg	pdf2_rigsby	original	chrF2++	43.354394125845246	42.64644847076834	-0.7079456550769052	0.2734872651273487	5.656557083129883	37	nrefs:1|bs:100000|seed:20260915|case:mixed|eff:yes|nc:6|nw:2|space:no|version:2.6.0	0	1.0
qwen35_gitksan_pdf2_rigsby_original_modelgloss_cheatsheet_txt	qwen35	Gitksan	modelgloss	cheatsheet_txt	pdf2_rigsby	original	chrF2++	43.354394125845246	45.18483981770073	1.8304456918554806	0.06762932370676293	3.7893028259277344	37	nrefs:1|bs:100000|seed:20260915|case:mixed|eff:yes|nc:6|nw:2|space:no|version:2.6.0	0	1.0
qwen35_gitksan_pdf2_rigsby_original_modelgloss_pdfpages_impactful_jpg	qwen35	Gitksan	modelgloss	pdfpages_impactful_jpg	pdf2_rigsby	original	chrF2++	43.354394125845246	45.1599358539696	1.8055417281243535	0.11308886911130889	4.280023574829102	37	nrefs:1|bs:100000|seed:20260915|case:mixed|eff:yes|nc:6|nw:2|space:no|version:2.6.0	0	1.0
qwen35_gitksan_pdf2_rigsby_original_modelgloss_summary_tables_jpg	qwen35	Gitksan	modelgloss	summary_tables_jpg	pdf2_rigsby	original	chrF2++	43.354394125845246	43.06841044426267	-0.2859836815825787	0.3562064379356206	5.501104354858398	37	nrefs:1|bs:100000|seed:20260915|case:mixed|eff:yes|nc:6|nw:2|space:no|version:2.6.0	0	1.0
qwen35_gitksan_pdf2_rigsby_original_modelgloss_summary_tables_txt	qwen35	Gitksan	modelgloss	summary_tables_txt	pdf2_rigsby	original	chrF2++	43.354394125845246	44.69170491910775	1.3373107932625032	0.13617863821361786	4.095205307006836	37	nrefs:1|bs:100000|seed:20260915|case:mixed|eff:yes|nc:6|nw:2|space:no|version:2.6.0	0	1.0
qwen35_gitksan_pdf2_rigsby_original_modelgloss_summary_text_txt	qwen35	Gitksan	modelgloss	summary_text_txt	pdf2_rigsby	original	chrF2++	43.354394125845246	45.89459319892499	2.540199073079741	0.021829781702182978	3.5011367797851562	37	nrefs:1|bs:100000|seed:20260915|case:mixed|eff:yes|nc:6|nw:2|space:no|version:2.6.0	0	1.0
qwen35_lezgi_grammar_cyrillic_shot_cheatsheet_jpg	qwen35	Lezgi	shot	cheatsheet_jpg	grammar	cyrillic	BLEU	7.395521591720801	7.7174649002678555	0.32194330854705466	0.19430805691943082	4.06142456517298	87	nrefs:1|bs:100000|seed:20260915|case:mixed|eff:no|tok:13a|smooth:exp|version:2.6.0	0	1.0
qwen35_lezgi_grammar_cyrillic_shot_cheatsheet_txt	qwen35	Lezgi	shot	cheatsheet_txt	grammar	cyrillic	BLEU	7.395521591720801	8.426189167175172	1.0306675754543715	0.06743932560674393	4.066375106455451	87	nrefs:1|bs:100000|seed:20260915|case:mixed|eff:no|tok:13a|smooth:exp|version:2.6.0	0	1.0
qwen35_lezgi_grammar_cyrillic_shot_summary_tables_jpg	qwen35	Lezgi	shot	summary_tables_jpg	grammar	cyrillic	BLEU	7.395521591720801	7.556289593587984	0.16076800186718287	0.2800771992280077	3.9551938030172833	87	nrefs:1|bs:100000|seed:20260915|case:mixed|eff:no|tok:13a|smooth:exp|version:2.6.0	0	1.0
qwen35_lezgi_grammar_cyrillic_shot_summary_tables_txt	qwen35	Lezgi	shot	summary_tables_txt	grammar	cyrillic	BLEU	7.395521591720801	7.116401775958824	-0.27911981576197675	0.21186788132118678	3.9894621824031944	87	nrefs:1|bs:100000|seed:20260915|case:mixed|eff:no|tok:13a|smooth:exp|version:2.6.0	0	1.0
qwen35_lezgi_grammar_cyrillic_shot_summary_text_txt	qwen35	Lezgi	shot	summary_text_txt	grammar	cyrillic	BLEU	7.395521591720801	6.998941207609952	-0.39658038411084906	0.15365846341536585	3.83947179026514	87	nrefs:1|bs:100000|seed:20260915|case:mixed|eff:no|tok:13a|smooth:exp|version:2.6.0	0	1.0
qwen35_lezgi_grammar_original_shot_cheatsheet_jpg	qwen35	Lezgi	shot	cheatsheet_jpg	grammar	original	BLEU	7.395521591720801	9.126152929434653	1.7306313377138522	0.05825941740582594	5.742434931081332	87	nrefs:1|bs:100000|seed:20260915|case:mixed|eff:no|tok:13a|smooth:exp|version:2.6.0	0	1.0
qwen35_lezgi_grammar_original_shot_cheatsheet_txt	qwen35	Lezgi	shot	cheatsheet_txt	grammar	original	BLEU	7.395521591720801	7.971091267505587	0.5755696757847861	0.15216847831521685	3.9605863545762334	87	nrefs:1|bs:100000|seed:20260915|case:mixed|eff:no|tok:13a|smooth:exp|version:2.6.0	0	1.0
qwen35_lezgi_grammar_original_shot_pdfpages_impactful_jpg	qwen35	Lezgi	shot	pdfpages_impactful_jpg	grammar	original	BLEU	7.395521591720801	8.839652199740758	1.4441306080199574	0.10859891401085989	6.006022524071605	87	nrefs:1|bs:100000|seed:20260915|case:mixed|eff:no|tok:13a|smooth:exp|version:2.6.0	0	1.0
qwen35_lezgi_grammar_original_shot_summary_tables_jpg	qwen35	Lezgi	shot	summary_tables_jpg	grammar	original	BLEU	7.395521591720801	7.793965011861876	0.39844342014107514	0.18053819461805382	3.9739793899045397	87	nrefs:1|bs:100000|seed:20260915|case:mixed|eff:no|tok:13a|smooth:exp|version:2.6.0	0	1.0
qwen35_lezgi_grammar_original_shot_summary_tables_txt	qwen35	Lezgi	shot	summary_tables_txt	grammar	original	BLEU	7.395521591720801	7.091880882990786	-0.3036407087300148	0.2020079799202008	3.8651437043401566	87	nrefs:1|bs:100000|seed:20260915|case:mixed|eff:no|tok:13a|smooth:exp|version:2.6.0	0	1.0
qwen35_lezgi_grammar_original_shot_summary_text_txt	qwen35	Lezgi	shot	summary_text_txt	grammar	original	BLEU	7.395521591720801	6.84126728207031	-0.5542543096504904	0.15161848381516185	3.701124855419339	87	nrefs:1|bs:100000|seed:20260915|case:mixed|eff:no|tok:13a|smooth:exp|version:2.6.0	0	1.0
qwen35_lezgi_grammar_cyrillic_shot_cheatsheet_jpg	qwen35	Lezgi	shot	cheatsheet_jpg	grammar	cyrillic	chrF2++	26.75533876051288	25.764929752497107	-0.9904090080157744	0.06350936490635094	3.948544502258301	87	nrefs:1|bs:100000|seed:20260915|case:mixed|eff:yes|nc:6|nw:2|space:no|version:2.6.0	0	1.0
qwen35_lezgi_grammar_cyrillic_shot_cheatsheet_txt	qwen35	Lezgi	shot	cheatsheet_txt	grammar	cyrillic	chrF2++	26.75533876051288	28.231578042815265	1.4762392823023838	0.03346966530334697	4.08137321472168	87	nrefs:1|bs:100000|seed:20260915|case:mixed|eff:yes|nc:6|nw:2|space:no|version:2.6.0	0	1.0
qwen35_lezgi_grammar_cyrillic_shot_summary_tables_jpg	qwen35	Lezgi	shot	summary_tables_jpg	grammar	cyrillic	chrF2++	26.75533876051288	26.320101928750628	-0.4352368317622535	0.19163808361916382	3.881101608276367	87	nrefs:1|bs:100000|seed:20260915|case:mixed|eff:yes|nc:6|nw:2|space:no|version:2.6.0	0	1.0
qwen35_lezgi_grammar_cyrillic_shot_summary_tables_txt	qwen35	Lezgi	shot	summary_tables_txt	grammar	cyrillic	chrF2++	26.75533876051288	26.39060743324364	-0.36473132726924007	0.22982770172298278	4.101161003112793	87	nrefs:1|bs:100000|seed:20260915|case:mixed|eff:yes|nc:6|nw:2|space:no|version:2.6.0	0	1.0
qwen35_lezgi_grammar_cyrillic_shot_summary_text_txt	qwen35	Lezgi	shot	summary_text_txt	grammar	cyrillic	chrF2++	26.75533876051288	26.57233442742975	-0.18300433308312947	0.2890571094289057	3.8785133361816406	87	nrefs:1|bs:100000|seed:20260915|case:mixed|eff:yes|nc:6|nw:2|space:no|version:2.6.0	0	1.0
qwen35_lezgi_grammar_original_shot_cheatsheet_jpg	qwen35	Lezgi	shot	cheatsheet_jpg	grammar	original	chrF2++	26.75533876051288	27.21783866142492	0.4624999009120394	0.17559824401755983	4.435478210449219	87	nrefs:1|bs:100000|seed:20260915|case:mixed|eff:yes|nc:6|nw:2|space:no|version:2.6.0	0	1.0
qwen35_lezgi_grammar_original_shot_cheatsheet_txt	qwen35	Lezgi	shot	cheatsheet_txt	grammar	original	chrF2++	26.75533876051288	27.134785882503028	0.37944712199014674	0.22459775402245977	4.018886566162109	87	nrefs:1|bs:100000|seed:20260915|case:mixed|eff:yes|nc:6|nw:2|space:no|version:2.6.0	0	1.0
qwen35_lezgi_grammar_original_shot_pdfpages_impactful_jpg	qwen35	Lezgi	shot	pdfpages_impactful_jpg	grammar	original	chrF2++	26.75533876051288	25.783239879252967	-0.9720988812599138	0.10832891671083289	4.576456069946289	87	nrefs:1|bs:100000|seed:20260915|case:mixed|eff:yes|nc:6|nw:2|space:no|version:2.6.0	0	1.0
qwen35_lezgi_grammar_original_shot_summary_tables_jpg	qwen35	Lezgi	shot	summary_tables_jpg	grammar	original	chrF2++	26.75533876051288	26.41692674204022	-0.3384120184726598	0.22431775682243177	3.9339685440063477	87	nrefs:1|bs:100000|seed:20260915|case:mixed|eff:yes|nc:6|nw:2|space:no|version:2.6.0	0	1.0
qwen35_lezgi_grammar_original_shot_summary_tables_txt	qwen35	Lezgi	shot	summary_tables_txt	grammar	original	chrF2++	26.75533876051288	26.348833452267833	-0.40650530824504827	0.2017979820201798	4.03580379486084	87	nrefs:1|bs:100000|seed:20260915|case:mixed|eff:yes|nc:6|nw:2|space:no|version:2.6.0	0	1.0
qwen35_lezgi_grammar_original_shot_summary_text_txt	qwen35	Lezgi	shot	summary_text_txt	grammar	original	chrF2++	26.75533876051288	26.06718021999468	-0.6881585405182022	0.12512874871251287	3.896768569946289	87	nrefs:1|bs:100000|seed:20260915|case:mixed|eff:yes|nc:6|nw:2|space:no|version:2.6.0	0	1.0
qwen35_lezgi_grammar_cyrillic_chain_gloss_cheatsheet_jpg	qwen35	Lezgi	chain_gloss	cheatsheet_jpg	grammar	cyrillic	BLEU	9.36631495154978	8.433177992715631	-0.9331369588341492	0.14300856991430086	6.329342009703425	87	nrefs:1|bs:100000|seed:20260915|case:mixed|eff:no|tok:13a|smooth:exp|version:2.6.0	0	1.0
qwen35_lezgi_grammar_cyrillic_chain_gloss_cheatsheet_txt	qwen35	Lezgi	chain_gloss	cheatsheet_txt	grammar	cyrillic	BLEU	9.36631495154978	7.417067187675712	-1.9492477638740686	0.034629653703462965	4.6749509442838875	87	nrefs:1|bs:100000|seed:20260915|case:mixed|eff:no|tok:13a|smooth:exp|version:2.6.0	0	1.0
qwen35_lezgi_grammar_cyrillic_chain_gloss_summary_tables_jpg	qwen35	Lezgi	chain_gloss	summary_tables_jpg	grammar	cyrillic	BLEU	9.36631495154978	8.567820215107568	-0.7984947364422119	0.15459845401545985	6.312452741588999	87	nrefs:1|bs:100000|seed:20260915|case:mixed|eff:no|tok:13a|smooth:exp|version:2.6.0	0	1.0
qwen35_lezgi_grammar_cyrillic_chain_gloss_summary_tables_txt	qwen35	Lezgi	chain_gloss	summary_tables_txt	grammar	cyrillic	BLEU	9.36631495154978	6.47927721306027	-2.8870377384895107	0.06883931160688393	3.092486102950502	87	nrefs:1|bs:100000|seed:20260915|case:mixed|eff:no|tok:13a|smooth:exp|version:2.6.0	0	1.0
qwen35_lezgi_grammar_cyrillic_chain_gloss_summary_text_txt	qwen35	Lezgi	chain_gloss	summary_text_txt	grammar	cyrillic	BLEU	9.36631495154978	6.351294829815843	-3.0150201217339374	0.010949890501094989	3.922579735666637	87	nrefs:1|bs:100000|seed:20260915|case:mixed|eff:no|tok:13a|smooth:exp|version:2.6.0	0	1.0
qwen35_lezgi_grammar_original_chain_gloss_cheatsheet_jpg	qwen35	Lezgi	chain_gloss	cheatsheet_jpg	grammar	original	BLEU	9.36631495154978	8.820526254702123	-0.5457886968476569	0.16892831071689282	6.149048223712161	87	nrefs:1|bs:100000|seed:20260915|case:mixed|eff:no|tok:13a|smooth:exp|version:2.6.0	0	1.0
qwen35_lezgi_grammar_original_chain_gloss_cheatsheet_txt	qwen35	Lezgi	chain_gloss	cheatsheet_txt	grammar	original	BLEU	9.36631495154978	6.9568231628415385	-2.409491788708242	0.016589834101658985	4.82634764698105	87	nrefs:1|bs:100000|seed:20260915|case:mixed|eff:no|tok:13a|smooth:exp|version:2.6.0	0	1.0
qwen35_lezgi_grammar_original_chain_gloss_pdfpages_impactful_jpg	qwen35	Lezgi	chain_gloss	pdfpages_impactful_jpg	grammar	original	BLEU	9.36631495154978	9.178870837375017	-0.18744411417476314	0.3132468675313247	6.582895960416999	87	nrefs:1|bs:100000|seed:20260915|case:mixed|eff:no|tok:13a|smooth:exp|version:2.6.0	0	1.0
qwen35_lezgi_grammar_original_chain_gloss_summary_tables_jpg	qwen35	Lezgi	chain_gloss	summary_tables_jpg	grammar	original	BLEU	9.36631495154978	8.30322964108009	-1.06308531046969	0.1053989460105399	6.187100903479677	87	nrefs:1|bs:100000|seed:20260915|case:mixed|eff:no|tok:13a|smooth:exp|version:2.6.0	0	1.0
qwen35_lezgi_grammar_original_chain_gloss_summary_tables_txt	qwen35	Lezgi	chain_gloss	summary_tables_txt	grammar	original	BLEU	9.36631495154978	7.024096660331099	-2.342218291218681	0.00997990020099799	4.643370069218488	87	nrefs:1|bs:100000|seed:20260915|case:mixed|eff:no|tok:13a|smooth:exp|version:2.6.0	0	1.0
qwen35_lezgi_grammar_original_chain_gloss_summary_text_txt	qwen35	Lezgi	chain_gloss	summary_text_txt	grammar	original	BLEU	9.36631495154978	6.813031373659279	-2.553283577890501	0.015709842901570983	4.13699988093515	87	nrefs:1|bs:100000|seed:20260915|case:mixed|eff:no|tok:13a|smooth:exp|version:2.6.0	0	1.0
qwen35_lezgi_grammar_cyrillic_chain_gloss_cheatsheet_jpg	qwen35	Lezgi	chain_gloss	cheatsheet_jpg	grammar	cyrillic	chrF2++	27.608720617916376	25.289604756792517	-2.3191158611238585	0.004189958100418996	4.509282112121582	87	nrefs:1|bs:100000|seed:20260915|case:mixed|eff:yes|nc:6|nw:2|space:no|version:2.6.0	0	1.0
qwen35_lezgi_grammar_cyrillic_chain_gloss_cheatsheet_txt	qwen35	Lezgi	chain_gloss	cheatsheet_txt	grammar	cyrillic	chrF2++	27.608720617916376	25.491257626696633	-2.1174629912197425	0.006529934700652993	3.9836177825927734	87	nrefs:1|bs:100000|seed:20260915|case:mixed|eff:yes|nc:6|nw:2|space:no|version:2.6.0	0	1.0
qwen35_lezgi_grammar_cyrillic_chain_gloss_summary_tables_jpg	qwen35	Lezgi	chain_gloss	summary_tables_jpg	grammar	cyrillic	chrF2++	27.608720617916376	25.55274158171053	-2.0559790362058443	0.007859921400785992	4.638698577880859	87	nrefs:1|bs:100000|seed:20260915|case:mixed|eff:yes|nc:6|nw:2|space:no|version:2.6.0	0	1.0
qwen35_lezgi_grammar_cyrillic_chain_gloss_summary_tables_txt	qwen35	Lezgi	chain_gloss	summary_tables_txt	grammar	cyrillic	chrF2++	27.608720617916376	25.314995701032693	-2.293724916883683	0.03307966920330797	3.341054916381836	87	nrefs:1|bs:100000|seed:20260915|case:mixed|eff:yes|nc:6|nw:2|space:no|version:2.6.0	0	1.0
qwen35_lezgi_grammar_cyrillic_chain_gloss_summary_text_txt	qwen35	Lezgi	chain_gloss	summary_text_txt	grammar	cyrillic	chrF2++	27.608720617916376	26.754945561234184	-0.853775056682192	0.12662873371266287	3.908111572265625	87	nrefs:1|bs:100000|seed:20260915|case:mixed|eff:yes|nc:6|nw:2|space:no|version:2.6.0	0	1.0
qwen35_lezgi_grammar_original_chain_gloss_cheatsheet_jpg	qwen35	Lezgi	chain_gloss	cheatsheet_jpg	grammar	original	chrF2++	27.608720617916376	26.583761810588513	-1.024958807327863	0.09432905670943291	4.686777114868164	87	nrefs:1|bs:100000|seed:20260915|case:mixed|eff:yes|nc:6|nw:2|space:no|version:2.6.0	0	1.0
qwen35_lezgi_grammar_original_chain_gloss_cheatsheet_txt	qwen35	Lezgi	chain_gloss	cheatsheet_txt	grammar	original	chrF2++	27.608720617916376	25.832297018007566	-1.77642359990881	0.023049769502304977	4.060479164123535	87	nrefs:1|bs:100000|seed:20260915|case:mixed|eff:yes|nc:6|nw:2|space:no|version:2.6.0	0	1.0
qwen35_lezgi_grammar_original_chain_gloss_pdfpages_impactful_jpg	qwen35	Lezgi	chain_gloss	pdfpages_impactful_jpg	grammar	original	chrF2++	27.608720617916376	24.178177390733104	-3.4305432271832714	0.0001999980000199998	4.757242202758789	87	nrefs:1|bs:100000|seed:20260915|case:mixed|eff:yes|nc:6|nw:2|space:no|version:2.6.0	0	0.16639833601663984
qwen35_lezgi_grammar_original_chain_gloss_summary_tables_jpg	qwen35	Lezgi	chain_gloss	summary_tables_jpg	grammar	original	chrF2++	27.608720617916376	26.715734871849055	-0.8929857460673212	0.11568884311156888	4.5379533767700195	87	nrefs:1|bs:100000|seed:20260915|case:mixed|eff:yes|nc:6|nw:2|space:no|version:2.6.0	0	1.0
qwen35_lezgi_grammar_original_chain_gloss_summary_tables_txt	qwen35	Lezgi	chain_gloss	summary_tables_txt	grammar	original	chrF2++	27.608720617916376	25.881724877667605	-1.7269957402487712	0.013739862601373986	4.161432266235352	87	nrefs:1|bs:100000|seed:20260915|case:mixed|eff:yes|nc:6|nw:2|space:no|version:2.6.0	0	1.0
qwen35_lezgi_grammar_original_chain_gloss_summary_text_txt	qwen35	Lezgi	chain_gloss	summary_text_txt	grammar	original	chrF2++	27.608720617916376	25.977425753131637	-1.6312948647847385	0.025839741602583975	3.8885459899902344	87	nrefs:1|bs:100000|seed:20260915|case:mixed|eff:yes|nc:6|nw:2|space:no|version:2.6.0	0	1.0
qwen35_lezgi_grammar_cyrillic_modelgloss_cheatsheet_jpg	qwen35	Lezgi	modelgloss	cheatsheet_jpg	grammar	cyrillic	BLEU	11.076521194221598	11.987061919848927	0.9105407256273281	0.12946870531294688	4.401576534728292	87	nrefs:1|bs:100000|seed:20260915|case:mixed|eff:no|tok:13a|smooth:exp|version:2.6.0	0	1.0
qwen35_lezgi_grammar_cyrillic_modelgloss_cheatsheet_txt	qwen35	Lezgi	modelgloss	cheatsheet_txt	grammar	cyrillic	BLEU	11.076521194221598	10.022802204105792	-1.0537189901158062	0.05806941930580694	3.6081000488173025	87	nrefs:1|bs:100000|seed:20260915|case:mixed|eff:no|tok:13a|smooth:exp|version:2.6.0	0	1.0
qwen35_lezgi_grammar_cyrillic_modelgloss_summary_tables_jpg	qwen35	Lezgi	modelgloss	summary_tables_jpg	grammar	cyrillic	BLEU	11.076521194221598	12.09735371668732	1.0208325224657209	0.10147898521014789	3.979791106167921	87	nrefs:1|bs:100000|seed:20260915|case:mixed|eff:no|tok:13a|smooth:exp|version:2.6.0	0	1.0
qwen35_lezgi_grammar_cyrillic_modelgloss_summary_tables_txt	qwen35	Lezgi	modelgloss	summary_tables_txt	grammar	cyrillic	BLEU	11.076521194221598	11.153734919888189	0.07721372566659035	0.3763562364376356	3.6345243064427573	87	nrefs:1|bs:100000|seed:20260915|case:mixed|eff:no|tok:13a|smooth:exp|version:2.6.0	0	1.0
qwen35_lezgi_grammar_cyrillic_modelgloss_summary_text_txt	qwen35	Lezgi	modelgloss	summary_text_txt	grammar	cyrillic	BLEU	11.076521194221598	10.3498273883604	-0.7266938058611991	0.16402835971640284	4.165126400980689	87	nrefs:1|bs:100000|seed:20260915|case:mixed|eff:no|tok:13a|smooth:exp|version:2.6.0	0	1.0
qwen35_lezgi_grammar_original_modelgloss_cheatsheet_jpg	qwen35	Lezgi	modelgloss	cheatsheet_jpg	grammar	original	BLEU	11.076521194221598	12.242880394373483	1.1663592001518843	0.1044789552104479	4.621280838065536	87	nrefs:1|bs:100000|seed:20260915|case:mixed|eff:no|tok:13a|smooth:exp|version:2.6.0	0	1.0
qwen35_lezgi_grammar_original_modelgloss_cheatsheet_txt	qwen35	Lezgi	modelgloss	cheatsheet_txt	grammar	original	BLEU	11.076521194221598	10.222997785621866	-0.8535234085997327	0.11461885381146189	3.559500741956006	87	nrefs:1|bs:100000|seed:20260915|case:mixed|eff:no|tok:13a|smooth:exp|version:2.6.0	0	1.0
qwen35_lezgi_grammar_original_modelgloss_pdfpages_impactful_jpg	qwen35	Lezgi	modelgloss	pdfpages_impactful_jpg	grammar	original	BLEU	11.076521194221598	11.783662907367606	0.707141713146008	0.2069479305206948	5.61117854459577	87	nrefs:1|bs:100000|seed:20260915|case:mixed|eff:no|tok:13a|smooth:exp|version:2.6.0	0	1.0
qwen35_lezgi_grammar_original_modelgloss_summary_tables_jpg	qwen35	Lezgi	modelgloss	summary_tables_jpg	grammar	original	BLEU	11.076521194221598	11.539023954832365	0.4625027606107661	0.21479785202147977	3.822591049626888	87	nrefs:1|bs:100000|seed:20260915|case:mixed|eff:no|tok:13a|smooth:exp|version:2.6.0	0	1.0
qwen35_lezgi_grammar_original_modelgloss_summary_tables_txt	qwen35	Lezgi	modelgloss	summary_tables_txt	grammar	original	BLEU	11.076521194221598	10.755684442220163	-0.32083675200143524	0.26232737672623274	3.598706253721276	87	nrefs:1|bs:100000|seed:20260915|case:mixed|eff:no|tok:13a|smooth:exp|version:2.6.0	0	1.0
qwen35_lezgi_grammar_original_modelgloss_summary_text_txt	qwen35	Lezgi	modelgloss	summary_text_txt	grammar	original	BLEU	11.076521194221598	11.313753377499628	0.23723218327802975	0.2883271167288327	3.887558700886213	87	nrefs:1|bs:100000|seed:20260915|case:mixed|eff:no|tok:13a|smooth:exp|version:2.6.0	0	1.0
qwen35_lezgi_grammar_cyrillic_modelgloss_cheatsheet_jpg	qwen35	Lezgi	modelgloss	cheatsheet_jpg	grammar	cyrillic	chrF2++	36.22333523590735	37.62105286930383	1.397717633396482	0.06800931990680094	3.7748756408691406	87	nrefs:1|bs:100000|seed:20260915|case:mixed|eff:yes|nc:6|nw:2|space:no|version:2.6.0	0	1.0
qwen35_lezgi_grammar_cyrillic_modelgloss_cheatsheet_txt	qwen35	Lezgi	modelgloss	cheatsheet_txt	grammar	cyrillic	chrF2++	36.22333523590735	37.65777665486061	1.4344414189532628	0.03842961570384296	3.2951602935791016	87	nrefs:1|bs:100000|seed:20260915|case:mixed|eff:yes|nc:6|nw:2|space:no|version:2.6.0	0	1.0
qwen35_lezgi_grammar_cyrillic_modelgloss_summary_tables_jpg	qwen35	Lezgi	modelgloss	summary_tables_jpg	grammar	cyrillic	chrF2++	36.22333523590735	37.60839547521246	1.385060239305112	0.05306946930530695	3.40057373046875	87	nrefs:1|bs:100000|seed:20260915|case:mixed|eff:yes|nc:6|nw:2|space:no|version:2.6.0	0	1.0
qwen35_lezgi_grammar_cyrillic_modelgloss_summary_tables_txt	qwen35	Lezgi	modelgloss	summary_tables_txt	grammar	cyrillic	chrF2++	36.22333523590735	38.345116008174365	2.121780772267016	0.012879871201287987	3.485443115234375	87	nrefs:1|bs:100000|seed:20260915|case:mixed|eff:yes|nc:6|nw:2|space:no|version:2.6.0	0	1.0
qwen35_lezgi_grammar_cyrillic_modelgloss_summary_text_txt	qwen35	Lezgi	modelgloss	summary_text_txt	grammar	cyrillic	chrF2++	36.22333523590735	37.26738208512615	1.0440468492188018	0.08959910400895992	3.7753162384033203	87	nrefs:1|bs:100000|seed:20260915|case:mixed|eff:yes|nc:6|nw:2|space:no|version:2.6.0	0	1.0
qwen35_lezgi_grammar_original_modelgloss_cheatsheet_jpg	qwen35	Lezgi	modelgloss	cheatsheet_jpg	grammar	original	chrF2++	36.22333523590735	37.573257050644166	1.3499218147368168	0.06895931040689593	3.7956714630126953	87	nrefs:1|bs:100000|seed:20260915|case:mixed|eff:yes|nc:6|nw:2|space:no|version:2.6.0	0	1.0
qwen35_lezgi_grammar_original_modelgloss_cheatsheet_txt	qwen35	Lezgi	modelgloss	cheatsheet_txt	grammar	original	chrF2++	36.22333523590735	37.53597120751076	1.312635971603413	0.05204947950520495	3.285188674926758	87	nrefs:1|bs:100000|seed:20260915|case:mixed|eff:yes|nc:6|nw:2|space:no|version:2.6.0	0	1.0
qwen35_lezgi_grammar_original_modelgloss_pdfpages_impactful_jpg	qwen35	Lezgi	modelgloss	pdfpages_impactful_jpg	grammar	original	chrF2++	36.22333523590735	37.29236575157784	1.069030515670491	0.07743922560774393	4.005157470703125	87	nrefs:1|bs:100000|seed:20260915|case:mixed|eff:yes|nc:6|nw:2|space:no|version:2.6.0	0	1.0
qwen35_lezgi_grammar_original_modelgloss_summary_tables_jpg	qwen35	Lezgi	modelgloss	summary_tables_jpg	grammar	original	chrF2++	36.22333523590735	37.52167538093596	1.298340145028611	0.07919920800791992	3.3822154998779297	87	nrefs:1|bs:100000|seed:20260915|case:mixed|eff:yes|nc:6|nw:2|space:no|version:2.6.0	0	1.0
qwen35_lezgi_grammar_original_modelgloss_summary_tables_txt	qwen35	Lezgi	modelgloss	summary_tables_txt	grammar	original	chrF2++	36.22333523590735	37.29068807590214	1.0673528399947898	0.1004989950100499	3.526782989501953	87	nrefs:1|bs:100000|seed:20260915|case:mixed|eff:yes|nc:6|nw:2|space:no|version:2.6.0	0	1.0
qwen35_lezgi_grammar_original_modelgloss_summary_text_txt	qwen35	Lezgi	modelgloss	summary_text_txt	grammar	original	chrF2++	36.22333523590735	37.58720699133241	1.363871755425059	0.02993970060299397	3.4725265502929688	87	nrefs:1|bs:100000|seed:20260915|case:mixed|eff:yes|nc:6|nw:2|space:no|version:2.6.0	0	1.0
qwen35_natugu_grammar_original_shot_cheatsheet_jpg	qwen35	Natugu	shot	cheatsheet_jpg	grammar	original	BLEU	3.455818512658269	2.4487779398416025	-1.0070405728166665	0.07668923310766892	1.2615868046297185	99	nrefs:1|bs:100000|seed:20260915|case:mixed|eff:no|tok:13a|smooth:exp|version:2.6.0	0	1.0
qwen35_natugu_grammar_original_shot_cheatsheet_txt	qwen35	Natugu	shot	cheatsheet_txt	grammar	original	BLEU	3.455818512658269	3.3342964411807525	-0.12152207147751648	0.32419675803241965	1.266525404850897	99	nrefs:1|bs:100000|seed:20260915|case:mixed|eff:no|tok:13a|smooth:exp|version:2.6.0	0	1.0
qwen35_natugu_grammar_original_shot_pdfpages_impactful_jpg	qwen35	Natugu	shot	pdfpages_impactful_jpg	grammar	original	BLEU	3.455818512658269	3.472971537394883	0.017153024736614064	0.4140758592414076	1.8290103844506596	99	nrefs:1|bs:100000|seed:20260915|case:mixed|eff:no|tok:13a|smooth:exp|version:2.6.0	0	1.0
qwen35_natugu_grammar_original_shot_summary_tables_jpg	qwen35	Natugu	shot	summary_tables_jpg	grammar	original	BLEU	3.455818512658269	3.157722464422195	-0.29809604823607394	0.24640753592464076	1.4852819057279247	99	nrefs:1|bs:100000|seed:20260915|case:mixed|eff:no|tok:13a|smooth:exp|version:2.6.0	0	1.0
qwen35_natugu_grammar_original_shot_summary_tables_txt	qwen35	Natugu	shot	summary_tables_txt	grammar	original	BLEU	3.455818512658269	2.9612449303839767	-0.49457358227429227	0.15983840161598384	1.198968378935095	99	nrefs:1|bs:100000|seed:20260915|case:mixed|eff:no|tok:13a|smooth:exp|version:2.6.0	0	1.0
qwen35_natugu_grammar_original_shot_summary_text_txt	qwen35	Natugu	shot	summary_text_txt	grammar	original	BLEU	3.455818512658269	2.9225824348557317	-0.5332360778025373	0.16180838191618083	1.3087280011373699	99	nrefs:1|bs:100000|seed:20260915|case:mixed|eff:no|tok:13a|smooth:exp|version:2.6.0	0	1.0
qwen35_natugu_grammar_original_shot_cheatsheet_jpg	qwen35	Natugu	shot	cheatsheet_jpg	grammar	original	chrF2++	20.0013078620082	17.662826430240937	-2.3384814317672635	3.999960000399996e-05	1.4730501174926758	99	nrefs:1|bs:100000|seed:20260915|case:mixed|eff:yes|nc:6|nw:2|space:no|version:2.6.0	0	0.03343966560334397
qwen35_natugu_grammar_original_shot_cheatsheet_txt	qwen35	Natugu	shot	cheatsheet_txt	grammar	original	chrF2++	20.0013078620082	20.69007631032253	0.688768448314331	0.0998590014099859	1.5543642044067383	99	nrefs:1|bs:100000|seed:20260915|case:mixed|eff:yes|nc:6|nw:2|space:no|version:2.6.0	0	1.0
qwen35_natugu_grammar_original_shot_pdfpages_impactful_jpg	qwen35	Natugu	shot	pdfpages_impactful_jpg	grammar	original	chrF2++	20.0013078620082	18.400944627680996	-1.6003632343272045	0.014009859901400986	1.8000059127807617	99	nrefs:1|bs:100000|seed:20260915|case:mixed|eff:yes|nc:6|nw:2|space:no|version:2.6.0	0	1.0
qwen35_natugu_grammar_original_shot_summary_tables_jpg	qwen35	Natugu	shot	summary_tables_jpg	grammar	original	chrF2++	20.0013078620082	18.20926569707141	-1.7920421649367917	0.00037999620003799963	1.4976730346679688	99	nrefs:1|bs:100000|seed:20260915|case:mixed|eff:yes|nc:6|nw:2|space:no|version:2.6.0	0	0.3146368536314637
qwen35_natugu_grammar_original_shot_summary_tables_txt	qwen35	Natugu	shot	summary_tables_txt	grammar	original	chrF2++	20.0013078620082	19.914106492004017	-0.08720137000418404	0.3322566774332257	1.4967536926269531	99	nrefs:1|bs:100000|seed:20260915|case:mixed|eff:yes|nc:6|nw:2|space:no|version:2.6.0	0	1.0
qwen35_natugu_grammar_original_shot_summary_text_txt	qwen35	Natugu	shot	summary_text_txt	grammar	original	chrF2++	20.0013078620082	20.542727069894518	0.5414192078863174	0.17321826781732183	1.8258628845214844	99	nrefs:1|bs:100000|seed:20260915|case:mixed|eff:yes|nc:6|nw:2|space:no|version:2.6.0	0	1.0
qwen35_natugu_grammar_original_chain_gloss_cheatsheet_jpg	qwen35	Natugu	chain_gloss	cheatsheet_jpg	grammar	original	BLEU	3.5593875172755083	3.050068515402096	-0.5093190018734122	0.1973380266197338	1.5024225147760983	99	nrefs:1|bs:100000|seed:20260915|case:mixed|eff:no|tok:13a|smooth:exp|version:2.6.0	0	1.0
qwen35_natugu_grammar_original_chain_gloss_cheatsheet_txt	qwen35	Natugu	chain_gloss	cheatsheet_txt	grammar	original	BLEU	3.5593875172755083	3.795524148470392	0.2361366311948836	0.26344736552634473	2.354141424150141	99	nrefs:1|bs:100000|seed:20260915|case:mixed|eff:no|tok:13a|smooth:exp|version:2.6.0	0	1.0
qwen35_natugu_grammar_original_chain_gloss_pdfpages_impactful_jpg	qwen35	Natugu	chain_gloss	pdfpages_impactful_jpg	grammar	original	BLEU	3.5593875172755083	2.717211973417635	-0.8421755438578731	0.1074889251107489	1.3834137165994802	99	nrefs:1|bs:100000|seed:20260915|case:mixed|eff:no|tok:13a|smooth:exp|version:2.6.0	0	1.0
qwen35_natugu_grammar_original_chain_gloss_summary_tables_jpg	qwen35	Natugu	chain_gloss	summary_tables_jpg	grammar	original	BLEU	3.5593875172755083	2.140108725974331	-1.4192787913011773	0.022389776102238978	1.3292792547974348	99	nrefs:1|bs:100000|seed:20260915|case:mixed|eff:no|tok:13a|smooth:exp|version:2.6.0	1	1.0
qwen35_natugu_grammar_original_chain_gloss_summary_tables_txt	qwen35	Natugu	chain_gloss	summary_tables_txt	grammar	original	BLEU	3.5593875172755083	2.497735017403278	-1.0616524998722303	0.08099919000809992	1.360745230680958	99	nrefs:1|bs:100000|seed:20260915|case:mixed|eff:no|tok:13a|smooth:exp|version:2.6.0	0	1.0
qwen35_natugu_grammar_original_chain_gloss_summary_text_txt	qwen35	Natugu	chain_gloss	summary_text_txt	grammar	original	BLEU	3.5593875172755083	2.64145284538486	-0.9179346718906483	0.07053929460705392	1.4335897655554595	99	nrefs:1|bs:100000|seed:20260915|case:mixed|eff:no|tok:13a|smooth:exp|version:2.6.0	0	1.0
qwen35_natugu_grammar_original_chain_gloss_cheatsheet_jpg	qwen35	Natugu	chain_gloss	cheatsheet_jpg	grammar	original	chrF2++	19.738051544611388	16.492012086702676	-3.2460394579087115	1.999980000199998e-05	1.3664765357971191	99	nrefs:1|bs:100000|seed:20260915|case:mixed|eff:yes|nc:6|nw:2|space:no|version:2.6.0	0	0.016759832401675983
qwen35_natugu_grammar_original_chain_gloss_cheatsheet_txt	qwen35	Natugu	chain_gloss	cheatsheet_txt	grammar	original	chrF2++	19.738051544611388	19.25961869674112	-0.4784328478702662	0.14076859231407685	1.4866209030151367	99	nrefs:1|bs:100000|seed:20260915|case:mixed|eff:yes|nc:6|nw:2|space:no|version:2.6.0	0	1.0
qwen35_natugu_grammar_original_chain_gloss_pdfpages_impactful_jpg	qwen35	Natugu	chain_gloss	pdfpages_impactful_jpg	grammar	original	chrF2++	19.738051544611388	16.679669952771008	-3.05838159184038	0.00010999890001099989	1.4086103439331055	99	nrefs:1|bs:100000|seed:20260915|case:mixed|eff:yes|nc:6|nw:2|space:no|version:2.6.0	0	0.09162908370916291
qwen35_natugu_grammar_original_chain_gloss_summary_tables_jpg	qwen35	Natugu	chain_gloss	summary_tables_jpg	grammar	original	chrF2++	19.738051544611388	14.37117157298084	-5.3668799716305475	9.99990000099999e-06	1.5053353309631348	99	nrefs:1|bs:100000|seed:20260915|case:mixed|eff:yes|nc:6|nw:2|space:no|version:2.6.0	1	0.008399916000839992
qwen35_natugu_grammar_original_chain_gloss_summary_tables_txt	qwen35	Natugu	chain_gloss	summary_tables_txt	grammar	original	chrF2++	19.738051544611388	19.615223295948763	-0.12282824866262487	0.33665663343366564	1.426957130432129	99	nrefs:1|bs:100000|seed:20260915|case:mixed|eff:yes|nc:6|nw:2|space:no|version:2.6.0	0	1.0
qwen35_natugu_grammar_original_chain_gloss_summary_text_txt	qwen35	Natugu	chain_gloss	summary_text_txt	grammar	original	chrF2++	19.738051544611388	19.317310787367457	-0.4207407572439301	0.18142818571814281	1.4504566192626953	99	nrefs:1|bs:100000|seed:20260915|case:mixed|eff:yes|nc:6|nw:2|space:no|version:2.6.0	0	1.0
qwen35_natugu_grammar_original_modelgloss_cheatsheet_jpg	qwen35	Natugu	modelgloss	cheatsheet_jpg	grammar	original	BLEU	11.323107225448092	10.894751590841905	-0.42835563460618786	0.27176728232717673	2.3515672272570702	99	nrefs:1|bs:100000|seed:20260915|case:mixed|eff:no|tok:13a|smooth:exp|version:2.6.0	0	1.0
qwen35_natugu_grammar_original_modelgloss_cheatsheet_txt	qwen35	Natugu	modelgloss	cheatsheet_txt	grammar	original	BLEU	11.323107225448092	13.561566457348949	2.2384592319008565	0.04583954160458396	3.060447245485716	99	nrefs:1|bs:100000|seed:20260915|case:mixed|eff:no|tok:13a|smooth:exp|version:2.6.0	0	1.0
qwen35_natugu_grammar_original_modelgloss_pdfpages_impactful_jpg	qwen35	Natugu	modelgloss	pdfpages_impactful_jpg	grammar	original	BLEU	11.323107225448092	10.519021451903964	-0.8040857735441289	0.1976180238197618	2.6353946333627847	99	nrefs:1|bs:100000|seed:20260915|case:mixed|eff:no|tok:13a|smooth:exp|version:2.6.0	0	1.0
qwen35_natugu_grammar_original_modelgloss_summary_tables_jpg	qwen35	Natugu	modelgloss	summary_tables_jpg	grammar	original	BLEU	11.323107225448092	9.698233778220317	-1.6248734472277757	0.08346916530834692	2.546643115496999	99	nrefs:1|bs:100000|seed:20260915|case:mixed|eff:no|tok:13a|smooth:exp|version:2.6.0	0	1.0
qwen35_natugu_grammar_original_modelgloss_summary_tables_txt	qwen35	Natugu	modelgloss	summary_tables_txt	grammar	original	BLEU	11.323107225448092	12.334929261218166	1.0118220357700736	0.15299847001529984	2.9406666789991327	99	nrefs:1|bs:100000|seed:20260915|case:mixed|eff:no|tok:13a|smooth:exp|version:2.6.0	0	1.0
qwen35_natugu_grammar_original_modelgloss_summary_text_txt	qwen35	Natugu	modelgloss	summary_text_txt	grammar	original	BLEU	11.323107225448092	14.750888583251445	3.4277813578033527	0.013409865901340986	3.273551621618336	99	nrefs:1|bs:100000|seed:20260915|case:mixed|eff:no|tok:13a|smooth:exp|version:2.6.0	0	1.0
qwen35_natugu_grammar_original_modelgloss_cheatsheet_jpg	qwen35	Natugu	modelgloss	cheatsheet_jpg	grammar	original	chrF2++	36.61857025147838	35.51660009249279	-1.1019701589855941	0.1022989770102299	2.4043121337890625	99	nrefs:1|bs:100000|seed:20260915|case:mixed|eff:yes|nc:6|nw:2|space:no|version:2.6.0	0	1.0
qwen35_natugu_grammar_original_modelgloss_cheatsheet_txt	qwen35	Natugu	modelgloss	cheatsheet_txt	grammar	original	chrF2++	36.61857025147838	38.13534323446437	1.5167729829859908	0.06283937160628393	2.591167449951172	99	nrefs:1|bs:100000|seed:20260915|case:mixed|eff:yes|nc:6|nw:2|space:no|version:2.6.0	0	1.0
qwen35_natugu_grammar_original_modelgloss_pdfpages_impactful_jpg	qwen35	Natugu	modelgloss	pdfpages_impactful_jpg	grammar	original	chrF2++	36.61857025147838	35.483529165994725	-1.1350410854836568	0.11963880361196388	2.507020950317383	99	nrefs:1|bs:100000|seed:20260915|case:mixed|eff:yes|nc:6|nw:2|space:no|version:2.6.0	0	1.0
qwen35_natugu_grammar_original_modelgloss_summary_tables_jpg	qwen35	Natugu	modelgloss	summary_tables_jpg	grammar	original	chrF2++	36.61857025147838	34.23710627520768	-2.3814639762707017	0.004569954300456995	2.5311317443847656	99	nrefs:1|bs:100000|seed:20260915|case:mixed|eff:yes|nc:6|nw:2|space:no|version:2.6.0	0	1.0
qwen35_natugu_grammar_original_modelgloss_summary_tables_txt	qwen35	Natugu	modelgloss	summary_tables_txt	grammar	original	chrF2++	36.61857025147838	37.5766228898381	0.9580526383597174	0.13696863031369685	2.702960968017578	99	nrefs:1|bs:100000|seed:20260915|case:mixed|eff:yes|nc:6|nw:2|space:no|version:2.6.0	0	1.0
qwen35_natugu_grammar_original_modelgloss_summary_text_txt	qwen35	Natugu	modelgloss	summary_text_txt	grammar	original	chrF2++	36.61857025147838	38.91277753939298	2.2942072879145954	0.026279737202627974	2.8123855590820312	99	nrefs:1|bs:100000|seed:20260915|case:mixed|eff:yes|nc:6|nw:2|space:no|version:2.6.0	0	1.0
qwen35_tsez_grammar_original_shot_cheatsheet_jpg	qwen35	Tsez	shot	cheatsheet_jpg	grammar	original	BLEU	1.783296104772932	0.7566681588946144	-1.0266279458783178	0.02725972740272597	0.3013742946659417	99	nrefs:1|bs:100000|seed:20260915|case:mixed|eff:no|tok:13a|smooth:exp|version:2.6.0	0	1.0
qwen35_tsez_grammar_original_shot_cheatsheet_txt	qwen35	Tsez	shot	cheatsheet_txt	grammar	original	BLEU	1.783296104772932	1.799094356190501	0.015798251417568965	0.4047659523404766	0.9018902836281133	99	nrefs:1|bs:100000|seed:20260915|case:mixed|eff:no|tok:13a|smooth:exp|version:2.6.0	0	1.0
qwen35_tsez_grammar_original_shot_pdfpages_impactful_jpg	qwen35	Tsez	shot	pdfpages_impactful_jpg	grammar	original	BLEU	1.783296104772932	1.2674899697003932	-0.5158061350725389	0.14944850551494485	0.7526179510803057	99	nrefs:1|bs:100000|seed:20260915|case:mixed|eff:no|tok:13a|smooth:exp|version:2.6.0	0	1.0
qwen35_tsez_grammar_original_shot_summary_tables_jpg	qwen35	Tsez	shot	summary_tables_jpg	grammar	original	BLEU	1.783296104772932	1.884743346823892	0.10144724205096001	0.35525644743552565	1.0890780723256213	99	nrefs:1|bs:100000|seed:20260915|case:mixed|eff:no|tok:13a|smooth:exp|version:2.6.0	0	1.0
qwen35_tsez_grammar_original_shot_summary_tables_txt	qwen35	Tsez	shot	summary_tables_txt	grammar	original	BLEU	1.783296104772932	1.6128919166450253	-0.1704041881279068	0.28565714342856574	0.8763596913757873	99	nrefs:1|bs:100000|seed:20260915|case:mixed|eff:no|tok:13a|smooth:exp|version:2.6.0	0	1.0
qwen35_tsez_grammar_original_shot_summary_text_txt	qwen35	Tsez	shot	summary_text_txt	grammar	original	BLEU	1.783296104772932	1.1325380068994768	-0.6507580978734553	0.08879911200887991	0.6229109982822543	99	nrefs:1|bs:100000|seed:20260915|case:mixed|eff:no|tok:13a|smooth:exp|version:2.6.0	0	1.0
qwen35_tsez_grammar_original_shot_cheatsheet_jpg	qwen35	Tsez	shot	cheatsheet_jpg	grammar	original	chrF2++	17.94241245647003	16.96657864031986	-0.9758338161501712	0.052589474105258945	0.9811506271362305	99	nrefs:1|bs:100000|seed:20260915|case:mixed|eff:yes|nc:6|nw:2|space:no|version:2.6.0	0	1.0
qwen35_tsez_grammar_original_shot_cheatsheet_txt	qwen35	Tsez	shot	cheatsheet_txt	grammar	original	chrF2++	17.94241245647003	18.432684904157558	0.4902724476875271	0.12816871831281687	1.1632375717163086	99	nrefs:1|bs:100000|seed:20260915|case:mixed|eff:yes|nc:6|nw:2|space:no|version:2.6.0	0	1.0
qwen35_tsez_grammar_original_shot_pdfpages_impactful_jpg	qwen35	Tsez	shot	pdfpages_impactful_jpg	grammar	original	chrF2++	17.94241245647003	17.158265473969482	-0.7841469825005483	0.09079909200907992	1.1979107856750488	99	nrefs:1|bs:100000|seed:20260915|case:mixed|eff:yes|nc:6|nw:2|space:no|version:2.6.0	0	1.0
qwen35_tsez_grammar_original_shot_summary_tables_jpg	qwen35	Tsez	shot	summary_tables_jpg	grammar	original	chrF2++	17.94241245647003	17.060831678314614	-0.881580778155417	0.06093939060609394	1.0763750076293945	99	nrefs:1|bs:100000|seed:20260915|case:mixed|eff:yes|nc:6|nw:2|space:no|version:2.6.0	0	1.0
qwen35_tsez_grammar_original_shot_summary_tables_txt	qwen35	Tsez	shot	summary_tables_txt	grammar	original	chrF2++	17.94241245647003	18.309222872552844	0.3668104160828136	0.1822981770182298	1.006875991821289	99	nrefs:1|bs:100000|seed:20260915|case:mixed|eff:yes|nc:6|nw:2|space:no|version:2.6.0	0	1.0
qwen35_tsez_grammar_original_shot_summary_text_txt	qwen35	Tsez	shot	summary_text_txt	grammar	original	chrF2++	17.94241245647003	18.737180405673996	0.7947679492039654	0.07299927000729993	1.0269622802734375	99	nrefs:1|bs:100000|seed:20260915|case:mixed|eff:yes|nc:6|nw:2|space:no|version:2.6.0	0	1.0
qwen35_tsez_grammar_original_chain_gloss_cheatsheet_jpg	qwen35	Tsez	chain_gloss	cheatsheet_jpg	grammar	original	BLEU	1.3238142640814332	0.7907156982147859	-0.5330985658666473	0.12155878441215588	0.22630294864722073	99	nrefs:1|bs:100000|seed:20260915|case:mixed|eff:no|tok:13a|smooth:exp|version:2.6.0	0	1.0
qwen35_tsez_grammar_original_chain_gloss_cheatsheet_txt	qwen35	Tsez	chain_gloss	cheatsheet_txt	grammar	original	BLEU	1.3238142640814332	1.1052469339569904	-0.21856733012444285	0.23037769622303778	0.6893653567163414	99	nrefs:1|bs:100000|seed:20260915|case:mixed|eff:no|tok:13a|smooth:exp|version:2.6.0	0	1.0
qwen35_tsez_grammar_original_chain_gloss_pdfpages_impactful_jpg	qwen35	Tsez	chain_gloss	pdfpages_impactful_jpg	grammar	original	BLEU	1.3238142640814332	0.8325164575059655	-0.49129780657546773	0.03025969740302597	0.5087108049346099	99	nrefs:1|bs:100000|seed:20260915|case:mixed|eff:no|tok:13a|smooth:exp|version:2.6.0	1	1.0
qwen35_tsez_grammar_original_chain_gloss_summary_tables_jpg	qwen35	Tsez	chain_gloss	summary_tables_jpg	grammar	original	BLEU	1.3238142640814332	0.683360040066969	-0.6404542240144642	0.0937890621093789	0.23608020350651518	99	nrefs:1|bs:100000|seed:20260915|case:mixed|eff:no|tok:13a|smooth:exp|version:2.6.0	0	1.0
qwen35_tsez_grammar_original_chain_gloss_summary_tables_txt	qwen35	Tsez	chain_gloss	summary_tables_txt	grammar	original	BLEU	1.3238142640814332	0.741703860130984	-0.5821104039504492	0.11208887911120889	0.3137139958859258	99	nrefs:1|bs:100000|seed:20260915|case:mixed|eff:no|tok:13a|smooth:exp|version:2.6.0	0	1.0
qwen35_tsez_grammar_original_chain_gloss_summary_text_txt	qwen35	Tsez	chain_gloss	summary_text_txt	grammar	original	BLEU	1.3238142640814332	1.1622320826660308	-0.16158218141540237	0.2758272417275827	0.7082043479235682	99	nrefs:1|bs:100000|seed:20260915|case:mixed|eff:no|tok:13a|smooth:exp|version:2.6.0	0	1.0
qwen35_tsez_grammar_original_chain_gloss_cheatsheet_jpg	qwen35	Tsez	chain_gloss	cheatsheet_jpg	grammar	original	chrF2++	18.176653399840962	15.869685881268586	-2.3069675185723764	0.0002899971000289997	0.9607539176940918	99	nrefs:1|bs:100000|seed:20260915|case:mixed|eff:yes|nc:6|nw:2|space:no|version:2.6.0	0	0.24069759302406973
qwen35_tsez_grammar_original_chain_gloss_cheatsheet_txt	qwen35	Tsez	chain_gloss	cheatsheet_txt	grammar	original	chrF2++	18.176653399840962	18.74465647291597	0.5680030730750083	0.11932880671193288	1.1090965270996094	99	nrefs:1|bs:100000|seed:20260915|case:mixed|eff:yes|nc:6|nw:2|space:no|version:2.6.0	0	1.0
qwen35_tsez_grammar_original_chain_gloss_pdfpages_impactful_jpg	qwen35	Tsez	chain_gloss	pdfpages_impactful_jpg	grammar	original	chrF2++	18.176653399840962	13.672950249052441	-4.503703150788521	9.99990000099999e-06	1.4721579551696777	99	nrefs:1|bs:100000|seed:20260915|case:mixed|eff:yes|nc:6|nw:2|space:no|version:2.6.0	1	0.008399916000839992
qwen35_tsez_grammar_original_chain_gloss_summary_tables_jpg	qwen35	Tsez	chain_gloss	summary_tables_jpg	grammar	original	chrF2++	18.176653399840962	15.796988640750437	-2.3796647590905255	0.00033999660003399966	0.966733455657959	99	nrefs:1|bs:100000|seed:20260915|case:mixed|eff:yes|nc:6|nw:2|space:no|version:2.6.0	0	0.2818571814281857
qwen35_tsez_grammar_original_chain_gloss_summary_tables_txt	qwen35	Tsez	chain_gloss	summary_tables_txt	grammar	original	chrF2++	18.176653399840962	18.578514181134313	0.401860781293351	0.15227847721522786	1.0375232696533203	99	nrefs:1|bs:100000|seed:20260915|case:mixed|eff:yes|nc:6|nw:2|space:no|version:2.6.0	0	1.0
qwen35_tsez_grammar_original_chain_gloss_summary_text_txt	qwen35	Tsez	chain_gloss	summary_text_txt	grammar	original	chrF2++	18.176653399840962	18.889092504673417	0.7124391048324554	0.10505894941050589	1.077101707458496	99	nrefs:1|bs:100000|seed:20260915|case:mixed|eff:yes|nc:6|nw:2|space:no|version:2.6.0	0	1.0
qwen35_tsez_grammar_original_modelgloss_cheatsheet_jpg	qwen35	Tsez	modelgloss	cheatsheet_jpg	grammar	original	BLEU	10.74815269777438	8.516295366221057	-2.231857331553323	0.015379846201537985	1.9638118949751582	99	nrefs:1|bs:100000|seed:20260915|case:mixed|eff:no|tok:13a|smooth:exp|version:2.6.0	0	1.0
qwen35_tsez_grammar_original_modelgloss_cheatsheet_txt	qwen35	Tsez	modelgloss	cheatsheet_txt	grammar	original	BLEU	10.74815269777438	10.494351449377909	-0.25380124839647067	0.2876471235287647	2.108415584522425	99	nrefs:1|bs:100000|seed:20260915|case:mixed|eff:no|tok:13a|smooth:exp|version:2.6.0	0	1.0
qwen35_tsez_grammar_original_modelgloss_pdfpages_impactful_jpg	qwen35	Tsez	modelgloss	pdfpages_impactful_jpg	grammar	original	BLEU	10.74815269777438	9.526406727612741	-1.2217459701616384	0.09280907190928091	2.518067072128669	99	nrefs:1|bs:100000|seed:20260915|case:mixed|eff:no|tok:13a|smooth:exp|version:2.6.0	0	1.0
qwen35_tsez_grammar_original_modelgloss_summary_tables_jpg	qwen35	Tsez	modelgloss	summary_tables_jpg	grammar	original	BLEU	10.74815269777438	9.682215354166534	-1.065937343607846	0.1009289907100929	2.4068742938927734	99	nrefs:1|bs:100000|seed:20260915|case:mixed|eff:no|tok:13a|smooth:exp|version:2.6.0	0	1.0
qwen35_tsez_grammar_original_modelgloss_summary_tables_txt	qwen35	Tsez	modelgloss	summary_tables_txt	grammar	original	BLEU	10.74815269777438	10.952571206625707	0.20441850885132773	0.3346566534334657	2.8381097446492634	99	nrefs:1|bs:100000|seed:20260915|case:mixed|eff:no|tok:13a|smooth:exp|version:2.6.0	0	1.0
qwen35_tsez_grammar_original_modelgloss_summary_text_txt	qwen35	Tsez	modelgloss	summary_text_txt	grammar	original	BLEU	10.74815269777438	10.922534969113894	0.174382271339514	0.3274367256327437	2.4573023649859858	99	nrefs:1|bs:100000|seed:20260915|case:mixed|eff:no|tok:13a|smooth:exp|version:2.6.0	0	1.0
qwen35_tsez_grammar_original_modelgloss_cheatsheet_jpg	qwen35	Tsez	modelgloss	cheatsheet_jpg	grammar	original	chrF2++	37.65926086014492	35.064691715188886	-2.594569144956033	0.0016099839001609984	2.367908477783203	99	nrefs:1|bs:100000|seed:20260915|case:mixed|eff:yes|nc:6|nw:2|space:no|version:2.6.0	0	1.0
qwen35_tsez_grammar_original_modelgloss_cheatsheet_txt	qwen35	Tsez	modelgloss	cheatsheet_txt	grammar	original	chrF2++	37.65926086014492	37.99279578513976	0.3335349249948436	0.23786762132378675	2.161792755126953	99	nrefs:1|bs:100000|seed:20260915|case:mixed|eff:yes|nc:6|nw:2|space:no|version:2.6.0	0	1.0
qwen35_tsez_grammar_original_modelgloss_pdfpages_impactful_jpg	qwen35	Tsez	modelgloss	pdfpages_impactful_jpg	grammar	original	chrF2++	37.65926086014492	35.71424437922045	-1.9450164809244654	0.013629863701362986	2.458768844604492	99	nrefs:1|bs:100000|seed:20260915|case:mixed|eff:yes|nc:6|nw:2|space:no|version:2.6.0	0	1.0
qwen35_tsez_grammar_original_modelgloss_summary_tables_jpg	qwen35	Tsez	modelgloss	summary_tables_jpg	grammar	original	chrF2++	37.65926086014492	36.012854393889796	-1.6464064662551223	0.028159718402815972	2.5403194427490234	99	nrefs:1|bs:100000|seed:20260915|case:mixed|eff:yes|nc:6|nw:2|space:no|version:2.6.0	0	1.0
qwen35_tsez_grammar_original_modelgloss_summary_tables_txt	qwen35	Tsez	modelgloss	summary_tables_txt	grammar	original	chrF2++	37.65926086014492	37.65371423685524	-0.005546623289681918	0.42017579824201756	2.4988460540771484	99	nrefs:1|bs:100000|seed:20260915|case:mixed|eff:yes|nc:6|nw:2|space:no|version:2.6.0	0	1.0
qwen35_tsez_grammar_original_modelgloss_summary_text_txt	qwen35	Tsez	modelgloss	summary_text_txt	grammar	original	chrF2++	37.65926086014492	37.522171334786684	-0.1370895253582347	0.33430665693343065	2.315702438354492	99	nrefs:1|bs:100000|seed:20260915|case:mixed|eff:yes|nc:6|nw:2|space:no|version:2.6.0	0	1.0
gemini25flashlite_gitksan_pdf1_brown_original_shot_cheatsheet_jpg	gemini25flashlite	Gitksan	shot	cheatsheet_jpg	pdf1_brown	original	BLEU	2.964140654848388	5.856682732852861	2.8925420780044733	0.03101968980310197	3.405828139877215	37	nrefs:1|bs:100000|seed:20260915|case:mixed|eff:no|tok:13a|smooth:exp|version:2.6.0	0	1.0
gemini25flashlite_gitksan_pdf1_brown_original_shot_cheatsheet_txt	gemini25flashlite	Gitksan	shot	cheatsheet_txt	pdf1_brown	original	BLEU	2.964140654848388	5.631434564810389	2.667293909962001	0.04710952890471095	3.335879336081758	37	nrefs:1|bs:100000|seed:20260915|case:mixed|eff:no|tok:13a|smooth:exp|version:2.6.0	0	1.0
gemini25flashlite_gitksan_pdf1_brown_original_shot_pdfpages_impactful_jpg	gemini25flashlite	Gitksan	shot	pdfpages_impactful_jpg	pdf1_brown	original	BLEU	2.964140654848388	4.005122198595098	1.0409815437467098	0.17244827551724481	3.2417541396337324	37	nrefs:1|bs:100000|seed:20260915|case:mixed|eff:no|tok:13a|smooth:exp|version:2.6.0	0	1.0
gemini25flashlite_gitksan_pdf1_brown_original_shot_summary_tables_jpg	gemini25flashlite	Gitksan	shot	summary_tables_jpg	pdf1_brown	original	BLEU	2.964140654848388	5.209292252879881	2.245151598031493	0.11041889581104189	4.621523354360505	37	nrefs:1|bs:100000|seed:20260915|case:mixed|eff:no|tok:13a|smooth:exp|version:2.6.0	0	1.0
gemini25flashlite_gitksan_pdf1_brown_original_shot_summary_tables_txt	gemini25flashlite	Gitksan	shot	summary_tables_txt	pdf1_brown	original	BLEU	2.964140654848388	6.222446763999688	3.2583061091513	0.024269757302426975	3.5093959601898606	37	nrefs:1|bs:100000|seed:20260915|case:mixed|eff:no|tok:13a|smooth:exp|version:2.6.0	0	1.0
gemini25flashlite_gitksan_pdf1_brown_original_shot_summary_text_txt	gemini25flashlite	Gitksan	shot	summary_text_txt	pdf1_brown	original	BLEU	2.964140654848388	3.6079111709739515	0.6437705161255636	0.17282827171728282	4.2482315167941	37	nrefs:1|bs:100000|seed:20260915|case:mixed|eff:no|tok:13a|smooth:exp|version:2.6.0	0	1.0
gemini25flashlite_gitksan_pdf2_rigsby_original_shot_cheatsheet_jpg	gemini25flashlite	Gitksan	shot	cheatsheet_jpg	pdf2_rigsby	original	BLEU	2.964140654848388	4.549072600848926	1.584931946000538	0.08648913510864892	3.236211674105526	37	nrefs:1|bs:100000|seed:20260915|case:mixed|eff:no|tok:13a|smooth:exp|version:2.6.0	0	1.0
gemini25flashlite_gitksan_pdf2_rigsby_original_shot_cheatsheet_txt	gemini25flashlite	Gitksan	shot	cheatsheet_txt	pdf2_rigsby	original	BLEU	2.964140654848388	5.412331287148763	2.4481906323003755	0.054769452305476946	3.332293539774466	37	nrefs:1|bs:100000|seed:20260915|case:mixed|eff:no|tok:13a|smooth:exp|version:2.6.0	0	1.0
gemini25flashlite_gitksan_pdf2_rigsby_original_shot_pdfpages_impactful_jpg	gemini25flashlite	Gitksan	shot	pdfpages_impactful_jpg	pdf2_rigsby	original	BLEU	2.964140654848388	4.110918869127106	1.1467782142787182	0.13497865021349786	2.9221201410597772	37	nrefs:1|bs:100000|seed:20260915|case:mixed|eff:no|tok:13a|smooth:exp|version:2.6.0	0	1.0
gemini25flashlite_gitksan_pdf2_rigsby_original_shot_summary_tables_jpg	gemini25flashlite	Gitksan	shot	summary_tables_jpg	pdf2_rigsby	original	BLEU	2.964140654848388	4.403102044233866	1.438961389385478	0.09034909650903492	3.2634093920082465	37	nrefs:1|bs:100000|seed:20260915|case:mixed|eff:no|tok:13a|smooth:exp|version:2.6.0	0	1.0
gemini25flashlite_gitksan_pdf2_rigsby_original_shot_summary_tables_txt	gemini25flashlite	Gitksan	shot	summary_tables_txt	pdf2_rigsby	original	BLEU	2.964140654848388	7.241059045648498	4.276918390800111	0.004009959900400996	3.6507293906651777	37	nrefs:1|bs:100000|seed:20260915|case:mixed|eff:no|tok:13a|smooth:exp|version:2.6.0	0	1.0
gemini25flashlite_gitksan_pdf2_rigsby_original_shot_summary_text_txt	gemini25flashlite	Gitksan	shot	summary_text_txt	pdf2_rigsby	original	BLEU	2.964140654848388	6.685648641769807	3.7215079869214187	0.016329836701632985	3.6779664743938962	37	nrefs:1|bs:100000|seed:20260915|case:mixed|eff:no|tok:13a|smooth:exp|version:2.6.0	0	1.0
gemini25flashlite_gitksan_pdf1_brown_original_shot_cheatsheet_jpg	gemini25flashlite	Gitksan	shot	cheatsheet_jpg	pdf1_brown	original	chrF2++	21.72461511287767	25.161691427587265	3.437076314709593	0.11154888451115488	3.686591148376465	37	nrefs:1|bs:100000|seed:20260915|case:mixed|eff:yes|nc:6|nw:2|space:no|version:2.6.0	0	1.0
gemini25flashlite_gitksan_pdf1_brown_original_shot_cheatsheet_txt	gemini25flashlite	Gitksan	shot	cheatsheet_txt	pdf1_brown	original	chrF2++	21.72461511287767	28.328148961890744	6.603533849013072	0.007809921900780992	3.320981979370117	37	nrefs:1|bs:100000|seed:20260915|case:mixed|eff:yes|nc:6|nw:2|space:no|version:2.6.0	0	1.0
gemini25flashlite_gitksan_pdf1_brown_original_shot_pdfpages_impactful_jpg	gemini25flashlite	Gitksan	shot	pdfpages_impactful_jpg	pdf1_brown	original	chrF2++	21.72461511287767	23.23128331875673	1.506668205879059	0.20769792302076978	4.269829750061035	37	nrefs:1|bs:100000|seed:20260915|case:mixed|eff:yes|nc:6|nw:2|space:no|version:2.6.0	0	1.0
gemini25flashlite_gitksan_pdf1_brown_original_shot_summary_tables_jpg	gemini25flashlite	Gitksan	shot	summary_tables_jpg	pdf1_brown	original	chrF2++	21.72461511287767	23.844860896266436	2.1202457833887642	0.16523834761652384	4.121573448181152	37	nrefs:1|bs:100000|seed:20260915|case:mixed|eff:yes|nc:6|nw:2|space:no|version:2.6.0	0	1.0
gemini25flashlite_gitksan_pdf1_brown_original_shot_summary_tables_txt	gemini25flashlite	Gitksan	shot	summary_tables_txt	pdf1_brown	original	chrF2++	21.72461511287767	28.00064536030743	6.276030247429759	0.03796962030379696	3.2534074783325195	37	nrefs:1|bs:100000|seed:20260915|case:mixed|eff:yes|nc:6|nw:2|space:no|version:2.6.0	0	1.0
gemini25flashlite_gitksan_pdf1_brown_original_shot_summary_text_txt	gemini25flashlite	Gitksan	shot	summary_text_txt	pdf1_brown	original	chrF2++	21.72461511287767	23.766941796649864	2.042326683772192	0.022299777002229976	6.692590713500977	37	nrefs:1|bs:100000|seed:20260915|case:mixed|eff:yes|nc:6|nw:2|space:no|version:2.6.0	0	1.0
gemini25flashlite_gitksan_pdf2_rigsby_original_shot_cheatsheet_jpg	gemini25flashlite	Gitksan	shot	cheatsheet_jpg	pdf2_rigsby	original	chrF2++	21.72461511287767	24.33293027995467	2.6083151670769986	0.13813861861381385	3.779256820678711	37	nrefs:1|bs:100000|seed:20260915|case:mixed|eff:yes|nc:6|nw:2|space:no|version:2.6.0	0	1.0
gemini25flashlite_gitksan_pdf2_rigsby_original_shot_cheatsheet_txt	gemini25flashlite	Gitksan	shot	cheatsheet_txt	pdf2_rigsby	original	chrF2++	21.72461511287767	27.186806704605488	5.462191591727816	0.03539964600353997	3.536005973815918	37	nrefs:1|bs:100000|seed:20260915|case:mixed|eff:yes|nc:6|nw:2|space:no|version:2.6.0	0	1.0
gemini25flashlite_gitksan_pdf2_rigsby_original_shot_pdfpages_impactful_jpg	gemini25flashlite	Gitksan	shot	pdfpages_impactful_jpg	pdf2_rigsby	original	chrF2++	21.72461511287767	20.71867089363073	-1.0059442192469419	0.3105168948310517	4.892694473266602	37	nrefs:1|bs:100000|seed:20260915|case:mixed|eff:yes|nc:6|nw:2|space:no|version:2.6.0	0	1.0
gemini25flashlite_gitksan_pdf2_rigsby_original_shot_summary_tables_jpg	gemini25flashlite	Gitksan	shot	summary_tables_jpg	pdf2_rigsby	original	chrF2++	21.72461511287767	24.586822258632502	2.86220714575483	0.11957880421195788	3.646577835083008	37	nrefs:1|bs:100000|seed:20260915|case:mixed|eff:yes|nc:6|nw:2|space:no|version:2.6.0	0	1.0
gemini25flashlite_gitksan_pdf2_rigsby_original_shot_summary_tables_txt	gemini25flashlite	Gitksan	shot	summary_tables_txt	pdf2_rigsby	original	chrF2++	21.72461511287767	27.902211679026866	6.1775965661491945	0.025609743902560975	3.7728633880615234	37	nrefs:1|bs:100000|seed:20260915|case:mixed|eff:yes|nc:6|nw:2|space:no|version:2.6.0	0	1.0
gemini25flashlite_gitksan_pdf2_rigsby_original_shot_summary_text_txt	gemini25flashlite	Gitksan	shot	summary_text_txt	pdf2_rigsby	original	chrF2++	21.72461511287767	27.074200998786747	5.349585885909075	0.05896941030589694	3.899378776550293	37	nrefs:1|bs:100000|seed:20260915|case:mixed|eff:yes|nc:6|nw:2|space:no|version:2.6.0	0	1.0
gemini25flashlite_gitksan_pdf1_brown_original_chain_gloss_cheatsheet_jpg	gemini25flashlite	Gitksan	chain_gloss	cheatsheet_jpg	pdf1_brown	original	BLEU	4.3441351590174735	5.869771070481198	1.5256359114637243	0.06046939530604694	3.089303675235052	37	nrefs:1|bs:100000|seed:20260915|case:mixed|eff:no|tok:13a|smooth:exp|version:2.6.0	2	1.0
gemini25flashlite_gitksan_pdf1_brown_original_chain_gloss_cheatsheet_txt	gemini25flashlite	Gitksan	chain_gloss	cheatsheet_txt	pdf1_brown	original	BLEU	4.3441351590174735	4.143952620541987	-0.20018253847548628	0.2910170898291017	2.8702379116927714	37	nrefs:1|bs:100000|seed:20260915|case:mixed|eff:no|tok:13a|smooth:exp|version:2.6.0	9	1.0
gemini25flashlite_gitksan_pdf1_brown_original_chain_gloss_pdfpages_impactful_jpg	gemini25flashlite	Gitksan	chain_gloss	pdfpages_impactful_jpg	pdf1_brown	original	BLEU	4.3441351590174735	4.957752091961139	0.6136169329436658	0.16932830671693283	2.8230899653047596	37	nrefs:1|bs:100000|seed:20260915|case:mixed|eff:no|tok:13a|smooth:exp|version:2.6.0	2	1.0
gemini25flashlite_gitksan_pdf1_brown_original_chain_gloss_summary_tables_jpg	gemini25flashlite	Gitksan	chain_gloss	summary_tables_jpg	pdf1_brown	original	BLEU	4.3441351590174735	3.6904381414111085	-0.653697017606365	0.1933180668193318	2.3957815920781145	37	nrefs:1|bs:100000|seed:20260915|case:mixed|eff:no|tok:13a|smooth:exp|version:2.6.0	6	1.0
gemini25flashlite_gitksan_pdf1_brown_original_chain_gloss_summary_tables_txt	gemini25flashlite	Gitksan	chain_gloss	summary_tables_txt	pdf1_brown	original	BLEU	4.3441351590174735	4.577037599335109	0.23290244031763585	0.32560674393256067	2.5032225354895754	37	nrefs:1|bs:100000|seed:20260915|case:mixed|eff:no|tok:13a|smooth:exp|version:2.6.0	6	1.0
gemini25flashlite_gitksan_pdf1_brown_original_chain_gloss_summary_text_txt	gemini25flashlite	Gitksan	chain_gloss	summary_text_txt	pdf1_brown	original	BLEU	4.3441351590174735	4.413836892937499	0.06970173392002543	0.4053359466405336	2.209922093777798	37	nrefs:1|bs:100000|seed:20260915|case:mixed|eff:no|tok:13a|smooth:exp|version:2.6.0	3	1.0
gemini25flashlite_gitksan_pdf2_rigsby_original_chain_gloss_cheatsheet_jpg	gemini25flashlite	Gitksan	chain_gloss	cheatsheet_jpg	pdf2_rigsby	original	BLEU	4.3441351590174735	2.3203707000783957	-2.0237644589390777	0.11432885671143289	1.5184664180158673	37	nrefs:1|bs:100000|seed:20260915|case:mixed|eff:no|tok:13a|smooth:exp|version:2.6.0	5	1.0
gemini25flashlite_gitksan_pdf2_rigsby_original_chain_gloss_cheatsheet_txt	gemini25flashlite	Gitksan	chain_gloss	cheatsheet_txt	pdf2_rigsby	original	BLEU	4.3441351590174735	3.650279668896499	-0.6938554901209746	0.23225767742322576	2.8776828019390903	37	nrefs:1|bs:100000|seed:20260915|case:mixed|eff:no|tok:13a|smooth:exp|version:2.6.0	6	1.0
gemini25flashlite_gitksan_pdf2_rigsby_original_chain_gloss_pdfpages_impactful_jpg	gemini25flashlite	Gitksan	chain_gloss	pdfpages_impactful_jpg	pdf2_rigsby	original	BLEU	4.3441351590174735	4.970423146033286	0.6262879870158127	0.1906680933190668	3.5531863552621026	37	nrefs:1|bs:100000|seed:20260915|case:mixed|eff:no|tok:13a|smooth:exp|version:2.6.0	7	1.0
gemini25flashlite_gitksan_pdf2_rigsby_original_chain_gloss_summary_tables_jpg	gemini25flashlite	Gitksan	chain_gloss	summary_tables_jpg	pdf2_rigsby	original	BLEU	4.3441351590174735	3.710468848497432	-0.6336663105200415	0.2012279877201228	2.36628402840479	37	nrefs:1|bs:100000|seed:20260915|case:mixed|eff:no|tok:13a|smooth:exp|version:2.6.0	4	1.0
gemini25flashlite_gitksan_pdf2_rigsby_original_chain_gloss_summary_tables_txt	gemini25flashlite	Gitksan	chain_gloss	summary_tables_txt	pdf2_rigsby	original	BLEU	4.3441351590174735	4.320108591878804	-0.024026567138669463	0.4068559314406856	2.431386703724418	37	nrefs:1|bs:100000|seed:20260915|case:mixed|eff:no|tok:13a|smooth:exp|version:2.6.0	4	1.0
gemini25flashlite_gitksan_pdf2_rigsby_original_chain_gloss_summary_text_txt	gemini25flashlite	Gitksan	chain_gloss	summary_text_txt	pdf2_rigsby	original	BLEU	4.3441351590174735	3.297368373375995	-1.0467667856414784	0.17261827381726183	1.584423966565307	37	nrefs:1|bs:100000|seed:20260915|case:mixed|eff:no|tok:13a|smooth:exp|version:2.6.0	3	1.0
gemini25flashlite_gitksan_pdf1_brown_original_chain_gloss_cheatsheet_jpg	gemini25flashlite	Gitksan	chain_gloss	cheatsheet_jpg	pdf1_brown	original	chrF2++	19.43579787804313	25.627801404444934	6.192003526401805	0.004069959300406996	4.40181827545166	37	nrefs:1|bs:100000|seed:20260915|case:mixed|eff:yes|nc:6|nw:2|space:no|version:2.6.0	2	1.0
gemini25flashlite_gitksan_pdf1_brown_original_chain_gloss_cheatsheet_txt	gemini25flashlite	Gitksan	chain_gloss	cheatsheet_txt	pdf1_brown	original	chrF2++	19.43579787804313	22.62541174025956	3.1896138622164294	0.05220947790522095	5.81386661529541	37	nrefs:1|bs:100000|seed:20260915|case:mixed|eff:yes|nc:6|nw:2|space:no|version:2.6.0	9	1.0
gemini25flashlite_gitksan_pdf1_brown_original_chain_gloss_pdfpages_impactful_jpg	gemini25flashlite	Gitksan	chain_gloss	pdfpages_impactful_jpg	pdf1_brown	original	chrF2++	19.43579787804313	25.361124530959078	5.925326652915949	0.005299947000529995	4.68128776550293	37	nrefs:1|bs:100000|seed:20260915|case:mixed|eff:yes|nc:6|nw:2|space:no|version:2.6.0	2	1.0
gemini25flashlite_gitksan_pdf1_brown_original_chain_gloss_summary_tables_jpg	gemini25flashlite	Gitksan	chain_gloss	summary_tables_jpg	pdf1_brown	original	chrF2++	19.43579787804313	21.69045717745254	2.2546592994094112	0.13497865021349786	5.469198226928711	37	nrefs:1|bs:100000|seed:20260915|case:mixed|eff:yes|nc:6|nw:2|space:no|version:2.6.0	6	1.0
gemini25flashlite_gitksan_pdf1_brown_original_chain_gloss_summary_tables_txt	gemini25flashlite	Gitksan	chain_gloss	summary_tables_txt	pdf1_brown	original	chrF2++	19.43579787804313	24.487535092284052	5.051737214240923	0.04367956320436796	4.644567489624023	37	nrefs:1|bs:100000|seed:20260915|case:mixed|eff:yes|nc:6|nw:2|space:no|version:2.6.0	6	1.0
gemini25flashlite_gitksan_pdf1_brown_original_chain_gloss_summary_text_txt	gemini25flashlite	Gitksan	chain_gloss	summary_text_txt	pdf1_brown	original	chrF2++	19.43579787804313	26.23540250971656	6.799604631673432	0.0034499655003449965	3.760138511657715	37	nrefs:1|bs:100000|seed:20260915|case:mixed|eff:yes|nc:6|nw:2|space:no|version:2.6.0	3	1.0
gemini25flashlite_gitksan_pdf2_rigsby_original_chain_gloss_cheatsheet_jpg	gemini25flashlite	Gitksan	chain_gloss	cheatsheet_jpg	pdf2_rigsby	original	chrF2++	19.43579787804313	20.682498732667415	1.2467008546242866	0.23146768532314677	4.689190864562988	37	nrefs:1|bs:100000|seed:20260915|case:mixed|eff:yes|nc:6|nw:2|space:no|version:2.6.0	5	1.0
gemini25flashlite_gitksan_pdf2_rigsby_original_chain_gloss_cheatsheet_txt	gemini25flashlite	Gitksan	chain_gloss	cheatsheet_txt	pdf2_rigsby	original	chrF2++	19.43579787804313	21.81233160988757	2.3765337318444395	0.15553844461555386	5.060389518737793	37	nrefs:1|bs:100000|seed:20260915|case:mixed|eff:yes|nc:6|nw:2|space:no|version:2.6.0	6	1.0
gemini25flashlite_gitksan_pdf2_rigsby_original_chain_gloss_pdfpages_impactful_jpg	gemini25flashlite	Gitksan	chain_gloss	pdfpages_impactful_jpg	pdf2_rigsby	original	chrF2++	19.43579787804313	21.29679443400481	1.8609965559616803	0.14519854801451987	5.037565231323242	37	nrefs:1|bs:100000|seed:20260915|case:mixed|eff:yes|nc:6|nw:2|space:no|version:2.6.0	7	1.0
gemini25flashlite_gitksan_pdf2_rigsby_original_chain_gloss_summary_tables_jpg	gemini25flashlite	Gitksan	chain_gloss	summary_tables_jpg	pdf2_rigsby	original	chrF2++	19.43579787804313	22.726038812185926	3.2902409341427976	0.09281907180928191	4.781510353088379	37	nrefs:1|bs:100000|seed:20260915|case:mixed|eff:yes|nc:6|nw:2|space:no|version:2.6.0	4	1.0
gemini25flashlite_gitksan_pdf2_rigsby_original_chain_gloss_summary_tables_txt	gemini25flashlite	Gitksan	chain_gloss	summary_tables_txt	pdf2_rigsby	original	chrF2++	19.43579787804313	23.6769678964844	4.24117001844127	0.03981960180398196	4.667211532592773	37	nrefs:1|bs:100000|seed:20260915|case:mixed|eff:yes|nc:6|nw:2|space:no|version:2.6.0	4	1.0
gemini25flashlite_gitksan_pdf2_rigsby_original_chain_gloss_summary_text_txt	gemini25flashlite	Gitksan	chain_gloss	summary_text_txt	pdf2_rigsby	original	chrF2++	19.43579787804313	23.83113716529177	4.3953392872486425	0.06013939860601394	3.5730504989624023	37	nrefs:1|bs:100000|seed:20260915|case:mixed|eff:yes|nc:6|nw:2|space:no|version:2.6.0	3	1.0
gemini25flashlite_gitksan_pdf1_brown_original_modelgloss_cheatsheet_jpg	gemini25flashlite	Gitksan	modelgloss	cheatsheet_jpg	pdf1_brown	original	BLEU	15.151641358321603	16.578666616333656	1.427025258012053	0.1998380016199838	5.242076276672176	37	nrefs:1|bs:100000|seed:20260915|case:mixed|eff:no|tok:13a|smooth:exp|version:2.6.0	0	1.0
gemini25flashlite_gitksan_pdf1_brown_original_modelgloss_cheatsheet_txt	gemini25flashlite	Gitksan	modelgloss	cheatsheet_txt	pdf1_brown	original	BLEU	15.151641358321603	19.081127081384164	3.9294857230625606	0.06450935490645093	4.745311433926825	37	nrefs:1|bs:100000|seed:20260915|case:mixed|eff:no|tok:13a|smooth:exp|version:2.6.0	0	1.0
gemini25flashlite_gitksan_pdf1_brown_original_modelgloss_pdfpages_impactful_jpg	gemini25flashlite	Gitksan	modelgloss	pdfpages_impactful_jpg	pdf1_brown	original	BLEU	15.151641358321603	14.871030602315935	-0.2806107560056681	0.3097569024309757	4.4945690530218165	37	nrefs:1|bs:100000|seed:20260915|case:mixed|eff:no|tok:13a|smooth:exp|version:2.6.0	0	1.0
gemini25flashlite_gitksan_pdf1_brown_original_modelgloss_summary_tables_jpg	gemini25flashlite	Gitksan	modelgloss	summary_tables_jpg	pdf1_brown	original	BLEU	15.151641358321603	18.533725161774573	3.3820838034529697	0.11652883471165289	6.5469922248756856	37	nrefs:1|bs:100000|seed:20260915|case:mixed|eff:no|tok:13a|smooth:exp|version:2.6.0	0	1.0
gemini25flashlite_gitksan_pdf1_brown_original_modelgloss_summary_tables_txt	gemini25flashlite	Gitksan	modelgloss	summary_tables_txt	pdf1_brown	original	BLEU	15.151641358321603	21.129741586742767	5.978100228421164	0.004659953400465995	4.522394564941365	37	nrefs:1|bs:100000|seed:20260915|case:mixed|eff:no|tok:13a|smooth:exp|version:2.6.0	0	1.0
gemini25flashlite_gitksan_pdf1_brown_original_modelgloss_summary_text_txt	gemini25flashlite	Gitksan	modelgloss	summary_text_txt	pdf1_brown	original	BLEU	15.151641358321603	15.140051577970729	-0.011589780350874435	0.4205757942420576	3.9858259249836205	37	nrefs:1|bs:100000|seed:20260915|case:mixed|eff:no|tok:13a|smooth:exp|version:2.6.0	0	1.0
gemini25flashlite_gitksan_pdf2_rigsby_original_modelgloss_cheatsheet_jpg	gemini25flashlite	Gitksan	modelgloss	cheatsheet_jpg	pdf2_rigsby	original	BLEU	15.151641358321603	12.725609818976281	-2.4260315393453222	0.1058589414105859	4.37843589379223	37	nrefs:1|bs:100000|seed:20260915|case:mixed|eff:no|tok:13a|smooth:exp|version:2.6.0	0	1.0
gemini25flashlite_gitksan_pdf2_rigsby_original_modelgloss_cheatsheet_txt	gemini25flashlite	Gitksan	modelgloss	cheatsheet_txt	pdf2_rigsby	original	BLEU	15.151641358321603	17.044336619085456	1.892695260763853	0.14812851871481286	4.919526453530818	37	nrefs:1|bs:100000|seed:20260915|case:mixed|eff:no|tok:13a|smooth:exp|version:2.6.0	0	1.0
gemini25flashlite_gitksan_pdf2_rigsby_original_modelgloss_pdfpages_impactful_jpg	gemini25flashlite	Gitksan	modelgloss	pdfpages_impactful_jpg	pdf2_rigsby	original	BLEU	15.151641358321603	11.533406602800955	-3.618234755520648	0.025739742602573973	4.473712888215637	37	nrefs:1|bs:100000|seed:20260915|case:mixed|eff:no|tok:13a|smooth:exp|version:2.6.0	0	1.0
gemini25flashlite_gitksan_pdf2_rigsby_original_modelgloss_summary_tables_jpg	gemini25flashlite	Gitksan	modelgloss	summary_tables_jpg	pdf2_rigsby	original	BLEU	15.151641358321603	16.080615115036696	0.9289737567150933	0.25105748942510575	5.445538041842372	37	nrefs:1|bs:100000|seed:20260915|case:mixed|eff:no|tok:13a|smooth:exp|version:2.6.0	0	1.0
gemini25flashlite_gitksan_pdf2_rigsby_original_modelgloss_summary_tables_txt	gemini25flashlite	Gitksan	modelgloss	summary_tables_txt	pdf2_rigsby	original	BLEU	15.151641358321603	14.975046432014834	-0.17659492630676965	0.3799862001379986	4.6567929012768925	37	nrefs:1|bs:100000|seed:20260915|case:mixed|eff:no|tok:13a|smooth:exp|version:2.6.0	0	1.0
gemini25flashlite_gitksan_pdf2_rigsby_original_modelgloss_summary_text_txt	gemini25flashlite	Gitksan	modelgloss	summary_text_txt	pdf2_rigsby	original	BLEU	15.151641358321603	13.586171338677797	-1.565470019643806	0.13658863411365887	4.04256463439893	37	nrefs:1|bs:100000|seed:20260915|case:mixed|eff:no|tok:13a|smooth:exp|version:2.6.0	0	1.0
gemini25flashlite_gitksan_pdf1_brown_original_modelgloss_cheatsheet_jpg	gemini25flashlite	Gitksan	modelgloss	cheatsheet_jpg	pdf1_brown	original	chrF2++	45.32747808827203	44.6020676059594	-0.7254104823126326	0.22058779412205878	4.466358184814453	37	nrefs:1|bs:100000|seed:20260915|case:mixed|eff:yes|nc:6|nw:2|space:no|version:2.6.0	0	1.0
gemini25flashlite_gitksan_pdf1_brown_original_modelgloss_cheatsheet_txt	gemini25flashlite	Gitksan	modelgloss	cheatsheet_txt	pdf1_brown	original	chrF2++	45.32747808827203	49.32084694629446	3.9933688580224285	0.006429935700642994	3.4650039672851562	37	nrefs:1|bs:100000|seed:20260915|case:mixed|eff:yes|nc:6|nw:2|space:no|version:2.6.0	0	1.0
gemini25flashlite_gitksan_pdf1_brown_original_modelgloss_pdfpages_impactful_jpg	gemini25flashlite	Gitksan	modelgloss	pdfpages_impactful_jpg	pdf1_brown	original	chrF2++	45.32747808827203	44.4291104104522	-0.8983676778198273	0.13350866491335087	3.8307762145996094	37	nrefs:1|bs:100000|seed:20260915|case:mixed|eff:yes|nc:6|nw:2|space:no|version:2.6.0	0	1.0
gemini25flashlite_gitksan_pdf1_brown_original_modelgloss_summary_tables_jpg	gemini25flashlite	Gitksan	modelgloss	summary_tables_jpg	pdf1_brown	original	chrF2++	45.32747808827203	45.14872722817118	-0.17875086010084829	0.3709962900370996	5.229604721069336	37	nrefs:1|bs:100000|seed:20260915|case:mixed|eff:yes|nc:6|nw:2|space:no|version:2.6.0	0	1.0
gemini25flashlite_gitksan_pdf1_brown_original_modelgloss_summary_tables_txt	gemini25flashlite	Gitksan	modelgloss	summary_tables_txt	pdf1_brown	original	chrF2++	45.32747808827203	49.41411897992758	4.086640891655549	0.004339956600433996	4.271064758300781	37	nrefs:1|bs:100000|seed:20260915|case:mixed|eff:yes|nc:6|nw:2|space:no|version:2.6.0	0	1.0
gemini25flashlite_gitksan_pdf1_brown_original_modelgloss_summary_text_txt	gemini25flashlite	Gitksan	modelgloss	summary_text_txt	pdf1_brown	original	chrF2++	45.32747808827203	47.81833670319351	2.4908586149214784	0.06062939370606294	3.8277149200439453	37	nrefs:1|bs:100000|seed:20260915|case:mixed|eff:yes|nc:6|nw:2|space:no|version:2.6.0	0	1.0
gemini25flashlite_gitksan_pdf2_rigsby_original_modelgloss_cheatsheet_jpg	gemini25flashlite	Gitksan	modelgloss	cheatsheet_jpg	pdf2_rigsby	original	chrF2++	45.32747808827203	43.212808730278255	-2.114669357993776	0.054179458205417946	3.7162609100341797	37	nrefs:1|bs:100000|seed:20260915|case:mixed|eff:yes|nc:6|nw:2|space:no|version:2.6.0	0	1.0
gemini25flashlite_gitksan_pdf2_rigsby_original_modelgloss_cheatsheet_txt	gemini25flashlite	Gitksan	modelgloss	cheatsheet_txt	pdf2_rigsby	original	chrF2++	45.32747808827203	47.562948104960846	2.235470016688815	0.07776922230777693	3.8124771118164062	37	nrefs:1|bs:100000|seed:20260915|case:mixed|eff:yes|nc:6|nw:2|space:no|version:2.6.0	0	1.0
gemini25flashlite_gitksan_pdf2_rigsby_original_modelgloss_pdfpages_impactful_jpg	gemini25flashlite	Gitksan	modelgloss	pdfpages_impactful_jpg	pdf2_rigsby	original	chrF2++	45.32747808827203	38.75890757231612	-6.568570515955912	0.002879971200287997	5.110307693481445	37	nrefs:1|bs:100000|seed:20260915|case:mixed|eff:yes|nc:6|nw:2|space:no|version:2.6.0	0	1.0
gemini25flashlite_gitksan_pdf2_rigsby_original_modelgloss_summary_tables_jpg	gemini25flashlite	Gitksan	modelgloss	summary_tables_jpg	pdf2_rigsby	original	chrF2++	45.32747808827203	44.025482435813885	-1.301995652458146	0.12300876991230088	4.515058517456055	37	nrefs:1|bs:100000|seed:20260915|case:mixed|eff:yes|nc:6|nw:2|space:no|version:2.6.0	0	1.0
gemini25flashlite_gitksan_pdf2_rigsby_original_modelgloss_summary_tables_txt	gemini25flashlite	Gitksan	modelgloss	summary_tables_txt	pdf2_rigsby	original	chrF2++	45.32747808827203	46.586556990880005	1.2590789026079747	0.13548864511354886	4.137969970703125	37	nrefs:1|bs:100000|seed:20260915|case:mixed|eff:yes|nc:6|nw:2|space:no|version:2.6.0	0	1.0
gemini25flashlite_gitksan_pdf2_rigsby_original_modelgloss_summary_text_txt	gemini25flashlite	Gitksan	modelgloss	summary_text_txt	pdf2_rigsby	original	chrF2++	45.32747808827203	45.028322959033204	-0.2991551292388266	0.3166868331316687	3.6583290100097656	37	nrefs:1|bs:100000|seed:20260915|case:mixed|eff:yes|nc:6|nw:2|space:no|version:2.6.0	0	1.0
gemini25flashlite_lezgi_grammar_cyrillic_shot_cheatsheet_jpg	gemini25flashlite	Lezgi	shot	cheatsheet_jpg	grammar	cyrillic	BLEU	17.06863670227162	16.822367649940222	-0.24626905233139595	0.25900740992590077	6.335794731710272	87	nrefs:1|bs:100000|seed:20260915|case:mixed|eff:no|tok:13a|smooth:exp|version:2.6.0	0	1.0
gemini25flashlite_lezgi_grammar_cyrillic_shot_cheatsheet_txt	gemini25flashlite	Lezgi	shot	cheatsheet_txt	grammar	cyrillic	BLEU	17.06863670227162	14.263226125721044	-2.8054105765505746	0.0027099729002709972	6.637272953489856	87	nrefs:1|bs:100000|seed:20260915|case:mixed|eff:no|tok:13a|smooth:exp|version:2.6.0	1	1.0
gemini25flashlite_lezgi_grammar_cyrillic_shot_summary_tables_jpg	gemini25flashlite	Lezgi	shot	summary_tables_jpg	grammar	cyrillic	BLEU	17.06863670227162	16.806529970609585	-0.26210673166203335	0.2866271337286627	6.39104966142761	87	nrefs:1|bs:100000|seed:20260915|case:mixed|eff:no|tok:13a|smooth:exp|version:2.6.0	1	1.0
gemini25flashlite_lezgi_grammar_cyrillic_shot_summary_tables_txt	gemini25flashlite	Lezgi	shot	summary_tables_txt	grammar	cyrillic	BLEU	17.06863670227162	14.88278695874503	-2.185849743526589	0.02153978460215398	6.244923373334093	87	nrefs:1|bs:100000|seed:20260915|case:mixed|eff:no|tok:13a|smooth:exp|version:2.6.0	1	1.0
gemini25flashlite_lezgi_grammar_cyrillic_shot_summary_text_txt	gemini25flashlite	Lezgi	shot	summary_text_txt	grammar	cyrillic	BLEU	17.06863670227162	14.741459924143015	-2.327176778128603	0.008289917100828992	6.431782078406661	87	nrefs:1|bs:100000|seed:20260915|case:mixed|eff:no|tok:13a|smooth:exp|version:2.6.0	1	1.0
gemini25flashlite_lezgi_grammar_original_shot_cheatsheet_jpg	gemini25flashlite	Lezgi	shot	cheatsheet_jpg	grammar	original	BLEU	17.06863670227162	16.638822625765528	-0.4298140765060907	0.21518784812151878	6.354705598400397	87	nrefs:1|bs:100000|seed:20260915|case:mixed|eff:no|tok:13a|smooth:exp|version:2.6.0	0	1.0
gemini25flashlite_lezgi_grammar_original_shot_cheatsheet_txt	gemini25flashlite	Lezgi	shot	cheatsheet_txt	grammar	original	BLEU	17.06863670227162	10.190354386280667	-6.878282315990951	0.024699753002469977	8.105666932753358	87	nrefs:1|bs:100000|seed:20260915|case:mixed|eff:no|tok:13a|smooth:exp|version:2.6.0	1	1.0
gemini25flashlite_lezgi_grammar_original_shot_pdfpages_impactful_jpg	gemini25flashlite	Lezgi	shot	pdfpages_impactful_jpg	grammar	original	BLEU	17.06863670227162	15.943917660570639	-1.1247190417009794	0.12373876261237388	6.742483882446208	87	nrefs:1|bs:100000|seed:20260915|case:mixed|eff:no|tok:13a|smooth:exp|version:2.6.0	0	1.0
gemini25flashlite_lezgi_grammar_original_shot_summary_tables_jpg	gemini25flashlite	Lezgi	shot	summary_tables_jpg	grammar	original	BLEU	17.06863670227162	15.356475505234885	-1.7121611970367336	0.04113958860411396	6.474242755264915	87	nrefs:1|bs:100000|seed:20260915|case:mixed|eff:no|tok:13a|smooth:exp|version:2.6.0	0	1.0
gemini25flashlite_lezgi_grammar_original_shot_summary_tables_txt	gemini25flashlite	Lezgi	shot	summary_tables_txt	grammar	original	BLEU	17.06863670227162	16.18682115446237	-0.88181554780925	0.12974870251297488	6.350159087975447	87	nrefs:1|bs:100000|seed:20260915|case:mixed|eff:no|tok:13a|smooth:exp|version:2.6.0	1	1.0
gemini25flashlite_lezgi_grammar_original_shot_summary_text_txt	gemini25flashlite	Lezgi	shot	summary_text_txt	grammar	original	BLEU	17.06863670227162	13.2265667400602	-3.8420699622114185	8.99991000089999e-05	6.333208485597758	87	nrefs:1|bs:100000|seed:20260915|case:mixed|eff:no|tok:13a|smooth:exp|version:2.6.0	0	0.07514924850751492
gemini25flashlite_lezgi_grammar_cyrillic_shot_cheatsheet_jpg	gemini25flashlite	Lezgi	shot	cheatsheet_jpg	grammar	cyrillic	chrF2++	36.648325849090874	37.47844658490186	0.8301207358109863	0.12408875911240888	4.603752136230469	87	nrefs:1|bs:100000|seed:20260915|case:mixed|eff:yes|nc:6|nw:2|space:no|version:2.6.0	0	1.0
gemini25flashlite_lezgi_grammar_cyrillic_shot_cheatsheet_txt	gemini25flashlite	Lezgi	shot	cheatsheet_txt	grammar	cyrillic	chrF2++	36.648325849090874	34.15094135285271	-2.497384496238162	0.003089969100308997	4.700135231018066	87	nrefs:1|bs:100000|seed:20260915|case:mixed|eff:yes|nc:6|nw:2|space:no|version:2.6.0	1	1.0
gemini25flashlite_lezgi_grammar_cyrillic_shot_summary_tables_jpg	gemini25flashlite	Lezgi	shot	summary_tables_jpg	grammar	cyrillic	chrF2++	36.648325849090874	36.5616576347254	-0.08666821436547423	0.35759642403575964	4.726528167724609	87	nrefs:1|bs:100000|seed:20260915|case:mixed|eff:yes|nc:6|nw:2|space:no|version:2.6.0	1	1.0
gemini25flashlite_lezgi_grammar_cyrillic_shot_summary_tables_txt	gemini25flashlite	Lezgi	shot	summary_tables_txt	grammar	cyrillic	chrF2++	36.648325849090874	34.97307358342317	-1.6752522656677016	0.05044949550504495	4.462400436401367	87	nrefs:1|bs:100000|seed:20260915|case:mixed|eff:yes|nc:6|nw:2|space:no|version:2.6.0	1	1.0
gemini25flashlite_lezgi_grammar_cyrillic_shot_summary_text_txt	gemini25flashlite	Lezgi	shot	summary_text_txt	grammar	cyrillic	chrF2++	36.648325849090874	35.236139341723614	-1.4121865073672595	0.031569684303156965	4.5937957763671875	87	nrefs:1|bs:100000|seed:20260915|case:mixed|eff:yes|nc:6|nw:2|space:no|version:2.6.0	1	1.0
gemini25flashlite_lezgi_grammar_original_shot_cheatsheet_jpg	gemini25flashlite	Lezgi	shot	cheatsheet_jpg	grammar	original	chrF2++	36.648325849090874	37.6421678650852	0.9938420159943249	0.11607883921160789	4.440052032470703	87	nrefs:1|bs:100000|seed:20260915|case:mixed|eff:yes|nc:6|nw:2|space:no|version:2.6.0	0	1.0
gemini25flashlite_lezgi_grammar_original_shot_cheatsheet_txt	gemini25flashlite	Lezgi	shot	cheatsheet_txt	grammar	original	chrF2++	36.648325849090874	31.39818840481961	-5.250137444271264	0.06880931190688093	7.706090927124023	87	nrefs:1|bs:100000|seed:20260915|case:mixed|eff:yes|nc:6|nw:2|space:no|version:2.6.0	1	1.0
gemini25flashlite_lezgi_grammar_original_shot_pdfpages_impactful_jpg	gemini25flashlite	Lezgi	shot	pdfpages_impactful_jpg	grammar	original	chrF2++	36.648325849090874	35.66022673581529	-0.988099113275581	0.13021869781302187	4.476015090942383	87	nrefs:1|bs:100000|seed:20260915|case:mixed|eff:yes|nc:6|nw:2|space:no|version:2.6.0	0	1.0
gemini25flashlite_lezgi_grammar_original_shot_summary_tables_jpg	gemini25flashlite	Lezgi	shot	summary_tables_jpg	grammar	original	chrF2++	36.648325849090874	35.78208326740927	-0.866242581681604	0.13867861321386787	4.618795394897461	87	nrefs:1|bs:100000|seed:20260915|case:mixed|eff:yes|nc:6|nw:2|space:no|version:2.6.0	0	1.0
gemini25flashlite_lezgi_grammar_original_shot_summary_tables_txt	gemini25flashlite	Lezgi	shot	summary_tables_txt	grammar	original	chrF2++	36.648325849090874	36.250480089982354	-0.39784575910852027	0.1945580544194558	4.554937362670898	87	nrefs:1|bs:100000|seed:20260915|case:mixed|eff:yes|nc:6|nw:2|space:no|version:2.6.0	1	1.0
gemini25flashlite_lezgi_grammar_original_shot_summary_text_txt	gemini25flashlite	Lezgi	shot	summary_text_txt	grammar	original	chrF2++	36.648325849090874	34.468486700765915	-2.179839148324959	0.008999910000899992	4.447760581970215	87	nrefs:1|bs:100000|seed:20260915|case:mixed|eff:yes|nc:6|nw:2|space:no|version:2.6.0	0	1.0
gemini25flashlite_lezgi_grammar_cyrillic_chain_gloss_cheatsheet_jpg	gemini25flashlite	Lezgi	chain_gloss	cheatsheet_jpg	grammar	cyrillic	BLEU	16.238730746355657	14.899222190729118	-1.339508555626539	0.15921840781592184	5.8603484407843744	87	nrefs:1|bs:100000|seed:20260915|case:mixed|eff:no|tok:13a|smooth:exp|version:2.6.0	3	1.0
gemini25flashlite_lezgi_grammar_cyrillic_chain_gloss_cheatsheet_txt	gemini25flashlite	Lezgi	chain_gloss	cheatsheet_txt	grammar	cyrillic	BLEU	16.238730746355657	13.829363088978342	-2.409367657377315	0.02109978900210998	6.736573582500112	87	nrefs:1|bs:100000|seed:20260915|case:mixed|eff:no|tok:13a|smooth:exp|version:2.6.0	2	1.0
gemini25flashlite_lezgi_grammar_cyrillic_chain_gloss_summary_tables_jpg	gemini25flashlite	Lezgi	chain_gloss	summary_tables_jpg	grammar	cyrillic	BLEU	16.238730746355657	16.836393495036653	0.597662748680996	0.22986770132298678	7.087079553400683	87	nrefs:1|bs:100000|seed:20260915|case:mixed|eff:no|tok:13a|smooth:exp|version:2.6.0	6	1.0
gemini25flashlite_lezgi_grammar_cyrillic_chain_gloss_summary_tables_txt	gemini25flashlite	Lezgi	chain_gloss	summary_tables_txt	grammar	cyrillic	BLEU	16.238730746355657	14.916116471087916	-1.3226142752677408	0.10875891241087589	6.912008984087124	87	nrefs:1|bs:100000|seed:20260915|case:mixed|eff:no|tok:13a|smooth:exp|version:2.6.0	2	1.0
gemini25flashlite_lezgi_grammar_cyrillic_chain_gloss_summary_text_txt	gemini25flashlite	Lezgi	chain_gloss	summary_text_txt	grammar	cyrillic	BLEU	16.238730746355657	15.001564211458902	-1.2371665348967547	0.13570864291357088	6.7280189507157475	87	nrefs:1|bs:100000|seed:20260915|case:mixed|eff:no|tok:13a|smooth:exp|version:2.6.0	2	1.0
gemini25flashlite_lezgi_grammar_original_chain_gloss_cheatsheet_jpg	gemini25flashlite	Lezgi	chain_gloss	cheatsheet_jpg	grammar	original	BLEU	16.238730746355657	14.885662002867615	-1.3530687434880413	0.14706852931470685	6.941115635313353	87	nrefs:1|bs:100000|seed:20260915|case:mixed|eff:no|tok:13a|smooth:exp|version:2.6.0	7	1.0
gemini25flashlite_lezgi_grammar_original_chain_gloss_cheatsheet_txt	gemini25flashlite	Lezgi	chain_gloss	cheatsheet_txt	grammar	original	BLEU	16.238730746355657	13.29735093589963	-2.941379810456027	0.012359876401235988	6.660598389215103	87	nrefs:1|bs:100000|seed:20260915|case:mixed|eff:no|tok:13a|smooth:exp|version:2.6.0	0	1.0
gemini25flashlite_lezgi_grammar_original_chain_gloss_pdfpages_impactful_jpg	gemini25flashlite	Lezgi	chain_gloss	pdfpages_impactful_jpg	grammar	original	BLEU	16.238730746355657	14.765240190799663	-1.473490555555994	0.17037829621703782	7.056623814983305	87	nrefs:1|bs:100000|seed:20260915|case:mixed|eff:no|tok:13a|smooth:exp|version:2.6.0	3	1.0
gemini25flashlite_lezgi_grammar_original_chain_gloss_summary_tables_jpg	gemini25flashlite	Lezgi	chain_gloss	summary_tables_jpg	grammar	original	BLEU	16.238730746355657	16.5596527219574	0.32092197560174185	0.3092469075309247	7.094256525382765	87	nrefs:1|bs:100000|seed:20260915|case:mixed|eff:no|tok:13a|smooth:exp|version:2.6.0	5	1.0
gemini25flashlite_lezgi_grammar_original_chain_gloss_summary_tables_txt	gemini25flashlite	Lezgi	chain_gloss	summary_tables_txt	grammar	original	BLEU	16.238730746355657	13.620498969821321	-2.6182317765343353	0.02848971510284897	6.763293426104363	87	nrefs:1|bs:100000|seed:20260915|case:mixed|eff:no|tok:13a|smooth:exp|version:2.6.0	1	1.0
gemini25flashlite_lezgi_grammar_original_chain_gloss_summary_text_txt	gemini25flashlite	Lezgi	chain_gloss	summary_text_txt	grammar	original	BLEU	16.238730746355657	14.93169520788817	-1.3070355384674865	0.11438885611143888	6.906423004731825	87	nrefs:1|bs:100000|seed:20260915|case:mixed|eff:no|tok:13a|smooth:exp|version:2.6.0	4	1.0
gemini25flashlite_lezgi_grammar_cyrillic_chain_gloss_cheatsheet_jpg	gemini25flashlite	Lezgi	chain_gloss	cheatsheet_jpg	grammar	cyrillic	chrF2++	33.99186562216597	32.63685453099471	-1.3550110911712565	0.15650843491565083	4.427360534667969	87	nrefs:1|bs:100000|seed:20260915|case:mixed|eff:yes|nc:6|nw:2|space:no|version:2.6.0	3	1.0
gemini25flashlite_lezgi_grammar_cyrillic_chain_gloss_cheatsheet_txt	gemini25flashlite	Lezgi	chain_gloss	cheatsheet_txt	grammar	cyrillic	chrF2++	33.99186562216597	32.99198952861238	-0.9998760935535884	0.16698833011669884	4.699934959411621	87	nrefs:1|bs:100000|seed:20260915|case:mixed|eff:yes|nc:6|nw:2|space:no|version:2.6.0	2	1.0
gemini25flashlite_lezgi_grammar_cyrillic_chain_gloss_summary_tables_jpg	gemini25flashlite	Lezgi	chain_gloss	summary_tables_jpg	grammar	cyrillic	chrF2++	33.99186562216597	33.31073381319805	-0.681131808967919	0.24832751672483275	5.561422348022461	87	nrefs:1|bs:100000|seed:20260915|case:mixed|eff:yes|nc:6|nw:2|space:no|version:2.6.0	6	1.0
gemini25flashlite_lezgi_grammar_cyrillic_chain_gloss_summary_tables_txt	gemini25flashlite	Lezgi	chain_gloss	summary_tables_txt	grammar	cyrillic	chrF2++	33.99186562216597	32.11329714035464	-1.8785684818113282	0.08589914100858992	5.021196365356445	87	nrefs:1|bs:100000|seed:20260915|case:mixed|eff:yes|nc:6|nw:2|space:no|version:2.6.0	2	1.0
gemini25flashlite_lezgi_grammar_cyrillic_chain_gloss_summary_text_txt	gemini25flashlite	Lezgi	chain_gloss	summary_text_txt	grammar	cyrillic	chrF2++	33.99186562216597	33.808654987974194	-0.18321063419177364	0.35433645663543367	4.810837745666504	87	nrefs:1|bs:100000|seed:20260915|case:mixed|eff:yes|nc:6|nw:2|space:no|version:2.6.0	2	1.0
gemini25flashlite_lezgi_grammar_original_chain_gloss_cheatsheet_jpg	gemini25flashlite	Lezgi	chain_gloss	cheatsheet_jpg	grammar	original	chrF2++	33.99186562216597	32.730526343517866	-1.2613392786481015	0.16808831911680883	5.176901817321777	87	nrefs:1|bs:100000|seed:20260915|case:mixed|eff:yes|nc:6|nw:2|space:no|version:2.6.0	7	1.0
gemini25flashlite_lezgi_grammar_original_chain_gloss_cheatsheet_txt	gemini25flashlite	Lezgi	chain_gloss	cheatsheet_txt	grammar	original	chrF2++	33.99186562216597	32.08629453341686	-1.905571088749106	0.06012939870601294	4.557607650756836	87	nrefs:1|bs:100000|seed:20260915|case:mixed|eff:yes|nc:6|nw:2|space:no|version:2.6.0	0	1.0
gemini25flashlite_lezgi_grammar_original_chain_gloss_pdfpages_impactful_jpg	gemini25flashlite	Lezgi	chain_gloss	pdfpages_impactful_jpg	grammar	original	chrF2++	33.99186562216597	32.77782455943693	-1.214041062729038	0.18780812191878082	4.852715492248535	87	nrefs:1|bs:100000|seed:20260915|case:mixed|eff:yes|nc:6|nw:2|space:no|version:2.6.0	3	1.0
gemini25flashlite_lezgi_grammar_original_chain_gloss_summary_tables_jpg	gemini25flashlite	Lezgi	chain_gloss	summary_tables_jpg	grammar	original	chrF2++	33.99186562216597	32.849617552270544	-1.1422480698954232	0.17192828071719282	5.483555793762207	87	nrefs:1|bs:100000|seed:20260915|case:mixed|eff:yes|nc:6|nw:2|space:no|version:2.6.0	5	1.0
gemini25flashlite_lezgi_grammar_original_chain_gloss_summary_tables_txt	gemini25flashlite	Lezgi	chain_gloss	summary_tables_txt	grammar	original	chrF2++	33.99186562216597	32.900151777715514	-1.091713844450453	0.15808841911580884	4.623587608337402	87	nrefs:1|bs:100000|seed:20260915|case:mixed|eff:yes|nc:6|nw:2|space:no|version:2.6.0	1	1.0
gemini25flashlite_lezgi_grammar_original_chain_gloss_summary_text_txt	gemini25flashlite	Lezgi	chain_gloss	summary_text_txt	grammar	original	chrF2++	33.99186562216597	33.66353581342423	-0.328329808741735	0.2971770282297177	4.691999435424805	87	nrefs:1|bs:100000|seed:20260915|case:mixed|eff:yes|nc:6|nw:2|space:no|version:2.6.0	4	1.0
gemini25flashlite_lezgi_grammar_cyrillic_modelgloss_cheatsheet_jpg	gemini25flashlite	Lezgi	modelgloss	cheatsheet_jpg	grammar	cyrillic	BLEU	19.38362362887549	18.458536657063906	-0.9250869718115844	0.11492885071149289	6.4827561208279345	87	nrefs:1|bs:100000|seed:20260915|case:mixed|eff:no|tok:13a|smooth:exp|version:2.6.0	0	1.0
gemini25flashlite_lezgi_grammar_cyrillic_modelgloss_cheatsheet_txt	gemini25flashlite	Lezgi	modelgloss	cheatsheet_txt	grammar	cyrillic	BLEU	19.38362362887549	18.927952203464717	-0.4556714254107739	0.2135078649213508	6.150654757498752	87	nrefs:1|bs:100000|seed:20260915|case:mixed|eff:no|tok:13a|smooth:exp|version:2.6.0	1	1.0
gemini25flashlite_lezgi_grammar_cyrillic_modelgloss_summary_tables_jpg	gemini25flashlite	Lezgi	modelgloss	summary_tables_jpg	grammar	cyrillic	BLEU	19.38362362887549	19.834609956544366	0.4509863276688755	0.23103768962310378	6.636900905451067	87	nrefs:1|bs:100000|seed:20260915|case:mixed|eff:no|tok:13a|smooth:exp|version:2.6.0	0	1.0
gemini25flashlite_lezgi_grammar_cyrillic_modelgloss_summary_tables_txt	gemini25flashlite	Lezgi	modelgloss	summary_tables_txt	grammar	cyrillic	BLEU	19.38362362887549	18.476674586816166	-0.906949042059324	0.15797842021579783	6.473281912957085	87	nrefs:1|bs:100000|seed:20260915|case:mixed|eff:no|tok:13a|smooth:exp|version:2.6.0	1	1.0
gemini25flashlite_lezgi_grammar_cyrillic_modelgloss_summary_text_txt	gemini25flashlite	Lezgi	modelgloss	summary_text_txt	grammar	cyrillic	BLEU	19.38362362887549	18.646851881534413	-0.7367717473410771	0.23366766332336678	6.510702258239567	87	nrefs:1|bs:100000|seed:20260915|case:mixed|eff:no|tok:13a|smooth:exp|version:2.6.0	0	1.0
gemini25flashlite_lezgi_grammar_original_modelgloss_cheatsheet_jpg	gemini25flashlite	Lezgi	modelgloss	cheatsheet_jpg	grammar	original	BLEU	19.38362362887549	18.452922318432137	-0.9307013104433537	0.0978290217097829	6.424008149127346	87	nrefs:1|bs:100000|seed:20260915|case:mixed|eff:no|tok:13a|smooth:exp|version:2.6.0	0	1.0
gemini25flashlite_lezgi_grammar_original_modelgloss_cheatsheet_txt	gemini25flashlite	Lezgi	modelgloss	cheatsheet_txt	grammar	original	BLEU	19.38362362887549	18.41128643551886	-0.9723371933566298	0.13439865601343987	6.054067610555785	87	nrefs:1|bs:100000|seed:20260915|case:mixed|eff:no|tok:13a|smooth:exp|version:2.6.0	0	1.0
gemini25flashlite_lezgi_grammar_original_modelgloss_pdfpages_impactful_jpg	gemini25flashlite	Lezgi	modelgloss	pdfpages_impactful_jpg	grammar	original	BLEU	19.38362362887549	19.288347693998254	-0.09527593487723607	0.37209627903720965	6.430677933009778	87	nrefs:1|bs:100000|seed:20260915|case:mixed|eff:no|tok:13a|smooth:exp|version:2.6.0	0	1.0
gemini25flashlite_lezgi_grammar_original_modelgloss_summary_tables_jpg	gemini25flashlite	Lezgi	modelgloss	summary_tables_jpg	grammar	original	BLEU	19.38362362887549	20.336061850882537	0.9524382220070464	0.12925870741292586	6.612516952867665	87	nrefs:1|bs:100000|seed:20260915|case:mixed|eff:no|tok:13a|smooth:exp|version:2.6.0	0	1.0
gemini25flashlite_lezgi_grammar_original_modelgloss_summary_tables_txt	gemini25flashlite	Lezgi	modelgloss	summary_tables_txt	grammar	original	BLEU	19.38362362887549	18.090153599676	-1.29347002919949	0.09775902240977591	6.050311705478306	87	nrefs:1|bs:100000|seed:20260915|case:mixed|eff:no|tok:13a|smooth:exp|version:2.6.0	1	1.0
gemini25flashlite_lezgi_grammar_original_modelgloss_summary_text_txt	gemini25flashlite	Lezgi	modelgloss	summary_text_txt	grammar	original	BLEU	19.38362362887549	17.993548402283142	-1.390075226592348	0.1106188938110619	5.7795988323279435	87	nrefs:1|bs:100000|seed:20260915|case:mixed|eff:no|tok:13a|smooth:exp|version:2.6.0	0	1.0
gemini25flashlite_lezgi_grammar_cyrillic_modelgloss_cheatsheet_jpg	gemini25flashlite	Lezgi	modelgloss	cheatsheet_jpg	grammar	cyrillic	chrF2++	42.89203396275909	43.064524375555045	0.1724904127959519	0.32179678203217965	4.26513671875	87	nrefs:1|bs:100000|seed:20260915|case:mixed|eff:yes|nc:6|nw:2|space:no|version:2.6.0	0	1.0
gemini25flashlite_lezgi_grammar_cyrillic_modelgloss_cheatsheet_txt	gemini25flashlite	Lezgi	modelgloss	cheatsheet_txt	grammar	cyrillic	chrF2++	42.89203396275909	43.50846690937669	0.6164329466176	0.16214837851621483	4.153247833251953	87	nrefs:1|bs:100000|seed:20260915|case:mixed|eff:yes|nc:6|nw:2|space:no|version:2.6.0	1	1.0
gemini25flashlite_lezgi_grammar_cyrillic_modelgloss_summary_tables_jpg	gemini25flashlite	Lezgi	modelgloss	summary_tables_jpg	grammar	cyrillic	chrF2++	42.89203396275909	42.38301718335668	-0.5090167794024154	0.2123378766212338	4.464008331298828	87	nrefs:1|bs:100000|seed:20260915|case:mixed|eff:yes|nc:6|nw:2|space:no|version:2.6.0	0	1.0
gemini25flashlite_lezgi_grammar_cyrillic_modelgloss_summary_tables_txt	gemini25flashlite	Lezgi	modelgloss	summary_tables_txt	grammar	cyrillic	chrF2++	42.89203396275909	42.16316723552318	-0.7288667272359106	0.17037829621703782	4.445579528808594	87	nrefs:1|bs:100000|seed:20260915|case:mixed|eff:yes|nc:6|nw:2|space:no|version:2.6.0	1	1.0
gemini25flashlite_lezgi_grammar_cyrillic_modelgloss_summary_text_txt	gemini25flashlite	Lezgi	modelgloss	summary_text_txt	grammar	cyrillic	chrF2++	42.89203396275909	43.08594270310593	0.19390874034683492	0.33449665503344966	4.464456558227539	87	nrefs:1|bs:100000|seed:20260915|case:mixed|eff:yes|nc:6|nw:2|space:no|version:2.6.0	0	1.0
gemini25flashlite_lezgi_grammar_original_modelgloss_cheatsheet_jpg	gemini25flashlite	Lezgi	modelgloss	cheatsheet_jpg	grammar	original	chrF2++	42.89203396275909	42.15873820806	-0.7332957546990926	0.17350826491735083	4.5231781005859375	87	nrefs:1|bs:100000|seed:20260915|case:mixed|eff:yes|nc:6|nw:2|space:no|version:2.6.0	0	1.0
gemini25flashlite_lezgi_grammar_original_modelgloss_cheatsheet_txt	gemini25flashlite	Lezgi	modelgloss	cheatsheet_txt	grammar	original	chrF2++	42.89203396275909	43.14447420831173	0.2524402455526342	0.3065869341306587	4.158254623413086	87	nrefs:1|bs:100000|seed:20260915|case:mixed|eff:yes|nc:6|nw:2|space:no|version:2.6.0	0	1.0
gemini25flashlite_lezgi_grammar_original_modelgloss_pdfpages_impactful_jpg	gemini25flashlite	Lezgi	modelgloss	pdfpages_impactful_jpg	grammar	original	chrF2++	42.89203396275909	43.261218312912916	0.369184350153823	0.24405755942440577	4.3448944091796875	87	nrefs:1|bs:100000|seed:20260915|case:mixed|eff:yes|nc:6|nw:2|space:no|version:2.6.0	0	1.0
gemini25flashlite_lezgi_grammar_original_modelgloss_summary_tables_jpg	gemini25flashlite	Lezgi	modelgloss	summary_tables_jpg	grammar	original	chrF2++	42.89203396275909	43.759295071787655	0.8672611090285613	0.12973870261297388	4.416957855224609	87	nrefs:1|bs:100000|seed:20260915|case:mixed|eff:yes|nc:6|nw:2|space:no|version:2.6.0	0	1.0
gemini25flashlite_lezgi_grammar_original_modelgloss_summary_tables_txt	gemini25flashlite	Lezgi	modelgloss	summary_tables_txt	grammar	original	chrF2++	42.89203396275909	42.9662647783865	0.07423081562740919	0.38158618413815865	4.157447814941406	87	nrefs:1|bs:100000|seed:20260915|case:mixed|eff:yes|nc:6|nw:2|space:no|version:2.6.0	1	1.0
gemini25flashlite_lezgi_grammar_original_modelgloss_summary_text_txt	gemini25flashlite	Lezgi	modelgloss	summary_text_txt	grammar	original	chrF2++	42.89203396275909	43.98763927514244	1.0956053123833485	0.12711872881271188	4.129697799682617	87	nrefs:1|bs:100000|seed:20260915|case:mixed|eff:yes|nc:6|nw:2|space:no|version:2.6.0	0	1.0
gemini25flashlite_natugu_grammar_original_shot_cheatsheet_jpg	gemini25flashlite	Natugu	shot	cheatsheet_jpg	grammar	original	BLEU	5.3030648065491	4.088693309503841	-1.214371497045259	0.03159968400315997	1.6400956190837739	99	nrefs:1|bs:100000|seed:20260915|case:mixed|eff:no|tok:13a|smooth:exp|version:2.6.0	0	1.0
gemini25flashlite_natugu_grammar_original_shot_cheatsheet_txt	gemini25flashlite	Natugu	shot	cheatsheet_txt	grammar	original	BLEU	5.3030648065491	3.2665415031775877	-2.0365233033715127	0.02217977820221798	1.8179977430783707	99	nrefs:1|bs:100000|seed:20260915|case:mixed|eff:no|tok:13a|smooth:exp|version:2.6.0	0	1.0
gemini25flashlite_natugu_grammar_original_shot_pdfpages_impactful_jpg	gemini25flashlite	Natugu	shot	pdfpages_impactful_jpg	grammar	original	BLEU	5.3030648065491	1.727719383452841	-3.5753454230962594	0.0020699793002069977	1.3502016942277626	99	nrefs:1|bs:100000|seed:20260915|case:mixed|eff:no|tok:13a|smooth:exp|version:2.6.0	0	1.0
gemini25flashlite_natugu_grammar_original_shot_summary_tables_jpg	gemini25flashlite	Natugu	shot	summary_tables_jpg	grammar	original	BLEU	5.3030648065491	4.011464341467328	-1.291600465081772	0.11053889461105389	2.0245572311377726	99	nrefs:1|bs:100000|seed:20260915|case:mixed|eff:no|tok:13a|smooth:exp|version:2.6.0	0	1.0
gemini25flashlite_natugu_grammar_original_shot_summary_tables_txt	gemini25flashlite	Natugu	shot	summary_tables_txt	grammar	original	BLEU	5.3030648065491	3.4567824115173598	-1.8462823950317406	0.022519774802251976	2.0777453241604444	99	nrefs:1|bs:100000|seed:20260915|case:mixed|eff:no|tok:13a|smooth:exp|version:2.6.0	0	1.0
gemini25flashlite_natugu_grammar_original_shot_summary_text_txt	gemini25flashlite	Natugu	shot	summary_text_txt	grammar	original	BLEU	5.3030648065491	4.838296730927538	-0.46476807562156264	0.17249827501724982	1.875382102868258	99	nrefs:1|bs:100000|seed:20260915|case:mixed|eff:no|tok:13a|smooth:exp|version:2.6.0	0	1.0
gemini25flashlite_natugu_grammar_original_shot_cheatsheet_jpg	gemini25flashlite	Natugu	shot	cheatsheet_jpg	grammar	original	chrF2++	22.055352879930247	21.020059720857653	-1.0352931590725944	0.02769972300276997	1.8127355575561523	99	nrefs:1|bs:100000|seed:20260915|case:mixed|eff:yes|nc:6|nw:2|space:no|version:2.6.0	0	1.0
gemini25flashlite_natugu_grammar_original_shot_cheatsheet_txt	gemini25flashlite	Natugu	shot	cheatsheet_txt	grammar	original	chrF2++	22.055352879930247	19.983560309000126	-2.0717925709301213	0.06040939590604094	2.756791114807129	99	nrefs:1|bs:100000|seed:20260915|case:mixed|eff:yes|nc:6|nw:2|space:no|version:2.6.0	0	1.0
gemini25flashlite_natugu_grammar_original_shot_pdfpages_impactful_jpg	gemini25flashlite	Natugu	shot	pdfpages_impactful_jpg	grammar	original	chrF2++	22.055352879930247	16.573120427273988	-5.482232452656259	0.00023999760002399976	2.8681888580322266	99	nrefs:1|bs:100000|seed:20260915|case:mixed|eff:yes|nc:6|nw:2|space:no|version:2.6.0	0	0.1994380056199438
gemini25flashlite_natugu_grammar_original_shot_summary_tables_jpg	gemini25flashlite	Natugu	shot	summary_tables_jpg	grammar	original	chrF2++	22.055352879930247	19.41546475006314	-2.6398881298671064	0.02955970440295597	2.8935346603393555	99	nrefs:1|bs:100000|seed:20260915|case:mixed|eff:yes|nc:6|nw:2|space:no|version:2.6.0	0	1.0
gemini25flashlite_natugu_grammar_original_shot_summary_tables_txt	gemini25flashlite	Natugu	shot	summary_tables_txt	grammar	original	chrF2++	22.055352879930247	20.45570097704145	-1.599651902888798	0.08233917660823392	2.7062225341796875	99	nrefs:1|bs:100000|seed:20260915|case:mixed|eff:yes|nc:6|nw:2|space:no|version:2.6.0	0	1.0
gemini25flashlite_natugu_grammar_original_shot_summary_text_txt	gemini25flashlite	Natugu	shot	summary_text_txt	grammar	original	chrF2++	22.055352879930247	22.5725928706858	0.5172399907555523	0.14445855541444586	1.7504291534423828	99	nrefs:1|bs:100000|seed:20260915|case:mixed|eff:yes|nc:6|nw:2|space:no|version:2.6.0	0	1.0
gemini25flashlite_natugu_grammar_original_chain_gloss_cheatsheet_jpg	gemini25flashlite	Natugu	chain_gloss	cheatsheet_jpg	grammar	original	BLEU	2.107651282327021	2.712267052724276	0.6046157703972548	0.07818921810781893	1.3030914805707452	99	nrefs:1|bs:100000|seed:20260915|case:mixed|eff:no|tok:13a|smooth:exp|version:2.6.0	9	1.0
gemini25flashlite_natugu_grammar_original_chain_gloss_cheatsheet_txt	gemini25flashlite	Natugu	chain_gloss	cheatsheet_txt	grammar	original	BLEU	2.107651282327021	2.7415087371132083	0.6338574547861873	0.12854871451285488	1.4019589051607735	99	nrefs:1|bs:100000|seed:20260915|case:mixed|eff:no|tok:13a|smooth:exp|version:2.6.0	11	1.0
gemini25flashlite_natugu_grammar_original_chain_gloss_pdfpages_impactful_jpg	gemini25flashlite	Natugu	chain_gloss	pdfpages_impactful_jpg	grammar	original	BLEU	2.107651282327021	3.2282359208289835	1.1205846385019624	0.06836931630683693	1.6841808267617489	99	nrefs:1|bs:100000|seed:20260915|case:mixed|eff:no|tok:13a|smooth:exp|version:2.6.0	6	1.0
gemini25flashlite_natugu_grammar_original_chain_gloss_summary_tables_jpg	gemini25flashlite	Natugu	chain_gloss	summary_tables_jpg	grammar	original	BLEU	2.107651282327021	4.027865618887019	1.9202143365599982	0.013839861601383986	1.676588437180627	99	nrefs:1|bs:100000|seed:20260915|case:mixed|eff:no|tok:13a|smooth:exp|version:2.6.0	3	1.0
gemini25flashlite_natugu_grammar_original_chain_gloss_summary_tables_txt	gemini25flashlite	Natugu	chain_gloss	summary_tables_txt	grammar	original	BLEU	2.107651282327021	3.306829075652304	1.199177793325283	0.06755932440675594	2.017161889871085	99	nrefs:1|bs:100000|seed:20260915|case:mixed|eff:no|tok:13a|smooth:exp|version:2.6.0	24	1.0
gemini25flashlite_natugu_grammar_original_chain_gloss_summary_text_txt	gemini25flashlite	Natugu	chain_gloss	summary_text_txt	grammar	original	BLEU	2.107651282327021	2.404202692326403	0.296551409999382	0.18126818731812683	1.3842966879625611	99	nrefs:1|bs:100000|seed:20260915|case:mixed|eff:no|tok:13a|smooth:exp|version:2.6.0	11	1.0
gemini25flashlite_natugu_grammar_original_chain_gloss_cheatsheet_jpg	gemini25flashlite	Natugu	chain_gloss	cheatsheet_jpg	grammar	original	chrF2++	16.3921586381888	18.880492228527803	2.4883335903390034	0.00924990750092499	1.8919744491577148	99	nrefs:1|bs:100000|seed:20260915|case:mixed|eff:yes|nc:6|nw:2|space:no|version:2.6.0	9	1.0
gemini25flashlite_natugu_grammar_original_chain_gloss_cheatsheet_txt	gemini25flashlite	Natugu	chain_gloss	cheatsheet_txt	grammar	original	chrF2++	16.3921586381888	17.749886015351784	1.357727377162984	0.11582884171158288	2.2212448120117188	99	nrefs:1|bs:100000|seed:20260915|case:mixed|eff:yes|nc:6|nw:2|space:no|version:2.6.0	11	1.0
gemini25flashlite_natugu_grammar_original_chain_gloss_pdfpages_impactful_jpg	gemini25flashlite	Natugu	chain_gloss	pdfpages_impactful_jpg	grammar	original	chrF2++	16.3921586381888	19.279575399350062	2.887416761161262	0.005009949900500995	2.0191707611083984	99	nrefs:1|bs:100000|seed:20260915|case:mixed|eff:yes|nc:6|nw:2|space:no|version:2.6.0	6	1.0
gemini25flashlite_natugu_grammar_original_chain_gloss_summary_tables_jpg	gemini25flashlite	Natugu	chain_gloss	summary_tables_jpg	grammar	original	chrF2++	16.3921586381888	19.957115440426705	3.564956802237905	0.0004099959000409996	1.928330421447754	99	nrefs:1|bs:100000|seed:20260915|case:mixed|eff:yes|nc:6|nw:2|space:no|version:2.6.0	3	0.33906660933390664
gemini25flashlite_natugu_grammar_original_chain_gloss_summary_tables_txt	gemini25flashlite	Natugu	chain_gloss	summary_tables_txt	grammar	original	chrF2++	16.3921586381888	15.812658197146348	-0.5795004410424518	0.24788752112478876	2.7438769340515137	99	nrefs:1|bs:100000|seed:20260915|case:mixed|eff:yes|nc:6|nw:2|space:no|version:2.6.0	24	1.0
gemini25flashlite_natugu_grammar_original_chain_gloss_summary_text_txt	gemini25flashlite	Natugu	chain_gloss	summary_text_txt	grammar	original	chrF2++	16.3921586381888	17.772145548552825	1.3799869103640248	0.11542884571154288	2.329059600830078	99	nrefs:1|bs:100000|seed:20260915|case:mixed|eff:yes|nc:6|nw:2|space:no|version:2.6.0	11	1.0
gemini25flashlite_natugu_grammar_original_modelgloss_cheatsheet_jpg	gemini25flashlite	Natugu	modelgloss	cheatsheet_jpg	grammar	original	BLEU	15.969531145186911	15.645345473674876	-0.32418567151203526	0.31832681673183266	3.485293752219813	99	nrefs:1|bs:100000|seed:20260915|case:mixed|eff:no|tok:13a|smooth:exp|version:2.6.0	0	1.0
gemini25flashlite_natugu_grammar_original_modelgloss_cheatsheet_txt	gemini25flashlite	Natugu	modelgloss	cheatsheet_txt	grammar	original	BLEU	15.969531145186911	17.646213019801344	1.6766818746144327	0.11188888111118889	3.775334701462066	99	nrefs:1|bs:100000|seed:20260915|case:mixed|eff:no|tok:13a|smooth:exp|version:2.6.0	0	1.0
gemini25flashlite_natugu_grammar_original_modelgloss_pdfpages_impactful_jpg	gemini25flashlite	Natugu	modelgloss	pdfpages_impactful_jpg	grammar	original	BLEU	15.969531145186911	14.05155463610676	-1.9179765090801517	0.06453935460645394	3.083492301318013	99	nrefs:1|bs:100000|seed:20260915|case:mixed|eff:no|tok:13a|smooth:exp|version:2.6.0	0	1.0
gemini25flashlite_natugu_grammar_original_modelgloss_summary_tables_jpg	gemini25flashlite	Natugu	modelgloss	summary_tables_jpg	grammar	original	BLEU	15.969531145186911	15.152128132001895	-0.8174030131850163	0.17677823221767783	3.4641348023947627	99	nrefs:1|bs:100000|seed:20260915|case:mixed|eff:no|tok:13a|smooth:exp|version:2.6.0	0	1.0
gemini25flashlite_natugu_grammar_original_modelgloss_summary_tables_txt	gemini25flashlite	Natugu	modelgloss	summary_tables_txt	grammar	original	BLEU	15.969531145186911	17.62443294232334	1.6549017971364304	0.11343886561134389	3.8317066160981597	99	nrefs:1|bs:100000|seed:20260915|case:mixed|eff:no|tok:13a|smooth:exp|version:2.6.0	0	1.0
gemini25flashlite_natugu_grammar_original_modelgloss_summary_text_txt	gemini25flashlite	Natugu	modelgloss	summary_text_txt	grammar	original	BLEU	15.969531145186911	20.1022159407621	4.132684795575189	0.008319916800831991	3.5742815823403404	99	nrefs:1|bs:100000|seed:20260915|case:mixed|eff:no|tok:13a|smooth:exp|version:2.6.0	0	1.0
gemini25flashlite_natugu_grammar_original_modelgloss_cheatsheet_jpg	gemini25flashlite	Natugu	modelgloss	cheatsheet_jpg	grammar	original	chrF2++	39.55090997299129	39.323022017900215	-0.2278879550910773	0.32653673463265365	2.764097213745117	99	nrefs:1|bs:100000|seed:20260915|case:mixed|eff:yes|nc:6|nw:2|space:no|version:2.6.0	0	1.0
gemini25flashlite_natugu_grammar_original_modelgloss_cheatsheet_txt	gemini25flashlite	Natugu	modelgloss	cheatsheet_txt	grammar	original	chrF2++	39.55090997299129	41.204371688519146	1.653461715527854	0.05142948570514295	3.1057796478271484	99	nrefs:1|bs:100000|seed:20260915|case:mixed|eff:yes|nc:6|nw:2|space:no|version:2.6.0	0	1.0
gemini25flashlite_natugu_grammar_original_modelgloss_pdfpages_impactful_jpg	gemini25flashlite	Natugu	modelgloss	pdfpages_impactful_jpg	grammar	original	chrF2++	39.55090997299129	38.24479388795955	-1.3061160850317393	0.09671903280967191	2.6368751525878906	99	nrefs:1|bs:100000|seed:20260915|case:mixed|eff:yes|nc:6|nw:2|space:no|version:2.6.0	0	1.0
gemini25flashlite_natugu_grammar_original_modelgloss_summary_tables_jpg	gemini25flashlite	Natugu	modelgloss	summary_tables_jpg	grammar	original	chrF2++	39.55090997299129	37.58357506075497	-1.9673349122363248	0.04104958950410496	3.0668067932128906	99	nrefs:1|bs:100000|seed:20260915|case:mixed|eff:yes|nc:6|nw:2|space:no|version:2.6.0	0	1.0
gemini25flashlite_natugu_grammar_original_modelgloss_summary_tables_txt	gemini25flashlite	Natugu	modelgloss	summary_tables_txt	grammar	original	chrF2++	39.55090997299129	41.57254225974193	2.0216322867506378	0.03696963030369696	2.8695316314697266	99	nrefs:1|bs:100000|seed:20260915|case:mixed|eff:yes|nc:6|nw:2|space:no|version:2.6.0	0	1.0
gemini25flashlite_natugu_grammar_original_modelgloss_summary_text_txt	gemini25flashlite	Natugu	modelgloss	summary_text_txt	grammar	original	chrF2++	39.55090997299129	43.72387700664928	4.17296703365799	8.99991000089999e-05	2.930452346801758	99	nrefs:1|bs:100000|seed:20260915|case:mixed|eff:yes|nc:6|nw:2|space:no|version:2.6.0	0	0.07514924850751492
gemini25flashlite_tsez_grammar_original_shot_cheatsheet_jpg	gemini25flashlite	Tsez	shot	cheatsheet_jpg	grammar	original	BLEU	1.8702294854223132	1.0165854278565438	-0.8536440575657693	0.026639733602663973	0.253152384523119	99	nrefs:1|bs:100000|seed:20260915|case:mixed|eff:no|tok:13a|smooth:exp|version:2.6.0	0	1.0
gemini25flashlite_tsez_grammar_original_shot_cheatsheet_txt	gemini25flashlite	Tsez	shot	cheatsheet_txt	grammar	original	BLEU	1.8702294854223132	2.0658856268156076	0.19565614139329446	0.25517744822551774	1.0463659187384198	99	nrefs:1|bs:100000|seed:20260915|case:mixed|eff:no|tok:13a|smooth:exp|version:2.6.0	0	1.0
gemini25flashlite_tsez_grammar_original_shot_pdfpages_impactful_jpg	gemini25flashlite	Tsez	shot	pdfpages_impactful_jpg	grammar	original	BLEU	1.8702294854223132	1.3009189704045525	-0.5693105150177606	0.12360876391236088	0.6634704075008555	99	nrefs:1|bs:100000|seed:20260915|case:mixed|eff:no|tok:13a|smooth:exp|version:2.6.0	0	1.0
gemini25flashlite_tsez_grammar_original_shot_summary_tables_jpg	gemini25flashlite	Tsez	shot	summary_tables_jpg	grammar	original	BLEU	1.8702294854223132	1.3287280112587716	-0.5415014741635416	0.11174888251117489	0.6717255630612371	99	nrefs:1|bs:100000|seed:20260915|case:mixed|eff:no|tok:13a|smooth:exp|version:2.6.0	0	1.0
gemini25flashlite_tsez_grammar_original_shot_summary_tables_txt	gemini25flashlite	Tsez	shot	summary_tables_txt	grammar	original	BLEU	1.8702294854223132	2.4541486607305565	0.5839191753082433	0.1021889781102189	1.0627861435944477	99	nrefs:1|bs:100000|seed:20260915|case:mixed|eff:no|tok:13a|smooth:exp|version:2.6.0	0	1.0
gemini25flashlite_tsez_grammar_original_shot_summary_text_txt	gemini25flashlite	Tsez	shot	summary_text_txt	grammar	original	BLEU	1.8702294854223132	2.3236600311786715	0.4534305457563583	0.13490865091349086	1.129830540761773	99	nrefs:1|bs:100000|seed:20260915|case:mixed|eff:no|tok:13a|smooth:exp|version:2.6.0	0	1.0
gemini25flashlite_tsez_grammar_original_shot_cheatsheet_jpg	gemini25flashlite	Tsez	shot	cheatsheet_jpg	grammar	original	chrF2++	18.15213037798493	16.950490456094766	-1.2016399218901626	0.01108988910110899	1.0038442611694336	99	nrefs:1|bs:100000|seed:20260915|case:mixed|eff:yes|nc:6|nw:2|space:no|version:2.6.0	0	1.0
gemini25flashlite_tsez_grammar_original_shot_cheatsheet_txt	gemini25flashlite	Tsez	shot	cheatsheet_txt	grammar	original	chrF2++	18.15213037798493	18.142313212461126	-0.009817165523802629	0.4131258687413126	1.0510368347167969	99	nrefs:1|bs:100000|seed:20260915|case:mixed|eff:yes|nc:6|nw:2|space:no|version:2.6.0	0	1.0
gemini25flashlite_tsez_grammar_original_shot_pdfpages_impactful_jpg	gemini25flashlite	Tsez	shot	pdfpages_impactful_jpg	grammar	original	chrF2++	18.15213037798493	15.483001144909123	-2.6691292330758056	0.008439915600843992	1.8862662315368652	99	nrefs:1|bs:100000|seed:20260915|case:mixed|eff:yes|nc:6|nw:2|space:no|version:2.6.0	0	1.0
gemini25flashlite_tsez_grammar_original_shot_summary_tables_jpg	gemini25flashlite	Tsez	shot	summary_tables_jpg	grammar	original	chrF2++	18.15213037798493	17.226960328385243	-0.9251700495996857	0.04112958870411296	1.0436525344848633	99	nrefs:1|bs:100000|seed:20260915|case:mixed|eff:yes|nc:6|nw:2|space:no|version:2.6.0	0	1.0
gemini25flashlite_tsez_grammar_original_shot_summary_tables_txt	gemini25flashlite	Tsez	shot	summary_tables_txt	grammar	original	chrF2++	18.15213037798493	18.146191503232235	-0.005938874752693835	0.41890581094189056	1.111114501953125	99	nrefs:1|bs:100000|seed:20260915|case:mixed|eff:yes|nc:6|nw:2|space:no|version:2.6.0	0	1.0
gemini25flashlite_tsez_grammar_original_shot_summary_text_txt	gemini25flashlite	Tsez	shot	summary_text_txt	grammar	original	chrF2++	18.15213037798493	18.446597196689318	0.2944668187043895	0.20653793462065378	1.1658000946044922	99	nrefs:1|bs:100000|seed:20260915|case:mixed|eff:yes|nc:6|nw:2|space:no|version:2.6.0	0	1.0
gemini25flashlite_tsez_grammar_original_chain_gloss_cheatsheet_jpg	gemini25flashlite	Tsez	chain_gloss	cheatsheet_jpg	grammar	original	BLEU	1.3754912351901614	1.27453157829698	-0.10095965689318143	0.3203067969320307	0.5719546669016711	99	nrefs:1|bs:100000|seed:20260915|case:mixed|eff:no|tok:13a|smooth:exp|version:2.6.0	12	1.0
gemini25flashlite_tsez_grammar_original_chain_gloss_cheatsheet_txt	gemini25flashlite	Tsez	chain_gloss	cheatsheet_txt	grammar	original	BLEU	1.3754912351901614	1.2405063297409196	-0.1349849054492418	0.2923670763292367	0.5877944564585071	99	nrefs:1|bs:100000|seed:20260915|case:mixed|eff:no|tok:13a|smooth:exp|version:2.6.0	9	1.0
gemini25flashlite_tsez_grammar_original_chain_gloss_pdfpages_impactful_jpg	gemini25flashlite	Tsez	chain_gloss	pdfpages_impactful_jpg	grammar	original	BLEU	1.3754912351901614	1.8779321602752022	0.5024409250850408	0.14965850341496584	0.8468685929790515	99	nrefs:1|bs:100000|seed:20260915|case:mixed|eff:no|tok:13a|smooth:exp|version:2.6.0	10	1.0
gemini25flashlite_tsez_grammar_original_chain_gloss_summary_tables_jpg	gemini25flashlite	Tsez	chain_gloss	summary_tables_jpg	grammar	original	BLEU	1.3754912351901614	1.2622768960137887	-0.11321433917637269	0.30819691803081967	0.5965495078143291	99	nrefs:1|bs:100000|seed:20260915|case:mixed|eff:no|tok:13a|smooth:exp|version:2.6.0	11	1.0
gemini25flashlite_tsez_grammar_original_chain_gloss_summary_tables_txt	gemini25flashlite	Tsez	chain_gloss	summary_tables_txt	grammar	original	BLEU	1.3754912351901614	1.914704204448277	0.5392129692581156	0.15722842771572285	1.022509090779172	99	nrefs:1|bs:100000|seed:20260915|case:mixed|eff:no|tok:13a|smooth:exp|version:2.6.0	7	1.0
gemini25flashlite_tsez_grammar_original_chain_gloss_summary_text_txt	gemini25flashlite	Tsez	chain_gloss	summary_text_txt	grammar	original	BLEU	1.3754912351901614	2.04184555544985	0.6663543202596887	0.13163868361316386	1.1543850816492323	99	nrefs:1|bs:100000|seed:20260915|case:mixed|eff:no|tok:13a|smooth:exp|version:2.6.0	6	1.0
gemini25flashlite_tsez_grammar_original_chain_gloss_cheatsheet_jpg	gemini25flashlite	Tsez	chain_gloss	cheatsheet_jpg	grammar	original	chrF2++	14.842477177311814	15.831110967224001	0.9886337899121873	0.16326836731632682	1.8708877563476562	99	nrefs:1|bs:100000|seed:20260915|case:mixed|eff:yes|nc:6|nw:2|space:no|version:2.6.0	12	1.0
gemini25flashlite_tsez_grammar_original_chain_gloss_cheatsheet_txt	gemini25flashlite	Tsez	chain_gloss	cheatsheet_txt	grammar	original	chrF2++	14.842477177311814	16.23024279077704	1.387765613465227	0.07468925310746892	1.5710153579711914	99	nrefs:1|bs:100000|seed:20260915|case:mixed|eff:yes|nc:6|nw:2|space:no|version:2.6.0	9	1.0
gemini25flashlite_tsez_grammar_original_chain_gloss_pdfpages_impactful_jpg	gemini25flashlite	Tsez	chain_gloss	pdfpages_impactful_jpg	grammar	original	chrF2++	14.842477177311814	16.957913509638956	2.1154363323271426	0.02792972070279297	1.6299490928649902	99	nrefs:1|bs:100000|seed:20260915|case:mixed|eff:yes|nc:6|nw:2|space:no|version:2.6.0	10	1.0
gemini25flashlite_tsez_grammar_original_chain_gloss_summary_tables_jpg	gemini25flashlite	Tsez	chain_gloss	summary_tables_jpg	grammar	original	chrF2++	14.842477177311814	15.410092718445606	0.567615541133792	0.2164478355216448	1.7810978889465332	99	nrefs:1|bs:100000|seed:20260915|case:mixed|eff:yes|nc:6|nw:2|space:no|version:2.6.0	11	1.0
gemini25flashlite_tsez_grammar_original_chain_gloss_summary_tables_txt	gemini25flashlite	Tsez	chain_gloss	summary_tables_txt	grammar	original	chrF2++	14.842477177311814	16.145552081901887	1.3030749045900727	0.11596884031159689	1.4889106750488281	99	nrefs:1|bs:100000|seed:20260915|case:mixed|eff:yes|nc:6|nw:2|space:no|version:2.6.0	7	1.0
gemini25flashlite_tsez_grammar_original_chain_gloss_summary_text_txt	gemini25flashlite	Tsez	chain_gloss	summary_text_txt	grammar	original	chrF2++	14.842477177311814	16.7681252786731	1.9256481013612863	0.027139728602713974	1.4144196510314941	99	nrefs:1|bs:100000|seed:20260915|case:mixed|eff:yes|nc:6|nw:2|space:no|version:2.6.0	6	1.0
gemini25flashlite_tsez_grammar_original_modelgloss_cheatsheet_jpg	gemini25flashlite	Tsez	modelgloss	cheatsheet_jpg	grammar	original	BLEU	13.651051186414835	12.73997675937752	-0.911074427037315	0.18218817811821883	2.9560043461604693	99	nrefs:1|bs:100000|seed:20260915|case:mixed|eff:no|tok:13a|smooth:exp|version:2.6.0	0	1.0
gemini25flashlite_tsez_grammar_original_modelgloss_cheatsheet_txt	gemini25flashlite	Tsez	modelgloss	cheatsheet_txt	grammar	original	BLEU	13.651051186414835	14.978708906256507	1.3276577198416728	0.12467875321246788	3.0641335955283857	99	nrefs:1|bs:100000|seed:20260915|case:mixed|eff:no|tok:13a|smooth:exp|version:2.6.0	0	1.0
gemini25flashlite_tsez_grammar_original_modelgloss_pdfpages_impactful_jpg	gemini25flashlite	Tsez	modelgloss	pdfpages_impactful_jpg	grammar	original	BLEU	13.651051186414835	11.734786090447901	-1.9162650959669332	0.048799512004879954	2.489482243346645	99	nrefs:1|bs:100000|seed:20260915|case:mixed|eff:no|tok:13a|smooth:exp|version:2.6.0	0	1.0
gemini25flashlite_tsez_grammar_original_modelgloss_summary_tables_jpg	gemini25flashlite	Tsez	modelgloss	summary_tables_jpg	grammar	original	BLEU	13.651051186414835	11.728068224046593	-1.9229829623682413	0.16664833351666483	3.7167791085290394	99	nrefs:1|bs:100000|seed:20260915|case:mixed|eff:no|tok:13a|smooth:exp|version:2.6.0	0	1.0
gemini25flashlite_tsez_grammar_original_modelgloss_summary_tables_txt	gemini25flashlite	Tsez	modelgloss	summary_tables_txt	grammar	original	BLEU	13.651051186414835	15.665387859407092	2.0143366729922576	0.038059619403805964	2.71658673764131	99	nrefs:1|bs:100000|seed:20260915|case:mixed|eff:no|tok:13a|smooth:exp|version:2.6.0	0	1.0
gemini25flashlite_tsez_grammar_original_modelgloss_summary_text_txt	gemini25flashlite	Tsez	modelgloss	summary_text_txt	grammar	original	BLEU	13.651051186414835	15.614642728791871	1.9635915423770367	0.03812961870381296	2.836875970985262	99	nrefs:1|bs:100000|seed:20260915|case:mixed|eff:no|tok:13a|smooth:exp|version:2.6.0	0	1.0
gemini25flashlite_tsez_grammar_original_modelgloss_cheatsheet_jpg	gemini25flashlite	Tsez	modelgloss	cheatsheet_jpg	grammar	original	chrF2++	40.18695417302059	39.208527484828736	-0.9784266881918526	0.1064689353106469	2.4112987518310547	99	nrefs:1|bs:100000|seed:20260915|case:mixed|eff:yes|nc:6|nw:2|space:no|version:2.6.0	0	1.0
gemini25flashlite_tsez_grammar_original_modelgloss_cheatsheet_txt	gemini25flashlite	Tsez	modelgloss	cheatsheet_txt	grammar	original	chrF2++	40.18695417302059	41.65213365741539	1.4651794843948025	0.032169678303216966	2.505901336669922	99	nrefs:1|bs:100000|seed:20260915|case:mixed|eff:yes|nc:6|nw:2|space:no|version:2.6.0	0	1.0
gemini25flashlite_tsez_grammar_original_modelgloss_pdfpages_impactful_jpg	gemini25flashlite	Tsez	modelgloss	pdfpages_impactful_jpg	grammar	original	chrF2++	40.18695417302059	37.74693911980759	-2.4400150532129956	0.005069949300506995	2.4709110260009766	99	nrefs:1|bs:100000|seed:20260915|case:mixed|eff:yes|nc:6|nw:2|space:no|version:2.6.0	0	1.0
gemini25flashlite_tsez_grammar_original_modelgloss_summary_tables_jpg	gemini25flashlite	Tsez	modelgloss	summary_tables_jpg	grammar	original	chrF2++	40.18695417302059	37.587421915366335	-2.5995322576542534	0.07508924910750893	3.5933895111083984	99	nrefs:1|bs:100000|seed:20260915|case:mixed|eff:yes|nc:6|nw:2|space:no|version:2.6.0	0	1.0
gemini25flashlite_tsez_grammar_original_modelgloss_summary_tables_txt	gemini25flashlite	Tsez	modelgloss	summary_tables_txt	grammar	original	chrF2++	40.18695417302059	41.60084232536187	1.4138881523412792	0.046339536604633955	2.3534183502197266	99	nrefs:1|bs:100000|seed:20260915|case:mixed|eff:yes|nc:6|nw:2|space:no|version:2.6.0	0	1.0
gemini25flashlite_tsez_grammar_original_modelgloss_summary_text_txt	gemini25flashlite	Tsez	modelgloss	summary_text_txt	grammar	original	chrF2++	40.18695417302059	41.53749380646214	1.3505396334415494	0.04414955850441495	2.505411148071289	99	nrefs:1|bs:100000|seed:20260915|case:mixed|eff:yes|nc:6|nw:2|space:no|version:2.6.0	0	1.0
gpt56luna_gitksan_pdf1_brown_original_shot_cheatsheet_jpg	gpt56luna	Gitksan	shot	cheatsheet_jpg	pdf1_brown	original	BLEU	4.100125920574322	3.424649458038358	-0.6754764625359639	0.15821841781582185	2.1754964460519854	37	nrefs:1|bs:100000|seed:20260915|case:mixed|eff:no|tok:13a|smooth:exp|version:2.6.0	0	1.0
gpt56luna_gitksan_pdf1_brown_original_shot_cheatsheet_txt	gpt56luna	Gitksan	shot	cheatsheet_txt	pdf1_brown	original	BLEU	4.100125920574322	3.9561110337336465	-0.14401488684067543	0.3298367016329837	2.4960602113641936	37	nrefs:1|bs:100000|seed:20260915|case:mixed|eff:no|tok:13a|smooth:exp|version:2.6.0	0	1.0
gpt56luna_gitksan_pdf1_brown_original_shot_pdfpages_impactful_jpg	gpt56luna	Gitksan	shot	pdfpages_impactful_jpg	pdf1_brown	original	BLEU	4.100125920574322	3.4510190243586947	-0.6491068962156272	0.16123838761612383	2.1194952040875084	37	nrefs:1|bs:100000|seed:20260915|case:mixed|eff:no|tok:13a|smooth:exp|version:2.6.0	0	1.0
gpt56luna_gitksan_pdf1_brown_original_shot_summary_tables_jpg	gpt56luna	Gitksan	shot	summary_tables_jpg	pdf1_brown	original	BLEU	4.100125920574322	3.5311835094702926	-0.5689424111040293	0.17117828821711784	2.1432772338955504	37	nrefs:1|bs:100000|seed:20260915|case:mixed|eff:no|tok:13a|smooth:exp|version:2.6.0	0	1.0
gpt56luna_gitksan_pdf1_brown_original_shot_summary_tables_txt	gpt56luna	Gitksan	shot	summary_tables_txt	pdf1_brown	original	BLEU	4.100125920574322	3.7350723870856095	-0.3650535334887124	0.14743852561474385	2.241812820545708	37	nrefs:1|bs:100000|seed:20260915|case:mixed|eff:no|tok:13a|smooth:exp|version:2.6.0	0	1.0
gpt56luna_gitksan_pdf1_brown_original_shot_summary_text_txt	gpt56luna	Gitksan	shot	summary_text_txt	pdf1_brown	original	BLEU	4.100125920574322	4.807318240128648	0.7071923195543262	0.2081579184208158	3.094082743013885	37	nrefs:1|bs:100000|seed:20260915|case:mixed|eff:no|tok:13a|smooth:exp|version:2.6.0	0	1.0
gpt56luna_gitksan_pdf2_rigsby_original_shot_cheatsheet_jpg	gpt56luna	Gitksan	shot	cheatsheet_jpg	pdf2_rigsby	original	BLEU	4.100125920574322	3.4904557106119034	-0.6096702099624185	0.16540834591654083	2.143783199258615	37	nrefs:1|bs:100000|seed:20260915|case:mixed|eff:no|tok:13a|smooth:exp|version:2.6.0	0	1.0
gpt56luna_gitksan_pdf2_rigsby_original_shot_cheatsheet_txt	gpt56luna	Gitksan	shot	cheatsheet_txt	pdf2_rigsby	original	BLEU	4.100125920574322	3.4651708626071143	-0.6349550579672076	0.11498885011149888	2.1461303945221264	37	nrefs:1|bs:100000|seed:20260915|case:mixed|eff:no|tok:13a|smooth:exp|version:2.6.0	0	1.0
gpt56luna_gitksan_pdf2_rigsby_original_shot_pdfpages_impactful_jpg	gpt56luna	Gitksan	shot	pdfpages_impactful_jpg	pdf2_rigsby	original	BLEU	4.100125920574322	3.8690050931585644	-0.23112082741575746	0.3109168908310917	2.2274844097760678	37	nrefs:1|bs:100000|seed:20260915|case:mixed|eff:no|tok:13a|smooth:exp|version:2.6.0	0	1.0
gpt56luna_gitksan_pdf2_rigsby_original_shot_summary_tables_jpg	gpt56luna	Gitksan	shot	summary_tables_jpg	pdf2_rigsby	original	BLEU	4.100125920574322	2.710770608092984	-1.3893553124813378	0.026039739602603973	1.9362389875343706	37	nrefs:1|bs:100000|seed:20260915|case:mixed|eff:no|tok:13a|smooth:exp|version:2.6.0	0	1.0
gpt56luna_gitksan_pdf2_rigsby_original_shot_summary_tables_txt	gpt56luna	Gitksan	shot	summary_tables_txt	pdf2_rigsby	original	BLEU	4.100125920574322	3.469239307434906	-0.630886613139416	0.14371856281437187	2.478088611853331	37	nrefs:1|bs:100000|seed:20260915|case:mixed|eff:no|tok:13a|smooth:exp|version:2.6.0	0	1.0
gpt56luna_gitksan_pdf2_rigsby_original_shot_summary_text_txt	gpt56luna	Gitksan	shot	summary_text_txt	pdf2_rigsby	original	BLEU	4.100125920574322	3.959114539843813	-0.14101138073050912	0.33009669903300964	2.3972299149953065	37	nrefs:1|bs:100000|seed:20260915|case:mixed|eff:no|tok:13a|smooth:exp|version:2.6.0	0	1.0
gpt56luna_gitksan_pdf1_brown_original_shot_cheatsheet_jpg	gpt56luna	Gitksan	shot	cheatsheet_jpg	pdf1_brown	original	chrF2++	27.215454953939272	27.178571042740394	-0.036883911198877684	0.4092359076409236	3.1193389892578125	37	nrefs:1|bs:100000|seed:20260915|case:mixed|eff:yes|nc:6|nw:2|space:no|version:2.6.0	0	1.0
gpt56luna_gitksan_pdf1_brown_original_shot_cheatsheet_txt	gpt56luna	Gitksan	shot	cheatsheet_txt	pdf1_brown	original	chrF2++	27.215454953939272	28.05854415466451	0.8430892007252382	0.14768852311476885	2.9516639709472656	37	nrefs:1|bs:100000|seed:20260915|case:mixed|eff:yes|nc:6|nw:2|space:no|version:2.6.0	0	1.0
gpt56luna_gitksan_pdf1_brown_original_shot_pdfpages_impactful_jpg	gpt56luna	Gitksan	shot	pdfpages_impactful_jpg	pdf1_brown	original	chrF2++	27.215454953939272	27.31999609688077	0.10454114294149974	0.37447625523744765	3.1590023040771484	37	nrefs:1|bs:100000|seed:20260915|case:mixed|eff:yes|nc:6|nw:2|space:no|version:2.6.0	0	1.0
gpt56luna_gitksan_pdf1_brown_original_shot_summary_tables_jpg	gpt56luna	Gitksan	shot	summary_tables_jpg	pdf1_brown	original	chrF2++	27.215454953939272	27.266078940610683	0.0506239866714111	0.3994160058399416	3.378376007080078	37	nrefs:1|bs:100000|seed:20260915|case:mixed|eff:yes|nc:6|nw:2|space:no|version:2.6.0	0	1.0
gpt56luna_gitksan_pdf1_brown_original_shot_summary_tables_txt	gpt56luna	Gitksan	shot	summary_tables_txt	pdf1_brown	original	chrF2++	27.215454953939272	28.129723850262238	0.9142688963229659	0.14054859451405485	3.6043901443481445	37	nrefs:1|bs:100000|seed:20260915|case:mixed|eff:yes|nc:6|nw:2|space:no|version:2.6.0	0	1.0
gpt56luna_gitksan_pdf1_brown_original_shot_summary_text_txt	gpt56luna	Gitksan	shot	summary_text_txt	pdf1_brown	original	chrF2++	27.215454953939272	28.036026116867973	0.8205711629287009	0.13850861491385086	3.5587453842163086	37	nrefs:1|bs:100000|seed:20260915|case:mixed|eff:yes|nc:6|nw:2|space:no|version:2.6.0	0	1.0
gpt56luna_gitksan_pdf2_rigsby_original_shot_cheatsheet_jpg	gpt56luna	Gitksan	shot	cheatsheet_jpg	pdf2_rigsby	original	chrF2++	27.215454953939272	27.749156116783013	0.5337011628437409	0.23016769832301676	3.097844123840332	37	nrefs:1|bs:100000|seed:20260915|case:mixed|eff:yes|nc:6|nw:2|space:no|version:2.6.0	0	1.0
gpt56luna_gitksan_pdf2_rigsby_original_shot_cheatsheet_txt	gpt56luna	Gitksan	shot	cheatsheet_txt	pdf2_rigsby	original	chrF2++	27.215454953939272	27.442589561460178	0.22713460752090597	0.3012769872301277	3.1559925079345703	37	nrefs:1|bs:100000|seed:20260915|case:mixed|eff:yes|nc:6|nw:2|space:no|version:2.6.0	0	1.0
gpt56luna_gitksan_pdf2_rigsby_original_shot_pdfpages_impactful_jpg	gpt56luna	Gitksan	shot	pdfpages_impactful_jpg	pdf2_rigsby	original	chrF2++	27.215454953939272	27.262327300562717	0.04687234662344508	0.4020759792402076	3.04840087890625	37	nrefs:1|bs:100000|seed:20260915|case:mixed|eff:yes|nc:6|nw:2|space:no|version:2.6.0	0	1.0
gpt56luna_gitksan_pdf2_rigsby_original_shot_summary_tables_jpg	gpt56luna	Gitksan	shot	summary_tables_jpg	pdf2_rigsby	original	chrF2++	27.215454953939272	26.775920108110522	-0.43953484582874935	0.22685773142268578	2.839114189147949	37	nrefs:1|bs:100000|seed:20260915|case:mixed|eff:yes|nc:6|nw:2|space:no|version:2.6.0	0	1.0
gpt56luna_gitksan_pdf2_rigsby_original_shot_summary_tables_txt	gpt56luna	Gitksan	shot	summary_tables_txt	pdf2_rigsby	original	chrF2++	27.215454953939272	25.514680403295415	-1.7007745506438567	0.022229777702222977	3.424750328063965	37	nrefs:1|bs:100000|seed:20260915|case:mixed|eff:yes|nc:6|nw:2|space:no|version:2.6.0	0	1.0
gpt56luna_gitksan_pdf2_rigsby_original_shot_summary_text_txt	gpt56luna	Gitksan	shot	summary_text_txt	pdf2_rigsby	original	chrF2++	27.215454953939272	25.836602092210182	-1.37885286172909	0.05999940000599994	3.3757247924804688	37	nrefs:1|bs:100000|seed:20260915|case:mixed|eff:yes|nc:6|nw:2|space:no|version:2.6.0	0	1.0
gpt56luna_gitksan_pdf1_brown_original_chain_gloss_cheatsheet_jpg	gpt56luna	Gitksan	chain_gloss	cheatsheet_jpg	pdf1_brown	original	BLEU	4.485827310792197	4.218349608431325	-0.2674777023608721	0.24675753242467574	2.4433872181034024	37	nrefs:1|bs:100000|seed:20260915|case:mixed|eff:no|tok:13a|smooth:exp|version:2.6.0	0	1.0
gpt56luna_gitksan_pdf1_brown_original_chain_gloss_cheatsheet_txt	gpt56luna	Gitksan	chain_gloss	cheatsheet_txt	pdf1_brown	original	BLEU	4.485827310792197	5.146005927526248	0.6601786167340515	0.22997770022299777	2.5976450528800803	37	nrefs:1|bs:100000|seed:20260915|case:mixed|eff:no|tok:13a|smooth:exp|version:2.6.0	0	1.0
gpt56luna_gitksan_pdf1_brown_original_chain_gloss_pdfpages_impactful_jpg	gpt56luna	Gitksan	chain_gloss	pdfpages_impactful_jpg	pdf1_brown	original	BLEU	4.485827310792197	3.635888790890484	-0.8499385199017131	0.18539814601853982	2.4154326289287096	37	nrefs:1|bs:100000|seed:20260915|case:mixed|eff:no|tok:13a|smooth:exp|version:2.6.0	0	1.0
gpt56luna_gitksan_pdf1_brown_original_chain_gloss_summary_tables_jpg	gpt56luna	Gitksan	chain_gloss	summary_tables_jpg	pdf1_brown	original	BLEU	4.485827310792197	3.8574675580016056	-0.6283597527905913	0.1928780712192878	2.2291519963495827	37	nrefs:1|bs:100000|seed:20260915|case:mixed|eff:no|tok:13a|smooth:exp|version:2.6.0	0	1.0
gpt56luna_gitksan_pdf1_brown_original_chain_gloss_summary_tables_txt	gpt56luna	Gitksan	chain_gloss	summary_tables_txt	pdf1_brown	original	BLEU	4.485827310792197	4.5461758995702155	0.06034858877801863	0.3991460085399146	2.399453101947122	37	nrefs:1|bs:100000|seed:20260915|case:mixed|eff:no|tok:13a|smooth:exp|version:2.6.0	0	1.0
gpt56luna_gitksan_pdf1_brown_original_chain_gloss_summary_text_txt	gpt56luna	Gitksan	chain_gloss	summary_text_txt	pdf1_brown	original	BLEU	4.485827310792197	6.199805781768655	1.7139784709764578	0.03795962040379596	2.7110550502419497	37	nrefs:1|bs:100000|seed:20260915|case:mixed|eff:no|tok:13a|smooth:exp|version:2.6.0	0	1.0
gpt56luna_gitksan_pdf2_rigsby_original_chain_gloss_cheatsheet_jpg	gpt56luna	Gitksan	chain_gloss	cheatsheet_jpg	pdf2_rigsby	original	BLEU	4.485827310792197	4.947249668732051	0.4614223579398544	0.26167738322616774	2.596378553531097	37	nrefs:1|bs:100000|seed:20260915|case:mixed|eff:no|tok:13a|smooth:exp|version:2.6.0	0	1.0
gpt56luna_gitksan_pdf2_rigsby_original_chain_gloss_cheatsheet_txt	gpt56luna	Gitksan	chain_gloss	cheatsheet_txt	pdf2_rigsby	original	BLEU	4.485827310792197	3.357460942100561	-1.128366368691636	0.14539854601453986	2.0758302522388714	37	nrefs:1|bs:100000|seed:20260915|case:mixed|eff:no|tok:13a|smooth:exp|version:2.6.0	0	1.0
gpt56luna_gitksan_pdf2_rigsby_original_chain_gloss_pdfpages_impactful_jpg	gpt56luna	Gitksan	chain_gloss	pdfpages_impactful_jpg	pdf2_rigsby	original	BLEU	4.485827310792197	2.937661968329613	-1.548165342462584	0.10535894641053589	2.0260875496920527	37	nrefs:1|bs:100000|seed:20260915|case:mixed|eff:no|tok:13a|smooth:exp|version:2.6.0	0	1.0
gpt56luna_gitksan_pdf2_rigsby_original_chain_gloss_summary_tables_jpg	gpt56luna	Gitksan	chain_gloss	summary_tables_jpg	pdf2_rigsby	original	BLEU	4.485827310792197	4.764987839136179	0.279160528343982	0.3138368616313837	2.446286235095844	37	nrefs:1|bs:100000|seed:20260915|case:mixed|eff:no|tok:13a|smooth:exp|version:2.6.0	0	1.0
gpt56luna_gitksan_pdf2_rigsby_original_chain_gloss_summary_tables_txt	gpt56luna	Gitksan	chain_gloss	summary_tables_txt	pdf2_rigsby	original	BLEU	4.485827310792197	3.6328313824097447	-0.8529959283824522	0.17516824831751682	2.713253107516018	37	nrefs:1|bs:100000|seed:20260915|case:mixed|eff:no|tok:13a|smooth:exp|version:2.6.0	0	1.0
gpt56luna_gitksan_pdf2_rigsby_original_chain_gloss_summary_text_txt	gpt56luna	Gitksan	chain_gloss	summary_text_txt	pdf2_rigsby	original	BLEU	4.485827310792197	5.2210401073851145	0.7352127965929176	0.12875871241287587	2.488620648411078	37	nrefs:1|bs:100000|seed:20260915|case:mixed|eff:no|tok:13a|smooth:exp|version:2.6.0	0	1.0
gpt56luna_gitksan_pdf1_brown_original_chain_gloss_cheatsheet_jpg	gpt56luna	Gitksan	chain_gloss	cheatsheet_jpg	pdf1_brown	original	chrF2++	26.2853998339182	27.470225414596687	1.1848255806784884	0.11264887351126489	2.985940933227539	37	nrefs:1|bs:100000|seed:20260915|case:mixed|eff:yes|nc:6|nw:2|space:no|version:2.6.0	0	1.0
gpt56luna_gitksan_pdf1_brown_original_chain_gloss_cheatsheet_txt	gpt56luna	Gitksan	chain_gloss	cheatsheet_txt	pdf1_brown	original	chrF2++	26.2853998339182	28.411506822706777	2.126106988788578	0.017179828201717984	3.475399971008301	37	nrefs:1|bs:100000|seed:20260915|case:mixed|eff:yes|nc:6|nw:2|space:no|version:2.6.0	0	1.0
gpt56luna_gitksan_pdf1_brown_original_chain_gloss_pdfpages_impactful_jpg	gpt56luna	Gitksan	chain_gloss	pdfpages_impactful_jpg	pdf1_brown	original	chrF2++	26.2853998339182	26.743841980115977	0.458442146197779	0.22367776322236776	2.8624954223632812	37	nrefs:1|bs:100000|seed:20260915|case:mixed|eff:yes|nc:6|nw:2|space:no|version:2.6.0	0	1.0
gpt56luna_gitksan_pdf1_brown_original_chain_gloss_summary_tables_jpg	gpt56luna	Gitksan	chain_gloss	summary_tables_jpg	pdf1_brown	original	chrF2++	26.2853998339182	27.198672011055052	0.9132721771368537	0.1040589594104059	2.933417320251465	37	nrefs:1|bs:100000|seed:20260915|case:mixed|eff:yes|nc:6|nw:2|space:no|version:2.6.0	0	1.0
gpt56luna_gitksan_pdf1_brown_original_chain_gloss_summary_tables_txt	gpt56luna	Gitksan	chain_gloss	summary_tables_txt	pdf1_brown	original	chrF2++	26.2853998339182	27.524257044967943	1.2388572110497442	0.11294887051129489	3.3016557693481445	37	nrefs:1|bs:100000|seed:20260915|case:mixed|eff:yes|nc:6|nw:2|space:no|version:2.6.0	0	1.0
gpt56luna_gitksan_pdf1_brown_original_chain_gloss_summary_text_txt	gpt56luna	Gitksan	chain_gloss	summary_text_txt	pdf1_brown	original	chrF2++	26.2853998339182	29.862762976234514	3.5773631423163152	0.0006199938000619994	3.0292882919311523	37	nrefs:1|bs:100000|seed:20260915|case:mixed|eff:yes|nc:6|nw:2|space:no|version:2.6.0	0	0.5121148788512115
gpt56luna_gitksan_pdf2_rigsby_original_chain_gloss_cheatsheet_jpg	gpt56luna	Gitksan	chain_gloss	cheatsheet_jpg	pdf2_rigsby	original	chrF2++	26.2853998339182	27.177691195532606	0.8922913616144079	0.16823831761682384	3.1746253967285156	37	nrefs:1|bs:100000|seed:20260915|case:mixed|eff:yes|nc:6|nw:2|space:no|version:2.6.0	0	1.0
gpt56luna_gitksan_pdf2_rigsby_original_chain_gloss_cheatsheet_txt	gpt56luna	Gitksan	chain_gloss	cheatsheet_txt	pdf2_rigsby	original	chrF2++	26.2853998339182	26.919953949329344	0.6345541154111451	0.17166828331716683	3.088542938232422	37	nrefs:1|bs:100000|seed:20260915|case:mixed|eff:yes|nc:6|nw:2|space:no|version:2.6.0	0	1.0
gpt56luna_gitksan_pdf2_rigsby_original_chain_gloss_pdfpages_impactful_jpg	gpt56luna	Gitksan	chain_gloss	pdfpages_impactful_jpg	pdf2_rigsby	original	chrF2++	26.2853998339182	26.713407086073516	0.428007252155318	0.21989780102198977	3.055241584777832	37	nrefs:1|bs:100000|seed:20260915|case:mixed|eff:yes|nc:6|nw:2|space:no|version:2.6.0	0	1.0
gpt56luna_gitksan_pdf2_rigsby_original_chain_gloss_summary_tables_jpg	gpt56luna	Gitksan	chain_gloss	summary_tables_jpg	pdf2_rigsby	original	chrF2++	26.2853998339182	27.492161163426882	1.2067613295086836	0.07061929380706193	3.001781463623047	37	nrefs:1|bs:100000|seed:20260915|case:mixed|eff:yes|nc:6|nw:2|space:no|version:2.6.0	0	1.0
gpt56luna_gitksan_pdf2_rigsby_original_chain_gloss_summary_tables_txt	gpt56luna	Gitksan	chain_gloss	summary_tables_txt	pdf2_rigsby	original	chrF2++	26.2853998339182	25.7200541067993	-0.5653457271188991	0.1959380406195938	3.47721004486084	37	nrefs:1|bs:100000|seed:20260915|case:mixed|eff:yes|nc:6|nw:2|space:no|version:2.6.0	0	1.0
gpt56luna_gitksan_pdf2_rigsby_original_chain_gloss_summary_text_txt	gpt56luna	Gitksan	chain_gloss	summary_text_txt	pdf2_rigsby	original	chrF2++	26.2853998339182	28.275233566295064	1.9898337323768658	0.01049989500104999	3.226080894470215	37	nrefs:1|bs:100000|seed:20260915|case:mixed|eff:yes|nc:6|nw:2|space:no|version:2.6.0	0	1.0
gpt56luna_gitksan_pdf1_brown_original_modelgloss_cheatsheet_jpg	gpt56luna	Gitksan	modelgloss	cheatsheet_jpg	pdf1_brown	original	BLEU	14.570254896804668	14.554888230798882	-0.015366666005785845	0.4150758492415076	3.856183455021487	37	nrefs:1|bs:100000|seed:20260915|case:mixed|eff:no|tok:13a|smooth:exp|version:2.6.0	0	1.0
gpt56luna_gitksan_pdf1_brown_original_modelgloss_cheatsheet_txt	gpt56luna	Gitksan	modelgloss	cheatsheet_txt	pdf1_brown	original	BLEU	14.570254896804668	18.355391513917233	3.785136617112565	0.02911970880291197	4.390300767658523	37	nrefs:1|bs:100000|seed:20260915|case:mixed|eff:no|tok:13a|smooth:exp|version:2.6.0	0	1.0
gpt56luna_gitksan_pdf1_brown_original_modelgloss_pdfpages_impactful_jpg	gpt56luna	Gitksan	modelgloss	pdfpages_impactful_jpg	pdf1_brown	original	BLEU	14.570254896804668	14.983211104072838	0.41295620726817006	0.2821571784282157	3.517252797252741	37	nrefs:1|bs:100000|seed:20260915|case:mixed|eff:no|tok:13a|smooth:exp|version:2.6.0	0	1.0
gpt56luna_gitksan_pdf1_brown_original_modelgloss_summary_tables_jpg	gpt56luna	Gitksan	modelgloss	summary_tables_jpg	pdf1_brown	original	BLEU	14.570254896804668	16.560137904758413	1.989883007953745	0.12667873321266787	4.99669752903725	37	nrefs:1|bs:100000|seed:20260915|case:mixed|eff:no|tok:13a|smooth:exp|version:2.6.0	0	1.0
gpt56luna_gitksan_pdf1_brown_original_modelgloss_summary_tables_txt	gpt56luna	Gitksan	modelgloss	summary_tables_txt	pdf1_brown	original	BLEU	14.570254896804668	14.467633485874384	-0.10262141093028454	0.3922860771392286	4.467710782892573	37	nrefs:1|bs:100000|seed:20260915|case:mixed|eff:no|tok:13a|smooth:exp|version:2.6.0	0	1.0
gpt56luna_gitksan_pdf1_brown_original_modelgloss_summary_text_txt	gpt56luna	Gitksan	modelgloss	summary_text_txt	pdf1_brown	original	BLEU	14.570254896804668	17.73793485712499	3.1676799603203225	0.06423935760642394	4.640669074178232	37	nrefs:1|bs:100000|seed:20260915|case:mixed|eff:no|tok:13a|smooth:exp|version:2.6.0	0	1.0
gpt56luna_gitksan_pdf2_rigsby_original_modelgloss_cheatsheet_jpg	gpt56luna	Gitksan	modelgloss	cheatsheet_jpg	pdf2_rigsby	original	BLEU	14.570254896804668	14.603445646164612	0.03319074935994415	0.41662583374166257	4.591565162870367	37	nrefs:1|bs:100000|seed:20260915|case:mixed|eff:no|tok:13a|smooth:exp|version:2.6.0	0	1.0
gpt56luna_gitksan_pdf2_rigsby_original_modelgloss_cheatsheet_txt	gpt56luna	Gitksan	modelgloss	cheatsheet_txt	pdf2_rigsby	original	BLEU	14.570254896804668	16.131493085476503	1.561238188671835	0.18351816481835181	4.386162318976991	37	nrefs:1|bs:100000|seed:20260915|case:mixed|eff:no|tok:13a|smooth:exp|version:2.6.0	0	1.0
gpt56luna_gitksan_pdf2_rigsby_original_modelgloss_pdfpages_impactful_jpg	gpt56luna	Gitksan	modelgloss	pdfpages_impactful_jpg	pdf2_rigsby	original	BLEU	14.570254896804668	17.0578141844651	2.4875592876604333	0.05553944460555395	4.534182561036583	37	nrefs:1|bs:100000|seed:20260915|case:mixed|eff:no|tok:13a|smooth:exp|version:2.6.0	0	1.0
gpt56luna_gitksan_pdf2_rigsby_original_modelgloss_summary_tables_jpg	gpt56luna	Gitksan	modelgloss	summary_tables_jpg	pdf2_rigsby	original	BLEU	14.570254896804668	15.667790998976024	1.0975361021713557	0.21457785422145778	5.178416832380959	37	nrefs:1|bs:100000|seed:20260915|case:mixed|eff:no|tok:13a|smooth:exp|version:2.6.0	0	1.0
gpt56luna_gitksan_pdf2_rigsby_original_modelgloss_summary_tables_txt	gpt56luna	Gitksan	modelgloss	summary_tables_txt	pdf2_rigsby	original	BLEU	14.570254896804668	14.739706953651474	0.1694520568468061	0.37620623793762065	4.076910124319691	37	nrefs:1|bs:100000|seed:20260915|case:mixed|eff:no|tok:13a|smooth:exp|version:2.6.0	0	1.0
gpt56luna_gitksan_pdf2_rigsby_original_modelgloss_summary_text_txt	gpt56luna	Gitksan	modelgloss	summary_text_txt	pdf2_rigsby	original	BLEU	14.570254896804668	14.709893656290092	0.1396387594854236	0.3857361426385736	4.854402255119695	37	nrefs:1|bs:100000|seed:20260915|case:mixed|eff:no|tok:13a|smooth:exp|version:2.6.0	0	1.0
gpt56luna_gitksan_pdf1_brown_original_modelgloss_cheatsheet_jpg	gpt56luna	Gitksan	modelgloss	cheatsheet_jpg	pdf1_brown	original	chrF2++	47.78402490105397	47.3230360678442	-0.46098883320976825	0.23376766232337676	4.5703887939453125	37	nrefs:1|bs:100000|seed:20260915|case:mixed|eff:yes|nc:6|nw:2|space:no|version:2.6.0	0	1.0
gpt56luna_gitksan_pdf1_brown_original_modelgloss_cheatsheet_txt	gpt56luna	Gitksan	modelgloss	cheatsheet_txt	pdf1_brown	original	chrF2++	47.78402490105397	50.22734419888292	2.4433192978289497	0.054839451605483945	4.57110595703125	37	nrefs:1|bs:100000|seed:20260915|case:mixed|eff:yes|nc:6|nw:2|space:no|version:2.6.0	0	1.0
gpt56luna_gitksan_pdf1_brown_original_modelgloss_pdfpages_impactful_jpg	gpt56luna	Gitksan	modelgloss	pdfpages_impactful_jpg	pdf1_brown	original	chrF2++	47.78402490105397	48.10608069571718	0.3220557946632141	0.2728472715272847	3.446054458618164	37	nrefs:1|bs:100000|seed:20260915|case:mixed|eff:yes|nc:6|nw:2|space:no|version:2.6.0	0	1.0
gpt56luna_gitksan_pdf1_brown_original_modelgloss_summary_tables_jpg	gpt56luna	Gitksan	modelgloss	summary_tables_jpg	pdf1_brown	original	chrF2++	47.78402490105397	48.554337551325794	0.7703126502718263	0.17686823131768684	3.886404037475586	37	nrefs:1|bs:100000|seed:20260915|case:mixed|eff:yes|nc:6|nw:2|space:no|version:2.6.0	0	1.0
gpt56luna_gitksan_pdf1_brown_original_modelgloss_summary_tables_txt	gpt56luna	Gitksan	modelgloss	summary_tables_txt	pdf1_brown	original	chrF2++	47.78402490105397	46.49676519930452	-1.2872597017494485	0.13387866121338787	4.47300910949707	37	nrefs:1|bs:100000|seed:20260915|case:mixed|eff:yes|nc:6|nw:2|space:no|version:2.6.0	0	1.0
gpt56luna_gitksan_pdf1_brown_original_modelgloss_summary_text_txt	gpt56luna	Gitksan	modelgloss	summary_text_txt	pdf1_brown	original	chrF2++	47.78402490105397	49.359643942429734	1.5756190413757665	0.11587884121158788	4.684226989746094	37	nrefs:1|bs:100000|seed:20260915|case:mixed|eff:yes|nc:6|nw:2|space:no|version:2.6.0	0	1.0
gpt56luna_gitksan_pdf2_rigsby_original_modelgloss_cheatsheet_jpg	gpt56luna	Gitksan	modelgloss	cheatsheet_jpg	pdf2_rigsby	original	chrF2++	47.78402490105397	48.167472798221645	0.38344789716767735	0.27669723302766974	3.694124221801758	37	nrefs:1|bs:100000|seed:20260915|case:mixed|eff:yes|nc:6|nw:2|space:no|version:2.6.0	0	1.0
gpt56luna_gitksan_pdf2_rigsby_original_modelgloss_cheatsheet_txt	gpt56luna	Gitksan	modelgloss	cheatsheet_txt	pdf2_rigsby	original	chrF2++	47.78402490105397	48.31849381450207	0.5344689134481015	0.2680073199268007	4.623262405395508	37	nrefs:1|bs:100000|seed:20260915|case:mixed|eff:yes|nc:6|nw:2|space:no|version:2.6.0	0	1.0
gpt56luna_gitksan_pdf2_rigsby_original_modelgloss_pdfpages_impactful_jpg	gpt56luna	Gitksan	modelgloss	pdfpages_impactful_jpg	pdf2_rigsby	original	chrF2++	47.78402490105397	49.92131530214012	2.1372904010861546	0.04886951130488695	3.738370895385742	37	nrefs:1|bs:100000|seed:20260915|case:mixed|eff:yes|nc:6|nw:2|space:no|version:2.6.0	0	1.0
gpt56luna_gitksan_pdf2_rigsby_original_modelgloss_summary_tables_jpg	gpt56luna	Gitksan	modelgloss	summary_tables_jpg	pdf2_rigsby	original	chrF2++	47.78402490105397	48.241319004250684	0.45729410319671615	0.24636753632463676	4.305339813232422	37	nrefs:1|bs:100000|seed:20260915|case:mixed|eff:yes|nc:6|nw:2|space:no|version:2.6.0	0	1.0
gpt56luna_gitksan_pdf2_rigsby_original_modelgloss_summary_tables_txt	gpt56luna	Gitksan	modelgloss	summary_tables_txt	pdf2_rigsby	original	chrF2++	47.78402490105397	46.64503773912309	-1.1389871619308778	0.16458835411645883	4.2711334228515625	37	nrefs:1|bs:100000|seed:20260915|case:mixed|eff:yes|nc:6|nw:2|space:no|version:2.6.0	0	1.0
gpt56luna_gitksan_pdf2_rigsby_original_modelgloss_summary_text_txt	gpt56luna	Gitksan	modelgloss	summary_text_txt	pdf2_rigsby	original	chrF2++	47.78402490105397	47.6409183016359	-0.14310659941806847	0.36415635843641564	4.232255935668945	37	nrefs:1|bs:100000|seed:20260915|case:mixed|eff:yes|nc:6|nw:2|space:no|version:2.6.0	0	1.0
gpt56luna_lezgi_grammar_cyrillic_shot_cheatsheet_jpg	gpt56luna	Lezgi	shot	cheatsheet_jpg	grammar	cyrillic	BLEU	12.772567575576957	11.943562421244915	-0.8290051543320427	0.16408835911640884	4.809034972560978	87	nrefs:1|bs:100000|seed:20260915|case:mixed|eff:no|tok:13a|smooth:exp|version:2.6.0	0	1.0
gpt56luna_lezgi_grammar_cyrillic_shot_cheatsheet_txt	gpt56luna	Lezgi	shot	cheatsheet_txt	grammar	cyrillic	BLEU	12.772567575576957	11.204290185140604	-1.5682773904363536	0.0960890391096089	4.5470935907155114	87	nrefs:1|bs:100000|seed:20260915|case:mixed|eff:no|tok:13a|smooth:exp|version:2.6.0	0	1.0
gpt56luna_lezgi_grammar_cyrillic_shot_cheatsheet_jpg	gpt56luna	Lezgi	shot	cheatsheet_jpg	grammar	cyrillic	chrF2++	37.31834734047082	35.70271305479445	-1.6156342856763715	0.06202937970620294	3.9183273315429688	87	nrefs:1|bs:100000|seed:20260915|case:mixed|eff:yes|nc:6|nw:2|space:no|version:2.6.0	0	1.0
gpt56luna_lezgi_grammar_cyrillic_shot_cheatsheet_txt	gpt56luna	Lezgi	shot	cheatsheet_txt	grammar	cyrillic	chrF2++	37.31834734047082	34.16869421995799	-3.1496531205128306	0.004089959100408996	3.974203109741211	87	nrefs:1|bs:100000|seed:20260915|case:mixed|eff:yes|nc:6|nw:2|space:no|version:2.6.0	0	1.0
gpt56luna_lezgi_grammar_cyrillic_chain_gloss_cheatsheet_jpg	gpt56luna	Lezgi	chain_gloss	cheatsheet_jpg	grammar	cyrillic	BLEU	11.610493807587146	11.766133057031363	0.15563924944421714	0.35276647233527664	4.132860656383331	87	nrefs:1|bs:100000|seed:20260915|case:mixed|eff:no|tok:13a|smooth:exp|version:2.6.0	0	1.0
gpt56luna_lezgi_grammar_cyrillic_chain_gloss_cheatsheet_txt	gpt56luna	Lezgi	chain_gloss	cheatsheet_txt	grammar	cyrillic	BLEU	11.610493807587146	10.90559425618033	-0.7048995514068164	0.16146838531614685	4.998224320079714	87	nrefs:1|bs:100000|seed:20260915|case:mixed|eff:no|tok:13a|smooth:exp|version:2.6.0	0	1.0
gpt56luna_lezgi_grammar_cyrillic_chain_gloss_summary_tables_jpg	gpt56luna	Lezgi	chain_gloss	summary_tables_jpg	grammar	cyrillic	BLEU	11.610493807587146	10.828631931039004	-0.7818618765481418	0.13158868411315885	5.073176883361191	87	nrefs:1|bs:100000|seed:20260915|case:mixed|eff:no|tok:13a|smooth:exp|version:2.6.0	0	1.0
gpt56luna_lezgi_grammar_cyrillic_chain_gloss_cheatsheet_jpg	gpt56luna	Lezgi	chain_gloss	cheatsheet_jpg	grammar	cyrillic	chrF2++	34.804614790652195	34.10975447178477	-0.6948603188674269	0.17788822111778882	3.8066787719726562	87	nrefs:1|bs:100000|seed:20260915|case:mixed|eff:yes|nc:6|nw:2|space:no|version:2.6.0	0	1.0
gpt56luna_lezgi_grammar_cyrillic_chain_gloss_cheatsheet_txt	gpt56luna	Lezgi	chain_gloss	cheatsheet_txt	grammar	cyrillic	chrF2++	34.804614790652195	33.963313731201595	-0.8413010594506005	0.16734832651673484	4.302292823791504	87	nrefs:1|bs:100000|seed:20260915|case:mixed|eff:yes|nc:6|nw:2|space:no|version:2.6.0	0	1.0
gpt56luna_lezgi_grammar_cyrillic_chain_gloss_summary_tables_jpg	gpt56luna	Lezgi	chain_gloss	summary_tables_jpg	grammar	cyrillic	chrF2++	34.804614790652195	33.755152932007874	-1.049461858644321	0.1016989830101699	3.9272327423095703	87	nrefs:1|bs:100000|seed:20260915|case:mixed|eff:yes|nc:6|nw:2|space:no|version:2.6.0	0	1.0
gpt56luna_lezgi_grammar_cyrillic_modelgloss_cheatsheet_jpg	gpt56luna	Lezgi	modelgloss	cheatsheet_jpg	grammar	cyrillic	BLEU	17.24429307358376	15.480119011757177	-1.7641740618265818	0.06150938490615094	4.811324782644067	87	nrefs:1|bs:100000|seed:20260915|case:mixed|eff:no|tok:13a|smooth:exp|version:2.6.0	0	1.0
gpt56luna_lezgi_grammar_cyrillic_modelgloss_cheatsheet_txt	gpt56luna	Lezgi	modelgloss	cheatsheet_txt	grammar	cyrillic	BLEU	17.24429307358376	15.279807436052852	-1.964485637530906	0.01919980800191998	4.628484650299868	87	nrefs:1|bs:100000|seed:20260915|case:mixed|eff:no|tok:13a|smooth:exp|version:2.6.0	0	1.0
gpt56luna_lezgi_grammar_cyrillic_modelgloss_summary_tables_jpg	gpt56luna	Lezgi	modelgloss	summary_tables_jpg	grammar	cyrillic	BLEU	17.24429307358376	17.27307342590956	0.028780352325799896	0.4091959080409196	5.055853591609596	87	nrefs:1|bs:100000|seed:20260915|case:mixed|eff:no|tok:13a|smooth:exp|version:2.6.0	0	1.0
gpt56luna_lezgi_grammar_cyrillic_modelgloss_cheatsheet_jpg	gpt56luna	Lezgi	modelgloss	cheatsheet_jpg	grammar	cyrillic	chrF2++	42.98067256099798	41.74593084470495	-1.2347417162930299	0.08455915440845592	3.6564254760742188	87	nrefs:1|bs:100000|seed:20260915|case:mixed|eff:yes|nc:6|nw:2|space:no|version:2.6.0	0	1.0
gpt56luna_lezgi_grammar_cyrillic_modelgloss_cheatsheet_txt	gpt56luna	Lezgi	modelgloss	cheatsheet_txt	grammar	cyrillic	chrF2++	42.98067256099798	43.223300054017514	0.24262749301953335	0.28563714362856374	3.5171432495117188	87	nrefs:1|bs:100000|seed:20260915|case:mixed|eff:yes|nc:6|nw:2|space:no|version:2.6.0	0	1.0
gpt56luna_lezgi_grammar_cyrillic_modelgloss_summary_tables_jpg	gpt56luna	Lezgi	modelgloss	summary_tables_jpg	grammar	cyrillic	chrF2++	42.98067256099798	42.91291794689464	-0.06775461410334316	0.3854761452385476	3.7555999755859375	87	nrefs:1|bs:100000|seed:20260915|case:mixed|eff:yes|nc:6|nw:2|space:no|version:2.6.0	0	1.0
