package	family	model	language	cohort	left	right	id	metric	n	clusters	left_score	right_score	delta	ci_low	ci_high	p_raw	ci_type	resampling	left_failures	right_failures	p_holm	family_tests
B	B_context	qwen35	Lezgi	valid84	configs/matched_gold_v2/qwen35_lezgi_grammar_cyrillic_chain_gloss_cheatsheet_jpg.json	configs/matched_gold_v2/qwen35_lezgi_grammar_original_chain_gloss_baseline.json	B_context_036	chrF++	84	82	22.815257772090636	26.25970012973704	-3.4444423576464054	-5.177893277917719	-1.7446167866773812	0.00014999850001499985	pointwise95_percentile	source_cluster	0	0	0.03944960550394496	264
B	B_context	qwen35	Lezgi	valid84	configs/matched_gold_v2/qwen35_lezgi_grammar_cyrillic_chain_gloss_cheatsheet_jpg.json	configs/matched_gold_v2/qwen35_lezgi_grammar_original_chain_gloss_baseline.json	B_context_036	BLEU	84	82	5.536302747148965	6.366870529945038	-0.8305677827960727	-3.1646394982137083	1.5382663333415023	0.47865521344786555	pointwise95_percentile	source_cluster	0	0	1.0	264
B	B_format	qwen35	Lezgi	valid84	configs/matched_gold_v2/qwen35_lezgi_grammar_cyrillic_chain_gloss_cheatsheet_jpg.json	configs/matched_gold_v2/qwen35_lezgi_grammar_cyrillic_chain_gloss_cheatsheet_txt.json	B_format_037	chrF++	84	82	22.815257772090636	24.52245137772978	-1.7071936056391444	-3.464669422029299	0.03652498115549589	0.05556944430555694	pointwise95_percentile	source_cluster	0	0	1.0	96
B	B_format	qwen35	Lezgi	valid84	configs/matched_gold_v2/qwen35_lezgi_grammar_cyrillic_chain_gloss_cheatsheet_jpg.json	configs/matched_gold_v2/qwen35_lezgi_grammar_cyrillic_chain_gloss_cheatsheet_txt.json	B_format_037	BLEU	84	82	5.536302747148965	4.379070454910565	1.1572322922384002	-0.30811378778566473	2.715211411770026	0.13003869961300388	pointwise95_percentile	source_cluster	0	0	1.0	96
B	B_context	qwen35	Lezgi	sensitivity83	configs/matched_gold_v2/qwen35_lezgi_grammar_cyrillic_chain_gloss_cheatsheet_jpg.json	configs/matched_gold_v2/qwen35_lezgi_grammar_original_chain_gloss_baseline.json	B_context_038	chrF++	83	81	22.419313425893677	25.82201949838571	-3.402706072492034	-5.137951525479539	-1.6937452509274633	5.999940000599994e-05	pointwise95_percentile	source_cluster	0	0	0.015839841601583984	264
B	B_context	qwen35	Lezgi	sensitivity83	configs/matched_gold_v2/qwen35_lezgi_grammar_cyrillic_chain_gloss_cheatsheet_jpg.json	configs/matched_gold_v2/qwen35_lezgi_grammar_original_chain_gloss_baseline.json	B_context_038	BLEU	83	81	5.098426781909937	5.801175275660577	-0.7027484937506401	-3.209934635757418	1.7631509183928464	0.5691743082569174	pointwise95_percentile	source_cluster	0	0	1.0	264
B	B_format	qwen35	Lezgi	sensitivity83	configs/matched_gold_v2/qwen35_lezgi_grammar_cyrillic_chain_gloss_cheatsheet_jpg.json	configs/matched_gold_v2/qwen35_lezgi_grammar_cyrillic_chain_gloss_cheatsheet_txt.json	B_format_039	chrF++	83	81	22.419313425893677	24.14623379674469	-1.726920370851012	-3.5047138793312507	0.01911317842264275	0.054609453905460945	pointwise95_percentile	source_cluster	0	0	1.0	96
B	B_format	qwen35	Lezgi	sensitivity83	configs/matched_gold_v2/qwen35_lezgi_grammar_cyrillic_chain_gloss_cheatsheet_jpg.json	configs/matched_gold_v2/qwen35_lezgi_grammar_cyrillic_chain_gloss_cheatsheet_txt.json	B_format_039	BLEU	83	81	5.098426781909937	3.9671921095589178	1.131234672351019	-0.48135205244266654	2.7527539052164034	0.16740832591674082	pointwise95_percentile	source_cluster	0	0	1.0	96
B	B_context	qwen35	Lezgi	valid84	configs/matched_gold_v2/qwen35_lezgi_grammar_cyrillic_chain_gloss_cheatsheet_txt.json	configs/matched_gold_v2/qwen35_lezgi_grammar_original_chain_gloss_baseline.json	B_context_040	chrF++	84	82	24.52245137772978	26.25970012973704	-1.737248752007261	-3.5236403693808223	-0.051546391800984706	0.04985950140498595	pointwise95_percentile	source_cluster	0	0	1.0	264
B	B_context	qwen35	Lezgi	valid84	configs/matched_gold_v2/qwen35_lezgi_grammar_cyrillic_chain_gloss_cheatsheet_txt.json	configs/matched_gold_v2/qwen35_lezgi_grammar_original_chain_gloss_baseline.json	B_context_040	BLEU	84	82	4.379070454910565	6.366870529945038	-1.9878000750344729	-4.076673201898594	-0.07436458630404162	0.05084949150508495	pointwise95_percentile	source_cluster	0	0	1.0	264
B	B_context	qwen35	Lezgi	sensitivity83	configs/matched_gold_v2/qwen35_lezgi_grammar_cyrillic_chain_gloss_cheatsheet_txt.json	configs/matched_gold_v2/qwen35_lezgi_grammar_original_chain_gloss_baseline.json	B_context_041	chrF++	83	81	24.14623379674469	25.82201949838571	-1.675785701641022	-3.474426179281492	0.03319010917817894	0.06119938800611994	pointwise95_percentile	source_cluster	0	0	1.0	264
B	B_context	qwen35	Lezgi	sensitivity83	configs/matched_gold_v2/qwen35_lezgi_grammar_cyrillic_chain_gloss_cheatsheet_txt.json	configs/matched_gold_v2/qwen35_lezgi_grammar_original_chain_gloss_baseline.json	B_context_041	BLEU	83	81	3.9671921095589178	5.801175275660577	-1.833983166101659	-4.050277007475287	0.19512456351871152	0.08771912280877191	pointwise95_percentile	source_cluster	0	0	1.0	264
B	B_context	qwen35	Lezgi	valid84	configs/matched_gold_v2/qwen35_lezgi_grammar_cyrillic_chain_gloss_summary_tables_jpg.json	configs/matched_gold_v2/qwen35_lezgi_grammar_original_chain_gloss_baseline.json	B_context_042	chrF++	84	82	25.126488938467006	26.25970012973704	-1.1332111912700356	-2.651660889322795	0.33077808612186516	0.13532864671353287	pointwise95_percentile	source_cluster	0	0	1.0	264
B	B_context	qwen35	Lezgi	valid84	configs/matched_gold_v2/qwen35_lezgi_grammar_cyrillic_chain_gloss_summary_tables_jpg.json	configs/matched_gold_v2/qwen35_lezgi_grammar_original_chain_gloss_baseline.json	B_context_042	BLEU	84	82	7.362605567682943	6.366870529945038	0.9957350377379051	-0.8221797335238247	2.6381161311745167	0.24857751422485774	pointwise95_percentile	source_cluster	0	0	1.0	264
B	B_format	qwen35	Lezgi	valid84	configs/matched_gold_v2/qwen35_lezgi_grammar_cyrillic_chain_gloss_summary_tables_jpg.json	configs/matched_gold_v2/qwen35_lezgi_grammar_cyrillic_chain_gloss_summary_tables_txt.json	B_format_043	chrF++	84	82	25.126488938467006	24.318106366901322	0.8083825715656836	-0.7818653128283382	2.590835261958237	0.34643653563464366	pointwise95_percentile	source_cluster	0	0	1.0	96
B	B_format	qwen35	Lezgi	valid84	configs/matched_gold_v2/qwen35_lezgi_grammar_cyrillic_chain_gloss_summary_tables_jpg.json	configs/matched_gold_v2/qwen35_lezgi_grammar_cyrillic_chain_gloss_summary_tables_txt.json	B_format_043	BLEU	84	82	7.362605567682943	4.586084340034273	2.7765212276486695	1.5846988372901896	4.105202902188597	4.999950000499995e-05	pointwise95_percentile	source_cluster	0	0	0.004799952000479995	96
B	B_context	qwen35	Lezgi	sensitivity83	configs/matched_gold_v2/qwen35_lezgi_grammar_cyrillic_chain_gloss_summary_tables_jpg.json	configs/matched_gold_v2/qwen35_lezgi_grammar_original_chain_gloss_baseline.json	B_context_044	chrF++	83	81	24.68640753858202	25.82201949838571	-1.1356119598036898	-2.6684354687842915	0.3527044184636276	0.13793862061379386	pointwise95_percentile	source_cluster	0	0	1.0	264
B	B_context	qwen35	Lezgi	sensitivity83	configs/matched_gold_v2/qwen35_lezgi_grammar_cyrillic_chain_gloss_summary_tables_jpg.json	configs/matched_gold_v2/qwen35_lezgi_grammar_original_chain_gloss_baseline.json	B_context_044	BLEU	83	81	6.7702649069433765	5.801175275660577	0.9690896312827997	-0.9719259193408878	2.7319300062888257	0.2900470995290047	pointwise95_percentile	source_cluster	0	0	1.0	264
B	B_format	qwen35	Lezgi	sensitivity83	configs/matched_gold_v2/qwen35_lezgi_grammar_cyrillic_chain_gloss_summary_tables_jpg.json	configs/matched_gold_v2/qwen35_lezgi_grammar_cyrillic_chain_gloss_summary_tables_txt.json	B_format_045	chrF++	83	81	24.68640753858202	23.937104004390125	0.7493035341918954	-0.843633517128485	2.5435419294422825	0.3853761462385376	pointwise95_percentile	source_cluster	0	0	1.0	96
B	B_format	qwen35	Lezgi	sensitivity83	configs/matched_gold_v2/qwen35_lezgi_grammar_cyrillic_chain_gloss_summary_tables_jpg.json	configs/matched_gold_v2/qwen35_lezgi_grammar_cyrillic_chain_gloss_summary_tables_txt.json	B_format_045	BLEU	83	81	6.7702649069433765	4.149200704962067	2.6210642019813095	1.4219335255242416	3.976722970510113	0.00010999890001099989	pointwise95_percentile	source_cluster	0	0	0.01044989550104499	96
B	B_context	qwen35	Lezgi	valid84	configs/matched_gold_v2/qwen35_lezgi_grammar_cyrillic_chain_gloss_summary_tables_txt.json	configs/matched_gold_v2/qwen35_lezgi_grammar_original_chain_gloss_baseline.json	B_context_046	chrF++	84	82	24.318106366901322	26.25970012973704	-1.9415937628357192	-3.8734636652147234	-0.19828218793447983	0.038369616303836965	pointwise95_percentile	source_cluster	0	0	1.0	264
B	B_context	qwen35	Lezgi	valid84	configs/matched_gold_v2/qwen35_lezgi_grammar_cyrillic_chain_gloss_summary_tables_txt.json	configs/matched_gold_v2/qwen35_lezgi_grammar_original_chain_gloss_baseline.json	B_context_046	BLEU	84	82	4.586084340034273	6.366870529945038	-1.7807861899107644	-3.540834351275129	-0.1634397646994169	0.03928960710392896	pointwise95_percentile	source_cluster	0	0	1.0	264
B	B_context	qwen35	Lezgi	sensitivity83	configs/matched_gold_v2/qwen35_lezgi_grammar_cyrillic_chain_gloss_summary_tables_txt.json	configs/matched_gold_v2/qwen35_lezgi_grammar_original_chain_gloss_baseline.json	B_context_047	chrF++	83	81	23.937104004390125	25.82201949838571	-1.8849154939955852	-3.817654992061386	-0.12331097226064754	0.04593954060459395	pointwise95_percentile	source_cluster	0	0	1.0	264
B	B_context	qwen35	Lezgi	sensitivity83	configs/matched_gold_v2/qwen35_lezgi_grammar_cyrillic_chain_gloss_summary_tables_txt.json	configs/matched_gold_v2/qwen35_lezgi_grammar_original_chain_gloss_baseline.json	B_context_047	BLEU	83	81	4.149200704962067	5.801175275660577	-1.6519745706985098	-3.5263607785291526	0.04734655165132338	0.06905930940690592	pointwise95_percentile	source_cluster	0	0	1.0	264
B	B_context	qwen35	Lezgi	valid84	configs/matched_gold_v2/qwen35_lezgi_grammar_cyrillic_chain_gloss_summary_text_txt.json	configs/matched_gold_v2/qwen35_lezgi_grammar_original_chain_gloss_baseline.json	B_context_048	chrF++	84	82	24.006032668372416	26.25970012973704	-2.253667461364625	-4.07747408662863	-0.49377912951978775	0.013649863501364986	pointwise95_percentile	source_cluster	0	0	1.0	264
B	B_context	qwen35	Lezgi	valid84	configs/matched_gold_v2/qwen35_lezgi_grammar_cyrillic_chain_gloss_summary_text_txt.json	configs/matched_gold_v2/qwen35_lezgi_grammar_original_chain_gloss_baseline.json	B_context_048	BLEU	84	82	5.497293629399627	6.366870529945038	-0.869576900545411	-2.499416087691598	0.6104315882049653	0.26310736892631076	pointwise95_percentile	source_cluster	0	0	1.0	264
B	B_context	qwen35	Lezgi	sensitivity83	configs/matched_gold_v2/qwen35_lezgi_grammar_cyrillic_chain_gloss_summary_text_txt.json	configs/matched_gold_v2/qwen35_lezgi_grammar_original_chain_gloss_baseline.json	B_context_049	chrF++	83	81	23.673887217119386	25.82201949838571	-2.1481322812663244	-3.972140832804831	-0.39886246238973005	0.01877981220187798	pointwise95_percentile	source_cluster	0	0	1.0	264
B	B_context	qwen35	Lezgi	sensitivity83	configs/matched_gold_v2/qwen35_lezgi_grammar_cyrillic_chain_gloss_summary_text_txt.json	configs/matched_gold_v2/qwen35_lezgi_grammar_original_chain_gloss_baseline.json	B_context_049	BLEU	83	81	5.162309967530184	5.801175275660577	-0.6388653081303932	-2.3193745289891807	0.8478587783109064	0.4170258297417026	pointwise95_percentile	source_cluster	0	0	1.0	264
B	B_context	qwen35	Lezgi	valid84	configs/matched_gold_v2/qwen35_lezgi_grammar_cyrillic_modelgloss_cheatsheet_jpg.json	configs/matched_gold_v2/qwen35_lezgi_grammar_original_modelgloss_baseline.json	B_context_050	chrF++	84	82	37.17565676520046	39.80286964093863	-2.6272128757381736	-5.043601493359951	-0.08250035965794035	0.03834961650383496	pointwise95_percentile	source_cluster	0	0	1.0	264
B	B_context	qwen35	Lezgi	valid84	configs/matched_gold_v2/qwen35_lezgi_grammar_cyrillic_modelgloss_cheatsheet_jpg.json	configs/matched_gold_v2/qwen35_lezgi_grammar_original_modelgloss_baseline.json	B_context_050	BLEU	84	82	12.61339515838599	13.857302874611523	-1.243907716225534	-3.68527322958579	1.2220040388017566	0.3138368616313837	pointwise95_percentile	source_cluster	0	0	1.0	264
B	B_format	qwen35	Lezgi	valid84	configs/matched_gold_v2/qwen35_lezgi_grammar_cyrillic_modelgloss_cheatsheet_jpg.json	configs/matched_gold_v2/qwen35_lezgi_grammar_cyrillic_modelgloss_cheatsheet_txt.json	B_format_051	chrF++	84	82	37.17565676520046	38.44609138854906	-1.2704346233485992	-3.397698617604908	0.8437654154122448	0.23731762682373175	pointwise95_percentile	source_cluster	0	0	1.0	96
B	B_format	qwen35	Lezgi	valid84	configs/matched_gold_v2/qwen35_lezgi_grammar_cyrillic_modelgloss_cheatsheet_jpg.json	configs/matched_gold_v2/qwen35_lezgi_grammar_cyrillic_modelgloss_cheatsheet_txt.json	B_format_051	BLEU	84	82	12.61339515838599	11.16568181703648	1.447713341349509	-0.32058053438616907	3.3477673450059955	0.12024879751202489	pointwise95_percentile	source_cluster	0	0	1.0	96
B	B_context	qwen35	Lezgi	sensitivity83	configs/matched_gold_v2/qwen35_lezgi_grammar_cyrillic_modelgloss_cheatsheet_jpg.json	configs/matched_gold_v2/qwen35_lezgi_grammar_original_modelgloss_baseline.json	B_context_052	chrF++	83	81	36.871405988883104	39.518460005425446	-2.6470540165423415	-5.092523666041042	-0.10115588312986316	0.03796962030379696	pointwise95_percentile	source_cluster	0	0	1.0	264
B	B_context	qwen35	Lezgi	sensitivity83	configs/matched_gold_v2/qwen35_lezgi_grammar_cyrillic_modelgloss_cheatsheet_jpg.json	configs/matched_gold_v2/qwen35_lezgi_grammar_original_modelgloss_baseline.json	B_context_052	BLEU	83	81	12.299551680827484	13.566078824783432	-1.2665271439559476	-3.7485017152391427	1.2231145915902204	0.3128568714312857	pointwise95_percentile	source_cluster	0	0	1.0	264
B	B_format	qwen35	Lezgi	sensitivity83	configs/matched_gold_v2/qwen35_lezgi_grammar_cyrillic_modelgloss_cheatsheet_jpg.json	configs/matched_gold_v2/qwen35_lezgi_grammar_cyrillic_modelgloss_cheatsheet_txt.json	B_format_053	chrF++	83	81	36.871405988883104	38.15845096528566	-1.287044976402555	-3.4383273493801108	0.8152999483463678	0.23439765602343976	pointwise95_percentile	source_cluster	0	0	1.0	96
B	B_format	qwen35	Lezgi	sensitivity83	configs/matched_gold_v2/qwen35_lezgi_grammar_cyrillic_modelgloss_cheatsheet_jpg.json	configs/matched_gold_v2/qwen35_lezgi_grammar_cyrillic_modelgloss_cheatsheet_txt.json	B_format_053	BLEU	83	81	12.299551680827484	10.861753176289508	1.4377985045379766	-0.3722564404034466	3.3954133991393496	0.13234867651323487	pointwise95_percentile	source_cluster	0	0	1.0	96
B	B_context	qwen35	Lezgi	valid84	configs/matched_gold_v2/qwen35_lezgi_grammar_cyrillic_modelgloss_cheatsheet_txt.json	configs/matched_gold_v2/qwen35_lezgi_grammar_original_modelgloss_baseline.json	B_context_054	chrF++	84	82	38.44609138854906	39.80286964093863	-1.3567782523895744	-3.7147416614352333	0.8778365040879058	0.24704752952470474	pointwise95_percentile	source_cluster	0	0	1.0	264
B	B_context	qwen35	Lezgi	valid84	configs/matched_gold_v2/qwen35_lezgi_grammar_cyrillic_modelgloss_cheatsheet_txt.json	configs/matched_gold_v2/qwen35_lezgi_grammar_original_modelgloss_baseline.json	B_context_054	BLEU	84	82	11.16568181703648	13.857302874611523	-2.691621057575043	-5.391066909840951	-0.20385351667859267	0.04153958460415396	pointwise95_percentile	source_cluster	0	0	1.0	264
B	B_context	qwen35	Lezgi	sensitivity83	configs/matched_gold_v2/qwen35_lezgi_grammar_cyrillic_modelgloss_cheatsheet_txt.json	configs/matched_gold_v2/qwen35_lezgi_grammar_original_modelgloss_baseline.json	B_context_055	chrF++	83	81	38.15845096528566	39.518460005425446	-1.3600090401397864	-3.7259283655479525	0.8831391717425575	0.24823751762482374	pointwise95_percentile	source_cluster	0	0	1.0	264
B	B_context	qwen35	Lezgi	sensitivity83	configs/matched_gold_v2/qwen35_lezgi_grammar_cyrillic_modelgloss_cheatsheet_txt.json	configs/matched_gold_v2/qwen35_lezgi_grammar_original_modelgloss_baseline.json	B_context_055	BLEU	83	81	10.861753176289508	13.566078824783432	-2.704325648493924	-5.445786977283591	-0.1900852922671627	0.04309956900430996	pointwise95_percentile	source_cluster	0	0	1.0	264
B	B_context	qwen35	Lezgi	valid84	configs/matched_gold_v2/qwen35_lezgi_grammar_cyrillic_modelgloss_summary_tables_jpg.json	configs/matched_gold_v2/qwen35_lezgi_grammar_original_modelgloss_baseline.json	B_context_056	chrF++	84	82	37.27872894792803	39.80286964093863	-2.524140693010601	-4.464626038828237	-0.6999324413154387	0.00855991440085599	pointwise95_percentile	source_cluster	0	0	1.0	264
B	B_context	qwen35	Lezgi	valid84	configs/matched_gold_v2/qwen35_lezgi_grammar_cyrillic_modelgloss_summary_tables_jpg.json	configs/matched_gold_v2/qwen35_lezgi_grammar_original_modelgloss_baseline.json	B_context_056	BLEU	84	82	13.149137154543586	13.857302874611523	-0.708165720067937	-2.822432373014571	1.0850532960689159	0.46954530454695453	pointwise95_percentile	source_cluster	0	0	1.0	264
B	B_format	qwen35	Lezgi	valid84	configs/matched_gold_v2/qwen35_lezgi_grammar_cyrillic_modelgloss_summary_tables_jpg.json	configs/matched_gold_v2/qwen35_lezgi_grammar_cyrillic_modelgloss_summary_tables_txt.json	B_format_057	chrF++	84	82	37.27872894792803	39.48689552469152	-2.208166576763489	-3.986791745004645	-0.5124373788450489	0.012519874801251987	pointwise95_percentile	source_cluster	0	0	1.0	96
B	B_format	qwen35	Lezgi	valid84	configs/matched_gold_v2/qwen35_lezgi_grammar_cyrillic_modelgloss_summary_tables_jpg.json	configs/matched_gold_v2/qwen35_lezgi_grammar_cyrillic_modelgloss_summary_tables_txt.json	B_format_057	BLEU	84	82	13.149137154543586	12.193750262462993	0.9553868920805932	-0.6288081795253694	2.6595779668639192	0.24690753092469075	pointwise95_percentile	source_cluster	0	0	1.0	96
B	B_context	qwen35	Lezgi	sensitivity83	configs/matched_gold_v2/qwen35_lezgi_grammar_cyrillic_modelgloss_summary_tables_jpg.json	configs/matched_gold_v2/qwen35_lezgi_grammar_original_modelgloss_baseline.json	B_context_058	chrF++	83	81	36.97540587736523	39.518460005425446	-2.543054128060213	-4.494413939196857	-0.7037305437747203	0.00840991590084099	pointwise95_percentile	source_cluster	0	0	1.0	264
B	B_context	qwen35	Lezgi	sensitivity83	configs/matched_gold_v2/qwen35_lezgi_grammar_cyrillic_modelgloss_summary_tables_jpg.json	configs/matched_gold_v2/qwen35_lezgi_grammar_original_modelgloss_baseline.json	B_context_058	BLEU	83	81	12.845818389613685	13.566078824783432	-0.720260435169747	-2.8519930776927103	1.0856013444097425	0.4664353356466435	pointwise95_percentile	source_cluster	0	0	1.0	264
B	B_format	qwen35	Lezgi	sensitivity83	configs/matched_gold_v2/qwen35_lezgi_grammar_cyrillic_modelgloss_summary_tables_jpg.json	configs/matched_gold_v2/qwen35_lezgi_grammar_cyrillic_modelgloss_summary_tables_txt.json	B_format_059	chrF++	83	81	36.97540587736523	39.20448311059344	-2.2290772332282103	-4.013664550125343	-0.5316882825482337	0.012179878201217988	pointwise95_percentile	source_cluster	0	0	1.0	96
B	B_format	qwen35	Lezgi	sensitivity83	configs/matched_gold_v2/qwen35_lezgi_grammar_cyrillic_modelgloss_summary_tables_jpg.json	configs/matched_gold_v2/qwen35_lezgi_grammar_cyrillic_modelgloss_summary_tables_txt.json	B_format_059	BLEU	83	81	12.845818389613685	11.896203460628518	0.9496149289851665	-0.6531371007654261	2.6787233014651752	0.25834741652583476	pointwise95_percentile	source_cluster	0	0	1.0	96
B	B_context	qwen35	Lezgi	valid84	configs/matched_gold_v2/qwen35_lezgi_grammar_cyrillic_modelgloss_summary_tables_txt.json	configs/matched_gold_v2/qwen35_lezgi_grammar_original_modelgloss_baseline.json	B_context_060	chrF++	84	82	39.48689552469152	39.80286964093863	-0.31597411624711214	-2.131109585064735	1.346219217746052	0.7210527894721053	pointwise95_percentile	source_cluster	0	0	1.0	264
B	B_context	qwen35	Lezgi	valid84	configs/matched_gold_v2/qwen35_lezgi_grammar_cyrillic_modelgloss_summary_tables_txt.json	configs/matched_gold_v2/qwen35_lezgi_grammar_original_modelgloss_baseline.json	B_context_060	BLEU	84	82	12.193750262462993	13.857302874611523	-1.6635526121485302	-3.9154967945840498	0.07902306899826969	0.0976390236097639	pointwise95_percentile	source_cluster	0	0	1.0	264
B	B_context	qwen35	Lezgi	sensitivity83	configs/matched_gold_v2/qwen35_lezgi_grammar_cyrillic_modelgloss_summary_tables_txt.json	configs/matched_gold_v2/qwen35_lezgi_grammar_original_modelgloss_baseline.json	B_context_061	chrF++	83	81	39.20448311059344	39.518460005425446	-0.31397689483200253	-2.120042838509787	1.3690984595477431	0.7222427775722243	pointwise95_percentile	source_cluster	0	0	1.0	264
B	B_context	qwen35	Lezgi	sensitivity83	configs/matched_gold_v2/qwen35_lezgi_grammar_cyrillic_modelgloss_summary_tables_txt.json	configs/matched_gold_v2/qwen35_lezgi_grammar_original_modelgloss_baseline.json	B_context_061	BLEU	83	81	11.896203460628518	13.566078824783432	-1.6698753641549136	-3.945300022178281	0.10142889024791535	0.1024289757102429	pointwise95_percentile	source_cluster	0	0	1.0	264
B	B_context	qwen35	Lezgi	valid84	configs/matched_gold_v2/qwen35_lezgi_grammar_cyrillic_modelgloss_summary_text_txt.json	configs/matched_gold_v2/qwen35_lezgi_grammar_original_modelgloss_baseline.json	B_context_062	chrF++	84	82	38.99024030422646	39.80286964093863	-0.8126293367121704	-3.100870553553897	1.5276929310789886	0.4915150848491515	pointwise95_percentile	source_cluster	0	0	1.0	264
B	B_context	qwen35	Lezgi	valid84	configs/matched_gold_v2/qwen35_lezgi_grammar_cyrillic_modelgloss_summary_text_txt.json	configs/matched_gold_v2/qwen35_lezgi_grammar_original_modelgloss_baseline.json	B_context_062	BLEU	84	82	11.857090326170992	13.857302874611523	-2.0002125484405315	-4.49682272918665	0.47074225172317435	0.11640883591164089	pointwise95_percentile	source_cluster	0	0	1.0	264
B	B_context	qwen35	Lezgi	sensitivity83	configs/matched_gold_v2/qwen35_lezgi_grammar_cyrillic_modelgloss_summary_text_txt.json	configs/matched_gold_v2/qwen35_lezgi_grammar_original_modelgloss_baseline.json	B_context_063	chrF++	83	81	38.704968771247536	39.518460005425446	-0.8134912341779099	-3.137848019287689	1.543124378471715	0.4942650573494265	pointwise95_percentile	source_cluster	0	0	1.0	264
B	B_context	qwen35	Lezgi	sensitivity83	configs/matched_gold_v2/qwen35_lezgi_grammar_cyrillic_modelgloss_summary_text_txt.json	configs/matched_gold_v2/qwen35_lezgi_grammar_original_modelgloss_baseline.json	B_context_063	BLEU	83	81	11.559407118809414	13.566078824783432	-2.006671705974018	-4.547001923280353	0.5092440063974732	0.12052879471205288	pointwise95_percentile	source_cluster	0	0	1.0	264
B	B_context	qwen35	Lezgi	valid84	configs/matched_gold_v2/qwen35_lezgi_grammar_cyrillic_shot_cheatsheet_jpg.json	configs/matched_gold_v2/qwen35_lezgi_grammar_original_shot_baseline.json	B_context_064	chrF++	84	82	25.002390029989435	25.37797628627955	-0.37558625629011644	-1.990402612882625	1.3142788491539603	0.6536034639653604	pointwise95_percentile	source_cluster	0	0	1.0	264
B	B_context	qwen35	Lezgi	valid84	configs/matched_gold_v2/qwen35_lezgi_grammar_cyrillic_shot_cheatsheet_jpg.json	configs/matched_gold_v2/qwen35_lezgi_grammar_original_shot_baseline.json	B_context_064	BLEU	84	82	6.748552204541549	6.722751532665982	0.025800671875567005	-1.5653888294770997	1.6035121275797375	0.975850241497585	pointwise95_percentile	source_cluster	0	0	1.0	264
B	B_format	qwen35	Lezgi	valid84	configs/matched_gold_v2/qwen35_lezgi_grammar_cyrillic_shot_cheatsheet_jpg.json	configs/matched_gold_v2/qwen35_lezgi_grammar_cyrillic_shot_cheatsheet_txt.json	B_format_065	chrF++	84	82	25.002390029989435	25.726243439867048	-0.7238534098776128	-2.5772290047627093	1.1122861658895689	0.43759562404375957	pointwise95_percentile	source_cluster	0	0	1.0	96
B	B_format	qwen35	Lezgi	valid84	configs/matched_gold_v2/qwen35_lezgi_grammar_cyrillic_shot_cheatsheet_jpg.json	configs/matched_gold_v2/qwen35_lezgi_grammar_cyrillic_shot_cheatsheet_txt.json	B_format_065	BLEU	84	82	6.748552204541549	6.241376519311926	0.5071756852296234	-1.5294794861395187	2.703406336531873	0.6335536644633554	pointwise95_percentile	source_cluster	0	0	1.0	96
B	B_context	qwen35	Lezgi	sensitivity83	configs/matched_gold_v2/qwen35_lezgi_grammar_cyrillic_shot_cheatsheet_jpg.json	configs/matched_gold_v2/qwen35_lezgi_grammar_original_shot_baseline.json	B_context_066	chrF++	83	81	24.611795187409	24.99822486413085	-0.3864296767218498	-2.0032918210748876	1.302384901393335	0.6443835561644383	pointwise95_percentile	source_cluster	0	0	1.0	264
B	B_context	qwen35	Lezgi	sensitivity83	configs/matched_gold_v2/qwen35_lezgi_grammar_cyrillic_shot_cheatsheet_jpg.json	configs/matched_gold_v2/qwen35_lezgi_grammar_original_shot_baseline.json	B_context_066	BLEU	83	81	6.318911538439862	6.351139253441979	-0.03222771500211685	-1.6535241706640529	1.58531473031854	0.968610313896861	pointwise95_percentile	source_cluster	0	0	1.0	264
B	B_format	qwen35	Lezgi	sensitivity83	configs/matched_gold_v2/qwen35_lezgi_grammar_cyrillic_shot_cheatsheet_jpg.json	configs/matched_gold_v2/qwen35_lezgi_grammar_cyrillic_shot_cheatsheet_txt.json	B_format_067	chrF++	83	81	24.611795187409	25.34864605237456	-0.7368508649655574	-2.5828734998048	1.1200451514029939	0.43192568074319254	pointwise95_percentile	source_cluster	0	0	1.0	96
B	B_format	qwen35	Lezgi	sensitivity83	configs/matched_gold_v2/qwen35_lezgi_grammar_cyrillic_shot_cheatsheet_jpg.json	configs/matched_gold_v2/qwen35_lezgi_grammar_cyrillic_shot_cheatsheet_txt.json	B_format_067	BLEU	83	81	6.318911538439862	5.847031072348626	0.47188046609123635	-1.6268150465714157	2.7960818224252355	0.6715632843671563	pointwise95_percentile	source_cluster	0	0	1.0	96
B	B_context	qwen35	Lezgi	valid84	configs/matched_gold_v2/qwen35_lezgi_grammar_cyrillic_shot_cheatsheet_txt.json	configs/matched_gold_v2/qwen35_lezgi_grammar_original_shot_baseline.json	B_context_068	chrF++	84	82	25.726243439867048	25.37797628627955	0.3482671535874964	-1.7444190967488322	2.459961043750453	0.7440925590744093	pointwise95_percentile	source_cluster	0	0	1.0	264
B	B_context	qwen35	Lezgi	valid84	configs/matched_gold_v2/qwen35_lezgi_grammar_cyrillic_shot_cheatsheet_txt.json	configs/matched_gold_v2/qwen35_lezgi_grammar_original_shot_baseline.json	B_context_068	BLEU	84	82	6.241376519311926	6.722751532665982	-0.4813750133540564	-2.2477689463761954	1.2865742638363922	0.5754442455575445	pointwise95_percentile	source_cluster	0	0	1.0	264
B	B_context	qwen35	Lezgi	sensitivity83	configs/matched_gold_v2/qwen35_lezgi_grammar_cyrillic_shot_cheatsheet_txt.json	configs/matched_gold_v2/qwen35_lezgi_grammar_original_shot_baseline.json	B_context_069	chrF++	83	81	25.34864605237456	24.99822486413085	0.3504211882437076	-1.7538175779263017	2.4862744061607014	0.7451225487745122	pointwise95_percentile	source_cluster	0	0	1.0	264
B	B_context	qwen35	Lezgi	sensitivity83	configs/matched_gold_v2/qwen35_lezgi_grammar_cyrillic_shot_cheatsheet_txt.json	configs/matched_gold_v2/qwen35_lezgi_grammar_original_shot_baseline.json	B_context_069	BLEU	83	81	5.847031072348626	6.351139253441979	-0.5041081810933532	-2.3702593852763094	1.30862463070154	0.5762142378576214	pointwise95_percentile	source_cluster	0	0	1.0	264
B	B_context	qwen35	Lezgi	valid84	configs/matched_gold_v2/qwen35_lezgi_grammar_cyrillic_shot_summary_tables_jpg.json	configs/matched_gold_v2/qwen35_lezgi_grammar_original_shot_baseline.json	B_context_070	chrF++	84	82	24.055538260133254	25.37797628627955	-1.3224380261462976	-3.0088573011332747	0.26828093851898954	0.11431885681143189	pointwise95_percentile	source_cluster	0	0	1.0	264
B	B_context	qwen35	Lezgi	valid84	configs/matched_gold_v2/qwen35_lezgi_grammar_cyrillic_shot_summary_tables_jpg.json	configs/matched_gold_v2/qwen35_lezgi_grammar_original_shot_baseline.json	B_context_070	BLEU	84	82	6.296483171092449	6.722751532665982	-0.4262683615735332	-1.8500836184926934	0.9057230971795913	0.5468745312546874	pointwise95_percentile	source_cluster	0	0	1.0	264
B	B_format	qwen35	Lezgi	valid84	configs/matched_gold_v2/qwen35_lezgi_grammar_cyrillic_shot_summary_tables_jpg.json	configs/matched_gold_v2/qwen35_lezgi_grammar_cyrillic_shot_summary_tables_txt.json	B_format_071	chrF++	84	82	24.055538260133254	25.933219122079915	-1.8776808619466614	-3.639147161174692	-0.11803564934044465	0.03655963440365596	pointwise95_percentile	source_cluster	0	0	1.0	96
B	B_format	qwen35	Lezgi	valid84	configs/matched_gold_v2/qwen35_lezgi_grammar_cyrillic_shot_summary_tables_jpg.json	configs/matched_gold_v2/qwen35_lezgi_grammar_cyrillic_shot_summary_tables_txt.json	B_format_071	BLEU	84	82	6.296483171092449	6.601344244420226	-0.30486107332777745	-2.1509573721976385	1.4913580028487095	0.7426525734742653	pointwise95_percentile	source_cluster	0	0	1.0	96
B	B_context	qwen35	Lezgi	sensitivity83	configs/matched_gold_v2/qwen35_lezgi_grammar_cyrillic_shot_summary_tables_jpg.json	configs/matched_gold_v2/qwen35_lezgi_grammar_original_shot_baseline.json	B_context_072	chrF++	83	81	23.659093782211464	24.99822486413085	-1.339131081919387	-3.045996899482904	0.26774063335998166	0.11109888901110988	pointwise95_percentile	source_cluster	0	0	1.0	264
B	B_context	qwen35	Lezgi	sensitivity83	configs/matched_gold_v2/qwen35_lezgi_grammar_cyrillic_shot_summary_tables_jpg.json	configs/matched_gold_v2/qwen35_lezgi_grammar_original_shot_baseline.json	B_context_072	BLEU	83	81	5.8487236655923125	6.351139253441979	-0.5024155878496668	-1.9712612279951982	0.859229137351533	0.4873251267487325	pointwise95_percentile	source_cluster	0	0	1.0	264
B	B_format	qwen35	Lezgi	sensitivity83	configs/matched_gold_v2/qwen35_lezgi_grammar_cyrillic_shot_summary_tables_jpg.json	configs/matched_gold_v2/qwen35_lezgi_grammar_cyrillic_shot_summary_tables_txt.json	B_format_073	chrF++	83	81	23.659093782211464	25.56170977263405	-1.9026159904225857	-3.659808097667594	-0.13892621895688717	0.034399656003439964	pointwise95_percentile	source_cluster	0	0	1.0	96
B	B_format	qwen35	Lezgi	sensitivity83	configs/matched_gold_v2/qwen35_lezgi_grammar_cyrillic_shot_summary_tables_jpg.json	configs/matched_gold_v2/qwen35_lezgi_grammar_cyrillic_shot_summary_tables_txt.json	B_format_073	BLEU	83	81	5.8487236655923125	6.24038995277238	-0.39166628718006713	-2.277563370752082	1.4882910495537878	0.6835231647683523	pointwise95_percentile	source_cluster	0	0	1.0	96
B	B_context	qwen35	Lezgi	valid84	configs/matched_gold_v2/qwen35_lezgi_grammar_cyrillic_shot_summary_tables_txt.json	configs/matched_gold_v2/qwen35_lezgi_grammar_original_shot_baseline.json	B_context_074	chrF++	84	82	25.933219122079915	25.37797628627955	0.5552428358003638	-1.2450061877830703	2.363007849059879	0.5436945630543695	pointwise95_percentile	source_cluster	0	0	1.0	264
B	B_context	qwen35	Lezgi	valid84	configs/matched_gold_v2/qwen35_lezgi_grammar_cyrillic_shot_summary_tables_txt.json	configs/matched_gold_v2/qwen35_lezgi_grammar_original_shot_baseline.json	B_context_074	BLEU	84	82	6.601344244420226	6.722751532665982	-0.12140728824575575	-1.6261122397786003	1.4587168753057111	0.8719812801871981	pointwise95_percentile	source_cluster	0	0	1.0	264
B	B_context	qwen35	Lezgi	sensitivity83	configs/matched_gold_v2/qwen35_lezgi_grammar_cyrillic_shot_summary_tables_txt.json	configs/matched_gold_v2/qwen35_lezgi_grammar_original_shot_baseline.json	B_context_075	chrF++	83	81	25.56170977263405	24.99822486413085	0.5634849085031988	-1.251188945071551	2.3763760092275708	0.5368146318536815	pointwise95_percentile	source_cluster	0	0	1.0	264
B	B_context	qwen35	Lezgi	sensitivity83	configs/matched_gold_v2/qwen35_lezgi_grammar_cyrillic_shot_summary_tables_txt.json	configs/matched_gold_v2/qwen35_lezgi_grammar_original_shot_baseline.json	B_context_075	BLEU	83	81	6.24038995277238	6.351139253441979	-0.11074930066959965	-1.6879643705039566	1.4969045521096749	0.8873111268887311	pointwise95_percentile	source_cluster	0	0	1.0	264
B	B_context	qwen35	Lezgi	valid84	configs/matched_gold_v2/qwen35_lezgi_grammar_cyrillic_shot_summary_text_txt.json	configs/matched_gold_v2/qwen35_lezgi_grammar_original_shot_baseline.json	B_context_076	chrF++	84	82	24.61819546135989	25.37797628627955	-0.7597808249196625	-2.3182486166527236	0.746096965531154	0.32838671613283865	pointwise95_percentile	source_cluster	0	0	1.0	264
B	B_context	qwen35	Lezgi	valid84	configs/matched_gold_v2/qwen35_lezgi_grammar_cyrillic_shot_summary_text_txt.json	configs/matched_gold_v2/qwen35_lezgi_grammar_original_shot_baseline.json	B_context_076	BLEU	84	82	5.783525206828176	6.722751532665982	-0.9392263258378062	-1.9126818408322361	-0.1335032752816664	0.03792962070379296	pointwise95_percentile	source_cluster	0	0	1.0	264
B	B_context	qwen35	Lezgi	sensitivity83	configs/matched_gold_v2/qwen35_lezgi_grammar_cyrillic_shot_summary_text_txt.json	configs/matched_gold_v2/qwen35_lezgi_grammar_original_shot_baseline.json	B_context_077	chrF++	83	81	24.239625536887573	24.99822486413085	-0.758599327243278	-2.3432352833277674	0.7727517839994474	0.3359266407335927	pointwise95_percentile	source_cluster	0	0	1.0	264
B	B_context	qwen35	Lezgi	sensitivity83	configs/matched_gold_v2/qwen35_lezgi_grammar_cyrillic_shot_summary_text_txt.json	configs/matched_gold_v2/qwen35_lezgi_grammar_original_shot_baseline.json	B_context_077	BLEU	83	81	5.412850113984591	6.351139253441979	-0.938289139457388	-1.9515331198102157	-0.11897464847235613	0.04375956240437596	pointwise95_percentile	source_cluster	0	0	1.0	264
B	B_context	qwen35	Lezgi	valid84	configs/matched_gold_v2/qwen35_lezgi_grammar_original_chain_gloss_cheatsheet_jpg.json	configs/matched_gold_v2/qwen35_lezgi_grammar_original_chain_gloss_baseline.json	B_context_078	chrF++	84	82	24.930129021952776	26.25970012973704	-1.3295711077842647	-3.1580358392473893	0.4662298962102114	0.14978850211497885	pointwise95_percentile	source_cluster	0	0	1.0	264
B	B_context	qwen35	Lezgi	valid84	configs/matched_gold_v2/qwen35_lezgi_grammar_original_chain_gloss_cheatsheet_jpg.json	configs/matched_gold_v2/qwen35_lezgi_grammar_original_chain_gloss_baseline.json	B_context_078	BLEU	84	82	5.594989283551352	6.366870529945038	-0.7718812463936855	-2.7666970046353088	1.0002586048227387	0.4161358386416136	pointwise95_percentile	source_cluster	0	0	1.0	264
B	B_format	qwen35	Lezgi	valid84	configs/matched_gold_v2/qwen35_lezgi_grammar_original_chain_gloss_cheatsheet_jpg.json	configs/matched_gold_v2/qwen35_lezgi_grammar_original_chain_gloss_cheatsheet_txt.json	B_format_079	chrF++	84	82	24.930129021952776	24.399466358868498	0.5306626630842786	-1.4531833216716585	2.4829844114769823	0.5962540374596254	pointwise95_percentile	source_cluster	0	0	1.0	96
B	B_format	qwen35	Lezgi	valid84	configs/matched_gold_v2/qwen35_lezgi_grammar_original_chain_gloss_cheatsheet_jpg.json	configs/matched_gold_v2/qwen35_lezgi_grammar_original_chain_gloss_cheatsheet_txt.json	B_format_079	BLEU	84	82	5.594989283551352	4.381516584374466	1.2134726991768865	0.2757481508690497	2.256467849912214	0.017549824501754983	pointwise95_percentile	source_cluster	0	0	1.0	96
B	B_context	qwen35	Lezgi	sensitivity83	configs/matched_gold_v2/qwen35_lezgi_grammar_original_chain_gloss_cheatsheet_jpg.json	configs/matched_gold_v2/qwen35_lezgi_grammar_original_chain_gloss_baseline.json	B_context_080	chrF++	83	81	24.47785922163826	25.82201949838571	-1.344160276747452	-3.1762695139552317	0.45700155076024146	0.14776852231477686	pointwise95_percentile	source_cluster	0	0	1.0	264
B	B_context	qwen35	Lezgi	sensitivity83	configs/matched_gold_v2/qwen35_lezgi_grammar_original_chain_gloss_cheatsheet_jpg.json	configs/matched_gold_v2/qwen35_lezgi_grammar_original_chain_gloss_baseline.json	B_context_080	BLEU	83	81	4.930844492661877	5.801175275660577	-0.8703307829986997	-3.0266295778385706	1.0813347692201982	0.3983160168398316	pointwise95_percentile	source_cluster	0	0	1.0	264
B	B_format	qwen35	Lezgi	sensitivity83	configs/matched_gold_v2/qwen35_lezgi_grammar_original_chain_gloss_cheatsheet_jpg.json	configs/matched_gold_v2/qwen35_lezgi_grammar_original_chain_gloss_cheatsheet_txt.json	B_format_081	chrF++	83	81	24.47785922163826	24.021797626916005	0.4560615947222537	-1.5337814942020298	2.4015176692561386	0.6503734962650374	pointwise95_percentile	source_cluster	0	0	1.0	96
B	B_format	qwen35	Lezgi	sensitivity83	configs/matched_gold_v2/qwen35_lezgi_grammar_original_chain_gloss_cheatsheet_jpg.json	configs/matched_gold_v2/qwen35_lezgi_grammar_original_chain_gloss_cheatsheet_txt.json	B_format_081	BLEU	83	81	4.930844492661877	3.9614925628710442	0.9693519297908328	0.10949043466381427	1.9243898418604743	0.03681963180368196	pointwise95_percentile	source_cluster	0	0	1.0	96
B	B_context	qwen35	Lezgi	valid84	configs/matched_gold_v2/qwen35_lezgi_grammar_original_chain_gloss_cheatsheet_txt.json	configs/matched_gold_v2/qwen35_lezgi_grammar_original_chain_gloss_baseline.json	B_context_082	chrF++	84	82	24.399466358868498	26.25970012973704	-1.8602337708685432	-3.4303824664034854	-0.33580781204598636	0.018219817801821983	pointwise95_percentile	source_cluster	0	0	1.0	264
B	B_context	qwen35	Lezgi	valid84	configs/matched_gold_v2/qwen35_lezgi_grammar_original_chain_gloss_cheatsheet_txt.json	configs/matched_gold_v2/qwen35_lezgi_grammar_original_chain_gloss_baseline.json	B_context_082	BLEU	84	82	4.381516584374466	6.366870529945038	-1.985353945570572	-4.019930909505708	-0.16756474234988236	0.04329956700432996	pointwise95_percentile	source_cluster	0	0	1.0	264
B	B_context	qwen35	Lezgi	sensitivity83	configs/matched_gold_v2/qwen35_lezgi_grammar_original_chain_gloss_cheatsheet_txt.json	configs/matched_gold_v2/qwen35_lezgi_grammar_original_chain_gloss_baseline.json	B_context_083	chrF++	83	81	24.021797626916005	25.82201949838571	-1.8002218714697058	-3.372577240900463	-0.2646412013516489	0.023049769502304977	pointwise95_percentile	source_cluster	0	0	1.0	264
B	B_context	qwen35	Lezgi	sensitivity83	configs/matched_gold_v2/qwen35_lezgi_grammar_original_chain_gloss_cheatsheet_txt.json	configs/matched_gold_v2/qwen35_lezgi_grammar_original_chain_gloss_baseline.json	B_context_083	BLEU	83	81	3.9614925628710442	5.801175275660577	-1.8396827127895325	-4.015670983884529	0.08519133616869286	0.07684923150768493	pointwise95_percentile	source_cluster	0	0	1.0	264
B	B_context	qwen35	Lezgi	valid84	configs/matched_gold_v2/qwen35_lezgi_grammar_original_chain_gloss_pdfpages_impactful_jpg.json	configs/matched_gold_v2/qwen35_lezgi_grammar_original_chain_gloss_baseline.json	B_context_084	chrF++	84	82	23.17083396465344	26.25970012973704	-3.0888661650836013	-4.734120166115955	-1.485514487885786	0.00022999770002299976	pointwise95_percentile	source_cluster	0	0	0.060259397406025934	264
B	B_context	qwen35	Lezgi	valid84	configs/matched_gold_v2/qwen35_lezgi_grammar_original_chain_gloss_pdfpages_impactful_jpg.json	configs/matched_gold_v2/qwen35_lezgi_grammar_original_chain_gloss_baseline.json	B_context_084	BLEU	84	82	4.783479742038137	6.366870529945038	-1.5833907879069002	-3.405894907827966	-0.15834012202388686	0.05358946410535895	pointwise95_percentile	source_cluster	0	0	1.0	264
B	B_context	qwen35	Lezgi	sensitivity83	configs/matched_gold_v2/qwen35_lezgi_grammar_original_chain_gloss_pdfpages_impactful_jpg.json	configs/matched_gold_v2/qwen35_lezgi_grammar_original_chain_gloss_baseline.json	B_context_085	chrF++	83	81	22.71012656853615	25.82201949838571	-3.11189292984956	-4.78467057301742	-1.508290981158042	0.0002599974000259997	pointwise95_percentile	source_cluster	0	0	0.06785932140678592	264
B	B_context	qwen35	Lezgi	sensitivity83	configs/matched_gold_v2/qwen35_lezgi_grammar_original_chain_gloss_pdfpages_impactful_jpg.json	configs/matched_gold_v2/qwen35_lezgi_grammar_original_chain_gloss_baseline.json	B_context_085	BLEU	83	81	4.029559662035756	5.801175275660577	-1.771615613624821	-3.67417358217471	-0.19084514432691696	0.042299577004229955	pointwise95_percentile	source_cluster	0	0	1.0	264
B	B_context	qwen35	Lezgi	valid84	configs/matched_gold_v2/qwen35_lezgi_grammar_original_chain_gloss_summary_tables_jpg.json	configs/matched_gold_v2/qwen35_lezgi_grammar_original_chain_gloss_baseline.json	B_context_086	chrF++	84	82	24.234614548035886	26.25970012973704	-2.0250855817011555	-3.74145411973097	-0.37123066287596107	0.01826981730182698	pointwise95_percentile	source_cluster	0	0	1.0	264
B	B_context	qwen35	Lezgi	valid84	configs/matched_gold_v2/qwen35_lezgi_grammar_original_chain_gloss_summary_tables_jpg.json	configs/matched_gold_v2/qwen35_lezgi_grammar_original_chain_gloss_baseline.json	B_context_086	BLEU	84	82	5.700618457433606	6.366870529945038	-0.6662520725114316	-2.632723798269907	1.0005710843490634	0.47128528714712853	pointwise95_percentile	source_cluster	0	0	1.0	264
B	B_format	qwen35	Lezgi	valid84	configs/matched_gold_v2/qwen35_lezgi_grammar_original_chain_gloss_summary_tables_jpg.json	configs/matched_gold_v2/qwen35_lezgi_grammar_original_chain_gloss_summary_tables_txt.json	B_format_087	chrF++	84	82	24.234614548035886	24.23211927432199	0.0024952737138939085	-1.7681188124800276	1.7274829060562957	0.997640023599764	pointwise95_percentile	source_cluster	0	0	1.0	96
B	B_format	qwen35	Lezgi	valid84	configs/matched_gold_v2/qwen35_lezgi_grammar_original_chain_gloss_summary_tables_jpg.json	configs/matched_gold_v2/qwen35_lezgi_grammar_original_chain_gloss_summary_tables_txt.json	B_format_087	BLEU	84	82	5.700618457433606	5.18836448197253	0.5122539754610758	-0.9864899597607191	1.7229941520355796	0.45467545324546754	pointwise95_percentile	source_cluster	0	0	1.0	96
B	B_context	qwen35	Lezgi	sensitivity83	configs/matched_gold_v2/qwen35_lezgi_grammar_original_chain_gloss_summary_tables_jpg.json	configs/matched_gold_v2/qwen35_lezgi_grammar_original_chain_gloss_baseline.json	B_context_088	chrF++	83	81	23.864310285521213	25.82201949838571	-1.957709212864497	-3.6678151072607146	-0.3000681180702568	0.022969770302296976	pointwise95_percentile	source_cluster	0	0	1.0	264
B	B_context	qwen35	Lezgi	sensitivity83	configs/matched_gold_v2/qwen35_lezgi_grammar_original_chain_gloss_summary_tables_jpg.json	configs/matched_gold_v2/qwen35_lezgi_grammar_original_chain_gloss_baseline.json	B_context_088	BLEU	83	81	5.223771983811163	5.801175275660577	-0.5774032918494134	-2.7118676467727507	1.1954037540212303	0.5653443465565344	pointwise95_percentile	source_cluster	0	0	1.0	264
B	B_format	qwen35	Lezgi	sensitivity83	configs/matched_gold_v2/qwen35_lezgi_grammar_original_chain_gloss_summary_tables_jpg.json	configs/matched_gold_v2/qwen35_lezgi_grammar_original_chain_gloss_summary_tables_txt.json	B_format_089	chrF++	83	81	23.864310285521213	23.850071677993657	0.014238607527556013	-1.7597722375368547	1.7679664641193564	0.987090129098709	pointwise95_percentile	source_cluster	0	0	1.0	96
B	B_format	qwen35	Lezgi	sensitivity83	configs/matched_gold_v2/qwen35_lezgi_grammar_original_chain_gloss_summary_tables_jpg.json	configs/matched_gold_v2/qwen35_lezgi_grammar_original_chain_gloss_summary_tables_txt.json	B_format_089	BLEU	83	81	5.223771983811163	4.8079953997670835	0.4157765840440799	-1.1395528818917287	1.6823390934197608	0.5628343716562835	pointwise95_percentile	source_cluster	0	0	1.0	96
B	B_context	qwen35	Lezgi	valid84	configs/matched_gold_v2/qwen35_lezgi_grammar_original_chain_gloss_summary_tables_txt.json	configs/matched_gold_v2/qwen35_lezgi_grammar_original_chain_gloss_baseline.json	B_context_090	chrF++	84	82	24.23211927432199	26.25970012973704	-2.0275808554150494	-3.8415840724646757	-0.28608260590583423	0.024929750702492974	pointwise95_percentile	source_cluster	0	0	1.0	264
B	B_context	qwen35	Lezgi	valid84	configs/matched_gold_v2/qwen35_lezgi_grammar_original_chain_gloss_summary_tables_txt.json	configs/matched_gold_v2/qwen35_lezgi_grammar_original_chain_gloss_baseline.json	B_context_090	BLEU	84	82	5.18836448197253	6.366870529945038	-1.1785060479725074	-2.857107991016911	0.310931378465635	0.13799862001379987	pointwise95_percentile	source_cluster	0	0	1.0	264
B	B_context	qwen35	Lezgi	sensitivity83	configs/matched_gold_v2/qwen35_lezgi_grammar_original_chain_gloss_summary_tables_txt.json	configs/matched_gold_v2/qwen35_lezgi_grammar_original_chain_gloss_baseline.json	B_context_091	chrF++	83	81	23.850071677993657	25.82201949838571	-1.971947820392053	-3.8029070488453107	-0.1988988496355129	0.03144968550314497	pointwise95_percentile	source_cluster	0	0	1.0	264
B	B_context	qwen35	Lezgi	sensitivity83	configs/matched_gold_v2/qwen35_lezgi_grammar_original_chain_gloss_summary_tables_txt.json	configs/matched_gold_v2/qwen35_lezgi_grammar_original_chain_gloss_baseline.json	B_context_091	BLEU	83	81	4.8079953997670835	5.801175275660577	-0.9931798758934933	-2.7459129879328983	0.5272623579045912	0.2224277757222428	pointwise95_percentile	source_cluster	0	0	1.0	264
B	B_context	qwen35	Lezgi	valid84	configs/matched_gold_v2/qwen35_lezgi_grammar_original_chain_gloss_summary_text_txt.json	configs/matched_gold_v2/qwen35_lezgi_grammar_original_chain_gloss_baseline.json	B_context_092	chrF++	84	82	23.396057273501636	26.25970012973704	-2.863642856235405	-4.764521984482468	-1.1239024305306442	0.0027399726002739974	pointwise95_percentile	source_cluster	0	0	0.7123928760712394	264
B	B_context	qwen35	Lezgi	valid84	configs/matched_gold_v2/qwen35_lezgi_grammar_original_chain_gloss_summary_text_txt.json	configs/matched_gold_v2/qwen35_lezgi_grammar_original_chain_gloss_baseline.json	B_context_092	BLEU	84	82	4.949161971776287	6.366870529945038	-1.4177085581687505	-3.0491888870407196	-0.05863260672800192	0.060579394206057936	pointwise95_percentile	source_cluster	0	0	1.0	264
B	B_context	qwen35	Lezgi	sensitivity83	configs/matched_gold_v2/qwen35_lezgi_grammar_original_chain_gloss_summary_text_txt.json	configs/matched_gold_v2/qwen35_lezgi_grammar_original_chain_gloss_baseline.json	B_context_093	chrF++	83	81	23.021981805609162	25.82201949838571	-2.8000376927765487	-4.7170284244170055	-1.044225639254241	0.0037199628003719964	pointwise95_percentile	source_cluster	0	0	0.9634703652963471	264
B	B_context	qwen35	Lezgi	sensitivity83	configs/matched_gold_v2/qwen35_lezgi_grammar_original_chain_gloss_summary_text_txt.json	configs/matched_gold_v2/qwen35_lezgi_grammar_original_chain_gloss_baseline.json	B_context_093	BLEU	83	81	4.598640107504112	5.801175275660577	-1.2025351681564649	-2.885785378960436	0.17944435933658986	0.11710882891171089	pointwise95_percentile	source_cluster	0	0	1.0	264
B	B_context	qwen35	Lezgi	valid84	configs/matched_gold_v2/qwen35_lezgi_grammar_original_modelgloss_cheatsheet_jpg.json	configs/matched_gold_v2/qwen35_lezgi_grammar_original_modelgloss_baseline.json	B_context_094	chrF++	84	82	36.63272055465486	39.80286964093863	-3.1701490862837716	-5.35095944259807	-0.9415736275860899	0.004659953400465995	pointwise95_percentile	source_cluster	0	0	1.0	264
B	B_context	qwen35	Lezgi	valid84	configs/matched_gold_v2/qwen35_lezgi_grammar_original_modelgloss_cheatsheet_jpg.json	configs/matched_gold_v2/qwen35_lezgi_grammar_original_modelgloss_baseline.json	B_context_094	BLEU	84	82	12.172995845571178	13.857302874611523	-1.6843070290403457	-4.309303543532586	0.8956007180088068	0.2070279297207028	pointwise95_percentile	source_cluster	0	0	1.0	264
B	B_format	qwen35	Lezgi	valid84	configs/matched_gold_v2/qwen35_lezgi_grammar_original_modelgloss_cheatsheet_jpg.json	configs/matched_gold_v2/qwen35_lezgi_grammar_original_modelgloss_cheatsheet_txt.json	B_format_095	chrF++	84	82	36.63272055465486	39.15280028918899	-2.5200797345341286	-4.573257302834017	-0.4274204246252146	0.017499825001749982	pointwise95_percentile	source_cluster	0	0	1.0	96
B	B_format	qwen35	Lezgi	valid84	configs/matched_gold_v2/qwen35_lezgi_grammar_original_modelgloss_cheatsheet_jpg.json	configs/matched_gold_v2/qwen35_lezgi_grammar_original_modelgloss_cheatsheet_txt.json	B_format_095	BLEU	84	82	12.172995845571178	12.494106954833047	-0.32111110926186903	-2.2928294176397976	1.8678398260871327	0.7616223837761622	pointwise95_percentile	source_cluster	0	0	1.0	96
B	B_context	qwen35	Lezgi	sensitivity83	configs/matched_gold_v2/qwen35_lezgi_grammar_original_modelgloss_cheatsheet_jpg.json	configs/matched_gold_v2/qwen35_lezgi_grammar_original_modelgloss_baseline.json	B_context_096	chrF++	83	81	36.32555558083914	39.518460005425446	-3.1929044245863025	-5.399694313263855	-0.9524879903987892	0.004749952500474996	pointwise95_percentile	source_cluster	0	0	1.0	264
B	B_context	qwen35	Lezgi	sensitivity83	configs/matched_gold_v2/qwen35_lezgi_grammar_original_modelgloss_cheatsheet_jpg.json	configs/matched_gold_v2/qwen35_lezgi_grammar_original_modelgloss_baseline.json	B_context_096	BLEU	83	81	11.854083620663427	13.566078824783432	-1.7119952041200044	-4.378990590640003	0.9157499548203342	0.2069879301206988	pointwise95_percentile	source_cluster	0	0	1.0	264
B	B_format	qwen35	Lezgi	sensitivity83	configs/matched_gold_v2/qwen35_lezgi_grammar_original_modelgloss_cheatsheet_jpg.json	configs/matched_gold_v2/qwen35_lezgi_grammar_original_modelgloss_cheatsheet_txt.json	B_format_097	chrF++	83	81	36.32555558083914	38.867480128019324	-2.54192454718018	-4.6322110525580715	-0.43794539678251704	0.01778982210177898	pointwise95_percentile	source_cluster	0	0	1.0	96
B	B_format	qwen35	Lezgi	sensitivity83	configs/matched_gold_v2/qwen35_lezgi_grammar_original_modelgloss_cheatsheet_jpg.json	configs/matched_gold_v2/qwen35_lezgi_grammar_original_modelgloss_cheatsheet_txt.json	B_format_097	BLEU	83	81	11.854083620663427	12.202684866117298	-0.34860124545387094	-2.349172514939552	1.8759683168901646	0.7473525264747353	pointwise95_percentile	source_cluster	0	0	1.0	96
B	B_context	qwen35	Lezgi	valid84	configs/matched_gold_v2/qwen35_lezgi_grammar_original_modelgloss_cheatsheet_txt.json	configs/matched_gold_v2/qwen35_lezgi_grammar_original_modelgloss_baseline.json	B_context_098	chrF++	84	82	39.15280028918899	39.80286964093863	-0.650069351749643	-3.349287130798944	1.9301347057579306	0.6253437465625343	pointwise95_percentile	source_cluster	0	0	1.0	264
B	B_context	qwen35	Lezgi	valid84	configs/matched_gold_v2/qwen35_lezgi_grammar_original_modelgloss_cheatsheet_txt.json	configs/matched_gold_v2/qwen35_lezgi_grammar_original_modelgloss_baseline.json	B_context_098	BLEU	84	82	12.494106954833047	13.857302874611523	-1.3631959197784767	-4.4334879894074515	1.5598306851935062	0.3687363126368736	pointwise95_percentile	source_cluster	0	0	1.0	264
B	B_context	qwen35	Lezgi	sensitivity83	configs/matched_gold_v2/qwen35_lezgi_grammar_original_modelgloss_cheatsheet_txt.json	configs/matched_gold_v2/qwen35_lezgi_grammar_original_modelgloss_baseline.json	B_context_099	chrF++	83	81	38.867480128019324	39.518460005425446	-0.6509798774061224	-3.3569620169920142	1.9377225555871969	0.6282637173628264	pointwise95_percentile	source_cluster	0	0	1.0	264
B	B_context	qwen35	Lezgi	sensitivity83	configs/matched_gold_v2/qwen35_lezgi_grammar_original_modelgloss_cheatsheet_txt.json	configs/matched_gold_v2/qwen35_lezgi_grammar_original_modelgloss_baseline.json	B_context_099	BLEU	83	81	12.202684866117298	13.566078824783432	-1.3633939586661334	-4.4967090945297645	1.605187779253203	0.3769762302376976	pointwise95_percentile	source_cluster	0	0	1.0	264
B	B_context	qwen35	Lezgi	valid84	configs/matched_gold_v2/qwen35_lezgi_grammar_original_modelgloss_pdfpages_impactful_jpg.json	configs/matched_gold_v2/qwen35_lezgi_grammar_original_modelgloss_baseline.json	B_context_100	chrF++	84	82	38.859623359368975	39.80286964093863	-0.9432462815696567	-3.0512787552123073	1.1402780388014075	0.37662623373766263	pointwise95_percentile	source_cluster	0	0	1.0	264
B	B_context	qwen35	Lezgi	valid84	configs/matched_gold_v2/qwen35_lezgi_grammar_original_modelgloss_pdfpages_impactful_jpg.json	configs/matched_gold_v2/qwen35_lezgi_grammar_original_modelgloss_baseline.json	B_context_100	BLEU	84	82	12.622911490113168	13.857302874611523	-1.2343913844983554	-3.513574666202038	0.7870714648781677	0.25581744182558175	pointwise95_percentile	source_cluster	0	0	1.0	264
B	B_context	qwen35	Lezgi	sensitivity83	configs/matched_gold_v2/qwen35_lezgi_grammar_original_modelgloss_pdfpages_impactful_jpg.json	configs/matched_gold_v2/qwen35_lezgi_grammar_original_modelgloss_baseline.json	B_context_101	chrF++	83	81	38.56703294753234	39.518460005425446	-0.9514270578931061	-3.0667613894327137	1.1175297947855651	0.37602623973760263	pointwise95_percentile	source_cluster	0	0	1.0	264
B	B_context	qwen35	Lezgi	sensitivity83	configs/matched_gold_v2/qwen35_lezgi_grammar_original_modelgloss_pdfpages_impactful_jpg.json	configs/matched_gold_v2/qwen35_lezgi_grammar_original_modelgloss_baseline.json	B_context_101	BLEU	83	81	12.28808444273177	13.566078824783432	-1.277994382051661	-3.5950258064867953	0.7621559874912607	0.24785752142478576	pointwise95_percentile	source_cluster	0	0	1.0	264
B	B_context	qwen35	Lezgi	valid84	configs/matched_gold_v2/qwen35_lezgi_grammar_original_modelgloss_summary_tables_jpg.json	configs/matched_gold_v2/qwen35_lezgi_grammar_original_modelgloss_baseline.json	B_context_102	chrF++	84	82	37.243157926181524	39.80286964093863	-2.559711714757107	-4.528350607443678	-0.5669666953953845	0.01106988930110699	pointwise95_percentile	source_cluster	0	0	1.0	264
B	B_context	qwen35	Lezgi	valid84	configs/matched_gold_v2/qwen35_lezgi_grammar_original_modelgloss_summary_tables_jpg.json	configs/matched_gold_v2/qwen35_lezgi_grammar_original_modelgloss_baseline.json	B_context_102	BLEU	84	82	11.798072013777912	13.857302874611523	-2.059230860833612	-4.6159169768431765	0.28759055200187483	0.0979990200097999	pointwise95_percentile	source_cluster	0	0	1.0	264
B	B_format	qwen35	Lezgi	valid84	configs/matched_gold_v2/qwen35_lezgi_grammar_original_modelgloss_summary_tables_jpg.json	configs/matched_gold_v2/qwen35_lezgi_grammar_original_modelgloss_summary_tables_txt.json	B_format_103	chrF++	84	82	37.243157926181524	38.815229733491435	-1.5720718073099107	-3.3789865760464353	0.2312637254262906	0.08867911320886791	pointwise95_percentile	source_cluster	0	0	1.0	96
B	B_format	qwen35	Lezgi	valid84	configs/matched_gold_v2/qwen35_lezgi_grammar_original_modelgloss_summary_tables_jpg.json	configs/matched_gold_v2/qwen35_lezgi_grammar_original_modelgloss_summary_tables_txt.json	B_format_103	BLEU	84	82	11.798072013777912	12.526517920612324	-0.7284459068344127	-2.523213328451751	1.0525957796004752	0.43019569804301955	pointwise95_percentile	source_cluster	0	0	1.0	96
B	B_context	qwen35	Lezgi	sensitivity83	configs/matched_gold_v2/qwen35_lezgi_grammar_original_modelgloss_summary_tables_jpg.json	configs/matched_gold_v2/qwen35_lezgi_grammar_original_modelgloss_baseline.json	B_context_104	chrF++	83	81	36.940621298499565	39.518460005425446	-2.5778387069258812	-4.537979808729615	-0.5872773763296806	0.010949890501094989	pointwise95_percentile	source_cluster	0	0	1.0	264
B	B_context	qwen35	Lezgi	sensitivity83	configs/matched_gold_v2/qwen35_lezgi_grammar_original_modelgloss_summary_tables_jpg.json	configs/matched_gold_v2/qwen35_lezgi_grammar_original_modelgloss_baseline.json	B_context_104	BLEU	83	81	11.471963569781002	13.566078824783432	-2.0941152550024302	-4.699095288102368	0.29858648586831327	0.0995490045099549	pointwise95_percentile	source_cluster	0	0	1.0	264
B	B_format	qwen35	Lezgi	sensitivity83	configs/matched_gold_v2/qwen35_lezgi_grammar_original_modelgloss_summary_tables_jpg.json	configs/matched_gold_v2/qwen35_lezgi_grammar_original_modelgloss_summary_tables_txt.json	B_format_105	chrF++	83	81	36.940621298499565	38.528730110890244	-1.5881088123906792	-3.4075538696147207	0.2181660912501968	0.08514914850851492	pointwise95_percentile	source_cluster	0	0	1.0	96
B	B_format	qwen35	Lezgi	sensitivity83	configs/matched_gold_v2/qwen35_lezgi_grammar_original_modelgloss_summary_tables_jpg.json	configs/matched_gold_v2/qwen35_lezgi_grammar_original_modelgloss_summary_tables_txt.json	B_format_105	BLEU	83	81	11.471963569781002	12.242008371107511	-0.7700448013265095	-2.5887238091363143	1.030791854724485	0.4103258967410326	pointwise95_percentile	source_cluster	0	0	1.0	96
B	B_context	qwen35	Lezgi	valid84	configs/matched_gold_v2/qwen35_lezgi_grammar_original_modelgloss_summary_tables_txt.json	configs/matched_gold_v2/qwen35_lezgi_grammar_original_modelgloss_baseline.json	B_context_106	chrF++	84	82	38.815229733491435	39.80286964093863	-0.9876399074471962	-3.222411177362451	1.2113244812525816	0.3762962370376296	pointwise95_percentile	source_cluster	0	0	1.0	264
B	B_context	qwen35	Lezgi	valid84	configs/matched_gold_v2/qwen35_lezgi_grammar_original_modelgloss_summary_tables_txt.json	configs/matched_gold_v2/qwen35_lezgi_grammar_original_modelgloss_baseline.json	B_context_106	BLEU	84	82	12.526517920612324	13.857302874611523	-1.3307849539991992	-4.308897854326544	1.3048065196706384	0.3477665223347767	pointwise95_percentile	source_cluster	0	0	1.0	264
B	B_context	qwen35	Lezgi	sensitivity83	configs/matched_gold_v2/qwen35_lezgi_grammar_original_modelgloss_summary_tables_txt.json	configs/matched_gold_v2/qwen35_lezgi_grammar_original_modelgloss_baseline.json	B_context_107	chrF++	83	81	38.528730110890244	39.518460005425446	-0.989729894535202	-3.2266183860428734	1.2327659526147852	0.3804261957380426	pointwise95_percentile	source_cluster	0	0	1.0	264
B	B_context	qwen35	Lezgi	sensitivity83	configs/matched_gold_v2/qwen35_lezgi_grammar_original_modelgloss_summary_tables_txt.json	configs/matched_gold_v2/qwen35_lezgi_grammar_original_modelgloss_baseline.json	B_context_107	BLEU	83	81	12.242008371107511	13.566078824783432	-1.3240704536759207	-4.3583658132189225	1.3682601696709593	0.35667643323566767	pointwise95_percentile	source_cluster	0	0	1.0	264
B	B_context	qwen35	Lezgi	valid84	configs/matched_gold_v2/qwen35_lezgi_grammar_original_modelgloss_summary_text_txt.json	configs/matched_gold_v2/qwen35_lezgi_grammar_original_modelgloss_baseline.json	B_context_108	chrF++	84	82	37.76984205270603	39.80286964093863	-2.033027588232599	-4.35591787200645	0.21988617778103706	0.08145918540814592	pointwise95_percentile	source_cluster	0	0	1.0	264
B	B_context	qwen35	Lezgi	valid84	configs/matched_gold_v2/qwen35_lezgi_grammar_original_modelgloss_summary_text_txt.json	configs/matched_gold_v2/qwen35_lezgi_grammar_original_modelgloss_baseline.json	B_context_108	BLEU	84	82	10.739397296480655	13.857302874611523	-3.117905578130868	-5.9817381346442255	-0.5218943365539226	0.025049749502504975	pointwise95_percentile	source_cluster	0	0	1.0	264
B	B_context	qwen35	Lezgi	sensitivity83	configs/matched_gold_v2/qwen35_lezgi_grammar_original_modelgloss_summary_text_txt.json	configs/matched_gold_v2/qwen35_lezgi_grammar_original_modelgloss_baseline.json	B_context_109	chrF++	83	81	37.476853562418626	39.518460005425446	-2.0416064430068204	-4.387704449120507	0.22928664909787738	0.08215917840821592	pointwise95_percentile	source_cluster	0	0	1.0	264
B	B_context	qwen35	Lezgi	sensitivity83	configs/matched_gold_v2/qwen35_lezgi_grammar_original_modelgloss_summary_text_txt.json	configs/matched_gold_v2/qwen35_lezgi_grammar_original_modelgloss_baseline.json	B_context_109	BLEU	83	81	10.42649883802358	13.566078824783432	-3.139579986759852	-6.065607194864557	-0.4981065712738888	0.027269727302726973	pointwise95_percentile	source_cluster	0	0	1.0	264
B	B_context	qwen35	Lezgi	valid84	configs/matched_gold_v2/qwen35_lezgi_grammar_original_shot_cheatsheet_jpg.json	configs/matched_gold_v2/qwen35_lezgi_grammar_original_shot_baseline.json	B_context_110	chrF++	84	82	24.199698374414297	25.37797628627955	-1.1782779118652549	-2.6397146513244203	0.27961221843488804	0.11426885731142689	pointwise95_percentile	source_cluster	0	0	1.0	264
B	B_context	qwen35	Lezgi	valid84	configs/matched_gold_v2/qwen35_lezgi_grammar_original_shot_cheatsheet_jpg.json	configs/matched_gold_v2/qwen35_lezgi_grammar_original_shot_baseline.json	B_context_110	BLEU	84	82	6.148678271971484	6.722751532665982	-0.5740732606944983	-1.9855378611378298	0.7305980319436329	0.4140258597414026	pointwise95_percentile	source_cluster	0	0	1.0	264
B	B_format	qwen35	Lezgi	valid84	configs/matched_gold_v2/qwen35_lezgi_grammar_original_shot_cheatsheet_jpg.json	configs/matched_gold_v2/qwen35_lezgi_grammar_original_shot_cheatsheet_txt.json	B_format_111	chrF++	84	82	24.199698374414297	25.666090060589582	-1.4663916861752853	-3.2386544872063987	0.26922524037451956	0.10117898821011789	pointwise95_percentile	source_cluster	0	0	1.0	96
B	B_format	qwen35	Lezgi	valid84	configs/matched_gold_v2/qwen35_lezgi_grammar_original_shot_cheatsheet_jpg.json	configs/matched_gold_v2/qwen35_lezgi_grammar_original_shot_cheatsheet_txt.json	B_format_111	BLEU	84	82	6.148678271971484	6.883492239556524	-0.7348139675850405	-2.647217004578391	1.1590846815495406	0.44638553614463855	pointwise95_percentile	source_cluster	0	0	1.0	96
B	B_context	qwen35	Lezgi	sensitivity83	configs/matched_gold_v2/qwen35_lezgi_grammar_original_shot_cheatsheet_jpg.json	configs/matched_gold_v2/qwen35_lezgi_grammar_original_shot_baseline.json	B_context_112	chrF++	83	81	23.80345348701703	24.99822486413085	-1.1947713771138204	-2.653438416042532	0.2765460306283061	0.10982890171098289	pointwise95_percentile	source_cluster	0	0	1.0	264
B	B_context	qwen35	Lezgi	sensitivity83	configs/matched_gold_v2/qwen35_lezgi_grammar_original_shot_cheatsheet_jpg.json	configs/matched_gold_v2/qwen35_lezgi_grammar_original_shot_baseline.json	B_context_112	BLEU	83	81	5.701242213278326	6.351139253441979	-0.649897040163653	-2.096872388584063	0.6809113710823427	0.36584634153658463	pointwise95_percentile	source_cluster	0	0	1.0	264
B	B_format	qwen35	Lezgi	sensitivity83	configs/matched_gold_v2/qwen35_lezgi_grammar_original_shot_cheatsheet_jpg.json	configs/matched_gold_v2/qwen35_lezgi_grammar_original_shot_cheatsheet_txt.json	B_format_113	chrF++	83	81	23.80345348701703	25.28769603010795	-1.484242543090918	-3.26853775346162	0.2649690651645861	0.0979390206097939	pointwise95_percentile	source_cluster	0	0	1.0	96
B	B_format	qwen35	Lezgi	sensitivity83	configs/matched_gold_v2/qwen35_lezgi_grammar_original_shot_cheatsheet_jpg.json	configs/matched_gold_v2/qwen35_lezgi_grammar_original_shot_cheatsheet_txt.json	B_format_113	BLEU	83	81	5.701242213278326	6.519186525489928	-0.8179443122116021	-2.7739397025539834	1.1722729298921204	0.4132358676413236	pointwise95_percentile	source_cluster	0	0	1.0	96
B	B_context	qwen35	Lezgi	valid84	configs/matched_gold_v2/qwen35_lezgi_grammar_original_shot_cheatsheet_txt.json	configs/matched_gold_v2/qwen35_lezgi_grammar_original_shot_baseline.json	B_context_114	chrF++	84	82	25.666090060589582	25.37797628627955	0.2881137743100304	-1.5262009779298422	2.1241707974042434	0.7546724532754673	pointwise95_percentile	source_cluster	0	0	1.0	264
B	B_context	qwen35	Lezgi	valid84	configs/matched_gold_v2/qwen35_lezgi_grammar_original_shot_cheatsheet_txt.json	configs/matched_gold_v2/qwen35_lezgi_grammar_original_shot_baseline.json	B_context_114	BLEU	84	82	6.883492239556524	6.722751532665982	0.1607407068905422	-1.547238189738201	1.866637213472965	0.8483515164848352	pointwise95_percentile	source_cluster	0	0	1.0	264
B	B_context	qwen35	Lezgi	sensitivity83	configs/matched_gold_v2/qwen35_lezgi_grammar_original_shot_cheatsheet_txt.json	configs/matched_gold_v2/qwen35_lezgi_grammar_original_shot_baseline.json	B_context_115	chrF++	83	81	25.28769603010795	24.99822486413085	0.28947116597709766	-1.5363893096485188	2.129672691575242	0.7521624783752162	pointwise95_percentile	source_cluster	0	0	1.0	264
B	B_context	qwen35	Lezgi	sensitivity83	configs/matched_gold_v2/qwen35_lezgi_grammar_original_shot_cheatsheet_txt.json	configs/matched_gold_v2/qwen35_lezgi_grammar_original_shot_baseline.json	B_context_115	BLEU	83	81	6.519186525489928	6.351139253441979	0.16804727204794911	-1.6169233108044017	1.9121578187016897	0.8450715492845071	pointwise95_percentile	source_cluster	0	0	1.0	264
B	B_context	qwen35	Lezgi	valid84	configs/matched_gold_v2/qwen35_lezgi_grammar_original_shot_pdfpages_impactful_jpg.json	configs/matched_gold_v2/qwen35_lezgi_grammar_original_shot_baseline.json	B_context_116	chrF++	84	82	23.86359846766027	25.37797628627955	-1.5143778186192804	-2.992591535538288	-0.03871107769467079	0.044769552304476955	pointwise95_percentile	source_cluster	0	0	1.0	264
B	B_context	qwen35	Lezgi	valid84	configs/matched_gold_v2/qwen35_lezgi_grammar_original_shot_pdfpages_impactful_jpg.json	configs/matched_gold_v2/qwen35_lezgi_grammar_original_shot_baseline.json	B_context_116	BLEU	84	82	5.405774434156372	6.722751532665982	-1.3169770985096099	-2.680302242433601	-0.05642152425236133	0.04878951210487895	pointwise95_percentile	source_cluster	0	0	1.0	264
B	B_context	qwen35	Lezgi	sensitivity83	configs/matched_gold_v2/qwen35_lezgi_grammar_original_shot_pdfpages_impactful_jpg.json	configs/matched_gold_v2/qwen35_lezgi_grammar_original_shot_baseline.json	B_context_117	chrF++	83	81	23.470933014781846	24.99822486413085	-1.5272918493490053	-3.018924270648125	-0.06077570871411172	0.043129568704312955	pointwise95_percentile	source_cluster	0	0	1.0	264
B	B_context	qwen35	Lezgi	sensitivity83	configs/matched_gold_v2/qwen35_lezgi_grammar_original_shot_pdfpages_impactful_jpg.json	configs/matched_gold_v2/qwen35_lezgi_grammar_original_shot_baseline.json	B_context_117	BLEU	83	81	4.954044380047255	6.351139253441979	-1.3970948733947246	-2.780621962230002	-0.12165445616476753	0.03926960730392696	pointwise95_percentile	source_cluster	0	0	1.0	264
B	B_context	qwen35	Lezgi	valid84	configs/matched_gold_v2/qwen35_lezgi_grammar_original_shot_summary_tables_jpg.json	configs/matched_gold_v2/qwen35_lezgi_grammar_original_shot_baseline.json	B_context_118	chrF++	84	82	23.831479907399952	25.37797628627955	-1.5464963788795991	-3.2262687738793563	0.04190093103747533	0.06300936990630093	pointwise95_percentile	source_cluster	0	0	1.0	264
B	B_context	qwen35	Lezgi	valid84	configs/matched_gold_v2/qwen35_lezgi_grammar_original_shot_summary_tables_jpg.json	configs/matched_gold_v2/qwen35_lezgi_grammar_original_shot_baseline.json	B_context_118	BLEU	84	82	6.039199966021554	6.722751532665982	-0.6835515666444278	-2.119975331246798	0.6454139400593317	0.33854661453385465	pointwise95_percentile	source_cluster	0	0	1.0	264
B	B_format	qwen35	Lezgi	valid84	configs/matched_gold_v2/qwen35_lezgi_grammar_original_shot_summary_tables_jpg.json	configs/matched_gold_v2/qwen35_lezgi_grammar_original_shot_summary_tables_txt.json	B_format_119	chrF++	84	82	23.831479907399952	26.354705611402185	-2.5232257040022326	-4.449769475920307	-0.6449954334767626	0.00979990200097999	pointwise95_percentile	source_cluster	0	0	0.8721912780872191	96
B	B_format	qwen35	Lezgi	valid84	configs/matched_gold_v2/qwen35_lezgi_grammar_original_shot_summary_tables_jpg.json	configs/matched_gold_v2/qwen35_lezgi_grammar_original_shot_summary_tables_txt.json	B_format_119	BLEU	84	82	6.039199966021554	7.391708701229246	-1.3525087352076914	-3.0376324142779207	0.29173244485712374	0.11307886921130789	pointwise95_percentile	source_cluster	0	0	1.0	96
B	B_context	qwen35	Lezgi	sensitivity83	configs/matched_gold_v2/qwen35_lezgi_grammar_original_shot_summary_tables_jpg.json	configs/matched_gold_v2/qwen35_lezgi_grammar_original_shot_baseline.json	B_context_120	chrF++	83	81	23.434079949974976	24.99822486413085	-1.5641449141558752	-3.2654034677221104	0.02572532974205017	0.06175938240617594	pointwise95_percentile	source_cluster	0	0	1.0	264
B	B_context	qwen35	Lezgi	sensitivity83	configs/matched_gold_v2/qwen35_lezgi_grammar_original_shot_summary_tables_jpg.json	configs/matched_gold_v2/qwen35_lezgi_grammar_original_shot_baseline.json	B_context_120	BLEU	83	81	5.595177654387522	6.351139253441979	-0.7559615990544577	-2.2298147996025834	0.5975551276890816	0.2991270087299127	pointwise95_percentile	source_cluster	0	0	1.0	264
B	B_format	qwen35	Lezgi	sensitivity83	configs/matched_gold_v2/qwen35_lezgi_grammar_original_shot_summary_tables_jpg.json	configs/matched_gold_v2/qwen35_lezgi_grammar_original_shot_summary_tables_txt.json	B_format_121	chrF++	83	81	23.434079949974976	25.984212648240966	-2.5501326982659904	-4.485551364768927	-0.6443986108284463	0.009589904100958991	pointwise95_percentile	source_cluster	0	0	0.8630913690863092	96
B	B_format	qwen35	Lezgi	sensitivity83	configs/matched_gold_v2/qwen35_lezgi_grammar_original_shot_summary_tables_jpg.json	configs/matched_gold_v2/qwen35_lezgi_grammar_original_shot_summary_tables_txt.json	B_format_121	BLEU	83	81	5.595177654387522	7.048953331708602	-1.4537756773210804	-3.141709177949869	0.23328018898560585	0.09316906830931691	pointwise95_percentile	source_cluster	0	0	1.0	96
B	B_context	qwen35	Lezgi	valid84	configs/matched_gold_v2/qwen35_lezgi_grammar_original_shot_summary_tables_txt.json	configs/matched_gold_v2/qwen35_lezgi_grammar_original_shot_baseline.json	B_context_122	chrF++	84	82	26.354705611402185	25.37797628627955	0.9767293251226334	-0.7239635249923473	2.760747717217522	0.2650973490265097	pointwise95_percentile	source_cluster	0	0	1.0	264
B	B_context	qwen35	Lezgi	valid84	configs/matched_gold_v2/qwen35_lezgi_grammar_original_shot_summary_tables_txt.json	configs/matched_gold_v2/qwen35_lezgi_grammar_original_shot_baseline.json	B_context_122	BLEU	84	82	7.391708701229246	6.722751532665982	0.6689571685632636	-0.7852423743647061	2.1610616734461696	0.3615063849361506	pointwise95_percentile	source_cluster	0	0	1.0	264
B	B_context	qwen35	Lezgi	sensitivity83	configs/matched_gold_v2/qwen35_lezgi_grammar_original_shot_summary_tables_txt.json	configs/matched_gold_v2/qwen35_lezgi_grammar_original_shot_baseline.json	B_context_123	chrF++	83	81	25.984212648240966	24.99822486413085	0.9859877841101152	-0.7155647172471381	2.7622013914984165	0.26346736532634674	pointwise95_percentile	source_cluster	0	0	1.0	264
B	B_context	qwen35	Lezgi	sensitivity83	configs/matched_gold_v2/qwen35_lezgi_grammar_original_shot_summary_tables_txt.json	configs/matched_gold_v2/qwen35_lezgi_grammar_original_shot_baseline.json	B_context_123	BLEU	83	81	7.048953331708602	6.351139253441979	0.6978140782666227	-0.8327514771818523	2.205568819173923	0.35370646293537067	pointwise95_percentile	source_cluster	0	0	1.0	264
B	B_context	qwen35	Lezgi	valid84	configs/matched_gold_v2/qwen35_lezgi_grammar_original_shot_summary_text_txt.json	configs/matched_gold_v2/qwen35_lezgi_grammar_original_shot_baseline.json	B_context_124	chrF++	84	82	24.60846738505628	25.37797628627955	-0.7695089012232721	-2.510103030980714	0.901867145977997	0.3735262647373526	pointwise95_percentile	source_cluster	0	0	1.0	264
B	B_context	qwen35	Lezgi	valid84	configs/matched_gold_v2/qwen35_lezgi_grammar_original_shot_summary_text_txt.json	configs/matched_gold_v2/qwen35_lezgi_grammar_original_shot_baseline.json	B_context_124	BLEU	84	82	5.746828945144376	6.722751532665982	-0.9759225875216062	-2.2637700182279126	0.17671627090259664	0.11197888021119788	pointwise95_percentile	source_cluster	0	0	1.0	264
B	B_context	qwen35	Lezgi	sensitivity83	configs/matched_gold_v2/qwen35_lezgi_grammar_original_shot_summary_text_txt.json	configs/matched_gold_v2/qwen35_lezgi_grammar_original_shot_baseline.json	B_context_125	chrF++	83	81	24.226766440916553	24.99822486413085	-0.7714584232142983	-2.5134259933736343	0.9096034472966128	0.3828861711382886	pointwise95_percentile	source_cluster	0	0	1.0	264
B	B_context	qwen35	Lezgi	sensitivity83	configs/matched_gold_v2/qwen35_lezgi_grammar_original_shot_summary_text_txt.json	configs/matched_gold_v2/qwen35_lezgi_grammar_original_shot_baseline.json	B_context_125	BLEU	83	81	5.363201534686072	6.351139253441979	-0.9879377187559069	-2.328124464634107	0.18345823168629127	0.12040879591204089	pointwise95_percentile	source_cluster	0	0	1.0	264
B	B_context	qwen3	Lezgi	valid84	configs/matched_gold_v2/qwen3_lezgi_grammar_cyrillic_chain_gloss_cheatsheet_jpg.json	configs/matched_gold_v2/qwen3_lezgi_grammar_original_chain_gloss_baseline.json	B_context_126	chrF++	84	82	17.684303705399746	19.263656345955404	-1.5793526405556584	-3.5712880678541814	0.2935508677337887	0.1084189158108419	pointwise95_percentile	source_cluster	1	1	1.0	264
B	B_context	qwen3	Lezgi	valid84	configs/matched_gold_v2/qwen3_lezgi_grammar_cyrillic_chain_gloss_cheatsheet_jpg.json	configs/matched_gold_v2/qwen3_lezgi_grammar_original_chain_gloss_baseline.json	B_context_126	BLEU	84	82	3.292828950051182	4.2634809273315035	-0.9706519772803217	-2.8651258434834768	0.5526268520865074	0.27788722112778874	pointwise95_percentile	source_cluster	1	1	1.0	264
B	B_format	qwen3	Lezgi	valid84	configs/matched_gold_v2/qwen3_lezgi_grammar_cyrillic_chain_gloss_cheatsheet_jpg.json	configs/matched_gold_v2/qwen3_lezgi_grammar_cyrillic_chain_gloss_cheatsheet_txt.json	B_format_127	chrF++	84	82	17.684303705399746	20.172773174959875	-2.4884694695601297	-4.914557871904313	-0.3085992588084145	0.034789652103478966	pointwise95_percentile	source_cluster	1	1	1.0	96
B	B_format	qwen3	Lezgi	valid84	configs/matched_gold_v2/qwen3_lezgi_grammar_cyrillic_chain_gloss_cheatsheet_jpg.json	configs/matched_gold_v2/qwen3_lezgi_grammar_cyrillic_chain_gloss_cheatsheet_txt.json	B_format_127	BLEU	84	82	3.292828950051182	4.186891624313874	-0.8940626742626918	-2.9460712864861853	0.7082890866584763	0.35162648373516264	pointwise95_percentile	source_cluster	1	1	1.0	96
B	B_context	qwen3	Lezgi	sensitivity83	configs/matched_gold_v2/qwen3_lezgi_grammar_cyrillic_chain_gloss_cheatsheet_jpg.json	configs/matched_gold_v2/qwen3_lezgi_grammar_original_chain_gloss_baseline.json	B_context_128	chrF++	83	81	17.168567201349152	18.77547905138926	-1.6069118500401096	-3.6087870106254027	0.2784415826683972	0.1041089589104109	pointwise95_percentile	source_cluster	1	1	1.0	264
B	B_context	qwen3	Lezgi	sensitivity83	configs/matched_gold_v2/qwen3_lezgi_grammar_cyrillic_chain_gloss_cheatsheet_jpg.json	configs/matched_gold_v2/qwen3_lezgi_grammar_original_chain_gloss_baseline.json	B_context_128	BLEU	83	81	2.478257231398256	3.6289452909978097	-1.150688059599554	-3.1579742105540833	0.62682146535543	0.25572744272557274	pointwise95_percentile	source_cluster	1	1	1.0	264
B	B_format	qwen3	Lezgi	sensitivity83	configs/matched_gold_v2/qwen3_lezgi_grammar_cyrillic_chain_gloss_cheatsheet_jpg.json	configs/matched_gold_v2/qwen3_lezgi_grammar_cyrillic_chain_gloss_cheatsheet_txt.json	B_format_129	chrF++	83	81	17.168567201349152	19.680998032631685	-2.5124308312825328	-4.950810834542843	-0.3035620283903118	0.03345966540334597	pointwise95_percentile	source_cluster	1	1	1.0	96
B	B_format	qwen3	Lezgi	sensitivity83	configs/matched_gold_v2/qwen3_lezgi_grammar_cyrillic_chain_gloss_cheatsheet_jpg.json	configs/matched_gold_v2/qwen3_lezgi_grammar_cyrillic_chain_gloss_cheatsheet_txt.json	B_format_129	BLEU	83	81	2.478257231398256	3.54378435652438	-1.065527125126124	-3.2203486900623632	0.7601977214085777	0.3152168478315217	pointwise95_percentile	source_cluster	1	1	1.0	96
B	B_context	qwen3	Lezgi	valid84	configs/matched_gold_v2/qwen3_lezgi_grammar_cyrillic_chain_gloss_cheatsheet_txt.json	configs/matched_gold_v2/qwen3_lezgi_grammar_original_chain_gloss_baseline.json	B_context_130	chrF++	84	82	20.172773174959875	19.263656345955404	0.9091168290044713	-0.7246624660162437	2.752352618702472	0.2974270257297427	pointwise95_percentile	source_cluster	1	1	1.0	264
B	B_context	qwen3	Lezgi	valid84	configs/matched_gold_v2/qwen3_lezgi_grammar_cyrillic_chain_gloss_cheatsheet_txt.json	configs/matched_gold_v2/qwen3_lezgi_grammar_original_chain_gloss_baseline.json	B_context_130	BLEU	84	82	4.186891624313874	4.2634809273315035	-0.0765893030176299	-1.2717558601388	1.3823492446486325	0.9007709922900771	pointwise95_percentile	source_cluster	1	1	1.0	264
B	B_context	qwen3	Lezgi	sensitivity83	configs/matched_gold_v2/qwen3_lezgi_grammar_cyrillic_chain_gloss_cheatsheet_txt.json	configs/matched_gold_v2/qwen3_lezgi_grammar_original_chain_gloss_baseline.json	B_context_131	chrF++	83	81	19.680998032631685	18.77547905138926	0.9055189812424231	-0.7328346443242699	2.7443872173531076	0.3030969690303097	pointwise95_percentile	source_cluster	1	1	1.0	264
B	B_context	qwen3	Lezgi	sensitivity83	configs/matched_gold_v2/qwen3_lezgi_grammar_cyrillic_chain_gloss_cheatsheet_txt.json	configs/matched_gold_v2/qwen3_lezgi_grammar_original_chain_gloss_baseline.json	B_context_131	BLEU	83	81	3.54378435652438	3.6289452909978097	-0.08516093447342987	-1.407623233193629	1.4886408580216013	0.8932810671893281	pointwise95_percentile	source_cluster	1	1	1.0	264
B	B_context	qwen3	Lezgi	valid84	configs/matched_gold_v2/qwen3_lezgi_grammar_cyrillic_chain_gloss_summary_tables_jpg.json	configs/matched_gold_v2/qwen3_lezgi_grammar_original_chain_gloss_baseline.json	B_context_132	chrF++	84	82	17.367451021435276	19.263656345955404	-1.8962053245201282	-3.77874617722406	-0.16872767718076986	0.03975960240397596	pointwise95_percentile	source_cluster	0	1	1.0	264
B	B_context	qwen3	Lezgi	valid84	configs/matched_gold_v2/qwen3_lezgi_grammar_cyrillic_chain_gloss_summary_tables_jpg.json	configs/matched_gold_v2/qwen3_lezgi_grammar_original_chain_gloss_baseline.json	B_context_132	BLEU	84	82	3.0079773176768874	4.2634809273315035	-1.2555036096546162	-3.214133917609809	0.24995352154571593	0.18036819631803683	pointwise95_percentile	source_cluster	0	1	1.0	264
B	B_format	qwen3	Lezgi	valid84	configs/matched_gold_v2/qwen3_lezgi_grammar_cyrillic_chain_gloss_summary_tables_jpg.json	configs/matched_gold_v2/qwen3_lezgi_grammar_cyrillic_chain_gloss_summary_tables_txt.json	B_format_133	chrF++	84	82	17.367451021435276	19.623468679890475	-2.2560176584551996	-3.9751938897567327	-0.6789386318319091	0.008139918600813992	pointwise95_percentile	source_cluster	0	1	0.7407325926740732	96
B	B_format	qwen3	Lezgi	valid84	configs/matched_gold_v2/qwen3_lezgi_grammar_cyrillic_chain_gloss_summary_tables_jpg.json	configs/matched_gold_v2/qwen3_lezgi_grammar_cyrillic_chain_gloss_summary_tables_txt.json	B_format_133	BLEU	84	82	3.0079773176768874	4.241006459910475	-1.2330291422335873	-3.043559787538106	0.1870631376122575	0.14861851381486185	pointwise95_percentile	source_cluster	0	1	1.0	96
B	B_context	qwen3	Lezgi	sensitivity83	configs/matched_gold_v2/qwen3_lezgi_grammar_cyrillic_chain_gloss_summary_tables_jpg.json	configs/matched_gold_v2/qwen3_lezgi_grammar_original_chain_gloss_baseline.json	B_context_134	chrF++	83	81	16.84700804983354	18.77547905138926	-1.928471001555721	-3.817464321087159	-0.18100876219136666	0.037469625303746965	pointwise95_percentile	source_cluster	0	1	1.0	264
B	B_context	qwen3	Lezgi	sensitivity83	configs/matched_gold_v2/qwen3_lezgi_grammar_cyrillic_chain_gloss_summary_tables_jpg.json	configs/matched_gold_v2/qwen3_lezgi_grammar_original_chain_gloss_baseline.json	B_context_134	BLEU	83	81	2.1019089586699753	3.6289452909978097	-1.5270363323278344	-3.513333493835294	0.18048982596089638	0.13941860581394186	pointwise95_percentile	source_cluster	0	1	1.0	264
B	B_format	qwen3	Lezgi	sensitivity83	configs/matched_gold_v2/qwen3_lezgi_grammar_cyrillic_chain_gloss_summary_tables_jpg.json	configs/matched_gold_v2/qwen3_lezgi_grammar_cyrillic_chain_gloss_summary_tables_txt.json	B_format_135	chrF++	83	81	16.84700804983354	19.12863145301117	-2.2816234031776297	-3.9957547207138515	-0.6871744020001717	0.007719922800771993	pointwise95_percentile	source_cluster	0	1	0.7102328976710234	96
B	B_format	qwen3	Lezgi	sensitivity83	configs/matched_gold_v2/qwen3_lezgi_grammar_cyrillic_chain_gloss_summary_tables_jpg.json	configs/matched_gold_v2/qwen3_lezgi_grammar_cyrillic_chain_gloss_summary_tables_txt.json	B_format_135	BLEU	83	81	2.1019089586699753	3.614471560532017	-1.5125626018620415	-3.3290794249363636	0.1131518269384582	0.10087899121008789	pointwise95_percentile	source_cluster	0	1	1.0	96
B	B_context	qwen3	Lezgi	valid84	configs/matched_gold_v2/qwen3_lezgi_grammar_cyrillic_chain_gloss_summary_tables_txt.json	configs/matched_gold_v2/qwen3_lezgi_grammar_original_chain_gloss_baseline.json	B_context_136	chrF++	84	82	19.623468679890475	19.263656345955404	0.3598123339350714	-1.201336620634821	1.9595749542877232	0.6535734642653573	pointwise95_percentile	source_cluster	1	1	1.0	264
B	B_context	qwen3	Lezgi	valid84	configs/matched_gold_v2/qwen3_lezgi_grammar_cyrillic_chain_gloss_summary_tables_txt.json	configs/matched_gold_v2/qwen3_lezgi_grammar_original_chain_gloss_baseline.json	B_context_136	BLEU	84	82	4.241006459910475	4.2634809273315035	-0.022474467421028876	-0.5562579237087184	0.4761801321395769	0.9308106918930811	pointwise95_percentile	source_cluster	1	1	1.0	264
B	B_context	qwen3	Lezgi	sensitivity83	configs/matched_gold_v2/qwen3_lezgi_grammar_cyrillic_chain_gloss_summary_tables_txt.json	configs/matched_gold_v2/qwen3_lezgi_grammar_original_chain_gloss_baseline.json	B_context_137	chrF++	83	81	19.12863145301117	18.77547905138926	0.35315240162190875	-1.2261752442999756	1.9711431840478015	0.6616833831661684	pointwise95_percentile	source_cluster	1	1	1.0	264
B	B_context	qwen3	Lezgi	sensitivity83	configs/matched_gold_v2/qwen3_lezgi_grammar_cyrillic_chain_gloss_summary_tables_txt.json	configs/matched_gold_v2/qwen3_lezgi_grammar_original_chain_gloss_baseline.json	B_context_137	BLEU	83	81	3.614471560532017	3.6289452909978097	-0.014473730465792922	-0.5367368063080925	0.4470978977692437	0.953640463595364	pointwise95_percentile	source_cluster	1	1	1.0	264
B	B_context	qwen3	Lezgi	valid84	configs/matched_gold_v2/qwen3_lezgi_grammar_cyrillic_chain_gloss_summary_text_txt.json	configs/matched_gold_v2/qwen3_lezgi_grammar_original_chain_gloss_baseline.json	B_context_138	chrF++	84	82	19.91795082913364	19.263656345955404	0.6542944831782371	-0.8922772612938753	2.087303905361514	0.3913360866391336	pointwise95_percentile	source_cluster	1	1	1.0	264
B	B_context	qwen3	Lezgi	valid84	configs/matched_gold_v2/qwen3_lezgi_grammar_cyrillic_chain_gloss_summary_text_txt.json	configs/matched_gold_v2/qwen3_lezgi_grammar_original_chain_gloss_baseline.json	B_context_138	BLEU	84	82	4.454053926668378	4.2634809273315035	0.1905729993368741	-0.8610159651816164	1.6147125847414077	0.7741622583774163	pointwise95_percentile	source_cluster	1	1	1.0	264
B	B_context	qwen3	Lezgi	sensitivity83	configs/matched_gold_v2/qwen3_lezgi_grammar_cyrillic_chain_gloss_summary_text_txt.json	configs/matched_gold_v2/qwen3_lezgi_grammar_original_chain_gloss_baseline.json	B_context_139	chrF++	83	81	19.537391325341954	18.77547905138926	0.7619122739526922	-0.7817117105593844	2.205396074695338	0.31766682333176666	pointwise95_percentile	source_cluster	1	1	1.0	264
B	B_context	qwen3	Lezgi	sensitivity83	configs/matched_gold_v2/qwen3_lezgi_grammar_cyrillic_chain_gloss_summary_text_txt.json	configs/matched_gold_v2/qwen3_lezgi_grammar_original_chain_gloss_baseline.json	B_context_139	BLEU	83	81	4.070198830594845	3.6289452909978097	0.44125353959703517	-0.5226332313073729	1.8814173814329842	0.5154248457515425	pointwise95_percentile	source_cluster	1	1	1.0	264
B	B_context	qwen3	Lezgi	valid84	configs/matched_gold_v2/qwen3_lezgi_grammar_cyrillic_modelgloss_cheatsheet_jpg.json	configs/matched_gold_v2/qwen3_lezgi_grammar_original_modelgloss_baseline.json	B_context_140	chrF++	84	82	33.91773038077957	34.7787215992417	-0.8609912184621322	-3.4401032683772828	1.4370671767284917	0.4901250987490125	pointwise95_percentile	source_cluster	0	0	1.0	264
B	B_context	qwen3	Lezgi	valid84	configs/matched_gold_v2/qwen3_lezgi_grammar_cyrillic_modelgloss_cheatsheet_jpg.json	configs/matched_gold_v2/qwen3_lezgi_grammar_original_modelgloss_baseline.json	B_context_140	BLEU	84	82	9.778003550854688	8.809500149153884	0.9685034017008043	-0.2311658499808399	2.186342494553607	0.11556884431155688	pointwise95_percentile	source_cluster	0	0	1.0	264
B	B_format	qwen3	Lezgi	valid84	configs/matched_gold_v2/qwen3_lezgi_grammar_cyrillic_modelgloss_cheatsheet_jpg.json	configs/matched_gold_v2/qwen3_lezgi_grammar_cyrillic_modelgloss_cheatsheet_txt.json	B_format_141	chrF++	84	82	33.91773038077957	35.653669692151716	-1.7359393113721495	-4.299597357576639	0.46077140325929394	0.15016849831501686	pointwise95_percentile	source_cluster	0	0	1.0	96
B	B_format	qwen3	Lezgi	valid84	configs/matched_gold_v2/qwen3_lezgi_grammar_cyrillic_modelgloss_cheatsheet_jpg.json	configs/matched_gold_v2/qwen3_lezgi_grammar_cyrillic_modelgloss_cheatsheet_txt.json	B_format_141	BLEU	84	82	9.778003550854688	8.361296025763265	1.4167075250914234	-0.4228331252566742	3.3180077952733837	0.13749862501374988	pointwise95_percentile	source_cluster	0	0	1.0	96
B	B_context	qwen3	Lezgi	sensitivity83	configs/matched_gold_v2/qwen3_lezgi_grammar_cyrillic_modelgloss_cheatsheet_jpg.json	configs/matched_gold_v2/qwen3_lezgi_grammar_original_modelgloss_baseline.json	B_context_142	chrF++	83	81	33.75692431936563	34.507069416673524	-0.7501450973078931	-3.3521515927472825	1.5636221712239868	0.5488945110548894	pointwise95_percentile	source_cluster	0	0	1.0	264
B	B_context	qwen3	Lezgi	sensitivity83	configs/matched_gold_v2/qwen3_lezgi_grammar_cyrillic_modelgloss_cheatsheet_jpg.json	configs/matched_gold_v2/qwen3_lezgi_grammar_original_modelgloss_baseline.json	B_context_142	BLEU	83	81	9.61048325998479	8.463536036072586	1.1469472239122034	-0.00399380105765197	2.3218815298392257	0.05337946620533795	pointwise95_percentile	source_cluster	0	0	1.0	264
B	B_format	qwen3	Lezgi	sensitivity83	configs/matched_gold_v2/qwen3_lezgi_grammar_cyrillic_modelgloss_cheatsheet_jpg.json	configs/matched_gold_v2/qwen3_lezgi_grammar_cyrillic_modelgloss_cheatsheet_txt.json	B_format_143	chrF++	83	81	33.75692431936563	35.38842253901656	-1.6314982196509291	-4.198295784119667	0.5788390177529219	0.17880821191788082	pointwise95_percentile	source_cluster	0	0	1.0	96
B	B_format	qwen3	Lezgi	sensitivity83	configs/matched_gold_v2/qwen3_lezgi_grammar_cyrillic_modelgloss_cheatsheet_jpg.json	configs/matched_gold_v2/qwen3_lezgi_grammar_cyrillic_modelgloss_cheatsheet_txt.json	B_format_143	BLEU	83	81	9.61048325998479	7.981181382527689	1.6293018774571006	-0.1873121625964786	3.5146968593725068	0.08412915870841292	pointwise95_percentile	source_cluster	0	0	1.0	96
B	B_context	qwen3	Lezgi	valid84	configs/matched_gold_v2/qwen3_lezgi_grammar_cyrillic_modelgloss_cheatsheet_txt.json	configs/matched_gold_v2/qwen3_lezgi_grammar_original_modelgloss_baseline.json	B_context_144	chrF++	84	82	35.653669692151716	34.7787215992417	0.8749480929100173	-0.8100043787164415	2.6379813416031648	0.3166468335316647	pointwise95_percentile	source_cluster	0	0	1.0	264
B	B_context	qwen3	Lezgi	valid84	configs/matched_gold_v2/qwen3_lezgi_grammar_cyrillic_modelgloss_cheatsheet_txt.json	configs/matched_gold_v2/qwen3_lezgi_grammar_original_modelgloss_baseline.json	B_context_144	BLEU	84	82	8.361296025763265	8.809500149153884	-0.4482041233906191	-1.8428278561704348	0.805478723322754	0.5171548284517155	pointwise95_percentile	source_cluster	0	0	1.0	264
B	B_context	qwen3	Lezgi	sensitivity83	configs/matched_gold_v2/qwen3_lezgi_grammar_cyrillic_modelgloss_cheatsheet_txt.json	configs/matched_gold_v2/qwen3_lezgi_grammar_original_modelgloss_baseline.json	B_context_145	chrF++	83	81	35.38842253901656	34.507069416673524	0.881353122343036	-0.808223102896843	2.6479105382373294	0.3151568484315157	pointwise95_percentile	source_cluster	0	0	1.0	264
B	B_context	qwen3	Lezgi	sensitivity83	configs/matched_gold_v2/qwen3_lezgi_grammar_cyrillic_modelgloss_cheatsheet_txt.json	configs/matched_gold_v2/qwen3_lezgi_grammar_original_modelgloss_baseline.json	B_context_145	BLEU	83	81	7.981181382527689	8.463536036072586	-0.48235465354489726	-1.9209770358170017	0.8305105009613567	0.5004149958500415	pointwise95_percentile	source_cluster	0	0	1.0	264
B	B_context	qwen3	Lezgi	valid84	configs/matched_gold_v2/qwen3_lezgi_grammar_cyrillic_modelgloss_summary_tables_jpg.json	configs/matched_gold_v2/qwen3_lezgi_grammar_original_modelgloss_baseline.json	B_context_146	chrF++	84	82	34.39811124391053	34.7787215992417	-0.3806103553311715	-2.805926734411213	1.7599001035158397	0.7466325336746632	pointwise95_percentile	source_cluster	0	0	1.0	264
B	B_context	qwen3	Lezgi	valid84	configs/matched_gold_v2/qwen3_lezgi_grammar_cyrillic_modelgloss_summary_tables_jpg.json	configs/matched_gold_v2/qwen3_lezgi_grammar_original_modelgloss_baseline.json	B_context_146	BLEU	84	82	9.99988511275605	8.809500149153884	1.1903849636021668	-0.20343591118868756	2.6666653704211516	0.1015989840101599	pointwise95_percentile	source_cluster	0	0	1.0	264
B	B_format	qwen3	Lezgi	valid84	configs/matched_gold_v2/qwen3_lezgi_grammar_cyrillic_modelgloss_summary_tables_jpg.json	configs/matched_gold_v2/qwen3_lezgi_grammar_cyrillic_modelgloss_summary_tables_txt.json	B_format_147	chrF++	84	82	34.39811124391053	36.19724408095594	-1.7991328370454127	-4.223850967400468	0.2083383250605783	0.10999890001099989	pointwise95_percentile	source_cluster	0	0	1.0	96
B	B_format	qwen3	Lezgi	valid84	configs/matched_gold_v2/qwen3_lezgi_grammar_cyrillic_modelgloss_summary_tables_jpg.json	configs/matched_gold_v2/qwen3_lezgi_grammar_cyrillic_modelgloss_summary_tables_txt.json	B_format_147	BLEU	84	82	9.99988511275605	8.164699953209006	1.835185159547045	0.2961229059000342	3.6576951685351484	0.03189968100318997	pointwise95_percentile	source_cluster	0	0	1.0	96
B	B_context	qwen3	Lezgi	sensitivity83	configs/matched_gold_v2/qwen3_lezgi_grammar_cyrillic_modelgloss_summary_tables_jpg.json	configs/matched_gold_v2/qwen3_lezgi_grammar_original_modelgloss_baseline.json	B_context_148	chrF++	83	81	34.240403960597185	34.507069416673524	-0.26666545607633907	-2.726657437768002	1.8781079931933256	0.8200417995820042	pointwise95_percentile	source_cluster	0	0	1.0	264
B	B_context	qwen3	Lezgi	sensitivity83	configs/matched_gold_v2/qwen3_lezgi_grammar_cyrillic_modelgloss_summary_tables_jpg.json	configs/matched_gold_v2/qwen3_lezgi_grammar_original_modelgloss_baseline.json	B_context_148	BLEU	83	81	9.831310778852785	8.463536036072586	1.367774742780199	0.024511623969032448	2.842992906727453	0.05627943720562795	pointwise95_percentile	source_cluster	0	0	1.0	264
B	B_format	qwen3	Lezgi	sensitivity83	configs/matched_gold_v2/qwen3_lezgi_grammar_cyrillic_modelgloss_summary_tables_jpg.json	configs/matched_gold_v2/qwen3_lezgi_grammar_cyrillic_modelgloss_summary_tables_txt.json	B_format_149	chrF++	83	81	34.240403960597185	35.938656516184366	-1.6982525555871817	-4.136675221344378	0.3101577778193275	0.13212867871321288	pointwise95_percentile	source_cluster	0	0	1.0	96
B	B_format	qwen3	Lezgi	sensitivity83	configs/matched_gold_v2/qwen3_lezgi_grammar_cyrillic_modelgloss_summary_tables_jpg.json	configs/matched_gold_v2/qwen3_lezgi_grammar_cyrillic_modelgloss_summary_tables_txt.json	B_format_149	BLEU	83	81	9.831310778852785	7.817224328292995	2.01408645055979	0.5199167656903734	3.8615804667730558	0.01883981160188398	pointwise95_percentile	source_cluster	0	0	1.0	96
B	B_context	qwen3	Lezgi	valid84	configs/matched_gold_v2/qwen3_lezgi_grammar_cyrillic_modelgloss_summary_tables_txt.json	configs/matched_gold_v2/qwen3_lezgi_grammar_original_modelgloss_baseline.json	B_context_150	chrF++	84	82	36.19724408095594	34.7787215992417	1.4185224817142412	-0.13629929480825015	3.0228428145493944	0.07749922500774992	pointwise95_percentile	source_cluster	0	0	1.0	264
B	B_context	qwen3	Lezgi	valid84	configs/matched_gold_v2/qwen3_lezgi_grammar_cyrillic_modelgloss_summary_tables_txt.json	configs/matched_gold_v2/qwen3_lezgi_grammar_original_modelgloss_baseline.json	B_context_150	BLEU	84	82	8.164699953209006	8.809500149153884	-0.6448001959448781	-1.7153055802422696	0.23146074770339	0.18979810201897981	pointwise95_percentile	source_cluster	0	0	1.0	264
B	B_context	qwen3	Lezgi	sensitivity83	configs/matched_gold_v2/qwen3_lezgi_grammar_cyrillic_modelgloss_summary_tables_txt.json	configs/matched_gold_v2/qwen3_lezgi_grammar_original_modelgloss_baseline.json	B_context_151	chrF++	83	81	35.938656516184366	34.507069416673524	1.4315870995108426	-0.13446276426498666	3.031593378610558	0.07566924330756693	pointwise95_percentile	source_cluster	0	0	1.0	264
B	B_context	qwen3	Lezgi	sensitivity83	configs/matched_gold_v2/qwen3_lezgi_grammar_cyrillic_modelgloss_summary_tables_txt.json	configs/matched_gold_v2/qwen3_lezgi_grammar_original_modelgloss_baseline.json	B_context_151	BLEU	83	81	7.817224328292995	8.463536036072586	-0.6463117077795912	-1.7772640226561311	0.256932824073377	0.2055679443205568	pointwise95_percentile	source_cluster	0	0	1.0	264
B	B_context	qwen3	Lezgi	valid84	configs/matched_gold_v2/qwen3_lezgi_grammar_cyrillic_modelgloss_summary_text_txt.json	configs/matched_gold_v2/qwen3_lezgi_grammar_original_modelgloss_baseline.json	B_context_152	chrF++	84	82	36.33876122240194	34.7787215992417	1.5600396231602431	-0.24249220810743083	3.4956817019760376	0.1006189938100619	pointwise95_percentile	source_cluster	0	0	1.0	264
B	B_context	qwen3	Lezgi	valid84	configs/matched_gold_v2/qwen3_lezgi_grammar_cyrillic_modelgloss_summary_text_txt.json	configs/matched_gold_v2/qwen3_lezgi_grammar_original_modelgloss_baseline.json	B_context_152	BLEU	84	82	8.977775694275225	8.809500149153884	0.16827554512134135	-1.62075145161034	2.1187472438088286	0.8601013989860101	pointwise95_percentile	source_cluster	0	0	1.0	264
B	B_context	qwen3	Lezgi	sensitivity83	configs/matched_gold_v2/qwen3_lezgi_grammar_cyrillic_modelgloss_summary_text_txt.json	configs/matched_gold_v2/qwen3_lezgi_grammar_original_modelgloss_baseline.json	B_context_153	chrF++	83	81	36.08063683382538	34.507069416673524	1.5735674171518568	-0.23678435493800104	3.5245940439310353	0.1000989990100099	pointwise95_percentile	source_cluster	0	0	1.0	264
B	B_context	qwen3	Lezgi	sensitivity83	configs/matched_gold_v2/qwen3_lezgi_grammar_cyrillic_modelgloss_summary_text_txt.json	configs/matched_gold_v2/qwen3_lezgi_grammar_original_modelgloss_baseline.json	B_context_153	BLEU	83	81	8.65584400382731	8.463536036072586	0.19230796775472392	-1.658679354677146	2.2208463683195956	0.8453015469845302	pointwise95_percentile	source_cluster	0	0	1.0	264
B	B_context	qwen3	Lezgi	valid84	configs/matched_gold_v2/qwen3_lezgi_grammar_cyrillic_shot_cheatsheet_jpg.json	configs/matched_gold_v2/qwen3_lezgi_grammar_original_shot_baseline.json	B_context_154	chrF++	84	82	18.134572342477696	19.88813382572778	-1.7535614832500848	-3.4606333387560833	-0.24994022701222782	0.032309676903230965	pointwise95_percentile	source_cluster	5	0	1.0	264
B	B_context	qwen3	Lezgi	valid84	configs/matched_gold_v2/qwen3_lezgi_grammar_cyrillic_shot_cheatsheet_jpg.json	configs/matched_gold_v2/qwen3_lezgi_grammar_original_shot_baseline.json	B_context_154	BLEU	84	82	3.8595786617174768	3.9325841331684206	-0.07300547145094383	-1.32772292765262	0.6784579995854294	0.8999710002899971	pointwise95_percentile	source_cluster	5	0	1.0	264
B	B_format	qwen3	Lezgi	valid84	configs/matched_gold_v2/qwen3_lezgi_grammar_cyrillic_shot_cheatsheet_jpg.json	configs/matched_gold_v2/qwen3_lezgi_grammar_cyrillic_shot_cheatsheet_txt.json	B_format_155	chrF++	84	82	18.134572342477696	19.7428067370607	-1.608234394583004	-3.29677701270887	-0.027652418857832813	0.053789462105378945	pointwise95_percentile	source_cluster	5	0	1.0	96
B	B_format	qwen3	Lezgi	valid84	configs/matched_gold_v2/qwen3_lezgi_grammar_cyrillic_shot_cheatsheet_jpg.json	configs/matched_gold_v2/qwen3_lezgi_grammar_cyrillic_shot_cheatsheet_txt.json	B_format_155	BLEU	84	82	3.8595786617174768	4.005859381309376	-0.14628071959189937	-1.543961524802806	0.8335903775126777	0.8073719262807372	pointwise95_percentile	source_cluster	5	0	1.0	96
B	B_context	qwen3	Lezgi	sensitivity83	configs/matched_gold_v2/qwen3_lezgi_grammar_cyrillic_shot_cheatsheet_jpg.json	configs/matched_gold_v2/qwen3_lezgi_grammar_original_shot_baseline.json	B_context_156	chrF++	83	81	17.635884205502364	19.399955223598734	-1.7640710180963701	-3.511100914756823	-0.24937114777462369	0.034699653003469964	pointwise95_percentile	source_cluster	5	0	1.0	264
B	B_context	qwen3	Lezgi	sensitivity83	configs/matched_gold_v2/qwen3_lezgi_grammar_cyrillic_shot_cheatsheet_jpg.json	configs/matched_gold_v2/qwen3_lezgi_grammar_original_shot_baseline.json	B_context_156	BLEU	83	81	3.1097808033888006	3.289458797924168	-0.17967799453536726	-1.5165270455684106	0.6091064582361031	0.7877721222787772	pointwise95_percentile	source_cluster	5	0	1.0	264
B	B_format	qwen3	Lezgi	sensitivity83	configs/matched_gold_v2/qwen3_lezgi_grammar_cyrillic_shot_cheatsheet_jpg.json	configs/matched_gold_v2/qwen3_lezgi_grammar_cyrillic_shot_cheatsheet_txt.json	B_format_157	chrF++	83	81	17.635884205502364	19.279012270881786	-1.6431280653794218	-3.3658951773742154	-0.058205564971819	0.05134948650513495	pointwise95_percentile	source_cluster	5	0	1.0	96
B	B_format	qwen3	Lezgi	sensitivity83	configs/matched_gold_v2/qwen3_lezgi_grammar_cyrillic_shot_cheatsheet_jpg.json	configs/matched_gold_v2/qwen3_lezgi_grammar_cyrillic_shot_cheatsheet_txt.json	B_format_157	BLEU	83	81	3.1097808033888006	3.412175726568441	-0.30239492317964034	-1.7615797511980917	0.7015627313663961	0.6404235957640424	pointwise95_percentile	source_cluster	5	0	1.0	96
B	B_context	qwen3	Lezgi	valid84	configs/matched_gold_v2/qwen3_lezgi_grammar_cyrillic_shot_cheatsheet_txt.json	configs/matched_gold_v2/qwen3_lezgi_grammar_original_shot_baseline.json	B_context_158	chrF++	84	82	19.7428067370607	19.88813382572778	-0.14532708866708077	-1.4935193922885468	1.144206564329474	0.8248717512824871	pointwise95_percentile	source_cluster	0	0	1.0	264
B	B_context	qwen3	Lezgi	valid84	configs/matched_gold_v2/qwen3_lezgi_grammar_cyrillic_shot_cheatsheet_txt.json	configs/matched_gold_v2/qwen3_lezgi_grammar_original_shot_baseline.json	B_context_158	BLEU	84	82	4.005859381309376	3.9325841331684206	0.07327524814095554	-1.2898471151365027	1.4749916997947052	0.91310086899131	pointwise95_percentile	source_cluster	0	0	1.0	264
B	B_context	qwen3	Lezgi	sensitivity83	configs/matched_gold_v2/qwen3_lezgi_grammar_cyrillic_shot_cheatsheet_txt.json	configs/matched_gold_v2/qwen3_lezgi_grammar_original_shot_baseline.json	B_context_159	chrF++	83	81	19.279012270881786	19.399955223598734	-0.12094295271694833	-1.4758770003249886	1.1760898493129412	0.8581914180858191	pointwise95_percentile	source_cluster	0	0	1.0	264
B	B_context	qwen3	Lezgi	sensitivity83	configs/matched_gold_v2/qwen3_lezgi_grammar_cyrillic_shot_cheatsheet_txt.json	configs/matched_gold_v2/qwen3_lezgi_grammar_original_shot_baseline.json	B_context_159	BLEU	83	81	3.412175726568441	3.289458797924168	0.12271692864427308	-1.3554048025678305	1.6550991837126814	0.8644213557864421	pointwise95_percentile	source_cluster	0	0	1.0	264
B	B_context	qwen3	Lezgi	valid84	configs/matched_gold_v2/qwen3_lezgi_grammar_cyrillic_shot_summary_tables_jpg.json	configs/matched_gold_v2/qwen3_lezgi_grammar_original_shot_baseline.json	B_context_160	chrF++	84	82	18.74255655535613	19.88813382572778	-1.1455772703716498	-2.603608907213401	0.038882761877663576	0.0865191348086519	pointwise95_percentile	source_cluster	5	0	1.0	264
B	B_context	qwen3	Lezgi	valid84	configs/matched_gold_v2/qwen3_lezgi_grammar_cyrillic_shot_summary_tables_jpg.json	configs/matched_gold_v2/qwen3_lezgi_grammar_original_shot_baseline.json	B_context_160	BLEU	84	82	3.7131782058267957	3.9325841331684206	-0.2194059273416249	-1.4049595402606714	0.5056798448577944	0.6818831811681884	pointwise95_percentile	source_cluster	5	0	1.0	264
B	B_format	qwen3	Lezgi	valid84	configs/matched_gold_v2/qwen3_lezgi_grammar_cyrillic_shot_summary_tables_jpg.json	configs/matched_gold_v2/qwen3_lezgi_grammar_cyrillic_shot_summary_tables_txt.json	B_format_161	chrF++	84	82	18.74255655535613	19.943780968019542	-1.2012244126634108	-3.054752807143986	0.35775470867039455	0.15943840561594383	pointwise95_percentile	source_cluster	5	1	1.0	96
B	B_format	qwen3	Lezgi	valid84	configs/matched_gold_v2/qwen3_lezgi_grammar_cyrillic_shot_summary_tables_jpg.json	configs/matched_gold_v2/qwen3_lezgi_grammar_cyrillic_shot_summary_tables_txt.json	B_format_161	BLEU	84	82	3.7131782058267957	4.075073258024172	-0.3618950521973767	-1.84165783792726	0.6615965602920457	0.5757842421575784	pointwise95_percentile	source_cluster	5	1	1.0	96
B	B_context	qwen3	Lezgi	sensitivity83	configs/matched_gold_v2/qwen3_lezgi_grammar_cyrillic_shot_summary_tables_jpg.json	configs/matched_gold_v2/qwen3_lezgi_grammar_original_shot_baseline.json	B_context_162	chrF++	83	81	18.238174520639333	19.399955223598734	-1.1617807029594012	-2.632277175802784	0.03110045107245184	0.08383916160838392	pointwise95_percentile	source_cluster	5	0	1.0	264
B	B_context	qwen3	Lezgi	sensitivity83	configs/matched_gold_v2/qwen3_lezgi_grammar_cyrillic_shot_summary_tables_jpg.json	configs/matched_gold_v2/qwen3_lezgi_grammar_original_shot_baseline.json	B_context_162	BLEU	83	81	2.980390264385746	3.289458797924168	-0.3090685335384218	-1.586999243334841	0.4542458044839889	0.6137738622613774	pointwise95_percentile	source_cluster	5	0	1.0	264
B	B_format	qwen3	Lezgi	sensitivity83	configs/matched_gold_v2/qwen3_lezgi_grammar_cyrillic_shot_summary_tables_jpg.json	configs/matched_gold_v2/qwen3_lezgi_grammar_cyrillic_shot_summary_tables_txt.json	B_format_163	chrF++	83	81	18.238174520639333	19.48529306430385	-1.2471185436645165	-3.1129164903808393	0.3232620660994923	0.14673853261467384	pointwise95_percentile	source_cluster	5	1	1.0	96
B	B_format	qwen3	Lezgi	sensitivity83	configs/matched_gold_v2/qwen3_lezgi_grammar_cyrillic_shot_summary_tables_jpg.json	configs/matched_gold_v2/qwen3_lezgi_grammar_cyrillic_shot_summary_tables_txt.json	B_format_163	BLEU	83	81	2.980390264385746	3.532603882735251	-0.552213618349505	-2.1103589011213457	0.5330346947956094	0.4299157008429916	pointwise95_percentile	source_cluster	5	1	1.0	96
B	B_context	qwen3	Lezgi	valid84	configs/matched_gold_v2/qwen3_lezgi_grammar_cyrillic_shot_summary_tables_txt.json	configs/matched_gold_v2/qwen3_lezgi_grammar_original_shot_baseline.json	B_context_164	chrF++	84	82	19.943780968019542	19.88813382572778	0.05564714229176104	-0.9815412738534539	1.1077218608861774	0.916190838091619	pointwise95_percentile	source_cluster	1	0	1.0	264
B	B_context	qwen3	Lezgi	valid84	configs/matched_gold_v2/qwen3_lezgi_grammar_cyrillic_shot_summary_tables_txt.json	configs/matched_gold_v2/qwen3_lezgi_grammar_original_shot_baseline.json	B_context_164	BLEU	84	82	4.075073258024172	3.9325841331684206	0.14248912485575183	-0.5860876157790542	1.1956652505375143	0.7666023339766602	pointwise95_percentile	source_cluster	1	0	1.0	264
B	B_context	qwen3	Lezgi	sensitivity83	configs/matched_gold_v2/qwen3_lezgi_grammar_cyrillic_shot_summary_tables_txt.json	configs/matched_gold_v2/qwen3_lezgi_grammar_original_shot_baseline.json	B_context_165	chrF++	83	81	19.48529306430385	19.399955223598734	0.0853378407051153	-0.9563737926893	1.1425587827313193	0.8724112758872411	pointwise95_percentile	source_cluster	1	0	1.0	264
B	B_context	qwen3	Lezgi	sensitivity83	configs/matched_gold_v2/qwen3_lezgi_grammar_cyrillic_shot_summary_tables_txt.json	configs/matched_gold_v2/qwen3_lezgi_grammar_original_shot_baseline.json	B_context_165	BLEU	83	81	3.532603882735251	3.289458797924168	0.2431450848110832	-0.4720021511363275	1.3627971037493718	0.6403935960640393	pointwise95_percentile	source_cluster	1	0	1.0	264
B	B_context	qwen3	Lezgi	valid84	configs/matched_gold_v2/qwen3_lezgi_grammar_cyrillic_shot_summary_text_txt.json	configs/matched_gold_v2/qwen3_lezgi_grammar_original_shot_baseline.json	B_context_166	chrF++	84	82	20.199629243911353	19.88813382572778	0.31149541818357207	-1.0466665919119136	1.745259805299239	0.6606933930660693	pointwise95_percentile	source_cluster	0	0	1.0	264
B	B_context	qwen3	Lezgi	valid84	configs/matched_gold_v2/qwen3_lezgi_grammar_cyrillic_shot_summary_text_txt.json	configs/matched_gold_v2/qwen3_lezgi_grammar_original_shot_baseline.json	B_context_166	BLEU	84	82	3.7753492121835484	3.9325841331684206	-0.15723492098487224	-1.412638120285305	1.0960217984382292	0.7892921070789292	pointwise95_percentile	source_cluster	0	0	1.0	264
B	B_context	qwen3	Lezgi	sensitivity83	configs/matched_gold_v2/qwen3_lezgi_grammar_cyrillic_shot_summary_text_txt.json	configs/matched_gold_v2/qwen3_lezgi_grammar_original_shot_baseline.json	B_context_167	chrF++	83	81	19.74612680893621	19.399955223598734	0.3461715853374763	-1.016658728988633	1.796204782604477	0.6280237197628024	pointwise95_percentile	source_cluster	0	0	1.0	264
B	B_context	qwen3	Lezgi	sensitivity83	configs/matched_gold_v2/qwen3_lezgi_grammar_cyrillic_shot_summary_text_txt.json	configs/matched_gold_v2/qwen3_lezgi_grammar_original_shot_baseline.json	B_context_167	BLEU	83	81	3.216105694236683	3.289458797924168	-0.07335310368748482	-1.4669325635213537	1.2586723401405078	0.9072309276907231	pointwise95_percentile	source_cluster	0	0	1.0	264
B	B_context	qwen3	Lezgi	valid84	configs/matched_gold_v2/qwen3_lezgi_grammar_original_chain_gloss_cheatsheet_jpg.json	configs/matched_gold_v2/qwen3_lezgi_grammar_original_chain_gloss_baseline.json	B_context_168	chrF++	84	82	17.74044653475053	19.263656345955404	-1.5232098112048753	-3.585942019443284	0.49610775029387105	0.13999860001399986	pointwise95_percentile	source_cluster	1	1	1.0	264
B	B_context	qwen3	Lezgi	valid84	configs/matched_gold_v2/qwen3_lezgi_grammar_original_chain_gloss_cheatsheet_jpg.json	configs/matched_gold_v2/qwen3_lezgi_grammar_original_chain_gloss_baseline.json	B_context_168	BLEU	84	82	4.09816818515882	4.2634809273315035	-0.16531274217268344	-2.4219244174647776	1.824992821801199	0.8787612123878761	pointwise95_percentile	source_cluster	1	1	1.0	264
B	B_format	qwen3	Lezgi	valid84	configs/matched_gold_v2/qwen3_lezgi_grammar_original_chain_gloss_cheatsheet_jpg.json	configs/matched_gold_v2/qwen3_lezgi_grammar_original_chain_gloss_cheatsheet_txt.json	B_format_169	chrF++	84	82	17.74044653475053	20.250525144731142	-2.5100786099806136	-4.354302990541698	-0.7701352067801567	0.006389936100638993	pointwise95_percentile	source_cluster	1	0	0.6006539934600654	96
B	B_format	qwen3	Lezgi	valid84	configs/matched_gold_v2/qwen3_lezgi_grammar_original_chain_gloss_cheatsheet_jpg.json	configs/matched_gold_v2/qwen3_lezgi_grammar_original_chain_gloss_cheatsheet_txt.json	B_format_169	BLEU	84	82	4.09816818515882	3.8527102513783973	0.2454579337804228	-0.5776437107707085	1.0230004415499598	0.5480545194548054	pointwise95_percentile	source_cluster	1	0	1.0	96
B	B_context	qwen3	Lezgi	sensitivity83	configs/matched_gold_v2/qwen3_lezgi_grammar_original_chain_gloss_cheatsheet_jpg.json	configs/matched_gold_v2/qwen3_lezgi_grammar_original_chain_gloss_baseline.json	B_context_170	chrF++	83	81	17.21577549868455	18.77547905138926	-1.5597035527047112	-3.6299171612613876	0.47281143819888627	0.13638863611363886	pointwise95_percentile	source_cluster	1	1	1.0	264
B	B_context	qwen3	Lezgi	sensitivity83	configs/matched_gold_v2/qwen3_lezgi_grammar_original_chain_gloss_cheatsheet_jpg.json	configs/matched_gold_v2/qwen3_lezgi_grammar_original_chain_gloss_baseline.json	B_context_170	BLEU	83	81	3.309753897220772	3.6289452909978097	-0.31919139377703765	-2.7130082104725877	1.9348998546321883	0.7918820811791882	pointwise95_percentile	source_cluster	1	1	1.0	264
B	B_format	qwen3	Lezgi	sensitivity83	configs/matched_gold_v2/qwen3_lezgi_grammar_original_chain_gloss_cheatsheet_jpg.json	configs/matched_gold_v2/qwen3_lezgi_grammar_original_chain_gloss_cheatsheet_txt.json	B_format_171	chrF++	83	81	17.21577549868455	19.75800167351283	-2.5422261748282793	-4.40547890531097	-0.7914928570505306	0.006389936100638993	pointwise95_percentile	source_cluster	1	0	0.6006539934600654	96
B	B_format	qwen3	Lezgi	sensitivity83	configs/matched_gold_v2/qwen3_lezgi_grammar_original_chain_gloss_cheatsheet_jpg.json	configs/matched_gold_v2/qwen3_lezgi_grammar_original_chain_gloss_cheatsheet_txt.json	B_format_171	BLEU	83	81	3.309753897220772	3.085524341187607	0.22422955603316508	-0.5790634766402039	1.0606933285056175	0.5934340656593434	pointwise95_percentile	source_cluster	1	0	1.0	96
B	B_context	qwen3	Lezgi	valid84	configs/matched_gold_v2/qwen3_lezgi_grammar_original_chain_gloss_cheatsheet_txt.json	configs/matched_gold_v2/qwen3_lezgi_grammar_original_chain_gloss_baseline.json	B_context_172	chrF++	84	82	20.250525144731142	19.263656345955404	0.9868687987757383	-0.8573170486808076	2.984938363718019	0.3080269197308027	pointwise95_percentile	source_cluster	0	1	1.0	264
B	B_context	qwen3	Lezgi	valid84	configs/matched_gold_v2/qwen3_lezgi_grammar_original_chain_gloss_cheatsheet_txt.json	configs/matched_gold_v2/qwen3_lezgi_grammar_original_chain_gloss_baseline.json	B_context_172	BLEU	84	82	3.8527102513783973	4.2634809273315035	-0.41077067595310623	-2.258582326899612	1.37744935446835	0.6489335106648934	pointwise95_percentile	source_cluster	0	1	1.0	264
B	B_context	qwen3	Lezgi	sensitivity83	configs/matched_gold_v2/qwen3_lezgi_grammar_original_chain_gloss_cheatsheet_txt.json	configs/matched_gold_v2/qwen3_lezgi_grammar_original_chain_gloss_baseline.json	B_context_173	chrF++	83	81	19.75800167351283	18.77547905138926	0.9825226221235681	-0.868720503166821	2.982839756302486	0.31705682943170566	pointwise95_percentile	source_cluster	0	1	1.0	264
B	B_context	qwen3	Lezgi	sensitivity83	configs/matched_gold_v2/qwen3_lezgi_grammar_original_chain_gloss_cheatsheet_txt.json	configs/matched_gold_v2/qwen3_lezgi_grammar_original_chain_gloss_baseline.json	B_context_173	BLEU	83	81	3.085524341187607	3.6289452909978097	-0.5434209498102027	-2.573238303738418	1.5159503243460348	0.6024639753602464	pointwise95_percentile	source_cluster	0	1	1.0	264
B	B_context	qwen3	Lezgi	valid84	configs/matched_gold_v2/qwen3_lezgi_grammar_original_chain_gloss_pdfpages_impactful_jpg.json	configs/matched_gold_v2/qwen3_lezgi_grammar_original_chain_gloss_baseline.json	B_context_174	chrF++	84	82	17.62296012218464	19.263656345955404	-1.6406962237707639	-3.4890977822159623	0.12535632279025274	0.07425925740742592	pointwise95_percentile	source_cluster	1	1	1.0	264
B	B_context	qwen3	Lezgi	valid84	configs/matched_gold_v2/qwen3_lezgi_grammar_original_chain_gloss_pdfpages_impactful_jpg.json	configs/matched_gold_v2/qwen3_lezgi_grammar_original_chain_gloss_baseline.json	B_context_174	BLEU	84	82	3.6017549898583354	4.2634809273315035	-0.6617259374731681	-2.724589609440151	0.9886698702325947	0.4906350936490635	pointwise95_percentile	source_cluster	1	1	1.0	264
B	B_context	qwen3	Lezgi	sensitivity83	configs/matched_gold_v2/qwen3_lezgi_grammar_original_chain_gloss_pdfpages_impactful_jpg.json	configs/matched_gold_v2/qwen3_lezgi_grammar_original_chain_gloss_baseline.json	B_context_175	chrF++	83	81	17.11240530532663	18.77547905138926	-1.6630737460626328	-3.513385786273595	0.11400469082623309	0.07172928270717292	pointwise95_percentile	source_cluster	1	1	1.0	264
B	B_context	qwen3	Lezgi	sensitivity83	configs/matched_gold_v2/qwen3_lezgi_grammar_original_chain_gloss_pdfpages_impactful_jpg.json	configs/matched_gold_v2/qwen3_lezgi_grammar_original_chain_gloss_baseline.json	B_context_175	BLEU	83	81	2.736581348504056	3.6289452909978097	-0.8923639424937537	-3.0627893910345394	1.0297803796968183	0.4081359186408136	pointwise95_percentile	source_cluster	1	1	1.0	264
B	B_context	qwen3	Lezgi	valid84	configs/matched_gold_v2/qwen3_lezgi_grammar_original_chain_gloss_summary_tables_jpg.json	configs/matched_gold_v2/qwen3_lezgi_grammar_original_chain_gloss_baseline.json	B_context_176	chrF++	84	82	17.81352044607095	19.263656345955404	-1.4501358998844545	-3.417906621186219	0.36676031781520974	0.13206867931320687	pointwise95_percentile	source_cluster	0	1	1.0	264
B	B_context	qwen3	Lezgi	valid84	configs/matched_gold_v2/qwen3_lezgi_grammar_original_chain_gloss_summary_tables_jpg.json	configs/matched_gold_v2/qwen3_lezgi_grammar_original_chain_gloss_baseline.json	B_context_176	BLEU	84	82	3.62465680344157	4.2634809273315035	-0.6388241238899335	-2.7149202258878025	1.1915796000490642	0.5221847781522185	pointwise95_percentile	source_cluster	0	1	1.0	264
B	B_format	qwen3	Lezgi	valid84	configs/matched_gold_v2/qwen3_lezgi_grammar_original_chain_gloss_summary_tables_jpg.json	configs/matched_gold_v2/qwen3_lezgi_grammar_original_chain_gloss_summary_tables_txt.json	B_format_177	chrF++	84	82	17.81352044607095	20.206960361507555	-2.3934399154366055	-4.572384936894348	-0.3258710737085228	0.027869721302786973	pointwise95_percentile	source_cluster	0	0	1.0	96
B	B_format	qwen3	Lezgi	valid84	configs/matched_gold_v2/qwen3_lezgi_grammar_original_chain_gloss_summary_tables_jpg.json	configs/matched_gold_v2/qwen3_lezgi_grammar_original_chain_gloss_summary_tables_txt.json	B_format_177	BLEU	84	82	3.62465680344157	4.096434932180941	-0.47177812873937075	-2.162400212950439	1.0004062089190613	0.5524344756552434	pointwise95_percentile	source_cluster	0	0	1.0	96
B	B_context	qwen3	Lezgi	sensitivity83	configs/matched_gold_v2/qwen3_lezgi_grammar_original_chain_gloss_summary_tables_jpg.json	configs/matched_gold_v2/qwen3_lezgi_grammar_original_chain_gloss_baseline.json	B_context_178	chrF++	83	81	17.293331830480344	18.77547905138926	-1.4821472209089173	-3.479428410848748	0.360174171812363	0.12724872751272487	pointwise95_percentile	source_cluster	0	1	1.0	264
B	B_context	qwen3	Lezgi	sensitivity83	configs/matched_gold_v2/qwen3_lezgi_grammar_original_chain_gloss_summary_tables_jpg.json	configs/matched_gold_v2/qwen3_lezgi_grammar_original_chain_gloss_baseline.json	B_context_178	BLEU	83	81	2.8239967739337324	3.6289452909978097	-0.8049485170640773	-3.0281103117968944	1.2913040262559377	0.46832531674683253	pointwise95_percentile	source_cluster	0	1	1.0	264
B	B_format	qwen3	Lezgi	sensitivity83	configs/matched_gold_v2/qwen3_lezgi_grammar_original_chain_gloss_summary_tables_jpg.json	configs/matched_gold_v2/qwen3_lezgi_grammar_original_chain_gloss_summary_tables_txt.json	B_format_179	chrF++	83	81	17.293331830480344	19.713439470010208	-2.4201076395298635	-4.60889513926641	-0.3053588160877807	0.02829971700282997	pointwise95_percentile	source_cluster	0	0	1.0	96
B	B_format	qwen3	Lezgi	sensitivity83	configs/matched_gold_v2/qwen3_lezgi_grammar_original_chain_gloss_summary_tables_jpg.json	configs/matched_gold_v2/qwen3_lezgi_grammar_original_chain_gloss_summary_tables_txt.json	B_format_179	BLEU	83	81	2.8239967739337324	3.4154691512961266	-0.5914723773623942	-2.4106949285775694	1.112865943956081	0.5076649233507665	pointwise95_percentile	source_cluster	0	0	1.0	96
B	B_context	qwen3	Lezgi	valid84	configs/matched_gold_v2/qwen3_lezgi_grammar_original_chain_gloss_summary_tables_txt.json	configs/matched_gold_v2/qwen3_lezgi_grammar_original_chain_gloss_baseline.json	B_context_180	chrF++	84	82	20.206960361507555	19.263656345955404	0.943304015552151	-1.4110623938095654	3.3211504208678355	0.42721572784272155	pointwise95_percentile	source_cluster	0	1	1.0	264
B	B_context	qwen3	Lezgi	valid84	configs/matched_gold_v2/qwen3_lezgi_grammar_original_chain_gloss_summary_tables_txt.json	configs/matched_gold_v2/qwen3_lezgi_grammar_original_chain_gloss_baseline.json	B_context_180	BLEU	84	82	4.096434932180941	4.2634809273315035	-0.16704599515056273	-2.3038842957263563	1.9630811435164826	0.8760712392876071	pointwise95_percentile	source_cluster	0	1	1.0	264
B	B_context	qwen3	Lezgi	sensitivity83	configs/matched_gold_v2/qwen3_lezgi_grammar_original_chain_gloss_summary_tables_txt.json	configs/matched_gold_v2/qwen3_lezgi_grammar_original_chain_gloss_baseline.json	B_context_181	chrF++	83	81	19.713439470010208	18.77547905138926	0.9379604186209463	-1.4360281685612892	3.308096012641884	0.43564564354356455	pointwise95_percentile	source_cluster	0	1	1.0	264
B	B_context	qwen3	Lezgi	sensitivity83	configs/matched_gold_v2/qwen3_lezgi_grammar_original_chain_gloss_summary_tables_txt.json	configs/matched_gold_v2/qwen3_lezgi_grammar_original_chain_gloss_baseline.json	B_context_181	BLEU	83	81	3.4154691512961266	3.6289452909978097	-0.2134761397016831	-2.5266639253356677	2.1553837749185925	0.8596914030859691	pointwise95_percentile	source_cluster	0	1	1.0	264
B	B_context	qwen3	Lezgi	valid84	configs/matched_gold_v2/qwen3_lezgi_grammar_original_chain_gloss_summary_text_txt.json	configs/matched_gold_v2/qwen3_lezgi_grammar_original_chain_gloss_baseline.json	B_context_182	chrF++	84	82	20.8062595129789	19.263656345955404	1.542603167023497	-0.22518477440375764	3.341121095313987	0.08850911490885091	pointwise95_percentile	source_cluster	0	1	1.0	264
B	B_context	qwen3	Lezgi	valid84	configs/matched_gold_v2/qwen3_lezgi_grammar_original_chain_gloss_summary_text_txt.json	configs/matched_gold_v2/qwen3_lezgi_grammar_original_chain_gloss_baseline.json	B_context_182	BLEU	84	82	3.9647811949743472	4.2634809273315035	-0.2986997323571563	-2.2782435451286345	1.5169667911745819	0.7530124698753012	pointwise95_percentile	source_cluster	0	1	1.0	264
B	B_context	qwen3	Lezgi	sensitivity83	configs/matched_gold_v2/qwen3_lezgi_grammar_original_chain_gloss_summary_text_txt.json	configs/matched_gold_v2/qwen3_lezgi_grammar_original_chain_gloss_baseline.json	B_context_183	chrF++	83	81	20.337639397408754	18.77547905138926	1.5621603460194926	-0.20867096874560287	3.3797506163117137	0.08801911980880191	pointwise95_percentile	source_cluster	0	1	1.0	264
B	B_context	qwen3	Lezgi	sensitivity83	configs/matched_gold_v2/qwen3_lezgi_grammar_original_chain_gloss_summary_text_txt.json	configs/matched_gold_v2/qwen3_lezgi_grammar_original_chain_gloss_baseline.json	B_context_183	BLEU	83	81	3.2439131171018403	3.6289452909978097	-0.38503217389596944	-2.550445214501231	1.7213071302981082	0.7308626913730862	pointwise95_percentile	source_cluster	0	1	1.0	264
B	B_context	qwen3	Lezgi	valid84	configs/matched_gold_v2/qwen3_lezgi_grammar_original_modelgloss_cheatsheet_jpg.json	configs/matched_gold_v2/qwen3_lezgi_grammar_original_modelgloss_baseline.json	B_context_184	chrF++	84	82	34.65257251566719	34.7787215992417	-0.1261490835745107	-2.3736858028110754	2.0437046098731506	0.9122308776912231	pointwise95_percentile	source_cluster	0	0	1.0	264
B	B_context	qwen3	Lezgi	valid84	configs/matched_gold_v2/qwen3_lezgi_grammar_original_modelgloss_cheatsheet_jpg.json	configs/matched_gold_v2/qwen3_lezgi_grammar_original_modelgloss_baseline.json	B_context_184	BLEU	84	82	8.491878444480438	8.809500149153884	-0.31762170467344575	-2.626914654483974	2.04516185390279	0.7915920840791593	pointwise95_percentile	source_cluster	0	0	1.0	264
B	B_format	qwen3	Lezgi	valid84	configs/matched_gold_v2/qwen3_lezgi_grammar_original_modelgloss_cheatsheet_jpg.json	configs/matched_gold_v2/qwen3_lezgi_grammar_original_modelgloss_cheatsheet_txt.json	B_format_185	chrF++	84	82	34.65257251566719	35.68155831576042	-1.0289858000932313	-2.784515198818299	0.6104826505240863	0.23402765972340275	pointwise95_percentile	source_cluster	0	0	1.0	96
B	B_format	qwen3	Lezgi	valid84	configs/matched_gold_v2/qwen3_lezgi_grammar_original_modelgloss_cheatsheet_jpg.json	configs/matched_gold_v2/qwen3_lezgi_grammar_original_modelgloss_cheatsheet_txt.json	B_format_185	BLEU	84	82	8.491878444480438	8.853132307430887	-0.3612538629504485	-2.212905456989861	1.473381749645903	0.7005629943700563	pointwise95_percentile	source_cluster	0	0	1.0	96
B	B_context	qwen3	Lezgi	sensitivity83	configs/matched_gold_v2/qwen3_lezgi_grammar_original_modelgloss_cheatsheet_jpg.json	configs/matched_gold_v2/qwen3_lezgi_grammar_original_modelgloss_baseline.json	B_context_186	chrF++	83	81	34.49703246001068	34.507069416673524	-0.010036956662844432	-2.27443746051356	2.164129781399094	0.993160068399316	pointwise95_percentile	source_cluster	0	0	1.0	264
B	B_context	qwen3	Lezgi	sensitivity83	configs/matched_gold_v2/qwen3_lezgi_grammar_original_modelgloss_cheatsheet_jpg.json	configs/matched_gold_v2/qwen3_lezgi_grammar_original_modelgloss_baseline.json	B_context_186	BLEU	83	81	8.288795820227232	8.463536036072586	-0.17474021584535393	-2.5723455616657214	2.2874979791376635	0.8887711122888771	pointwise95_percentile	source_cluster	0	0	1.0	264
B	B_format	qwen3	Lezgi	sensitivity83	configs/matched_gold_v2/qwen3_lezgi_grammar_original_modelgloss_cheatsheet_jpg.json	configs/matched_gold_v2/qwen3_lezgi_grammar_original_modelgloss_cheatsheet_txt.json	B_format_187	chrF++	83	81	34.49703246001068	35.41577210707529	-0.9187396470646121	-2.669776141683462	0.7173561020734233	0.2893871061289387	pointwise95_percentile	source_cluster	0	0	1.0	96
B	B_format	qwen3	Lezgi	sensitivity83	configs/matched_gold_v2/qwen3_lezgi_grammar_original_modelgloss_cheatsheet_jpg.json	configs/matched_gold_v2/qwen3_lezgi_grammar_original_modelgloss_cheatsheet_txt.json	B_format_187	BLEU	83	81	8.288795820227232	8.488643334434299	-0.19984751420706637	-2.119749708130164	1.6626383274269083	0.8373216267837321	pointwise95_percentile	source_cluster	0	0	1.0	96
B	B_context	qwen3	Lezgi	valid84	configs/matched_gold_v2/qwen3_lezgi_grammar_original_modelgloss_cheatsheet_txt.json	configs/matched_gold_v2/qwen3_lezgi_grammar_original_modelgloss_baseline.json	B_context_188	chrF++	84	82	35.68155831576042	34.7787215992417	0.9028367165187206	-0.9921111917900725	2.9015460643003186	0.36188638113618865	pointwise95_percentile	source_cluster	0	0	1.0	264
B	B_context	qwen3	Lezgi	valid84	configs/matched_gold_v2/qwen3_lezgi_grammar_original_modelgloss_cheatsheet_txt.json	configs/matched_gold_v2/qwen3_lezgi_grammar_original_modelgloss_baseline.json	B_context_188	BLEU	84	82	8.853132307430887	8.809500149153884	0.04363215827700273	-2.143416675513526	2.0275671528301893	0.9668303316966831	pointwise95_percentile	source_cluster	0	0	1.0	264
B	B_context	qwen3	Lezgi	sensitivity83	configs/matched_gold_v2/qwen3_lezgi_grammar_original_modelgloss_cheatsheet_txt.json	configs/matched_gold_v2/qwen3_lezgi_grammar_original_modelgloss_baseline.json	B_context_189	chrF++	83	81	35.41577210707529	34.507069416673524	0.9087026904017677	-0.9877516047733319	2.9307153026135837	0.36233637663623364	pointwise95_percentile	source_cluster	0	0	1.0	264
B	B_context	qwen3	Lezgi	sensitivity83	configs/matched_gold_v2/qwen3_lezgi_grammar_original_modelgloss_cheatsheet_txt.json	configs/matched_gold_v2/qwen3_lezgi_grammar_original_modelgloss_baseline.json	B_context_189	BLEU	83	81	8.488643334434299	8.463536036072586	0.025107298361712438	-2.2389570352634767	2.0981190784946873	0.982530174698253	pointwise95_percentile	source_cluster	0	0	1.0	264
B	B_context	qwen3	Lezgi	valid84	configs/matched_gold_v2/qwen3_lezgi_grammar_original_modelgloss_pdfpages_impactful_jpg.json	configs/matched_gold_v2/qwen3_lezgi_grammar_original_modelgloss_baseline.json	B_context_190	chrF++	84	82	34.67434824648182	34.7787215992417	-0.10437335275987891	-2.7067154737769576	2.225602144982215	0.9348506514934851	pointwise95_percentile	source_cluster	0	0	1.0	264
B	B_context	qwen3	Lezgi	valid84	configs/matched_gold_v2/qwen3_lezgi_grammar_original_modelgloss_pdfpages_impactful_jpg.json	configs/matched_gold_v2/qwen3_lezgi_grammar_original_modelgloss_baseline.json	B_context_190	BLEU	84	82	9.81271967443672	8.809500149153884	1.0032195252828355	-0.32890388463395315	2.19953511540795	0.12098879011209888	pointwise95_percentile	source_cluster	0	0	1.0	264
B	B_context	qwen3	Lezgi	sensitivity83	configs/matched_gold_v2/qwen3_lezgi_grammar_original_modelgloss_pdfpages_impactful_jpg.json	configs/matched_gold_v2/qwen3_lezgi_grammar_original_modelgloss_baseline.json	B_context_191	chrF++	83	81	34.51740960992428	34.507069416673524	0.010340193250755192	-2.602789146452866	2.3305133988010023	0.993270067299327	pointwise95_percentile	source_cluster	0	0	1.0	264
B	B_context	qwen3	Lezgi	sensitivity83	configs/matched_gold_v2/qwen3_lezgi_grammar_original_modelgloss_pdfpages_impactful_jpg.json	configs/matched_gold_v2/qwen3_lezgi_grammar_original_modelgloss_baseline.json	B_context_191	BLEU	83	81	9.630875601720536	8.463536036072586	1.16733956564795	-0.13201531306064523	2.344516972028952	0.06592934070659294	pointwise95_percentile	source_cluster	0	0	1.0	264
B	B_context	qwen3	Lezgi	valid84	configs/matched_gold_v2/qwen3_lezgi_grammar_original_modelgloss_summary_tables_jpg.json	configs/matched_gold_v2/qwen3_lezgi_grammar_original_modelgloss_baseline.json	B_context_192	chrF++	84	82	33.62253116485173	34.7787215992417	-1.1561904343899698	-3.8452869297572803	1.2239230197136197	0.37619623803761965	pointwise95_percentile	source_cluster	1	0	1.0	264
B	B_context	qwen3	Lezgi	valid84	configs/matched_gold_v2/qwen3_lezgi_grammar_original_modelgloss_summary_tables_jpg.json	configs/matched_gold_v2/qwen3_lezgi_grammar_original_modelgloss_baseline.json	B_context_192	BLEU	84	82	9.740353677634147	8.809500149153884	0.930853528480263	-0.7731519265579643	2.5647621348527476	0.2644173558264417	pointwise95_percentile	source_cluster	1	0	1.0	264
B	B_format	qwen3	Lezgi	valid84	configs/matched_gold_v2/qwen3_lezgi_grammar_original_modelgloss_summary_tables_jpg.json	configs/matched_gold_v2/qwen3_lezgi_grammar_original_modelgloss_summary_tables_txt.json	B_format_193	chrF++	84	82	33.62253116485173	35.6766835727792	-2.054152407927468	-4.975309201667579	0.386108039401453	0.13176868231317687	pointwise95_percentile	source_cluster	1	0	1.0	96
B	B_format	qwen3	Lezgi	valid84	configs/matched_gold_v2/qwen3_lezgi_grammar_original_modelgloss_summary_tables_jpg.json	configs/matched_gold_v2/qwen3_lezgi_grammar_original_modelgloss_summary_tables_txt.json	B_format_193	BLEU	84	82	9.740353677634147	8.394931182652119	1.345422494982028	-0.7661156027853169	3.4303034862098287	0.1997980020199798	pointwise95_percentile	source_cluster	1	0	1.0	96
B	B_context	qwen3	Lezgi	sensitivity83	configs/matched_gold_v2/qwen3_lezgi_grammar_original_modelgloss_summary_tables_jpg.json	configs/matched_gold_v2/qwen3_lezgi_grammar_original_modelgloss_baseline.json	B_context_194	chrF++	83	81	33.45870299559655	34.507069416673524	-1.0483664210769703	-3.750809754421874	1.3370666013437467	0.42561574384256157	pointwise95_percentile	source_cluster	1	0	1.0	264
B	B_context	qwen3	Lezgi	sensitivity83	configs/matched_gold_v2/qwen3_lezgi_grammar_original_modelgloss_summary_tables_jpg.json	configs/matched_gold_v2/qwen3_lezgi_grammar_original_modelgloss_baseline.json	B_context_194	BLEU	83	81	9.564875723813119	8.463536036072586	1.1013396877405324	-0.5968179566196138	2.741457495642481	0.1875781242187578	pointwise95_percentile	source_cluster	1	0	1.0	264
B	B_format	qwen3	Lezgi	sensitivity83	configs/matched_gold_v2/qwen3_lezgi_grammar_original_modelgloss_summary_tables_jpg.json	configs/matched_gold_v2/qwen3_lezgi_grammar_original_modelgloss_summary_tables_txt.json	B_format_195	chrF++	83	81	33.45870299559655	35.414347175675495	-1.9556441800789415	-4.855413164416585	0.4769626254191051	0.15213847861521385	pointwise95_percentile	source_cluster	1	0	1.0	96
B	B_format	qwen3	Lezgi	sensitivity83	configs/matched_gold_v2/qwen3_lezgi_grammar_original_modelgloss_summary_tables_jpg.json	configs/matched_gold_v2/qwen3_lezgi_grammar_original_modelgloss_summary_tables_txt.json	B_format_195	BLEU	83	81	9.564875723813119	8.056565076010871	1.5083106478022472	-0.6302108455239104	3.6187435378977466	0.15765842341576583	pointwise95_percentile	source_cluster	1	0	1.0	96
B	B_context	qwen3	Lezgi	valid84	configs/matched_gold_v2/qwen3_lezgi_grammar_original_modelgloss_summary_tables_txt.json	configs/matched_gold_v2/qwen3_lezgi_grammar_original_modelgloss_baseline.json	B_context_196	chrF++	84	82	35.6766835727792	34.7787215992417	0.8979619735374982	-0.6826393835375614	2.55447641186757	0.2756272437275627	pointwise95_percentile	source_cluster	0	0	1.0	264
B	B_context	qwen3	Lezgi	valid84	configs/matched_gold_v2/qwen3_lezgi_grammar_original_modelgloss_summary_tables_txt.json	configs/matched_gold_v2/qwen3_lezgi_grammar_original_modelgloss_baseline.json	B_context_196	BLEU	84	82	8.394931182652119	8.809500149153884	-0.4145689665017649	-1.6982470063256832	0.7799602098867819	0.5083849161508385	pointwise95_percentile	source_cluster	0	0	1.0	264
B	B_context	qwen3	Lezgi	sensitivity83	configs/matched_gold_v2/qwen3_lezgi_grammar_original_modelgloss_summary_tables_txt.json	configs/matched_gold_v2/qwen3_lezgi_grammar_original_modelgloss_baseline.json	B_context_197	chrF++	83	81	35.414347175675495	34.507069416673524	0.9072777590019712	-0.6871804307885121	2.5655981647826347	0.2723472765272347	pointwise95_percentile	source_cluster	0	0	1.0	264
B	B_context	qwen3	Lezgi	sensitivity83	configs/matched_gold_v2/qwen3_lezgi_grammar_original_modelgloss_summary_tables_txt.json	configs/matched_gold_v2/qwen3_lezgi_grammar_original_modelgloss_baseline.json	B_context_197	BLEU	83	81	8.056565076010871	8.463536036072586	-0.40697096006171485	-1.7396797741536127	0.8344178173435596	0.5318046819531804	pointwise95_percentile	source_cluster	0	0	1.0	264
B	B_context	qwen3	Lezgi	valid84	configs/matched_gold_v2/qwen3_lezgi_grammar_original_modelgloss_summary_text_txt.json	configs/matched_gold_v2/qwen3_lezgi_grammar_original_modelgloss_baseline.json	B_context_198	chrF++	84	82	36.161442330024315	34.7787215992417	1.3827207307826157	-0.19636183789653902	3.0719427313173937	0.0952590474095259	pointwise95_percentile	source_cluster	0	0	1.0	264
B	B_context	qwen3	Lezgi	valid84	configs/matched_gold_v2/qwen3_lezgi_grammar_original_modelgloss_summary_text_txt.json	configs/matched_gold_v2/qwen3_lezgi_grammar_original_modelgloss_baseline.json	B_context_198	BLEU	84	82	8.69399760715	8.809500149153884	-0.11550254200388466	-1.2582608082053386	1.098374281307985	0.8452615473845262	pointwise95_percentile	source_cluster	0	0	1.0	264
B	B_context	qwen3	Lezgi	sensitivity83	configs/matched_gold_v2/qwen3_lezgi_grammar_original_modelgloss_summary_text_txt.json	configs/matched_gold_v2/qwen3_lezgi_grammar_original_modelgloss_baseline.json	B_context_199	chrF++	83	81	35.9017857575471	34.507069416673524	1.394716340873579	-0.20305078526219694	3.082110241659171	0.0955490445095549	pointwise95_percentile	source_cluster	0	0	1.0	264
B	B_context	qwen3	Lezgi	sensitivity83	configs/matched_gold_v2/qwen3_lezgi_grammar_original_modelgloss_summary_text_txt.json	configs/matched_gold_v2/qwen3_lezgi_grammar_original_modelgloss_baseline.json	B_context_199	BLEU	83	81	8.361943100338584	8.463536036072586	-0.10159293573400241	-1.2796372901119795	1.162410814338934	0.8666213337866622	pointwise95_percentile	source_cluster	0	0	1.0	264
B	B_context	qwen3	Lezgi	valid84	configs/matched_gold_v2/qwen3_lezgi_grammar_original_shot_cheatsheet_jpg.json	configs/matched_gold_v2/qwen3_lezgi_grammar_original_shot_baseline.json	B_context_200	chrF++	84	82	19.734405493161542	19.88813382572778	-0.15372833256623863	-1.259744702402467	0.9657362951888516	0.7854521454785452	pointwise95_percentile	source_cluster	1	0	1.0	264
B	B_context	qwen3	Lezgi	valid84	configs/matched_gold_v2/qwen3_lezgi_grammar_original_shot_cheatsheet_jpg.json	configs/matched_gold_v2/qwen3_lezgi_grammar_original_shot_baseline.json	B_context_200	BLEU	84	82	3.900044980479679	3.9325841331684206	-0.032539152688741524	-0.612200768711053	0.5259960511126763	0.9028009719902801	pointwise95_percentile	source_cluster	1	0	1.0	264
B	B_format	qwen3	Lezgi	valid84	configs/matched_gold_v2/qwen3_lezgi_grammar_original_shot_cheatsheet_jpg.json	configs/matched_gold_v2/qwen3_lezgi_grammar_original_shot_cheatsheet_txt.json	B_format_201	chrF++	84	82	19.734405493161542	19.518655557485417	0.21574993567612566	-1.0036322326898386	1.4430986414580143	0.7332526674733253	pointwise95_percentile	source_cluster	1	1	1.0	96
B	B_format	qwen3	Lezgi	valid84	configs/matched_gold_v2/qwen3_lezgi_grammar_original_shot_cheatsheet_jpg.json	configs/matched_gold_v2/qwen3_lezgi_grammar_original_shot_cheatsheet_txt.json	B_format_201	BLEU	84	82	3.900044980479679	4.062784557923914	-0.16273957744423484	-1.3941009181975867	0.8387718134628653	0.7737822621773782	pointwise95_percentile	source_cluster	1	1	1.0	96
B	B_context	qwen3	Lezgi	sensitivity83	configs/matched_gold_v2/qwen3_lezgi_grammar_original_shot_cheatsheet_jpg.json	configs/matched_gold_v2/qwen3_lezgi_grammar_original_shot_baseline.json	B_context_202	chrF++	83	81	19.249712286379122	19.399955223598734	-0.15024293721961257	-1.258849347705975	0.9849118509816563	0.7944120558794412	pointwise95_percentile	source_cluster	1	0	1.0	264
B	B_context	qwen3	Lezgi	sensitivity83	configs/matched_gold_v2/qwen3_lezgi_grammar_original_shot_cheatsheet_jpg.json	configs/matched_gold_v2/qwen3_lezgi_grammar_original_shot_baseline.json	B_context_202	BLEU	83	81	3.269013841334036	3.289458797924168	-0.020444956590131902	-0.51883223072046	0.46662983882160686	0.9293807061929381	pointwise95_percentile	source_cluster	1	0	1.0	264
B	B_format	qwen3	Lezgi	sensitivity83	configs/matched_gold_v2/qwen3_lezgi_grammar_original_shot_cheatsheet_jpg.json	configs/matched_gold_v2/qwen3_lezgi_grammar_original_shot_cheatsheet_txt.json	B_format_203	chrF++	83	81	19.249712286379122	19.056478634131953	0.19323365224716937	-1.0436323113981754	1.4286398987437072	0.7564224357756423	pointwise95_percentile	source_cluster	1	1	1.0	96
B	B_format	qwen3	Lezgi	sensitivity83	configs/matched_gold_v2/qwen3_lezgi_grammar_original_shot_cheatsheet_jpg.json	configs/matched_gold_v2/qwen3_lezgi_grammar_original_shot_cheatsheet_txt.json	B_format_203	BLEU	83	81	3.269013841334036	3.5116067449718025	-0.24259290363776653	-1.5545729778949016	0.7850959220555441	0.6865631343686563	pointwise95_percentile	source_cluster	1	1	1.0	96
B	B_context	qwen3	Lezgi	valid84	configs/matched_gold_v2/qwen3_lezgi_grammar_original_shot_cheatsheet_txt.json	configs/matched_gold_v2/qwen3_lezgi_grammar_original_shot_baseline.json	B_context_204	chrF++	84	82	19.518655557485417	19.88813382572778	-0.3694782682423643	-1.5335359462652562	0.7534704765750195	0.5242047579524205	pointwise95_percentile	source_cluster	1	0	1.0	264
B	B_context	qwen3	Lezgi	valid84	configs/matched_gold_v2/qwen3_lezgi_grammar_original_shot_cheatsheet_txt.json	configs/matched_gold_v2/qwen3_lezgi_grammar_original_shot_baseline.json	B_context_204	BLEU	84	82	4.062784557923914	3.9325841331684206	0.13020042475549332	-0.7948558468028017	1.3401148798697826	0.8086219137808622	pointwise95_percentile	source_cluster	1	0	1.0	264
B	B_context	qwen3	Lezgi	sensitivity83	configs/matched_gold_v2/qwen3_lezgi_grammar_original_shot_cheatsheet_txt.json	configs/matched_gold_v2/qwen3_lezgi_grammar_original_shot_baseline.json	B_context_205	chrF++	83	81	19.056478634131953	19.399955223598734	-0.34347658946678195	-1.5254872551522012	0.7787909208390863	0.5570244297557024	pointwise95_percentile	source_cluster	1	0	1.0	264
B	B_context	qwen3	Lezgi	sensitivity83	configs/matched_gold_v2/qwen3_lezgi_grammar_original_shot_cheatsheet_txt.json	configs/matched_gold_v2/qwen3_lezgi_grammar_original_shot_baseline.json	B_context_205	BLEU	83	81	3.5116067449718025	3.289458797924168	0.22214794704763463	-0.7439444989362674	1.5139142897550273	0.7017229827701723	pointwise95_percentile	source_cluster	1	0	1.0	264
B	B_context	qwen3	Lezgi	valid84	configs/matched_gold_v2/qwen3_lezgi_grammar_original_shot_pdfpages_impactful_jpg.json	configs/matched_gold_v2/qwen3_lezgi_grammar_original_shot_baseline.json	B_context_206	chrF++	84	82	17.832232357621066	19.88813382572778	-2.0559014681067147	-3.885052680155522	-0.46891055730103076	0.01913980860191398	pointwise95_percentile	source_cluster	5	0	1.0	264
B	B_context	qwen3	Lezgi	valid84	configs/matched_gold_v2/qwen3_lezgi_grammar_original_shot_pdfpages_impactful_jpg.json	configs/matched_gold_v2/qwen3_lezgi_grammar_original_shot_baseline.json	B_context_206	BLEU	84	82	2.830992877931357	3.9325841331684206	-1.1015912552370635	-2.5615454585897917	0.06075335159420833	0.1000489995100049	pointwise95_percentile	source_cluster	5	0	1.0	264
B	B_context	qwen3	Lezgi	sensitivity83	configs/matched_gold_v2/qwen3_lezgi_grammar_original_shot_pdfpages_impactful_jpg.json	configs/matched_gold_v2/qwen3_lezgi_grammar_original_shot_baseline.json	B_context_207	chrF++	83	81	17.334751438321717	19.399955223598734	-2.065203785277017	-3.8729944492871593	-0.4765997588421656	0.01875981240187598	pointwise95_percentile	source_cluster	5	0	1.0	264
B	B_context	qwen3	Lezgi	sensitivity83	configs/matched_gold_v2/qwen3_lezgi_grammar_original_shot_pdfpages_impactful_jpg.json	configs/matched_gold_v2/qwen3_lezgi_grammar_original_shot_baseline.json	B_context_207	BLEU	83	81	2.0361090861386035	3.289458797924168	-1.2533497117855643	-2.7108785031895275	0.06392994121579165	0.08401915980840191	pointwise95_percentile	source_cluster	5	0	1.0	264
B	B_context	qwen3	Lezgi	valid84	configs/matched_gold_v2/qwen3_lezgi_grammar_original_shot_summary_tables_jpg.json	configs/matched_gold_v2/qwen3_lezgi_grammar_original_shot_baseline.json	B_context_208	chrF++	84	82	18.789913139261465	19.88813382572778	-1.0982206864663162	-2.4620996970299784	0.10852331177148038	0.09166908330916691	pointwise95_percentile	source_cluster	2	0	1.0	264
B	B_context	qwen3	Lezgi	valid84	configs/matched_gold_v2/qwen3_lezgi_grammar_original_shot_summary_tables_jpg.json	configs/matched_gold_v2/qwen3_lezgi_grammar_original_shot_baseline.json	B_context_208	BLEU	84	82	3.7408783130628884	3.9325841331684206	-0.19170582010553217	-1.4061993265067598	0.5690657130008944	0.7249627503724962	pointwise95_percentile	source_cluster	2	0	1.0	264
B	B_format	qwen3	Lezgi	valid84	configs/matched_gold_v2/qwen3_lezgi_grammar_original_shot_summary_tables_jpg.json	configs/matched_gold_v2/qwen3_lezgi_grammar_original_shot_summary_tables_txt.json	B_format_209	chrF++	84	82	18.789913139261465	19.806465750586693	-1.0165526113252277	-2.5032589636004214	0.3891897186248806	0.16676833231667684	pointwise95_percentile	source_cluster	2	0	1.0	96
B	B_format	qwen3	Lezgi	valid84	configs/matched_gold_v2/qwen3_lezgi_grammar_original_shot_summary_tables_jpg.json	configs/matched_gold_v2/qwen3_lezgi_grammar_original_shot_summary_tables_txt.json	B_format_209	BLEU	84	82	3.7408783130628884	3.5618748715124187	0.17900344155046977	-1.0105829070744419	0.9426568753611313	0.7296727032729673	pointwise95_percentile	source_cluster	2	0	1.0	96
B	B_context	qwen3	Lezgi	sensitivity83	configs/matched_gold_v2/qwen3_lezgi_grammar_original_shot_summary_tables_jpg.json	configs/matched_gold_v2/qwen3_lezgi_grammar_original_shot_baseline.json	B_context_210	chrF++	83	81	18.287935738452855	19.399955223598734	-1.1120194851458791	-2.4805920375291697	0.09714750194912153	0.08883911160888391	pointwise95_percentile	source_cluster	2	0	1.0	264
B	B_context	qwen3	Lezgi	sensitivity83	configs/matched_gold_v2/qwen3_lezgi_grammar_original_shot_summary_tables_jpg.json	configs/matched_gold_v2/qwen3_lezgi_grammar_original_shot_baseline.json	B_context_210	BLEU	83	81	3.015452265863222	3.289458797924168	-0.27400653206094594	-1.569321554386243	0.5168846527761297	0.6548234517654824	pointwise95_percentile	source_cluster	2	0	1.0	264
B	B_format	qwen3	Lezgi	sensitivity83	configs/matched_gold_v2/qwen3_lezgi_grammar_original_shot_summary_tables_jpg.json	configs/matched_gold_v2/qwen3_lezgi_grammar_original_shot_summary_tables_txt.json	B_format_211	chrF++	83	81	18.287935738452855	19.34854606628637	-1.0606103278335155	-2.550465553018402	0.3436670503848045	0.15036849631503685	pointwise95_percentile	source_cluster	2	0	1.0	96
B	B_format	qwen3	Lezgi	sensitivity83	configs/matched_gold_v2/qwen3_lezgi_grammar_original_shot_summary_tables_jpg.json	configs/matched_gold_v2/qwen3_lezgi_grammar_original_shot_summary_tables_txt.json	B_format_211	BLEU	83	81	3.015452265863222	2.9804757311679695	0.034976534695252415	-1.2239306077533243	0.8062261929889352	0.9564604353956461	pointwise95_percentile	source_cluster	2	0	1.0	96
B	B_context	qwen3	Lezgi	valid84	configs/matched_gold_v2/qwen3_lezgi_grammar_original_shot_summary_tables_txt.json	configs/matched_gold_v2/qwen3_lezgi_grammar_original_shot_baseline.json	B_context_212	chrF++	84	82	19.806465750586693	19.88813382572778	-0.08166807514108854	-1.0329845504805235	0.8781196280310382	0.8651613483865161	pointwise95_percentile	source_cluster	0	0	1.0	264
B	B_context	qwen3	Lezgi	valid84	configs/matched_gold_v2/qwen3_lezgi_grammar_original_shot_summary_tables_txt.json	configs/matched_gold_v2/qwen3_lezgi_grammar_original_shot_baseline.json	B_context_212	BLEU	84	82	3.5618748715124187	3.9325841331684206	-0.37070926165600193	-0.853356538074769	0.055899535435838234	0.1055989440105599	pointwise95_percentile	source_cluster	0	0	1.0	264
B	B_context	qwen3	Lezgi	sensitivity83	configs/matched_gold_v2/qwen3_lezgi_grammar_original_shot_summary_tables_txt.json	configs/matched_gold_v2/qwen3_lezgi_grammar_original_shot_baseline.json	B_context_213	chrF++	83	81	19.34854606628637	19.399955223598734	-0.05140915731236362	-1.0004875569759335	0.9133716219894475	0.9157708422915771	pointwise95_percentile	source_cluster	0	0	1.0	264
B	B_context	qwen3	Lezgi	sensitivity83	configs/matched_gold_v2/qwen3_lezgi_grammar_original_shot_summary_tables_txt.json	configs/matched_gold_v2/qwen3_lezgi_grammar_original_shot_baseline.json	B_context_213	BLEU	83	81	2.9804757311679695	3.289458797924168	-0.30898306675619835	-0.728481372621724	0.08839400667429423	0.13459865401345986	pointwise95_percentile	source_cluster	0	0	1.0	264
B	B_context	qwen3	Lezgi	valid84	configs/matched_gold_v2/qwen3_lezgi_grammar_original_shot_summary_text_txt.json	configs/matched_gold_v2/qwen3_lezgi_grammar_original_shot_baseline.json	B_context_214	chrF++	84	82	19.793758174909907	19.88813382572778	-0.09437565081787369	-1.4415691889609517	1.1553034804796674	0.8848611513884861	pointwise95_percentile	source_cluster	0	0	1.0	264
B	B_context	qwen3	Lezgi	valid84	configs/matched_gold_v2/qwen3_lezgi_grammar_original_shot_summary_text_txt.json	configs/matched_gold_v2/qwen3_lezgi_grammar_original_shot_baseline.json	B_context_214	BLEU	84	82	3.5563424097334395	3.9325841331684206	-0.3762417234349811	-1.5783964339998726	0.40203937037518583	0.4645253547464525	pointwise95_percentile	source_cluster	0	0	1.0	264
B	B_context	qwen3	Lezgi	sensitivity83	configs/matched_gold_v2/qwen3_lezgi_grammar_original_shot_summary_text_txt.json	configs/matched_gold_v2/qwen3_lezgi_grammar_original_shot_baseline.json	B_context_215	chrF++	83	81	19.335150691741354	19.399955223598734	-0.06480453185738	-1.4054957155199277	1.208816777810948	0.923110768892311	pointwise95_percentile	source_cluster	0	0	1.0	264
B	B_context	qwen3	Lezgi	sensitivity83	configs/matched_gold_v2/qwen3_lezgi_grammar_original_shot_summary_text_txt.json	configs/matched_gold_v2/qwen3_lezgi_grammar_original_shot_baseline.json	B_context_215	BLEU	83	81	2.9342295998850103	3.289458797924168	-0.35522919803915753	-1.6864084102974515	0.4648133422703088	0.5506244937550624	pointwise95_percentile	source_cluster	0	0	1.0	264
