baseline_score	score	delta	p	delta_ci_low	delta_ci_high	records	seed	cohort	baseline_id	id	model	language	method	source	variant	material	p_holm
0.3682114727593757	0.380864175993043	0.012652703233667323	0.5003249967500325	-0.022583288377201232	0.05123850272313964	37	2079403176	native	gemini25flashlite_gitksan_grammar_original_chain_gloss_baseline	gemini25flashlite_gitksan_pdf1_brown_original_chain_gloss_cheatsheet_jpg	gemini25flashlite	Gitksan	chain_gloss	pdf1_brown	original	cheatsheet_jpg	1.0
0.3682114727593757	0.4042136061030465	0.03600213334367082	0.08746912530874691	-0.006242357063535098	0.07629108920290661	37	3916078194	native	gemini25flashlite_gitksan_grammar_original_chain_gloss_baseline	gemini25flashlite_gitksan_pdf1_brown_original_chain_gloss_cheatsheet_txt	gemini25flashlite	Gitksan	chain_gloss	pdf1_brown	original	cheatsheet_txt	1.0
0.3682114727593757	0.3587539715541376	-0.009457501205238136	0.7300526994730052	-0.06184870974236242	0.04619012976417666	37	2332319700	native	gemini25flashlite_gitksan_grammar_original_chain_gloss_baseline	gemini25flashlite_gitksan_pdf1_brown_original_chain_gloss_pdfpages_impactful_jpg	gemini25flashlite	Gitksan	chain_gloss	pdf1_brown	original	pdfpages_impactful_jpg	1.0
0.3682114727593757	0.3568547476787825	-0.011356725080593212	0.5305346946530535	-0.048112274937935774	0.02209846956302989	37	802470284	native	gemini25flashlite_gitksan_grammar_original_chain_gloss_baseline	gemini25flashlite_gitksan_pdf1_brown_original_chain_gloss_summary_tables_jpg	gemini25flashlite	Gitksan	chain_gloss	pdf1_brown	original	summary_tables_jpg	1.0
0.3682114727593757	0.4118246021302971	0.043613129370921364	0.07052929470705294	-0.002743420105528181	0.09198563260001102	37	1809951148	native	gemini25flashlite_gitksan_grammar_original_chain_gloss_baseline	gemini25flashlite_gitksan_pdf1_brown_original_chain_gloss_summary_tables_txt	gemini25flashlite	Gitksan	chain_gloss	pdf1_brown	original	summary_tables_txt	1.0
0.3682114727593757	0.3900170608146771	0.021805588055301358	0.4111658883411166	-0.031233642612760126	0.07293760608378293	37	294502269	native	gemini25flashlite_gitksan_grammar_original_chain_gloss_baseline	gemini25flashlite_gitksan_pdf1_brown_original_chain_gloss_summary_text_txt	gemini25flashlite	Gitksan	chain_gloss	pdf1_brown	original	summary_text_txt	1.0
0.621221017595884	0.6201648220822618	-0.0010561955136221808	0.955210447895521	-0.03932072999509605	0.03434907771848342	37	1478403455	native	gemini25flashlite_gitksan_grammar_original_modelgloss_baseline	gemini25flashlite_gitksan_pdf1_brown_original_modelgloss_cheatsheet_jpg	gemini25flashlite	Gitksan	modelgloss	pdf1_brown	original	cheatsheet_jpg	1.0
0.621221017595884	0.6130302121510377	-0.008190805444846282	0.7029429705702943	-0.05033230317404141	0.033385331858251543	37	3697529227	native	gemini25flashlite_gitksan_grammar_original_modelgloss_baseline	gemini25flashlite_gitksan_pdf1_brown_original_modelgloss_cheatsheet_txt	gemini25flashlite	Gitksan	modelgloss	pdf1_brown	original	cheatsheet_txt	1.0
0.621221017595884	0.6098358808337031	-0.011385136762180843	0.5345146548534515	-0.047842766747281336	0.023820589100186862	37	2027917170	native	gemini25flashlite_gitksan_grammar_original_modelgloss_baseline	gemini25flashlite_gitksan_pdf1_brown_original_modelgloss_pdfpages_impactful_jpg	gemini25flashlite	Gitksan	modelgloss	pdf1_brown	original	pdfpages_impactful_jpg	1.0
0.621221017595884	0.6184286732931394	-0.0027923443027444788	0.8844811551884482	-0.04147537986974457	0.033774558797075895	37	1036332041	native	gemini25flashlite_gitksan_grammar_original_modelgloss_baseline	gemini25flashlite_gitksan_pdf1_brown_original_modelgloss_summary_tables_jpg	gemini25flashlite	Gitksan	modelgloss	pdf1_brown	original	summary_tables_jpg	1.0
0.621221017595884	0.6152153377597397	-0.006005679836144319	0.6564134358656414	-0.03357531928734199	0.019256144027049477	37	1948911008	native	gemini25flashlite_gitksan_grammar_original_modelgloss_baseline	gemini25flashlite_gitksan_pdf1_brown_original_modelgloss_summary_tables_txt	gemini25flashlite	Gitksan	modelgloss	pdf1_brown	original	summary_tables_txt	1.0
0.621221017595884	0.6011472996827718	-0.020073717913112125	0.16816831831681683	-0.04834006719693942	0.008621785739386373	37	2396171788	native	gemini25flashlite_gitksan_grammar_original_modelgloss_baseline	gemini25flashlite_gitksan_pdf1_brown_original_modelgloss_summary_text_txt	gemini25flashlite	Gitksan	modelgloss	pdf1_brown	original	summary_text_txt	1.0
0.410554700203844	0.38395725875287445	-0.026597441450969594	0.0936790632093679	-0.05853616686890254	0.003611507407716773	37	3084008017	native	gemini25flashlite_gitksan_grammar_original_shot_baseline	gemini25flashlite_gitksan_pdf1_brown_original_shot_cheatsheet_jpg	gemini25flashlite	Gitksan	shot	pdf1_brown	original	cheatsheet_jpg	1.0
0.410554700203844	0.4087952596915735	-0.0017594405122705408	0.932950670493295	-0.043911951276901603	0.03993274394322085	37	2932602749	native	gemini25flashlite_gitksan_grammar_original_shot_baseline	gemini25flashlite_gitksan_pdf1_brown_original_shot_cheatsheet_txt	gemini25flashlite	Gitksan	shot	pdf1_brown	original	cheatsheet_txt	1.0
0.410554700203844	0.362352575200635	-0.04820212500320899	0.008119918800811992	-0.08578858806978207	-0.015180601753495851	37	3780088331	native	gemini25flashlite_gitksan_grammar_original_shot_baseline	gemini25flashlite_gitksan_pdf1_brown_original_shot_pdfpages_impactful_jpg	gemini25flashlite	Gitksan	shot	pdf1_brown	original	pdfpages_impactful_jpg	1.0
0.410554700203844	0.38720745452352473	-0.023347245680319297	0.22327776722232778	-0.06068595292399058	0.014747507004318981	37	3504800833	native	gemini25flashlite_gitksan_grammar_original_shot_baseline	gemini25flashlite_gitksan_pdf1_brown_original_shot_summary_tables_jpg	gemini25flashlite	Gitksan	shot	pdf1_brown	original	summary_tables_jpg	1.0
0.410554700203844	0.3799235494555654	-0.030631150748278643	0.18121818781812182	-0.07455962335539827	0.015767275078876576	37	299441823	native	gemini25flashlite_gitksan_grammar_original_shot_baseline	gemini25flashlite_gitksan_pdf1_brown_original_shot_summary_tables_txt	gemini25flashlite	Gitksan	shot	pdf1_brown	original	summary_tables_txt	1.0
0.410554700203844	0.3979660784070556	-0.012588621796788397	0.6206437935620643	-0.0659305949569554	0.03515826628820314	37	3841993245	native	gemini25flashlite_gitksan_grammar_original_shot_baseline	gemini25flashlite_gitksan_pdf1_brown_original_shot_summary_text_txt	gemini25flashlite	Gitksan	shot	pdf1_brown	original	summary_text_txt	1.0
0.3682114727593757	0.3626289057570535	-0.005582567002322222	0.8052719472805272	-0.052290531358606104	0.037382496913542604	37	815922302	native	gemini25flashlite_gitksan_grammar_original_chain_gloss_baseline	gemini25flashlite_gitksan_pdf2_rigsby_original_chain_gloss_cheatsheet_jpg	gemini25flashlite	Gitksan	chain_gloss	pdf2_rigsby	original	cheatsheet_jpg	1.0
0.3682114727593757	0.37922179255936594	0.011010319799990268	0.5989540104598954	-0.030544704339794202	0.05244759635345356	37	1372726150	native	gemini25flashlite_gitksan_grammar_original_chain_gloss_baseline	gemini25flashlite_gitksan_pdf2_rigsby_original_chain_gloss_cheatsheet_txt	gemini25flashlite	Gitksan	chain_gloss	pdf2_rigsby	original	cheatsheet_txt	1.0
0.3682114727593757	0.3641954857755352	-0.00401598698384053	0.8385516144838552	-0.04369704207858524	0.034181226508037434	37	3598884130	native	gemini25flashlite_gitksan_grammar_original_chain_gloss_baseline	gemini25flashlite_gitksan_pdf2_rigsby_original_chain_gloss_pdfpages_impactful_jpg	gemini25flashlite	Gitksan	chain_gloss	pdf2_rigsby	original	pdfpages_impactful_jpg	1.0
0.3682114727593757	0.37027044916475144	0.0020589764053757127	0.9321906780932191	-0.045055689370712707	0.05052052267097137	37	1425202608	native	gemini25flashlite_gitksan_grammar_original_chain_gloss_baseline	gemini25flashlite_gitksan_pdf2_rigsby_original_chain_gloss_summary_tables_jpg	gemini25flashlite	Gitksan	chain_gloss	pdf2_rigsby	original	summary_tables_jpg	1.0
0.3682114727593757	0.3857077521246833	0.017496279365307576	0.4156658433415666	-0.02499077215388014	0.05988055055809987	37	1216998784	native	gemini25flashlite_gitksan_grammar_original_chain_gloss_baseline	gemini25flashlite_gitksan_pdf2_rigsby_original_chain_gloss_summary_tables_txt	gemini25flashlite	Gitksan	chain_gloss	pdf2_rigsby	original	summary_tables_txt	1.0
0.3682114727593757	0.3939428196565525	0.025731346897176793	0.2916770832291677	-0.023185863446544934	0.0724997753227079	37	1032169438	native	gemini25flashlite_gitksan_grammar_original_chain_gloss_baseline	gemini25flashlite_gitksan_pdf2_rigsby_original_chain_gloss_summary_text_txt	gemini25flashlite	Gitksan	chain_gloss	pdf2_rigsby	original	summary_text_txt	1.0
0.621221017595884	0.6231057974132331	0.0018847798173492018	0.9175508244917551	-0.033976515110682795	0.03735331651326769	37	1660331094	native	gemini25flashlite_gitksan_grammar_original_modelgloss_baseline	gemini25flashlite_gitksan_pdf2_rigsby_original_modelgloss_cheatsheet_jpg	gemini25flashlite	Gitksan	modelgloss	pdf2_rigsby	original	cheatsheet_jpg	1.0
0.621221017595884	0.6016450016885191	-0.01957601590736492	0.2750972490275097	-0.05772756130711452	0.013062199668304313	37	1787079409	native	gemini25flashlite_gitksan_grammar_original_modelgloss_baseline	gemini25flashlite_gitksan_pdf2_rigsby_original_modelgloss_cheatsheet_txt	gemini25flashlite	Gitksan	modelgloss	pdf2_rigsby	original	cheatsheet_txt	1.0
0.621221017595884	0.5880427521628302	-0.03317826543305371	0.15783842161578385	-0.08263423856649849	0.009527304446375045	37	3311832449	native	gemini25flashlite_gitksan_grammar_original_modelgloss_baseline	gemini25flashlite_gitksan_pdf2_rigsby_original_modelgloss_pdfpages_impactful_jpg	gemini25flashlite	Gitksan	modelgloss	pdf2_rigsby	original	pdfpages_impactful_jpg	1.0
0.621221017595884	0.5981713936135575	-0.023049623982326406	0.23574764252357477	-0.061346432264592195	0.014664486946689077	37	3816511198	native	gemini25flashlite_gitksan_grammar_original_modelgloss_baseline	gemini25flashlite_gitksan_pdf2_rigsby_original_modelgloss_summary_tables_jpg	gemini25flashlite	Gitksan	modelgloss	pdf2_rigsby	original	summary_tables_jpg	1.0
0.621221017595884	0.6233021536388913	0.0020811360430073094	0.9049309506904931	-0.033060469518642166	0.03481974650073693	37	2193827357	native	gemini25flashlite_gitksan_grammar_original_modelgloss_baseline	gemini25flashlite_gitksan_pdf2_rigsby_original_modelgloss_summary_tables_txt	gemini25flashlite	Gitksan	modelgloss	pdf2_rigsby	original	summary_tables_txt	1.0
0.621221017595884	0.6307065559400095	0.00948553834412549	0.5339546604533955	-0.0204049268385043	0.04017752977843216	37	2229518926	native	gemini25flashlite_gitksan_grammar_original_modelgloss_baseline	gemini25flashlite_gitksan_pdf2_rigsby_original_modelgloss_summary_text_txt	gemini25flashlite	Gitksan	modelgloss	pdf2_rigsby	original	summary_text_txt	1.0
0.410554700203844	0.4067017786406182	-0.0038529215632258237	0.8423015769842301	-0.041979627724032145	0.035612904572406325	37	3312518735	native	gemini25flashlite_gitksan_grammar_original_shot_baseline	gemini25flashlite_gitksan_pdf2_rigsby_original_shot_cheatsheet_jpg	gemini25flashlite	Gitksan	shot	pdf2_rigsby	original	cheatsheet_jpg	1.0
0.410554700203844	0.38228365255368724	-0.028271047650156794	0.0953390466095339	-0.06229229575476131	0.0044226747811645884	37	3863747918	native	gemini25flashlite_gitksan_grammar_original_shot_baseline	gemini25flashlite_gitksan_pdf2_rigsby_original_shot_cheatsheet_txt	gemini25flashlite	Gitksan	shot	pdf2_rigsby	original	cheatsheet_txt	1.0
0.410554700203844	0.36184239145871755	-0.04871230874512646	0.006519934800651993	-0.0859906456559091	-0.018756759821160426	37	1642586014	native	gemini25flashlite_gitksan_grammar_original_shot_baseline	gemini25flashlite_gitksan_pdf2_rigsby_original_shot_pdfpages_impactful_jpg	gemini25flashlite	Gitksan	shot	pdf2_rigsby	original	pdfpages_impactful_jpg	1.0
0.410554700203844	0.39767869541773926	-0.01287600478610477	0.45004549954500456	-0.046042848901974194	0.02132173019486504	37	343161797	native	gemini25flashlite_gitksan_grammar_original_shot_baseline	gemini25flashlite_gitksan_pdf2_rigsby_original_shot_summary_tables_jpg	gemini25flashlite	Gitksan	shot	pdf2_rigsby	original	summary_tables_jpg	1.0
0.410554700203844	0.3925404000926662	-0.018014300111177807	0.25166748332516675	-0.04987849435089408	0.011923645668335824	37	2456847279	native	gemini25flashlite_gitksan_grammar_original_shot_baseline	gemini25flashlite_gitksan_pdf2_rigsby_original_shot_summary_tables_txt	gemini25flashlite	Gitksan	shot	pdf2_rigsby	original	summary_tables_txt	1.0
0.410554700203844	0.3833668070870477	-0.027187893116796338	0.30225697743022567	-0.08071369061598904	0.02296296526249999	37	2302882746	native	gemini25flashlite_gitksan_grammar_original_shot_baseline	gemini25flashlite_gitksan_pdf2_rigsby_original_shot_summary_text_txt	gemini25flashlite	Gitksan	shot	pdf2_rigsby	original	summary_text_txt	1.0
0.5023139900174635	0.5102100815923735	0.007896091574910044	0.4287957120428796	-0.01211011387065224	0.027418165585432922	87	4235185856	native	gemini25flashlite_lezgi_grammar_original_chain_gloss_baseline	gemini25flashlite_lezgi_grammar_cyrillic_chain_gloss_cheatsheet_jpg	gemini25flashlite	Lezgi	chain_gloss	grammar	cyrillic	cheatsheet_jpg	1.0
0.5023139900174635	0.48661454912574814	-0.0156994408917153	0.2084679153208468	-0.04023536441569356	0.008464176233472493	87	1532295994	native	gemini25flashlite_lezgi_grammar_original_chain_gloss_baseline	gemini25flashlite_lezgi_grammar_cyrillic_chain_gloss_cheatsheet_txt	gemini25flashlite	Lezgi	chain_gloss	grammar	cyrillic	cheatsheet_txt	1.0
0.5023139900174635	0.5078605613831816	0.005546571365718184	0.6246137538624614	-0.01745311881618938	0.027227085242154933	87	3899332490	native	gemini25flashlite_lezgi_grammar_original_chain_gloss_baseline	gemini25flashlite_lezgi_grammar_cyrillic_chain_gloss_summary_tables_jpg	gemini25flashlite	Lezgi	chain_gloss	grammar	cyrillic	summary_tables_jpg	1.0
0.5023139900174635	0.4847795057228242	-0.017534484294639236	0.17144828551714483	-0.04320483067254909	0.00691837467595763	87	3943945869	native	gemini25flashlite_lezgi_grammar_original_chain_gloss_baseline	gemini25flashlite_lezgi_grammar_cyrillic_chain_gloss_summary_tables_txt	gemini25flashlite	Lezgi	chain_gloss	grammar	cyrillic	summary_tables_txt	1.0
0.5023139900174635	0.47014152404220627	-0.03217246597525717	0.005579944200557995	-0.05530430764045523	-0.009823087448703844	87	1686176740	native	gemini25flashlite_lezgi_grammar_original_chain_gloss_baseline	gemini25flashlite_lezgi_grammar_cyrillic_chain_gloss_summary_text_txt	gemini25flashlite	Lezgi	chain_gloss	grammar	cyrillic	summary_text_txt	1.0
0.570692633417831	0.5725508760446789	0.001858242626847892	0.7567524324756753	-0.010229232453409282	0.013519677297137248	87	2555020908	native	gemini25flashlite_lezgi_grammar_original_modelgloss_baseline	gemini25flashlite_lezgi_grammar_cyrillic_modelgloss_cheatsheet_jpg	gemini25flashlite	Lezgi	modelgloss	grammar	cyrillic	cheatsheet_jpg	1.0
0.570692633417831	0.5648843865284975	-0.005808246889333615	0.5122348776512234	-0.023787256775573747	0.01106339275151833	87	1530510854	native	gemini25flashlite_lezgi_grammar_original_modelgloss_baseline	gemini25flashlite_lezgi_grammar_cyrillic_modelgloss_cheatsheet_txt	gemini25flashlite	Lezgi	modelgloss	grammar	cyrillic	cheatsheet_txt	1.0
0.570692633417831	0.5719695019310919	0.0012768685132607646	0.8286917130828692	-0.010365842642455264	0.012813012190591326	87	844826294	native	gemini25flashlite_lezgi_grammar_original_modelgloss_baseline	gemini25flashlite_lezgi_grammar_cyrillic_modelgloss_summary_tables_jpg	gemini25flashlite	Lezgi	modelgloss	grammar	cyrillic	summary_tables_jpg	1.0
0.570692633417831	0.5632730602532968	-0.007419573164534295	0.28086719132808674	-0.020807673234021527	0.006178566727830067	87	1686597216	native	gemini25flashlite_lezgi_grammar_original_modelgloss_baseline	gemini25flashlite_lezgi_grammar_cyrillic_modelgloss_summary_tables_txt	gemini25flashlite	Lezgi	modelgloss	grammar	cyrillic	summary_tables_txt	1.0
0.570692633417831	0.5532038299174145	-0.017488803500416636	0.046349536504634956	-0.035180441512801176	-0.0007019409545879256	87	2766062574	native	gemini25flashlite_lezgi_grammar_original_modelgloss_baseline	gemini25flashlite_lezgi_grammar_cyrillic_modelgloss_summary_text_txt	gemini25flashlite	Lezgi	modelgloss	grammar	cyrillic	summary_text_txt	1.0
0.5153911949574262	0.5197681466053272	0.004376951647900987	0.5203247967520325	-0.008977611726899254	0.017704158070786232	87	118771292	native	gemini25flashlite_lezgi_grammar_original_shot_baseline	gemini25flashlite_lezgi_grammar_cyrillic_shot_cheatsheet_jpg	gemini25flashlite	Lezgi	shot	grammar	cyrillic	cheatsheet_jpg	1.0
0.5153911949574262	0.47914867736827366	-0.03624251758915254	0.0006899931000689993	-0.057439647576418416	-0.015799509571201516	87	230215655	native	gemini25flashlite_lezgi_grammar_original_shot_baseline	gemini25flashlite_lezgi_grammar_cyrillic_shot_cheatsheet_txt	gemini25flashlite	Lezgi	shot	grammar	cyrillic	cheatsheet_txt	0.42641573584264153
0.5153911949574262	0.520023529556976	0.004632334599549743	0.4711552884471155	-0.007966568235350751	0.01725497664562587	87	3158292895	native	gemini25flashlite_lezgi_grammar_original_shot_baseline	gemini25flashlite_lezgi_grammar_cyrillic_shot_summary_tables_jpg	gemini25flashlite	Lezgi	shot	grammar	cyrillic	summary_tables_jpg	1.0
0.5153911949574262	0.4756126914216184	-0.039778503535807815	0.00022999770002299976	-0.06106833622030828	-0.019379431655865993	87	3228946278	native	gemini25flashlite_lezgi_grammar_original_shot_baseline	gemini25flashlite_lezgi_grammar_cyrillic_shot_summary_tables_txt	gemini25flashlite	Lezgi	shot	grammar	cyrillic	summary_tables_txt	0.14351856481435185
0.5153911949574262	0.49243289540553914	-0.022958299551887072	0.02009979900200998	-0.042771217980604063	-0.004250684380531313	87	3736232468	native	gemini25flashlite_lezgi_grammar_original_shot_baseline	gemini25flashlite_lezgi_grammar_cyrillic_shot_summary_text_txt	gemini25flashlite	Lezgi	shot	grammar	cyrillic	summary_text_txt	1.0
0.5023139900174635	0.49636988067763976	-0.005944109339823668	0.6844431555684443	-0.035611162600160985	0.022124491533499997	87	2795643084	native	gemini25flashlite_lezgi_grammar_original_chain_gloss_baseline	gemini25flashlite_lezgi_grammar_original_chain_gloss_cheatsheet_jpg	gemini25flashlite	Lezgi	chain_gloss	grammar	original	cheatsheet_jpg	1.0
0.5023139900174635	0.485058954049801	-0.017255035967662417	0.14880851191488084	-0.041123467195650625	0.005798271730884738	87	2221375117	native	gemini25flashlite_lezgi_grammar_original_chain_gloss_baseline	gemini25flashlite_lezgi_grammar_original_chain_gloss_cheatsheet_txt	gemini25flashlite	Lezgi	chain_gloss	grammar	original	cheatsheet_txt	1.0
0.5023139900174635	0.5098929415489065	0.007578951531443103	0.43797562024379755	-0.011516019149587067	0.02692365905419848	87	2360207248	native	gemini25flashlite_lezgi_grammar_original_chain_gloss_baseline	gemini25flashlite_lezgi_grammar_original_chain_gloss_pdfpages_impactful_jpg	gemini25flashlite	Lezgi	chain_gloss	grammar	original	pdfpages_impactful_jpg	1.0
0.5023139900174635	0.4923006070071253	-0.010013383010338092	0.3304166958330417	-0.030557415578728434	0.010087139429203381	87	1234012174	native	gemini25flashlite_lezgi_grammar_original_chain_gloss_baseline	gemini25flashlite_lezgi_grammar_original_chain_gloss_summary_tables_jpg	gemini25flashlite	Lezgi	chain_gloss	grammar	original	summary_tables_jpg	1.0
0.5023139900174635	0.4767232744515627	-0.025590715565900694	0.01855981440185598	-0.04735818613620324	-0.004708409716171786	87	356450022	native	gemini25flashlite_lezgi_grammar_original_chain_gloss_baseline	gemini25flashlite_lezgi_grammar_original_chain_gloss_summary_tables_txt	gemini25flashlite	Lezgi	chain_gloss	grammar	original	summary_tables_txt	1.0
0.5023139900174635	0.4716155311499519	-0.03069845886751153	0.002909970900290997	-0.05090732314977152	-0.010987337241912712	87	4141587901	native	gemini25flashlite_lezgi_grammar_original_chain_gloss_baseline	gemini25flashlite_lezgi_grammar_original_chain_gloss_summary_text_txt	gemini25flashlite	Lezgi	chain_gloss	grammar	original	summary_text_txt	1.0
0.570692633417831	0.5598757427999344	-0.010816890617896771	0.12434875651243488	-0.024727635513777015	0.0028977533267147237	87	3903884309	native	gemini25flashlite_lezgi_grammar_original_modelgloss_baseline	gemini25flashlite_lezgi_grammar_original_modelgloss_cheatsheet_jpg	gemini25flashlite	Lezgi	modelgloss	grammar	original	cheatsheet_jpg	1.0
0.570692633417831	0.5630990849144157	-0.0075935485034153375	0.2997170028299717	-0.021797047332785594	0.006821532007949105	87	1574138226	native	gemini25flashlite_lezgi_grammar_original_modelgloss_baseline	gemini25flashlite_lezgi_grammar_original_modelgloss_cheatsheet_txt	gemini25flashlite	Lezgi	modelgloss	grammar	original	cheatsheet_txt	1.0
0.570692633417831	0.5705135856894241	-0.0001790477284069719	0.979780202197978	-0.014226461086293746	0.01389600196532134	87	3248068089	native	gemini25flashlite_lezgi_grammar_original_modelgloss_baseline	gemini25flashlite_lezgi_grammar_original_modelgloss_pdfpages_impactful_jpg	gemini25flashlite	Lezgi	modelgloss	grammar	original	pdfpages_impactful_jpg	1.0
0.570692633417831	0.5773456987293287	0.0066530653114976555	0.2715772842271577	-0.005080319812585567	0.018804865193435515	87	2605587993	native	gemini25flashlite_lezgi_grammar_original_modelgloss_baseline	gemini25flashlite_lezgi_grammar_original_modelgloss_summary_tables_jpg	gemini25flashlite	Lezgi	modelgloss	grammar	original	summary_tables_jpg	1.0
0.570692633417831	0.5604021597182614	-0.010290473699569702	0.17753822461775381	-0.025413712216862314	0.004598565117038527	87	2685002387	native	gemini25flashlite_lezgi_grammar_original_modelgloss_baseline	gemini25flashlite_lezgi_grammar_original_modelgloss_summary_tables_txt	gemini25flashlite	Lezgi	modelgloss	grammar	original	summary_tables_txt	1.0
0.570692633417831	0.5461910099818789	-0.024501623435952198	0.01818981810181898	-0.045773299655009946	-0.004993747585806367	87	3140649055	native	gemini25flashlite_lezgi_grammar_original_modelgloss_baseline	gemini25flashlite_lezgi_grammar_original_modelgloss_summary_text_txt	gemini25flashlite	Lezgi	modelgloss	grammar	original	summary_text_txt	1.0
0.5153911949574262	0.5021940659860085	-0.013197128971417746	0.12171878281217188	-0.029887478670169564	0.0034088537225435427	87	796565639	native	gemini25flashlite_lezgi_grammar_original_shot_baseline	gemini25flashlite_lezgi_grammar_original_shot_cheatsheet_jpg	gemini25flashlite	Lezgi	shot	grammar	original	cheatsheet_jpg	1.0
0.5153911949574262	0.4868335436130392	-0.028557651344387012	0.008939910600893991	-0.050036086852865654	-0.0073207613937128786	87	1763652369	native	gemini25flashlite_lezgi_grammar_original_shot_baseline	gemini25flashlite_lezgi_grammar_original_shot_cheatsheet_txt	gemini25flashlite	Lezgi	shot	grammar	original	cheatsheet_txt	1.0
0.5153911949574262	0.5129208340384495	-0.002470360918976795	0.7664323356766433	-0.01874101370059211	0.013742969249343047	87	2504632666	native	gemini25flashlite_lezgi_grammar_original_shot_baseline	gemini25flashlite_lezgi_grammar_original_shot_pdfpages_impactful_jpg	gemini25flashlite	Lezgi	shot	grammar	original	pdfpages_impactful_jpg	1.0
0.5153911949574262	0.5224069511068279	0.00701575614940161	0.3188068119318807	-0.006635661406078557	0.02097794727861195	87	61296528	native	gemini25flashlite_lezgi_grammar_original_shot_baseline	gemini25flashlite_lezgi_grammar_original_shot_summary_tables_jpg	gemini25flashlite	Lezgi	shot	grammar	original	summary_tables_jpg	1.0
0.5153911949574262	0.4815086359265207	-0.033882559030905535	0.0029299707002929973	-0.05647561796780289	-0.012320997364733419	87	1512376045	native	gemini25flashlite_lezgi_grammar_original_shot_baseline	gemini25flashlite_lezgi_grammar_original_shot_summary_tables_txt	gemini25flashlite	Lezgi	shot	grammar	original	summary_tables_txt	1.0
0.5153911949574262	0.4882288641970733	-0.027162330760352914	0.022649773502264978	-0.05055588064608217	-0.003828864771573054	87	680842517	native	gemini25flashlite_lezgi_grammar_original_shot_baseline	gemini25flashlite_lezgi_grammar_original_shot_summary_text_txt	gemini25flashlite	Lezgi	shot	grammar	original	summary_text_txt	1.0
0.32406495240601624	0.32813748190499314	0.00407252949897689	0.6840531594684053	-0.015335699791709581	0.023997346375777256	99	2474439480	native	gemini25flashlite_natugu_grammar_original_chain_gloss_baseline	gemini25flashlite_natugu_grammar_original_chain_gloss_cheatsheet_jpg	gemini25flashlite	Natugu	chain_gloss	grammar	original	cheatsheet_jpg	1.0
0.32406495240601624	0.3205256121929246	-0.0035393402130916864	0.7575224247757523	-0.026448070498728993	0.019116813083640247	99	3144285237	native	gemini25flashlite_natugu_grammar_original_chain_gloss_baseline	gemini25flashlite_natugu_grammar_original_chain_gloss_cheatsheet_txt	gemini25flashlite	Natugu	chain_gloss	grammar	original	cheatsheet_txt	1.0
0.32406495240601624	0.3049168275161223	-0.019148124889893967	0.05665943340566594	-0.03887679917041702	0.0005329476914020256	99	287271784	native	gemini25flashlite_natugu_grammar_original_chain_gloss_baseline	gemini25flashlite_natugu_grammar_original_chain_gloss_pdfpages_impactful_jpg	gemini25flashlite	Natugu	chain_gloss	grammar	original	pdfpages_impactful_jpg	1.0
0.32406495240601624	0.323275542319423	-0.0007894100865932426	0.9342006579934201	-0.019379634650969743	0.017107181886982428	99	3610546683	native	gemini25flashlite_natugu_grammar_original_chain_gloss_baseline	gemini25flashlite_natugu_grammar_original_chain_gloss_summary_tables_jpg	gemini25flashlite	Natugu	chain_gloss	grammar	original	summary_tables_jpg	1.0
0.32406495240601624	0.3200677353324312	-0.003997217073585048	0.7135628643713563	-0.025906876598795255	0.01707399445350723	99	1431356600	native	gemini25flashlite_natugu_grammar_original_chain_gloss_baseline	gemini25flashlite_natugu_grammar_original_chain_gloss_summary_tables_txt	gemini25flashlite	Natugu	chain_gloss	grammar	original	summary_tables_txt	1.0
0.32406495240601624	0.31223930839938346	-0.011825644006632795	0.3121168788312117	-0.03558435478821547	0.01090919586143108	99	261560109	native	gemini25flashlite_natugu_grammar_original_chain_gloss_baseline	gemini25flashlite_natugu_grammar_original_chain_gloss_summary_text_txt	gemini25flashlite	Natugu	chain_gloss	grammar	original	summary_text_txt	1.0
0.5675372171281564	0.5572570438938912	-0.01028017323426526	0.28195718042819573	-0.02908880015214284	0.008345486464524498	99	3052629741	native	gemini25flashlite_natugu_grammar_original_modelgloss_baseline	gemini25flashlite_natugu_grammar_original_modelgloss_cheatsheet_jpg	gemini25flashlite	Natugu	modelgloss	grammar	original	cheatsheet_jpg	1.0
0.5675372171281564	0.5631356972335565	-0.0044015198945999146	0.6621933780662194	-0.02440435930785506	0.015469323170154982	99	4288929773	native	gemini25flashlite_natugu_grammar_original_modelgloss_baseline	gemini25flashlite_natugu_grammar_original_modelgloss_cheatsheet_txt	gemini25flashlite	Natugu	modelgloss	grammar	original	cheatsheet_txt	1.0
0.5675372171281564	0.5525702009297381	-0.014967016198418358	0.2167478325216748	-0.0391217001610332	0.008428763959443922	99	3225184974	native	gemini25flashlite_natugu_grammar_original_modelgloss_baseline	gemini25flashlite_natugu_grammar_original_modelgloss_pdfpages_impactful_jpg	gemini25flashlite	Natugu	modelgloss	grammar	original	pdfpages_impactful_jpg	1.0
0.5675372171281564	0.5564815471268664	-0.011055670001290062	0.3175968240317597	-0.033403754384830744	0.010116599071206456	99	3286613830	native	gemini25flashlite_natugu_grammar_original_modelgloss_baseline	gemini25flashlite_natugu_grammar_original_modelgloss_summary_tables_jpg	gemini25flashlite	Natugu	modelgloss	grammar	original	summary_tables_jpg	1.0
0.5675372171281564	0.5556301090753439	-0.011907108052812442	0.22248777512224877	-0.03102154620368071	0.007175928655296853	99	3844927461	native	gemini25flashlite_natugu_grammar_original_modelgloss_baseline	gemini25flashlite_natugu_grammar_original_modelgloss_summary_tables_txt	gemini25flashlite	Natugu	modelgloss	grammar	original	summary_tables_txt	1.0
0.5675372171281564	0.5550223756017107	-0.012514841526445716	0.17276827231727682	-0.030511219701682676	0.005557001355772049	99	728754198	native	gemini25flashlite_natugu_grammar_original_modelgloss_baseline	gemini25flashlite_natugu_grammar_original_modelgloss_summary_text_txt	gemini25flashlite	Natugu	modelgloss	grammar	original	summary_text_txt	1.0
0.3440762123074194	0.34015011682052804	-0.00392609548689139	0.6485335146648533	-0.020992653681473298	0.012819081435751405	99	1176709615	native	gemini25flashlite_natugu_grammar_original_shot_baseline	gemini25flashlite_natugu_grammar_original_shot_cheatsheet_jpg	gemini25flashlite	Natugu	shot	grammar	original	cheatsheet_jpg	1.0
0.3440762123074194	0.34362910311631484	-0.00044710919110461917	0.9596704032959671	-0.01779330293789054	0.016720051980680866	99	1157340434	native	gemini25flashlite_natugu_grammar_original_shot_baseline	gemini25flashlite_natugu_grammar_original_shot_cheatsheet_txt	gemini25flashlite	Natugu	shot	grammar	original	cheatsheet_txt	1.0
0.3440762123074194	0.30472392506069607	-0.03935228724672337	0.0006099939000609993	-0.062333708805869324	-0.017621974812613617	99	1758751663	native	gemini25flashlite_natugu_grammar_original_shot_baseline	gemini25flashlite_natugu_grammar_original_shot_pdfpages_impactful_jpg	gemini25flashlite	Natugu	shot	grammar	original	pdfpages_impactful_jpg	0.3781962180378196
0.3440762123074194	0.3234165404180084	-0.020659671889411077	0.027769722302776974	-0.039325728809291666	-0.002584337059295552	99	1342445293	native	gemini25flashlite_natugu_grammar_original_shot_baseline	gemini25flashlite_natugu_grammar_original_shot_summary_tables_jpg	gemini25flashlite	Natugu	shot	grammar	original	summary_tables_jpg	1.0
0.3440762123074194	0.3324255556470216	-0.011650656660397848	0.22987770122298776	-0.031232510217361967	0.007060131848309974	99	2968708490	native	gemini25flashlite_natugu_grammar_original_shot_baseline	gemini25flashlite_natugu_grammar_original_shot_summary_tables_txt	gemini25flashlite	Natugu	shot	grammar	original	summary_tables_txt	1.0
0.3440762123074194	0.352987737667681	0.008911525360261551	0.4134658653413466	-0.012454423684664432	0.030281408033286678	99	2962472852	native	gemini25flashlite_natugu_grammar_original_shot_baseline	gemini25flashlite_natugu_grammar_original_shot_summary_text_txt	gemini25flashlite	Natugu	shot	grammar	original	summary_text_txt	1.0
0.2821491172518393	0.2907266497913033	0.008577532539464007	0.3925360746392536	-0.011339873572190599	0.02835643745281479	99	4128154294	native	gemini25flashlite_tsez_grammar_original_chain_gloss_baseline	gemini25flashlite_tsez_grammar_original_chain_gloss_cheatsheet_jpg	gemini25flashlite	Tsez	chain_gloss	grammar	original	cheatsheet_jpg	1.0
0.2821491172518393	0.2678634370065699	-0.014285680245269428	0.15654843451565484	-0.03437530768828259	0.005339247545208593	99	3938456955	native	gemini25flashlite_tsez_grammar_original_chain_gloss_baseline	gemini25flashlite_tsez_grammar_original_chain_gloss_cheatsheet_txt	gemini25flashlite	Tsez	chain_gloss	grammar	original	cheatsheet_txt	1.0
0.2821491172518393	0.2750670670559912	-0.0070820501958480985	0.6435535644643554	-0.03752887442406981	0.02302897058502586	99	2923992093	native	gemini25flashlite_tsez_grammar_original_chain_gloss_baseline	gemini25flashlite_tsez_grammar_original_chain_gloss_pdfpages_impactful_jpg	gemini25flashlite	Tsez	chain_gloss	grammar	original	pdfpages_impactful_jpg	1.0
0.2821491172518393	0.27724668955562093	-0.004902427696218395	0.6748332516674833	-0.028089561110193076	0.01806514265034535	99	1706630282	native	gemini25flashlite_tsez_grammar_original_chain_gloss_baseline	gemini25flashlite_tsez_grammar_original_chain_gloss_summary_tables_jpg	gemini25flashlite	Tsez	chain_gloss	grammar	original	summary_tables_jpg	1.0
0.2821491172518393	0.27408623860941994	-0.008062878642419372	0.42899571004289955	-0.028400477631525558	0.011811490691821977	99	576970593	native	gemini25flashlite_tsez_grammar_original_chain_gloss_baseline	gemini25flashlite_tsez_grammar_original_chain_gloss_summary_tables_txt	gemini25flashlite	Tsez	chain_gloss	grammar	original	summary_tables_txt	1.0
0.2821491172518393	0.2899839148075894	0.007834797555750067	0.5475645243547564	-0.017731472195097887	0.03386254538640828	99	735883295	native	gemini25flashlite_tsez_grammar_original_chain_gloss_baseline	gemini25flashlite_tsez_grammar_original_chain_gloss_summary_text_txt	gemini25flashlite	Tsez	chain_gloss	grammar	original	summary_text_txt	1.0
0.5499896604304362	0.5446017811996768	-0.00538787923075936	0.6046139538604614	-0.025865853472490503	0.015086566306876409	99	96933681	native	gemini25flashlite_tsez_grammar_original_modelgloss_baseline	gemini25flashlite_tsez_grammar_original_modelgloss_cheatsheet_jpg	gemini25flashlite	Tsez	modelgloss	grammar	original	cheatsheet_jpg	1.0
0.5499896604304362	0.55650998621878	0.006520325788343796	0.5882741172588274	-0.01716554145319293	0.030751027490454483	99	3846917195	native	gemini25flashlite_tsez_grammar_original_modelgloss_baseline	gemini25flashlite_tsez_grammar_original_modelgloss_cheatsheet_txt	gemini25flashlite	Tsez	modelgloss	grammar	original	cheatsheet_txt	1.0
0.5499896604304362	0.5205908872262396	-0.029398773204196583	0.02992970070299297	-0.056214327003919706	-0.0031286941333250645	99	258060431	native	gemini25flashlite_tsez_grammar_original_modelgloss_baseline	gemini25flashlite_tsez_grammar_original_modelgloss_pdfpages_impactful_jpg	gemini25flashlite	Tsez	modelgloss	grammar	original	pdfpages_impactful_jpg	1.0
0.5499896604304362	0.5372643162204762	-0.012725344209960012	0.2579474205257947	-0.03498010015623136	0.00926612660740361	99	1486677253	native	gemini25flashlite_tsez_grammar_original_modelgloss_baseline	gemini25flashlite_tsez_grammar_original_modelgloss_summary_tables_jpg	gemini25flashlite	Tsez	modelgloss	grammar	original	summary_tables_jpg	1.0
0.5499896604304362	0.5483226383274252	-0.001667022103011006	0.9015009849901501	-0.028173499377538457	0.02495128046909366	99	3670093209	native	gemini25flashlite_tsez_grammar_original_modelgloss_baseline	gemini25flashlite_tsez_grammar_original_modelgloss_summary_tables_txt	gemini25flashlite	Tsez	modelgloss	grammar	original	summary_tables_txt	1.0
0.5499896604304362	0.5545008027493351	0.004511142318898981	0.7055829441705583	-0.01858217499472878	0.028026042931308642	99	1381027733	native	gemini25flashlite_tsez_grammar_original_modelgloss_baseline	gemini25flashlite_tsez_grammar_original_modelgloss_summary_text_txt	gemini25flashlite	Tsez	modelgloss	grammar	original	summary_text_txt	1.0
0.28249849935974736	0.2590531813676911	-0.02344531799205626	0.003749962500374996	-0.03957807497695238	-0.007924059097363502	99	1015895591	native	gemini25flashlite_tsez_grammar_original_shot_baseline	gemini25flashlite_tsez_grammar_original_shot_cheatsheet_jpg	gemini25flashlite	Tsez	shot	grammar	original	cheatsheet_jpg	1.0
0.28249849935974736	0.2667163453920923	-0.015782153967655067	0.06464935350646493	-0.03266333557966382	0.0007499923684982252	99	3783618189	native	gemini25flashlite_tsez_grammar_original_shot_baseline	gemini25flashlite_tsez_grammar_original_shot_cheatsheet_txt	gemini25flashlite	Tsez	shot	grammar	original	cheatsheet_txt	1.0
0.28249849935974736	0.24407565277634244	-0.038422846583404925	1.999980000199998e-05	-0.0548777454128169	-0.023021929078932968	99	1147846484	native	gemini25flashlite_tsez_grammar_original_shot_baseline	gemini25flashlite_tsez_grammar_original_shot_pdfpages_impactful_jpg	gemini25flashlite	Tsez	shot	grammar	original	pdfpages_impactful_jpg	0.012579874201257989
0.28249849935974736	0.2544189930865259	-0.028079506273221488	0.000939990600093999	-0.044843945411419624	-0.01206228870033014	99	2427254803	native	gemini25flashlite_tsez_grammar_original_shot_baseline	gemini25flashlite_tsez_grammar_original_shot_summary_tables_jpg	gemini25flashlite	Tsez	shot	grammar	original	summary_tables_jpg	0.5752742472575274
0.28249849935974736	0.26596591177612844	-0.016532587583618936	0.04458955410445896	-0.0327310965180096	-0.0005221473335316725	99	4218760629	native	gemini25flashlite_tsez_grammar_original_shot_baseline	gemini25flashlite_tsez_grammar_original_shot_summary_tables_txt	gemini25flashlite	Tsez	shot	grammar	original	summary_tables_txt	1.0
0.28249849935974736	0.2661182609471408	-0.016380238412606597	0.06808931910680893	-0.03430078500750089	0.000807908549904815	99	149800033	native	gemini25flashlite_tsez_grammar_original_shot_baseline	gemini25flashlite_tsez_grammar_original_shot_summary_text_txt	gemini25flashlite	Tsez	shot	grammar	original	summary_text_txt	1.0
0.343504594789969	0.3317474230519823	-0.011757171737986643	0.6197238027619724	-0.058982526347343175	0.03429656290021295	37	3033893398	native	qwen35_gitksan_grammar_original_chain_gloss_baseline	qwen35_gitksan_pdf1_brown_original_chain_gloss_cheatsheet_jpg	qwen35	Gitksan	chain_gloss	pdf1_brown	original	cheatsheet_jpg	1.0
0.343504594789969	0.31244795507675893	-0.03105663971321003	0.17603823961760381	-0.07715411096609927	0.012912507989519309	37	2724062386	native	qwen35_gitksan_grammar_original_chain_gloss_baseline	qwen35_gitksan_pdf1_brown_original_chain_gloss_cheatsheet_txt	qwen35	Gitksan	chain_gloss	pdf1_brown	original	cheatsheet_txt	1.0
0.343504594789969	0.3080814150539604	-0.03542317973600852	0.0932490675093249	-0.07972194847424285	0.0034821322741540547	37	1082733285	native	qwen35_gitksan_grammar_original_chain_gloss_baseline	qwen35_gitksan_pdf1_brown_original_chain_gloss_pdfpages_impactful_jpg	qwen35	Gitksan	chain_gloss	pdf1_brown	original	pdfpages_impactful_jpg	1.0
0.343504594789969	0.32467255237940196	-0.018832042410567	0.36074639253607466	-0.0606569870098217	0.020733606181031917	37	3562495789	native	qwen35_gitksan_grammar_original_chain_gloss_baseline	qwen35_gitksan_pdf1_brown_original_chain_gloss_summary_tables_jpg	qwen35	Gitksan	chain_gloss	pdf1_brown	original	summary_tables_jpg	1.0
0.343504594789969	0.312394058382189	-0.031110536407780002	0.21102788972110278	-0.08063393797020654	0.01749796739502532	37	4165542003	native	qwen35_gitksan_grammar_original_chain_gloss_baseline	qwen35_gitksan_pdf1_brown_original_chain_gloss_summary_tables_txt	qwen35	Gitksan	chain_gloss	pdf1_brown	original	summary_tables_txt	1.0
0.343504594789969	0.3279937437257251	-0.015510851064243832	0.5666443335566644	-0.07208555905601462	0.03544403431383334	37	557310660	native	qwen35_gitksan_grammar_original_chain_gloss_baseline	qwen35_gitksan_pdf1_brown_original_chain_gloss_summary_text_txt	qwen35	Gitksan	chain_gloss	pdf1_brown	original	summary_text_txt	1.0
0.5994371425461125	0.5688743889331818	-0.03056275361293071	0.057539424605753946	-0.06139782489957036	0.0016695744483857485	37	4150205435	native	qwen35_gitksan_grammar_original_modelgloss_baseline	qwen35_gitksan_pdf1_brown_original_modelgloss_cheatsheet_jpg	qwen35	Gitksan	modelgloss	pdf1_brown	original	cheatsheet_jpg	1.0
0.5994371425461125	0.5802285357101543	-0.01920860683595812	0.28325716742832574	-0.05481875858999587	0.015995873128240173	37	2486189153	native	qwen35_gitksan_grammar_original_modelgloss_baseline	qwen35_gitksan_pdf1_brown_original_modelgloss_cheatsheet_txt	qwen35	Gitksan	modelgloss	pdf1_brown	original	cheatsheet_txt	1.0
0.5994371425461125	0.6108306581909592	0.011393515644846735	0.4657553424465755	-0.018946882236648248	0.042366241422053925	37	2599485522	native	qwen35_gitksan_grammar_original_modelgloss_baseline	qwen35_gitksan_pdf1_brown_original_modelgloss_pdfpages_impactful_jpg	qwen35	Gitksan	modelgloss	pdf1_brown	original	pdfpages_impactful_jpg	1.0
0.5994371425461125	0.5628506307666367	-0.036586511779475854	0.02788972110278897	-0.06852982400639637	-0.0033969409361079067	37	1779977965	native	qwen35_gitksan_grammar_original_modelgloss_baseline	qwen35_gitksan_pdf1_brown_original_modelgloss_summary_tables_jpg	qwen35	Gitksan	modelgloss	pdf1_brown	original	summary_tables_jpg	1.0
0.5994371425461125	0.5720318894128542	-0.027405253133258305	0.1104788952110479	-0.06206754413810936	0.005573388591811447	37	3848978474	native	qwen35_gitksan_grammar_original_modelgloss_baseline	qwen35_gitksan_pdf1_brown_original_modelgloss_summary_tables_txt	qwen35	Gitksan	modelgloss	pdf1_brown	original	summary_tables_txt	1.0
0.5994371425461125	0.5640497916453594	-0.03538735090075312	0.03801961980380196	-0.06893364521297249	-0.0020800436066614647	37	1711934244	native	qwen35_gitksan_grammar_original_modelgloss_baseline	qwen35_gitksan_pdf1_brown_original_modelgloss_summary_text_txt	qwen35	Gitksan	modelgloss	pdf1_brown	original	summary_text_txt	1.0
0.33469809913957443	0.3365637829174867	0.001865683777912243	0.914180858191418	-0.032014413147762016	0.03561502536003654	37	3937082172	native	qwen35_gitksan_grammar_original_shot_baseline	qwen35_gitksan_pdf1_brown_original_shot_cheatsheet_jpg	qwen35	Gitksan	shot	pdf1_brown	original	cheatsheet_jpg	1.0
0.33469809913957443	0.321556306972697	-0.013141792166877437	0.43284567154328457	-0.04777980380867784	0.01811031348801946	37	3207536838	native	qwen35_gitksan_grammar_original_shot_baseline	qwen35_gitksan_pdf1_brown_original_shot_cheatsheet_txt	qwen35	Gitksan	shot	pdf1_brown	original	cheatsheet_txt	1.0
0.33469809913957443	0.3545282720714002	0.019830172931825794	0.2948570514294857	-0.01722200296416476	0.05748990388536774	37	898221434	native	qwen35_gitksan_grammar_original_shot_baseline	qwen35_gitksan_pdf1_brown_original_shot_pdfpages_impactful_jpg	qwen35	Gitksan	shot	pdf1_brown	original	pdfpages_impactful_jpg	1.0
0.33469809913957443	0.32652094396384984	-0.008177155175724544	0.6687833121668784	-0.04592906210470842	0.029399625423389485	37	3663578145	native	qwen35_gitksan_grammar_original_shot_baseline	qwen35_gitksan_pdf1_brown_original_shot_summary_tables_jpg	qwen35	Gitksan	shot	pdf1_brown	original	summary_tables_jpg	1.0
0.33469809913957443	0.3339629177306149	-0.000735181408959466	0.9666703332966671	-0.03584498720797332	0.033761721456775765	37	173282906	native	qwen35_gitksan_grammar_original_shot_baseline	qwen35_gitksan_pdf1_brown_original_shot_summary_tables_txt	qwen35	Gitksan	shot	pdf1_brown	original	summary_tables_txt	1.0
0.33469809913957443	0.32320421168933045	-0.011493887450243975	0.5029549704502955	-0.04659416208396086	0.020080831536167337	37	1065679871	native	qwen35_gitksan_grammar_original_shot_baseline	qwen35_gitksan_pdf1_brown_original_shot_summary_text_txt	qwen35	Gitksan	shot	pdf1_brown	original	summary_text_txt	1.0
0.343504594789969	0.3441950437184927	0.000690448928523708	0.967530324696753	-0.033929410304974865	0.03374445051760284	37	2977172902	native	qwen35_gitksan_grammar_original_chain_gloss_baseline	qwen35_gitksan_pdf2_rigsby_original_chain_gloss_cheatsheet_jpg	qwen35	Gitksan	chain_gloss	pdf2_rigsby	original	cheatsheet_jpg	1.0
0.343504594789969	0.3249322300827181	-0.018572364707250853	0.25279747202527975	-0.05236396313317724	0.011913848517311575	37	100635818	native	qwen35_gitksan_grammar_original_chain_gloss_baseline	qwen35_gitksan_pdf2_rigsby_original_chain_gloss_cheatsheet_txt	qwen35	Gitksan	chain_gloss	pdf2_rigsby	original	cheatsheet_txt	1.0
0.343504594789969	0.320878533092705	-0.022626061697263975	0.33559664403355965	-0.06999025168652469	0.02170844205932034	37	714335833	native	qwen35_gitksan_grammar_original_chain_gloss_baseline	qwen35_gitksan_pdf2_rigsby_original_chain_gloss_pdfpages_impactful_jpg	qwen35	Gitksan	chain_gloss	pdf2_rigsby	original	pdfpages_impactful_jpg	1.0
0.343504594789969	0.3290622685406659	-0.014442326249303045	0.3262267377326227	-0.04306977371106276	0.014719736163277873	37	40141231	native	qwen35_gitksan_grammar_original_chain_gloss_baseline	qwen35_gitksan_pdf2_rigsby_original_chain_gloss_summary_tables_jpg	qwen35	Gitksan	chain_gloss	pdf2_rigsby	original	summary_tables_jpg	1.0
0.343504594789969	0.34215370787156596	-0.0013508869184030068	0.927540724592754	-0.031559406502826785	0.026375195887443175	37	3828571288	native	qwen35_gitksan_grammar_original_chain_gloss_baseline	qwen35_gitksan_pdf2_rigsby_original_chain_gloss_summary_tables_txt	qwen35	Gitksan	chain_gloss	pdf2_rigsby	original	summary_tables_txt	1.0
0.343504594789969	0.30591218858151825	-0.03759240620845073	0.016099839001609984	-0.06912672283077562	-0.008101724782908284	37	1625334761	native	qwen35_gitksan_grammar_original_chain_gloss_baseline	qwen35_gitksan_pdf2_rigsby_original_chain_gloss_summary_text_txt	qwen35	Gitksan	chain_gloss	pdf2_rigsby	original	summary_text_txt	1.0
0.5994371425461125	0.57322654852996	-0.026210594016152458	0.12317876821231788	-0.05890481069281294	0.007676848205360168	37	983835803	native	qwen35_gitksan_grammar_original_modelgloss_baseline	qwen35_gitksan_pdf2_rigsby_original_modelgloss_cheatsheet_jpg	qwen35	Gitksan	modelgloss	pdf2_rigsby	original	cheatsheet_jpg	1.0
0.5994371425461125	0.617203820396114	0.017766677850001567	0.2726772732272677	-0.012435960830063425	0.05097260235531907	37	1550265699	native	qwen35_gitksan_grammar_original_modelgloss_baseline	qwen35_gitksan_pdf2_rigsby_original_modelgloss_cheatsheet_txt	qwen35	Gitksan	modelgloss	pdf2_rigsby	original	cheatsheet_txt	1.0
0.5994371425461125	0.5719607959727984	-0.027476346573314152	0.03785962140378596	-0.05349943453597056	-0.0016953799672223431	37	2473100536	native	qwen35_gitksan_grammar_original_modelgloss_baseline	qwen35_gitksan_pdf2_rigsby_original_modelgloss_pdfpages_impactful_jpg	qwen35	Gitksan	modelgloss	pdf2_rigsby	original	pdfpages_impactful_jpg	1.0
0.5994371425461125	0.5836390442139393	-0.015798098332173115	0.3034169658303417	-0.04520063388186532	0.01532283403180739	37	1533408968	native	qwen35_gitksan_grammar_original_modelgloss_baseline	qwen35_gitksan_pdf2_rigsby_original_modelgloss_summary_tables_jpg	qwen35	Gitksan	modelgloss	pdf2_rigsby	original	summary_tables_jpg	1.0
0.5994371425461125	0.6158362933107324	0.016399150764619983	0.36775632243677564	-0.018363541747267176	0.05346483213675982	37	2882428265	native	qwen35_gitksan_grammar_original_modelgloss_baseline	qwen35_gitksan_pdf2_rigsby_original_modelgloss_summary_tables_txt	qwen35	Gitksan	modelgloss	pdf2_rigsby	original	summary_tables_txt	1.0
0.5994371425461125	0.5743100469982302	-0.025127095547882287	0.23113768862311376	-0.06795092319717279	0.014703043157587137	37	2889214304	native	qwen35_gitksan_grammar_original_modelgloss_baseline	qwen35_gitksan_pdf2_rigsby_original_modelgloss_summary_text_txt	qwen35	Gitksan	modelgloss	pdf2_rigsby	original	summary_text_txt	1.0
0.33469809913957443	0.3191130209613491	-0.015585078178225336	0.33338666613333867	-0.04767306055370214	0.015632284553469832	37	1363061072	native	qwen35_gitksan_grammar_original_shot_baseline	qwen35_gitksan_pdf2_rigsby_original_shot_cheatsheet_jpg	qwen35	Gitksan	shot	pdf2_rigsby	original	cheatsheet_jpg	1.0
0.33469809913957443	0.31344951769790136	-0.021248581441673072	0.2854571454285457	-0.06060128726467892	0.01738961326914864	37	1371670716	native	qwen35_gitksan_grammar_original_shot_baseline	qwen35_gitksan_pdf2_rigsby_original_shot_cheatsheet_txt	qwen35	Gitksan	shot	pdf2_rigsby	original	cheatsheet_txt	1.0
0.33469809913957443	0.34707088204654485	0.012372782906970463	0.45588544114558854	-0.018912551038571278	0.04641068972445818	37	765787139	native	qwen35_gitksan_grammar_original_shot_baseline	qwen35_gitksan_pdf2_rigsby_original_shot_pdfpages_impactful_jpg	qwen35	Gitksan	shot	pdf2_rigsby	original	pdfpages_impactful_jpg	1.0
0.33469809913957443	0.3334990047119759	-0.0011990944275984893	0.9519604803951961	-0.040539803657982786	0.03754726294931523	37	4160611782	native	qwen35_gitksan_grammar_original_shot_baseline	qwen35_gitksan_pdf2_rigsby_original_shot_summary_tables_jpg	qwen35	Gitksan	shot	pdf2_rigsby	original	summary_tables_jpg	1.0
0.33469809913957443	0.32696219513545166	-0.0077359040041227595	0.6087039129608703	-0.03826245290000696	0.021480092607639906	37	1666055117	native	qwen35_gitksan_grammar_original_shot_baseline	qwen35_gitksan_pdf2_rigsby_original_shot_summary_tables_txt	qwen35	Gitksan	shot	pdf2_rigsby	original	summary_tables_txt	1.0
0.33469809913957443	0.32320165634155273	-0.011496442798021677	0.5551644483555165	-0.05025599624055462	0.027875258964863946	37	2875121231	native	qwen35_gitksan_grammar_original_shot_baseline	qwen35_gitksan_pdf2_rigsby_original_shot_summary_text_txt	qwen35	Gitksan	shot	pdf2_rigsby	original	summary_text_txt	1.0
0.39223810722087993	0.3875420941361066	-0.00469601308477336	0.6492835071649283	-0.025002093214927048	0.015391892220439567	87	2995772101	native	qwen35_lezgi_grammar_original_chain_gloss_baseline	qwen35_lezgi_grammar_cyrillic_chain_gloss_cheatsheet_jpg	qwen35	Lezgi	chain_gloss	grammar	cyrillic	cheatsheet_jpg	1.0
0.39223810722087993	0.37412007975167244	-0.0181180274692075	0.15951840481595184	-0.04401636217431775	0.006522184674595929	87	330184772	native	qwen35_lezgi_grammar_original_chain_gloss_baseline	qwen35_lezgi_grammar_cyrillic_chain_gloss_cheatsheet_txt	qwen35	Lezgi	chain_gloss	grammar	cyrillic	cheatsheet_txt	1.0
0.39223810722087993	0.40105199454159574	0.008813887320715806	0.4330656693433066	-0.01336826600733844	0.03085021968374305	87	745508738	native	qwen35_lezgi_grammar_original_chain_gloss_baseline	qwen35_lezgi_grammar_cyrillic_chain_gloss_summary_tables_jpg	qwen35	Lezgi	chain_gloss	grammar	cyrillic	summary_tables_jpg	1.0
0.39223810722087993	0.3845559982047684	-0.007682109016111527	0.5472845271547284	-0.032816995611821095	0.017312658141399217	87	962928613	native	qwen35_lezgi_grammar_original_chain_gloss_baseline	qwen35_lezgi_grammar_cyrillic_chain_gloss_summary_tables_txt	qwen35	Lezgi	chain_gloss	grammar	cyrillic	summary_tables_txt	1.0
0.39223810722087993	0.38513482952940054	-0.007103277691479387	0.5950240497595024	-0.03320286142072456	0.019638178351966788	87	3908405736	native	qwen35_lezgi_grammar_original_chain_gloss_baseline	qwen35_lezgi_grammar_cyrillic_chain_gloss_summary_text_txt	qwen35	Lezgi	chain_gloss	grammar	cyrillic	summary_text_txt	1.0
0.5485955918657368	0.5319113817023134	-0.016684210163423384	0.037459625403745964	-0.03253027181001915	-0.0010876139775774971	87	752847891	native	qwen35_lezgi_grammar_original_modelgloss_baseline	qwen35_lezgi_grammar_cyrillic_modelgloss_cheatsheet_jpg	qwen35	Lezgi	modelgloss	grammar	cyrillic	cheatsheet_jpg	1.0
0.5485955918657368	0.5153782809602803	-0.03321731090545654	0.0007499925000749992	-0.05280015960164453	-0.01472309764431811	87	2661001858	native	qwen35_lezgi_grammar_original_modelgloss_baseline	qwen35_lezgi_grammar_cyrillic_modelgloss_cheatsheet_txt	qwen35	Lezgi	modelgloss	grammar	cyrillic	cheatsheet_txt	0.4619953800461995
0.5485955918657368	0.5335936416154621	-0.015001950250274834	0.05105948940510595	-0.029963979664547686	0.0001716988696448986	87	181929900	native	qwen35_lezgi_grammar_original_modelgloss_baseline	qwen35_lezgi_grammar_cyrillic_modelgloss_summary_tables_jpg	qwen35	Lezgi	modelgloss	grammar	cyrillic	summary_tables_jpg	1.0
0.5485955918657368	0.5252252728089519	-0.02337031905678497	0.021899781002189977	-0.04387903525226417	-0.004114160284228712	87	1918841287	native	qwen35_lezgi_grammar_original_modelgloss_baseline	qwen35_lezgi_grammar_cyrillic_modelgloss_summary_tables_txt	qwen35	Lezgi	modelgloss	grammar	cyrillic	summary_tables_txt	1.0
0.5485955918657368	0.5246381328023714	-0.023957459063365542	0.013169868301316986	-0.043539753671863975	-0.005747561730530075	87	922570989	native	qwen35_lezgi_grammar_original_modelgloss_baseline	qwen35_lezgi_grammar_cyrillic_modelgloss_summary_text_txt	qwen35	Lezgi	modelgloss	grammar	cyrillic	summary_text_txt	1.0
0.3964509289155061	0.4003943011335943	0.003943372218088172	0.6308136918630813	-0.012024722196932494	0.019905632712888983	87	874895624	native	qwen35_lezgi_grammar_original_shot_baseline	qwen35_lezgi_grammar_cyrillic_shot_cheatsheet_jpg	qwen35	Lezgi	shot	grammar	cyrillic	cheatsheet_jpg	1.0
0.3964509289155061	0.38936874835655605	-0.007082180558950052	0.5579444205557944	-0.030734629432360314	0.016404694228850554	87	1172787348	native	qwen35_lezgi_grammar_original_shot_baseline	qwen35_lezgi_grammar_cyrillic_shot_cheatsheet_txt	qwen35	Lezgi	shot	grammar	cyrillic	cheatsheet_txt	1.0
0.3964509289155061	0.3937995536574002	-0.0026513752581059247	0.7615723842761573	-0.019682117872710885	0.01455345685625898	87	32616296	native	qwen35_lezgi_grammar_original_shot_baseline	qwen35_lezgi_grammar_cyrillic_shot_summary_tables_jpg	qwen35	Lezgi	shot	grammar	cyrillic	summary_tables_jpg	1.0
0.3964509289155061	0.3834945922610403	-0.012956336654465774	0.27309726902730974	-0.03656379264490357	0.01014071787311427	87	2229648238	native	qwen35_lezgi_grammar_original_shot_baseline	qwen35_lezgi_grammar_cyrillic_shot_summary_tables_txt	qwen35	Lezgi	shot	grammar	cyrillic	summary_tables_txt	1.0
0.3964509289155061	0.3710429507425462	-0.025407978172959953	0.02773972260277397	-0.04845875849326451	-0.0032619519780079636	87	4104984526	native	qwen35_lezgi_grammar_original_shot_baseline	qwen35_lezgi_grammar_cyrillic_shot_summary_text_txt	qwen35	Lezgi	shot	grammar	cyrillic	summary_text_txt	1.0
0.39223810722087993	0.38398223789944047	-0.008255869321439457	0.4406555934440656	-0.02955545526982723	0.012588504008178052	87	1030849112	native	qwen35_lezgi_grammar_original_chain_gloss_baseline	qwen35_lezgi_grammar_original_chain_gloss_cheatsheet_jpg	qwen35	Lezgi	chain_gloss	grammar	original	cheatsheet_jpg	1.0
0.39223810722087993	0.37956256068300925	-0.012675546537870648	0.3627563724362756	-0.040488027961089676	0.014248218875506816	87	3314700156	native	qwen35_lezgi_grammar_original_chain_gloss_baseline	qwen35_lezgi_grammar_original_chain_gloss_cheatsheet_txt	qwen35	Lezgi	chain_gloss	grammar	original	cheatsheet_txt	1.0
0.39223810722087993	0.3838137749625348	-0.008424332258345067	0.5176348236517635	-0.03414580370245994	0.01689031865319301	87	3988076257	native	qwen35_lezgi_grammar_original_chain_gloss_baseline	qwen35_lezgi_grammar_original_chain_gloss_pdfpages_impactful_jpg	qwen35	Lezgi	chain_gloss	grammar	original	pdfpages_impactful_jpg	1.0
0.39223810722087993	0.3987812041893773	0.006543096968497353	0.5838341616583834	-0.01679554529402447	0.0303342021873285	87	1178841629	native	qwen35_lezgi_grammar_original_chain_gloss_baseline	qwen35_lezgi_grammar_original_chain_gloss_summary_tables_jpg	qwen35	Lezgi	chain_gloss	grammar	original	summary_tables_jpg	1.0
0.39223810722087993	0.378381682024605	-0.013856425196274945	0.2815871841281587	-0.03930540293797679	0.011279572859063908	87	2828734640	native	qwen35_lezgi_grammar_original_chain_gloss_baseline	qwen35_lezgi_grammar_original_chain_gloss_summary_tables_txt	qwen35	Lezgi	chain_gloss	grammar	original	summary_tables_txt	1.0
0.39223810722087993	0.3785921544179149	-0.013645952802965012	0.26535734642653575	-0.037947179385642876	0.010081059836793207	87	4133923660	native	qwen35_lezgi_grammar_original_chain_gloss_baseline	qwen35_lezgi_grammar_original_chain_gloss_summary_text_txt	qwen35	Lezgi	chain_gloss	grammar	original	summary_text_txt	1.0
0.5485955918657368	0.5315366668262701	-0.01705892503946677	0.054549454505454946	-0.0342830310350862	0.0005284976342628739	87	2635066857	native	qwen35_lezgi_grammar_original_modelgloss_baseline	qwen35_lezgi_grammar_original_modelgloss_cheatsheet_jpg	qwen35	Lezgi	modelgloss	grammar	original	cheatsheet_jpg	1.0
0.5485955918657368	0.5198299004428688	-0.02876569142286805	0.007089929100708993	-0.049921742972286264	-0.00834784353601522	87	3775991905	native	qwen35_lezgi_grammar_original_modelgloss_baseline	qwen35_lezgi_grammar_original_modelgloss_cheatsheet_txt	qwen35	Lezgi	modelgloss	grammar	original	cheatsheet_txt	1.0
0.5485955918657368	0.5366980066929741	-0.011897585172762817	0.14987850121498786	-0.0281338759451762	0.00421624706908204	87	312991412	native	qwen35_lezgi_grammar_original_modelgloss_baseline	qwen35_lezgi_grammar_original_modelgloss_pdfpages_impactful_jpg	qwen35	Lezgi	modelgloss	grammar	original	pdfpages_impactful_jpg	1.0
0.5485955918657368	0.5259128750740797	-0.022682716791657197	0.009349906500934991	-0.03990481405080049	-0.0055937823464815685	87	3788075775	native	qwen35_lezgi_grammar_original_modelgloss_baseline	qwen35_lezgi_grammar_original_modelgloss_summary_tables_jpg	qwen35	Lezgi	modelgloss	grammar	original	summary_tables_jpg	1.0
0.5485955918657368	0.5198930049764698	-0.028702586889266968	0.00866991330086699	-0.05046775517449981	-0.007589766922695888	87	1092735053	native	qwen35_lezgi_grammar_original_modelgloss_baseline	qwen35_lezgi_grammar_original_modelgloss_summary_tables_txt	qwen35	Lezgi	modelgloss	grammar	original	summary_tables_txt	1.0
0.5485955918657368	0.5331389809819473	-0.0154566108837895	0.11853881461185388	-0.03484960459172726	0.0040311982876610405	87	990421234	native	qwen35_lezgi_grammar_original_modelgloss_baseline	qwen35_lezgi_grammar_original_modelgloss_summary_text_txt	qwen35	Lezgi	modelgloss	grammar	original	summary_text_txt	1.0
0.3964509289155061	0.38789858266539956	-0.008552346250106549	0.34633653663463365	-0.02671477941517857	0.009023083365340336	87	3911079772	native	qwen35_lezgi_grammar_original_shot_baseline	qwen35_lezgi_grammar_original_shot_cheatsheet_jpg	qwen35	Lezgi	shot	grammar	original	cheatsheet_jpg	1.0
0.3964509289155061	0.3833237254414065	-0.013127203474099609	0.21570784292157077	-0.03425518093609261	0.00748297931819126	87	415547095	native	qwen35_lezgi_grammar_original_shot_baseline	qwen35_lezgi_grammar_original_shot_cheatsheet_txt	qwen35	Lezgi	shot	grammar	original	cheatsheet_txt	1.0
0.3964509289155061	0.3880358764837528	-0.008415052431753311	0.3834761652383476	-0.027563272467974957	0.010396829187527466	87	2415632648	native	qwen35_lezgi_grammar_original_shot_baseline	qwen35_lezgi_grammar_original_shot_pdfpages_impactful_jpg	qwen35	Lezgi	shot	grammar	original	pdfpages_impactful_jpg	1.0
0.3964509289155061	0.39698416611243936	0.0005332371969332641	0.9499305006949931	-0.016201970602075257	0.017493100014740002	87	1335392381	native	qwen35_lezgi_grammar_original_shot_baseline	qwen35_lezgi_grammar_original_shot_summary_tables_jpg	qwen35	Lezgi	shot	grammar	original	summary_tables_jpg	1.0
0.3964509289155061	0.38296581171024807	-0.013485117205258074	0.27005729942700574	-0.03755419031641949	0.010442652065178377	87	2767628273	native	qwen35_lezgi_grammar_original_shot_baseline	qwen35_lezgi_grammar_original_shot_summary_tables_txt	qwen35	Lezgi	shot	grammar	original	summary_tables_txt	1.0
0.3964509289155061	0.35870073701458416	-0.037750191900921964	0.0008999910000899991	-0.06024670052374229	-0.01611715988951854	87	673099706	native	qwen35_lezgi_grammar_original_shot_baseline	qwen35_lezgi_grammar_original_shot_summary_text_txt	qwen35	Lezgi	shot	grammar	original	summary_text_txt	0.5525944740552595
0.3025659352089419	0.2950205288150094	-0.007545406393932573	0.45415545844541555	-0.027732841390175643	0.011905644260196366	99	2894280040	native	qwen35_natugu_grammar_original_chain_gloss_baseline	qwen35_natugu_grammar_original_chain_gloss_cheatsheet_jpg	qwen35	Natugu	chain_gloss	grammar	original	cheatsheet_jpg	1.0
0.3025659352089419	0.28311034133940033	-0.01945559386954163	0.06327936720632793	-0.04114361102645745	3.930960377358391e-05	99	3816085320	native	qwen35_natugu_grammar_original_chain_gloss_baseline	qwen35_natugu_grammar_original_chain_gloss_cheatsheet_txt	qwen35	Natugu	chain_gloss	grammar	original	cheatsheet_txt	1.0
0.3025659352089419	0.2935584109238904	-0.009007524285051558	0.4670053299467005	-0.03344577586823943	0.015242634200011231	99	4244362293	native	qwen35_natugu_grammar_original_chain_gloss_baseline	qwen35_natugu_grammar_original_chain_gloss_pdfpages_impactful_jpg	qwen35	Natugu	chain_gloss	grammar	original	pdfpages_impactful_jpg	1.0
0.3025659352089419	0.286232393197339	-0.01633354201160296	0.14926850731492686	-0.0389767181617443	0.005581433429486214	99	1258018203	native	qwen35_natugu_grammar_original_chain_gloss_baseline	qwen35_natugu_grammar_original_chain_gloss_summary_tables_jpg	qwen35	Natugu	chain_gloss	grammar	original	summary_tables_jpg	1.0
0.3025659352089419	0.2740993481693846	-0.02846658703955737	0.005649943500564994	-0.04921260332933279	-0.009379538921921546	99	3830363362	native	qwen35_natugu_grammar_original_chain_gloss_baseline	qwen35_natugu_grammar_original_chain_gloss_summary_tables_txt	qwen35	Natugu	chain_gloss	grammar	original	summary_tables_txt	1.0
0.3025659352089419	0.28932852651735746	-0.013237408691584462	0.22478775212247878	-0.03490496977147731	0.007817212678492067	99	1727968102	native	qwen35_natugu_grammar_original_chain_gloss_baseline	qwen35_natugu_grammar_original_chain_gloss_summary_text_txt	qwen35	Natugu	chain_gloss	grammar	original	summary_text_txt	1.0
0.5503121537692619	0.5400511447829429	-0.010261008986318954	0.33659663403365964	-0.031368489119440617	0.010546149494069994	99	2680927985	native	qwen35_natugu_grammar_original_modelgloss_baseline	qwen35_natugu_grammar_original_modelgloss_cheatsheet_jpg	qwen35	Natugu	modelgloss	grammar	original	cheatsheet_jpg	1.0
0.5503121537692619	0.5530565776909241	0.0027444239216621474	0.7475025249747502	-0.013981751028937523	0.019655416284998256	99	784010612	native	qwen35_natugu_grammar_original_modelgloss_baseline	qwen35_natugu_grammar_original_modelgloss_cheatsheet_txt	qwen35	Natugu	modelgloss	grammar	original	cheatsheet_txt	1.0
0.5503121537692619	0.5431017270593932	-0.007210426709868691	0.4988450115498845	-0.027994145550812134	0.013575590853438227	99	800169718	native	qwen35_natugu_grammar_original_modelgloss_baseline	qwen35_natugu_grammar_original_modelgloss_pdfpages_impactful_jpg	qwen35	Natugu	modelgloss	grammar	original	pdfpages_impactful_jpg	1.0
0.5503121537692619	0.543738364420756	-0.0065737893485059646	0.5082049179508205	-0.02628766736297896	0.012762161946356886	99	3292413984	native	qwen35_natugu_grammar_original_modelgloss_baseline	qwen35_natugu_grammar_original_modelgloss_summary_tables_jpg	qwen35	Natugu	modelgloss	grammar	original	summary_tables_jpg	1.0
0.5503121537692619	0.5306343881770818	-0.019677765592180117	0.03423965760342396	-0.038117907726854985	-0.0016014526551119096	99	4192475698	native	qwen35_natugu_grammar_original_modelgloss_baseline	qwen35_natugu_grammar_original_modelgloss_summary_tables_txt	qwen35	Natugu	modelgloss	grammar	original	summary_tables_txt	1.0
0.5503121537692619	0.5331859338765192	-0.01712621989274266	0.053049469505304946	-0.034707104000780316	2.0691658360787496e-05	99	1767217699	native	qwen35_natugu_grammar_original_modelgloss_baseline	qwen35_natugu_grammar_original_modelgloss_summary_text_txt	qwen35	Natugu	modelgloss	grammar	original	summary_text_txt	1.0
0.3039759143133356	0.2937170428158057	-0.010258871497529926	0.33327666723332766	-0.031222080973663708	0.010417301316905497	99	1280337239	native	qwen35_natugu_grammar_original_shot_baseline	qwen35_natugu_grammar_original_shot_cheatsheet_jpg	qwen35	Natugu	shot	grammar	original	cheatsheet_jpg	1.0
0.3039759143133356	0.29958626372043534	-0.0043896505929002854	0.5891141088589114	-0.02035680037706789	0.011444952542131593	99	2943420384	native	qwen35_natugu_grammar_original_shot_baseline	qwen35_natugu_grammar_original_shot_cheatsheet_txt	qwen35	Natugu	shot	grammar	original	cheatsheet_txt	1.0
0.3039759143133356	0.2978049098241209	-0.006171004489214734	0.5327146728532715	-0.025561371054312196	0.013262882053551034	99	3824223665	native	qwen35_natugu_grammar_original_shot_baseline	qwen35_natugu_grammar_original_shot_pdfpages_impactful_jpg	qwen35	Natugu	shot	grammar	original	pdfpages_impactful_jpg	1.0
0.3039759143133356	0.2944911104260069	-0.009484803887328716	0.31118688813111867	-0.0280930194251164	0.008927900490887224	99	291844959	native	qwen35_natugu_grammar_original_shot_baseline	qwen35_natugu_grammar_original_shot_summary_tables_jpg	qwen35	Natugu	shot	grammar	original	summary_tables_jpg	1.0
0.3039759143133356	0.3033215081450915	-0.0006544061682441018	0.9451105488945111	-0.019563758087278612	0.018688796317637566	99	3400142582	native	qwen35_natugu_grammar_original_shot_baseline	qwen35_natugu_grammar_original_shot_summary_tables_txt	qwen35	Natugu	shot	grammar	original	summary_tables_txt	1.0
0.3039759143133356	0.30060789922271114	-0.0033680150906244912	0.7189228107718922	-0.022634501010179515	0.014620649238879029	99	2993992551	native	qwen35_natugu_grammar_original_shot_baseline	qwen35_natugu_grammar_original_shot_summary_text_txt	qwen35	Natugu	shot	grammar	original	summary_text_txt	1.0
0.23314442925908593	0.2319428335079986	-0.0012015957510873173	0.7366626333736662	-0.008209802837351734	0.005864553031291854	445	4161835114	native	qwen35_tsez_grammar_original_chain_gloss_baseline	qwen35_tsez_grammar_original_chain_gloss_cheatsheet_jpg	qwen35	Tsez	chain_gloss	grammar	original	cheatsheet_jpg	1.0
0.23314442925908593	0.22773448670848032	-0.005409942550605603	0.09241907580924191	-0.01178949553226487	0.0008024549802367586	445	2327690735	native	qwen35_tsez_grammar_original_chain_gloss_baseline	qwen35_tsez_grammar_original_chain_gloss_cheatsheet_txt	qwen35	Tsez	chain_gloss	grammar	original	cheatsheet_txt	1.0
0.23314442925908593	0.2335470678766122	0.0004026386175262794	0.9099509004909951	-0.006574183724234611	0.007329921354068797	445	1030563642	native	qwen35_tsez_grammar_original_chain_gloss_baseline	qwen35_tsez_grammar_original_chain_gloss_pdfpages_impactful_jpg	qwen35	Tsez	chain_gloss	grammar	original	pdfpages_impactful_jpg	1.0
0.23314442925908593	0.23248701380209977	-0.0006574154569861594	0.8319116808831911	-0.00670801157864292	0.005376448267966173	445	1271450333	native	qwen35_tsez_grammar_original_chain_gloss_baseline	qwen35_tsez_grammar_original_chain_gloss_summary_tables_jpg	qwen35	Tsez	chain_gloss	grammar	original	summary_tables_jpg	1.0
0.23314442925908593	0.22647680261831604	-0.006667626640769872	0.033739662603373965	-0.012895255509889524	-0.0005517967036935736	445	2989623684	native	qwen35_tsez_grammar_original_chain_gloss_baseline	qwen35_tsez_grammar_original_chain_gloss_summary_tables_txt	qwen35	Tsez	chain_gloss	grammar	original	summary_tables_txt	1.0
0.23314442925908593	0.2312894640009055	-0.0018549652581804255	0.5624743752562474	-0.008228475067220376	0.0043664846535813925	445	2978893543	native	qwen35_tsez_grammar_original_chain_gloss_baseline	qwen35_tsez_grammar_original_chain_gloss_summary_text_txt	qwen35	Tsez	chain_gloss	grammar	original	summary_text_txt	1.0
0.5106059239821488	0.49653914952546024	-0.014066774456688528	0.004819951800481995	-0.02386533767319797	-0.004290818084826635	445	1474003650	native	qwen35_tsez_grammar_original_modelgloss_baseline	qwen35_tsez_grammar_original_modelgloss_cheatsheet_jpg	qwen35	Tsez	modelgloss	grammar	original	cheatsheet_jpg	1.0
0.5106059239821488	0.4939113424065408	-0.016694581575607985	0.001939980600193998	-0.02724784012339758	-0.0061224609914790435	445	1720783198	native	qwen35_tsez_grammar_original_modelgloss_baseline	qwen35_tsez_grammar_original_modelgloss_cheatsheet_txt	qwen35	Tsez	modelgloss	grammar	original	cheatsheet_txt	1.0
0.5106059239821488	0.48713536766472826	-0.02347055631742049	1.999980000199998e-05	-0.03413302899411555	-0.012832250001976334	445	700678232	native	qwen35_tsez_grammar_original_modelgloss_baseline	qwen35_tsez_grammar_original_modelgloss_pdfpages_impactful_jpg	qwen35	Tsez	modelgloss	grammar	original	pdfpages_impactful_jpg	0.012579874201257989
0.5106059239821488	0.49582587463802164	-0.014780049344127098	0.003219967800321997	-0.02465984698594286	-0.004928754872820351	445	460672378	native	qwen35_tsez_grammar_original_modelgloss_baseline	qwen35_tsez_grammar_original_modelgloss_summary_tables_jpg	qwen35	Tsez	modelgloss	grammar	original	summary_tables_jpg	1.0
0.5106059239821488	0.5013640914237901	-0.009241832558358653	0.07846921530784692	-0.019506013377077785	0.0010782969625813229	445	411391708	native	qwen35_tsez_grammar_original_modelgloss_baseline	qwen35_tsez_grammar_original_modelgloss_summary_tables_txt	qwen35	Tsez	modelgloss	grammar	original	summary_tables_txt	1.0
0.5106059239821488	0.4935302627722869	-0.017075661209861884	0.0021399786002139977	-0.027956899979225038	-0.006393766636342816	445	1621193430	native	qwen35_tsez_grammar_original_modelgloss_baseline	qwen35_tsez_grammar_original_modelgloss_summary_text_txt	qwen35	Tsez	modelgloss	grammar	original	summary_text_txt	1.0
0.24828060985950942	0.24683578265516945	-0.0014448272043399595	0.6655133448665513	-0.008022553036721903	0.005117120569509061	445	262242411	native	qwen35_tsez_grammar_original_shot_baseline	qwen35_tsez_grammar_original_shot_cheatsheet_jpg	qwen35	Tsez	shot	grammar	original	cheatsheet_jpg	1.0
0.24828060985950942	0.247114569869604	-0.001166039989905411	0.7691923080769192	-0.008996529664132698	0.006518004766424713	445	3199849640	native	qwen35_tsez_grammar_original_shot_baseline	qwen35_tsez_grammar_original_shot_cheatsheet_txt	qwen35	Tsez	shot	grammar	original	cheatsheet_txt	1.0
0.24828060985950942	0.2458834807859378	-0.002397129073571623	0.6033139668603315	-0.011558380043238736	0.006555151880792018	445	789981584	native	qwen35_tsez_grammar_original_shot_baseline	qwen35_tsez_grammar_original_shot_pdfpages_impactful_jpg	qwen35	Tsez	shot	grammar	original	pdfpages_impactful_jpg	1.0
0.24828060985950942	0.23961186030607545	-0.008668749553433965	0.00982990170098299	-0.015232479626710493	-0.0021143858528204196	445	3689782968	native	qwen35_tsez_grammar_original_shot_baseline	qwen35_tsez_grammar_original_shot_summary_tables_jpg	qwen35	Tsez	shot	grammar	original	summary_tables_jpg	1.0
0.24828060985950942	0.24686147282632548	-0.0014191370331839228	0.7163628363716363	-0.009238699105348478	0.006244801775960428	445	1038933640	native	qwen35_tsez_grammar_original_shot_baseline	qwen35_tsez_grammar_original_shot_summary_tables_txt	qwen35	Tsez	shot	grammar	original	summary_tables_txt	1.0
0.24828060985950942	0.24920676819394144	0.0009261583344320233	0.8169418305816942	-0.007047855355096666	0.008740571535537749	445	2726352694	native	qwen35_tsez_grammar_original_shot_baseline	qwen35_tsez_grammar_original_shot_summary_text_txt	qwen35	Tsez	shot	grammar	original	summary_text_txt	1.0
0.2902060106799409	0.3080215361472723	0.017815525467331346	0.4017459825401746	-0.021469858913002755	0.06290136475015329	37	1801620602	native	qwen3_gitksan_grammar_original_chain_gloss_baseline	qwen3_gitksan_pdf1_brown_original_chain_gloss_cheatsheet_jpg	qwen3	Gitksan	chain_gloss	pdf1_brown	original	cheatsheet_jpg	1.0
0.2902060106799409	0.300239468345771	0.010033457665830045	0.5572344276557234	-0.02119565756135695	0.04605768860594645	37	4018653193	native	qwen3_gitksan_grammar_original_chain_gloss_baseline	qwen3_gitksan_pdf1_brown_original_chain_gloss_cheatsheet_txt	qwen3	Gitksan	chain_gloss	pdf1_brown	original	cheatsheet_txt	1.0
0.2902060106799409	0.31735362474982803	0.02714761406988711	0.22100778992210077	-0.012937090143158629	0.07401969909063866	37	1836540713	native	qwen3_gitksan_grammar_original_chain_gloss_baseline	qwen3_gitksan_pdf1_brown_original_chain_gloss_pdfpages_impactful_jpg	qwen3	Gitksan	chain_gloss	pdf1_brown	original	pdfpages_impactful_jpg	1.0
0.2902060106799409	0.3040838148948309	0.013877804214889938	0.4931550684493155	-0.024478289927985217	0.0564386974617436	37	1202566405	native	qwen3_gitksan_grammar_original_chain_gloss_baseline	qwen3_gitksan_pdf1_brown_original_chain_gloss_summary_tables_jpg	qwen3	Gitksan	chain_gloss	pdf1_brown	original	summary_tables_jpg	1.0
0.2902060106799409	0.3265965653432382	0.03639055466329729	0.11183888161118388	-0.005647322001892165	0.08426821040543346	37	2051386567	native	qwen3_gitksan_grammar_original_chain_gloss_baseline	qwen3_gitksan_pdf1_brown_original_chain_gloss_summary_tables_txt	qwen3	Gitksan	chain_gloss	pdf1_brown	original	summary_tables_txt	1.0
0.2902060106799409	0.3199360167255273	0.029730006045586354	0.27616723832761675	-0.02072479429377897	0.08752016718121798	37	4221099819	native	qwen3_gitksan_grammar_original_chain_gloss_baseline	qwen3_gitksan_pdf1_brown_original_chain_gloss_summary_text_txt	qwen3	Gitksan	chain_gloss	pdf1_brown	original	summary_text_txt	1.0
0.5397974252700806	0.5663803300342044	0.026582904764123866	0.06383936160638394	-2.2411346435537314e-05	0.05643996193602276	37	1704535781	native	qwen3_gitksan_grammar_original_modelgloss_baseline	qwen3_gitksan_pdf1_brown_original_modelgloss_cheatsheet_jpg	qwen3	Gitksan	modelgloss	pdf1_brown	original	cheatsheet_jpg	1.0
0.5397974252700806	0.5843668459235011	0.044569420653420525	0.03758962410375896	0.005647981066156085	0.08981955687741972	37	2436862360	native	qwen3_gitksan_grammar_original_modelgloss_baseline	qwen3_gitksan_pdf1_brown_original_modelgloss_cheatsheet_txt	qwen3	Gitksan	modelgloss	pdf1_brown	original	cheatsheet_txt	1.0
0.5397974252700806	0.5403142023730922	0.0005167771030116726	0.9773902260977391	-0.03470331647911587	0.035414309940628094	37	1306124416	native	qwen3_gitksan_grammar_original_modelgloss_baseline	qwen3_gitksan_pdf1_brown_original_modelgloss_pdfpages_impactful_jpg	qwen3	Gitksan	modelgloss	pdf1_brown	original	pdfpages_impactful_jpg	1.0
0.5397974252700806	0.5385301088964617	-0.0012673163736188734	0.951520484795152	-0.04253747453157965	0.04187699947002766	37	2851436054	native	qwen3_gitksan_grammar_original_modelgloss_baseline	qwen3_gitksan_pdf1_brown_original_modelgloss_summary_tables_jpg	qwen3	Gitksan	modelgloss	pdf1_brown	original	summary_tables_jpg	1.0
0.5397974252700806	0.5540242420660483	0.01422681679596772	0.34623653763462364	-0.014180308419304923	0.04531408048964833	37	3520617013	native	qwen3_gitksan_grammar_original_modelgloss_baseline	qwen3_gitksan_pdf1_brown_original_modelgloss_summary_tables_txt	qwen3	Gitksan	modelgloss	pdf1_brown	original	summary_tables_txt	1.0
0.5397974252700806	0.588666320249841	0.048868894979760456	0.02206977930220698	0.007583236915839687	0.09085529434519844	37	327300394	native	qwen3_gitksan_grammar_original_modelgloss_baseline	qwen3_gitksan_pdf1_brown_original_modelgloss_summary_text_txt	qwen3	Gitksan	modelgloss	pdf1_brown	original	summary_text_txt	1.0
0.35267808469566136	0.34350749950956655	-0.009170585186094852	0.5960540394596054	-0.04389467302307084	0.024415858039582093	37	238269474	native	qwen3_gitksan_grammar_original_shot_baseline	qwen3_gitksan_pdf1_brown_original_shot_cheatsheet_jpg	qwen3	Gitksan	shot	pdf1_brown	original	cheatsheet_jpg	1.0
0.35267808469566136	0.3518444936017732	-0.0008335910938881539	0.96440035599644	-0.03902627156191581	0.03289022785989014	37	40107537	native	qwen3_gitksan_grammar_original_shot_baseline	qwen3_gitksan_pdf1_brown_original_shot_cheatsheet_txt	qwen3	Gitksan	shot	pdf1_brown	original	cheatsheet_txt	1.0
0.35267808469566136	0.35949656488122167	0.006818480185560278	0.6741732582674174	-0.025795593747013314	0.03825608821132698	37	1872489564	native	qwen3_gitksan_grammar_original_shot_baseline	qwen3_gitksan_pdf1_brown_original_shot_pdfpages_impactful_jpg	qwen3	Gitksan	shot	pdf1_brown	original	pdfpages_impactful_jpg	1.0
0.35267808469566136	0.346455721033586	-0.006222363662075352	0.6804431955680443	-0.038107932439526995	0.02146204525755869	37	806214520	native	qwen3_gitksan_grammar_original_shot_baseline	qwen3_gitksan_pdf1_brown_original_shot_summary_tables_jpg	qwen3	Gitksan	shot	pdf1_brown	original	summary_tables_jpg	1.0
0.35267808469566136	0.32452372159506826	-0.028154363100593154	0.2001279987200128	-0.07589937410241847	0.010315677322245932	37	965983883	native	qwen3_gitksan_grammar_original_shot_baseline	qwen3_gitksan_pdf1_brown_original_shot_summary_tables_txt	qwen3	Gitksan	shot	pdf1_brown	original	summary_tables_txt	1.0
0.35267808469566136	0.34688313466471593	-0.0057949500309454425	0.7037029629703703	-0.03557862877040295	0.02533667262744258	37	1293522146	native	qwen3_gitksan_grammar_original_shot_baseline	qwen3_gitksan_pdf1_brown_original_shot_summary_text_txt	qwen3	Gitksan	shot	pdf1_brown	original	summary_text_txt	1.0
0.2902060106799409	0.29822300334234497	0.008016992662404035	0.7092029079709203	-0.031081605279767836	0.053415081327831335	37	1020283212	native	qwen3_gitksan_grammar_original_chain_gloss_baseline	qwen3_gitksan_pdf2_rigsby_original_chain_gloss_cheatsheet_jpg	qwen3	Gitksan	chain_gloss	pdf2_rigsby	original	cheatsheet_jpg	1.0
0.2902060106799409	0.28596904753027735	-0.004236963149663564	0.7928820711792882	-0.0330354523618479	0.030763382514989036	37	1634828313	native	qwen3_gitksan_grammar_original_chain_gloss_baseline	qwen3_gitksan_pdf2_rigsby_original_chain_gloss_cheatsheet_txt	qwen3	Gitksan	chain_gloss	pdf2_rigsby	original	cheatsheet_txt	1.0
0.2902060106799409	0.3155337882203025	0.02532777754036156	0.17023829761702383	-0.010416762540872026	0.06295162564193878	37	3733996128	native	qwen3_gitksan_grammar_original_chain_gloss_baseline	qwen3_gitksan_pdf2_rigsby_original_chain_gloss_pdfpages_impactful_jpg	qwen3	Gitksan	chain_gloss	pdf2_rigsby	original	pdfpages_impactful_jpg	1.0
0.2902060106799409	0.3217131539776519	0.031507143297710934	0.17574824251757482	-0.011435313110013253	0.08018514321663893	37	969904229	native	qwen3_gitksan_grammar_original_chain_gloss_baseline	qwen3_gitksan_pdf2_rigsby_original_chain_gloss_summary_tables_jpg	qwen3	Gitksan	chain_gloss	pdf2_rigsby	original	summary_tables_jpg	1.0
0.2902060106799409	0.3051899868894268	0.014983976209485854	0.44813551864481355	-0.02201256851690846	0.056611753335675676	37	2870123955	native	qwen3_gitksan_grammar_original_chain_gloss_baseline	qwen3_gitksan_pdf2_rigsby_original_chain_gloss_summary_tables_txt	qwen3	Gitksan	chain_gloss	pdf2_rigsby	original	summary_tables_txt	1.0
0.2902060106799409	0.29527994225154053	0.0050739315715995995	0.7859221407785922	-0.031135130079614142	0.04317921853146035	37	1687661475	native	qwen3_gitksan_grammar_original_chain_gloss_baseline	qwen3_gitksan_pdf2_rigsby_original_chain_gloss_summary_text_txt	qwen3	Gitksan	chain_gloss	pdf2_rigsby	original	summary_text_txt	1.0
0.5397974252700806	0.5547407233231777	0.014943298053097081	0.34092659073409265	-0.014577587563041092	0.04706774181812196	37	4162025888	native	qwen3_gitksan_grammar_original_modelgloss_baseline	qwen3_gitksan_pdf2_rigsby_original_modelgloss_cheatsheet_jpg	qwen3	Gitksan	modelgloss	pdf2_rigsby	original	cheatsheet_jpg	1.0
0.5397974252700806	0.5749706388325304	0.035173213562449894	0.04919950800491995	0.002757901648009146	0.07322741329065849	37	2690753329	native	qwen3_gitksan_grammar_original_modelgloss_baseline	qwen3_gitksan_pdf2_rigsby_original_modelgloss_cheatsheet_txt	qwen3	Gitksan	modelgloss	pdf2_rigsby	original	cheatsheet_txt	1.0
0.5397974252700806	0.5690253759558136	0.029227950685733074	0.17193828061719382	-0.009752480454138806	0.07427279248430918	37	2714658165	native	qwen3_gitksan_grammar_original_modelgloss_baseline	qwen3_gitksan_pdf2_rigsby_original_modelgloss_pdfpages_impactful_jpg	qwen3	Gitksan	modelgloss	pdf2_rigsby	original	pdfpages_impactful_jpg	1.0
0.5397974252700806	0.562048754176578	0.02225132890649744	0.1945180548194518	-0.008526473693750996	0.058719010530291375	37	224367234	native	qwen3_gitksan_grammar_original_modelgloss_baseline	qwen3_gitksan_pdf2_rigsby_original_modelgloss_summary_tables_jpg	qwen3	Gitksan	modelgloss	pdf2_rigsby	original	summary_tables_jpg	1.0
0.5397974252700806	0.5529427037045762	0.013145278434495668	0.4896251037489625	-0.021625636689163532	0.052815051195589234	37	3309526837	native	qwen3_gitksan_grammar_original_modelgloss_baseline	qwen3_gitksan_pdf2_rigsby_original_modelgloss_summary_tables_txt	qwen3	Gitksan	modelgloss	pdf2_rigsby	original	summary_tables_txt	1.0
0.5397974252700806	0.5641743556873219	0.024376930417241278	0.11540884591154088	-0.004947927171314077	0.05583698952922948	37	1045652046	native	qwen3_gitksan_grammar_original_modelgloss_baseline	qwen3_gitksan_pdf2_rigsby_original_modelgloss_summary_text_txt	qwen3	Gitksan	modelgloss	pdf2_rigsby	original	summary_text_txt	1.0
0.35267808469566136	0.3326690402385351	-0.02000904445712631	0.38318616813831863	-0.06900397917708835	0.021098554859290238	37	2432378613	native	qwen3_gitksan_grammar_original_shot_baseline	qwen3_gitksan_pdf2_rigsby_original_shot_cheatsheet_jpg	qwen3	Gitksan	shot	pdf2_rigsby	original	cheatsheet_jpg	1.0
0.35267808469566136	0.3525841054884163	-9.397920724507924e-05	0.995730042699573	-0.03616228680554273	0.0336412149506646	37	4139729302	native	qwen3_gitksan_grammar_original_shot_baseline	qwen3_gitksan_pdf2_rigsby_original_shot_cheatsheet_txt	qwen3	Gitksan	shot	pdf2_rigsby	original	cheatsheet_txt	1.0
0.35267808469566136	0.3473122160176973	-0.005365868677964082	0.7793422065779342	-0.045756488575323204	0.029204069128310344	37	1535942244	native	qwen3_gitksan_grammar_original_shot_baseline	qwen3_gitksan_pdf2_rigsby_original_shot_pdfpages_impactful_jpg	qwen3	Gitksan	shot	pdf2_rigsby	original	pdfpages_impactful_jpg	1.0
0.35267808469566136	0.3350626887703264	-0.01761539592533498	0.4179358206417936	-0.06362621966195671	0.021727343756906853	37	3690548669	native	qwen3_gitksan_grammar_original_shot_baseline	qwen3_gitksan_pdf2_rigsby_original_shot_summary_tables_jpg	qwen3	Gitksan	shot	pdf2_rigsby	original	summary_tables_jpg	1.0
0.35267808469566136	0.3188668984819103	-0.0338111862137511	0.13855861441385586	-0.08308276074963647	0.006942021836702879	37	2949145624	native	qwen3_gitksan_grammar_original_shot_baseline	qwen3_gitksan_pdf2_rigsby_original_shot_summary_tables_txt	qwen3	Gitksan	shot	pdf2_rigsby	original	summary_tables_txt	1.0
0.35267808469566136	0.32546969160840317	-0.02720839308725821	0.14224857751422484	-0.06748210441421816	0.005440570142220802	37	2306221593	native	qwen3_gitksan_grammar_original_shot_baseline	qwen3_gitksan_pdf2_rigsby_original_shot_summary_text_txt	qwen3	Gitksan	shot	pdf2_rigsby	original	summary_text_txt	1.0
0.3508816087382963	0.335546242094588	-0.015335366643708328	0.16786832131678683	-0.037283190117142664	0.006253653974539928	87	2320609263	native	qwen3_lezgi_grammar_original_chain_gloss_baseline	qwen3_lezgi_grammar_cyrillic_chain_gloss_cheatsheet_jpg	qwen3	Lezgi	chain_gloss	grammar	cyrillic	cheatsheet_jpg	1.0
0.3508816087382963	0.328437640749175	-0.02244396798912136	0.08021919780802192	-0.04721175355558423	0.0031398573911738097	87	708152137	native	qwen3_lezgi_grammar_original_chain_gloss_baseline	qwen3_lezgi_grammar_cyrillic_chain_gloss_cheatsheet_txt	qwen3	Lezgi	chain_gloss	grammar	cyrillic	cheatsheet_txt	1.0
0.3508816087382963	0.317479214106483	-0.03340239463181331	0.004929950700492995	-0.05685666266015206	-0.010091523213804455	87	970246575	native	qwen3_lezgi_grammar_original_chain_gloss_baseline	qwen3_lezgi_grammar_cyrillic_chain_gloss_summary_tables_jpg	qwen3	Lezgi	chain_gloss	grammar	cyrillic	summary_tables_jpg	1.0
0.3508816087382963	0.32267770291059866	-0.028203905827697665	0.02021979780202198	-0.05247431963939091	-0.005168511551515815	87	2601553921	native	qwen3_lezgi_grammar_original_chain_gloss_baseline	qwen3_lezgi_grammar_cyrillic_chain_gloss_summary_tables_txt	qwen3	Lezgi	chain_gloss	grammar	cyrillic	summary_tables_txt	1.0
0.3508816087382963	0.31677405553302546	-0.034107553205270875	0.0048699513004869955	-0.057797159562850815	-0.010829260315874546	87	4118137012	native	qwen3_lezgi_grammar_original_chain_gloss_baseline	qwen3_lezgi_grammar_cyrillic_chain_gloss_summary_text_txt	qwen3	Lezgi	chain_gloss	grammar	cyrillic	summary_text_txt	1.0
0.504167035564609	0.5087635929899654	0.0045965574253564595	0.6569934300656993	-0.015308110544393802	0.02490255050361156	87	4264822865	native	qwen3_lezgi_grammar_original_modelgloss_baseline	qwen3_lezgi_grammar_cyrillic_modelgloss_cheatsheet_jpg	qwen3	Lezgi	modelgloss	grammar	cyrillic	cheatsheet_jpg	1.0
0.504167035564609	0.5268770745773425	0.022710039012733548	0.017759822401775982	0.004886895358219922	0.04235654791453103	87	401440312	native	qwen3_lezgi_grammar_original_modelgloss_baseline	qwen3_lezgi_grammar_cyrillic_modelgloss_cheatsheet_txt	qwen3	Lezgi	modelgloss	grammar	cyrillic	cheatsheet_txt	1.0
0.504167035564609	0.5088966392922676	0.004729603727658589	0.6870731292687073	-0.018253087102510463	0.027705467723566912	87	1061038849	native	qwen3_lezgi_grammar_original_modelgloss_baseline	qwen3_lezgi_grammar_cyrillic_modelgloss_summary_tables_jpg	qwen3	Lezgi	modelgloss	grammar	cyrillic	summary_tables_jpg	1.0
0.504167035564609	0.5149699675625768	0.010802931997967863	0.1879581204187958	-0.004659676603202161	0.027572776064619227	87	3328724823	native	qwen3_lezgi_grammar_original_modelgloss_baseline	qwen3_lezgi_grammar_cyrillic_modelgloss_summary_tables_txt	qwen3	Lezgi	modelgloss	grammar	cyrillic	summary_tables_txt	1.0
0.504167035564609	0.5158075328873492	0.011640497322740227	0.21456785432145678	-0.006345488216685151	0.030428116879929055	87	4307174298	native	qwen3_lezgi_grammar_original_modelgloss_baseline	qwen3_lezgi_grammar_cyrillic_modelgloss_summary_text_txt	qwen3	Lezgi	modelgloss	grammar	cyrillic	summary_text_txt	1.0
0.35217065937902736	0.3463710106309803	-0.005799648748047051	0.6420235797642023	-0.029946259293576763	0.018984725240660794	87	1634814167	native	qwen3_lezgi_grammar_original_shot_baseline	qwen3_lezgi_grammar_cyrillic_shot_cheatsheet_jpg	qwen3	Lezgi	shot	grammar	cyrillic	cheatsheet_jpg	1.0
0.35217065937902736	0.32468057706438264	-0.027490082314644736	0.016129838701612983	-0.050681940354835024	-0.005690057049023719	87	737486945	native	qwen3_lezgi_grammar_original_shot_baseline	qwen3_lezgi_grammar_cyrillic_shot_cheatsheet_txt	qwen3	Lezgi	shot	grammar	cyrillic	cheatsheet_txt	1.0
0.35217065937902736	0.3437889500938613	-0.008381709285166072	0.5499345006549935	-0.03601349843130714	0.019485348403111245	87	3466055127	native	qwen3_lezgi_grammar_original_shot_baseline	qwen3_lezgi_grammar_cyrillic_shot_summary_tables_jpg	qwen3	Lezgi	shot	grammar	cyrillic	summary_tables_jpg	1.0
0.35217065937902736	0.3376229801054659	-0.014547679273561499	0.17699823001769982	-0.03598122354382756	0.00636456717105432	87	655971282	native	qwen3_lezgi_grammar_original_shot_baseline	qwen3_lezgi_grammar_cyrillic_shot_summary_tables_txt	qwen3	Lezgi	shot	grammar	cyrillic	summary_tables_txt	1.0
0.35217065937902736	0.3372437236295349	-0.014926935749492425	0.23660763392366077	-0.040277678883452524	0.009172071555051302	87	3158392809	native	qwen3_lezgi_grammar_original_shot_baseline	qwen3_lezgi_grammar_cyrillic_shot_summary_text_txt	qwen3	Lezgi	shot	grammar	cyrillic	summary_text_txt	1.0
0.3508816087382963	0.345334270390971	-0.00554733834732538	0.6360636393636063	-0.02846924454059408	0.017421341096532726	87	869343608	native	qwen3_lezgi_grammar_original_chain_gloss_baseline	qwen3_lezgi_grammar_original_chain_gloss_cheatsheet_jpg	qwen3	Lezgi	chain_gloss	grammar	original	cheatsheet_jpg	1.0
0.3508816087382963	0.33187923828760785	-0.019002370450688505	0.1047989520104799	-0.041778412474126655	0.004140314275677167	87	359186648	native	qwen3_lezgi_grammar_original_chain_gloss_baseline	qwen3_lezgi_grammar_original_chain_gloss_cheatsheet_txt	qwen3	Lezgi	chain_gloss	grammar	original	cheatsheet_txt	1.0
0.3508816087382963	0.31874177373688795	-0.03213983500140837	0.0035399646003539966	-0.05394608144616258	-0.010951172680347815	87	3886169720	native	qwen3_lezgi_grammar_original_chain_gloss_baseline	qwen3_lezgi_grammar_original_chain_gloss_pdfpages_impactful_jpg	qwen3	Lezgi	chain_gloss	grammar	original	pdfpages_impactful_jpg	1.0
0.3508816087382963	0.3255656657890342	-0.02531594294926216	0.024919750802491977	-0.04747048041344373	-0.0034578862418045975	87	1676396395	native	qwen3_lezgi_grammar_original_chain_gloss_baseline	qwen3_lezgi_grammar_original_chain_gloss_summary_tables_jpg	qwen3	Lezgi	chain_gloss	grammar	original	summary_tables_jpg	1.0
0.3508816087382963	0.3232330061580943	-0.027648602580202037	0.03863961360386396	-0.05396766238685312	-0.0016564179640049242	87	1414225425	native	qwen3_lezgi_grammar_original_chain_gloss_baseline	qwen3_lezgi_grammar_original_chain_gloss_summary_tables_txt	qwen3	Lezgi	chain_gloss	grammar	original	summary_tables_txt	1.0
0.3508816087382963	0.32882454477507495	-0.022057063963221407	0.07433925660743393	-0.04627063325766859	0.0022267664943275765	87	3106459184	native	qwen3_lezgi_grammar_original_chain_gloss_baseline	qwen3_lezgi_grammar_original_chain_gloss_summary_text_txt	qwen3	Lezgi	chain_gloss	grammar	original	summary_text_txt	1.0
0.504167035564609	0.5148562807803867	0.010689245215777693	0.25268747312526874	-0.0070640195203923615	0.02957765506259325	87	3517780791	native	qwen3_lezgi_grammar_original_modelgloss_baseline	qwen3_lezgi_grammar_original_modelgloss_cheatsheet_jpg	qwen3	Lezgi	modelgloss	grammar	original	cheatsheet_jpg	1.0
0.504167035564609	0.5321677844414766	0.028000748876867623	0.00975990240097599	0.007566296728863116	0.049622907498102074	87	4137968928	native	qwen3_lezgi_grammar_original_modelgloss_baseline	qwen3_lezgi_grammar_original_modelgloss_cheatsheet_txt	qwen3	Lezgi	modelgloss	grammar	original	cheatsheet_txt	1.0
0.504167035564609	0.5013353341612322	-0.0028317014033767	0.7864221357786422	-0.02313269276129103	0.017840921437774576	87	1265906180	native	qwen3_lezgi_grammar_original_modelgloss_baseline	qwen3_lezgi_grammar_original_modelgloss_pdfpages_impactful_jpg	qwen3	Lezgi	modelgloss	grammar	original	pdfpages_impactful_jpg	1.0
0.504167035564609	0.5134615903270656	0.009294554762456608	0.4067059329406706	-0.01270625974511963	0.031347043071498805	87	686418202	native	qwen3_lezgi_grammar_original_modelgloss_baseline	qwen3_lezgi_grammar_original_modelgloss_summary_tables_jpg	qwen3	Lezgi	modelgloss	grammar	original	summary_tables_jpg	1.0
0.504167035564609	0.5128883580709326	0.008721322506323627	0.3305866941330587	-0.00860760527951964	0.026820326694983156	87	3456963032	native	qwen3_lezgi_grammar_original_modelgloss_baseline	qwen3_lezgi_grammar_original_modelgloss_summary_tables_txt	qwen3	Lezgi	modelgloss	grammar	original	summary_tables_txt	1.0
0.504167035564609	0.5221834470485819	0.018016411483972924	0.07410925890741092	-0.0014811040640904949	0.038072587879396026	87	1392748355	native	qwen3_lezgi_grammar_original_modelgloss_baseline	qwen3_lezgi_grammar_original_modelgloss_summary_text_txt	qwen3	Lezgi	modelgloss	grammar	original	summary_text_txt	1.0
0.35217065937902736	0.3509211057219012	-0.0012495536571261526	0.9123308766912331	-0.023129125020798592	0.021659383730127876	87	2620846975	native	qwen3_lezgi_grammar_original_shot_baseline	qwen3_lezgi_grammar_original_shot_cheatsheet_jpg	qwen3	Lezgi	shot	grammar	original	cheatsheet_jpg	1.0
0.35217065937902736	0.3411772062723664	-0.010993453106660953	0.3735762642373576	-0.03515792104961543	0.013301240682773205	87	4231130040	native	qwen3_lezgi_grammar_original_shot_baseline	qwen3_lezgi_grammar_original_shot_cheatsheet_txt	qwen3	Lezgi	shot	grammar	original	cheatsheet_txt	1.0
0.35217065937902736	0.34113719442795065	-0.011033464951076728	0.3787162128378716	-0.0352698439796423	0.013976680264733298	87	620970849	native	qwen3_lezgi_grammar_original_shot_baseline	qwen3_lezgi_grammar_original_shot_pdfpages_impactful_jpg	qwen3	Lezgi	shot	grammar	original	pdfpages_impactful_jpg	1.0
0.35217065937902736	0.34301493530985955	-0.009155724069167828	0.5066549334506655	-0.03652898800698505	0.017463269928234736	87	3611771419	native	qwen3_lezgi_grammar_original_shot_baseline	qwen3_lezgi_grammar_original_shot_summary_tables_jpg	qwen3	Lezgi	shot	grammar	original	summary_tables_jpg	1.0
0.35217065937902736	0.330306436481147	-0.02186422289788038	0.013099869001309987	-0.039646805279042525	-0.005162325895380713	87	712425624	native	qwen3_lezgi_grammar_original_shot_baseline	qwen3_lezgi_grammar_original_shot_summary_tables_txt	qwen3	Lezgi	shot	grammar	original	summary_tables_txt	1.0
0.35217065937902736	0.3344880500059018	-0.017682609373125536	0.05840941590584094	-0.03630118552466917	0.00034354507666209156	87	2682587430	native	qwen3_lezgi_grammar_original_shot_baseline	qwen3_lezgi_grammar_original_shot_summary_text_txt	qwen3	Lezgi	shot	grammar	original	summary_text_txt	1.0
0.295575185857638	0.3018975546865752	0.006322368828937261	0.44734552654473453	-0.010054622428736296	0.0227346403505465	99	4154311652	native	qwen3_natugu_grammar_original_chain_gloss_baseline	qwen3_natugu_grammar_original_chain_gloss_cheatsheet_jpg	qwen3	Natugu	chain_gloss	grammar	original	cheatsheet_jpg	1.0
0.295575185857638	0.29995594557487604	0.00438075971723807	0.6367036329636704	-0.01437739396110327	0.022316300575480317	99	1845271436	native	qwen3_natugu_grammar_original_chain_gloss_baseline	qwen3_natugu_grammar_original_chain_gloss_cheatsheet_txt	qwen3	Natugu	chain_gloss	grammar	original	cheatsheet_txt	1.0
0.295575185857638	0.2737395537622047	-0.021835632095433245	0.1058989410105899	-0.050190839288060105	0.002860331877765014	99	2662734431	native	qwen3_natugu_grammar_original_chain_gloss_baseline	qwen3_natugu_grammar_original_chain_gloss_pdfpages_impactful_jpg	qwen3	Natugu	chain_gloss	grammar	original	pdfpages_impactful_jpg	1.0
0.295575185857638	0.29359108239713344	-0.0019841034605045512	0.8364216357836421	-0.021240665199178638	0.01672807067557415	99	1580488894	native	qwen3_natugu_grammar_original_chain_gloss_baseline	qwen3_natugu_grammar_original_chain_gloss_summary_tables_jpg	qwen3	Natugu	chain_gloss	grammar	original	summary_tables_jpg	1.0
0.295575185857638	0.30294655368785667	0.007371367830218691	0.45953540464595355	-0.012251565037201142	0.027222108438309994	99	2668309640	native	qwen3_natugu_grammar_original_chain_gloss_baseline	qwen3_natugu_grammar_original_chain_gloss_summary_tables_txt	qwen3	Natugu	chain_gloss	grammar	original	summary_tables_txt	1.0
0.295575185857638	0.312452894870681	0.01687770901304303	0.12312876871231287	-0.004008932836880584	0.039000177025945486	99	3078810082	native	qwen3_natugu_grammar_original_chain_gloss_baseline	qwen3_natugu_grammar_original_chain_gloss_summary_text_txt	qwen3	Natugu	chain_gloss	grammar	original	summary_text_txt	1.0
0.5121238376155044	0.5236083937413765	0.011484556125872063	0.3091269087309127	-0.010231438038325063	0.03425409498464579	99	1611592278	native	qwen3_natugu_grammar_original_modelgloss_baseline	qwen3_natugu_grammar_original_modelgloss_cheatsheet_jpg	qwen3	Natugu	modelgloss	grammar	original	cheatsheet_jpg	1.0
0.5121238376155044	0.5147889959390717	0.002665158323567323	0.7930020699793002	-0.017010543758821006	0.0229163411214496	99	4178556266	native	qwen3_natugu_grammar_original_modelgloss_baseline	qwen3_natugu_grammar_original_modelgloss_cheatsheet_txt	qwen3	Natugu	modelgloss	grammar	original	cheatsheet_txt	1.0
0.5121238376155044	0.5070376322425977	-0.005086205372906694	0.7074629253707463	-0.031536308954460454	0.021747400750867035	99	347555405	native	qwen3_natugu_grammar_original_modelgloss_baseline	qwen3_natugu_grammar_original_modelgloss_pdfpages_impactful_jpg	qwen3	Natugu	modelgloss	grammar	original	pdfpages_impactful_jpg	1.0
0.5121238376155044	0.520826604631212	0.008702767015707612	0.42802571974280257	-0.01255148165680542	0.03042377450625702	99	1569864282	native	qwen3_natugu_grammar_original_modelgloss_baseline	qwen3_natugu_grammar_original_modelgloss_summary_tables_jpg	qwen3	Natugu	modelgloss	grammar	original	summary_tables_jpg	1.0
0.5121238376155044	0.5222879302020025	0.010164092586498068	0.3234667653323467	-0.009388673828557282	0.03089010366285689	99	3163246257	native	qwen3_natugu_grammar_original_modelgloss_baseline	qwen3_natugu_grammar_original_modelgloss_summary_tables_txt	qwen3	Natugu	modelgloss	grammar	original	summary_tables_txt	1.0
0.5121238376155044	0.5321489885599926	0.02002515094448822	0.047619523804761955	0.0008257187263231117	0.040485101746338785	99	1447297543	native	qwen3_natugu_grammar_original_modelgloss_baseline	qwen3_natugu_grammar_original_modelgloss_summary_text_txt	qwen3	Natugu	modelgloss	grammar	original	summary_text_txt	1.0
0.31089694496959147	0.3145747378920064	0.0036777929224149145	0.6904830951690483	-0.014461163420117261	0.022183311286598718	99	519498835	native	qwen3_natugu_grammar_original_shot_baseline	qwen3_natugu_grammar_original_shot_cheatsheet_jpg	qwen3	Natugu	shot	grammar	original	cheatsheet_jpg	1.0
0.31089694496959147	0.3211961943994869	0.01029924942989542	0.1825781742182578	-0.004273510807090335	0.026038872491982248	99	3563069869	native	qwen3_natugu_grammar_original_shot_baseline	qwen3_natugu_grammar_original_shot_cheatsheet_txt	qwen3	Natugu	shot	grammar	original	cheatsheet_txt	1.0
0.31089694496959147	0.32216389296632825	0.011266947996736778	0.2976970230297697	-0.009743342725465995	0.032830512034471585	99	3510176032	native	qwen3_natugu_grammar_original_shot_baseline	qwen3_natugu_grammar_original_shot_pdfpages_impactful_jpg	qwen3	Natugu	shot	grammar	original	pdfpages_impactful_jpg	1.0
0.31089694496959147	0.3068915766597998	-0.004005368309791642	0.6173838261617384	-0.019769099433765265	0.011517753847169151	99	985374898	native	qwen3_natugu_grammar_original_shot_baseline	qwen3_natugu_grammar_original_shot_summary_tables_jpg	qwen3	Natugu	shot	grammar	original	summary_tables_jpg	1.0
0.31089694496959147	0.3162791123895934	0.005382167420001945	0.4919650803491965	-0.009667795008481146	0.020974456635538975	99	1731671318	native	qwen3_natugu_grammar_original_shot_baseline	qwen3_natugu_grammar_original_shot_summary_tables_txt	qwen3	Natugu	shot	grammar	original	summary_tables_txt	1.0
0.31089694496959147	0.3176423008694793	0.006745355899887856	0.35050649493505065	-0.007087454519639108	0.021021959208177794	99	336972941	native	qwen3_natugu_grammar_original_shot_baseline	qwen3_natugu_grammar_original_shot_summary_text_txt	qwen3	Natugu	shot	grammar	original	summary_text_txt	1.0
0.23749074982793145	0.22847293059477644	-0.009017819233154983	0.011629883701162988	-0.016090508564636948	-0.0020548105089182277	445	3024929271	native	qwen3_tsez_grammar_original_chain_gloss_baseline	qwen3_tsez_grammar_original_chain_gloss_cheatsheet_jpg	qwen3	Tsez	chain_gloss	grammar	original	cheatsheet_jpg	1.0
0.23749074982793145	0.23579280453451565	-0.0016979452934157981	0.6302136978630214	-0.008649780019448045	0.005195759024178042	445	277838038	native	qwen3_tsez_grammar_original_chain_gloss_baseline	qwen3_tsez_grammar_original_chain_gloss_cheatsheet_txt	qwen3	Tsez	chain_gloss	grammar	original	cheatsheet_txt	1.0
0.23749074982793145	0.22908797635791006	-0.008402773470021366	0.016749832501674982	-0.015356118290611866	-0.0015523076300205827	445	2762475431	native	qwen3_tsez_grammar_original_chain_gloss_baseline	qwen3_tsez_grammar_original_chain_gloss_pdfpages_impactful_jpg	qwen3	Tsez	chain_gloss	grammar	original	pdfpages_impactful_jpg	1.0
0.23749074982793145	0.22512514156739363	-0.012365608260537802	0.00044999550004499957	-0.019220395635897187	-0.005643534326109671	445	1288101639	native	qwen3_tsez_grammar_original_chain_gloss_baseline	qwen3_tsez_grammar_original_chain_gloss_summary_tables_jpg	qwen3	Tsez	chain_gloss	grammar	original	summary_tables_jpg	0.2794472055279447
0.23749074982793145	0.23236456446433335	-0.005126185363598084	0.15390846091539084	-0.012198439645633266	0.001921708127588357	445	2150458989	native	qwen3_tsez_grammar_original_chain_gloss_baseline	qwen3_tsez_grammar_original_chain_gloss_summary_tables_txt	qwen3	Tsez	chain_gloss	grammar	original	summary_tables_txt	1.0
0.23749074982793145	0.2329702934857165	-0.004520456342214949	0.2584474155258447	-0.012327548745977742	0.0034151329761475608	445	1380077826	native	qwen3_tsez_grammar_original_chain_gloss_baseline	qwen3_tsez_grammar_original_chain_gloss_summary_text_txt	qwen3	Tsez	chain_gloss	grammar	original	summary_text_txt	1.0
0.4855870847956518	0.48719780388173095	0.0016107190860791152	0.7664123358766413	-0.009200686695200674	0.012303520240140753	445	85188689	native	qwen3_tsez_grammar_original_modelgloss_baseline	qwen3_tsez_grammar_original_modelgloss_cheatsheet_jpg	qwen3	Tsez	modelgloss	grammar	original	cheatsheet_jpg	1.0
0.4855870847956518	0.48450645409273296	-0.0010806307029188349	0.8459315406845932	-0.012108159643713005	0.009913143261932253	445	1205310188	native	qwen3_tsez_grammar_original_modelgloss_baseline	qwen3_tsez_grammar_original_modelgloss_cheatsheet_txt	qwen3	Tsez	modelgloss	grammar	original	cheatsheet_txt	1.0
0.4855870847956518	0.4698460462890314	-0.015741038506620387	0.008419915800841992	-0.02745878724402256	-0.003991600771884576	445	3272235217	native	qwen3_tsez_grammar_original_modelgloss_baseline	qwen3_tsez_grammar_original_modelgloss_pdfpages_impactful_jpg	qwen3	Tsez	modelgloss	grammar	original	pdfpages_impactful_jpg	1.0
0.4855870847956518	0.48376740284180375	-0.001819681953848078	0.7383326166738332	-0.012529296174729138	0.008861261567289233	445	3832826672	native	qwen3_tsez_grammar_original_modelgloss_baseline	qwen3_tsez_grammar_original_modelgloss_summary_tables_jpg	qwen3	Tsez	modelgloss	grammar	original	summary_tables_jpg	1.0
0.4855870847956518	0.4913023677434814	0.0057152829478296	0.3087369126308737	-0.005235034927223505	0.016656805581591102	445	3370541444	native	qwen3_tsez_grammar_original_modelgloss_baseline	qwen3_tsez_grammar_original_modelgloss_summary_tables_txt	qwen3	Tsez	modelgloss	grammar	original	summary_tables_txt	1.0
0.4855870847956518	0.48101426679431725	-0.004572818001334587	0.4026959730402696	-0.015426109242723897	0.006156233838769826	445	2115263104	native	qwen3_tsez_grammar_original_modelgloss_baseline	qwen3_tsez_grammar_original_modelgloss_summary_text_txt	qwen3	Tsez	modelgloss	grammar	original	summary_text_txt	1.0
0.25331548778863433	0.23834403538971805	-0.01497145239891631	0.0001999980000199998	-0.022954386833511035	-0.007206842847001017	445	3255752837	native	qwen3_tsez_grammar_original_shot_baseline	qwen3_tsez_grammar_original_shot_cheatsheet_jpg	qwen3	Tsez	shot	grammar	original	cheatsheet_jpg	0.12519874801251987
0.25331548778863433	0.24291495491614504	-0.01040053287248933	0.004949950500494995	-0.017693274336333355	-0.0031891303752245572	445	2752182894	native	qwen3_tsez_grammar_original_shot_baseline	qwen3_tsez_grammar_original_shot_cheatsheet_txt	qwen3	Tsez	shot	grammar	original	cheatsheet_txt	1.0
0.25331548778863433	0.23431284971786348	-0.019002638070770864	9.99990000099999e-06	-0.026645087844200346	-0.011690619314152205	445	3568975989	native	qwen3_tsez_grammar_original_shot_baseline	qwen3_tsez_grammar_original_shot_pdfpages_impactful_jpg	qwen3	Tsez	shot	grammar	original	pdfpages_impactful_jpg	0.0062999370006299946
0.25331548778863433	0.23789912174257	-0.015416366046064356	0.0002099979000209998	-0.0235516037021795	-0.00758203282994166	445	1041795730	native	qwen3_tsez_grammar_original_shot_baseline	qwen3_tsez_grammar_original_shot_summary_tables_jpg	qwen3	Tsez	shot	grammar	original	summary_tables_jpg	0.13124868751312488
0.25331548778863433	0.24514852397227554	-0.008166963816358803	0.02128978710212898	-0.015194793010779311	-0.0012386458957295754	445	2712273626	native	qwen3_tsez_grammar_original_shot_baseline	qwen3_tsez_grammar_original_shot_summary_tables_txt	qwen3	Tsez	shot	grammar	original	summary_tables_txt	1.0
0.25331548778863433	0.24085088171315996	-0.012464606075474385	0.00042999570004299955	-0.01940659665282857	-0.005740166353375725	445	2457321064	native	qwen3_tsez_grammar_original_shot_baseline	qwen3_tsez_grammar_original_shot_summary_text_txt	qwen3	Tsez	shot	grammar	original	summary_text_txt	0.2674573254267457
0.3682114727593757	0.380864175993043	0.012652703233667323	0.5003249967500325	-0.022583288377201232	0.05123850272313964	37	2079403176	common99	gemini25flashlite_gitksan_grammar_original_chain_gloss_baseline	gemini25flashlite_gitksan_pdf1_brown_original_chain_gloss_cheatsheet_jpg	gemini25flashlite	Gitksan	chain_gloss	pdf1_brown	original	cheatsheet_jpg	1.0
0.3682114727593757	0.4042136061030465	0.03600213334367082	0.08746912530874691	-0.006242357063535098	0.07629108920290661	37	3916078194	common99	gemini25flashlite_gitksan_grammar_original_chain_gloss_baseline	gemini25flashlite_gitksan_pdf1_brown_original_chain_gloss_cheatsheet_txt	gemini25flashlite	Gitksan	chain_gloss	pdf1_brown	original	cheatsheet_txt	1.0
0.3682114727593757	0.3587539715541376	-0.009457501205238136	0.7300526994730052	-0.06184870974236242	0.04619012976417666	37	2332319700	common99	gemini25flashlite_gitksan_grammar_original_chain_gloss_baseline	gemini25flashlite_gitksan_pdf1_brown_original_chain_gloss_pdfpages_impactful_jpg	gemini25flashlite	Gitksan	chain_gloss	pdf1_brown	original	pdfpages_impactful_jpg	1.0
0.3682114727593757	0.3568547476787825	-0.011356725080593212	0.5305346946530535	-0.048112274937935774	0.02209846956302989	37	802470284	common99	gemini25flashlite_gitksan_grammar_original_chain_gloss_baseline	gemini25flashlite_gitksan_pdf1_brown_original_chain_gloss_summary_tables_jpg	gemini25flashlite	Gitksan	chain_gloss	pdf1_brown	original	summary_tables_jpg	1.0
0.3682114727593757	0.4118246021302971	0.043613129370921364	0.07052929470705294	-0.002743420105528181	0.09198563260001102	37	1809951148	common99	gemini25flashlite_gitksan_grammar_original_chain_gloss_baseline	gemini25flashlite_gitksan_pdf1_brown_original_chain_gloss_summary_tables_txt	gemini25flashlite	Gitksan	chain_gloss	pdf1_brown	original	summary_tables_txt	1.0
0.3682114727593757	0.3900170608146771	0.021805588055301358	0.4111658883411166	-0.031233642612760126	0.07293760608378293	37	294502269	common99	gemini25flashlite_gitksan_grammar_original_chain_gloss_baseline	gemini25flashlite_gitksan_pdf1_brown_original_chain_gloss_summary_text_txt	gemini25flashlite	Gitksan	chain_gloss	pdf1_brown	original	summary_text_txt	1.0
0.621221017595884	0.6201648220822618	-0.0010561955136221808	0.955210447895521	-0.03932072999509605	0.03434907771848342	37	1478403455	common99	gemini25flashlite_gitksan_grammar_original_modelgloss_baseline	gemini25flashlite_gitksan_pdf1_brown_original_modelgloss_cheatsheet_jpg	gemini25flashlite	Gitksan	modelgloss	pdf1_brown	original	cheatsheet_jpg	1.0
0.621221017595884	0.6130302121510377	-0.008190805444846282	0.7029429705702943	-0.05033230317404141	0.033385331858251543	37	3697529227	common99	gemini25flashlite_gitksan_grammar_original_modelgloss_baseline	gemini25flashlite_gitksan_pdf1_brown_original_modelgloss_cheatsheet_txt	gemini25flashlite	Gitksan	modelgloss	pdf1_brown	original	cheatsheet_txt	1.0
0.621221017595884	0.6098358808337031	-0.011385136762180843	0.5345146548534515	-0.047842766747281336	0.023820589100186862	37	2027917170	common99	gemini25flashlite_gitksan_grammar_original_modelgloss_baseline	gemini25flashlite_gitksan_pdf1_brown_original_modelgloss_pdfpages_impactful_jpg	gemini25flashlite	Gitksan	modelgloss	pdf1_brown	original	pdfpages_impactful_jpg	1.0
0.621221017595884	0.6184286732931394	-0.0027923443027444788	0.8844811551884482	-0.04147537986974457	0.033774558797075895	37	1036332041	common99	gemini25flashlite_gitksan_grammar_original_modelgloss_baseline	gemini25flashlite_gitksan_pdf1_brown_original_modelgloss_summary_tables_jpg	gemini25flashlite	Gitksan	modelgloss	pdf1_brown	original	summary_tables_jpg	1.0
0.621221017595884	0.6152153377597397	-0.006005679836144319	0.6564134358656414	-0.03357531928734199	0.019256144027049477	37	1948911008	common99	gemini25flashlite_gitksan_grammar_original_modelgloss_baseline	gemini25flashlite_gitksan_pdf1_brown_original_modelgloss_summary_tables_txt	gemini25flashlite	Gitksan	modelgloss	pdf1_brown	original	summary_tables_txt	1.0
0.621221017595884	0.6011472996827718	-0.020073717913112125	0.16816831831681683	-0.04834006719693942	0.008621785739386373	37	2396171788	common99	gemini25flashlite_gitksan_grammar_original_modelgloss_baseline	gemini25flashlite_gitksan_pdf1_brown_original_modelgloss_summary_text_txt	gemini25flashlite	Gitksan	modelgloss	pdf1_brown	original	summary_text_txt	1.0
0.410554700203844	0.38395725875287445	-0.026597441450969594	0.0936790632093679	-0.05853616686890254	0.003611507407716773	37	3084008017	common99	gemini25flashlite_gitksan_grammar_original_shot_baseline	gemini25flashlite_gitksan_pdf1_brown_original_shot_cheatsheet_jpg	gemini25flashlite	Gitksan	shot	pdf1_brown	original	cheatsheet_jpg	1.0
0.410554700203844	0.4087952596915735	-0.0017594405122705408	0.932950670493295	-0.043911951276901603	0.03993274394322085	37	2932602749	common99	gemini25flashlite_gitksan_grammar_original_shot_baseline	gemini25flashlite_gitksan_pdf1_brown_original_shot_cheatsheet_txt	gemini25flashlite	Gitksan	shot	pdf1_brown	original	cheatsheet_txt	1.0
0.410554700203844	0.362352575200635	-0.04820212500320899	0.008119918800811992	-0.08578858806978207	-0.015180601753495851	37	3780088331	common99	gemini25flashlite_gitksan_grammar_original_shot_baseline	gemini25flashlite_gitksan_pdf1_brown_original_shot_pdfpages_impactful_jpg	gemini25flashlite	Gitksan	shot	pdf1_brown	original	pdfpages_impactful_jpg	1.0
0.410554700203844	0.38720745452352473	-0.023347245680319297	0.22327776722232778	-0.06068595292399058	0.014747507004318981	37	3504800833	common99	gemini25flashlite_gitksan_grammar_original_shot_baseline	gemini25flashlite_gitksan_pdf1_brown_original_shot_summary_tables_jpg	gemini25flashlite	Gitksan	shot	pdf1_brown	original	summary_tables_jpg	1.0
0.410554700203844	0.3799235494555654	-0.030631150748278643	0.18121818781812182	-0.07455962335539827	0.015767275078876576	37	299441823	common99	gemini25flashlite_gitksan_grammar_original_shot_baseline	gemini25flashlite_gitksan_pdf1_brown_original_shot_summary_tables_txt	gemini25flashlite	Gitksan	shot	pdf1_brown	original	summary_tables_txt	1.0
0.410554700203844	0.3979660784070556	-0.012588621796788397	0.6206437935620643	-0.0659305949569554	0.03515826628820314	37	3841993245	common99	gemini25flashlite_gitksan_grammar_original_shot_baseline	gemini25flashlite_gitksan_pdf1_brown_original_shot_summary_text_txt	gemini25flashlite	Gitksan	shot	pdf1_brown	original	summary_text_txt	1.0
0.3682114727593757	0.3626289057570535	-0.005582567002322222	0.8052719472805272	-0.052290531358606104	0.037382496913542604	37	815922302	common99	gemini25flashlite_gitksan_grammar_original_chain_gloss_baseline	gemini25flashlite_gitksan_pdf2_rigsby_original_chain_gloss_cheatsheet_jpg	gemini25flashlite	Gitksan	chain_gloss	pdf2_rigsby	original	cheatsheet_jpg	1.0
0.3682114727593757	0.37922179255936594	0.011010319799990268	0.5989540104598954	-0.030544704339794202	0.05244759635345356	37	1372726150	common99	gemini25flashlite_gitksan_grammar_original_chain_gloss_baseline	gemini25flashlite_gitksan_pdf2_rigsby_original_chain_gloss_cheatsheet_txt	gemini25flashlite	Gitksan	chain_gloss	pdf2_rigsby	original	cheatsheet_txt	1.0
0.3682114727593757	0.3641954857755352	-0.00401598698384053	0.8385516144838552	-0.04369704207858524	0.034181226508037434	37	3598884130	common99	gemini25flashlite_gitksan_grammar_original_chain_gloss_baseline	gemini25flashlite_gitksan_pdf2_rigsby_original_chain_gloss_pdfpages_impactful_jpg	gemini25flashlite	Gitksan	chain_gloss	pdf2_rigsby	original	pdfpages_impactful_jpg	1.0
0.3682114727593757	0.37027044916475144	0.0020589764053757127	0.9321906780932191	-0.045055689370712707	0.05052052267097137	37	1425202608	common99	gemini25flashlite_gitksan_grammar_original_chain_gloss_baseline	gemini25flashlite_gitksan_pdf2_rigsby_original_chain_gloss_summary_tables_jpg	gemini25flashlite	Gitksan	chain_gloss	pdf2_rigsby	original	summary_tables_jpg	1.0
0.3682114727593757	0.3857077521246833	0.017496279365307576	0.4156658433415666	-0.02499077215388014	0.05988055055809987	37	1216998784	common99	gemini25flashlite_gitksan_grammar_original_chain_gloss_baseline	gemini25flashlite_gitksan_pdf2_rigsby_original_chain_gloss_summary_tables_txt	gemini25flashlite	Gitksan	chain_gloss	pdf2_rigsby	original	summary_tables_txt	1.0
0.3682114727593757	0.3939428196565525	0.025731346897176793	0.2916770832291677	-0.023185863446544934	0.0724997753227079	37	1032169438	common99	gemini25flashlite_gitksan_grammar_original_chain_gloss_baseline	gemini25flashlite_gitksan_pdf2_rigsby_original_chain_gloss_summary_text_txt	gemini25flashlite	Gitksan	chain_gloss	pdf2_rigsby	original	summary_text_txt	1.0
0.621221017595884	0.6231057974132331	0.0018847798173492018	0.9175508244917551	-0.033976515110682795	0.03735331651326769	37	1660331094	common99	gemini25flashlite_gitksan_grammar_original_modelgloss_baseline	gemini25flashlite_gitksan_pdf2_rigsby_original_modelgloss_cheatsheet_jpg	gemini25flashlite	Gitksan	modelgloss	pdf2_rigsby	original	cheatsheet_jpg	1.0
0.621221017595884	0.6016450016885191	-0.01957601590736492	0.2750972490275097	-0.05772756130711452	0.013062199668304313	37	1787079409	common99	gemini25flashlite_gitksan_grammar_original_modelgloss_baseline	gemini25flashlite_gitksan_pdf2_rigsby_original_modelgloss_cheatsheet_txt	gemini25flashlite	Gitksan	modelgloss	pdf2_rigsby	original	cheatsheet_txt	1.0
0.621221017595884	0.5880427521628302	-0.03317826543305371	0.15783842161578385	-0.08263423856649849	0.009527304446375045	37	3311832449	common99	gemini25flashlite_gitksan_grammar_original_modelgloss_baseline	gemini25flashlite_gitksan_pdf2_rigsby_original_modelgloss_pdfpages_impactful_jpg	gemini25flashlite	Gitksan	modelgloss	pdf2_rigsby	original	pdfpages_impactful_jpg	1.0
0.621221017595884	0.5981713936135575	-0.023049623982326406	0.23574764252357477	-0.061346432264592195	0.014664486946689077	37	3816511198	common99	gemini25flashlite_gitksan_grammar_original_modelgloss_baseline	gemini25flashlite_gitksan_pdf2_rigsby_original_modelgloss_summary_tables_jpg	gemini25flashlite	Gitksan	modelgloss	pdf2_rigsby	original	summary_tables_jpg	1.0
0.621221017595884	0.6233021536388913	0.0020811360430073094	0.9049309506904931	-0.033060469518642166	0.03481974650073693	37	2193827357	common99	gemini25flashlite_gitksan_grammar_original_modelgloss_baseline	gemini25flashlite_gitksan_pdf2_rigsby_original_modelgloss_summary_tables_txt	gemini25flashlite	Gitksan	modelgloss	pdf2_rigsby	original	summary_tables_txt	1.0
0.621221017595884	0.6307065559400095	0.00948553834412549	0.5339546604533955	-0.0204049268385043	0.04017752977843216	37	2229518926	common99	gemini25flashlite_gitksan_grammar_original_modelgloss_baseline	gemini25flashlite_gitksan_pdf2_rigsby_original_modelgloss_summary_text_txt	gemini25flashlite	Gitksan	modelgloss	pdf2_rigsby	original	summary_text_txt	1.0
0.410554700203844	0.4067017786406182	-0.0038529215632258237	0.8423015769842301	-0.041979627724032145	0.035612904572406325	37	3312518735	common99	gemini25flashlite_gitksan_grammar_original_shot_baseline	gemini25flashlite_gitksan_pdf2_rigsby_original_shot_cheatsheet_jpg	gemini25flashlite	Gitksan	shot	pdf2_rigsby	original	cheatsheet_jpg	1.0
0.410554700203844	0.38228365255368724	-0.028271047650156794	0.0953390466095339	-0.06229229575476131	0.0044226747811645884	37	3863747918	common99	gemini25flashlite_gitksan_grammar_original_shot_baseline	gemini25flashlite_gitksan_pdf2_rigsby_original_shot_cheatsheet_txt	gemini25flashlite	Gitksan	shot	pdf2_rigsby	original	cheatsheet_txt	1.0
0.410554700203844	0.36184239145871755	-0.04871230874512646	0.006519934800651993	-0.0859906456559091	-0.018756759821160426	37	1642586014	common99	gemini25flashlite_gitksan_grammar_original_shot_baseline	gemini25flashlite_gitksan_pdf2_rigsby_original_shot_pdfpages_impactful_jpg	gemini25flashlite	Gitksan	shot	pdf2_rigsby	original	pdfpages_impactful_jpg	1.0
0.410554700203844	0.39767869541773926	-0.01287600478610477	0.45004549954500456	-0.046042848901974194	0.02132173019486504	37	343161797	common99	gemini25flashlite_gitksan_grammar_original_shot_baseline	gemini25flashlite_gitksan_pdf2_rigsby_original_shot_summary_tables_jpg	gemini25flashlite	Gitksan	shot	pdf2_rigsby	original	summary_tables_jpg	1.0
0.410554700203844	0.3925404000926662	-0.018014300111177807	0.25166748332516675	-0.04987849435089408	0.011923645668335824	37	2456847279	common99	gemini25flashlite_gitksan_grammar_original_shot_baseline	gemini25flashlite_gitksan_pdf2_rigsby_original_shot_summary_tables_txt	gemini25flashlite	Gitksan	shot	pdf2_rigsby	original	summary_tables_txt	1.0
0.410554700203844	0.3833668070870477	-0.027187893116796338	0.30225697743022567	-0.08071369061598904	0.02296296526249999	37	2302882746	common99	gemini25flashlite_gitksan_grammar_original_shot_baseline	gemini25flashlite_gitksan_pdf2_rigsby_original_shot_summary_text_txt	gemini25flashlite	Gitksan	shot	pdf2_rigsby	original	summary_text_txt	1.0
0.5023139900174635	0.5102100815923735	0.007896091574910044	0.4287957120428796	-0.01211011387065224	0.027418165585432922	87	4235185856	common99	gemini25flashlite_lezgi_grammar_original_chain_gloss_baseline	gemini25flashlite_lezgi_grammar_cyrillic_chain_gloss_cheatsheet_jpg	gemini25flashlite	Lezgi	chain_gloss	grammar	cyrillic	cheatsheet_jpg	1.0
0.5023139900174635	0.48661454912574814	-0.0156994408917153	0.2084679153208468	-0.04023536441569356	0.008464176233472493	87	1532295994	common99	gemini25flashlite_lezgi_grammar_original_chain_gloss_baseline	gemini25flashlite_lezgi_grammar_cyrillic_chain_gloss_cheatsheet_txt	gemini25flashlite	Lezgi	chain_gloss	grammar	cyrillic	cheatsheet_txt	1.0
0.5023139900174635	0.5078605613831816	0.005546571365718184	0.6246137538624614	-0.01745311881618938	0.027227085242154933	87	3899332490	common99	gemini25flashlite_lezgi_grammar_original_chain_gloss_baseline	gemini25flashlite_lezgi_grammar_cyrillic_chain_gloss_summary_tables_jpg	gemini25flashlite	Lezgi	chain_gloss	grammar	cyrillic	summary_tables_jpg	1.0
0.5023139900174635	0.4847795057228242	-0.017534484294639236	0.17144828551714483	-0.04320483067254909	0.00691837467595763	87	3943945869	common99	gemini25flashlite_lezgi_grammar_original_chain_gloss_baseline	gemini25flashlite_lezgi_grammar_cyrillic_chain_gloss_summary_tables_txt	gemini25flashlite	Lezgi	chain_gloss	grammar	cyrillic	summary_tables_txt	1.0
0.5023139900174635	0.47014152404220627	-0.03217246597525717	0.005579944200557995	-0.05530430764045523	-0.009823087448703844	87	1686176740	common99	gemini25flashlite_lezgi_grammar_original_chain_gloss_baseline	gemini25flashlite_lezgi_grammar_cyrillic_chain_gloss_summary_text_txt	gemini25flashlite	Lezgi	chain_gloss	grammar	cyrillic	summary_text_txt	1.0
0.570692633417831	0.5725508760446789	0.001858242626847892	0.7567524324756753	-0.010229232453409282	0.013519677297137248	87	2555020908	common99	gemini25flashlite_lezgi_grammar_original_modelgloss_baseline	gemini25flashlite_lezgi_grammar_cyrillic_modelgloss_cheatsheet_jpg	gemini25flashlite	Lezgi	modelgloss	grammar	cyrillic	cheatsheet_jpg	1.0
0.570692633417831	0.5648843865284975	-0.005808246889333615	0.5122348776512234	-0.023787256775573747	0.01106339275151833	87	1530510854	common99	gemini25flashlite_lezgi_grammar_original_modelgloss_baseline	gemini25flashlite_lezgi_grammar_cyrillic_modelgloss_cheatsheet_txt	gemini25flashlite	Lezgi	modelgloss	grammar	cyrillic	cheatsheet_txt	1.0
0.570692633417831	0.5719695019310919	0.0012768685132607646	0.8286917130828692	-0.010365842642455264	0.012813012190591326	87	844826294	common99	gemini25flashlite_lezgi_grammar_original_modelgloss_baseline	gemini25flashlite_lezgi_grammar_cyrillic_modelgloss_summary_tables_jpg	gemini25flashlite	Lezgi	modelgloss	grammar	cyrillic	summary_tables_jpg	1.0
0.570692633417831	0.5632730602532968	-0.007419573164534295	0.28086719132808674	-0.020807673234021527	0.006178566727830067	87	1686597216	common99	gemini25flashlite_lezgi_grammar_original_modelgloss_baseline	gemini25flashlite_lezgi_grammar_cyrillic_modelgloss_summary_tables_txt	gemini25flashlite	Lezgi	modelgloss	grammar	cyrillic	summary_tables_txt	1.0
0.570692633417831	0.5532038299174145	-0.017488803500416636	0.046349536504634956	-0.035180441512801176	-0.0007019409545879256	87	2766062574	common99	gemini25flashlite_lezgi_grammar_original_modelgloss_baseline	gemini25flashlite_lezgi_grammar_cyrillic_modelgloss_summary_text_txt	gemini25flashlite	Lezgi	modelgloss	grammar	cyrillic	summary_text_txt	1.0
0.5153911949574262	0.5197681466053272	0.004376951647900987	0.5203247967520325	-0.008977611726899254	0.017704158070786232	87	118771292	common99	gemini25flashlite_lezgi_grammar_original_shot_baseline	gemini25flashlite_lezgi_grammar_cyrillic_shot_cheatsheet_jpg	gemini25flashlite	Lezgi	shot	grammar	cyrillic	cheatsheet_jpg	1.0
0.5153911949574262	0.47914867736827366	-0.03624251758915254	0.0006899931000689993	-0.057439647576418416	-0.015799509571201516	87	230215655	common99	gemini25flashlite_lezgi_grammar_original_shot_baseline	gemini25flashlite_lezgi_grammar_cyrillic_shot_cheatsheet_txt	gemini25flashlite	Lezgi	shot	grammar	cyrillic	cheatsheet_txt	0.42641573584264153
0.5153911949574262	0.520023529556976	0.004632334599549743	0.4711552884471155	-0.007966568235350751	0.01725497664562587	87	3158292895	common99	gemini25flashlite_lezgi_grammar_original_shot_baseline	gemini25flashlite_lezgi_grammar_cyrillic_shot_summary_tables_jpg	gemini25flashlite	Lezgi	shot	grammar	cyrillic	summary_tables_jpg	1.0
0.5153911949574262	0.4756126914216184	-0.039778503535807815	0.00022999770002299976	-0.06106833622030828	-0.019379431655865993	87	3228946278	common99	gemini25flashlite_lezgi_grammar_original_shot_baseline	gemini25flashlite_lezgi_grammar_cyrillic_shot_summary_tables_txt	gemini25flashlite	Lezgi	shot	grammar	cyrillic	summary_tables_txt	0.14351856481435185
0.5153911949574262	0.49243289540553914	-0.022958299551887072	0.02009979900200998	-0.042771217980604063	-0.004250684380531313	87	3736232468	common99	gemini25flashlite_lezgi_grammar_original_shot_baseline	gemini25flashlite_lezgi_grammar_cyrillic_shot_summary_text_txt	gemini25flashlite	Lezgi	shot	grammar	cyrillic	summary_text_txt	1.0
0.5023139900174635	0.49636988067763976	-0.005944109339823668	0.6844431555684443	-0.035611162600160985	0.022124491533499997	87	2795643084	common99	gemini25flashlite_lezgi_grammar_original_chain_gloss_baseline	gemini25flashlite_lezgi_grammar_original_chain_gloss_cheatsheet_jpg	gemini25flashlite	Lezgi	chain_gloss	grammar	original	cheatsheet_jpg	1.0
0.5023139900174635	0.485058954049801	-0.017255035967662417	0.14880851191488084	-0.041123467195650625	0.005798271730884738	87	2221375117	common99	gemini25flashlite_lezgi_grammar_original_chain_gloss_baseline	gemini25flashlite_lezgi_grammar_original_chain_gloss_cheatsheet_txt	gemini25flashlite	Lezgi	chain_gloss	grammar	original	cheatsheet_txt	1.0
0.5023139900174635	0.5098929415489065	0.007578951531443103	0.43797562024379755	-0.011516019149587067	0.02692365905419848	87	2360207248	common99	gemini25flashlite_lezgi_grammar_original_chain_gloss_baseline	gemini25flashlite_lezgi_grammar_original_chain_gloss_pdfpages_impactful_jpg	gemini25flashlite	Lezgi	chain_gloss	grammar	original	pdfpages_impactful_jpg	1.0
0.5023139900174635	0.4923006070071253	-0.010013383010338092	0.3304166958330417	-0.030557415578728434	0.010087139429203381	87	1234012174	common99	gemini25flashlite_lezgi_grammar_original_chain_gloss_baseline	gemini25flashlite_lezgi_grammar_original_chain_gloss_summary_tables_jpg	gemini25flashlite	Lezgi	chain_gloss	grammar	original	summary_tables_jpg	1.0
0.5023139900174635	0.4767232744515627	-0.025590715565900694	0.01855981440185598	-0.04735818613620324	-0.004708409716171786	87	356450022	common99	gemini25flashlite_lezgi_grammar_original_chain_gloss_baseline	gemini25flashlite_lezgi_grammar_original_chain_gloss_summary_tables_txt	gemini25flashlite	Lezgi	chain_gloss	grammar	original	summary_tables_txt	1.0
0.5023139900174635	0.4716155311499519	-0.03069845886751153	0.002909970900290997	-0.05090732314977152	-0.010987337241912712	87	4141587901	common99	gemini25flashlite_lezgi_grammar_original_chain_gloss_baseline	gemini25flashlite_lezgi_grammar_original_chain_gloss_summary_text_txt	gemini25flashlite	Lezgi	chain_gloss	grammar	original	summary_text_txt	1.0
0.570692633417831	0.5598757427999344	-0.010816890617896771	0.12434875651243488	-0.024727635513777015	0.0028977533267147237	87	3903884309	common99	gemini25flashlite_lezgi_grammar_original_modelgloss_baseline	gemini25flashlite_lezgi_grammar_original_modelgloss_cheatsheet_jpg	gemini25flashlite	Lezgi	modelgloss	grammar	original	cheatsheet_jpg	1.0
0.570692633417831	0.5630990849144157	-0.0075935485034153375	0.2997170028299717	-0.021797047332785594	0.006821532007949105	87	1574138226	common99	gemini25flashlite_lezgi_grammar_original_modelgloss_baseline	gemini25flashlite_lezgi_grammar_original_modelgloss_cheatsheet_txt	gemini25flashlite	Lezgi	modelgloss	grammar	original	cheatsheet_txt	1.0
0.570692633417831	0.5705135856894241	-0.0001790477284069719	0.979780202197978	-0.014226461086293746	0.01389600196532134	87	3248068089	common99	gemini25flashlite_lezgi_grammar_original_modelgloss_baseline	gemini25flashlite_lezgi_grammar_original_modelgloss_pdfpages_impactful_jpg	gemini25flashlite	Lezgi	modelgloss	grammar	original	pdfpages_impactful_jpg	1.0
0.570692633417831	0.5773456987293287	0.0066530653114976555	0.2715772842271577	-0.005080319812585567	0.018804865193435515	87	2605587993	common99	gemini25flashlite_lezgi_grammar_original_modelgloss_baseline	gemini25flashlite_lezgi_grammar_original_modelgloss_summary_tables_jpg	gemini25flashlite	Lezgi	modelgloss	grammar	original	summary_tables_jpg	1.0
0.570692633417831	0.5604021597182614	-0.010290473699569702	0.17753822461775381	-0.025413712216862314	0.004598565117038527	87	2685002387	common99	gemini25flashlite_lezgi_grammar_original_modelgloss_baseline	gemini25flashlite_lezgi_grammar_original_modelgloss_summary_tables_txt	gemini25flashlite	Lezgi	modelgloss	grammar	original	summary_tables_txt	1.0
0.570692633417831	0.5461910099818789	-0.024501623435952198	0.01818981810181898	-0.045773299655009946	-0.004993747585806367	87	3140649055	common99	gemini25flashlite_lezgi_grammar_original_modelgloss_baseline	gemini25flashlite_lezgi_grammar_original_modelgloss_summary_text_txt	gemini25flashlite	Lezgi	modelgloss	grammar	original	summary_text_txt	1.0
0.5153911949574262	0.5021940659860085	-0.013197128971417746	0.12171878281217188	-0.029887478670169564	0.0034088537225435427	87	796565639	common99	gemini25flashlite_lezgi_grammar_original_shot_baseline	gemini25flashlite_lezgi_grammar_original_shot_cheatsheet_jpg	gemini25flashlite	Lezgi	shot	grammar	original	cheatsheet_jpg	1.0
0.5153911949574262	0.4868335436130392	-0.028557651344387012	0.008939910600893991	-0.050036086852865654	-0.0073207613937128786	87	1763652369	common99	gemini25flashlite_lezgi_grammar_original_shot_baseline	gemini25flashlite_lezgi_grammar_original_shot_cheatsheet_txt	gemini25flashlite	Lezgi	shot	grammar	original	cheatsheet_txt	1.0
0.5153911949574262	0.5129208340384495	-0.002470360918976795	0.7664323356766433	-0.01874101370059211	0.013742969249343047	87	2504632666	common99	gemini25flashlite_lezgi_grammar_original_shot_baseline	gemini25flashlite_lezgi_grammar_original_shot_pdfpages_impactful_jpg	gemini25flashlite	Lezgi	shot	grammar	original	pdfpages_impactful_jpg	1.0
0.5153911949574262	0.5224069511068279	0.00701575614940161	0.3188068119318807	-0.006635661406078557	0.02097794727861195	87	61296528	common99	gemini25flashlite_lezgi_grammar_original_shot_baseline	gemini25flashlite_lezgi_grammar_original_shot_summary_tables_jpg	gemini25flashlite	Lezgi	shot	grammar	original	summary_tables_jpg	1.0
0.5153911949574262	0.4815086359265207	-0.033882559030905535	0.0029299707002929973	-0.05647561796780289	-0.012320997364733419	87	1512376045	common99	gemini25flashlite_lezgi_grammar_original_shot_baseline	gemini25flashlite_lezgi_grammar_original_shot_summary_tables_txt	gemini25flashlite	Lezgi	shot	grammar	original	summary_tables_txt	1.0
0.5153911949574262	0.4882288641970733	-0.027162330760352914	0.022649773502264978	-0.05055588064608217	-0.003828864771573054	87	680842517	common99	gemini25flashlite_lezgi_grammar_original_shot_baseline	gemini25flashlite_lezgi_grammar_original_shot_summary_text_txt	gemini25flashlite	Lezgi	shot	grammar	original	summary_text_txt	1.0
0.32406495240601624	0.32813748190499314	0.00407252949897689	0.6840531594684053	-0.015335699791709581	0.023997346375777256	99	2474439480	common99	gemini25flashlite_natugu_grammar_original_chain_gloss_baseline	gemini25flashlite_natugu_grammar_original_chain_gloss_cheatsheet_jpg	gemini25flashlite	Natugu	chain_gloss	grammar	original	cheatsheet_jpg	1.0
0.32406495240601624	0.3205256121929246	-0.0035393402130916864	0.7575224247757523	-0.026448070498728993	0.019116813083640247	99	3144285237	common99	gemini25flashlite_natugu_grammar_original_chain_gloss_baseline	gemini25flashlite_natugu_grammar_original_chain_gloss_cheatsheet_txt	gemini25flashlite	Natugu	chain_gloss	grammar	original	cheatsheet_txt	1.0
0.32406495240601624	0.3049168275161223	-0.019148124889893967	0.05665943340566594	-0.03887679917041702	0.0005329476914020256	99	287271784	common99	gemini25flashlite_natugu_grammar_original_chain_gloss_baseline	gemini25flashlite_natugu_grammar_original_chain_gloss_pdfpages_impactful_jpg	gemini25flashlite	Natugu	chain_gloss	grammar	original	pdfpages_impactful_jpg	1.0
0.32406495240601624	0.323275542319423	-0.0007894100865932426	0.9342006579934201	-0.019379634650969743	0.017107181886982428	99	3610546683	common99	gemini25flashlite_natugu_grammar_original_chain_gloss_baseline	gemini25flashlite_natugu_grammar_original_chain_gloss_summary_tables_jpg	gemini25flashlite	Natugu	chain_gloss	grammar	original	summary_tables_jpg	1.0
0.32406495240601624	0.3200677353324312	-0.003997217073585048	0.7135628643713563	-0.025906876598795255	0.01707399445350723	99	1431356600	common99	gemini25flashlite_natugu_grammar_original_chain_gloss_baseline	gemini25flashlite_natugu_grammar_original_chain_gloss_summary_tables_txt	gemini25flashlite	Natugu	chain_gloss	grammar	original	summary_tables_txt	1.0
0.32406495240601624	0.31223930839938346	-0.011825644006632795	0.3121168788312117	-0.03558435478821547	0.01090919586143108	99	261560109	common99	gemini25flashlite_natugu_grammar_original_chain_gloss_baseline	gemini25flashlite_natugu_grammar_original_chain_gloss_summary_text_txt	gemini25flashlite	Natugu	chain_gloss	grammar	original	summary_text_txt	1.0
0.5675372171281564	0.5572570438938912	-0.01028017323426526	0.28195718042819573	-0.02908880015214284	0.008345486464524498	99	3052629741	common99	gemini25flashlite_natugu_grammar_original_modelgloss_baseline	gemini25flashlite_natugu_grammar_original_modelgloss_cheatsheet_jpg	gemini25flashlite	Natugu	modelgloss	grammar	original	cheatsheet_jpg	1.0
0.5675372171281564	0.5631356972335565	-0.0044015198945999146	0.6621933780662194	-0.02440435930785506	0.015469323170154982	99	4288929773	common99	gemini25flashlite_natugu_grammar_original_modelgloss_baseline	gemini25flashlite_natugu_grammar_original_modelgloss_cheatsheet_txt	gemini25flashlite	Natugu	modelgloss	grammar	original	cheatsheet_txt	1.0
0.5675372171281564	0.5525702009297381	-0.014967016198418358	0.2167478325216748	-0.0391217001610332	0.008428763959443922	99	3225184974	common99	gemini25flashlite_natugu_grammar_original_modelgloss_baseline	gemini25flashlite_natugu_grammar_original_modelgloss_pdfpages_impactful_jpg	gemini25flashlite	Natugu	modelgloss	grammar	original	pdfpages_impactful_jpg	1.0
0.5675372171281564	0.5564815471268664	-0.011055670001290062	0.3175968240317597	-0.033403754384830744	0.010116599071206456	99	3286613830	common99	gemini25flashlite_natugu_grammar_original_modelgloss_baseline	gemini25flashlite_natugu_grammar_original_modelgloss_summary_tables_jpg	gemini25flashlite	Natugu	modelgloss	grammar	original	summary_tables_jpg	1.0
0.5675372171281564	0.5556301090753439	-0.011907108052812442	0.22248777512224877	-0.03102154620368071	0.007175928655296853	99	3844927461	common99	gemini25flashlite_natugu_grammar_original_modelgloss_baseline	gemini25flashlite_natugu_grammar_original_modelgloss_summary_tables_txt	gemini25flashlite	Natugu	modelgloss	grammar	original	summary_tables_txt	1.0
0.5675372171281564	0.5550223756017107	-0.012514841526445716	0.17276827231727682	-0.030511219701682676	0.005557001355772049	99	728754198	common99	gemini25flashlite_natugu_grammar_original_modelgloss_baseline	gemini25flashlite_natugu_grammar_original_modelgloss_summary_text_txt	gemini25flashlite	Natugu	modelgloss	grammar	original	summary_text_txt	1.0
0.3440762123074194	0.34015011682052804	-0.00392609548689139	0.6485335146648533	-0.020992653681473298	0.012819081435751405	99	1176709615	common99	gemini25flashlite_natugu_grammar_original_shot_baseline	gemini25flashlite_natugu_grammar_original_shot_cheatsheet_jpg	gemini25flashlite	Natugu	shot	grammar	original	cheatsheet_jpg	1.0
0.3440762123074194	0.34362910311631484	-0.00044710919110461917	0.9596704032959671	-0.01779330293789054	0.016720051980680866	99	1157340434	common99	gemini25flashlite_natugu_grammar_original_shot_baseline	gemini25flashlite_natugu_grammar_original_shot_cheatsheet_txt	gemini25flashlite	Natugu	shot	grammar	original	cheatsheet_txt	1.0
0.3440762123074194	0.30472392506069607	-0.03935228724672337	0.0006099939000609993	-0.062333708805869324	-0.017621974812613617	99	1758751663	common99	gemini25flashlite_natugu_grammar_original_shot_baseline	gemini25flashlite_natugu_grammar_original_shot_pdfpages_impactful_jpg	gemini25flashlite	Natugu	shot	grammar	original	pdfpages_impactful_jpg	0.3781962180378196
0.3440762123074194	0.3234165404180084	-0.020659671889411077	0.027769722302776974	-0.039325728809291666	-0.002584337059295552	99	1342445293	common99	gemini25flashlite_natugu_grammar_original_shot_baseline	gemini25flashlite_natugu_grammar_original_shot_summary_tables_jpg	gemini25flashlite	Natugu	shot	grammar	original	summary_tables_jpg	1.0
0.3440762123074194	0.3324255556470216	-0.011650656660397848	0.22987770122298776	-0.031232510217361967	0.007060131848309974	99	2968708490	common99	gemini25flashlite_natugu_grammar_original_shot_baseline	gemini25flashlite_natugu_grammar_original_shot_summary_tables_txt	gemini25flashlite	Natugu	shot	grammar	original	summary_tables_txt	1.0
0.3440762123074194	0.352987737667681	0.008911525360261551	0.4134658653413466	-0.012454423684664432	0.030281408033286678	99	2962472852	common99	gemini25flashlite_natugu_grammar_original_shot_baseline	gemini25flashlite_natugu_grammar_original_shot_summary_text_txt	gemini25flashlite	Natugu	shot	grammar	original	summary_text_txt	1.0
0.2821491172518393	0.2907266497913033	0.008577532539464007	0.3925360746392536	-0.011339873572190599	0.02835643745281479	99	4128154294	common99	gemini25flashlite_tsez_grammar_original_chain_gloss_baseline	gemini25flashlite_tsez_grammar_original_chain_gloss_cheatsheet_jpg	gemini25flashlite	Tsez	chain_gloss	grammar	original	cheatsheet_jpg	1.0
0.2821491172518393	0.2678634370065699	-0.014285680245269428	0.15654843451565484	-0.03437530768828259	0.005339247545208593	99	3938456955	common99	gemini25flashlite_tsez_grammar_original_chain_gloss_baseline	gemini25flashlite_tsez_grammar_original_chain_gloss_cheatsheet_txt	gemini25flashlite	Tsez	chain_gloss	grammar	original	cheatsheet_txt	1.0
0.2821491172518393	0.2750670670559912	-0.0070820501958480985	0.6435535644643554	-0.03752887442406981	0.02302897058502586	99	2923992093	common99	gemini25flashlite_tsez_grammar_original_chain_gloss_baseline	gemini25flashlite_tsez_grammar_original_chain_gloss_pdfpages_impactful_jpg	gemini25flashlite	Tsez	chain_gloss	grammar	original	pdfpages_impactful_jpg	1.0
0.2821491172518393	0.27724668955562093	-0.004902427696218395	0.6748332516674833	-0.028089561110193076	0.01806514265034535	99	1706630282	common99	gemini25flashlite_tsez_grammar_original_chain_gloss_baseline	gemini25flashlite_tsez_grammar_original_chain_gloss_summary_tables_jpg	gemini25flashlite	Tsez	chain_gloss	grammar	original	summary_tables_jpg	1.0
0.2821491172518393	0.27408623860941994	-0.008062878642419372	0.42899571004289955	-0.028400477631525558	0.011811490691821977	99	576970593	common99	gemini25flashlite_tsez_grammar_original_chain_gloss_baseline	gemini25flashlite_tsez_grammar_original_chain_gloss_summary_tables_txt	gemini25flashlite	Tsez	chain_gloss	grammar	original	summary_tables_txt	1.0
0.2821491172518393	0.2899839148075894	0.007834797555750067	0.5475645243547564	-0.017731472195097887	0.03386254538640828	99	735883295	common99	gemini25flashlite_tsez_grammar_original_chain_gloss_baseline	gemini25flashlite_tsez_grammar_original_chain_gloss_summary_text_txt	gemini25flashlite	Tsez	chain_gloss	grammar	original	summary_text_txt	1.0
0.5499896604304362	0.5446017811996768	-0.00538787923075936	0.6046139538604614	-0.025865853472490503	0.015086566306876409	99	96933681	common99	gemini25flashlite_tsez_grammar_original_modelgloss_baseline	gemini25flashlite_tsez_grammar_original_modelgloss_cheatsheet_jpg	gemini25flashlite	Tsez	modelgloss	grammar	original	cheatsheet_jpg	1.0
0.5499896604304362	0.55650998621878	0.006520325788343796	0.5882741172588274	-0.01716554145319293	0.030751027490454483	99	3846917195	common99	gemini25flashlite_tsez_grammar_original_modelgloss_baseline	gemini25flashlite_tsez_grammar_original_modelgloss_cheatsheet_txt	gemini25flashlite	Tsez	modelgloss	grammar	original	cheatsheet_txt	1.0
0.5499896604304362	0.5205908872262396	-0.029398773204196583	0.02992970070299297	-0.056214327003919706	-0.0031286941333250645	99	258060431	common99	gemini25flashlite_tsez_grammar_original_modelgloss_baseline	gemini25flashlite_tsez_grammar_original_modelgloss_pdfpages_impactful_jpg	gemini25flashlite	Tsez	modelgloss	grammar	original	pdfpages_impactful_jpg	1.0
0.5499896604304362	0.5372643162204762	-0.012725344209960012	0.2579474205257947	-0.03498010015623136	0.00926612660740361	99	1486677253	common99	gemini25flashlite_tsez_grammar_original_modelgloss_baseline	gemini25flashlite_tsez_grammar_original_modelgloss_summary_tables_jpg	gemini25flashlite	Tsez	modelgloss	grammar	original	summary_tables_jpg	1.0
0.5499896604304362	0.5483226383274252	-0.001667022103011006	0.9015009849901501	-0.028173499377538457	0.02495128046909366	99	3670093209	common99	gemini25flashlite_tsez_grammar_original_modelgloss_baseline	gemini25flashlite_tsez_grammar_original_modelgloss_summary_tables_txt	gemini25flashlite	Tsez	modelgloss	grammar	original	summary_tables_txt	1.0
0.5499896604304362	0.5545008027493351	0.004511142318898981	0.7055829441705583	-0.01858217499472878	0.028026042931308642	99	1381027733	common99	gemini25flashlite_tsez_grammar_original_modelgloss_baseline	gemini25flashlite_tsez_grammar_original_modelgloss_summary_text_txt	gemini25flashlite	Tsez	modelgloss	grammar	original	summary_text_txt	1.0
0.28249849935974736	0.2590531813676911	-0.02344531799205626	0.003749962500374996	-0.03957807497695238	-0.007924059097363502	99	1015895591	common99	gemini25flashlite_tsez_grammar_original_shot_baseline	gemini25flashlite_tsez_grammar_original_shot_cheatsheet_jpg	gemini25flashlite	Tsez	shot	grammar	original	cheatsheet_jpg	1.0
0.28249849935974736	0.2667163453920923	-0.015782153967655067	0.06464935350646493	-0.03266333557966382	0.0007499923684982252	99	3783618189	common99	gemini25flashlite_tsez_grammar_original_shot_baseline	gemini25flashlite_tsez_grammar_original_shot_cheatsheet_txt	gemini25flashlite	Tsez	shot	grammar	original	cheatsheet_txt	1.0
0.28249849935974736	0.24407565277634244	-0.038422846583404925	1.999980000199998e-05	-0.0548777454128169	-0.023021929078932968	99	1147846484	common99	gemini25flashlite_tsez_grammar_original_shot_baseline	gemini25flashlite_tsez_grammar_original_shot_pdfpages_impactful_jpg	gemini25flashlite	Tsez	shot	grammar	original	pdfpages_impactful_jpg	0.012579874201257989
0.28249849935974736	0.2544189930865259	-0.028079506273221488	0.000939990600093999	-0.044843945411419624	-0.01206228870033014	99	2427254803	common99	gemini25flashlite_tsez_grammar_original_shot_baseline	gemini25flashlite_tsez_grammar_original_shot_summary_tables_jpg	gemini25flashlite	Tsez	shot	grammar	original	summary_tables_jpg	0.5752742472575274
0.28249849935974736	0.26596591177612844	-0.016532587583618936	0.04458955410445896	-0.0327310965180096	-0.0005221473335316725	99	4218760629	common99	gemini25flashlite_tsez_grammar_original_shot_baseline	gemini25flashlite_tsez_grammar_original_shot_summary_tables_txt	gemini25flashlite	Tsez	shot	grammar	original	summary_tables_txt	1.0
0.28249849935974736	0.2661182609471408	-0.016380238412606597	0.06808931910680893	-0.03430078500750089	0.000807908549904815	99	149800033	common99	gemini25flashlite_tsez_grammar_original_shot_baseline	gemini25flashlite_tsez_grammar_original_shot_summary_text_txt	gemini25flashlite	Tsez	shot	grammar	original	summary_text_txt	1.0
0.343504594789969	0.3317474230519823	-0.011757171737986643	0.6197238027619724	-0.058982526347343175	0.03429656290021295	37	3033893398	common99	qwen35_gitksan_grammar_original_chain_gloss_baseline	qwen35_gitksan_pdf1_brown_original_chain_gloss_cheatsheet_jpg	qwen35	Gitksan	chain_gloss	pdf1_brown	original	cheatsheet_jpg	1.0
0.343504594789969	0.31244795507675893	-0.03105663971321003	0.17603823961760381	-0.07715411096609927	0.012912507989519309	37	2724062386	common99	qwen35_gitksan_grammar_original_chain_gloss_baseline	qwen35_gitksan_pdf1_brown_original_chain_gloss_cheatsheet_txt	qwen35	Gitksan	chain_gloss	pdf1_brown	original	cheatsheet_txt	1.0
0.343504594789969	0.3080814150539604	-0.03542317973600852	0.0932490675093249	-0.07972194847424285	0.0034821322741540547	37	1082733285	common99	qwen35_gitksan_grammar_original_chain_gloss_baseline	qwen35_gitksan_pdf1_brown_original_chain_gloss_pdfpages_impactful_jpg	qwen35	Gitksan	chain_gloss	pdf1_brown	original	pdfpages_impactful_jpg	1.0
0.343504594789969	0.32467255237940196	-0.018832042410567	0.36074639253607466	-0.0606569870098217	0.020733606181031917	37	3562495789	common99	qwen35_gitksan_grammar_original_chain_gloss_baseline	qwen35_gitksan_pdf1_brown_original_chain_gloss_summary_tables_jpg	qwen35	Gitksan	chain_gloss	pdf1_brown	original	summary_tables_jpg	1.0
0.343504594789969	0.312394058382189	-0.031110536407780002	0.21102788972110278	-0.08063393797020654	0.01749796739502532	37	4165542003	common99	qwen35_gitksan_grammar_original_chain_gloss_baseline	qwen35_gitksan_pdf1_brown_original_chain_gloss_summary_tables_txt	qwen35	Gitksan	chain_gloss	pdf1_brown	original	summary_tables_txt	1.0
0.343504594789969	0.3279937437257251	-0.015510851064243832	0.5666443335566644	-0.07208555905601462	0.03544403431383334	37	557310660	common99	qwen35_gitksan_grammar_original_chain_gloss_baseline	qwen35_gitksan_pdf1_brown_original_chain_gloss_summary_text_txt	qwen35	Gitksan	chain_gloss	pdf1_brown	original	summary_text_txt	1.0
0.5994371425461125	0.5688743889331818	-0.03056275361293071	0.057539424605753946	-0.06139782489957036	0.0016695744483857485	37	4150205435	common99	qwen35_gitksan_grammar_original_modelgloss_baseline	qwen35_gitksan_pdf1_brown_original_modelgloss_cheatsheet_jpg	qwen35	Gitksan	modelgloss	pdf1_brown	original	cheatsheet_jpg	1.0
0.5994371425461125	0.5802285357101543	-0.01920860683595812	0.28325716742832574	-0.05481875858999587	0.015995873128240173	37	2486189153	common99	qwen35_gitksan_grammar_original_modelgloss_baseline	qwen35_gitksan_pdf1_brown_original_modelgloss_cheatsheet_txt	qwen35	Gitksan	modelgloss	pdf1_brown	original	cheatsheet_txt	1.0
0.5994371425461125	0.6108306581909592	0.011393515644846735	0.4657553424465755	-0.018946882236648248	0.042366241422053925	37	2599485522	common99	qwen35_gitksan_grammar_original_modelgloss_baseline	qwen35_gitksan_pdf1_brown_original_modelgloss_pdfpages_impactful_jpg	qwen35	Gitksan	modelgloss	pdf1_brown	original	pdfpages_impactful_jpg	1.0
0.5994371425461125	0.5628506307666367	-0.036586511779475854	0.02788972110278897	-0.06852982400639637	-0.0033969409361079067	37	1779977965	common99	qwen35_gitksan_grammar_original_modelgloss_baseline	qwen35_gitksan_pdf1_brown_original_modelgloss_summary_tables_jpg	qwen35	Gitksan	modelgloss	pdf1_brown	original	summary_tables_jpg	1.0
0.5994371425461125	0.5720318894128542	-0.027405253133258305	0.1104788952110479	-0.06206754413810936	0.005573388591811447	37	3848978474	common99	qwen35_gitksan_grammar_original_modelgloss_baseline	qwen35_gitksan_pdf1_brown_original_modelgloss_summary_tables_txt	qwen35	Gitksan	modelgloss	pdf1_brown	original	summary_tables_txt	1.0
0.5994371425461125	0.5640497916453594	-0.03538735090075312	0.03801961980380196	-0.06893364521297249	-0.0020800436066614647	37	1711934244	common99	qwen35_gitksan_grammar_original_modelgloss_baseline	qwen35_gitksan_pdf1_brown_original_modelgloss_summary_text_txt	qwen35	Gitksan	modelgloss	pdf1_brown	original	summary_text_txt	1.0
0.33469809913957443	0.3365637829174867	0.001865683777912243	0.914180858191418	-0.032014413147762016	0.03561502536003654	37	3937082172	common99	qwen35_gitksan_grammar_original_shot_baseline	qwen35_gitksan_pdf1_brown_original_shot_cheatsheet_jpg	qwen35	Gitksan	shot	pdf1_brown	original	cheatsheet_jpg	1.0
0.33469809913957443	0.321556306972697	-0.013141792166877437	0.43284567154328457	-0.04777980380867784	0.01811031348801946	37	3207536838	common99	qwen35_gitksan_grammar_original_shot_baseline	qwen35_gitksan_pdf1_brown_original_shot_cheatsheet_txt	qwen35	Gitksan	shot	pdf1_brown	original	cheatsheet_txt	1.0
0.33469809913957443	0.3545282720714002	0.019830172931825794	0.2948570514294857	-0.01722200296416476	0.05748990388536774	37	898221434	common99	qwen35_gitksan_grammar_original_shot_baseline	qwen35_gitksan_pdf1_brown_original_shot_pdfpages_impactful_jpg	qwen35	Gitksan	shot	pdf1_brown	original	pdfpages_impactful_jpg	1.0
0.33469809913957443	0.32652094396384984	-0.008177155175724544	0.6687833121668784	-0.04592906210470842	0.029399625423389485	37	3663578145	common99	qwen35_gitksan_grammar_original_shot_baseline	qwen35_gitksan_pdf1_brown_original_shot_summary_tables_jpg	qwen35	Gitksan	shot	pdf1_brown	original	summary_tables_jpg	1.0
0.33469809913957443	0.3339629177306149	-0.000735181408959466	0.9666703332966671	-0.03584498720797332	0.033761721456775765	37	173282906	common99	qwen35_gitksan_grammar_original_shot_baseline	qwen35_gitksan_pdf1_brown_original_shot_summary_tables_txt	qwen35	Gitksan	shot	pdf1_brown	original	summary_tables_txt	1.0
0.33469809913957443	0.32320421168933045	-0.011493887450243975	0.5029549704502955	-0.04659416208396086	0.020080831536167337	37	1065679871	common99	qwen35_gitksan_grammar_original_shot_baseline	qwen35_gitksan_pdf1_brown_original_shot_summary_text_txt	qwen35	Gitksan	shot	pdf1_brown	original	summary_text_txt	1.0
0.343504594789969	0.3441950437184927	0.000690448928523708	0.967530324696753	-0.033929410304974865	0.03374445051760284	37	2977172902	common99	qwen35_gitksan_grammar_original_chain_gloss_baseline	qwen35_gitksan_pdf2_rigsby_original_chain_gloss_cheatsheet_jpg	qwen35	Gitksan	chain_gloss	pdf2_rigsby	original	cheatsheet_jpg	1.0
0.343504594789969	0.3249322300827181	-0.018572364707250853	0.25279747202527975	-0.05236396313317724	0.011913848517311575	37	100635818	common99	qwen35_gitksan_grammar_original_chain_gloss_baseline	qwen35_gitksan_pdf2_rigsby_original_chain_gloss_cheatsheet_txt	qwen35	Gitksan	chain_gloss	pdf2_rigsby	original	cheatsheet_txt	1.0
0.343504594789969	0.320878533092705	-0.022626061697263975	0.33559664403355965	-0.06999025168652469	0.02170844205932034	37	714335833	common99	qwen35_gitksan_grammar_original_chain_gloss_baseline	qwen35_gitksan_pdf2_rigsby_original_chain_gloss_pdfpages_impactful_jpg	qwen35	Gitksan	chain_gloss	pdf2_rigsby	original	pdfpages_impactful_jpg	1.0
0.343504594789969	0.3290622685406659	-0.014442326249303045	0.3262267377326227	-0.04306977371106276	0.014719736163277873	37	40141231	common99	qwen35_gitksan_grammar_original_chain_gloss_baseline	qwen35_gitksan_pdf2_rigsby_original_chain_gloss_summary_tables_jpg	qwen35	Gitksan	chain_gloss	pdf2_rigsby	original	summary_tables_jpg	1.0
0.343504594789969	0.34215370787156596	-0.0013508869184030068	0.927540724592754	-0.031559406502826785	0.026375195887443175	37	3828571288	common99	qwen35_gitksan_grammar_original_chain_gloss_baseline	qwen35_gitksan_pdf2_rigsby_original_chain_gloss_summary_tables_txt	qwen35	Gitksan	chain_gloss	pdf2_rigsby	original	summary_tables_txt	1.0
0.343504594789969	0.30591218858151825	-0.03759240620845073	0.016099839001609984	-0.06912672283077562	-0.008101724782908284	37	1625334761	common99	qwen35_gitksan_grammar_original_chain_gloss_baseline	qwen35_gitksan_pdf2_rigsby_original_chain_gloss_summary_text_txt	qwen35	Gitksan	chain_gloss	pdf2_rigsby	original	summary_text_txt	1.0
0.5994371425461125	0.57322654852996	-0.026210594016152458	0.12317876821231788	-0.05890481069281294	0.007676848205360168	37	983835803	common99	qwen35_gitksan_grammar_original_modelgloss_baseline	qwen35_gitksan_pdf2_rigsby_original_modelgloss_cheatsheet_jpg	qwen35	Gitksan	modelgloss	pdf2_rigsby	original	cheatsheet_jpg	1.0
0.5994371425461125	0.617203820396114	0.017766677850001567	0.2726772732272677	-0.012435960830063425	0.05097260235531907	37	1550265699	common99	qwen35_gitksan_grammar_original_modelgloss_baseline	qwen35_gitksan_pdf2_rigsby_original_modelgloss_cheatsheet_txt	qwen35	Gitksan	modelgloss	pdf2_rigsby	original	cheatsheet_txt	1.0
0.5994371425461125	0.5719607959727984	-0.027476346573314152	0.03785962140378596	-0.05349943453597056	-0.0016953799672223431	37	2473100536	common99	qwen35_gitksan_grammar_original_modelgloss_baseline	qwen35_gitksan_pdf2_rigsby_original_modelgloss_pdfpages_impactful_jpg	qwen35	Gitksan	modelgloss	pdf2_rigsby	original	pdfpages_impactful_jpg	1.0
0.5994371425461125	0.5836390442139393	-0.015798098332173115	0.3034169658303417	-0.04520063388186532	0.01532283403180739	37	1533408968	common99	qwen35_gitksan_grammar_original_modelgloss_baseline	qwen35_gitksan_pdf2_rigsby_original_modelgloss_summary_tables_jpg	qwen35	Gitksan	modelgloss	pdf2_rigsby	original	summary_tables_jpg	1.0
0.5994371425461125	0.6158362933107324	0.016399150764619983	0.36775632243677564	-0.018363541747267176	0.05346483213675982	37	2882428265	common99	qwen35_gitksan_grammar_original_modelgloss_baseline	qwen35_gitksan_pdf2_rigsby_original_modelgloss_summary_tables_txt	qwen35	Gitksan	modelgloss	pdf2_rigsby	original	summary_tables_txt	1.0
0.5994371425461125	0.5743100469982302	-0.025127095547882287	0.23113768862311376	-0.06795092319717279	0.014703043157587137	37	2889214304	common99	qwen35_gitksan_grammar_original_modelgloss_baseline	qwen35_gitksan_pdf2_rigsby_original_modelgloss_summary_text_txt	qwen35	Gitksan	modelgloss	pdf2_rigsby	original	summary_text_txt	1.0
0.33469809913957443	0.3191130209613491	-0.015585078178225336	0.33338666613333867	-0.04767306055370214	0.015632284553469832	37	1363061072	common99	qwen35_gitksan_grammar_original_shot_baseline	qwen35_gitksan_pdf2_rigsby_original_shot_cheatsheet_jpg	qwen35	Gitksan	shot	pdf2_rigsby	original	cheatsheet_jpg	1.0
0.33469809913957443	0.31344951769790136	-0.021248581441673072	0.2854571454285457	-0.06060128726467892	0.01738961326914864	37	1371670716	common99	qwen35_gitksan_grammar_original_shot_baseline	qwen35_gitksan_pdf2_rigsby_original_shot_cheatsheet_txt	qwen35	Gitksan	shot	pdf2_rigsby	original	cheatsheet_txt	1.0
0.33469809913957443	0.34707088204654485	0.012372782906970463	0.45588544114558854	-0.018912551038571278	0.04641068972445818	37	765787139	common99	qwen35_gitksan_grammar_original_shot_baseline	qwen35_gitksan_pdf2_rigsby_original_shot_pdfpages_impactful_jpg	qwen35	Gitksan	shot	pdf2_rigsby	original	pdfpages_impactful_jpg	1.0
0.33469809913957443	0.3334990047119759	-0.0011990944275984893	0.9519604803951961	-0.040539803657982786	0.03754726294931523	37	4160611782	common99	qwen35_gitksan_grammar_original_shot_baseline	qwen35_gitksan_pdf2_rigsby_original_shot_summary_tables_jpg	qwen35	Gitksan	shot	pdf2_rigsby	original	summary_tables_jpg	1.0
0.33469809913957443	0.32696219513545166	-0.0077359040041227595	0.6087039129608703	-0.03826245290000696	0.021480092607639906	37	1666055117	common99	qwen35_gitksan_grammar_original_shot_baseline	qwen35_gitksan_pdf2_rigsby_original_shot_summary_tables_txt	qwen35	Gitksan	shot	pdf2_rigsby	original	summary_tables_txt	1.0
0.33469809913957443	0.32320165634155273	-0.011496442798021677	0.5551644483555165	-0.05025599624055462	0.027875258964863946	37	2875121231	common99	qwen35_gitksan_grammar_original_shot_baseline	qwen35_gitksan_pdf2_rigsby_original_shot_summary_text_txt	qwen35	Gitksan	shot	pdf2_rigsby	original	summary_text_txt	1.0
0.39223810722087993	0.3875420941361066	-0.00469601308477336	0.6492835071649283	-0.025002093214927048	0.015391892220439567	87	2995772101	common99	qwen35_lezgi_grammar_original_chain_gloss_baseline	qwen35_lezgi_grammar_cyrillic_chain_gloss_cheatsheet_jpg	qwen35	Lezgi	chain_gloss	grammar	cyrillic	cheatsheet_jpg	1.0
0.39223810722087993	0.37412007975167244	-0.0181180274692075	0.15951840481595184	-0.04401636217431775	0.006522184674595929	87	330184772	common99	qwen35_lezgi_grammar_original_chain_gloss_baseline	qwen35_lezgi_grammar_cyrillic_chain_gloss_cheatsheet_txt	qwen35	Lezgi	chain_gloss	grammar	cyrillic	cheatsheet_txt	1.0
0.39223810722087993	0.40105199454159574	0.008813887320715806	0.4330656693433066	-0.01336826600733844	0.03085021968374305	87	745508738	common99	qwen35_lezgi_grammar_original_chain_gloss_baseline	qwen35_lezgi_grammar_cyrillic_chain_gloss_summary_tables_jpg	qwen35	Lezgi	chain_gloss	grammar	cyrillic	summary_tables_jpg	1.0
0.39223810722087993	0.3845559982047684	-0.007682109016111527	0.5472845271547284	-0.032816995611821095	0.017312658141399217	87	962928613	common99	qwen35_lezgi_grammar_original_chain_gloss_baseline	qwen35_lezgi_grammar_cyrillic_chain_gloss_summary_tables_txt	qwen35	Lezgi	chain_gloss	grammar	cyrillic	summary_tables_txt	1.0
0.39223810722087993	0.38513482952940054	-0.007103277691479387	0.5950240497595024	-0.03320286142072456	0.019638178351966788	87	3908405736	common99	qwen35_lezgi_grammar_original_chain_gloss_baseline	qwen35_lezgi_grammar_cyrillic_chain_gloss_summary_text_txt	qwen35	Lezgi	chain_gloss	grammar	cyrillic	summary_text_txt	1.0
0.5485955918657368	0.5319113817023134	-0.016684210163423384	0.037459625403745964	-0.03253027181001915	-0.0010876139775774971	87	752847891	common99	qwen35_lezgi_grammar_original_modelgloss_baseline	qwen35_lezgi_grammar_cyrillic_modelgloss_cheatsheet_jpg	qwen35	Lezgi	modelgloss	grammar	cyrillic	cheatsheet_jpg	1.0
0.5485955918657368	0.5153782809602803	-0.03321731090545654	0.0007499925000749992	-0.05280015960164453	-0.01472309764431811	87	2661001858	common99	qwen35_lezgi_grammar_original_modelgloss_baseline	qwen35_lezgi_grammar_cyrillic_modelgloss_cheatsheet_txt	qwen35	Lezgi	modelgloss	grammar	cyrillic	cheatsheet_txt	0.4619953800461995
0.5485955918657368	0.5335936416154621	-0.015001950250274834	0.05105948940510595	-0.029963979664547686	0.0001716988696448986	87	181929900	common99	qwen35_lezgi_grammar_original_modelgloss_baseline	qwen35_lezgi_grammar_cyrillic_modelgloss_summary_tables_jpg	qwen35	Lezgi	modelgloss	grammar	cyrillic	summary_tables_jpg	1.0
0.5485955918657368	0.5252252728089519	-0.02337031905678497	0.021899781002189977	-0.04387903525226417	-0.004114160284228712	87	1918841287	common99	qwen35_lezgi_grammar_original_modelgloss_baseline	qwen35_lezgi_grammar_cyrillic_modelgloss_summary_tables_txt	qwen35	Lezgi	modelgloss	grammar	cyrillic	summary_tables_txt	1.0
0.5485955918657368	0.5246381328023714	-0.023957459063365542	0.013169868301316986	-0.043539753671863975	-0.005747561730530075	87	922570989	common99	qwen35_lezgi_grammar_original_modelgloss_baseline	qwen35_lezgi_grammar_cyrillic_modelgloss_summary_text_txt	qwen35	Lezgi	modelgloss	grammar	cyrillic	summary_text_txt	1.0
0.3964509289155061	0.4003943011335943	0.003943372218088172	0.6308136918630813	-0.012024722196932494	0.019905632712888983	87	874895624	common99	qwen35_lezgi_grammar_original_shot_baseline	qwen35_lezgi_grammar_cyrillic_shot_cheatsheet_jpg	qwen35	Lezgi	shot	grammar	cyrillic	cheatsheet_jpg	1.0
0.3964509289155061	0.38936874835655605	-0.007082180558950052	0.5579444205557944	-0.030734629432360314	0.016404694228850554	87	1172787348	common99	qwen35_lezgi_grammar_original_shot_baseline	qwen35_lezgi_grammar_cyrillic_shot_cheatsheet_txt	qwen35	Lezgi	shot	grammar	cyrillic	cheatsheet_txt	1.0
0.3964509289155061	0.3937995536574002	-0.0026513752581059247	0.7615723842761573	-0.019682117872710885	0.01455345685625898	87	32616296	common99	qwen35_lezgi_grammar_original_shot_baseline	qwen35_lezgi_grammar_cyrillic_shot_summary_tables_jpg	qwen35	Lezgi	shot	grammar	cyrillic	summary_tables_jpg	1.0
0.3964509289155061	0.3834945922610403	-0.012956336654465774	0.27309726902730974	-0.03656379264490357	0.01014071787311427	87	2229648238	common99	qwen35_lezgi_grammar_original_shot_baseline	qwen35_lezgi_grammar_cyrillic_shot_summary_tables_txt	qwen35	Lezgi	shot	grammar	cyrillic	summary_tables_txt	1.0
0.3964509289155061	0.3710429507425462	-0.025407978172959953	0.02773972260277397	-0.04845875849326451	-0.0032619519780079636	87	4104984526	common99	qwen35_lezgi_grammar_original_shot_baseline	qwen35_lezgi_grammar_cyrillic_shot_summary_text_txt	qwen35	Lezgi	shot	grammar	cyrillic	summary_text_txt	1.0
0.39223810722087993	0.38398223789944047	-0.008255869321439457	0.4406555934440656	-0.02955545526982723	0.012588504008178052	87	1030849112	common99	qwen35_lezgi_grammar_original_chain_gloss_baseline	qwen35_lezgi_grammar_original_chain_gloss_cheatsheet_jpg	qwen35	Lezgi	chain_gloss	grammar	original	cheatsheet_jpg	1.0
0.39223810722087993	0.37956256068300925	-0.012675546537870648	0.3627563724362756	-0.040488027961089676	0.014248218875506816	87	3314700156	common99	qwen35_lezgi_grammar_original_chain_gloss_baseline	qwen35_lezgi_grammar_original_chain_gloss_cheatsheet_txt	qwen35	Lezgi	chain_gloss	grammar	original	cheatsheet_txt	1.0
0.39223810722087993	0.3838137749625348	-0.008424332258345067	0.5176348236517635	-0.03414580370245994	0.01689031865319301	87	3988076257	common99	qwen35_lezgi_grammar_original_chain_gloss_baseline	qwen35_lezgi_grammar_original_chain_gloss_pdfpages_impactful_jpg	qwen35	Lezgi	chain_gloss	grammar	original	pdfpages_impactful_jpg	1.0
0.39223810722087993	0.3987812041893773	0.006543096968497353	0.5838341616583834	-0.01679554529402447	0.0303342021873285	87	1178841629	common99	qwen35_lezgi_grammar_original_chain_gloss_baseline	qwen35_lezgi_grammar_original_chain_gloss_summary_tables_jpg	qwen35	Lezgi	chain_gloss	grammar	original	summary_tables_jpg	1.0
0.39223810722087993	0.378381682024605	-0.013856425196274945	0.2815871841281587	-0.03930540293797679	0.011279572859063908	87	2828734640	common99	qwen35_lezgi_grammar_original_chain_gloss_baseline	qwen35_lezgi_grammar_original_chain_gloss_summary_tables_txt	qwen35	Lezgi	chain_gloss	grammar	original	summary_tables_txt	1.0
0.39223810722087993	0.3785921544179149	-0.013645952802965012	0.26535734642653575	-0.037947179385642876	0.010081059836793207	87	4133923660	common99	qwen35_lezgi_grammar_original_chain_gloss_baseline	qwen35_lezgi_grammar_original_chain_gloss_summary_text_txt	qwen35	Lezgi	chain_gloss	grammar	original	summary_text_txt	1.0
0.5485955918657368	0.5315366668262701	-0.01705892503946677	0.054549454505454946	-0.0342830310350862	0.0005284976342628739	87	2635066857	common99	qwen35_lezgi_grammar_original_modelgloss_baseline	qwen35_lezgi_grammar_original_modelgloss_cheatsheet_jpg	qwen35	Lezgi	modelgloss	grammar	original	cheatsheet_jpg	1.0
0.5485955918657368	0.5198299004428688	-0.02876569142286805	0.007089929100708993	-0.049921742972286264	-0.00834784353601522	87	3775991905	common99	qwen35_lezgi_grammar_original_modelgloss_baseline	qwen35_lezgi_grammar_original_modelgloss_cheatsheet_txt	qwen35	Lezgi	modelgloss	grammar	original	cheatsheet_txt	1.0
0.5485955918657368	0.5366980066929741	-0.011897585172762817	0.14987850121498786	-0.0281338759451762	0.00421624706908204	87	312991412	common99	qwen35_lezgi_grammar_original_modelgloss_baseline	qwen35_lezgi_grammar_original_modelgloss_pdfpages_impactful_jpg	qwen35	Lezgi	modelgloss	grammar	original	pdfpages_impactful_jpg	1.0
0.5485955918657368	0.5259128750740797	-0.022682716791657197	0.009349906500934991	-0.03990481405080049	-0.0055937823464815685	87	3788075775	common99	qwen35_lezgi_grammar_original_modelgloss_baseline	qwen35_lezgi_grammar_original_modelgloss_summary_tables_jpg	qwen35	Lezgi	modelgloss	grammar	original	summary_tables_jpg	1.0
0.5485955918657368	0.5198930049764698	-0.028702586889266968	0.00866991330086699	-0.05046775517449981	-0.007589766922695888	87	1092735053	common99	qwen35_lezgi_grammar_original_modelgloss_baseline	qwen35_lezgi_grammar_original_modelgloss_summary_tables_txt	qwen35	Lezgi	modelgloss	grammar	original	summary_tables_txt	1.0
0.5485955918657368	0.5331389809819473	-0.0154566108837895	0.11853881461185388	-0.03484960459172726	0.0040311982876610405	87	990421234	common99	qwen35_lezgi_grammar_original_modelgloss_baseline	qwen35_lezgi_grammar_original_modelgloss_summary_text_txt	qwen35	Lezgi	modelgloss	grammar	original	summary_text_txt	1.0
0.3964509289155061	0.38789858266539956	-0.008552346250106549	0.34633653663463365	-0.02671477941517857	0.009023083365340336	87	3911079772	common99	qwen35_lezgi_grammar_original_shot_baseline	qwen35_lezgi_grammar_original_shot_cheatsheet_jpg	qwen35	Lezgi	shot	grammar	original	cheatsheet_jpg	1.0
0.3964509289155061	0.3833237254414065	-0.013127203474099609	0.21570784292157077	-0.03425518093609261	0.00748297931819126	87	415547095	common99	qwen35_lezgi_grammar_original_shot_baseline	qwen35_lezgi_grammar_original_shot_cheatsheet_txt	qwen35	Lezgi	shot	grammar	original	cheatsheet_txt	1.0
0.3964509289155061	0.3880358764837528	-0.008415052431753311	0.3834761652383476	-0.027563272467974957	0.010396829187527466	87	2415632648	common99	qwen35_lezgi_grammar_original_shot_baseline	qwen35_lezgi_grammar_original_shot_pdfpages_impactful_jpg	qwen35	Lezgi	shot	grammar	original	pdfpages_impactful_jpg	1.0
0.3964509289155061	0.39698416611243936	0.0005332371969332641	0.9499305006949931	-0.016201970602075257	0.017493100014740002	87	1335392381	common99	qwen35_lezgi_grammar_original_shot_baseline	qwen35_lezgi_grammar_original_shot_summary_tables_jpg	qwen35	Lezgi	shot	grammar	original	summary_tables_jpg	1.0
0.3964509289155061	0.38296581171024807	-0.013485117205258074	0.27005729942700574	-0.03755419031641949	0.010442652065178377	87	2767628273	common99	qwen35_lezgi_grammar_original_shot_baseline	qwen35_lezgi_grammar_original_shot_summary_tables_txt	qwen35	Lezgi	shot	grammar	original	summary_tables_txt	1.0
0.3964509289155061	0.35870073701458416	-0.037750191900921964	0.0008999910000899991	-0.06024670052374229	-0.01611715988951854	87	673099706	common99	qwen35_lezgi_grammar_original_shot_baseline	qwen35_lezgi_grammar_original_shot_summary_text_txt	qwen35	Lezgi	shot	grammar	original	summary_text_txt	0.5525944740552595
0.3025659352089419	0.2950205288150094	-0.007545406393932573	0.45415545844541555	-0.027732841390175643	0.011905644260196366	99	2894280040	common99	qwen35_natugu_grammar_original_chain_gloss_baseline	qwen35_natugu_grammar_original_chain_gloss_cheatsheet_jpg	qwen35	Natugu	chain_gloss	grammar	original	cheatsheet_jpg	1.0
0.3025659352089419	0.28311034133940033	-0.01945559386954163	0.06327936720632793	-0.04114361102645745	3.930960377358391e-05	99	3816085320	common99	qwen35_natugu_grammar_original_chain_gloss_baseline	qwen35_natugu_grammar_original_chain_gloss_cheatsheet_txt	qwen35	Natugu	chain_gloss	grammar	original	cheatsheet_txt	1.0
0.3025659352089419	0.2935584109238904	-0.009007524285051558	0.4670053299467005	-0.03344577586823943	0.015242634200011231	99	4244362293	common99	qwen35_natugu_grammar_original_chain_gloss_baseline	qwen35_natugu_grammar_original_chain_gloss_pdfpages_impactful_jpg	qwen35	Natugu	chain_gloss	grammar	original	pdfpages_impactful_jpg	1.0
0.3025659352089419	0.286232393197339	-0.01633354201160296	0.14926850731492686	-0.0389767181617443	0.005581433429486214	99	1258018203	common99	qwen35_natugu_grammar_original_chain_gloss_baseline	qwen35_natugu_grammar_original_chain_gloss_summary_tables_jpg	qwen35	Natugu	chain_gloss	grammar	original	summary_tables_jpg	1.0
0.3025659352089419	0.2740993481693846	-0.02846658703955737	0.005649943500564994	-0.04921260332933279	-0.009379538921921546	99	3830363362	common99	qwen35_natugu_grammar_original_chain_gloss_baseline	qwen35_natugu_grammar_original_chain_gloss_summary_tables_txt	qwen35	Natugu	chain_gloss	grammar	original	summary_tables_txt	1.0
0.3025659352089419	0.28932852651735746	-0.013237408691584462	0.22478775212247878	-0.03490496977147731	0.007817212678492067	99	1727968102	common99	qwen35_natugu_grammar_original_chain_gloss_baseline	qwen35_natugu_grammar_original_chain_gloss_summary_text_txt	qwen35	Natugu	chain_gloss	grammar	original	summary_text_txt	1.0
0.5503121537692619	0.5400511447829429	-0.010261008986318954	0.33659663403365964	-0.031368489119440617	0.010546149494069994	99	2680927985	common99	qwen35_natugu_grammar_original_modelgloss_baseline	qwen35_natugu_grammar_original_modelgloss_cheatsheet_jpg	qwen35	Natugu	modelgloss	grammar	original	cheatsheet_jpg	1.0
0.5503121537692619	0.5530565776909241	0.0027444239216621474	0.7475025249747502	-0.013981751028937523	0.019655416284998256	99	784010612	common99	qwen35_natugu_grammar_original_modelgloss_baseline	qwen35_natugu_grammar_original_modelgloss_cheatsheet_txt	qwen35	Natugu	modelgloss	grammar	original	cheatsheet_txt	1.0
0.5503121537692619	0.5431017270593932	-0.007210426709868691	0.4988450115498845	-0.027994145550812134	0.013575590853438227	99	800169718	common99	qwen35_natugu_grammar_original_modelgloss_baseline	qwen35_natugu_grammar_original_modelgloss_pdfpages_impactful_jpg	qwen35	Natugu	modelgloss	grammar	original	pdfpages_impactful_jpg	1.0
0.5503121537692619	0.543738364420756	-0.0065737893485059646	0.5082049179508205	-0.02628766736297896	0.012762161946356886	99	3292413984	common99	qwen35_natugu_grammar_original_modelgloss_baseline	qwen35_natugu_grammar_original_modelgloss_summary_tables_jpg	qwen35	Natugu	modelgloss	grammar	original	summary_tables_jpg	1.0
0.5503121537692619	0.5306343881770818	-0.019677765592180117	0.03423965760342396	-0.038117907726854985	-0.0016014526551119096	99	4192475698	common99	qwen35_natugu_grammar_original_modelgloss_baseline	qwen35_natugu_grammar_original_modelgloss_summary_tables_txt	qwen35	Natugu	modelgloss	grammar	original	summary_tables_txt	1.0
0.5503121537692619	0.5331859338765192	-0.01712621989274266	0.053049469505304946	-0.034707104000780316	2.0691658360787496e-05	99	1767217699	common99	qwen35_natugu_grammar_original_modelgloss_baseline	qwen35_natugu_grammar_original_modelgloss_summary_text_txt	qwen35	Natugu	modelgloss	grammar	original	summary_text_txt	1.0
0.3039759143133356	0.2937170428158057	-0.010258871497529926	0.33327666723332766	-0.031222080973663708	0.010417301316905497	99	1280337239	common99	qwen35_natugu_grammar_original_shot_baseline	qwen35_natugu_grammar_original_shot_cheatsheet_jpg	qwen35	Natugu	shot	grammar	original	cheatsheet_jpg	1.0
0.3039759143133356	0.29958626372043534	-0.0043896505929002854	0.5891141088589114	-0.02035680037706789	0.011444952542131593	99	2943420384	common99	qwen35_natugu_grammar_original_shot_baseline	qwen35_natugu_grammar_original_shot_cheatsheet_txt	qwen35	Natugu	shot	grammar	original	cheatsheet_txt	1.0
0.3039759143133356	0.2978049098241209	-0.006171004489214734	0.5327146728532715	-0.025561371054312196	0.013262882053551034	99	3824223665	common99	qwen35_natugu_grammar_original_shot_baseline	qwen35_natugu_grammar_original_shot_pdfpages_impactful_jpg	qwen35	Natugu	shot	grammar	original	pdfpages_impactful_jpg	1.0
0.3039759143133356	0.2944911104260069	-0.009484803887328716	0.31118688813111867	-0.0280930194251164	0.008927900490887224	99	291844959	common99	qwen35_natugu_grammar_original_shot_baseline	qwen35_natugu_grammar_original_shot_summary_tables_jpg	qwen35	Natugu	shot	grammar	original	summary_tables_jpg	1.0
0.3039759143133356	0.3033215081450915	-0.0006544061682441018	0.9451105488945111	-0.019563758087278612	0.018688796317637566	99	3400142582	common99	qwen35_natugu_grammar_original_shot_baseline	qwen35_natugu_grammar_original_shot_summary_tables_txt	qwen35	Natugu	shot	grammar	original	summary_tables_txt	1.0
0.3039759143133356	0.30060789922271114	-0.0033680150906244912	0.7189228107718922	-0.022634501010179515	0.014620649238879029	99	2993992551	common99	qwen35_natugu_grammar_original_shot_baseline	qwen35_natugu_grammar_original_shot_summary_text_txt	qwen35	Natugu	shot	grammar	original	summary_text_txt	1.0
0.24390135585057615	0.22585523700473284	-0.018046118845843305	0.017399826001739983	-0.03332320363684134	-0.003631223279117335	99	789606996	common99	qwen35_tsez_grammar_original_chain_gloss_baseline	qwen35_tsez_grammar_original_chain_gloss_cheatsheet_jpg	qwen35	Tsez	chain_gloss	grammar	original	cheatsheet_jpg	1.0
0.24390135585057615	0.22480118470360536	-0.019100171146970806	0.013139868601313987	-0.034984833818643986	-0.005030946350759943	99	3205643670	common99	qwen35_tsez_grammar_original_chain_gloss_baseline	qwen35_tsez_grammar_original_chain_gloss_cheatsheet_txt	qwen35	Tsez	chain_gloss	grammar	original	cheatsheet_txt	1.0
0.24390135585057615	0.2257505695928227	-0.01815078625775347	0.02862971370286297	-0.03510196246959343	-0.0025433413119930275	99	3358005785	common99	qwen35_tsez_grammar_original_chain_gloss_baseline	qwen35_tsez_grammar_original_chain_gloss_pdfpages_impactful_jpg	qwen35	Tsez	chain_gloss	grammar	original	pdfpages_impactful_jpg	1.0
0.24390135585057615	0.23031793549807386	-0.013583420352502302	0.036729632703672965	-0.0270178047846062	-0.0015238087248019515	99	2057293051	common99	qwen35_tsez_grammar_original_chain_gloss_baseline	qwen35_tsez_grammar_original_chain_gloss_summary_tables_jpg	qwen35	Tsez	chain_gloss	grammar	original	summary_tables_jpg	1.0
0.24390135585057615	0.22991865828181757	-0.01398269756875857	0.05369946300536994	-0.02877424338625537	-0.0002913854602310404	99	3645586829	common99	qwen35_tsez_grammar_original_chain_gloss_baseline	qwen35_tsez_grammar_original_chain_gloss_summary_tables_txt	qwen35	Tsez	chain_gloss	grammar	original	summary_tables_txt	1.0
0.24390135585057615	0.236380388038327	-0.007520967812249155	0.3400765992340077	-0.02361344289824818	0.007418230277570811	99	3646613462	common99	qwen35_tsez_grammar_original_chain_gloss_baseline	qwen35_tsez_grammar_original_chain_gloss_summary_text_txt	qwen35	Tsez	chain_gloss	grammar	original	summary_text_txt	1.0
0.4946386231617494	0.48235831161340076	-0.012280311548348629	0.2643773562264377	-0.034094479484389525	0.009276078551104563	99	2853735161	common99	qwen35_tsez_grammar_original_modelgloss_baseline	qwen35_tsez_grammar_original_modelgloss_cheatsheet_jpg	qwen35	Tsez	modelgloss	grammar	original	cheatsheet_jpg	1.0
0.4946386231617494	0.4877015331176796	-0.006937090044069772	0.4995950040499595	-0.026736013809538828	0.013748279857364558	99	1136417776	common99	qwen35_tsez_grammar_original_modelgloss_baseline	qwen35_tsez_grammar_original_modelgloss_cheatsheet_txt	qwen35	Tsez	modelgloss	grammar	original	cheatsheet_txt	1.0
0.4946386231617494	0.4680011316080286	-0.0266374915537208	0.03228967710322897	-0.05093640244819901	-0.002218442613428291	99	3840853895	common99	qwen35_tsez_grammar_original_modelgloss_baseline	qwen35_tsez_grammar_original_modelgloss_pdfpages_impactful_jpg	qwen35	Tsez	modelgloss	grammar	original	pdfpages_impactful_jpg	1.0
0.4946386231617494	0.47701081437896	-0.017627808782789443	0.11601883981160188	-0.03985642040844517	0.004285417030556033	99	1827013768	common99	qwen35_tsez_grammar_original_modelgloss_baseline	qwen35_tsez_grammar_original_modelgloss_summary_tables_jpg	qwen35	Tsez	modelgloss	grammar	original	summary_tables_jpg	1.0
0.4946386231617494	0.4950224728596331	0.00038384969788368304	0.969250307496925	-0.019760420060519018	0.0206713979593431	99	2405076429	common99	qwen35_tsez_grammar_original_modelgloss_baseline	qwen35_tsez_grammar_original_modelgloss_summary_tables_txt	qwen35	Tsez	modelgloss	grammar	original	summary_tables_txt	1.0
0.4946386231617494	0.4843137996515842	-0.010324823510165166	0.36547634523654765	-0.03266546603179339	0.012379361958139459	99	4089211458	common99	qwen35_tsez_grammar_original_modelgloss_baseline	qwen35_tsez_grammar_original_modelgloss_summary_text_txt	qwen35	Tsez	modelgloss	grammar	original	summary_text_txt	1.0
0.2394866877131992	0.24346571046896656	0.00397902275576736	0.5257547424525755	-0.008238109588773562	0.01641274555539242	99	2384361689	common99	qwen35_tsez_grammar_original_shot_baseline	qwen35_tsez_grammar_original_shot_cheatsheet_jpg	qwen35	Tsez	shot	grammar	original	cheatsheet_jpg	1.0
0.2394866877131992	0.25212418912637113	0.012637501413171942	0.11232887671123289	-0.0029359703638938937	0.0283753112786346	99	1036955948	common99	qwen35_tsez_grammar_original_shot_baseline	qwen35_tsez_grammar_original_shot_cheatsheet_txt	qwen35	Tsez	shot	grammar	original	cheatsheet_txt	1.0
0.2394866877131992	0.24606292973263094	0.0065762420194317595	0.37622623773762265	-0.007811831246421792	0.0213587339741714	99	4116042498	common99	qwen35_tsez_grammar_original_shot_baseline	qwen35_tsez_grammar_original_shot_pdfpages_impactful_jpg	qwen35	Tsez	shot	grammar	original	pdfpages_impactful_jpg	1.0
0.2394866877131992	0.2422920104229089	0.002805322709709707	0.6605633943660564	-0.009497111911574995	0.015395232933488759	99	1425148294	common99	qwen35_tsez_grammar_original_shot_baseline	qwen35_tsez_grammar_original_shot_summary_tables_jpg	qwen35	Tsez	shot	grammar	original	summary_tables_jpg	1.0
0.2394866877131992	0.25810066121395187	0.018613973500752688	0.027449725502744972	0.0024412568545702767	0.03531445646376321	99	3346161296	common99	qwen35_tsez_grammar_original_shot_baseline	qwen35_tsez_grammar_original_shot_summary_tables_txt	qwen35	Tsez	shot	grammar	original	summary_tables_txt	1.0
0.2394866877131992	0.24176598468212165	0.0022792969689224706	0.7544324556754433	-0.012126401762920194	0.016387187557840577	99	2828783751	common99	qwen35_tsez_grammar_original_shot_baseline	qwen35_tsez_grammar_original_shot_summary_text_txt	qwen35	Tsez	shot	grammar	original	summary_text_txt	1.0
0.2902060106799409	0.3080215361472723	0.017815525467331346	0.4017459825401746	-0.021469858913002755	0.06290136475015329	37	1801620602	common99	qwen3_gitksan_grammar_original_chain_gloss_baseline	qwen3_gitksan_pdf1_brown_original_chain_gloss_cheatsheet_jpg	qwen3	Gitksan	chain_gloss	pdf1_brown	original	cheatsheet_jpg	1.0
0.2902060106799409	0.300239468345771	0.010033457665830045	0.5572344276557234	-0.02119565756135695	0.04605768860594645	37	4018653193	common99	qwen3_gitksan_grammar_original_chain_gloss_baseline	qwen3_gitksan_pdf1_brown_original_chain_gloss_cheatsheet_txt	qwen3	Gitksan	chain_gloss	pdf1_brown	original	cheatsheet_txt	1.0
0.2902060106799409	0.31735362474982803	0.02714761406988711	0.22100778992210077	-0.012937090143158629	0.07401969909063866	37	1836540713	common99	qwen3_gitksan_grammar_original_chain_gloss_baseline	qwen3_gitksan_pdf1_brown_original_chain_gloss_pdfpages_impactful_jpg	qwen3	Gitksan	chain_gloss	pdf1_brown	original	pdfpages_impactful_jpg	1.0
0.2902060106799409	0.3040838148948309	0.013877804214889938	0.4931550684493155	-0.024478289927985217	0.0564386974617436	37	1202566405	common99	qwen3_gitksan_grammar_original_chain_gloss_baseline	qwen3_gitksan_pdf1_brown_original_chain_gloss_summary_tables_jpg	qwen3	Gitksan	chain_gloss	pdf1_brown	original	summary_tables_jpg	1.0
0.2902060106799409	0.3265965653432382	0.03639055466329729	0.11183888161118388	-0.005647322001892165	0.08426821040543346	37	2051386567	common99	qwen3_gitksan_grammar_original_chain_gloss_baseline	qwen3_gitksan_pdf1_brown_original_chain_gloss_summary_tables_txt	qwen3	Gitksan	chain_gloss	pdf1_brown	original	summary_tables_txt	1.0
0.2902060106799409	0.3199360167255273	0.029730006045586354	0.27616723832761675	-0.02072479429377897	0.08752016718121798	37	4221099819	common99	qwen3_gitksan_grammar_original_chain_gloss_baseline	qwen3_gitksan_pdf1_brown_original_chain_gloss_summary_text_txt	qwen3	Gitksan	chain_gloss	pdf1_brown	original	summary_text_txt	1.0
0.5397974252700806	0.5663803300342044	0.026582904764123866	0.06383936160638394	-2.2411346435537314e-05	0.05643996193602276	37	1704535781	common99	qwen3_gitksan_grammar_original_modelgloss_baseline	qwen3_gitksan_pdf1_brown_original_modelgloss_cheatsheet_jpg	qwen3	Gitksan	modelgloss	pdf1_brown	original	cheatsheet_jpg	1.0
0.5397974252700806	0.5843668459235011	0.044569420653420525	0.03758962410375896	0.005647981066156085	0.08981955687741972	37	2436862360	common99	qwen3_gitksan_grammar_original_modelgloss_baseline	qwen3_gitksan_pdf1_brown_original_modelgloss_cheatsheet_txt	qwen3	Gitksan	modelgloss	pdf1_brown	original	cheatsheet_txt	1.0
0.5397974252700806	0.5403142023730922	0.0005167771030116726	0.9773902260977391	-0.03470331647911587	0.035414309940628094	37	1306124416	common99	qwen3_gitksan_grammar_original_modelgloss_baseline	qwen3_gitksan_pdf1_brown_original_modelgloss_pdfpages_impactful_jpg	qwen3	Gitksan	modelgloss	pdf1_brown	original	pdfpages_impactful_jpg	1.0
0.5397974252700806	0.5385301088964617	-0.0012673163736188734	0.951520484795152	-0.04253747453157965	0.04187699947002766	37	2851436054	common99	qwen3_gitksan_grammar_original_modelgloss_baseline	qwen3_gitksan_pdf1_brown_original_modelgloss_summary_tables_jpg	qwen3	Gitksan	modelgloss	pdf1_brown	original	summary_tables_jpg	1.0
0.5397974252700806	0.5540242420660483	0.01422681679596772	0.34623653763462364	-0.014180308419304923	0.04531408048964833	37	3520617013	common99	qwen3_gitksan_grammar_original_modelgloss_baseline	qwen3_gitksan_pdf1_brown_original_modelgloss_summary_tables_txt	qwen3	Gitksan	modelgloss	pdf1_brown	original	summary_tables_txt	1.0
0.5397974252700806	0.588666320249841	0.048868894979760456	0.02206977930220698	0.007583236915839687	0.09085529434519844	37	327300394	common99	qwen3_gitksan_grammar_original_modelgloss_baseline	qwen3_gitksan_pdf1_brown_original_modelgloss_summary_text_txt	qwen3	Gitksan	modelgloss	pdf1_brown	original	summary_text_txt	1.0
0.35267808469566136	0.34350749950956655	-0.009170585186094852	0.5960540394596054	-0.04389467302307084	0.024415858039582093	37	238269474	common99	qwen3_gitksan_grammar_original_shot_baseline	qwen3_gitksan_pdf1_brown_original_shot_cheatsheet_jpg	qwen3	Gitksan	shot	pdf1_brown	original	cheatsheet_jpg	1.0
0.35267808469566136	0.3518444936017732	-0.0008335910938881539	0.96440035599644	-0.03902627156191581	0.03289022785989014	37	40107537	common99	qwen3_gitksan_grammar_original_shot_baseline	qwen3_gitksan_pdf1_brown_original_shot_cheatsheet_txt	qwen3	Gitksan	shot	pdf1_brown	original	cheatsheet_txt	1.0
0.35267808469566136	0.35949656488122167	0.006818480185560278	0.6741732582674174	-0.025795593747013314	0.03825608821132698	37	1872489564	common99	qwen3_gitksan_grammar_original_shot_baseline	qwen3_gitksan_pdf1_brown_original_shot_pdfpages_impactful_jpg	qwen3	Gitksan	shot	pdf1_brown	original	pdfpages_impactful_jpg	1.0
0.35267808469566136	0.346455721033586	-0.006222363662075352	0.6804431955680443	-0.038107932439526995	0.02146204525755869	37	806214520	common99	qwen3_gitksan_grammar_original_shot_baseline	qwen3_gitksan_pdf1_brown_original_shot_summary_tables_jpg	qwen3	Gitksan	shot	pdf1_brown	original	summary_tables_jpg	1.0
0.35267808469566136	0.32452372159506826	-0.028154363100593154	0.2001279987200128	-0.07589937410241847	0.010315677322245932	37	965983883	common99	qwen3_gitksan_grammar_original_shot_baseline	qwen3_gitksan_pdf1_brown_original_shot_summary_tables_txt	qwen3	Gitksan	shot	pdf1_brown	original	summary_tables_txt	1.0
0.35267808469566136	0.34688313466471593	-0.0057949500309454425	0.7037029629703703	-0.03557862877040295	0.02533667262744258	37	1293522146	common99	qwen3_gitksan_grammar_original_shot_baseline	qwen3_gitksan_pdf1_brown_original_shot_summary_text_txt	qwen3	Gitksan	shot	pdf1_brown	original	summary_text_txt	1.0
0.2902060106799409	0.29822300334234497	0.008016992662404035	0.7092029079709203	-0.031081605279767836	0.053415081327831335	37	1020283212	common99	qwen3_gitksan_grammar_original_chain_gloss_baseline	qwen3_gitksan_pdf2_rigsby_original_chain_gloss_cheatsheet_jpg	qwen3	Gitksan	chain_gloss	pdf2_rigsby	original	cheatsheet_jpg	1.0
0.2902060106799409	0.28596904753027735	-0.004236963149663564	0.7928820711792882	-0.0330354523618479	0.030763382514989036	37	1634828313	common99	qwen3_gitksan_grammar_original_chain_gloss_baseline	qwen3_gitksan_pdf2_rigsby_original_chain_gloss_cheatsheet_txt	qwen3	Gitksan	chain_gloss	pdf2_rigsby	original	cheatsheet_txt	1.0
0.2902060106799409	0.3155337882203025	0.02532777754036156	0.17023829761702383	-0.010416762540872026	0.06295162564193878	37	3733996128	common99	qwen3_gitksan_grammar_original_chain_gloss_baseline	qwen3_gitksan_pdf2_rigsby_original_chain_gloss_pdfpages_impactful_jpg	qwen3	Gitksan	chain_gloss	pdf2_rigsby	original	pdfpages_impactful_jpg	1.0
0.2902060106799409	0.3217131539776519	0.031507143297710934	0.17574824251757482	-0.011435313110013253	0.08018514321663893	37	969904229	common99	qwen3_gitksan_grammar_original_chain_gloss_baseline	qwen3_gitksan_pdf2_rigsby_original_chain_gloss_summary_tables_jpg	qwen3	Gitksan	chain_gloss	pdf2_rigsby	original	summary_tables_jpg	1.0
0.2902060106799409	0.3051899868894268	0.014983976209485854	0.44813551864481355	-0.02201256851690846	0.056611753335675676	37	2870123955	common99	qwen3_gitksan_grammar_original_chain_gloss_baseline	qwen3_gitksan_pdf2_rigsby_original_chain_gloss_summary_tables_txt	qwen3	Gitksan	chain_gloss	pdf2_rigsby	original	summary_tables_txt	1.0
0.2902060106799409	0.29527994225154053	0.0050739315715995995	0.7859221407785922	-0.031135130079614142	0.04317921853146035	37	1687661475	common99	qwen3_gitksan_grammar_original_chain_gloss_baseline	qwen3_gitksan_pdf2_rigsby_original_chain_gloss_summary_text_txt	qwen3	Gitksan	chain_gloss	pdf2_rigsby	original	summary_text_txt	1.0
0.5397974252700806	0.5547407233231777	0.014943298053097081	0.34092659073409265	-0.014577587563041092	0.04706774181812196	37	4162025888	common99	qwen3_gitksan_grammar_original_modelgloss_baseline	qwen3_gitksan_pdf2_rigsby_original_modelgloss_cheatsheet_jpg	qwen3	Gitksan	modelgloss	pdf2_rigsby	original	cheatsheet_jpg	1.0
0.5397974252700806	0.5749706388325304	0.035173213562449894	0.04919950800491995	0.002757901648009146	0.07322741329065849	37	2690753329	common99	qwen3_gitksan_grammar_original_modelgloss_baseline	qwen3_gitksan_pdf2_rigsby_original_modelgloss_cheatsheet_txt	qwen3	Gitksan	modelgloss	pdf2_rigsby	original	cheatsheet_txt	1.0
0.5397974252700806	0.5690253759558136	0.029227950685733074	0.17193828061719382	-0.009752480454138806	0.07427279248430918	37	2714658165	common99	qwen3_gitksan_grammar_original_modelgloss_baseline	qwen3_gitksan_pdf2_rigsby_original_modelgloss_pdfpages_impactful_jpg	qwen3	Gitksan	modelgloss	pdf2_rigsby	original	pdfpages_impactful_jpg	1.0
0.5397974252700806	0.562048754176578	0.02225132890649744	0.1945180548194518	-0.008526473693750996	0.058719010530291375	37	224367234	common99	qwen3_gitksan_grammar_original_modelgloss_baseline	qwen3_gitksan_pdf2_rigsby_original_modelgloss_summary_tables_jpg	qwen3	Gitksan	modelgloss	pdf2_rigsby	original	summary_tables_jpg	1.0
0.5397974252700806	0.5529427037045762	0.013145278434495668	0.4896251037489625	-0.021625636689163532	0.052815051195589234	37	3309526837	common99	qwen3_gitksan_grammar_original_modelgloss_baseline	qwen3_gitksan_pdf2_rigsby_original_modelgloss_summary_tables_txt	qwen3	Gitksan	modelgloss	pdf2_rigsby	original	summary_tables_txt	1.0
0.5397974252700806	0.5641743556873219	0.024376930417241278	0.11540884591154088	-0.004947927171314077	0.05583698952922948	37	1045652046	common99	qwen3_gitksan_grammar_original_modelgloss_baseline	qwen3_gitksan_pdf2_rigsby_original_modelgloss_summary_text_txt	qwen3	Gitksan	modelgloss	pdf2_rigsby	original	summary_text_txt	1.0
0.35267808469566136	0.3326690402385351	-0.02000904445712631	0.38318616813831863	-0.06900397917708835	0.021098554859290238	37	2432378613	common99	qwen3_gitksan_grammar_original_shot_baseline	qwen3_gitksan_pdf2_rigsby_original_shot_cheatsheet_jpg	qwen3	Gitksan	shot	pdf2_rigsby	original	cheatsheet_jpg	1.0
0.35267808469566136	0.3525841054884163	-9.397920724507924e-05	0.995730042699573	-0.03616228680554273	0.0336412149506646	37	4139729302	common99	qwen3_gitksan_grammar_original_shot_baseline	qwen3_gitksan_pdf2_rigsby_original_shot_cheatsheet_txt	qwen3	Gitksan	shot	pdf2_rigsby	original	cheatsheet_txt	1.0
0.35267808469566136	0.3473122160176973	-0.005365868677964082	0.7793422065779342	-0.045756488575323204	0.029204069128310344	37	1535942244	common99	qwen3_gitksan_grammar_original_shot_baseline	qwen3_gitksan_pdf2_rigsby_original_shot_pdfpages_impactful_jpg	qwen3	Gitksan	shot	pdf2_rigsby	original	pdfpages_impactful_jpg	1.0
0.35267808469566136	0.3350626887703264	-0.01761539592533498	0.4179358206417936	-0.06362621966195671	0.021727343756906853	37	3690548669	common99	qwen3_gitksan_grammar_original_shot_baseline	qwen3_gitksan_pdf2_rigsby_original_shot_summary_tables_jpg	qwen3	Gitksan	shot	pdf2_rigsby	original	summary_tables_jpg	1.0
0.35267808469566136	0.3188668984819103	-0.0338111862137511	0.13855861441385586	-0.08308276074963647	0.006942021836702879	37	2949145624	common99	qwen3_gitksan_grammar_original_shot_baseline	qwen3_gitksan_pdf2_rigsby_original_shot_summary_tables_txt	qwen3	Gitksan	shot	pdf2_rigsby	original	summary_tables_txt	1.0
0.35267808469566136	0.32546969160840317	-0.02720839308725821	0.14224857751422484	-0.06748210441421816	0.005440570142220802	37	2306221593	common99	qwen3_gitksan_grammar_original_shot_baseline	qwen3_gitksan_pdf2_rigsby_original_shot_summary_text_txt	qwen3	Gitksan	shot	pdf2_rigsby	original	summary_text_txt	1.0
0.3508816087382963	0.335546242094588	-0.015335366643708328	0.16786832131678683	-0.037283190117142664	0.006253653974539928	87	2320609263	common99	qwen3_lezgi_grammar_original_chain_gloss_baseline	qwen3_lezgi_grammar_cyrillic_chain_gloss_cheatsheet_jpg	qwen3	Lezgi	chain_gloss	grammar	cyrillic	cheatsheet_jpg	1.0
0.3508816087382963	0.328437640749175	-0.02244396798912136	0.08021919780802192	-0.04721175355558423	0.0031398573911738097	87	708152137	common99	qwen3_lezgi_grammar_original_chain_gloss_baseline	qwen3_lezgi_grammar_cyrillic_chain_gloss_cheatsheet_txt	qwen3	Lezgi	chain_gloss	grammar	cyrillic	cheatsheet_txt	1.0
0.3508816087382963	0.317479214106483	-0.03340239463181331	0.004929950700492995	-0.05685666266015206	-0.010091523213804455	87	970246575	common99	qwen3_lezgi_grammar_original_chain_gloss_baseline	qwen3_lezgi_grammar_cyrillic_chain_gloss_summary_tables_jpg	qwen3	Lezgi	chain_gloss	grammar	cyrillic	summary_tables_jpg	1.0
0.3508816087382963	0.32267770291059866	-0.028203905827697665	0.02021979780202198	-0.05247431963939091	-0.005168511551515815	87	2601553921	common99	qwen3_lezgi_grammar_original_chain_gloss_baseline	qwen3_lezgi_grammar_cyrillic_chain_gloss_summary_tables_txt	qwen3	Lezgi	chain_gloss	grammar	cyrillic	summary_tables_txt	1.0
0.3508816087382963	0.31677405553302546	-0.034107553205270875	0.0048699513004869955	-0.057797159562850815	-0.010829260315874546	87	4118137012	common99	qwen3_lezgi_grammar_original_chain_gloss_baseline	qwen3_lezgi_grammar_cyrillic_chain_gloss_summary_text_txt	qwen3	Lezgi	chain_gloss	grammar	cyrillic	summary_text_txt	1.0
0.504167035564609	0.5087635929899654	0.0045965574253564595	0.6569934300656993	-0.015308110544393802	0.02490255050361156	87	4264822865	common99	qwen3_lezgi_grammar_original_modelgloss_baseline	qwen3_lezgi_grammar_cyrillic_modelgloss_cheatsheet_jpg	qwen3	Lezgi	modelgloss	grammar	cyrillic	cheatsheet_jpg	1.0
0.504167035564609	0.5268770745773425	0.022710039012733548	0.017759822401775982	0.004886895358219922	0.04235654791453103	87	401440312	common99	qwen3_lezgi_grammar_original_modelgloss_baseline	qwen3_lezgi_grammar_cyrillic_modelgloss_cheatsheet_txt	qwen3	Lezgi	modelgloss	grammar	cyrillic	cheatsheet_txt	1.0
0.504167035564609	0.5088966392922676	0.004729603727658589	0.6870731292687073	-0.018253087102510463	0.027705467723566912	87	1061038849	common99	qwen3_lezgi_grammar_original_modelgloss_baseline	qwen3_lezgi_grammar_cyrillic_modelgloss_summary_tables_jpg	qwen3	Lezgi	modelgloss	grammar	cyrillic	summary_tables_jpg	1.0
0.504167035564609	0.5149699675625768	0.010802931997967863	0.1879581204187958	-0.004659676603202161	0.027572776064619227	87	3328724823	common99	qwen3_lezgi_grammar_original_modelgloss_baseline	qwen3_lezgi_grammar_cyrillic_modelgloss_summary_tables_txt	qwen3	Lezgi	modelgloss	grammar	cyrillic	summary_tables_txt	1.0
0.504167035564609	0.5158075328873492	0.011640497322740227	0.21456785432145678	-0.006345488216685151	0.030428116879929055	87	4307174298	common99	qwen3_lezgi_grammar_original_modelgloss_baseline	qwen3_lezgi_grammar_cyrillic_modelgloss_summary_text_txt	qwen3	Lezgi	modelgloss	grammar	cyrillic	summary_text_txt	1.0
0.35217065937902736	0.3463710106309803	-0.005799648748047051	0.6420235797642023	-0.029946259293576763	0.018984725240660794	87	1634814167	common99	qwen3_lezgi_grammar_original_shot_baseline	qwen3_lezgi_grammar_cyrillic_shot_cheatsheet_jpg	qwen3	Lezgi	shot	grammar	cyrillic	cheatsheet_jpg	1.0
0.35217065937902736	0.32468057706438264	-0.027490082314644736	0.016129838701612983	-0.050681940354835024	-0.005690057049023719	87	737486945	common99	qwen3_lezgi_grammar_original_shot_baseline	qwen3_lezgi_grammar_cyrillic_shot_cheatsheet_txt	qwen3	Lezgi	shot	grammar	cyrillic	cheatsheet_txt	1.0
0.35217065937902736	0.3437889500938613	-0.008381709285166072	0.5499345006549935	-0.03601349843130714	0.019485348403111245	87	3466055127	common99	qwen3_lezgi_grammar_original_shot_baseline	qwen3_lezgi_grammar_cyrillic_shot_summary_tables_jpg	qwen3	Lezgi	shot	grammar	cyrillic	summary_tables_jpg	1.0
0.35217065937902736	0.3376229801054659	-0.014547679273561499	0.17699823001769982	-0.03598122354382756	0.00636456717105432	87	655971282	common99	qwen3_lezgi_grammar_original_shot_baseline	qwen3_lezgi_grammar_cyrillic_shot_summary_tables_txt	qwen3	Lezgi	shot	grammar	cyrillic	summary_tables_txt	1.0
0.35217065937902736	0.3372437236295349	-0.014926935749492425	0.23660763392366077	-0.040277678883452524	0.009172071555051302	87	3158392809	common99	qwen3_lezgi_grammar_original_shot_baseline	qwen3_lezgi_grammar_cyrillic_shot_summary_text_txt	qwen3	Lezgi	shot	grammar	cyrillic	summary_text_txt	1.0
0.3508816087382963	0.345334270390971	-0.00554733834732538	0.6360636393636063	-0.02846924454059408	0.017421341096532726	87	869343608	common99	qwen3_lezgi_grammar_original_chain_gloss_baseline	qwen3_lezgi_grammar_original_chain_gloss_cheatsheet_jpg	qwen3	Lezgi	chain_gloss	grammar	original	cheatsheet_jpg	1.0
0.3508816087382963	0.33187923828760785	-0.019002370450688505	0.1047989520104799	-0.041778412474126655	0.004140314275677167	87	359186648	common99	qwen3_lezgi_grammar_original_chain_gloss_baseline	qwen3_lezgi_grammar_original_chain_gloss_cheatsheet_txt	qwen3	Lezgi	chain_gloss	grammar	original	cheatsheet_txt	1.0
0.3508816087382963	0.31874177373688795	-0.03213983500140837	0.0035399646003539966	-0.05394608144616258	-0.010951172680347815	87	3886169720	common99	qwen3_lezgi_grammar_original_chain_gloss_baseline	qwen3_lezgi_grammar_original_chain_gloss_pdfpages_impactful_jpg	qwen3	Lezgi	chain_gloss	grammar	original	pdfpages_impactful_jpg	1.0
0.3508816087382963	0.3255656657890342	-0.02531594294926216	0.024919750802491977	-0.04747048041344373	-0.0034578862418045975	87	1676396395	common99	qwen3_lezgi_grammar_original_chain_gloss_baseline	qwen3_lezgi_grammar_original_chain_gloss_summary_tables_jpg	qwen3	Lezgi	chain_gloss	grammar	original	summary_tables_jpg	1.0
0.3508816087382963	0.3232330061580943	-0.027648602580202037	0.03863961360386396	-0.05396766238685312	-0.0016564179640049242	87	1414225425	common99	qwen3_lezgi_grammar_original_chain_gloss_baseline	qwen3_lezgi_grammar_original_chain_gloss_summary_tables_txt	qwen3	Lezgi	chain_gloss	grammar	original	summary_tables_txt	1.0
0.3508816087382963	0.32882454477507495	-0.022057063963221407	0.07433925660743393	-0.04627063325766859	0.0022267664943275765	87	3106459184	common99	qwen3_lezgi_grammar_original_chain_gloss_baseline	qwen3_lezgi_grammar_original_chain_gloss_summary_text_txt	qwen3	Lezgi	chain_gloss	grammar	original	summary_text_txt	1.0
0.504167035564609	0.5148562807803867	0.010689245215777693	0.25268747312526874	-0.0070640195203923615	0.02957765506259325	87	3517780791	common99	qwen3_lezgi_grammar_original_modelgloss_baseline	qwen3_lezgi_grammar_original_modelgloss_cheatsheet_jpg	qwen3	Lezgi	modelgloss	grammar	original	cheatsheet_jpg	1.0
0.504167035564609	0.5321677844414766	0.028000748876867623	0.00975990240097599	0.007566296728863116	0.049622907498102074	87	4137968928	common99	qwen3_lezgi_grammar_original_modelgloss_baseline	qwen3_lezgi_grammar_original_modelgloss_cheatsheet_txt	qwen3	Lezgi	modelgloss	grammar	original	cheatsheet_txt	1.0
0.504167035564609	0.5013353341612322	-0.0028317014033767	0.7864221357786422	-0.02313269276129103	0.017840921437774576	87	1265906180	common99	qwen3_lezgi_grammar_original_modelgloss_baseline	qwen3_lezgi_grammar_original_modelgloss_pdfpages_impactful_jpg	qwen3	Lezgi	modelgloss	grammar	original	pdfpages_impactful_jpg	1.0
0.504167035564609	0.5134615903270656	0.009294554762456608	0.4067059329406706	-0.01270625974511963	0.031347043071498805	87	686418202	common99	qwen3_lezgi_grammar_original_modelgloss_baseline	qwen3_lezgi_grammar_original_modelgloss_summary_tables_jpg	qwen3	Lezgi	modelgloss	grammar	original	summary_tables_jpg	1.0
0.504167035564609	0.5128883580709326	0.008721322506323627	0.3305866941330587	-0.00860760527951964	0.026820326694983156	87	3456963032	common99	qwen3_lezgi_grammar_original_modelgloss_baseline	qwen3_lezgi_grammar_original_modelgloss_summary_tables_txt	qwen3	Lezgi	modelgloss	grammar	original	summary_tables_txt	1.0
0.504167035564609	0.5221834470485819	0.018016411483972924	0.07410925890741092	-0.0014811040640904949	0.038072587879396026	87	1392748355	common99	qwen3_lezgi_grammar_original_modelgloss_baseline	qwen3_lezgi_grammar_original_modelgloss_summary_text_txt	qwen3	Lezgi	modelgloss	grammar	original	summary_text_txt	1.0
0.35217065937902736	0.3509211057219012	-0.0012495536571261526	0.9123308766912331	-0.023129125020798592	0.021659383730127876	87	2620846975	common99	qwen3_lezgi_grammar_original_shot_baseline	qwen3_lezgi_grammar_original_shot_cheatsheet_jpg	qwen3	Lezgi	shot	grammar	original	cheatsheet_jpg	1.0
0.35217065937902736	0.3411772062723664	-0.010993453106660953	0.3735762642373576	-0.03515792104961543	0.013301240682773205	87	4231130040	common99	qwen3_lezgi_grammar_original_shot_baseline	qwen3_lezgi_grammar_original_shot_cheatsheet_txt	qwen3	Lezgi	shot	grammar	original	cheatsheet_txt	1.0
0.35217065937902736	0.34113719442795065	-0.011033464951076728	0.3787162128378716	-0.0352698439796423	0.013976680264733298	87	620970849	common99	qwen3_lezgi_grammar_original_shot_baseline	qwen3_lezgi_grammar_original_shot_pdfpages_impactful_jpg	qwen3	Lezgi	shot	grammar	original	pdfpages_impactful_jpg	1.0
0.35217065937902736	0.34301493530985955	-0.009155724069167828	0.5066549334506655	-0.03652898800698505	0.017463269928234736	87	3611771419	common99	qwen3_lezgi_grammar_original_shot_baseline	qwen3_lezgi_grammar_original_shot_summary_tables_jpg	qwen3	Lezgi	shot	grammar	original	summary_tables_jpg	1.0
0.35217065937902736	0.330306436481147	-0.02186422289788038	0.013099869001309987	-0.039646805279042525	-0.005162325895380713	87	712425624	common99	qwen3_lezgi_grammar_original_shot_baseline	qwen3_lezgi_grammar_original_shot_summary_tables_txt	qwen3	Lezgi	shot	grammar	original	summary_tables_txt	1.0
0.35217065937902736	0.3344880500059018	-0.017682609373125536	0.05840941590584094	-0.03630118552466917	0.00034354507666209156	87	2682587430	common99	qwen3_lezgi_grammar_original_shot_baseline	qwen3_lezgi_grammar_original_shot_summary_text_txt	qwen3	Lezgi	shot	grammar	original	summary_text_txt	1.0
0.295575185857638	0.3018975546865752	0.006322368828937261	0.44734552654473453	-0.010054622428736296	0.0227346403505465	99	4154311652	common99	qwen3_natugu_grammar_original_chain_gloss_baseline	qwen3_natugu_grammar_original_chain_gloss_cheatsheet_jpg	qwen3	Natugu	chain_gloss	grammar	original	cheatsheet_jpg	1.0
0.295575185857638	0.29995594557487604	0.00438075971723807	0.6367036329636704	-0.01437739396110327	0.022316300575480317	99	1845271436	common99	qwen3_natugu_grammar_original_chain_gloss_baseline	qwen3_natugu_grammar_original_chain_gloss_cheatsheet_txt	qwen3	Natugu	chain_gloss	grammar	original	cheatsheet_txt	1.0
0.295575185857638	0.2737395537622047	-0.021835632095433245	0.1058989410105899	-0.050190839288060105	0.002860331877765014	99	2662734431	common99	qwen3_natugu_grammar_original_chain_gloss_baseline	qwen3_natugu_grammar_original_chain_gloss_pdfpages_impactful_jpg	qwen3	Natugu	chain_gloss	grammar	original	pdfpages_impactful_jpg	1.0
0.295575185857638	0.29359108239713344	-0.0019841034605045512	0.8364216357836421	-0.021240665199178638	0.01672807067557415	99	1580488894	common99	qwen3_natugu_grammar_original_chain_gloss_baseline	qwen3_natugu_grammar_original_chain_gloss_summary_tables_jpg	qwen3	Natugu	chain_gloss	grammar	original	summary_tables_jpg	1.0
0.295575185857638	0.30294655368785667	0.007371367830218691	0.45953540464595355	-0.012251565037201142	0.027222108438309994	99	2668309640	common99	qwen3_natugu_grammar_original_chain_gloss_baseline	qwen3_natugu_grammar_original_chain_gloss_summary_tables_txt	qwen3	Natugu	chain_gloss	grammar	original	summary_tables_txt	1.0
0.295575185857638	0.312452894870681	0.01687770901304303	0.12312876871231287	-0.004008932836880584	0.039000177025945486	99	3078810082	common99	qwen3_natugu_grammar_original_chain_gloss_baseline	qwen3_natugu_grammar_original_chain_gloss_summary_text_txt	qwen3	Natugu	chain_gloss	grammar	original	summary_text_txt	1.0
0.5121238376155044	0.5236083937413765	0.011484556125872063	0.3091269087309127	-0.010231438038325063	0.03425409498464579	99	1611592278	common99	qwen3_natugu_grammar_original_modelgloss_baseline	qwen3_natugu_grammar_original_modelgloss_cheatsheet_jpg	qwen3	Natugu	modelgloss	grammar	original	cheatsheet_jpg	1.0
0.5121238376155044	0.5147889959390717	0.002665158323567323	0.7930020699793002	-0.017010543758821006	0.0229163411214496	99	4178556266	common99	qwen3_natugu_grammar_original_modelgloss_baseline	qwen3_natugu_grammar_original_modelgloss_cheatsheet_txt	qwen3	Natugu	modelgloss	grammar	original	cheatsheet_txt	1.0
0.5121238376155044	0.5070376322425977	-0.005086205372906694	0.7074629253707463	-0.031536308954460454	0.021747400750867035	99	347555405	common99	qwen3_natugu_grammar_original_modelgloss_baseline	qwen3_natugu_grammar_original_modelgloss_pdfpages_impactful_jpg	qwen3	Natugu	modelgloss	grammar	original	pdfpages_impactful_jpg	1.0
0.5121238376155044	0.520826604631212	0.008702767015707612	0.42802571974280257	-0.01255148165680542	0.03042377450625702	99	1569864282	common99	qwen3_natugu_grammar_original_modelgloss_baseline	qwen3_natugu_grammar_original_modelgloss_summary_tables_jpg	qwen3	Natugu	modelgloss	grammar	original	summary_tables_jpg	1.0
0.5121238376155044	0.5222879302020025	0.010164092586498068	0.3234667653323467	-0.009388673828557282	0.03089010366285689	99	3163246257	common99	qwen3_natugu_grammar_original_modelgloss_baseline	qwen3_natugu_grammar_original_modelgloss_summary_tables_txt	qwen3	Natugu	modelgloss	grammar	original	summary_tables_txt	1.0
0.5121238376155044	0.5321489885599926	0.02002515094448822	0.047619523804761955	0.0008257187263231117	0.040485101746338785	99	1447297543	common99	qwen3_natugu_grammar_original_modelgloss_baseline	qwen3_natugu_grammar_original_modelgloss_summary_text_txt	qwen3	Natugu	modelgloss	grammar	original	summary_text_txt	1.0
0.31089694496959147	0.3145747378920064	0.0036777929224149145	0.6904830951690483	-0.014461163420117261	0.022183311286598718	99	519498835	common99	qwen3_natugu_grammar_original_shot_baseline	qwen3_natugu_grammar_original_shot_cheatsheet_jpg	qwen3	Natugu	shot	grammar	original	cheatsheet_jpg	1.0
0.31089694496959147	0.3211961943994869	0.01029924942989542	0.1825781742182578	-0.004273510807090335	0.026038872491982248	99	3563069869	common99	qwen3_natugu_grammar_original_shot_baseline	qwen3_natugu_grammar_original_shot_cheatsheet_txt	qwen3	Natugu	shot	grammar	original	cheatsheet_txt	1.0
0.31089694496959147	0.32216389296632825	0.011266947996736778	0.2976970230297697	-0.009743342725465995	0.032830512034471585	99	3510176032	common99	qwen3_natugu_grammar_original_shot_baseline	qwen3_natugu_grammar_original_shot_pdfpages_impactful_jpg	qwen3	Natugu	shot	grammar	original	pdfpages_impactful_jpg	1.0
0.31089694496959147	0.3068915766597998	-0.004005368309791642	0.6173838261617384	-0.019769099433765265	0.011517753847169151	99	985374898	common99	qwen3_natugu_grammar_original_shot_baseline	qwen3_natugu_grammar_original_shot_summary_tables_jpg	qwen3	Natugu	shot	grammar	original	summary_tables_jpg	1.0
0.31089694496959147	0.3162791123895934	0.005382167420001945	0.4919650803491965	-0.009667795008481146	0.020974456635538975	99	1731671318	common99	qwen3_natugu_grammar_original_shot_baseline	qwen3_natugu_grammar_original_shot_summary_tables_txt	qwen3	Natugu	shot	grammar	original	summary_tables_txt	1.0
0.31089694496959147	0.3176423008694793	0.006745355899887856	0.35050649493505065	-0.007087454519639108	0.021021959208177794	99	336972941	common99	qwen3_natugu_grammar_original_shot_baseline	qwen3_natugu_grammar_original_shot_summary_text_txt	qwen3	Natugu	shot	grammar	original	summary_text_txt	1.0
0.2339808823484363	0.22835318924802722	-0.005627693100409074	0.3729362706372936	-0.018556535831003473	0.006490096848721455	99	1144177739	common99	qwen3_tsez_grammar_original_chain_gloss_baseline	qwen3_tsez_grammar_original_chain_gloss_cheatsheet_jpg	qwen3	Tsez	chain_gloss	grammar	original	cheatsheet_jpg	1.0
0.2339808823484363	0.23332599136564466	-0.0006548909827916309	0.906470935290647	-0.011640532476582912	0.01032237683357012	99	3309559026	common99	qwen3_tsez_grammar_original_chain_gloss_baseline	qwen3_tsez_grammar_original_chain_gloss_cheatsheet_txt	qwen3	Tsez	chain_gloss	grammar	original	cheatsheet_txt	1.0
0.2339808823484363	0.22570783215941806	-0.00827305018901825	0.1993880061199388	-0.02141099138317084	0.004024460381179144	99	1061081019	common99	qwen3_tsez_grammar_original_chain_gloss_baseline	qwen3_tsez_grammar_original_chain_gloss_pdfpages_impactful_jpg	qwen3	Tsez	chain_gloss	grammar	original	pdfpages_impactful_jpg	1.0
0.2339808823484363	0.23049556682206163	-0.0034853155263746627	0.5995840041599584	-0.01691334240439564	0.009484998181913838	99	1580315308	common99	qwen3_tsez_grammar_original_chain_gloss_baseline	qwen3_tsez_grammar_original_chain_gloss_summary_tables_jpg	qwen3	Tsez	chain_gloss	grammar	original	summary_tables_jpg	1.0
0.2339808823484363	0.22980673219820466	-0.004174150150231641	0.3959860401395986	-0.013806424237260913	0.0055874756904262255	99	1929817082	common99	qwen3_tsez_grammar_original_chain_gloss_baseline	qwen3_tsez_grammar_original_chain_gloss_summary_tables_txt	qwen3	Tsez	chain_gloss	grammar	original	summary_tables_txt	1.0
0.2339808823484363	0.23923801261969288	0.005257130271256572	0.5609943900560994	-0.012173497221536106	0.02385579380724163	99	4188619713	common99	qwen3_tsez_grammar_original_chain_gloss_baseline	qwen3_tsez_grammar_original_chain_gloss_summary_text_txt	qwen3	Tsez	chain_gloss	grammar	original	summary_text_txt	1.0
0.48219798655823026	0.4814469838383222	-0.0007510027199080496	0.949120508794912	-0.023977001865554338	0.022105546412293352	99	1880512252	common99	qwen3_tsez_grammar_original_modelgloss_baseline	qwen3_tsez_grammar_original_modelgloss_cheatsheet_jpg	qwen3	Tsez	modelgloss	grammar	original	cheatsheet_jpg	1.0
0.48219798655823026	0.4712936282157898	-0.010904358342440442	0.35301646983530166	-0.034341388733850585	0.012087979807396117	99	560618037	common99	qwen3_tsez_grammar_original_modelgloss_baseline	qwen3_tsez_grammar_original_modelgloss_cheatsheet_txt	qwen3	Tsez	modelgloss	grammar	original	cheatsheet_txt	1.0
0.48219798655823026	0.464419994766664	-0.017777991791566212	0.18099819001809983	-0.044073874001024346	0.008137979102556122	99	3182024320	common99	qwen3_tsez_grammar_original_modelgloss_baseline	qwen3_tsez_grammar_original_modelgloss_pdfpages_impactful_jpg	qwen3	Tsez	modelgloss	grammar	original	pdfpages_impactful_jpg	1.0
0.48219798655823026	0.48294321537920926	0.0007452288209789931	0.9461505384946151	-0.02023171067915179	0.022147526966426693	99	3947527811	common99	qwen3_tsez_grammar_original_modelgloss_baseline	qwen3_tsez_grammar_original_modelgloss_summary_tables_jpg	qwen3	Tsez	modelgloss	grammar	original	summary_tables_jpg	1.0
0.48219798655823026	0.4781172809877781	-0.004080705570452141	0.7506924930750692	-0.029629941905538235	0.02058333829421587	99	2459945310	common99	qwen3_tsez_grammar_original_modelgloss_baseline	qwen3_tsez_grammar_original_modelgloss_summary_tables_txt	qwen3	Tsez	modelgloss	grammar	original	summary_tables_txt	1.0
0.48219798655823026	0.4650453907823322	-0.017152595775898057	0.15347846521534786	-0.04086921197183505	0.006445928606571572	99	3426862426	common99	qwen3_tsez_grammar_original_modelgloss_baseline	qwen3_tsez_grammar_original_modelgloss_summary_text_txt	qwen3	Tsez	modelgloss	grammar	original	summary_text_txt	1.0
0.2534510273524005	0.229920919194366	-0.023530108158034507	0.01029989700102999	-0.04233649734294776	-0.006853470243889877	99	1923409091	common99	qwen3_tsez_grammar_original_shot_baseline	qwen3_tsez_grammar_original_shot_cheatsheet_jpg	qwen3	Tsez	shot	grammar	original	cheatsheet_jpg	1.0
0.2534510273524005	0.24274229897995186	-0.010708728372448623	0.05939940600593994	-0.02192666782348445	0.00032898082651874357	99	2926004891	common99	qwen3_tsez_grammar_original_shot_baseline	qwen3_tsez_grammar_original_shot_cheatsheet_txt	qwen3	Tsez	shot	grammar	original	cheatsheet_txt	1.0
0.2534510273524005	0.2291441425831631	-0.024306884769237404	0.01020989790102099	-0.04387969083030416	-0.007293288872549036	99	1159767439	common99	qwen3_tsez_grammar_original_shot_baseline	qwen3_tsez_grammar_original_shot_pdfpages_impactful_jpg	qwen3	Tsez	shot	grammar	original	pdfpages_impactful_jpg	1.0
0.2534510273524005	0.22703582424708088	-0.02641520310531963	0.007019929800701993	-0.04650304852561516	-0.009584700319953643	99	3483226715	common99	qwen3_tsez_grammar_original_shot_baseline	qwen3_tsez_grammar_original_shot_summary_tables_jpg	qwen3	Tsez	shot	grammar	original	summary_tables_jpg	1.0
0.2534510273524005	0.24519456351044203	-0.008256463841958479	0.2018779812201878	-0.021140981909602577	0.004472938849769453	99	2711086295	common99	qwen3_tsez_grammar_original_shot_baseline	qwen3_tsez_grammar_original_shot_summary_tables_txt	qwen3	Tsez	shot	grammar	original	summary_tables_txt	1.0
0.2534510273524005	0.2433577184424256	-0.010093308909974917	0.11848881511184887	-0.023463378368754575	0.001959410659743069	99	468604521	common99	qwen3_tsez_grammar_original_shot_baseline	qwen3_tsez_grammar_original_shot_summary_text_txt	qwen3	Tsez	shot	grammar	original	summary_text_txt	1.0
