experiment	family	model	language	source	variant	prediction_key	baseline	baseline_key	records	scope	recorded_errors	empty_predictions	baseline_recorded_errors	baseline_empty_predictions	metric	baseline_score	score	delta	p_value	bootstrap_mean	bootstrap_ci_half_width	baseline_bootstrap_mean	baseline_bootstrap_ci_half_width	signature	p_holm	holm_family_size	significant_improvement	significant_degradation
results/chain_gloss_v2/qwen3/gitksan/pdf1_brown/original/chain_gloss_pdfpages_impactful_jpg_sampled_v1.jsonl::qwen3_context_chain_gloss	chain_gloss_v2	qwen3	Gitksan	pdf1_brown	original	qwen3_context_chain_gloss	results/baseline/qwen3/gitksan/grammar/original/results_gitksan_Qwen.jsonl	chain_gloss	37	sampled_decoding_confounded	0	0	0	0	BLEU	3.0766931265740034	3.0768415560623725	0.0001484294883691284	0.42945705429457054	3.018935240331859	1.8658754440546068	2.95457588152384	2.088198330388057	nrefs:1|bs:10000|seed:20260913|case:mixed|eff:no|tok:13a|smooth:exp|version:2.6.0	1.0	14	False	False
results/chain_gloss_v2/qwen3/gitksan/pdf2_rigsby/original/chain_gloss_pdfpages_impactful_jpg_sampled_v1.jsonl::qwen3_context_chain_gloss	chain_gloss_v2	qwen3	Gitksan	pdf2_rigsby	original	qwen3_context_chain_gloss	results/baseline/qwen3/gitksan/grammar/original/results_gitksan_Qwen.jsonl	chain_gloss	37	sampled_decoding_confounded	0	0	0	0	BLEU	3.0766931265740034	4.97474035090545	1.8980472243314468	0.0603939606039396	4.779856072498418	2.815515798968085	2.95457588152384	2.088198330388057	nrefs:1|bs:10000|seed:20260913|case:mixed|eff:no|tok:13a|smooth:exp|version:2.6.0	0.603939606039396	14	False	False
results/curated_v1/qwen3/gitksan/pdf1_brown/original/results_gitksan_Qwen_pdf1_brown_curated_v1_cheatsheet_jpg.jsonl::grammar_image_chain	curated_v1	qwen3	Gitksan	pdf1_brown	original	grammar_image_chain	results/baseline/qwen3/gitksan/grammar/original/results_gitksan_Qwen.jsonl	chain_gloss	37	historical_same_model	0	0	0	0	BLEU	3.0766931265740034	4.0810300851657235	1.0043369585917201	0.0817918208179182	3.8844959176195437	2.4392861636094167	2.95457588152384	2.088198330388057	nrefs:1|bs:10000|seed:20260913|case:mixed|eff:no|tok:13a|smooth:exp|version:2.6.0	1.0	312	False	False
results/curated_v1/qwen3/gitksan/pdf1_brown/original/results_gitksan_Qwen_pdf1_brown_curated_v1_cheatsheet_txt.jsonl::grammar_text_chain	curated_v1	qwen3	Gitksan	pdf1_brown	original	grammar_text_chain	results/baseline/qwen3/gitksan/grammar/original/results_gitksan_Qwen.jsonl	chain_gloss	37	historical_same_model	0	0	0	0	BLEU	3.0766931265740034	4.045243809498836	0.9685506829248327	0.08449155084491551	3.8839595173132495	2.3553985108631355	2.95457588152384	2.088198330388057	nrefs:1|bs:10000|seed:20260913|case:mixed|eff:no|tok:13a|smooth:exp|version:2.6.0	1.0	312	False	False
results/curated_v1/qwen3/gitksan/pdf1_brown/original/results_gitksan_Qwen_pdf1_brown_curated_v1_pdfpages_impactful_jpg.jsonl::grammar_image_chain	curated_v1	qwen3	Gitksan	pdf1_brown	original	grammar_image_chain	results/baseline/qwen3/gitksan/grammar/original/results_gitksan_Qwen.jsonl	chain_gloss	37	historical_same_model	0	0	0	0	BLEU	3.0766931265740034	3.1352044872148763	0.05851136064087292	0.3708629137086291	3.1300394932035718	2.421229297883625	2.95457588152384	2.088198330388057	nrefs:1|bs:10000|seed:20260913|case:mixed|eff:no|tok:13a|smooth:exp|version:2.6.0	1.0	312	False	False
results/curated_v1/qwen3/gitksan/pdf1_brown/original/results_gitksan_Qwen_pdf1_brown_curated_v1_summary_tables_jpg.jsonl::grammar_image_chain	curated_v1	qwen3	Gitksan	pdf1_brown	original	grammar_image_chain	results/baseline/qwen3/gitksan/grammar/original/results_gitksan_Qwen.jsonl	chain_gloss	37	historical_same_model	0	0	0	0	BLEU	3.0766931265740034	3.238800609366615	0.16210748279261145	0.31926807319268075	3.2343284721587446	2.360289012533925	2.95457588152384	2.088198330388057	nrefs:1|bs:10000|seed:20260913|case:mixed|eff:no|tok:13a|smooth:exp|version:2.6.0	1.0	312	False	False
results/curated_v1/qwen3/gitksan/pdf1_brown/original/results_gitksan_Qwen_pdf1_brown_curated_v1_summary_tables_txt.jsonl::grammar_text_chain	curated_v1	qwen3	Gitksan	pdf1_brown	original	grammar_text_chain	results/baseline/qwen3/gitksan/grammar/original/results_gitksan_Qwen.jsonl	chain_gloss	37	historical_same_model	0	0	0	0	BLEU	3.0766931265740034	4.007903472854181	0.931210346280178	0.09979002099790021	3.862780925812374	2.683624065186266	2.95457588152384	2.088198330388057	nrefs:1|bs:10000|seed:20260913|case:mixed|eff:no|tok:13a|smooth:exp|version:2.6.0	1.0	312	False	False
results/curated_v1/qwen3/gitksan/pdf1_brown/original/results_gitksan_Qwen_pdf1_brown_curated_v1_summary_text_txt.jsonl::grammar_text_chain	curated_v1	qwen3	Gitksan	pdf1_brown	original	grammar_text_chain	results/baseline/qwen3/gitksan/grammar/original/results_gitksan_Qwen.jsonl	chain_gloss	37	historical_same_model	0	0	0	0	BLEU	3.0766931265740034	3.858952111430895	0.7822589848568917	0.1262873712628737	3.7510146633713375	2.3631830276918677	2.95457588152384	2.088198330388057	nrefs:1|bs:10000|seed:20260913|case:mixed|eff:no|tok:13a|smooth:exp|version:2.6.0	1.0	312	False	False
results/curated_v1/qwen3/gitksan/pdf2_rigsby/original/results_gitksan_Qwen_pdf2_rigsby_curated_v1_cheatsheet_jpg.jsonl::grammar_image_chain	curated_v1	qwen3	Gitksan	pdf2_rigsby	original	grammar_image_chain	results/baseline/qwen3/gitksan/grammar/original/results_gitksan_Qwen.jsonl	chain_gloss	37	historical_same_model	0	0	0	0	BLEU	3.0766931265740034	4.045194538003171	0.9685014114291679	0.0933906609339066	3.897646703944532	2.4088408205350333	2.95457588152384	2.088198330388057	nrefs:1|bs:10000|seed:20260913|case:mixed|eff:no|tok:13a|smooth:exp|version:2.6.0	1.0	312	False	False
results/curated_v1/qwen3/gitksan/pdf2_rigsby/original/results_gitksan_Qwen_pdf2_rigsby_curated_v1_cheatsheet_txt.jsonl::grammar_text_chain	curated_v1	qwen3	Gitksan	pdf2_rigsby	original	grammar_text_chain	results/baseline/qwen3/gitksan/grammar/original/results_gitksan_Qwen.jsonl	chain_gloss	37	historical_same_model	0	0	0	0	BLEU	3.0766931265740034	3.9802137871306242	0.9035206605566208	0.10308969103089691	3.798830143588203	2.4546881436274672	2.95457588152384	2.088198330388057	nrefs:1|bs:10000|seed:20260913|case:mixed|eff:no|tok:13a|smooth:exp|version:2.6.0	1.0	312	False	False
results/curated_v1/qwen3/gitksan/pdf2_rigsby/original/results_gitksan_Qwen_pdf2_rigsby_curated_v1_pdfpages_impactful_jpg.jsonl::grammar_image_chain	curated_v1	qwen3	Gitksan	pdf2_rigsby	original	grammar_image_chain	results/baseline/qwen3/gitksan/grammar/original/results_gitksan_Qwen.jsonl	chain_gloss	37	historical_same_model	0	0	0	0	BLEU	3.0766931265740034	3.881205070918207	0.8045119443442035	0.17128287171282872	3.7012187894645736	2.9358984822459253	2.95457588152384	2.088198330388057	nrefs:1|bs:10000|seed:20260913|case:mixed|eff:no|tok:13a|smooth:exp|version:2.6.0	1.0	312	False	False
results/curated_v1/qwen3/gitksan/pdf2_rigsby/original/results_gitksan_Qwen_pdf2_rigsby_curated_v1_summary_tables_jpg.jsonl::grammar_image_chain	curated_v1	qwen3	Gitksan	pdf2_rigsby	original	grammar_image_chain	results/baseline/qwen3/gitksan/grammar/original/results_gitksan_Qwen.jsonl	chain_gloss	37	historical_same_model	0	0	0	0	BLEU	3.0766931265740034	3.1756281850089585	0.09893505843495509	0.25717428257174285	3.0395112719560156	2.251148485230077	2.95457588152384	2.088198330388057	nrefs:1|bs:10000|seed:20260913|case:mixed|eff:no|tok:13a|smooth:exp|version:2.6.0	1.0	312	False	False
results/curated_v1/qwen3/gitksan/pdf2_rigsby/original/results_gitksan_Qwen_pdf2_rigsby_curated_v1_summary_tables_txt.jsonl::grammar_text_chain	curated_v1	qwen3	Gitksan	pdf2_rigsby	original	grammar_text_chain	results/baseline/qwen3/gitksan/grammar/original/results_gitksan_Qwen.jsonl	chain_gloss	37	historical_same_model	0	0	0	0	BLEU	3.0766931265740034	3.885910439566987	0.8092173129929834	0.12108789121087891	3.749394514056483	2.396387735349356	2.95457588152384	2.088198330388057	nrefs:1|bs:10000|seed:20260913|case:mixed|eff:no|tok:13a|smooth:exp|version:2.6.0	1.0	312	False	False
results/curated_v1/qwen3/gitksan/pdf2_rigsby/original/results_gitksan_Qwen_pdf2_rigsby_curated_v1_summary_text_txt.jsonl::grammar_text_chain	curated_v1	qwen3	Gitksan	pdf2_rigsby	original	grammar_text_chain	results/baseline/qwen3/gitksan/grammar/original/results_gitksan_Qwen.jsonl	chain_gloss	37	historical_same_model	0	0	0	0	BLEU	3.0766931265740034	3.920297584922794	0.8436044583487905	0.11808819118088192	3.7598037615013222	2.43401100003058	2.95457588152384	2.088198330388057	nrefs:1|bs:10000|seed:20260913|case:mixed|eff:no|tok:13a|smooth:exp|version:2.6.0	1.0	312	False	False
results/legacy/qwen3/gitksan/pdf1_brown/original/results_gitksan_Qwen_pdf1_brown_cheatsheet.jsonl::grammar_image_chain	legacy	qwen3	Gitksan	pdf1_brown	original	grammar_image_chain	results/baseline/qwen3/gitksan/grammar/original/results_gitksan_Qwen.jsonl	chain_gloss	37	historical_same_model	0	0	0	0	BLEU	3.0766931265740034	2.785087331818253	-0.2916057947557502	0.1648835116488351	2.7264037145967035	2.1890760943486693	2.95457588152384	2.088198330388057	nrefs:1|bs:10000|seed:20260913|case:mixed|eff:no|tok:13a|smooth:exp|version:2.6.0	1.0	312	False	False
results/legacy/qwen3/gitksan/pdf1_brown/original/results_gitksan_Qwen_pdf1_brown_pdfpages_all_jpg.jsonl::grammar_image_chain	legacy	qwen3	Gitksan	pdf1_brown	original	grammar_image_chain	results/baseline/qwen3/gitksan/grammar/original/results_gitksan_Qwen.jsonl	chain_gloss	37	historical_same_model	0	0	0	0	BLEU	3.0766931265740034	2.9357666211326654	-0.140926505441338	0.3224677532246775	2.9138000523581784	2.354974446816841	2.95457588152384	2.088198330388057	nrefs:1|bs:10000|seed:20260913|case:mixed|eff:no|tok:13a|smooth:exp|version:2.6.0	1.0	312	False	False
results/legacy/qwen3/gitksan/pdf1_brown/original/results_gitksan_Qwen_pdf1_brown_summary_tables.jsonl::grammar_image_chain	legacy	qwen3	Gitksan	pdf1_brown	original	grammar_image_chain	results/baseline/qwen3/gitksan/grammar/original/results_gitksan_Qwen.jsonl	chain_gloss	37	historical_same_model	0	0	0	0	BLEU	3.0766931265740034	2.4054543503814045	-0.6712387761925989	0.10168983101689831	2.43539160280426	2.0908261719019317	2.95457588152384	2.088198330388057	nrefs:1|bs:10000|seed:20260913|case:mixed|eff:no|tok:13a|smooth:exp|version:2.6.0	1.0	312	False	False
results/legacy/qwen3/gitksan/pdf1_brown/original/results_gitksan_Qwen_pdf1_brown_summary_text.jsonl::grammar_text_chain	legacy	qwen3	Gitksan	pdf1_brown	original	grammar_text_chain	results/baseline/qwen3/gitksan/grammar/original/results_gitksan_Qwen.jsonl	chain_gloss	37	historical_same_model	0	0	0	0	BLEU	3.0766931265740034	3.394586797028457	0.3178936704544535	0.25777422257774224	3.367808410244755	2.4132589208878312	2.95457588152384	2.088198330388057	nrefs:1|bs:10000|seed:20260913|case:mixed|eff:no|tok:13a|smooth:exp|version:2.6.0	1.0	312	False	False
results/legacy/qwen3/gitksan/pdf2_rigsby/original/results_gitksan_Qwen_pdf2_rigsby_cheatsheet.jsonl::grammar_image_chain	legacy	qwen3	Gitksan	pdf2_rigsby	original	grammar_image_chain	results/baseline/qwen3/gitksan/grammar/original/results_gitksan_Qwen.jsonl	chain_gloss	37	historical_same_model	0	0	0	0	BLEU	3.0766931265740034	4.544699423262645	1.4680062966886416	0.100989901009899	4.370063072563104	2.883081249109182	2.95457588152384	2.088198330388057	nrefs:1|bs:10000|seed:20260913|case:mixed|eff:no|tok:13a|smooth:exp|version:2.6.0	1.0	312	False	False
results/legacy/qwen3/gitksan/pdf2_rigsby/original/results_gitksan_Qwen_pdf2_rigsby_pdfpages_all_jpg.jsonl::grammar_image_chain	legacy	qwen3	Gitksan	pdf2_rigsby	original	grammar_image_chain	results/baseline/qwen3/gitksan/grammar/original/results_gitksan_Qwen.jsonl	chain_gloss	37	historical_same_model	0	0	0	0	BLEU	3.0766931265740034	4.5678697264970465	1.491176599923043	0.11408859114088592	4.38260856105752	2.8973650097698878	2.95457588152384	2.088198330388057	nrefs:1|bs:10000|seed:20260913|case:mixed|eff:no|tok:13a|smooth:exp|version:2.6.0	1.0	312	False	False
results/legacy/qwen3/gitksan/pdf2_rigsby/original/results_gitksan_Qwen_pdf2_rigsby_summary_tables.jsonl::grammar_image_chain	legacy	qwen3	Gitksan	pdf2_rigsby	original	grammar_image_chain	results/baseline/qwen3/gitksan/grammar/original/results_gitksan_Qwen.jsonl	chain_gloss	37	historical_same_model	0	0	0	0	BLEU	3.0766931265740034	3.081670361890642	0.0049772353166384065	0.40435956404359563	2.9234526996911416	2.349416846576821	2.95457588152384	2.088198330388057	nrefs:1|bs:10000|seed:20260913|case:mixed|eff:no|tok:13a|smooth:exp|version:2.6.0	1.0	312	False	False
results/legacy/qwen3/gitksan/pdf2_rigsby/original/results_gitksan_Qwen_pdf2_rigsby_summary_text.jsonl::grammar_text_chain	legacy	qwen3	Gitksan	pdf2_rigsby	original	grammar_text_chain	results/baseline/qwen3/gitksan/grammar/original/results_gitksan_Qwen.jsonl	chain_gloss	37	historical_same_model	0	0	0	0	BLEU	3.0766931265740034	3.9098218478633404	0.833128721289337	0.12208779122087791	3.7816120646570126	2.282136171618666	2.95457588152384	2.088198330388057	nrefs:1|bs:10000|seed:20260913|case:mixed|eff:no|tok:13a|smooth:exp|version:2.6.0	1.0	312	False	False
results/chain_gloss_v2/qwen3/gitksan/pdf1_brown/original/chain_gloss_pdfpages_impactful_jpg_sampled_v1.jsonl::qwen3_context_chain_gloss	chain_gloss_v2	qwen3	Gitksan	pdf1_brown	original	qwen3_context_chain_gloss	results/baseline/qwen3/gitksan/grammar/original/results_gitksan_Qwen.jsonl	chain_gloss	37	sampled_decoding_confounded	0	0	0	0	chrF2++	22.841898008114487	23.415721395926028	0.5738233878115402	0.2328767123287671	23.415536880493164	3.838770866394043	22.839603424072266	3.74472713470459	nrefs:1|bs:10000|seed:20260913|case:mixed|eff:yes|nc:6|nw:2|space:no|version:2.6.0	1.0	14	False	False
results/chain_gloss_v2/qwen3/gitksan/pdf2_rigsby/original/chain_gloss_pdfpages_impactful_jpg_sampled_v1.jsonl::qwen3_context_chain_gloss	chain_gloss_v2	qwen3	Gitksan	pdf2_rigsby	original	qwen3_context_chain_gloss	results/baseline/qwen3/gitksan/grammar/original/results_gitksan_Qwen.jsonl	chain_gloss	37	sampled_decoding_confounded	0	0	0	0	chrF2++	22.841898008114487	23.718035884476738	0.8761378763622503	0.16718328167183283	23.71502113342285	3.302565574645996	22.839603424072266	3.74472713470459	nrefs:1|bs:10000|seed:20260913|case:mixed|eff:yes|nc:6|nw:2|space:no|version:2.6.0	1.0	14	False	False
results/curated_v1/qwen3/gitksan/pdf1_brown/original/results_gitksan_Qwen_pdf1_brown_curated_v1_cheatsheet_jpg.jsonl::grammar_image_chain	curated_v1	qwen3	Gitksan	pdf1_brown	original	grammar_image_chain	results/baseline/qwen3/gitksan/grammar/original/results_gitksan_Qwen.jsonl	chain_gloss	37	historical_same_model	0	0	0	0	chrF2++	22.841898008114487	23.941046790672043	1.099148782557556	0.09369063093690631	23.953346252441406	3.288686752319336	22.839603424072266	3.74472713470459	nrefs:1|bs:10000|seed:20260913|case:mixed|eff:yes|nc:6|nw:2|space:no|version:2.6.0	1.0	312	False	False
results/curated_v1/qwen3/gitksan/pdf1_brown/original/results_gitksan_Qwen_pdf1_brown_curated_v1_cheatsheet_txt.jsonl::grammar_text_chain	curated_v1	qwen3	Gitksan	pdf1_brown	original	grammar_text_chain	results/baseline/qwen3/gitksan/grammar/original/results_gitksan_Qwen.jsonl	chain_gloss	37	historical_same_model	0	0	0	0	chrF2++	22.841898008114487	23.91487439885993	1.072976390745442	0.11178882111788821	23.923847198486328	3.5864200592041016	22.839603424072266	3.74472713470459	nrefs:1|bs:10000|seed:20260913|case:mixed|eff:yes|nc:6|nw:2|space:no|version:2.6.0	1.0	312	False	False
results/curated_v1/qwen3/gitksan/pdf1_brown/original/results_gitksan_Qwen_pdf1_brown_curated_v1_pdfpages_impactful_jpg.jsonl::grammar_image_chain	curated_v1	qwen3	Gitksan	pdf1_brown	original	grammar_image_chain	results/baseline/qwen3/gitksan/grammar/original/results_gitksan_Qwen.jsonl	chain_gloss	37	historical_same_model	0	0	0	0	chrF2++	22.841898008114487	21.527798144363775	-1.3140998637507124	0.146985301469853	21.61779022216797	3.6328372955322266	22.839603424072266	3.74472713470459	nrefs:1|bs:10000|seed:20260913|case:mixed|eff:yes|nc:6|nw:2|space:no|version:2.6.0	1.0	312	False	False
results/curated_v1/qwen3/gitksan/pdf1_brown/original/results_gitksan_Qwen_pdf1_brown_curated_v1_summary_tables_jpg.jsonl::grammar_image_chain	curated_v1	qwen3	Gitksan	pdf1_brown	original	grammar_image_chain	results/baseline/qwen3/gitksan/grammar/original/results_gitksan_Qwen.jsonl	chain_gloss	37	historical_same_model	0	0	0	0	chrF2++	22.841898008114487	21.846260754365073	-0.9956372537494147	0.17318268173182683	21.93889617919922	4.064217567443848	22.839603424072266	3.74472713470459	nrefs:1|bs:10000|seed:20260913|case:mixed|eff:yes|nc:6|nw:2|space:no|version:2.6.0	1.0	312	False	False
results/curated_v1/qwen3/gitksan/pdf1_brown/original/results_gitksan_Qwen_pdf1_brown_curated_v1_summary_tables_txt.jsonl::grammar_text_chain	curated_v1	qwen3	Gitksan	pdf1_brown	original	grammar_text_chain	results/baseline/qwen3/gitksan/grammar/original/results_gitksan_Qwen.jsonl	chain_gloss	37	historical_same_model	0	0	0	0	chrF2++	22.841898008114487	22.58654268756311	-0.2553553205513772	0.29947005299470053	22.595781326293945	3.2165088653564453	22.839603424072266	3.74472713470459	nrefs:1|bs:10000|seed:20260913|case:mixed|eff:yes|nc:6|nw:2|space:no|version:2.6.0	1.0	312	False	False
results/curated_v1/qwen3/gitksan/pdf1_brown/original/results_gitksan_Qwen_pdf1_brown_curated_v1_summary_text_txt.jsonl::grammar_text_chain	curated_v1	qwen3	Gitksan	pdf1_brown	original	grammar_text_chain	results/baseline/qwen3/gitksan/grammar/original/results_gitksan_Qwen.jsonl	chain_gloss	37	historical_same_model	0	0	0	0	chrF2++	22.841898008114487	23.111818414138188	0.2699204060237008	0.28677132286771323	23.123144149780273	3.5386791229248047	22.839603424072266	3.74472713470459	nrefs:1|bs:10000|seed:20260913|case:mixed|eff:yes|nc:6|nw:2|space:no|version:2.6.0	1.0	312	False	False
results/curated_v1/qwen3/gitksan/pdf2_rigsby/original/results_gitksan_Qwen_pdf2_rigsby_curated_v1_cheatsheet_jpg.jsonl::grammar_image_chain	curated_v1	qwen3	Gitksan	pdf2_rigsby	original	grammar_image_chain	results/baseline/qwen3/gitksan/grammar/original/results_gitksan_Qwen.jsonl	chain_gloss	37	historical_same_model	0	0	0	0	chrF2++	22.841898008114487	23.593113080493495	0.7512150723790079	0.147985201479852	23.594091415405273	3.6014671325683594	22.839603424072266	3.74472713470459	nrefs:1|bs:10000|seed:20260913|case:mixed|eff:yes|nc:6|nw:2|space:no|version:2.6.0	1.0	312	False	False
results/curated_v1/qwen3/gitksan/pdf2_rigsby/original/results_gitksan_Qwen_pdf2_rigsby_curated_v1_cheatsheet_txt.jsonl::grammar_text_chain	curated_v1	qwen3	Gitksan	pdf2_rigsby	original	grammar_text_chain	results/baseline/qwen3/gitksan/grammar/original/results_gitksan_Qwen.jsonl	chain_gloss	37	historical_same_model	0	0	0	0	chrF2++	22.841898008114487	23.22673564008312	0.3848376319686331	0.23047695230476953	23.23934555053711	3.572920799255371	22.839603424072266	3.74472713470459	nrefs:1|bs:10000|seed:20260913|case:mixed|eff:yes|nc:6|nw:2|space:no|version:2.6.0	1.0	312	False	False
results/curated_v1/qwen3/gitksan/pdf2_rigsby/original/results_gitksan_Qwen_pdf2_rigsby_curated_v1_pdfpages_impactful_jpg.jsonl::grammar_image_chain	curated_v1	qwen3	Gitksan	pdf2_rigsby	original	grammar_image_chain	results/baseline/qwen3/gitksan/grammar/original/results_gitksan_Qwen.jsonl	chain_gloss	37	historical_same_model	0	0	0	0	chrF2++	22.841898008114487	22.422604770305032	-0.4192932378094554	0.254974502549745	22.44839096069336	3.382136344909668	22.839603424072266	3.74472713470459	nrefs:1|bs:10000|seed:20260913|case:mixed|eff:yes|nc:6|nw:2|space:no|version:2.6.0	1.0	312	False	False
results/curated_v1/qwen3/gitksan/pdf2_rigsby/original/results_gitksan_Qwen_pdf2_rigsby_curated_v1_summary_tables_jpg.jsonl::grammar_image_chain	curated_v1	qwen3	Gitksan	pdf2_rigsby	original	grammar_image_chain	results/baseline/qwen3/gitksan/grammar/original/results_gitksan_Qwen.jsonl	chain_gloss	37	historical_same_model	0	0	0	0	chrF2++	22.841898008114487	23.679179819389205	0.8372818112747176	0.12568743125687432	23.685640335083008	3.673556327819824	22.839603424072266	3.74472713470459	nrefs:1|bs:10000|seed:20260913|case:mixed|eff:yes|nc:6|nw:2|space:no|version:2.6.0	1.0	312	False	False
results/curated_v1/qwen3/gitksan/pdf2_rigsby/original/results_gitksan_Qwen_pdf2_rigsby_curated_v1_summary_tables_txt.jsonl::grammar_text_chain	curated_v1	qwen3	Gitksan	pdf2_rigsby	original	grammar_text_chain	results/baseline/qwen3/gitksan/grammar/original/results_gitksan_Qwen.jsonl	chain_gloss	37	historical_same_model	0	0	0	0	chrF2++	22.841898008114487	23.68034706945204	0.8384490613375526	0.1110888911108889	23.68368911743164	3.5421924591064453	22.839603424072266	3.74472713470459	nrefs:1|bs:10000|seed:20260913|case:mixed|eff:yes|nc:6|nw:2|space:no|version:2.6.0	1.0	312	False	False
results/curated_v1/qwen3/gitksan/pdf2_rigsby/original/results_gitksan_Qwen_pdf2_rigsby_curated_v1_summary_text_txt.jsonl::grammar_text_chain	curated_v1	qwen3	Gitksan	pdf2_rigsby	original	grammar_text_chain	results/baseline/qwen3/gitksan/grammar/original/results_gitksan_Qwen.jsonl	chain_gloss	37	historical_same_model	0	0	0	0	chrF2++	22.841898008114487	23.082309164460245	0.2404111563457576	0.2940705929407059	23.106590270996094	3.4575538635253906	22.839603424072266	3.74472713470459	nrefs:1|bs:10000|seed:20260913|case:mixed|eff:yes|nc:6|nw:2|space:no|version:2.6.0	1.0	312	False	False
results/legacy/qwen3/gitksan/pdf1_brown/original/results_gitksan_Qwen_pdf1_brown_cheatsheet.jsonl::grammar_image_chain	legacy	qwen3	Gitksan	pdf1_brown	original	grammar_image_chain	results/baseline/qwen3/gitksan/grammar/original/results_gitksan_Qwen.jsonl	chain_gloss	37	historical_same_model	0	0	0	0	chrF2++	22.841898008114487	22.216182365539648	-0.6257156425748391	0.16568343165683433	22.234960556030273	3.869288444519043	22.839603424072266	3.74472713470459	nrefs:1|bs:10000|seed:20260913|case:mixed|eff:yes|nc:6|nw:2|space:no|version:2.6.0	1.0	312	False	False
results/legacy/qwen3/gitksan/pdf1_brown/original/results_gitksan_Qwen_pdf1_brown_pdfpages_all_jpg.jsonl::grammar_image_chain	legacy	qwen3	Gitksan	pdf1_brown	original	grammar_image_chain	results/baseline/qwen3/gitksan/grammar/original/results_gitksan_Qwen.jsonl	chain_gloss	37	historical_same_model	0	0	0	0	chrF2++	22.841898008114487	20.796380286205196	-2.0455177219092917	0.0893910608939106	20.890869140625	3.718658447265625	22.839603424072266	3.74472713470459	nrefs:1|bs:10000|seed:20260913|case:mixed|eff:yes|nc:6|nw:2|space:no|version:2.6.0	1.0	312	False	False
results/legacy/qwen3/gitksan/pdf1_brown/original/results_gitksan_Qwen_pdf1_brown_summary_tables.jsonl::grammar_image_chain	legacy	qwen3	Gitksan	pdf1_brown	original	grammar_image_chain	results/baseline/qwen3/gitksan/grammar/original/results_gitksan_Qwen.jsonl	chain_gloss	37	historical_same_model	0	0	0	0	chrF2++	22.841898008114487	20.868374277169774	-1.973523730944713	0.07239276072392761	20.969337463378906	4.090187072753906	22.839603424072266	3.74472713470459	nrefs:1|bs:10000|seed:20260913|case:mixed|eff:yes|nc:6|nw:2|space:no|version:2.6.0	1.0	312	False	False
results/legacy/qwen3/gitksan/pdf1_brown/original/results_gitksan_Qwen_pdf1_brown_summary_text.jsonl::grammar_text_chain	legacy	qwen3	Gitksan	pdf1_brown	original	grammar_text_chain	results/baseline/qwen3/gitksan/grammar/original/results_gitksan_Qwen.jsonl	chain_gloss	37	historical_same_model	0	0	0	0	chrF2++	22.841898008114487	22.188556729576046	-0.6533412785384414	0.1772822717728227	22.227388381958008	4.08281135559082	22.839603424072266	3.74472713470459	nrefs:1|bs:10000|seed:20260913|case:mixed|eff:yes|nc:6|nw:2|space:no|version:2.6.0	1.0	312	False	False
results/legacy/qwen3/gitksan/pdf2_rigsby/original/results_gitksan_Qwen_pdf2_rigsby_cheatsheet.jsonl::grammar_image_chain	legacy	qwen3	Gitksan	pdf2_rigsby	original	grammar_image_chain	results/baseline/qwen3/gitksan/grammar/original/results_gitksan_Qwen.jsonl	chain_gloss	37	historical_same_model	0	0	0	0	chrF2++	22.841898008114487	23.899116422284543	1.0572184141700554	0.15078492150784922	23.89606285095215	3.546201705932617	22.839603424072266	3.74472713470459	nrefs:1|bs:10000|seed:20260913|case:mixed|eff:yes|nc:6|nw:2|space:no|version:2.6.0	1.0	312	False	False
results/legacy/qwen3/gitksan/pdf2_rigsby/original/results_gitksan_Qwen_pdf2_rigsby_pdfpages_all_jpg.jsonl::grammar_image_chain	legacy	qwen3	Gitksan	pdf2_rigsby	original	grammar_image_chain	results/baseline/qwen3/gitksan/grammar/original/results_gitksan_Qwen.jsonl	chain_gloss	37	historical_same_model	0	0	0	0	chrF2++	22.841898008114487	23.69982807107663	0.8579300629621436	0.19098090190980901	23.720067977905273	3.3669652938842773	22.839603424072266	3.74472713470459	nrefs:1|bs:10000|seed:20260913|case:mixed|eff:yes|nc:6|nw:2|space:no|version:2.6.0	1.0	312	False	False
results/legacy/qwen3/gitksan/pdf2_rigsby/original/results_gitksan_Qwen_pdf2_rigsby_summary_tables.jsonl::grammar_image_chain	legacy	qwen3	Gitksan	pdf2_rigsby	original	grammar_image_chain	results/baseline/qwen3/gitksan/grammar/original/results_gitksan_Qwen.jsonl	chain_gloss	37	historical_same_model	0	0	0	0	chrF2++	22.841898008114487	23.119453144764588	0.27755513665010056	0.28687131286871315	23.134382247924805	3.3414382934570312	22.839603424072266	3.74472713470459	nrefs:1|bs:10000|seed:20260913|case:mixed|eff:yes|nc:6|nw:2|space:no|version:2.6.0	1.0	312	False	False
results/legacy/qwen3/gitksan/pdf2_rigsby/original/results_gitksan_Qwen_pdf2_rigsby_summary_text.jsonl::grammar_text_chain	legacy	qwen3	Gitksan	pdf2_rigsby	original	grammar_text_chain	results/baseline/qwen3/gitksan/grammar/original/results_gitksan_Qwen.jsonl	chain_gloss	37	historical_same_model	0	0	0	0	chrF2++	22.841898008114487	24.244893123851398	1.4029951157369105	0.06229377062293771	24.257822036743164	3.3875598907470703	22.839603424072266	3.74472713470459	nrefs:1|bs:10000|seed:20260913|case:mixed|eff:yes|nc:6|nw:2|space:no|version:2.6.0	1.0	312	False	False
results/chain_gloss_v2/qwen3/lezgi/grammar/original/chain_gloss_pdfpages_impactful_jpg_sampled_v1.jsonl::qwen3_context_chain_gloss	chain_gloss_v2	qwen3	Lezgi	grammar	original	qwen3_context_chain_gloss	results/baseline/qwen3/lezgi/grammar/original/results_lezgi_Qwen.jsonl	chain_gloss	87	sampled_decoding_confounded	0	0	0	0	BLEU	3.748628835857149	7.199590412354533	3.4509615764973844	0.025797420257974202	6.890540023487821	6.137058011705372	3.572813985005149	3.670284669329857	nrefs:1|bs:10000|seed:20260913|case:mixed|eff:no|tok:13a|smooth:exp|version:2.6.0	0.30956904309569044	14	False	False
results/curated_v1/qwen3/lezgi/grammar/cyrillic/results_lezgi_Qwen_curated_v1_cyrillic_cheatsheet_jpg.jsonl::grammar_image_chain	curated_v1	qwen3	Lezgi	grammar	cyrillic	grammar_image_chain	results/baseline/qwen3/lezgi/grammar/original/results_lezgi_Qwen.jsonl	chain_gloss	87	historical_same_model	0	0	0	0	BLEU	3.748628835857149	6.197525748001948	2.448896912144799	0.070992900709929	5.970208055326208	5.886029077946786	3.572813985005149	3.670284669329857	nrefs:1|bs:10000|seed:20260913|case:mixed|eff:no|tok:13a|smooth:exp|version:2.6.0	1.0	312	False	False
results/curated_v1/qwen3/lezgi/grammar/cyrillic/results_lezgi_Qwen_curated_v1_cyrillic_cheatsheet_txt.jsonl::grammar_text_chain	curated_v1	qwen3	Lezgi	grammar	cyrillic	grammar_text_chain	results/baseline/qwen3/lezgi/grammar/original/results_lezgi_Qwen.jsonl	chain_gloss	87	historical_same_model	0	0	0	0	BLEU	3.748628835857149	6.156824169050464	2.408195333193315	0.062993700629937	5.893457316353296	5.788266703978736	3.572813985005149	3.670284669329857	nrefs:1|bs:10000|seed:20260913|case:mixed|eff:no|tok:13a|smooth:exp|version:2.6.0	1.0	312	False	False
results/curated_v1/qwen3/lezgi/grammar/cyrillic/results_lezgi_Qwen_curated_v1_cyrillic_summary_tables_jpg.jsonl::grammar_image_chain	curated_v1	qwen3	Lezgi	grammar	cyrillic	grammar_image_chain	results/baseline/qwen3/lezgi/grammar/original/results_lezgi_Qwen.jsonl	chain_gloss	87	historical_same_model	0	0	0	0	BLEU	3.748628835857149	5.628040061326367	1.8794112254692177	0.07689231076892311	5.410580760890039	5.464165214752516	3.572813985005149	3.670284669329857	nrefs:1|bs:10000|seed:20260913|case:mixed|eff:no|tok:13a|smooth:exp|version:2.6.0	1.0	312	False	False
results/curated_v1/qwen3/lezgi/grammar/cyrillic/results_lezgi_Qwen_curated_v1_cyrillic_summary_tables_txt.jsonl::grammar_text_chain	curated_v1	qwen3	Lezgi	grammar	cyrillic	grammar_text_chain	results/baseline/qwen3/lezgi/grammar/original/results_lezgi_Qwen.jsonl	chain_gloss	87	historical_same_model	0	0	0	0	BLEU	3.748628835857149	5.659409064936318	1.910780229079169	0.07329267073292671	5.408906352210283	5.450221860469994	3.572813985005149	3.670284669329857	nrefs:1|bs:10000|seed:20260913|case:mixed|eff:no|tok:13a|smooth:exp|version:2.6.0	1.0	312	False	False
results/curated_v1/qwen3/lezgi/grammar/cyrillic/results_lezgi_Qwen_curated_v1_cyrillic_summary_text_txt.jsonl::grammar_text_chain	curated_v1	qwen3	Lezgi	grammar	cyrillic	grammar_text_chain	results/baseline/qwen3/lezgi/grammar/original/results_lezgi_Qwen.jsonl	chain_gloss	87	historical_same_model	0	0	0	0	BLEU	3.748628835857149	5.186147763462302	1.4375189276051534	0.10718928107189281	4.988949915518975	5.09977012330339	3.572813985005149	3.670284669329857	nrefs:1|bs:10000|seed:20260913|case:mixed|eff:no|tok:13a|smooth:exp|version:2.6.0	1.0	312	False	False
results/curated_v1/qwen3/lezgi/grammar/original/results_lezgi_Qwen_curated_v1_cheatsheet_jpg.jsonl::grammar_image_chain	curated_v1	qwen3	Lezgi	grammar	original	grammar_image_chain	results/baseline/qwen3/lezgi/grammar/original/results_lezgi_Qwen.jsonl	chain_gloss	87	historical_same_model	0	0	0	0	BLEU	3.748628835857149	6.2896027478248175	2.5409739119676686	0.05749425057494251	5.9997026288621145	5.826760036305283	3.572813985005149	3.670284669329857	nrefs:1|bs:10000|seed:20260913|case:mixed|eff:no|tok:13a|smooth:exp|version:2.6.0	1.0	312	False	False
results/curated_v1/qwen3/lezgi/grammar/original/results_lezgi_Qwen_curated_v1_cheatsheet_txt.jsonl::grammar_text_chain	curated_v1	qwen3	Lezgi	grammar	original	grammar_text_chain	results/baseline/qwen3/lezgi/grammar/original/results_lezgi_Qwen.jsonl	chain_gloss	87	historical_same_model	0	0	0	0	BLEU	3.748628835857149	5.898262365316111	2.1496335294589617	0.0746925307469253	5.653417507580737	5.63972675414227	3.572813985005149	3.670284669329857	nrefs:1|bs:10000|seed:20260913|case:mixed|eff:no|tok:13a|smooth:exp|version:2.6.0	1.0	312	False	False
results/curated_v1/qwen3/lezgi/grammar/original/results_lezgi_Qwen_curated_v1_pdfpages_impactful_jpg.jsonl::grammar_image_chain	curated_v1	qwen3	Lezgi	grammar	original	grammar_image_chain	results/baseline/qwen3/lezgi/grammar/original/results_lezgi_Qwen.jsonl	chain_gloss	87	historical_same_model	0	0	0	0	BLEU	3.748628835857149	7.00686589895749	3.2582370631003412	0.029897010298970104	6.678174864324089	6.062107916792736	3.572813985005149	3.670284669329857	nrefs:1|bs:10000|seed:20260913|case:mixed|eff:no|tok:13a|smooth:exp|version:2.6.0	1.0	312	False	False
results/curated_v1/qwen3/lezgi/grammar/original/results_lezgi_Qwen_curated_v1_summary_tables_jpg.jsonl::grammar_image_chain	curated_v1	qwen3	Lezgi	grammar	original	grammar_image_chain	results/baseline/qwen3/lezgi/grammar/original/results_lezgi_Qwen.jsonl	chain_gloss	87	historical_same_model	0	0	0	0	BLEU	3.748628835857149	5.308005292028195	1.5593764561710461	0.09909009099090091	5.12399245779404	5.248891894016695	3.572813985005149	3.670284669329857	nrefs:1|bs:10000|seed:20260913|case:mixed|eff:no|tok:13a|smooth:exp|version:2.6.0	1.0	312	False	False
results/curated_v1/qwen3/lezgi/grammar/original/results_lezgi_Qwen_curated_v1_summary_tables_txt.jsonl::grammar_text_chain	curated_v1	qwen3	Lezgi	grammar	original	grammar_text_chain	results/baseline/qwen3/lezgi/grammar/original/results_lezgi_Qwen.jsonl	chain_gloss	87	historical_same_model	0	0	0	0	BLEU	3.748628835857149	5.554855169787111	1.8062263339299625	0.07379262073792621	5.300938745832232	5.3123772526909	3.572813985005149	3.670284669329857	nrefs:1|bs:10000|seed:20260913|case:mixed|eff:no|tok:13a|smooth:exp|version:2.6.0	1.0	312	False	False
results/curated_v1/qwen3/lezgi/grammar/original/results_lezgi_Qwen_curated_v1_summary_text_txt.jsonl::grammar_text_chain	curated_v1	qwen3	Lezgi	grammar	original	grammar_text_chain	results/baseline/qwen3/lezgi/grammar/original/results_lezgi_Qwen.jsonl	chain_gloss	87	historical_same_model	0	0	0	0	BLEU	3.748628835857149	4.512704069437433	0.7640752335802841	0.16108389161083891	4.387769607340219	4.681221218564553	3.572813985005149	3.670284669329857	nrefs:1|bs:10000|seed:20260913|case:mixed|eff:no|tok:13a|smooth:exp|version:2.6.0	1.0	312	False	False
results/legacy/qwen3/lezgi/grammar/original/results_lezgi_Qwen_grammar_cheatsheet.jsonl::grammar_image_chain	legacy	qwen3	Lezgi	grammar	original	grammar_image_chain	results/baseline/qwen3/lezgi/grammar/original/results_lezgi_Qwen.jsonl	chain_gloss	87	historical_same_model	0	0	0	0	BLEU	3.748628835857149	5.9929235864175885	2.2442947505604396	0.0570942905709429	5.841717653084371	5.4965241770285385	3.572813985005149	3.670284669329857	nrefs:1|bs:10000|seed:20260913|case:mixed|eff:no|tok:13a|smooth:exp|version:2.6.0	1.0	312	False	False
results/legacy/qwen3/lezgi/grammar/original/results_lezgi_Qwen_grammar_pdfpages_impactful_jpg.jsonl::grammar_image_chain	legacy	qwen3	Lezgi	grammar	original	grammar_image_chain	results/baseline/qwen3/lezgi/grammar/original/results_lezgi_Qwen.jsonl	chain_gloss	87	historical_same_model	0	0	0	0	BLEU	3.748628835857149	6.335338206619281	2.586709370762132	0.06579342065793421	6.0817522186102275	5.999660077831589	3.572813985005149	3.670284669329857	nrefs:1|bs:10000|seed:20260913|case:mixed|eff:no|tok:13a|smooth:exp|version:2.6.0	1.0	312	False	False
results/legacy/qwen3/lezgi/grammar/original/results_lezgi_Qwen_grammar_summary_tables.jsonl::grammar_image_chain	legacy	qwen3	Lezgi	grammar	original	grammar_image_chain	results/baseline/qwen3/lezgi/grammar/original/results_lezgi_Qwen.jsonl	chain_gloss	87	historical_same_model	0	0	0	0	BLEU	3.748628835857149	6.468684225411118	2.720055389553969	0.06229377062293771	6.181348085418724	6.2408596908431395	3.572813985005149	3.670284669329857	nrefs:1|bs:10000|seed:20260913|case:mixed|eff:no|tok:13a|smooth:exp|version:2.6.0	1.0	312	False	False
results/legacy/qwen3/lezgi/grammar/original/results_lezgi_Qwen_grammar_summary_text.jsonl::grammar_text_chain	legacy	qwen3	Lezgi	grammar	original	grammar_text_chain	results/baseline/qwen3/lezgi/grammar/original/results_lezgi_Qwen.jsonl	chain_gloss	87	historical_same_model	0	0	0	0	BLEU	3.748628835857149	7.44559280243406	3.696963966576911	0.017698230176982303	7.114684680715925	6.077492985215357	3.572813985005149	3.670284669329857	nrefs:1|bs:10000|seed:20260913|case:mixed|eff:no|tok:13a|smooth:exp|version:2.6.0	1.0	312	False	False
results/chain_gloss_v2/qwen3/lezgi/grammar/original/chain_gloss_pdfpages_impactful_jpg_sampled_v1.jsonl::qwen3_context_chain_gloss	chain_gloss_v2	qwen3	Lezgi	grammar	original	qwen3_context_chain_gloss	results/baseline/qwen3/lezgi/grammar/original/results_lezgi_Qwen.jsonl	chain_gloss	87	sampled_decoding_confounded	0	0	0	0	chrF2++	18.759796156605592	20.149509193650857	1.389713037045265	0.070992900709929	20.13297462463379	4.506662368774414	18.782331466674805	3.926130771636963	nrefs:1|bs:10000|seed:20260913|case:mixed|eff:yes|nc:6|nw:2|space:no|version:2.6.0	0.638936106389361	14	False	False
results/curated_v1/qwen3/lezgi/grammar/cyrillic/results_lezgi_Qwen_curated_v1_cyrillic_cheatsheet_jpg.jsonl::grammar_image_chain	curated_v1	qwen3	Lezgi	grammar	cyrillic	grammar_image_chain	results/baseline/qwen3/lezgi/grammar/original/results_lezgi_Qwen.jsonl	chain_gloss	87	historical_same_model	0	0	0	0	chrF2++	18.759796156605592	19.116433556825854	0.35663740022026147	0.28877112288771123	19.11920928955078	4.493916988372803	18.782331466674805	3.926130771636963	nrefs:1|bs:10000|seed:20260913|case:mixed|eff:yes|nc:6|nw:2|space:no|version:2.6.0	1.0	312	False	False
results/curated_v1/qwen3/lezgi/grammar/cyrillic/results_lezgi_Qwen_curated_v1_cyrillic_cheatsheet_txt.jsonl::grammar_text_chain	curated_v1	qwen3	Lezgi	grammar	cyrillic	grammar_text_chain	results/baseline/qwen3/lezgi/grammar/original/results_lezgi_Qwen.jsonl	chain_gloss	87	historical_same_model	0	0	0	0	chrF2++	18.759796156605592	19.572794107906486	0.8129979513008934	0.17048295170482952	19.56311798095703	4.305324554443359	18.782331466674805	3.926130771636963	nrefs:1|bs:10000|seed:20260913|case:mixed|eff:yes|nc:6|nw:2|space:no|version:2.6.0	1.0	312	False	False
results/curated_v1/qwen3/lezgi/grammar/cyrillic/results_lezgi_Qwen_curated_v1_cyrillic_summary_tables_jpg.jsonl::grammar_image_chain	curated_v1	qwen3	Lezgi	grammar	cyrillic	grammar_image_chain	results/baseline/qwen3/lezgi/grammar/original/results_lezgi_Qwen.jsonl	chain_gloss	87	historical_same_model	0	0	0	0	chrF2++	18.759796156605592	19.520180592992816	0.7603844363872234	0.16148385161483853	19.52215576171875	4.381290912628174	18.782331466674805	3.926130771636963	nrefs:1|bs:10000|seed:20260913|case:mixed|eff:yes|nc:6|nw:2|space:no|version:2.6.0	1.0	312	False	False
results/curated_v1/qwen3/lezgi/grammar/cyrillic/results_lezgi_Qwen_curated_v1_cyrillic_summary_tables_txt.jsonl::grammar_text_chain	curated_v1	qwen3	Lezgi	grammar	cyrillic	grammar_text_chain	results/baseline/qwen3/lezgi/grammar/original/results_lezgi_Qwen.jsonl	chain_gloss	87	historical_same_model	0	0	0	0	chrF2++	18.759796156605592	18.52346588820841	-0.2363302683971824	0.3174682531746825	18.511499404907227	4.490209579467773	18.782331466674805	3.926130771636963	nrefs:1|bs:10000|seed:20260913|case:mixed|eff:yes|nc:6|nw:2|space:no|version:2.6.0	1.0	312	False	False
results/curated_v1/qwen3/lezgi/grammar/cyrillic/results_lezgi_Qwen_curated_v1_cyrillic_summary_text_txt.jsonl::grammar_text_chain	curated_v1	qwen3	Lezgi	grammar	cyrillic	grammar_text_chain	results/baseline/qwen3/lezgi/grammar/original/results_lezgi_Qwen.jsonl	chain_gloss	87	historical_same_model	0	0	0	0	chrF2++	18.759796156605592	19.913013054881766	1.153216898276174	0.10978902109789021	19.918590545654297	4.375988006591797	18.782331466674805	3.926130771636963	nrefs:1|bs:10000|seed:20260913|case:mixed|eff:yes|nc:6|nw:2|space:no|version:2.6.0	1.0	312	False	False
results/curated_v1/qwen3/lezgi/grammar/original/results_lezgi_Qwen_curated_v1_cheatsheet_jpg.jsonl::grammar_image_chain	curated_v1	qwen3	Lezgi	grammar	original	grammar_image_chain	results/baseline/qwen3/lezgi/grammar/original/results_lezgi_Qwen.jsonl	chain_gloss	87	historical_same_model	0	0	0	0	chrF2++	18.759796156605592	20.596961273397785	1.8371651167921925	0.055094490550944904	20.59149932861328	4.3224077224731445	18.782331466674805	3.926130771636963	nrefs:1|bs:10000|seed:20260913|case:mixed|eff:yes|nc:6|nw:2|space:no|version:2.6.0	1.0	312	False	False
results/curated_v1/qwen3/lezgi/grammar/original/results_lezgi_Qwen_curated_v1_cheatsheet_txt.jsonl::grammar_text_chain	curated_v1	qwen3	Lezgi	grammar	original	grammar_text_chain	results/baseline/qwen3/lezgi/grammar/original/results_lezgi_Qwen.jsonl	chain_gloss	87	historical_same_model	0	0	0	0	chrF2++	18.759796156605592	19.453057918939766	0.6932617623341741	0.1847815218478152	19.45099449157715	4.452583312988281	18.782331466674805	3.926130771636963	nrefs:1|bs:10000|seed:20260913|case:mixed|eff:yes|nc:6|nw:2|space:no|version:2.6.0	1.0	312	False	False
results/curated_v1/qwen3/lezgi/grammar/original/results_lezgi_Qwen_curated_v1_pdfpages_impactful_jpg.jsonl::grammar_image_chain	curated_v1	qwen3	Lezgi	grammar	original	grammar_image_chain	results/baseline/qwen3/lezgi/grammar/original/results_lezgi_Qwen.jsonl	chain_gloss	87	historical_same_model	0	0	0	0	chrF2++	18.759796156605592	19.870315544324253	1.1105193877186608	0.10878912108789121	19.854026794433594	4.338112831115723	18.782331466674805	3.926130771636963	nrefs:1|bs:10000|seed:20260913|case:mixed|eff:yes|nc:6|nw:2|space:no|version:2.6.0	1.0	312	False	False
results/curated_v1/qwen3/lezgi/grammar/original/results_lezgi_Qwen_curated_v1_summary_tables_jpg.jsonl::grammar_image_chain	curated_v1	qwen3	Lezgi	grammar	original	grammar_image_chain	results/baseline/qwen3/lezgi/grammar/original/results_lezgi_Qwen.jsonl	chain_gloss	87	historical_same_model	0	0	0	0	chrF2++	18.759796156605592	19.098170994494236	0.33837483788864375	0.28057194280571945	19.111902236938477	4.335141658782959	18.782331466674805	3.926130771636963	nrefs:1|bs:10000|seed:20260913|case:mixed|eff:yes|nc:6|nw:2|space:no|version:2.6.0	1.0	312	False	False
results/curated_v1/qwen3/lezgi/grammar/original/results_lezgi_Qwen_curated_v1_summary_tables_txt.jsonl::grammar_text_chain	curated_v1	qwen3	Lezgi	grammar	original	grammar_text_chain	results/baseline/qwen3/lezgi/grammar/original/results_lezgi_Qwen.jsonl	chain_gloss	87	historical_same_model	0	0	0	0	chrF2++	18.759796156605592	18.597315054709743	-0.16248110189584963	0.34266573342665735	18.587684631347656	4.362464904785156	18.782331466674805	3.926130771636963	nrefs:1|bs:10000|seed:20260913|case:mixed|eff:yes|nc:6|nw:2|space:no|version:2.6.0	1.0	312	False	False
results/curated_v1/qwen3/lezgi/grammar/original/results_lezgi_Qwen_curated_v1_summary_text_txt.jsonl::grammar_text_chain	curated_v1	qwen3	Lezgi	grammar	original	grammar_text_chain	results/baseline/qwen3/lezgi/grammar/original/results_lezgi_Qwen.jsonl	chain_gloss	87	historical_same_model	0	0	0	0	chrF2++	18.759796156605592	18.02842521234721	-0.7313709442583836	0.17488251174882513	18.04357147216797	4.312309265136719	18.782331466674805	3.926130771636963	nrefs:1|bs:10000|seed:20260913|case:mixed|eff:yes|nc:6|nw:2|space:no|version:2.6.0	1.0	312	False	False
results/legacy/qwen3/lezgi/grammar/original/results_lezgi_Qwen_grammar_cheatsheet.jsonl::grammar_image_chain	legacy	qwen3	Lezgi	grammar	original	grammar_image_chain	results/baseline/qwen3/lezgi/grammar/original/results_lezgi_Qwen.jsonl	chain_gloss	87	historical_same_model	0	0	0	0	chrF2++	18.759796156605592	19.22320652470273	0.4634103680971364	0.24487551244875513	19.227771759033203	4.368134498596191	18.782331466674805	3.926130771636963	nrefs:1|bs:10000|seed:20260913|case:mixed|eff:yes|nc:6|nw:2|space:no|version:2.6.0	1.0	312	False	False
results/legacy/qwen3/lezgi/grammar/original/results_lezgi_Qwen_grammar_pdfpages_impactful_jpg.jsonl::grammar_image_chain	legacy	qwen3	Lezgi	grammar	original	grammar_image_chain	results/baseline/qwen3/lezgi/grammar/original/results_lezgi_Qwen.jsonl	chain_gloss	87	historical_same_model	0	0	0	0	chrF2++	18.759796156605592	19.465166624015158	0.7053704674095655	0.17988201179882013	19.45903968811035	4.3984551429748535	18.782331466674805	3.926130771636963	nrefs:1|bs:10000|seed:20260913|case:mixed|eff:yes|nc:6|nw:2|space:no|version:2.6.0	1.0	312	False	False
results/legacy/qwen3/lezgi/grammar/original/results_lezgi_Qwen_grammar_summary_tables.jsonl::grammar_image_chain	legacy	qwen3	Lezgi	grammar	original	grammar_image_chain	results/baseline/qwen3/lezgi/grammar/original/results_lezgi_Qwen.jsonl	chain_gloss	87	historical_same_model	0	0	0	0	chrF2++	18.759796156605592	19.562217827821698	0.8024216712161056	0.18198180181981802	19.55958366394043	4.414011001586914	18.782331466674805	3.926130771636963	nrefs:1|bs:10000|seed:20260913|case:mixed|eff:yes|nc:6|nw:2|space:no|version:2.6.0	1.0	312	False	False
results/legacy/qwen3/lezgi/grammar/original/results_lezgi_Qwen_grammar_summary_text.jsonl::grammar_text_chain	legacy	qwen3	Lezgi	grammar	original	grammar_text_chain	results/baseline/qwen3/lezgi/grammar/original/results_lezgi_Qwen.jsonl	chain_gloss	87	historical_same_model	0	0	0	0	chrF2++	18.759796156605592	21.265619361568415	2.505823204962823	0.012398760123987601	21.247058868408203	4.428238868713379	18.782331466674805	3.926130771636963	nrefs:1|bs:10000|seed:20260913|case:mixed|eff:yes|nc:6|nw:2|space:no|version:2.6.0	1.0	312	False	False
results/chain_gloss_v2/qwen3/natugu/grammar/original/chain_gloss_pdfpages_impactful_jpg_sampled_v1.jsonl::qwen3_context_chain_gloss	chain_gloss_v2	qwen3	Natugu	grammar	original	qwen3_context_chain_gloss	results/baseline/qwen3/natugu/grammar/original/results_natugu_Qwen.jsonl	chain_gloss	99	sampled_decoding_confounded	1	1	0	0	BLEU	2.8543137493652293	2.952976397883511	0.09866264851828177	0.34996500349965004	2.882455516307804	1.4657530654636286	2.8201814167520607	1.3572243031761926	nrefs:1|bs:10000|seed:20260913|case:mixed|eff:no|tok:13a|smooth:exp|version:2.6.0	1.0	14	False	False
results/curated_v1/qwen3/natugu/grammar/original/results_natugu_Qwen_curated_v1_cheatsheet_jpg.jsonl::grammar_image_chain	curated_v1	qwen3	Natugu	grammar	original	grammar_image_chain	results/baseline/qwen3/natugu/grammar/original/results_natugu_Qwen.jsonl	chain_gloss	99	historical_same_model	0	0	0	0	BLEU	2.8543137493652293	2.591383056369549	-0.2629306929956803	0.22817718228177183	2.49160679251838	1.3005426833995906	2.8201814167520607	1.3572243031761926	nrefs:1|bs:10000|seed:20260913|case:mixed|eff:no|tok:13a|smooth:exp|version:2.6.0	1.0	312	False	False
results/curated_v1/qwen3/natugu/grammar/original/results_natugu_Qwen_curated_v1_cheatsheet_txt.jsonl::grammar_text_chain	curated_v1	qwen3	Natugu	grammar	original	grammar_text_chain	results/baseline/qwen3/natugu/grammar/original/results_natugu_Qwen.jsonl	chain_gloss	99	historical_same_model	0	0	0	0	BLEU	2.8543137493652293	2.6028843028154385	-0.2514294465497908	0.26607339266073393	2.534797868848157	1.3648796229709705	2.8201814167520607	1.3572243031761926	nrefs:1|bs:10000|seed:20260913|case:mixed|eff:no|tok:13a|smooth:exp|version:2.6.0	1.0	312	False	False
results/curated_v1/qwen3/natugu/grammar/original/results_natugu_Qwen_curated_v1_summary_tables_jpg.jsonl::grammar_image_chain	curated_v1	qwen3	Natugu	grammar	original	grammar_image_chain	results/baseline/qwen3/natugu/grammar/original/results_natugu_Qwen.jsonl	chain_gloss	99	historical_same_model	0	0	0	0	BLEU	2.8543137493652293	1.1286431576428932	-1.725670591722336	0.0044995500449955	1.1295916951138667	0.6442095757307401	2.8201814167520607	1.3572243031761926	nrefs:1|bs:10000|seed:20260913|case:mixed|eff:no|tok:13a|smooth:exp|version:2.6.0	1.0	312	False	False
results/curated_v1/qwen3/natugu/grammar/original/results_natugu_Qwen_curated_v1_summary_tables_txt.jsonl::grammar_text_chain	curated_v1	qwen3	Natugu	grammar	original	grammar_text_chain	results/baseline/qwen3/natugu/grammar/original/results_natugu_Qwen.jsonl	chain_gloss	99	historical_same_model	0	0	0	0	BLEU	2.8543137493652293	2.113515405994331	-0.7407983433708982	0.11048895110488952	2.0807453402887615	1.0107445409488731	2.8201814167520607	1.3572243031761926	nrefs:1|bs:10000|seed:20260913|case:mixed|eff:no|tok:13a|smooth:exp|version:2.6.0	1.0	312	False	False
results/curated_v1/qwen3/natugu/grammar/original/results_natugu_Qwen_curated_v1_summary_text_txt.jsonl::grammar_text_chain	curated_v1	qwen3	Natugu	grammar	original	grammar_text_chain	results/baseline/qwen3/natugu/grammar/original/results_natugu_Qwen.jsonl	chain_gloss	99	historical_same_model	0	0	0	0	BLEU	2.8543137493652293	0.18971502331637266	-2.664598726048857	0.00029997000299970003	0.18512406929499534	0.09311988733750143	2.8201814167520607	1.3572243031761926	nrefs:1|bs:10000|seed:20260913|case:mixed|eff:no|tok:13a|smooth:exp|version:2.6.0	0.09329067093290672	312	False	False
results/legacy/qwen3/natugu/grammar/original/results_natugu_Qwen_cheatsheet.jsonl::grammar_image_chain	legacy	qwen3	Natugu	grammar	original	grammar_image_chain	results/baseline/qwen3/natugu/grammar/original/results_natugu_Qwen.jsonl	chain_gloss	99	historical_same_model	0	0	0	0	BLEU	2.8543137493652293	1.9225923083539909	-0.9317214410112384	0.058994100589941006	1.8700449176961556	1.0672544137062119	2.8201814167520607	1.3572243031761926	nrefs:1|bs:10000|seed:20260913|case:mixed|eff:no|tok:13a|smooth:exp|version:2.6.0	1.0	312	False	False
results/legacy/qwen3/natugu/grammar/original/results_natugu_Qwen_pdfpages.jsonl::grammar_image_chain	legacy	qwen3	Natugu	grammar	original	grammar_image_chain	results/baseline/qwen3/natugu/grammar/original/results_natugu_Qwen.jsonl	chain_gloss	99	historical_same_model	0	0	0	0	BLEU	2.8543137493652293	1.9428012227170894	-0.9115125266481399	0.0847915208479152	1.824824539581566	1.23075633120728	2.8201814167520607	1.3572243031761926	nrefs:1|bs:10000|seed:20260913|case:mixed|eff:no|tok:13a|smooth:exp|version:2.6.0	1.0	312	False	False
results/legacy/qwen3/natugu/grammar/original/results_natugu_Qwen_pdfpages_modelinput_all.jsonl::grammar_image_chain	legacy	qwen3	Natugu	grammar	original	grammar_image_chain	results/baseline/qwen3/natugu/grammar/original/results_natugu_Qwen.jsonl	chain_gloss	99	historical_same_model	0	0	0	0	BLEU	2.8543137493652293	1.0897595611920454	-1.7645541881731839	0.0112988701129887	1.0797791044056944	0.724416337502748	2.8201814167520607	1.3572243031761926	nrefs:1|bs:10000|seed:20260913|case:mixed|eff:no|tok:13a|smooth:exp|version:2.6.0	1.0	312	False	False
results/legacy/qwen3/natugu/grammar/original/results_natugu_Qwen_summary.jsonl::grammar_image_chain	legacy	qwen3	Natugu	grammar	original	grammar_image_chain	results/baseline/qwen3/natugu/grammar/original/results_natugu_Qwen.jsonl	chain_gloss	99	historical_same_model	0	0	0	0	BLEU	2.8543137493652293	3.05362898231862	0.1993152329533907	0.27817218278172184	2.9251350590363776	1.4083536468964195	2.8201814167520607	1.3572243031761926	nrefs:1|bs:10000|seed:20260913|case:mixed|eff:no|tok:13a|smooth:exp|version:2.6.0	1.0	312	False	False
results/legacy/qwen3/natugu/grammar/original/results_natugu_Qwen_summary_modelinput_all.jsonl::grammar_image_chain	legacy	qwen3	Natugu	grammar	original	grammar_image_chain	results/baseline/qwen3/natugu/grammar/original/results_natugu_Qwen.jsonl	chain_gloss	99	historical_same_model	0	0	0	0	BLEU	2.8543137493652293	1.5918818623794884	-1.262431886985741	0.022097790220977902	1.539312825475551	0.9204125855494172	2.8201814167520607	1.3572243031761926	nrefs:1|bs:10000|seed:20260913|case:mixed|eff:no|tok:13a|smooth:exp|version:2.6.0	1.0	312	False	False
results/legacy/qwen3/natugu/grammar/original/results_natugu_Qwen_summary_text.jsonl::grammar_text_chain	legacy	qwen3	Natugu	grammar	original	grammar_text_chain	results/baseline/qwen3/natugu/grammar/original/results_natugu_Qwen.jsonl	chain_gloss	99	historical_same_model	0	0	0	0	BLEU	2.8543137493652293	3.3885307513403276	0.5342170019750982	0.1486851314868513	3.3360004791010835	1.360265628006048	2.8201814167520607	1.3572243031761926	nrefs:1|bs:10000|seed:20260913|case:mixed|eff:no|tok:13a|smooth:exp|version:2.6.0	1.0	312	False	False
results/chain_gloss_v2/qwen3/natugu/grammar/original/chain_gloss_pdfpages_impactful_jpg_sampled_v1.jsonl::qwen3_context_chain_gloss	chain_gloss_v2	qwen3	Natugu	grammar	original	qwen3_context_chain_gloss	results/baseline/qwen3/natugu/grammar/original/results_natugu_Qwen.jsonl	chain_gloss	99	sampled_decoding_confounded	1	1	0	0	chrF2++	19.329741116620543	17.815947542064382	-1.5137935745561606	0.030296970302969704	17.79875373840332	1.5036916732788086	19.33164405822754	1.350332260131836	nrefs:1|bs:10000|seed:20260913|case:mixed|eff:yes|nc:6|nw:2|space:no|version:2.6.0	0.33326667333266674	14	False	False
results/curated_v1/qwen3/natugu/grammar/original/results_natugu_Qwen_curated_v1_cheatsheet_jpg.jsonl::grammar_image_chain	curated_v1	qwen3	Natugu	grammar	original	grammar_image_chain	results/baseline/qwen3/natugu/grammar/original/results_natugu_Qwen.jsonl	chain_gloss	99	historical_same_model	0	0	0	0	chrF2++	19.329741116620543	18.43471912641132	-0.8950219902092229	0.0694930506949305	18.43509864807129	1.1031341552734375	19.33164405822754	1.350332260131836	nrefs:1|bs:10000|seed:20260913|case:mixed|eff:yes|nc:6|nw:2|space:no|version:2.6.0	1.0	312	False	False
results/curated_v1/qwen3/natugu/grammar/original/results_natugu_Qwen_curated_v1_cheatsheet_txt.jsonl::grammar_text_chain	curated_v1	qwen3	Natugu	grammar	original	grammar_text_chain	results/baseline/qwen3/natugu/grammar/original/results_natugu_Qwen.jsonl	chain_gloss	99	historical_same_model	0	0	0	0	chrF2++	19.329741116620543	16.969734991359484	-2.3600061252610587	0.00029997000299970003	16.967723846435547	1.3642573356628418	19.33164405822754	1.350332260131836	nrefs:1|bs:10000|seed:20260913|case:mixed|eff:yes|nc:6|nw:2|space:no|version:2.6.0	0.09329067093290672	312	False	False
results/curated_v1/qwen3/natugu/grammar/original/results_natugu_Qwen_curated_v1_summary_tables_jpg.jsonl::grammar_image_chain	curated_v1	qwen3	Natugu	grammar	original	grammar_image_chain	results/baseline/qwen3/natugu/grammar/original/results_natugu_Qwen.jsonl	chain_gloss	99	historical_same_model	0	0	0	0	chrF2++	19.329741116620543	17.29591918490972	-2.033821931710822	0.0024997500249975004	17.287662506103516	1.2662200927734375	19.33164405822754	1.350332260131836	nrefs:1|bs:10000|seed:20260913|case:mixed|eff:yes|nc:6|nw:2|space:no|version:2.6.0	0.7649235076492351	312	False	False
results/curated_v1/qwen3/natugu/grammar/original/results_natugu_Qwen_curated_v1_summary_tables_txt.jsonl::grammar_text_chain	curated_v1	qwen3	Natugu	grammar	original	grammar_text_chain	results/baseline/qwen3/natugu/grammar/original/results_natugu_Qwen.jsonl	chain_gloss	99	historical_same_model	0	0	0	0	chrF2++	19.329741116620543	17.416092919147655	-1.913648197472888	0.0035996400359964	17.4158878326416	1.2854509353637695	19.33164405822754	1.350332260131836	nrefs:1|bs:10000|seed:20260913|case:mixed|eff:yes|nc:6|nw:2|space:no|version:2.6.0	1.0	312	False	False
results/curated_v1/qwen3/natugu/grammar/original/results_natugu_Qwen_curated_v1_summary_text_txt.jsonl::grammar_text_chain	curated_v1	qwen3	Natugu	grammar	original	grammar_text_chain	results/baseline/qwen3/natugu/grammar/original/results_natugu_Qwen.jsonl	chain_gloss	99	historical_same_model	0	0	0	0	chrF2++	19.329741116620543	12.373256511199113	-6.95648460542143	9.999000099990002e-05	12.37317180633545	1.0171003341674805	19.33164405822754	1.350332260131836	nrefs:1|bs:10000|seed:20260913|case:mixed|eff:yes|nc:6|nw:2|space:no|version:2.6.0	0.031196880311968805	312	False	True
results/legacy/qwen3/natugu/grammar/original/results_natugu_Qwen_cheatsheet.jsonl::grammar_image_chain	legacy	qwen3	Natugu	grammar	original	grammar_image_chain	results/baseline/qwen3/natugu/grammar/original/results_natugu_Qwen.jsonl	chain_gloss	99	historical_same_model	0	0	0	0	chrF2++	19.329741116620543	17.95159128956806	-1.3781498270524821	0.009499050094990502	17.955469131469727	1.4160289764404297	19.33164405822754	1.350332260131836	nrefs:1|bs:10000|seed:20260913|case:mixed|eff:yes|nc:6|nw:2|space:no|version:2.6.0	1.0	312	False	False
results/legacy/qwen3/natugu/grammar/original/results_natugu_Qwen_pdfpages.jsonl::grammar_image_chain	legacy	qwen3	Natugu	grammar	original	grammar_image_chain	results/baseline/qwen3/natugu/grammar/original/results_natugu_Qwen.jsonl	chain_gloss	99	historical_same_model	0	0	0	0	chrF2++	19.329741116620543	17.58512556671933	-1.7446155499012121	0.0052994700529947	17.586702346801758	1.020263671875	19.33164405822754	1.350332260131836	nrefs:1|bs:10000|seed:20260913|case:mixed|eff:yes|nc:6|nw:2|space:no|version:2.6.0	1.0	312	False	False
results/legacy/qwen3/natugu/grammar/original/results_natugu_Qwen_pdfpages_modelinput_all.jsonl::grammar_image_chain	legacy	qwen3	Natugu	grammar	original	grammar_image_chain	results/baseline/qwen3/natugu/grammar/original/results_natugu_Qwen.jsonl	chain_gloss	99	historical_same_model	0	0	0	0	chrF2++	19.329741116620543	17.283930524919725	-2.0458105917008176	0.0012998700129987	17.286048889160156	1.0579757690429688	19.33164405822754	1.350332260131836	nrefs:1|bs:10000|seed:20260913|case:mixed|eff:yes|nc:6|nw:2|space:no|version:2.6.0	0.39906009399060094	312	False	False
results/legacy/qwen3/natugu/grammar/original/results_natugu_Qwen_summary.jsonl::grammar_image_chain	legacy	qwen3	Natugu	grammar	original	grammar_image_chain	results/baseline/qwen3/natugu/grammar/original/results_natugu_Qwen.jsonl	chain_gloss	99	historical_same_model	0	0	0	0	chrF2++	19.329741116620543	18.020740837588942	-1.3090002790316007	0.016998300169983	18.027755737304688	1.3407344818115234	19.33164405822754	1.350332260131836	nrefs:1|bs:10000|seed:20260913|case:mixed|eff:yes|nc:6|nw:2|space:no|version:2.6.0	1.0	312	False	False
results/legacy/qwen3/natugu/grammar/original/results_natugu_Qwen_summary_modelinput_all.jsonl::grammar_image_chain	legacy	qwen3	Natugu	grammar	original	grammar_image_chain	results/baseline/qwen3/natugu/grammar/original/results_natugu_Qwen.jsonl	chain_gloss	99	historical_same_model	0	0	0	0	chrF2++	19.329741116620543	17.67152061283943	-1.6582205037811129	0.0030996900309969004	17.67728042602539	1.2497501373291016	19.33164405822754	1.350332260131836	nrefs:1|bs:10000|seed:20260913|case:mixed|eff:yes|nc:6|nw:2|space:no|version:2.6.0	0.9454054594540546	312	False	False
results/legacy/qwen3/natugu/grammar/original/results_natugu_Qwen_summary_text.jsonl::grammar_text_chain	legacy	qwen3	Natugu	grammar	original	grammar_text_chain	results/baseline/qwen3/natugu/grammar/original/results_natugu_Qwen.jsonl	chain_gloss	99	historical_same_model	0	0	0	0	chrF2++	19.329741116620543	19.490062537950482	0.16032142132993954	0.29027097290270976	19.480070114135742	1.283853530883789	19.33164405822754	1.350332260131836	nrefs:1|bs:10000|seed:20260913|case:mixed|eff:yes|nc:6|nw:2|space:no|version:2.6.0	1.0	312	False	False
results/chain_gloss_v2/qwen3/tsez/grammar/original/chain_gloss_pdfpages_impactful_jpg_sampled_v1.jsonl::qwen3_context_chain_gloss	chain_gloss_v2	qwen3	Tsez	grammar	original	qwen3_context_chain_gloss	results/baseline/qwen3/tsez/grammar/original/results_tsez_Qwen.jsonl	chain_gloss	445	sampled_decoding_confounded	1	1	0	1	BLEU	1.249593795913435	1.1891591072021055	-0.0604346887113294	0.30216978302169784	1.1636015090443015	0.42422526010235695	1.2164730999585502	0.44863086118008094	nrefs:1|bs:10000|seed:20260913|case:mixed|eff:no|tok:13a|smooth:exp|version:2.6.0	1.0	14	False	False
results/chain_gloss_v2/qwen3/tsez/grammar/original/chain_gloss_summary_text_txt_sampled_v1.jsonl::qwen3_context_chain_gloss	chain_gloss_v2	qwen3	Tsez	grammar	original	qwen3_context_chain_gloss	results/baseline/qwen3/tsez/grammar/original/results_tsez_Qwen.jsonl	chain_gloss	445	sampled_decoding_confounded	0	0	0	1	BLEU	1.249593795913435	1.4281967358824554	0.17860293996902055	0.20117988201179882	1.396279578217119	0.505855193403905	1.2164730999585502	0.44863086118008094	nrefs:1|bs:10000|seed:20260913|case:mixed|eff:no|tok:13a|smooth:exp|version:2.6.0	1.0	14	False	False
results/curated_v1/qwen3/tsez/grammar/original/results_tsez_Qwen_curated_v1_cheatsheet_jpg.jsonl::grammar_image_chain	curated_v1	qwen3	Tsez	grammar	original	grammar_image_chain	results/baseline/qwen3/tsez/grammar/original/results_tsez_Qwen.jsonl	chain_gloss	445	historical_same_model	0	0	0	1	BLEU	1.249593795913435	1.5001707281905015	0.25057693227706657	0.0832916708329167	1.480906817349445	0.4444376305701726	1.2164730999585502	0.44863086118008094	nrefs:1|bs:10000|seed:20260913|case:mixed|eff:no|tok:13a|smooth:exp|version:2.6.0	1.0	312	False	False
results/curated_v1/qwen3/tsez/grammar/original/results_tsez_Qwen_curated_v1_cheatsheet_txt.jsonl::grammar_text_chain	curated_v1	qwen3	Tsez	grammar	original	grammar_text_chain	results/baseline/qwen3/tsez/grammar/original/results_tsez_Qwen.jsonl	chain_gloss	445	historical_same_model	0	0	0	1	BLEU	1.249593795913435	1.5208521814688545	0.2712583855554196	0.1464853514648535	1.5032725613803626	0.4720085104019479	1.2164730999585502	0.44863086118008094	nrefs:1|bs:10000|seed:20260913|case:mixed|eff:no|tok:13a|smooth:exp|version:2.6.0	1.0	312	False	False
results/curated_v1/qwen3/tsez/grammar/original/results_tsez_Qwen_curated_v1_summary_tables_jpg.jsonl::grammar_image_chain	curated_v1	qwen3	Tsez	grammar	original	grammar_image_chain	results/baseline/qwen3/tsez/grammar/original/results_tsez_Qwen.jsonl	chain_gloss	445	historical_same_model	0	0	0	1	BLEU	1.249593795913435	1.5976954273292427	0.34810163141580786	0.07189281071892811	1.557612941305722	0.5088490059648114	1.2164730999585502	0.44863086118008094	nrefs:1|bs:10000|seed:20260913|case:mixed|eff:no|tok:13a|smooth:exp|version:2.6.0	1.0	312	False	False
results/curated_v1/qwen3/tsez/grammar/original/results_tsez_Qwen_curated_v1_summary_tables_txt.jsonl::grammar_text_chain	curated_v1	qwen3	Tsez	grammar	original	grammar_text_chain	results/baseline/qwen3/tsez/grammar/original/results_tsez_Qwen.jsonl	chain_gloss	445	historical_same_model	0	0	0	1	BLEU	1.249593795913435	1.5655571286630068	0.3159633327495719	0.12418758124187582	1.5386802582888521	0.5006407023749059	1.2164730999585502	0.44863086118008094	nrefs:1|bs:10000|seed:20260913|case:mixed|eff:no|tok:13a|smooth:exp|version:2.6.0	1.0	312	False	False
results/curated_v1/qwen3/tsez/grammar/original/results_tsez_Qwen_curated_v1_summary_text_txt.jsonl::grammar_text_chain	curated_v1	qwen3	Tsez	grammar	original	grammar_text_chain	results/baseline/qwen3/tsez/grammar/original/results_tsez_Qwen.jsonl	chain_gloss	445	historical_same_model	0	0	0	1	BLEU	1.249593795913435	1.5114263680338729	0.261832572120438	0.14658534146585342	1.4721442537572011	0.49138530597051144	1.2164730999585502	0.44863086118008094	nrefs:1|bs:10000|seed:20260913|case:mixed|eff:no|tok:13a|smooth:exp|version:2.6.0	1.0	312	False	False
results/chain_gloss_v2/qwen3/tsez/grammar/original/chain_gloss_pdfpages_impactful_jpg_sampled_v1.jsonl::qwen3_context_chain_gloss	chain_gloss_v2	qwen3	Tsez	grammar	original	qwen3_context_chain_gloss	results/baseline/qwen3/tsez/grammar/original/results_tsez_Qwen.jsonl	chain_gloss	445	sampled_decoding_confounded	1	1	0	1	chrF2++	17.054013027987832	17.223864565610373	0.16985153762254157	0.23027697230276972	17.217931747436523	0.5226039886474609	17.05590057373047	0.6950588226318359	nrefs:1|bs:10000|seed:20260913|case:mixed|eff:yes|nc:6|nw:2|space:no|version:2.6.0	1.0	14	False	False
results/chain_gloss_v2/qwen3/tsez/grammar/original/chain_gloss_summary_text_txt_sampled_v1.jsonl::qwen3_context_chain_gloss	chain_gloss_v2	qwen3	Tsez	grammar	original	qwen3_context_chain_gloss	results/baseline/qwen3/tsez/grammar/original/results_tsez_Qwen.jsonl	chain_gloss	445	sampled_decoding_confounded	0	0	0	1	chrF2++	17.054013027987832	17.991701591586278	0.9376885635984458	0.006799320067993201	17.98643684387207	0.5117549896240234	17.05590057373047	0.6950588226318359	nrefs:1|bs:10000|seed:20260913|case:mixed|eff:yes|nc:6|nw:2|space:no|version:2.6.0	0.09519048095190481	14	False	False
results/curated_v1/qwen3/tsez/grammar/original/results_tsez_Qwen_curated_v1_cheatsheet_jpg.jsonl::grammar_image_chain	curated_v1	qwen3	Tsez	grammar	original	grammar_image_chain	results/baseline/qwen3/tsez/grammar/original/results_tsez_Qwen.jsonl	chain_gloss	445	historical_same_model	0	0	0	1	chrF2++	17.054013027987832	17.19781173680009	0.14379870881225898	0.23807619238076191	17.19650650024414	0.5043725967407227	17.05590057373047	0.6950588226318359	nrefs:1|bs:10000|seed:20260913|case:mixed|eff:yes|nc:6|nw:2|space:no|version:2.6.0	1.0	312	False	False
results/curated_v1/qwen3/tsez/grammar/original/results_tsez_Qwen_curated_v1_cheatsheet_txt.jsonl::grammar_text_chain	curated_v1	qwen3	Tsez	grammar	original	grammar_text_chain	results/baseline/qwen3/tsez/grammar/original/results_tsez_Qwen.jsonl	chain_gloss	445	historical_same_model	0	0	0	1	chrF2++	17.054013027987832	17.159844862405084	0.10583183441725197	0.28257174282571745	17.156936645507812	0.5199184417724609	17.05590057373047	0.6950588226318359	nrefs:1|bs:10000|seed:20260913|case:mixed|eff:yes|nc:6|nw:2|space:no|version:2.6.0	1.0	312	False	False
results/curated_v1/qwen3/tsez/grammar/original/results_tsez_Qwen_curated_v1_summary_tables_jpg.jsonl::grammar_image_chain	curated_v1	qwen3	Tsez	grammar	original	grammar_image_chain	results/baseline/qwen3/tsez/grammar/original/results_tsez_Qwen.jsonl	chain_gloss	445	historical_same_model	0	0	0	1	chrF2++	17.054013027987832	17.515816378964725	0.4618033509768935	0.08259174082591741	17.513357162475586	0.501643180847168	17.05590057373047	0.6950588226318359	nrefs:1|bs:10000|seed:20260913|case:mixed|eff:yes|nc:6|nw:2|space:no|version:2.6.0	1.0	312	False	False
results/curated_v1/qwen3/tsez/grammar/original/results_tsez_Qwen_curated_v1_summary_tables_txt.jsonl::grammar_text_chain	curated_v1	qwen3	Tsez	grammar	original	grammar_text_chain	results/baseline/qwen3/tsez/grammar/original/results_tsez_Qwen.jsonl	chain_gloss	445	historical_same_model	0	0	0	1	chrF2++	17.054013027987832	17.529604651318863	0.4755916233310309	0.08999100089991001	17.52893829345703	0.5525131225585938	17.05590057373047	0.6950588226318359	nrefs:1|bs:10000|seed:20260913|case:mixed|eff:yes|nc:6|nw:2|space:no|version:2.6.0	1.0	312	False	False
results/curated_v1/qwen3/tsez/grammar/original/results_tsez_Qwen_curated_v1_summary_text_txt.jsonl::grammar_text_chain	curated_v1	qwen3	Tsez	grammar	original	grammar_text_chain	results/baseline/qwen3/tsez/grammar/original/results_tsez_Qwen.jsonl	chain_gloss	445	historical_same_model	0	0	0	1	chrF2++	17.054013027987832	17.564885557123795	0.5108725291359626	0.0643935606439356	17.563438415527344	0.5303573608398438	17.05590057373047	0.6950588226318359	nrefs:1|bs:10000|seed:20260913|case:mixed|eff:yes|nc:6|nw:2|space:no|version:2.6.0	1.0	312	False	False
results/curated_v1/qwen3/gitksan/pdf1_brown/original/results_gitksan_Qwen_ModelGloss_pdf1_brown_curated_v1_cheatsheet_jpg.jsonl::grammar_image_model_gloss	curated_v1	qwen3	Gitksan	pdf1_brown	original	grammar_image_model_gloss	results/baseline/qwen3/gitksan/grammar/original/results_gitksan_ModelGloss_Qwen.jsonl	model_gloss	37	historical_same_model	0	0	0	0	BLEU	14.110857727779262	14.394109726763272	0.2832519989840101	0.2953704629537046	14.291387530103876	4.2988877922638915	14.005588839036063	4.142949715205725	nrefs:1|bs:10000|seed:20260913|case:mixed|eff:no|tok:13a|smooth:exp|version:2.6.0	1.0	312	False	False
results/curated_v1/qwen3/gitksan/pdf1_brown/original/results_gitksan_Qwen_ModelGloss_pdf1_brown_curated_v1_cheatsheet_txt.jsonl::grammar_text_model_gloss	curated_v1	qwen3	Gitksan	pdf1_brown	original	grammar_text_model_gloss	results/baseline/qwen3/gitksan/grammar/original/results_gitksan_ModelGloss_Qwen.jsonl	model_gloss	37	historical_same_model	0	0	0	0	BLEU	14.110857727779262	16.593331302683307	2.482473574904045	0.024897510248975102	16.34749962238158	4.045029653244174	14.005588839036063	4.142949715205725	nrefs:1|bs:10000|seed:20260913|case:mixed|eff:no|tok:13a|smooth:exp|version:2.6.0	1.0	312	False	False
results/curated_v1/qwen3/gitksan/pdf1_brown/original/results_gitksan_Qwen_ModelGloss_pdf1_brown_curated_v1_pdfpages_impactful_jpg.jsonl::grammar_image_model_gloss	curated_v1	qwen3	Gitksan	pdf1_brown	original	grammar_image_model_gloss	results/baseline/qwen3/gitksan/grammar/original/results_gitksan_ModelGloss_Qwen.jsonl	model_gloss	37	historical_same_model	0	0	0	0	BLEU	14.110857727779262	15.213341066602421	1.1024833388231592	0.143985601439856	15.110969838742406	4.050055147058753	14.005588839036063	4.142949715205725	nrefs:1|bs:10000|seed:20260913|case:mixed|eff:no|tok:13a|smooth:exp|version:2.6.0	1.0	312	False	False
results/curated_v1/qwen3/gitksan/pdf1_brown/original/results_gitksan_Qwen_ModelGloss_pdf1_brown_curated_v1_summary_tables_jpg.jsonl::grammar_image_model_gloss	curated_v1	qwen3	Gitksan	pdf1_brown	original	grammar_image_model_gloss	results/baseline/qwen3/gitksan/grammar/original/results_gitksan_ModelGloss_Qwen.jsonl	model_gloss	37	historical_same_model	0	0	0	0	BLEU	14.110857727779262	13.962650679017205	-0.14820704876205681	0.3561643835616438	13.867416588951944	3.8035357058804102	14.005588839036063	4.142949715205725	nrefs:1|bs:10000|seed:20260913|case:mixed|eff:no|tok:13a|smooth:exp|version:2.6.0	1.0	312	False	False
results/curated_v1/qwen3/gitksan/pdf1_brown/original/results_gitksan_Qwen_ModelGloss_pdf1_brown_curated_v1_summary_tables_txt.jsonl::grammar_text_model_gloss	curated_v1	qwen3	Gitksan	pdf1_brown	original	grammar_text_model_gloss	results/baseline/qwen3/gitksan/grammar/original/results_gitksan_ModelGloss_Qwen.jsonl	model_gloss	37	historical_same_model	0	0	0	0	BLEU	14.110857727779262	16.312326121964894	2.201468394185632	0.0471952804719528	16.035915047934015	3.5191402652206225	14.005588839036063	4.142949715205725	nrefs:1|bs:10000|seed:20260913|case:mixed|eff:no|tok:13a|smooth:exp|version:2.6.0	1.0	312	False	False
results/curated_v1/qwen3/gitksan/pdf1_brown/original/results_gitksan_Qwen_ModelGloss_pdf1_brown_curated_v1_summary_text_txt.jsonl::grammar_text_model_gloss	curated_v1	qwen3	Gitksan	pdf1_brown	original	grammar_text_model_gloss	results/baseline/qwen3/gitksan/grammar/original/results_gitksan_ModelGloss_Qwen.jsonl	model_gloss	37	historical_same_model	0	0	0	0	BLEU	14.110857727779262	15.672065310863662	1.5612075830843999	0.1638836116388361	15.29195863363281	4.029457487819474	14.005588839036063	4.142949715205725	nrefs:1|bs:10000|seed:20260913|case:mixed|eff:no|tok:13a|smooth:exp|version:2.6.0	1.0	312	False	False
results/curated_v1/qwen3/gitksan/pdf2_rigsby/original/results_gitksan_Qwen_ModelGloss_pdf2_rigsby_curated_v1_cheatsheet_jpg.jsonl::grammar_image_model_gloss	curated_v1	qwen3	Gitksan	pdf2_rigsby	original	grammar_image_model_gloss	results/baseline/qwen3/gitksan/grammar/original/results_gitksan_ModelGloss_Qwen.jsonl	model_gloss	37	historical_same_model	0	0	0	0	BLEU	14.110857727779262	13.111579736185778	-0.999277991593484	0.16268373162683733	13.015216923186946	3.82796938462179	14.005588839036063	4.142949715205725	nrefs:1|bs:10000|seed:20260913|case:mixed|eff:no|tok:13a|smooth:exp|version:2.6.0	1.0	312	False	False
results/curated_v1/qwen3/gitksan/pdf2_rigsby/original/results_gitksan_Qwen_ModelGloss_pdf2_rigsby_curated_v1_cheatsheet_txt.jsonl::grammar_text_model_gloss	curated_v1	qwen3	Gitksan	pdf2_rigsby	original	grammar_text_model_gloss	results/baseline/qwen3/gitksan/grammar/original/results_gitksan_ModelGloss_Qwen.jsonl	model_gloss	37	historical_same_model	0	0	0	0	BLEU	14.110857727779262	15.092118431983701	0.9812607042044394	0.1526847315268473	14.970961003867085	3.6780636647189846	14.005588839036063	4.142949715205725	nrefs:1|bs:10000|seed:20260913|case:mixed|eff:no|tok:13a|smooth:exp|version:2.6.0	1.0	312	False	False
results/curated_v1/qwen3/gitksan/pdf2_rigsby/original/results_gitksan_Qwen_ModelGloss_pdf2_rigsby_curated_v1_pdfpages_impactful_jpg.jsonl::grammar_image_model_gloss	curated_v1	qwen3	Gitksan	pdf2_rigsby	original	grammar_image_model_gloss	results/baseline/qwen3/gitksan/grammar/original/results_gitksan_ModelGloss_Qwen.jsonl	model_gloss	37	historical_same_model	0	0	0	0	BLEU	14.110857727779262	14.042471098426818	-0.06838662935244422	0.3922607739226077	13.97737893582079	4.166643927069613	14.005588839036063	4.142949715205725	nrefs:1|bs:10000|seed:20260913|case:mixed|eff:no|tok:13a|smooth:exp|version:2.6.0	1.0	312	False	False
results/curated_v1/qwen3/gitksan/pdf2_rigsby/original/results_gitksan_Qwen_ModelGloss_pdf2_rigsby_curated_v1_summary_tables_jpg.jsonl::grammar_image_model_gloss	curated_v1	qwen3	Gitksan	pdf2_rigsby	original	grammar_image_model_gloss	results/baseline/qwen3/gitksan/grammar/original/results_gitksan_ModelGloss_Qwen.jsonl	model_gloss	37	historical_same_model	0	0	0	0	BLEU	14.110857727779262	13.344830255766032	-0.7660274720132296	0.19058094190580943	13.236659395023825	3.8060770109813413	14.005588839036063	4.142949715205725	nrefs:1|bs:10000|seed:20260913|case:mixed|eff:no|tok:13a|smooth:exp|version:2.6.0	1.0	312	False	False
results/curated_v1/qwen3/gitksan/pdf2_rigsby/original/results_gitksan_Qwen_ModelGloss_pdf2_rigsby_curated_v1_summary_tables_txt.jsonl::grammar_text_model_gloss	curated_v1	qwen3	Gitksan	pdf2_rigsby	original	grammar_text_model_gloss	results/baseline/qwen3/gitksan/grammar/original/results_gitksan_ModelGloss_Qwen.jsonl	model_gloss	37	historical_same_model	0	0	0	0	BLEU	14.110857727779262	16.011632960332136	1.9007752325528742	0.07849215078492151	15.715962127390336	3.5046169626540875	14.005588839036063	4.142949715205725	nrefs:1|bs:10000|seed:20260913|case:mixed|eff:no|tok:13a|smooth:exp|version:2.6.0	1.0	312	False	False
results/curated_v1/qwen3/gitksan/pdf2_rigsby/original/results_gitksan_Qwen_ModelGloss_pdf2_rigsby_curated_v1_summary_text_txt.jsonl::grammar_text_model_gloss	curated_v1	qwen3	Gitksan	pdf2_rigsby	original	grammar_text_model_gloss	results/baseline/qwen3/gitksan/grammar/original/results_gitksan_ModelGloss_Qwen.jsonl	model_gloss	37	historical_same_model	0	0	0	0	BLEU	14.110857727779262	14.93180640218085	0.8209486744015884	0.20307969203079693	14.743352936943161	3.6891746308745903	14.005588839036063	4.142949715205725	nrefs:1|bs:10000|seed:20260913|case:mixed|eff:no|tok:13a|smooth:exp|version:2.6.0	1.0	312	False	False
results/legacy/qwen3/gitksan/pdf1_brown/original/results_gitksan_Qwen_ModelGloss_pdf1_brown_cheatsheet.jsonl::grammar_image_model_gloss	legacy	qwen3	Gitksan	pdf1_brown	original	grammar_image_model_gloss	results/baseline/qwen3/gitksan/grammar/original/results_gitksan_ModelGloss_Qwen.jsonl	model_gloss	37	historical_same_model	0	0	0	0	BLEU	14.110857727779262	13.86616665602366	-0.2446910717556019	0.34306569343065696	13.751069907017174	4.029553305991997	14.005588839036063	4.142949715205725	nrefs:1|bs:10000|seed:20260913|case:mixed|eff:no|tok:13a|smooth:exp|version:2.6.0	1.0	312	False	False
results/legacy/qwen3/gitksan/pdf1_brown/original/results_gitksan_Qwen_ModelGloss_pdf1_brown_pdfpages_all_jpg.jsonl::grammar_image_model_gloss	legacy	qwen3	Gitksan	pdf1_brown	original	grammar_image_model_gloss	results/baseline/qwen3/gitksan/grammar/original/results_gitksan_ModelGloss_Qwen.jsonl	model_gloss	37	historical_same_model	0	0	0	0	BLEU	14.110857727779262	13.83033722477892	-0.2805205030003428	0.3468653134686531	13.680080470813547	4.122715311457851	14.005588839036063	4.142949715205725	nrefs:1|bs:10000|seed:20260913|case:mixed|eff:no|tok:13a|smooth:exp|version:2.6.0	1.0	312	False	False
results/legacy/qwen3/gitksan/pdf1_brown/original/results_gitksan_Qwen_ModelGloss_pdf1_brown_summary_tables.jsonl::grammar_image_model_gloss	legacy	qwen3	Gitksan	pdf1_brown	original	grammar_image_model_gloss	results/baseline/qwen3/gitksan/grammar/original/results_gitksan_ModelGloss_Qwen.jsonl	model_gloss	37	historical_same_model	0	0	0	0	BLEU	14.110857727779262	15.862740814175162	1.7518830863958996	0.0476952304769523	15.739564533716978	4.207124434437067	14.005588839036063	4.142949715205725	nrefs:1|bs:10000|seed:20260913|case:mixed|eff:no|tok:13a|smooth:exp|version:2.6.0	1.0	312	False	False
results/legacy/qwen3/gitksan/pdf1_brown/original/results_gitksan_Qwen_ModelGloss_pdf1_brown_summary_text.jsonl::grammar_text_model_gloss	legacy	qwen3	Gitksan	pdf1_brown	original	grammar_text_model_gloss	results/baseline/qwen3/gitksan/grammar/original/results_gitksan_ModelGloss_Qwen.jsonl	model_gloss	37	historical_same_model	0	0	0	0	BLEU	14.110857727779262	17.336375869286258	3.2255181415069956	0.0418958104189581	17.068135787990784	4.181339123845967	14.005588839036063	4.142949715205725	nrefs:1|bs:10000|seed:20260913|case:mixed|eff:no|tok:13a|smooth:exp|version:2.6.0	1.0	312	False	False
results/legacy/qwen3/gitksan/pdf2_rigsby/original/results_gitksan_Qwen_ModelGloss_pdf2_rigsby_cheatsheet.jsonl::grammar_image_model_gloss	legacy	qwen3	Gitksan	pdf2_rigsby	original	grammar_image_model_gloss	results/baseline/qwen3/gitksan/grammar/original/results_gitksan_ModelGloss_Qwen.jsonl	model_gloss	37	historical_same_model	0	0	0	0	BLEU	14.110857727779262	14.600999737591845	0.49014200981258327	0.20167983201679832	14.529034855916477	4.122644010798824	14.005588839036063	4.142949715205725	nrefs:1|bs:10000|seed:20260913|case:mixed|eff:no|tok:13a|smooth:exp|version:2.6.0	1.0	312	False	False
results/legacy/qwen3/gitksan/pdf2_rigsby/original/results_gitksan_Qwen_ModelGloss_pdf2_rigsby_pdfpages_all_jpg.jsonl::grammar_image_model_gloss	legacy	qwen3	Gitksan	pdf2_rigsby	original	grammar_image_model_gloss	results/baseline/qwen3/gitksan/grammar/original/results_gitksan_ModelGloss_Qwen.jsonl	model_gloss	37	historical_same_model	0	0	0	0	BLEU	14.110857727779262	12.656380175744616	-1.4544775520346462	0.1416858314168583	12.588170646114325	4.0762487678207915	14.005588839036063	4.142949715205725	nrefs:1|bs:10000|seed:20260913|case:mixed|eff:no|tok:13a|smooth:exp|version:2.6.0	1.0	312	False	False
results/legacy/qwen3/gitksan/pdf2_rigsby/original/results_gitksan_Qwen_ModelGloss_pdf2_rigsby_summary_tables.jsonl::grammar_image_model_gloss	legacy	qwen3	Gitksan	pdf2_rigsby	original	grammar_image_model_gloss	results/baseline/qwen3/gitksan/grammar/original/results_gitksan_ModelGloss_Qwen.jsonl	model_gloss	37	historical_same_model	0	0	0	0	BLEU	14.110857727779262	15.51061502156749	1.3997572937882286	0.056694330566943306	15.43311899915927	4.1394172673910195	14.005588839036063	4.142949715205725	nrefs:1|bs:10000|seed:20260913|case:mixed|eff:no|tok:13a|smooth:exp|version:2.6.0	1.0	312	False	False
results/legacy/qwen3/gitksan/pdf2_rigsby/original/results_gitksan_Qwen_ModelGloss_pdf2_rigsby_summary_text.jsonl::grammar_text_model_gloss	legacy	qwen3	Gitksan	pdf2_rigsby	original	grammar_text_model_gloss	results/baseline/qwen3/gitksan/grammar/original/results_gitksan_ModelGloss_Qwen.jsonl	model_gloss	37	historical_same_model	0	0	0	0	BLEU	14.110857727779262	15.767872306678905	1.657014578899643	0.10378962103789621	15.572435286559697	3.8067675557929865	14.005588839036063	4.142949715205725	nrefs:1|bs:10000|seed:20260913|case:mixed|eff:no|tok:13a|smooth:exp|version:2.6.0	1.0	312	False	False
results/curated_v1/qwen3/gitksan/pdf1_brown/original/results_gitksan_Qwen_ModelGloss_pdf1_brown_curated_v1_cheatsheet_jpg.jsonl::grammar_image_model_gloss	curated_v1	qwen3	Gitksan	pdf1_brown	original	grammar_image_model_gloss	results/baseline/qwen3/gitksan/grammar/original/results_gitksan_ModelGloss_Qwen.jsonl	model_gloss	37	historical_same_model	0	0	0	0	chrF2++	44.174254701636876	44.63049893434069	0.456244232703817	0.24977502249775022	44.56356430053711	4.201639175415039	44.14238739013672	3.713014602661133	nrefs:1|bs:10000|seed:20260913|case:mixed|eff:yes|nc:6|nw:2|space:no|version:2.6.0	1.0	312	False	False
results/curated_v1/qwen3/gitksan/pdf1_brown/original/results_gitksan_Qwen_ModelGloss_pdf1_brown_curated_v1_cheatsheet_txt.jsonl::grammar_text_model_gloss	curated_v1	qwen3	Gitksan	pdf1_brown	original	grammar_text_model_gloss	results/baseline/qwen3/gitksan/grammar/original/results_gitksan_ModelGloss_Qwen.jsonl	model_gloss	37	historical_same_model	0	0	0	0	chrF2++	44.174254701636876	47.5044654351258	3.3302107334889257	0.008999100089991	47.43061447143555	3.9304885864257812	44.14238739013672	3.713014602661133	nrefs:1|bs:10000|seed:20260913|case:mixed|eff:yes|nc:6|nw:2|space:no|version:2.6.0	1.0	312	False	False
results/curated_v1/qwen3/gitksan/pdf1_brown/original/results_gitksan_Qwen_ModelGloss_pdf1_brown_curated_v1_pdfpages_impactful_jpg.jsonl::grammar_image_model_gloss	curated_v1	qwen3	Gitksan	pdf1_brown	original	grammar_image_model_gloss	results/baseline/qwen3/gitksan/grammar/original/results_gitksan_ModelGloss_Qwen.jsonl	model_gloss	37	historical_same_model	0	0	0	0	chrF2++	44.174254701636876	44.92996583430852	0.7557111326716424	0.19888011198880112	44.9139518737793	3.718873977661133	44.14238739013672	3.713014602661133	nrefs:1|bs:10000|seed:20260913|case:mixed|eff:yes|nc:6|nw:2|space:no|version:2.6.0	1.0	312	False	False
results/curated_v1/qwen3/gitksan/pdf1_brown/original/results_gitksan_Qwen_ModelGloss_pdf1_brown_curated_v1_summary_tables_jpg.jsonl::grammar_image_model_gloss	curated_v1	qwen3	Gitksan	pdf1_brown	original	grammar_image_model_gloss	results/baseline/qwen3/gitksan/grammar/original/results_gitksan_ModelGloss_Qwen.jsonl	model_gloss	37	historical_same_model	0	0	0	0	chrF2++	44.174254701636876	44.1646724637531	-0.009582237883776656	0.41875812418758124	44.11199951171875	4.142726898193359	44.14238739013672	3.713014602661133	nrefs:1|bs:10000|seed:20260913|case:mixed|eff:yes|nc:6|nw:2|space:no|version:2.6.0	1.0	312	False	False
results/curated_v1/qwen3/gitksan/pdf1_brown/original/results_gitksan_Qwen_ModelGloss_pdf1_brown_curated_v1_summary_tables_txt.jsonl::grammar_text_model_gloss	curated_v1	qwen3	Gitksan	pdf1_brown	original	grammar_text_model_gloss	results/baseline/qwen3/gitksan/grammar/original/results_gitksan_ModelGloss_Qwen.jsonl	model_gloss	37	historical_same_model	0	0	0	0	chrF2++	44.174254701636876	46.52194427537736	2.3476895737404817	0.0377962203779622	46.490013122558594	3.856719970703125	44.14238739013672	3.713014602661133	nrefs:1|bs:10000|seed:20260913|case:mixed|eff:yes|nc:6|nw:2|space:no|version:2.6.0	1.0	312	False	False
results/curated_v1/qwen3/gitksan/pdf1_brown/original/results_gitksan_Qwen_ModelGloss_pdf1_brown_curated_v1_summary_text_txt.jsonl::grammar_text_model_gloss	curated_v1	qwen3	Gitksan	pdf1_brown	original	grammar_text_model_gloss	results/baseline/qwen3/gitksan/grammar/original/results_gitksan_ModelGloss_Qwen.jsonl	model_gloss	37	historical_same_model	0	0	0	0	chrF2++	44.174254701636876	46.738650981723836	2.56439628008696	0.0463953604639536	46.67206954956055	3.969907760620117	44.14238739013672	3.713014602661133	nrefs:1|bs:10000|seed:20260913|case:mixed|eff:yes|nc:6|nw:2|space:no|version:2.6.0	1.0	312	False	False
results/curated_v1/qwen3/gitksan/pdf2_rigsby/original/results_gitksan_Qwen_ModelGloss_pdf2_rigsby_curated_v1_cheatsheet_jpg.jsonl::grammar_image_model_gloss	curated_v1	qwen3	Gitksan	pdf2_rigsby	original	grammar_image_model_gloss	results/baseline/qwen3/gitksan/grammar/original/results_gitksan_ModelGloss_Qwen.jsonl	model_gloss	37	historical_same_model	0	0	0	0	chrF2++	44.174254701636876	43.320459234548736	-0.8537954670881405	0.1488851114888511	43.28664016723633	3.7162742614746094	44.14238739013672	3.713014602661133	nrefs:1|bs:10000|seed:20260913|case:mixed|eff:yes|nc:6|nw:2|space:no|version:2.6.0	1.0	312	False	False
results/curated_v1/qwen3/gitksan/pdf2_rigsby/original/results_gitksan_Qwen_ModelGloss_pdf2_rigsby_curated_v1_cheatsheet_txt.jsonl::grammar_text_model_gloss	curated_v1	qwen3	Gitksan	pdf2_rigsby	original	grammar_text_model_gloss	results/baseline/qwen3/gitksan/grammar/original/results_gitksan_ModelGloss_Qwen.jsonl	model_gloss	37	historical_same_model	0	0	0	0	chrF2++	44.174254701636876	45.39954917096711	1.2252944693302368	0.12858714128587143	45.33083724975586	3.8496837615966797	44.14238739013672	3.713014602661133	nrefs:1|bs:10000|seed:20260913|case:mixed|eff:yes|nc:6|nw:2|space:no|version:2.6.0	1.0	312	False	False
results/curated_v1/qwen3/gitksan/pdf2_rigsby/original/results_gitksan_Qwen_ModelGloss_pdf2_rigsby_curated_v1_pdfpages_impactful_jpg.jsonl::grammar_image_model_gloss	curated_v1	qwen3	Gitksan	pdf2_rigsby	original	grammar_image_model_gloss	results/baseline/qwen3/gitksan/grammar/original/results_gitksan_ModelGloss_Qwen.jsonl	model_gloss	37	historical_same_model	0	0	0	0	chrF2++	44.174254701636876	43.859137200648306	-0.3151175009885705	0.3086691330866913	43.813758850097656	4.551328659057617	44.14238739013672	3.713014602661133	nrefs:1|bs:10000|seed:20260913|case:mixed|eff:yes|nc:6|nw:2|space:no|version:2.6.0	1.0	312	False	False
results/curated_v1/qwen3/gitksan/pdf2_rigsby/original/results_gitksan_Qwen_ModelGloss_pdf2_rigsby_curated_v1_summary_tables_jpg.jsonl::grammar_image_model_gloss	curated_v1	qwen3	Gitksan	pdf2_rigsby	original	grammar_image_model_gloss	results/baseline/qwen3/gitksan/grammar/original/results_gitksan_ModelGloss_Qwen.jsonl	model_gloss	37	historical_same_model	0	0	0	0	chrF2++	44.174254701636876	43.61089365010643	-0.5633610515304426	0.20437956204379562	43.57960510253906	3.5652427673339844	44.14238739013672	3.713014602661133	nrefs:1|bs:10000|seed:20260913|case:mixed|eff:yes|nc:6|nw:2|space:no|version:2.6.0	1.0	312	False	False
results/curated_v1/qwen3/gitksan/pdf2_rigsby/original/results_gitksan_Qwen_ModelGloss_pdf2_rigsby_curated_v1_summary_tables_txt.jsonl::grammar_text_model_gloss	curated_v1	qwen3	Gitksan	pdf2_rigsby	original	grammar_text_model_gloss	results/baseline/qwen3/gitksan/grammar/original/results_gitksan_ModelGloss_Qwen.jsonl	model_gloss	37	historical_same_model	0	0	0	0	chrF2++	44.174254701636876	46.1887260788997	2.014471377262822	0.071992800719928	46.10393142700195	3.9586753845214844	44.14238739013672	3.713014602661133	nrefs:1|bs:10000|seed:20260913|case:mixed|eff:yes|nc:6|nw:2|space:no|version:2.6.0	1.0	312	False	False
results/curated_v1/qwen3/gitksan/pdf2_rigsby/original/results_gitksan_Qwen_ModelGloss_pdf2_rigsby_curated_v1_summary_text_txt.jsonl::grammar_text_model_gloss	curated_v1	qwen3	Gitksan	pdf2_rigsby	original	grammar_text_model_gloss	results/baseline/qwen3/gitksan/grammar/original/results_gitksan_ModelGloss_Qwen.jsonl	model_gloss	37	historical_same_model	0	0	0	0	chrF2++	44.174254701636876	44.858514683828474	0.6842599821915982	0.22327767223277672	44.781837463378906	3.9182872772216797	44.14238739013672	3.713014602661133	nrefs:1|bs:10000|seed:20260913|case:mixed|eff:yes|nc:6|nw:2|space:no|version:2.6.0	1.0	312	False	False
results/legacy/qwen3/gitksan/pdf1_brown/original/results_gitksan_Qwen_ModelGloss_pdf1_brown_cheatsheet.jsonl::grammar_image_model_gloss	legacy	qwen3	Gitksan	pdf1_brown	original	grammar_image_model_gloss	results/baseline/qwen3/gitksan/grammar/original/results_gitksan_ModelGloss_Qwen.jsonl	model_gloss	37	historical_same_model	0	0	0	0	chrF2++	44.174254701636876	44.573019102303746	0.39876440066687024	0.2735726427357264	44.53663635253906	4.010435104370117	44.14238739013672	3.713014602661133	nrefs:1|bs:10000|seed:20260913|case:mixed|eff:yes|nc:6|nw:2|space:no|version:2.6.0	1.0	312	False	False
results/legacy/qwen3/gitksan/pdf1_brown/original/results_gitksan_Qwen_ModelGloss_pdf1_brown_pdfpages_all_jpg.jsonl::grammar_image_model_gloss	legacy	qwen3	Gitksan	pdf1_brown	original	grammar_image_model_gloss	results/baseline/qwen3/gitksan/grammar/original/results_gitksan_ModelGloss_Qwen.jsonl	model_gloss	37	historical_same_model	0	0	0	0	chrF2++	44.174254701636876	42.157085396898935	-2.0171693047379406	0.08539146085391461	42.09202575683594	3.6656360626220703	44.14238739013672	3.713014602661133	nrefs:1|bs:10000|seed:20260913|case:mixed|eff:yes|nc:6|nw:2|space:no|version:2.6.0	1.0	312	False	False
results/legacy/qwen3/gitksan/pdf1_brown/original/results_gitksan_Qwen_ModelGloss_pdf1_brown_summary_tables.jsonl::grammar_image_model_gloss	legacy	qwen3	Gitksan	pdf1_brown	original	grammar_image_model_gloss	results/baseline/qwen3/gitksan/grammar/original/results_gitksan_ModelGloss_Qwen.jsonl	model_gloss	37	historical_same_model	0	0	0	0	chrF2++	44.174254701636876	45.10079436736268	0.9265396657258052	0.16868313168683133	45.037166595458984	4.32850456237793	44.14238739013672	3.713014602661133	nrefs:1|bs:10000|seed:20260913|case:mixed|eff:yes|nc:6|nw:2|space:no|version:2.6.0	1.0	312	False	False
results/legacy/qwen3/gitksan/pdf1_brown/original/results_gitksan_Qwen_ModelGloss_pdf1_brown_summary_text.jsonl::grammar_text_model_gloss	legacy	qwen3	Gitksan	pdf1_brown	original	grammar_text_model_gloss	results/baseline/qwen3/gitksan/grammar/original/results_gitksan_ModelGloss_Qwen.jsonl	model_gloss	37	historical_same_model	0	0	0	0	chrF2++	44.174254701636876	47.75379226653472	3.5795375648978407	0.007999200079992	47.69955825805664	3.7613754272460938	44.14238739013672	3.713014602661133	nrefs:1|bs:10000|seed:20260913|case:mixed|eff:yes|nc:6|nw:2|space:no|version:2.6.0	1.0	312	False	False
results/legacy/qwen3/gitksan/pdf2_rigsby/original/results_gitksan_Qwen_ModelGloss_pdf2_rigsby_cheatsheet.jsonl::grammar_image_model_gloss	legacy	qwen3	Gitksan	pdf2_rigsby	original	grammar_image_model_gloss	results/baseline/qwen3/gitksan/grammar/original/results_gitksan_ModelGloss_Qwen.jsonl	model_gloss	37	historical_same_model	0	0	0	0	chrF2++	44.174254701636876	43.56113068928424	-0.6131240123526354	0.1797820217978202	43.52295684814453	3.6472320556640625	44.14238739013672	3.713014602661133	nrefs:1|bs:10000|seed:20260913|case:mixed|eff:yes|nc:6|nw:2|space:no|version:2.6.0	1.0	312	False	False
results/legacy/qwen3/gitksan/pdf2_rigsby/original/results_gitksan_Qwen_ModelGloss_pdf2_rigsby_pdfpages_all_jpg.jsonl::grammar_image_model_gloss	legacy	qwen3	Gitksan	pdf2_rigsby	original	grammar_image_model_gloss	results/baseline/qwen3/gitksan/grammar/original/results_gitksan_ModelGloss_Qwen.jsonl	model_gloss	37	historical_same_model	0	0	0	0	chrF2++	44.174254701636876	43.01695614038252	-1.1572985612543576	0.15208479152084792	42.9734001159668	4.54248046875	44.14238739013672	3.713014602661133	nrefs:1|bs:10000|seed:20260913|case:mixed|eff:yes|nc:6|nw:2|space:no|version:2.6.0	1.0	312	False	False
results/legacy/qwen3/gitksan/pdf2_rigsby/original/results_gitksan_Qwen_ModelGloss_pdf2_rigsby_summary_tables.jsonl::grammar_image_model_gloss	legacy	qwen3	Gitksan	pdf2_rigsby	original	grammar_image_model_gloss	results/baseline/qwen3/gitksan/grammar/original/results_gitksan_ModelGloss_Qwen.jsonl	model_gloss	37	historical_same_model	0	0	0	0	chrF2++	44.174254701636876	44.20702580615429	0.032771104517415495	0.40575942405759424	44.16608810424805	3.9262008666992188	44.14238739013672	3.713014602661133	nrefs:1|bs:10000|seed:20260913|case:mixed|eff:yes|nc:6|nw:2|space:no|version:2.6.0	1.0	312	False	False
results/legacy/qwen3/gitksan/pdf2_rigsby/original/results_gitksan_Qwen_ModelGloss_pdf2_rigsby_summary_text.jsonl::grammar_text_model_gloss	legacy	qwen3	Gitksan	pdf2_rigsby	original	grammar_text_model_gloss	results/baseline/qwen3/gitksan/grammar/original/results_gitksan_ModelGloss_Qwen.jsonl	model_gloss	37	historical_same_model	0	0	0	0	chrF2++	44.174254701636876	45.1019656115688	0.9277109099319247	0.1827817218278172	45.028724670410156	4.046417236328125	44.14238739013672	3.713014602661133	nrefs:1|bs:10000|seed:20260913|case:mixed|eff:yes|nc:6|nw:2|space:no|version:2.6.0	1.0	312	False	False
results/curated_v1/qwen3/gitksan/pdf1_brown/original/results_gitksan_Qwen_pdf1_brown_curated_v1_cheatsheet_jpg.jsonl::grammar_image_shot	curated_v1	qwen3	Gitksan	pdf1_brown	original	grammar_image_shot	results/baseline/qwen3/gitksan/grammar/original/results_gitksan_Qwen.jsonl	gloss_shot	37	historical_same_model	0	0	0	0	BLEU	4.295472796616121	3.6724468211284886	-0.6230259754876322	0.15578442155784422	3.534607945024471	2.5117286219819603	4.1133640097601125	2.509413288334562	nrefs:1|bs:10000|seed:20260913|case:mixed|eff:no|tok:13a|smooth:exp|version:2.6.0	1.0	312	False	False
results/curated_v1/qwen3/gitksan/pdf1_brown/original/results_gitksan_Qwen_pdf1_brown_curated_v1_cheatsheet_txt.jsonl::grammar_text_shot	curated_v1	qwen3	Gitksan	pdf1_brown	original	grammar_text_shot	results/baseline/qwen3/gitksan/grammar/original/results_gitksan_Qwen.jsonl	gloss_shot	37	historical_same_model	0	0	0	0	BLEU	4.295472796616121	4.110872541516414	-0.18460025509970723	0.2953704629537046	3.9714523629927267	2.402017520057898	4.1133640097601125	2.509413288334562	nrefs:1|bs:10000|seed:20260913|case:mixed|eff:no|tok:13a|smooth:exp|version:2.6.0	1.0	312	False	False
results/curated_v1/qwen3/gitksan/pdf1_brown/original/results_gitksan_Qwen_pdf1_brown_curated_v1_pdfpages_impactful_jpg.jsonl::grammar_image_shot	curated_v1	qwen3	Gitksan	pdf1_brown	original	grammar_image_shot	results/baseline/qwen3/gitksan/grammar/original/results_gitksan_Qwen.jsonl	gloss_shot	37	historical_same_model	0	0	0	0	BLEU	4.295472796616121	3.11490294446124	-1.1805698521548806	0.08859114088591141	3.1118834013566934	2.3543536923356863	4.1133640097601125	2.509413288334562	nrefs:1|bs:10000|seed:20260913|case:mixed|eff:no|tok:13a|smooth:exp|version:2.6.0	1.0	312	False	False
results/curated_v1/qwen3/gitksan/pdf1_brown/original/results_gitksan_Qwen_pdf1_brown_curated_v1_summary_tables_jpg.jsonl::grammar_image_shot	curated_v1	qwen3	Gitksan	pdf1_brown	original	grammar_image_shot	results/baseline/qwen3/gitksan/grammar/original/results_gitksan_Qwen.jsonl	gloss_shot	37	historical_same_model	0	0	0	0	BLEU	4.295472796616121	3.0912223580249254	-1.2042504385911954	0.0430956904309569	2.990812488641333	1.9018960628073034	4.1133640097601125	2.509413288334562	nrefs:1|bs:10000|seed:20260913|case:mixed|eff:no|tok:13a|smooth:exp|version:2.6.0	1.0	312	False	False
results/curated_v1/qwen3/gitksan/pdf1_brown/original/results_gitksan_Qwen_pdf1_brown_curated_v1_summary_tables_txt.jsonl::grammar_text_shot	curated_v1	qwen3	Gitksan	pdf1_brown	original	grammar_text_shot	results/baseline/qwen3/gitksan/grammar/original/results_gitksan_Qwen.jsonl	gloss_shot	37	historical_same_model	0	0	0	0	BLEU	4.295472796616121	4.017180493994642	-0.2782923026214785	0.263973602639736	3.8667962859995715	2.362420884824518	4.1133640097601125	2.509413288334562	nrefs:1|bs:10000|seed:20260913|case:mixed|eff:no|tok:13a|smooth:exp|version:2.6.0	1.0	312	False	False
results/curated_v1/qwen3/gitksan/pdf1_brown/original/results_gitksan_Qwen_pdf1_brown_curated_v1_summary_text_txt.jsonl::grammar_text_shot	curated_v1	qwen3	Gitksan	pdf1_brown	original	grammar_text_shot	results/baseline/qwen3/gitksan/grammar/original/results_gitksan_Qwen.jsonl	gloss_shot	37	historical_same_model	0	0	0	0	BLEU	4.295472796616121	3.9346013276507685	-0.36087146896535227	0.25707429257074293	3.947428053942549	2.5747127464645243	4.1133640097601125	2.509413288334562	nrefs:1|bs:10000|seed:20260913|case:mixed|eff:no|tok:13a|smooth:exp|version:2.6.0	1.0	312	False	False
results/curated_v1/qwen3/gitksan/pdf2_rigsby/original/results_gitksan_Qwen_pdf2_rigsby_curated_v1_cheatsheet_jpg.jsonl::grammar_image_shot	curated_v1	qwen3	Gitksan	pdf2_rigsby	original	grammar_image_shot	results/baseline/qwen3/gitksan/grammar/original/results_gitksan_Qwen.jsonl	gloss_shot	37	historical_same_model	0	0	0	0	BLEU	4.295472796616121	5.054136192068342	0.7586633954522215	0.18768123187681232	4.897463459064508	2.811818636174756	4.1133640097601125	2.509413288334562	nrefs:1|bs:10000|seed:20260913|case:mixed|eff:no|tok:13a|smooth:exp|version:2.6.0	1.0	312	False	False
results/curated_v1/qwen3/gitksan/pdf2_rigsby/original/results_gitksan_Qwen_pdf2_rigsby_curated_v1_cheatsheet_txt.jsonl::grammar_text_shot	curated_v1	qwen3	Gitksan	pdf2_rigsby	original	grammar_text_shot	results/baseline/qwen3/gitksan/grammar/original/results_gitksan_Qwen.jsonl	gloss_shot	37	historical_same_model	0	0	0	0	BLEU	4.295472796616121	4.460250117871879	0.16477732125575795	0.30926907309269075	4.260212150553821	2.4697876855349836	4.1133640097601125	2.509413288334562	nrefs:1|bs:10000|seed:20260913|case:mixed|eff:no|tok:13a|smooth:exp|version:2.6.0	1.0	312	False	False
results/curated_v1/qwen3/gitksan/pdf2_rigsby/original/results_gitksan_Qwen_pdf2_rigsby_curated_v1_pdfpages_impactful_jpg.jsonl::grammar_image_shot	curated_v1	qwen3	Gitksan	pdf2_rigsby	original	grammar_image_shot	results/baseline/qwen3/gitksan/grammar/original/results_gitksan_Qwen.jsonl	gloss_shot	37	historical_same_model	0	0	0	0	BLEU	4.295472796616121	5.345998590111232	1.0505257934951109	0.1683831616838316	5.192661198909021	3.107535989066733	4.1133640097601125	2.509413288334562	nrefs:1|bs:10000|seed:20260913|case:mixed|eff:no|tok:13a|smooth:exp|version:2.6.0	1.0	312	False	False
results/curated_v1/qwen3/gitksan/pdf2_rigsby/original/results_gitksan_Qwen_pdf2_rigsby_curated_v1_summary_tables_jpg.jsonl::grammar_image_shot	curated_v1	qwen3	Gitksan	pdf2_rigsby	original	grammar_image_shot	results/baseline/qwen3/gitksan/grammar/original/results_gitksan_Qwen.jsonl	gloss_shot	37	historical_same_model	0	0	0	0	BLEU	4.295472796616121	5.080662201173133	0.7851894045570118	0.1902809719028097	4.92113807085826	2.841065604924063	4.1133640097601125	2.509413288334562	nrefs:1|bs:10000|seed:20260913|case:mixed|eff:no|tok:13a|smooth:exp|version:2.6.0	1.0	312	False	False
results/curated_v1/qwen3/gitksan/pdf2_rigsby/original/results_gitksan_Qwen_pdf2_rigsby_curated_v1_summary_tables_txt.jsonl::grammar_text_shot	curated_v1	qwen3	Gitksan	pdf2_rigsby	original	grammar_text_shot	results/baseline/qwen3/gitksan/grammar/original/results_gitksan_Qwen.jsonl	gloss_shot	37	historical_same_model	0	0	0	0	BLEU	4.295472796616121	4.246689249461563	-0.04878354715455746	0.38616138386161386	4.091491763076515	2.4445113479684566	4.1133640097601125	2.509413288334562	nrefs:1|bs:10000|seed:20260913|case:mixed|eff:no|tok:13a|smooth:exp|version:2.6.0	1.0	312	False	False
results/curated_v1/qwen3/gitksan/pdf2_rigsby/original/results_gitksan_Qwen_pdf2_rigsby_curated_v1_summary_text_txt.jsonl::grammar_text_shot	curated_v1	qwen3	Gitksan	pdf2_rigsby	original	grammar_text_shot	results/baseline/qwen3/gitksan/grammar/original/results_gitksan_Qwen.jsonl	gloss_shot	37	historical_same_model	0	0	0	0	BLEU	4.295472796616121	4.977931679236973	0.6824588826208524	0.1675832416758324	4.824306869159359	2.6090295178914378	4.1133640097601125	2.509413288334562	nrefs:1|bs:10000|seed:20260913|case:mixed|eff:no|tok:13a|smooth:exp|version:2.6.0	1.0	312	False	False
results/legacy/qwen3/gitksan/pdf1_brown/original/results_gitksan_Qwen_pdf1_brown_cheatsheet.jsonl::grammar_image_shot	legacy	qwen3	Gitksan	pdf1_brown	original	grammar_image_shot	results/baseline/qwen3/gitksan/grammar/original/results_gitksan_Qwen.jsonl	gloss_shot	37	historical_same_model	0	0	0	0	BLEU	4.295472796616121	2.800947342893837	-1.4945254537222836	0.025697430256974303	2.7670656008014434	2.212324469664922	4.1133640097601125	2.509413288334562	nrefs:1|bs:10000|seed:20260913|case:mixed|eff:no|tok:13a|smooth:exp|version:2.6.0	1.0	312	False	False
results/legacy/qwen3/gitksan/pdf1_brown/original/results_gitksan_Qwen_pdf1_brown_pdfpages_all_jpg.jsonl::grammar_image_shot	legacy	qwen3	Gitksan	pdf1_brown	original	grammar_image_shot	results/baseline/qwen3/gitksan/grammar/original/results_gitksan_Qwen.jsonl	gloss_shot	37	historical_same_model	0	0	0	0	BLEU	4.295472796616121	3.9041895750099154	-0.39128322160620543	0.21637836216378362	3.7706112788659447	2.3021623082019227	4.1133640097601125	2.509413288334562	nrefs:1|bs:10000|seed:20260913|case:mixed|eff:no|tok:13a|smooth:exp|version:2.6.0	1.0	312	False	False
results/legacy/qwen3/gitksan/pdf1_brown/original/results_gitksan_Qwen_pdf1_brown_summary_tables.jsonl::grammar_image_shot	legacy	qwen3	Gitksan	pdf1_brown	original	grammar_image_shot	results/baseline/qwen3/gitksan/grammar/original/results_gitksan_Qwen.jsonl	gloss_shot	37	historical_same_model	0	0	0	0	BLEU	4.295472796616121	2.770337447769578	-1.525135348846543	0.0306969303069693	2.729278633316481	2.2150089369261763	4.1133640097601125	2.509413288334562	nrefs:1|bs:10000|seed:20260913|case:mixed|eff:no|tok:13a|smooth:exp|version:2.6.0	1.0	312	False	False
results/legacy/qwen3/gitksan/pdf1_brown/original/results_gitksan_Qwen_pdf1_brown_summary_text.jsonl::grammar_text_shot	legacy	qwen3	Gitksan	pdf1_brown	original	grammar_text_shot	results/baseline/qwen3/gitksan/grammar/original/results_gitksan_Qwen.jsonl	gloss_shot	37	historical_same_model	0	0	0	0	BLEU	4.295472796616121	4.923182894848855	0.6277100982327344	0.20407959204079593	4.761054095914672	2.6349027116004957	4.1133640097601125	2.509413288334562	nrefs:1|bs:10000|seed:20260913|case:mixed|eff:no|tok:13a|smooth:exp|version:2.6.0	1.0	312	False	False
results/legacy/qwen3/gitksan/pdf2_rigsby/original/results_gitksan_Qwen_pdf2_rigsby_cheatsheet.jsonl::grammar_image_shot	legacy	qwen3	Gitksan	pdf2_rigsby	original	grammar_image_shot	results/baseline/qwen3/gitksan/grammar/original/results_gitksan_Qwen.jsonl	gloss_shot	37	historical_same_model	0	0	0	0	BLEU	4.295472796616121	5.013835599833256	0.7183628032171354	0.19928007199280073	4.8231913304715235	2.8482677640187557	4.1133640097601125	2.509413288334562	nrefs:1|bs:10000|seed:20260913|case:mixed|eff:no|tok:13a|smooth:exp|version:2.6.0	1.0	312	False	False
results/legacy/qwen3/gitksan/pdf2_rigsby/original/results_gitksan_Qwen_pdf2_rigsby_pdfpages_all_jpg.jsonl::grammar_image_shot	legacy	qwen3	Gitksan	pdf2_rigsby	original	grammar_image_shot	results/baseline/qwen3/gitksan/grammar/original/results_gitksan_Qwen.jsonl	gloss_shot	37	historical_same_model	0	0	0	0	BLEU	4.295472796616121	3.115411281618098	-1.1800615149980227	0.028097190280971903	2.990251621110476	2.388885786400751	4.1133640097601125	2.509413288334562	nrefs:1|bs:10000|seed:20260913|case:mixed|eff:no|tok:13a|smooth:exp|version:2.6.0	1.0	312	False	False
results/legacy/qwen3/gitksan/pdf2_rigsby/original/results_gitksan_Qwen_pdf2_rigsby_summary_tables.jsonl::grammar_image_shot	legacy	qwen3	Gitksan	pdf2_rigsby	original	grammar_image_shot	results/baseline/qwen3/gitksan/grammar/original/results_gitksan_Qwen.jsonl	gloss_shot	37	historical_same_model	0	0	0	0	BLEU	4.295472796616121	5.075634141523006	0.7801613449068849	0.1872812718728127	4.882234299444956	2.854820492693846	4.1133640097601125	2.509413288334562	nrefs:1|bs:10000|seed:20260913|case:mixed|eff:no|tok:13a|smooth:exp|version:2.6.0	1.0	312	False	False
results/legacy/qwen3/gitksan/pdf2_rigsby/original/results_gitksan_Qwen_pdf2_rigsby_summary_text.jsonl::grammar_text_shot	legacy	qwen3	Gitksan	pdf2_rigsby	original	grammar_text_shot	results/baseline/qwen3/gitksan/grammar/original/results_gitksan_Qwen.jsonl	gloss_shot	37	historical_same_model	0	0	0	0	BLEU	4.295472796616121	4.608148103939322	0.31267530732320115	0.27787221277872215	4.529621670365645	2.5696810292100594	4.1133640097601125	2.509413288334562	nrefs:1|bs:10000|seed:20260913|case:mixed|eff:no|tok:13a|smooth:exp|version:2.6.0	1.0	312	False	False
results/curated_v1/qwen3/gitksan/pdf1_brown/original/results_gitksan_Qwen_pdf1_brown_curated_v1_cheatsheet_jpg.jsonl::grammar_image_shot	curated_v1	qwen3	Gitksan	pdf1_brown	original	grammar_image_shot	results/baseline/qwen3/gitksan/grammar/original/results_gitksan_Qwen.jsonl	gloss_shot	37	historical_same_model	0	0	0	0	chrF2++	23.589033351434836	24.219539438987596	0.6305060875527602	0.14978502149785022	24.237199783325195	3.490237236022949	23.60906410217285	3.9006147384643555	nrefs:1|bs:10000|seed:20260913|case:mixed|eff:yes|nc:6|nw:2|space:no|version:2.6.0	1.0	312	False	False
results/curated_v1/qwen3/gitksan/pdf1_brown/original/results_gitksan_Qwen_pdf1_brown_curated_v1_cheatsheet_txt.jsonl::grammar_text_shot	curated_v1	qwen3	Gitksan	pdf1_brown	original	grammar_text_shot	results/baseline/qwen3/gitksan/grammar/original/results_gitksan_Qwen.jsonl	gloss_shot	37	historical_same_model	0	0	0	0	chrF2++	23.589033351434836	23.894457102368925	0.30542375093408936	0.2666733326667333	23.916597366333008	3.5940093994140625	23.60906410217285	3.9006147384643555	nrefs:1|bs:10000|seed:20260913|case:mixed|eff:yes|nc:6|nw:2|space:no|version:2.6.0	1.0	312	False	False
results/curated_v1/qwen3/gitksan/pdf1_brown/original/results_gitksan_Qwen_pdf1_brown_curated_v1_pdfpages_impactful_jpg.jsonl::grammar_image_shot	curated_v1	qwen3	Gitksan	pdf1_brown	original	grammar_image_shot	results/baseline/qwen3/gitksan/grammar/original/results_gitksan_Qwen.jsonl	gloss_shot	37	historical_same_model	0	0	0	0	chrF2++	23.589033351434836	22.139696984568072	-1.4493363668667634	0.11988801119888011	22.222078323364258	3.6956701278686523	23.60906410217285	3.9006147384643555	nrefs:1|bs:10000|seed:20260913|case:mixed|eff:yes|nc:6|nw:2|space:no|version:2.6.0	1.0	312	False	False
results/curated_v1/qwen3/gitksan/pdf1_brown/original/results_gitksan_Qwen_pdf1_brown_curated_v1_summary_tables_jpg.jsonl::grammar_image_shot	curated_v1	qwen3	Gitksan	pdf1_brown	original	grammar_image_shot	results/baseline/qwen3/gitksan/grammar/original/results_gitksan_Qwen.jsonl	gloss_shot	37	historical_same_model	0	0	0	0	chrF2++	23.589033351434836	22.6024634847007	-0.9865698667341363	0.15758424157584242	22.632509231567383	3.2643251419067383	23.60906410217285	3.9006147384643555	nrefs:1|bs:10000|seed:20260913|case:mixed|eff:yes|nc:6|nw:2|space:no|version:2.6.0	1.0	312	False	False
results/curated_v1/qwen3/gitksan/pdf1_brown/original/results_gitksan_Qwen_pdf1_brown_curated_v1_summary_tables_txt.jsonl::grammar_text_shot	curated_v1	qwen3	Gitksan	pdf1_brown	original	grammar_text_shot	results/baseline/qwen3/gitksan/grammar/original/results_gitksan_Qwen.jsonl	gloss_shot	37	historical_same_model	0	0	0	0	chrF2++	23.589033351434836	22.636028086677616	-0.9530052647572198	0.11178882111788821	22.63810920715332	3.342959403991699	23.60906410217285	3.9006147384643555	nrefs:1|bs:10000|seed:20260913|case:mixed|eff:yes|nc:6|nw:2|space:no|version:2.6.0	1.0	312	False	False
results/curated_v1/qwen3/gitksan/pdf1_brown/original/results_gitksan_Qwen_pdf1_brown_curated_v1_summary_text_txt.jsonl::grammar_text_shot	curated_v1	qwen3	Gitksan	pdf1_brown	original	grammar_text_shot	results/baseline/qwen3/gitksan/grammar/original/results_gitksan_Qwen.jsonl	gloss_shot	37	historical_same_model	0	0	0	0	chrF2++	23.589033351434836	24.4020331972835	0.8129998458486654	0.14508549145085492	24.423053741455078	3.5120067596435547	23.60906410217285	3.9006147384643555	nrefs:1|bs:10000|seed:20260913|case:mixed|eff:yes|nc:6|nw:2|space:no|version:2.6.0	1.0	312	False	False
results/curated_v1/qwen3/gitksan/pdf2_rigsby/original/results_gitksan_Qwen_pdf2_rigsby_curated_v1_cheatsheet_jpg.jsonl::grammar_image_shot	curated_v1	qwen3	Gitksan	pdf2_rigsby	original	grammar_image_shot	results/baseline/qwen3/gitksan/grammar/original/results_gitksan_Qwen.jsonl	gloss_shot	37	historical_same_model	0	0	0	0	chrF2++	23.589033351434836	24.120418999974476	0.53138564853964	0.2096790320967903	24.135292053222656	3.559417724609375	23.60906410217285	3.9006147384643555	nrefs:1|bs:10000|seed:20260913|case:mixed|eff:yes|nc:6|nw:2|space:no|version:2.6.0	1.0	312	False	False
results/curated_v1/qwen3/gitksan/pdf2_rigsby/original/results_gitksan_Qwen_pdf2_rigsby_curated_v1_cheatsheet_txt.jsonl::grammar_text_shot	curated_v1	qwen3	Gitksan	pdf2_rigsby	original	grammar_text_shot	results/baseline/qwen3/gitksan/grammar/original/results_gitksan_Qwen.jsonl	gloss_shot	37	historical_same_model	0	0	0	0	chrF2++	23.589033351434836	23.528780190577887	-0.06025316085694854	0.38766123387661233	23.535385131835938	3.4592437744140625	23.60906410217285	3.9006147384643555	nrefs:1|bs:10000|seed:20260913|case:mixed|eff:yes|nc:6|nw:2|space:no|version:2.6.0	1.0	312	False	False
results/curated_v1/qwen3/gitksan/pdf2_rigsby/original/results_gitksan_Qwen_pdf2_rigsby_curated_v1_pdfpages_impactful_jpg.jsonl::grammar_image_shot	curated_v1	qwen3	Gitksan	pdf2_rigsby	original	grammar_image_shot	results/baseline/qwen3/gitksan/grammar/original/results_gitksan_Qwen.jsonl	gloss_shot	37	historical_same_model	0	0	0	0	chrF2++	23.589033351434836	23.661546485338068	0.07251313390323233	0.38936106389361064	23.690046310424805	3.5254058837890625	23.60906410217285	3.9006147384643555	nrefs:1|bs:10000|seed:20260913|case:mixed|eff:yes|nc:6|nw:2|space:no|version:2.6.0	1.0	312	False	False
results/curated_v1/qwen3/gitksan/pdf2_rigsby/original/results_gitksan_Qwen_pdf2_rigsby_curated_v1_summary_tables_jpg.jsonl::grammar_image_shot	curated_v1	qwen3	Gitksan	pdf2_rigsby	original	grammar_image_shot	results/baseline/qwen3/gitksan/grammar/original/results_gitksan_Qwen.jsonl	gloss_shot	37	historical_same_model	0	0	0	0	chrF2++	23.589033351434836	24.881575028426806	1.29254167699197	0.10318968103189681	24.896284103393555	3.4391727447509766	23.60906410217285	3.9006147384643555	nrefs:1|bs:10000|seed:20260913|case:mixed|eff:yes|nc:6|nw:2|space:no|version:2.6.0	1.0	312	False	False
results/curated_v1/qwen3/gitksan/pdf2_rigsby/original/results_gitksan_Qwen_pdf2_rigsby_curated_v1_summary_tables_txt.jsonl::grammar_text_shot	curated_v1	qwen3	Gitksan	pdf2_rigsby	original	grammar_text_shot	results/baseline/qwen3/gitksan/grammar/original/results_gitksan_Qwen.jsonl	gloss_shot	37	historical_same_model	0	0	0	0	chrF2++	23.589033351434836	23.98195466752592	0.3929213160910834	0.22647735226477353	23.972454071044922	3.5981922149658203	23.60906410217285	3.9006147384643555	nrefs:1|bs:10000|seed:20260913|case:mixed|eff:yes|nc:6|nw:2|space:no|version:2.6.0	1.0	312	False	False
results/curated_v1/qwen3/gitksan/pdf2_rigsby/original/results_gitksan_Qwen_pdf2_rigsby_curated_v1_summary_text_txt.jsonl::grammar_text_shot	curated_v1	qwen3	Gitksan	pdf2_rigsby	original	grammar_text_shot	results/baseline/qwen3/gitksan/grammar/original/results_gitksan_Qwen.jsonl	gloss_shot	37	historical_same_model	0	0	0	0	chrF2++	23.589033351434836	24.12087912386561	0.5318457724307741	0.17428257174282571	24.145662307739258	3.664356231689453	23.60906410217285	3.9006147384643555	nrefs:1|bs:10000|seed:20260913|case:mixed|eff:yes|nc:6|nw:2|space:no|version:2.6.0	1.0	312	False	False
results/legacy/qwen3/gitksan/pdf1_brown/original/results_gitksan_Qwen_pdf1_brown_cheatsheet.jsonl::grammar_image_shot	legacy	qwen3	Gitksan	pdf1_brown	original	grammar_image_shot	results/baseline/qwen3/gitksan/grammar/original/results_gitksan_Qwen.jsonl	gloss_shot	37	historical_same_model	0	0	0	0	chrF2++	23.589033351434836	22.886529748178223	-0.7025036032566128	0.1710828917108289	22.908645629882812	4.019866943359375	23.60906410217285	3.9006147384643555	nrefs:1|bs:10000|seed:20260913|case:mixed|eff:yes|nc:6|nw:2|space:no|version:2.6.0	1.0	312	False	False
results/legacy/qwen3/gitksan/pdf1_brown/original/results_gitksan_Qwen_pdf1_brown_pdfpages_all_jpg.jsonl::grammar_image_shot	legacy	qwen3	Gitksan	pdf1_brown	original	grammar_image_shot	results/baseline/qwen3/gitksan/grammar/original/results_gitksan_Qwen.jsonl	gloss_shot	37	historical_same_model	0	0	0	0	chrF2++	23.589033351434836	22.6397602957231	-0.9492730557117355	0.07489251074892511	22.645721435546875	3.692620277404785	23.60906410217285	3.9006147384643555	nrefs:1|bs:10000|seed:20260913|case:mixed|eff:yes|nc:6|nw:2|space:no|version:2.6.0	1.0	312	False	False
results/legacy/qwen3/gitksan/pdf1_brown/original/results_gitksan_Qwen_pdf1_brown_summary_tables.jsonl::grammar_image_shot	legacy	qwen3	Gitksan	pdf1_brown	original	grammar_image_shot	results/baseline/qwen3/gitksan/grammar/original/results_gitksan_Qwen.jsonl	gloss_shot	37	historical_same_model	0	0	0	0	chrF2++	23.589033351434836	22.49956045217079	-1.0894728992640452	0.14388561143885611	22.570362091064453	3.801997184753418	23.60906410217285	3.9006147384643555	nrefs:1|bs:10000|seed:20260913|case:mixed|eff:yes|nc:6|nw:2|space:no|version:2.6.0	1.0	312	False	False
results/legacy/qwen3/gitksan/pdf1_brown/original/results_gitksan_Qwen_pdf1_brown_summary_text.jsonl::grammar_text_shot	legacy	qwen3	Gitksan	pdf1_brown	original	grammar_text_shot	results/baseline/qwen3/gitksan/grammar/original/results_gitksan_Qwen.jsonl	gloss_shot	37	historical_same_model	0	0	0	0	chrF2++	23.589033351434836	24.985311344732075	1.3962779932972396	0.11248875112488751	24.965879440307617	3.301755905151367	23.60906410217285	3.9006147384643555	nrefs:1|bs:10000|seed:20260913|case:mixed|eff:yes|nc:6|nw:2|space:no|version:2.6.0	1.0	312	False	False
results/legacy/qwen3/gitksan/pdf2_rigsby/original/results_gitksan_Qwen_pdf2_rigsby_cheatsheet.jsonl::grammar_image_shot	legacy	qwen3	Gitksan	pdf2_rigsby	original	grammar_image_shot	results/baseline/qwen3/gitksan/grammar/original/results_gitksan_Qwen.jsonl	gloss_shot	37	historical_same_model	0	0	0	0	chrF2++	23.589033351434836	24.074870327216978	0.48583697578214213	0.22287771222877711	24.084468841552734	3.4673357009887695	23.60906410217285	3.9006147384643555	nrefs:1|bs:10000|seed:20260913|case:mixed|eff:yes|nc:6|nw:2|space:no|version:2.6.0	1.0	312	False	False
results/legacy/qwen3/gitksan/pdf2_rigsby/original/results_gitksan_Qwen_pdf2_rigsby_pdfpages_all_jpg.jsonl::grammar_image_shot	legacy	qwen3	Gitksan	pdf2_rigsby	original	grammar_image_shot	results/baseline/qwen3/gitksan/grammar/original/results_gitksan_Qwen.jsonl	gloss_shot	37	historical_same_model	0	0	0	0	chrF2++	23.589033351434836	22.57929787358185	-1.0097354778529848	0.09309069093090691	22.595224380493164	3.5401201248168945	23.60906410217285	3.9006147384643555	nrefs:1|bs:10000|seed:20260913|case:mixed|eff:yes|nc:6|nw:2|space:no|version:2.6.0	1.0	312	False	False
results/legacy/qwen3/gitksan/pdf2_rigsby/original/results_gitksan_Qwen_pdf2_rigsby_summary_tables.jsonl::grammar_image_shot	legacy	qwen3	Gitksan	pdf2_rigsby	original	grammar_image_shot	results/baseline/qwen3/gitksan/grammar/original/results_gitksan_Qwen.jsonl	gloss_shot	37	historical_same_model	0	0	0	0	chrF2++	23.589033351434836	24.46067065476121	0.8716373033263736	0.14508549145085492	24.475988388061523	3.693540573120117	23.60906410217285	3.9006147384643555	nrefs:1|bs:10000|seed:20260913|case:mixed|eff:yes|nc:6|nw:2|space:no|version:2.6.0	1.0	312	False	False
results/legacy/qwen3/gitksan/pdf2_rigsby/original/results_gitksan_Qwen_pdf2_rigsby_summary_text.jsonl::grammar_text_shot	legacy	qwen3	Gitksan	pdf2_rigsby	original	grammar_text_shot	results/baseline/qwen3/gitksan/grammar/original/results_gitksan_Qwen.jsonl	gloss_shot	37	historical_same_model	0	0	0	0	chrF2++	23.589033351434836	25.022289239933876	1.4332558884990405	0.055594440555944404	25.021350860595703	3.506977081298828	23.60906410217285	3.9006147384643555	nrefs:1|bs:10000|seed:20260913|case:mixed|eff:yes|nc:6|nw:2|space:no|version:2.6.0	1.0	312	False	False
results/curated_v1/qwen3/lezgi/grammar/cyrillic/results_lezgi_Qwen_ModelGloss_curated_v1_cyrillic_cheatsheet_jpg.jsonl::grammar_image_model_gloss	curated_v1	qwen3	Lezgi	grammar	cyrillic	grammar_image_model_gloss	results/baseline/qwen3/lezgi/grammar/original/results_lezgi_ModelGloss_Qwen.jsonl	model_gloss	87	historical_same_model	0	0	0	0	BLEU	12.398435529488033	12.728887349621079	0.33045182013304597	0.22507749225077492	12.45440038270969	6.6165535584051085	12.145912863020792	6.48676695931285	nrefs:1|bs:10000|seed:20260913|case:mixed|eff:no|tok:13a|smooth:exp|version:2.6.0	1.0	312	False	False
results/curated_v1/qwen3/lezgi/grammar/cyrillic/results_lezgi_Qwen_ModelGloss_curated_v1_cyrillic_cheatsheet_txt.jsonl::grammar_text_model_gloss	curated_v1	qwen3	Lezgi	grammar	cyrillic	grammar_text_model_gloss	results/baseline/qwen3/lezgi/grammar/original/results_lezgi_ModelGloss_Qwen.jsonl	model_gloss	87	historical_same_model	0	0	0	0	BLEU	12.398435529488033	11.471864165426489	-0.9265713640615445	0.10138986101389862	11.227741993580386	6.336062899674118	12.145912863020792	6.48676695931285	nrefs:1|bs:10000|seed:20260913|case:mixed|eff:no|tok:13a|smooth:exp|version:2.6.0	1.0	312	False	False
results/curated_v1/qwen3/lezgi/grammar/cyrillic/results_lezgi_Qwen_ModelGloss_curated_v1_cyrillic_summary_tables_jpg.jsonl::grammar_image_model_gloss	curated_v1	qwen3	Lezgi	grammar	cyrillic	grammar_image_model_gloss	results/baseline/qwen3/lezgi/grammar/original/results_lezgi_ModelGloss_Qwen.jsonl	model_gloss	87	historical_same_model	0	0	0	0	BLEU	12.398435529488033	11.830474297983363	-0.56796123150467	0.1493850614938506	11.509606495257986	6.9763859318712935	12.145912863020792	6.48676695931285	nrefs:1|bs:10000|seed:20260913|case:mixed|eff:no|tok:13a|smooth:exp|version:2.6.0	1.0	312	False	False
results/curated_v1/qwen3/lezgi/grammar/cyrillic/results_lezgi_Qwen_ModelGloss_curated_v1_cyrillic_summary_tables_txt.jsonl::grammar_text_model_gloss	curated_v1	qwen3	Lezgi	grammar	cyrillic	grammar_text_model_gloss	results/baseline/qwen3/lezgi/grammar/original/results_lezgi_ModelGloss_Qwen.jsonl	model_gloss	87	historical_same_model	0	0	0	0	BLEU	12.398435529488033	11.821839955067137	-0.5765955744208959	0.1464853514648535	11.582123980863717	6.288599926357168	12.145912863020792	6.48676695931285	nrefs:1|bs:10000|seed:20260913|case:mixed|eff:no|tok:13a|smooth:exp|version:2.6.0	1.0	312	False	False
results/curated_v1/qwen3/lezgi/grammar/cyrillic/results_lezgi_Qwen_ModelGloss_curated_v1_cyrillic_summary_text_txt.jsonl::grammar_text_model_gloss	curated_v1	qwen3	Lezgi	grammar	cyrillic	grammar_text_model_gloss	results/baseline/qwen3/lezgi/grammar/original/results_lezgi_ModelGloss_Qwen.jsonl	model_gloss	87	historical_same_model	0	0	0	0	BLEU	12.398435529488033	11.243795987224976	-1.154639542263057	0.051594840515948405	11.034408742953149	6.037371686775595	12.145912863020792	6.48676695931285	nrefs:1|bs:10000|seed:20260913|case:mixed|eff:no|tok:13a|smooth:exp|version:2.6.0	1.0	312	False	False
results/curated_v1/qwen3/lezgi/grammar/original/results_lezgi_Qwen_ModelGloss_curated_v1_cheatsheet_jpg.jsonl::grammar_image_model_gloss	curated_v1	qwen3	Lezgi	grammar	original	grammar_image_model_gloss	results/baseline/qwen3/lezgi/grammar/original/results_lezgi_ModelGloss_Qwen.jsonl	model_gloss	87	historical_same_model	0	0	0	0	BLEU	12.398435529488033	11.924266503726221	-0.4741690257618121	0.1817818218178182	11.56977969211862	7.0668869175408915	12.145912863020792	6.48676695931285	nrefs:1|bs:10000|seed:20260913|case:mixed|eff:no|tok:13a|smooth:exp|version:2.6.0	1.0	312	False	False
results/curated_v1/qwen3/lezgi/grammar/original/results_lezgi_Qwen_ModelGloss_curated_v1_cheatsheet_txt.jsonl::grammar_text_model_gloss	curated_v1	qwen3	Lezgi	grammar	original	grammar_text_model_gloss	results/baseline/qwen3/lezgi/grammar/original/results_lezgi_ModelGloss_Qwen.jsonl	model_gloss	87	historical_same_model	0	0	0	0	BLEU	12.398435529488033	11.750923755841182	-0.6475117736468512	0.1578842115788421	11.507397042795157	6.198561296953369	12.145912863020792	6.48676695931285	nrefs:1|bs:10000|seed:20260913|case:mixed|eff:no|tok:13a|smooth:exp|version:2.6.0	1.0	312	False	False
results/curated_v1/qwen3/lezgi/grammar/original/results_lezgi_Qwen_ModelGloss_curated_v1_pdfpages_impactful_jpg.jsonl::grammar_image_model_gloss	curated_v1	qwen3	Lezgi	grammar	original	grammar_image_model_gloss	results/baseline/qwen3/lezgi/grammar/original/results_lezgi_ModelGloss_Qwen.jsonl	model_gloss	87	historical_same_model	0	0	0	0	BLEU	12.398435529488033	10.799661047419546	-1.598774482068487	0.05649435056494351	10.424171151129558	6.7535100893618925	12.145912863020792	6.48676695931285	nrefs:1|bs:10000|seed:20260913|case:mixed|eff:no|tok:13a|smooth:exp|version:2.6.0	1.0	312	False	False
results/curated_v1/qwen3/lezgi/grammar/original/results_lezgi_Qwen_ModelGloss_curated_v1_summary_tables_jpg.jsonl::grammar_image_model_gloss	curated_v1	qwen3	Lezgi	grammar	original	grammar_image_model_gloss	results/baseline/qwen3/lezgi/grammar/original/results_lezgi_ModelGloss_Qwen.jsonl	model_gloss	87	historical_same_model	0	0	0	0	BLEU	12.398435529488033	11.85955631242752	-0.5388792170605132	0.15708429157084292	11.534268288515129	7.008956801623002	12.145912863020792	6.48676695931285	nrefs:1|bs:10000|seed:20260913|case:mixed|eff:no|tok:13a|smooth:exp|version:2.6.0	1.0	312	False	False
results/curated_v1/qwen3/lezgi/grammar/original/results_lezgi_Qwen_ModelGloss_curated_v1_summary_tables_txt.jsonl::grammar_text_model_gloss	curated_v1	qwen3	Lezgi	grammar	original	grammar_text_model_gloss	results/baseline/qwen3/lezgi/grammar/original/results_lezgi_ModelGloss_Qwen.jsonl	model_gloss	87	historical_same_model	0	0	0	0	BLEU	12.398435529488033	11.367359845994347	-1.031075683493686	0.0453954604539546	11.098205560624054	6.470592381479839	12.145912863020792	6.48676695931285	nrefs:1|bs:10000|seed:20260913|case:mixed|eff:no|tok:13a|smooth:exp|version:2.6.0	1.0	312	False	False
results/curated_v1/qwen3/lezgi/grammar/original/results_lezgi_Qwen_ModelGloss_curated_v1_summary_text_txt.jsonl::grammar_text_model_gloss	curated_v1	qwen3	Lezgi	grammar	original	grammar_text_model_gloss	results/baseline/qwen3/lezgi/grammar/original/results_lezgi_ModelGloss_Qwen.jsonl	model_gloss	87	historical_same_model	0	0	0	0	BLEU	12.398435529488033	11.78790109641008	-0.6105344330779534	0.130986901309869	11.55520188915719	6.311765803173671	12.145912863020792	6.48676695931285	nrefs:1|bs:10000|seed:20260913|case:mixed|eff:no|tok:13a|smooth:exp|version:2.6.0	1.0	312	False	False
results/legacy/qwen3/lezgi/grammar/original/results_lezgi_Qwen_ModelGloss_grammar_cheatsheet.jsonl::grammar_image_model_gloss	legacy	qwen3	Lezgi	grammar	original	grammar_image_model_gloss	results/baseline/qwen3/lezgi/grammar/original/results_lezgi_ModelGloss_Qwen.jsonl	model_gloss	87	historical_same_model	0	0	0	0	BLEU	12.398435529488033	11.794159482259976	-0.6042760472280566	0.18198180181981802	11.463204321341198	6.875653161145182	12.145912863020792	6.48676695931285	nrefs:1|bs:10000|seed:20260913|case:mixed|eff:no|tok:13a|smooth:exp|version:2.6.0	1.0	312	False	False
results/legacy/qwen3/lezgi/grammar/original/results_lezgi_Qwen_ModelGloss_grammar_pdfpages_impactful_jpg.jsonl::grammar_image_model_gloss	legacy	qwen3	Lezgi	grammar	original	grammar_image_model_gloss	results/baseline/qwen3/lezgi/grammar/original/results_lezgi_ModelGloss_Qwen.jsonl	model_gloss	87	historical_same_model	0	0	0	0	BLEU	12.398435529488033	11.058963427057542	-1.3394721024304914	0.10988901109889011	10.942404582812635	6.354224083886731	12.145912863020792	6.48676695931285	nrefs:1|bs:10000|seed:20260913|case:mixed|eff:no|tok:13a|smooth:exp|version:2.6.0	1.0	312	False	False
results/legacy/qwen3/lezgi/grammar/original/results_lezgi_Qwen_ModelGloss_grammar_summary_tables.jsonl::grammar_image_model_gloss	legacy	qwen3	Lezgi	grammar	original	grammar_image_model_gloss	results/baseline/qwen3/lezgi/grammar/original/results_lezgi_ModelGloss_Qwen.jsonl	model_gloss	87	historical_same_model	0	0	0	0	BLEU	12.398435529488033	11.484979857903168	-0.913455671584865	0.13108689131086892	11.142057751204492	6.693256134313508	12.145912863020792	6.48676695931285	nrefs:1|bs:10000|seed:20260913|case:mixed|eff:no|tok:13a|smooth:exp|version:2.6.0	1.0	312	False	False
results/legacy/qwen3/lezgi/grammar/original/results_lezgi_Qwen_ModelGloss_grammar_summary_text.jsonl::grammar_text_model_gloss	legacy	qwen3	Lezgi	grammar	original	grammar_text_model_gloss	results/baseline/qwen3/lezgi/grammar/original/results_lezgi_ModelGloss_Qwen.jsonl	model_gloss	87	historical_same_model	0	0	0	0	BLEU	12.398435529488033	12.064213293401698	-0.33422223608633495	0.22147785221477853	11.846477387134813	6.2723715956367	12.145912863020792	6.48676695931285	nrefs:1|bs:10000|seed:20260913|case:mixed|eff:no|tok:13a|smooth:exp|version:2.6.0	1.0	312	False	False
results/curated_v1/qwen3/lezgi/grammar/cyrillic/results_lezgi_Qwen_ModelGloss_curated_v1_cyrillic_cheatsheet_jpg.jsonl::grammar_image_model_gloss	curated_v1	qwen3	Lezgi	grammar	cyrillic	grammar_image_model_gloss	results/baseline/qwen3/lezgi/grammar/original/results_lezgi_ModelGloss_Qwen.jsonl	model_gloss	87	historical_same_model	0	0	0	0	chrF2++	35.813170614290996	36.51636473453697	0.7031941202459748	0.1416858314168583	36.49554443359375	4.19041633605957	35.78413009643555	4.274432182312012	nrefs:1|bs:10000|seed:20260913|case:mixed|eff:yes|nc:6|nw:2|space:no|version:2.6.0	1.0	312	False	False
results/curated_v1/qwen3/lezgi/grammar/cyrillic/results_lezgi_Qwen_ModelGloss_curated_v1_cyrillic_cheatsheet_txt.jsonl::grammar_text_model_gloss	curated_v1	qwen3	Lezgi	grammar	cyrillic	grammar_text_model_gloss	results/baseline/qwen3/lezgi/grammar/original/results_lezgi_ModelGloss_Qwen.jsonl	model_gloss	87	historical_same_model	0	0	0	0	chrF2++	35.813170614290996	36.43548043336297	0.6223098190719725	0.1805819418058194	36.411903381347656	4.073495864868164	35.78413009643555	4.274432182312012	nrefs:1|bs:10000|seed:20260913|case:mixed|eff:yes|nc:6|nw:2|space:no|version:2.6.0	1.0	312	False	False
results/curated_v1/qwen3/lezgi/grammar/cyrillic/results_lezgi_Qwen_ModelGloss_curated_v1_cyrillic_summary_tables_jpg.jsonl::grammar_image_model_gloss	curated_v1	qwen3	Lezgi	grammar	cyrillic	grammar_image_model_gloss	results/baseline/qwen3/lezgi/grammar/original/results_lezgi_ModelGloss_Qwen.jsonl	model_gloss	87	historical_same_model	0	0	0	0	chrF2++	35.813170614290996	35.08171971772808	-0.7314508965629187	0.1304869513048695	35.06185531616211	4.287412643432617	35.78413009643555	4.274432182312012	nrefs:1|bs:10000|seed:20260913|case:mixed|eff:yes|nc:6|nw:2|space:no|version:2.6.0	1.0	312	False	False
results/curated_v1/qwen3/lezgi/grammar/cyrillic/results_lezgi_Qwen_ModelGloss_curated_v1_cyrillic_summary_tables_txt.jsonl::grammar_text_model_gloss	curated_v1	qwen3	Lezgi	grammar	cyrillic	grammar_text_model_gloss	results/baseline/qwen3/lezgi/grammar/original/results_lezgi_ModelGloss_Qwen.jsonl	model_gloss	87	historical_same_model	0	0	0	0	chrF2++	35.813170614290996	35.924198135602545	0.11102752131154858	0.35296470352964704	35.894718170166016	4.286279678344727	35.78413009643555	4.274432182312012	nrefs:1|bs:10000|seed:20260913|case:mixed|eff:yes|nc:6|nw:2|space:no|version:2.6.0	1.0	312	False	False
results/curated_v1/qwen3/lezgi/grammar/cyrillic/results_lezgi_Qwen_ModelGloss_curated_v1_cyrillic_summary_text_txt.jsonl::grammar_text_model_gloss	curated_v1	qwen3	Lezgi	grammar	cyrillic	grammar_text_model_gloss	results/baseline/qwen3/lezgi/grammar/original/results_lezgi_ModelGloss_Qwen.jsonl	model_gloss	87	historical_same_model	0	0	0	0	chrF2++	35.813170614290996	36.23238583430273	0.4192152200117363	0.2278772122787721	36.20743942260742	4.367950439453125	35.78413009643555	4.274432182312012	nrefs:1|bs:10000|seed:20260913|case:mixed|eff:yes|nc:6|nw:2|space:no|version:2.6.0	1.0	312	False	False
results/curated_v1/qwen3/lezgi/grammar/original/results_lezgi_Qwen_ModelGloss_curated_v1_cheatsheet_jpg.jsonl::grammar_image_model_gloss	curated_v1	qwen3	Lezgi	grammar	original	grammar_image_model_gloss	results/baseline/qwen3/lezgi/grammar/original/results_lezgi_ModelGloss_Qwen.jsonl	model_gloss	87	historical_same_model	0	0	0	0	chrF2++	35.813170614290996	35.8757733719235	0.06260275763250434	0.37796220377962203	35.85313415527344	4.205286026000977	35.78413009643555	4.274432182312012	nrefs:1|bs:10000|seed:20260913|case:mixed|eff:yes|nc:6|nw:2|space:no|version:2.6.0	1.0	312	False	False
results/curated_v1/qwen3/lezgi/grammar/original/results_lezgi_Qwen_ModelGloss_curated_v1_cheatsheet_txt.jsonl::grammar_text_model_gloss	curated_v1	qwen3	Lezgi	grammar	original	grammar_text_model_gloss	results/baseline/qwen3/lezgi/grammar/original/results_lezgi_ModelGloss_Qwen.jsonl	model_gloss	87	historical_same_model	0	0	0	0	chrF2++	35.813170614290996	36.5859150152078	0.7727444009168067	0.15778422157784222	36.56157684326172	4.098188400268555	35.78413009643555	4.274432182312012	nrefs:1|bs:10000|seed:20260913|case:mixed|eff:yes|nc:6|nw:2|space:no|version:2.6.0	1.0	312	False	False
results/curated_v1/qwen3/lezgi/grammar/original/results_lezgi_Qwen_ModelGloss_curated_v1_pdfpages_impactful_jpg.jsonl::grammar_image_model_gloss	curated_v1	qwen3	Lezgi	grammar	original	grammar_image_model_gloss	results/baseline/qwen3/lezgi/grammar/original/results_lezgi_ModelGloss_Qwen.jsonl	model_gloss	87	historical_same_model	0	0	0	0	chrF2++	35.813170614290996	35.00770115515358	-0.805469459137413	0.14438556144385561	34.985538482666016	4.17910099029541	35.78413009643555	4.274432182312012	nrefs:1|bs:10000|seed:20260913|case:mixed|eff:yes|nc:6|nw:2|space:no|version:2.6.0	1.0	312	False	False
results/curated_v1/qwen3/lezgi/grammar/original/results_lezgi_Qwen_ModelGloss_curated_v1_summary_tables_jpg.jsonl::grammar_image_model_gloss	curated_v1	qwen3	Lezgi	grammar	original	grammar_image_model_gloss	results/baseline/qwen3/lezgi/grammar/original/results_lezgi_ModelGloss_Qwen.jsonl	model_gloss	87	historical_same_model	0	0	0	0	chrF2++	35.813170614290996	35.046454204379096	-0.7667164099119006	0.11528847115288471	35.0329475402832	4.291925430297852	35.78413009643555	4.274432182312012	nrefs:1|bs:10000|seed:20260913|case:mixed|eff:yes|nc:6|nw:2|space:no|version:2.6.0	1.0	312	False	False
results/curated_v1/qwen3/lezgi/grammar/original/results_lezgi_Qwen_ModelGloss_curated_v1_summary_tables_txt.jsonl::grammar_text_model_gloss	curated_v1	qwen3	Lezgi	grammar	original	grammar_text_model_gloss	results/baseline/qwen3/lezgi/grammar/original/results_lezgi_ModelGloss_Qwen.jsonl	model_gloss	87	historical_same_model	0	0	0	0	chrF2++	35.813170614290996	35.158235392897446	-0.6549352213935506	0.15528447155284472	35.13444900512695	4.292956352233887	35.78413009643555	4.274432182312012	nrefs:1|bs:10000|seed:20260913|case:mixed|eff:yes|nc:6|nw:2|space:no|version:2.6.0	1.0	312	False	False
results/curated_v1/qwen3/lezgi/grammar/original/results_lezgi_Qwen_ModelGloss_curated_v1_summary_text_txt.jsonl::grammar_text_model_gloss	curated_v1	qwen3	Lezgi	grammar	original	grammar_text_model_gloss	results/baseline/qwen3/lezgi/grammar/original/results_lezgi_ModelGloss_Qwen.jsonl	model_gloss	87	historical_same_model	0	0	0	0	chrF2++	35.813170614290996	36.411673562935775	0.5985029486447786	0.1845815418458154	36.38871383666992	4.393598556518555	35.78413009643555	4.274432182312012	nrefs:1|bs:10000|seed:20260913|case:mixed|eff:yes|nc:6|nw:2|space:no|version:2.6.0	1.0	312	False	False
results/legacy/qwen3/lezgi/grammar/original/results_lezgi_Qwen_ModelGloss_grammar_cheatsheet.jsonl::grammar_image_model_gloss	legacy	qwen3	Lezgi	grammar	original	grammar_image_model_gloss	results/baseline/qwen3/lezgi/grammar/original/results_lezgi_ModelGloss_Qwen.jsonl	model_gloss	87	historical_same_model	0	0	0	0	chrF2++	35.813170614290996	34.33595795333152	-1.4772126609594736	0.05039496050394961	34.31722640991211	4.415046691894531	35.78413009643555	4.274432182312012	nrefs:1|bs:10000|seed:20260913|case:mixed|eff:yes|nc:6|nw:2|space:no|version:2.6.0	1.0	312	False	False
results/legacy/qwen3/lezgi/grammar/original/results_lezgi_Qwen_ModelGloss_grammar_pdfpages_impactful_jpg.jsonl::grammar_image_model_gloss	legacy	qwen3	Lezgi	grammar	original	grammar_image_model_gloss	results/baseline/qwen3/lezgi/grammar/original/results_lezgi_ModelGloss_Qwen.jsonl	model_gloss	87	historical_same_model	0	0	0	0	chrF2++	35.813170614290996	35.355264609106015	-0.4579060051849808	0.22917708229177083	35.34111404418945	4.502257347106934	35.78413009643555	4.274432182312012	nrefs:1|bs:10000|seed:20260913|case:mixed|eff:yes|nc:6|nw:2|space:no|version:2.6.0	1.0	312	False	False
results/legacy/qwen3/lezgi/grammar/original/results_lezgi_Qwen_ModelGloss_grammar_summary_tables.jsonl::grammar_image_model_gloss	legacy	qwen3	Lezgi	grammar	original	grammar_image_model_gloss	results/baseline/qwen3/lezgi/grammar/original/results_lezgi_ModelGloss_Qwen.jsonl	model_gloss	87	historical_same_model	0	0	0	0	chrF2++	35.813170614290996	34.27030960820553	-1.5428610060854666	0.018698130186981302	34.251407623291016	4.299126625061035	35.78413009643555	4.274432182312012	nrefs:1|bs:10000|seed:20260913|case:mixed|eff:yes|nc:6|nw:2|space:no|version:2.6.0	1.0	312	False	False
results/legacy/qwen3/lezgi/grammar/original/results_lezgi_Qwen_ModelGloss_grammar_summary_text.jsonl::grammar_text_model_gloss	legacy	qwen3	Lezgi	grammar	original	grammar_text_model_gloss	results/baseline/qwen3/lezgi/grammar/original/results_lezgi_ModelGloss_Qwen.jsonl	model_gloss	87	historical_same_model	0	0	0	0	chrF2++	35.813170614290996	36.018462367354125	0.20529175306312908	0.293970602939706	35.9859504699707	4.351264953613281	35.78413009643555	4.274432182312012	nrefs:1|bs:10000|seed:20260913|case:mixed|eff:yes|nc:6|nw:2|space:no|version:2.6.0	1.0	312	False	False
results/curated_v1/qwen3/lezgi/grammar/cyrillic/results_lezgi_Qwen_curated_v1_cyrillic_cheatsheet_jpg.jsonl::grammar_image_shot	curated_v1	qwen3	Lezgi	grammar	cyrillic	grammar_image_shot	results/baseline/qwen3/lezgi/grammar/original/results_lezgi_Qwen.jsonl	gloss_shot	87	historical_same_model	0	0	0	0	BLEU	7.06309727175494	5.954447560638251	-1.1086497111166889	0.11438856114388561	5.841700677051151	5.4017078870587545	6.763625238423695	5.779012318620252	nrefs:1|bs:10000|seed:20260913|case:mixed|eff:no|tok:13a|smooth:exp|version:2.6.0	1.0	312	False	False
results/curated_v1/qwen3/lezgi/grammar/cyrillic/results_lezgi_Qwen_curated_v1_cyrillic_cheatsheet_txt.jsonl::grammar_text_shot	curated_v1	qwen3	Lezgi	grammar	cyrillic	grammar_text_shot	results/baseline/qwen3/lezgi/grammar/original/results_lezgi_Qwen.jsonl	gloss_shot	87	historical_same_model	0	0	0	0	BLEU	7.06309727175494	5.879905151169705	-1.1831921205852352	0.062993700629937	5.659170768715166	5.694306244357924	6.763625238423695	5.779012318620252	nrefs:1|bs:10000|seed:20260913|case:mixed|eff:no|tok:13a|smooth:exp|version:2.6.0	1.0	312	False	False
results/curated_v1/qwen3/lezgi/grammar/cyrillic/results_lezgi_Qwen_curated_v1_cyrillic_summary_tables_jpg.jsonl::grammar_image_shot	curated_v1	qwen3	Lezgi	grammar	cyrillic	grammar_image_shot	results/baseline/qwen3/lezgi/grammar/original/results_lezgi_Qwen.jsonl	gloss_shot	87	historical_same_model	0	0	0	0	BLEU	7.06309727175494	6.510170457829036	-0.5529268139259047	0.198980101989801	6.354437005615073	5.650720011352041	6.763625238423695	5.779012318620252	nrefs:1|bs:10000|seed:20260913|case:mixed|eff:no|tok:13a|smooth:exp|version:2.6.0	1.0	312	False	False
results/curated_v1/qwen3/lezgi/grammar/cyrillic/results_lezgi_Qwen_curated_v1_cyrillic_summary_tables_txt.jsonl::grammar_text_shot	curated_v1	qwen3	Lezgi	grammar	cyrillic	grammar_text_shot	results/baseline/qwen3/lezgi/grammar/original/results_lezgi_Qwen.jsonl	gloss_shot	87	historical_same_model	0	0	0	0	BLEU	7.06309727175494	6.481461568721359	-0.581635703033581	0.144985501449855	6.186746566221509	5.950972971818685	6.763625238423695	5.779012318620252	nrefs:1|bs:10000|seed:20260913|case:mixed|eff:no|tok:13a|smooth:exp|version:2.6.0	1.0	312	False	False
results/curated_v1/qwen3/lezgi/grammar/cyrillic/results_lezgi_Qwen_curated_v1_cyrillic_summary_text_txt.jsonl::grammar_text_shot	curated_v1	qwen3	Lezgi	grammar	cyrillic	grammar_text_shot	results/baseline/qwen3/lezgi/grammar/original/results_lezgi_Qwen.jsonl	gloss_shot	87	historical_same_model	0	0	0	0	BLEU	7.06309727175494	6.308891108313665	-0.7542061634412756	0.11748825117488251	5.996451329226138	5.873333206044423	6.763625238423695	5.779012318620252	nrefs:1|bs:10000|seed:20260913|case:mixed|eff:no|tok:13a|smooth:exp|version:2.6.0	1.0	312	False	False
results/curated_v1/qwen3/lezgi/grammar/original/results_lezgi_Qwen_curated_v1_cheatsheet_jpg.jsonl::grammar_image_shot	curated_v1	qwen3	Lezgi	grammar	original	grammar_image_shot	results/baseline/qwen3/lezgi/grammar/original/results_lezgi_Qwen.jsonl	gloss_shot	87	historical_same_model	0	0	0	0	BLEU	7.06309727175494	6.034120930107081	-1.0289763416478594	0.09409059094090591	5.8232990708122685	5.442640434017221	6.763625238423695	5.779012318620252	nrefs:1|bs:10000|seed:20260913|case:mixed|eff:no|tok:13a|smooth:exp|version:2.6.0	1.0	312	False	False
results/curated_v1/qwen3/lezgi/grammar/original/results_lezgi_Qwen_curated_v1_cheatsheet_txt.jsonl::grammar_text_shot	curated_v1	qwen3	Lezgi	grammar	original	grammar_text_shot	results/baseline/qwen3/lezgi/grammar/original/results_lezgi_Qwen.jsonl	gloss_shot	87	historical_same_model	0	0	0	0	BLEU	7.06309727175494	7.17802679637823	0.11492952462328976	0.3087691230876912	6.793989163350756	6.398901868552397	6.763625238423695	5.779012318620252	nrefs:1|bs:10000|seed:20260913|case:mixed|eff:no|tok:13a|smooth:exp|version:2.6.0	1.0	312	False	False
results/curated_v1/qwen3/lezgi/grammar/original/results_lezgi_Qwen_curated_v1_pdfpages_impactful_jpg.jsonl::grammar_image_shot	curated_v1	qwen3	Lezgi	grammar	original	grammar_image_shot	results/baseline/qwen3/lezgi/grammar/original/results_lezgi_Qwen.jsonl	gloss_shot	87	historical_same_model	0	0	0	0	BLEU	7.06309727175494	5.7452561492095775	-1.3178411225453628	0.039196080391960805	5.520507554337239	5.538546174981606	6.763625238423695	5.779012318620252	nrefs:1|bs:10000|seed:20260913|case:mixed|eff:no|tok:13a|smooth:exp|version:2.6.0	1.0	312	False	False
results/curated_v1/qwen3/lezgi/grammar/original/results_lezgi_Qwen_curated_v1_summary_tables_jpg.jsonl::grammar_image_shot	curated_v1	qwen3	Lezgi	grammar	original	grammar_image_shot	results/baseline/qwen3/lezgi/grammar/original/results_lezgi_Qwen.jsonl	gloss_shot	87	historical_same_model	0	0	0	0	BLEU	7.06309727175494	6.590437177052855	-0.4726600947020856	0.21277872212778723	6.415731262137714	5.641871699460348	6.763625238423695	5.779012318620252	nrefs:1|bs:10000|seed:20260913|case:mixed|eff:no|tok:13a|smooth:exp|version:2.6.0	1.0	312	False	False
results/curated_v1/qwen3/lezgi/grammar/original/results_lezgi_Qwen_curated_v1_summary_tables_txt.jsonl::grammar_text_shot	curated_v1	qwen3	Lezgi	grammar	original	grammar_text_shot	results/baseline/qwen3/lezgi/grammar/original/results_lezgi_Qwen.jsonl	gloss_shot	87	historical_same_model	0	0	0	0	BLEU	7.06309727175494	6.9462730548291765	-0.11682421692576384	0.27547245275472454	6.575895534618295	6.119341731177872	6.763625238423695	5.779012318620252	nrefs:1|bs:10000|seed:20260913|case:mixed|eff:no|tok:13a|smooth:exp|version:2.6.0	1.0	312	False	False
results/curated_v1/qwen3/lezgi/grammar/original/results_lezgi_Qwen_curated_v1_summary_text_txt.jsonl::grammar_text_shot	curated_v1	qwen3	Lezgi	grammar	original	grammar_text_shot	results/baseline/qwen3/lezgi/grammar/original/results_lezgi_Qwen.jsonl	gloss_shot	87	historical_same_model	0	0	0	0	BLEU	7.06309727175494	6.391778861791524	-0.6713184099634164	0.1202879712028797	6.081886755593881	5.998656827413969	6.763625238423695	5.779012318620252	nrefs:1|bs:10000|seed:20260913|case:mixed|eff:no|tok:13a|smooth:exp|version:2.6.0	1.0	312	False	False
results/legacy/qwen3/lezgi/grammar/original/results_lezgi_Qwen_grammar_cheatsheet.jsonl::grammar_image_shot	legacy	qwen3	Lezgi	grammar	original	grammar_image_shot	results/baseline/qwen3/lezgi/grammar/original/results_lezgi_Qwen.jsonl	gloss_shot	87	historical_same_model	0	0	0	0	BLEU	7.06309727175494	6.184076692192696	-0.8790205795622441	0.10768923107689231	5.962377114789202	5.460048160694347	6.763625238423695	5.779012318620252	nrefs:1|bs:10000|seed:20260913|case:mixed|eff:no|tok:13a|smooth:exp|version:2.6.0	1.0	312	False	False
results/legacy/qwen3/lezgi/grammar/original/results_lezgi_Qwen_grammar_pdfpages_impactful_jpg.jsonl::grammar_image_shot	legacy	qwen3	Lezgi	grammar	original	grammar_image_shot	results/baseline/qwen3/lezgi/grammar/original/results_lezgi_Qwen.jsonl	gloss_shot	87	historical_same_model	0	0	0	0	BLEU	7.06309727175494	7.375368308726175	0.3122710369712349	0.24847515248475152	7.094606411999511	6.08303474219587	6.763625238423695	5.779012318620252	nrefs:1|bs:10000|seed:20260913|case:mixed|eff:no|tok:13a|smooth:exp|version:2.6.0	1.0	312	False	False
results/legacy/qwen3/lezgi/grammar/original/results_lezgi_Qwen_grammar_summary_tables.jsonl::grammar_image_shot	legacy	qwen3	Lezgi	grammar	original	grammar_image_shot	results/baseline/qwen3/lezgi/grammar/original/results_lezgi_Qwen.jsonl	gloss_shot	87	historical_same_model	0	0	0	0	BLEU	7.06309727175494	6.29829922022831	-0.7647980515266299	0.1282871712828717	6.0840904555180515	5.492940480352665	6.763625238423695	5.779012318620252	nrefs:1|bs:10000|seed:20260913|case:mixed|eff:no|tok:13a|smooth:exp|version:2.6.0	1.0	312	False	False
results/legacy/qwen3/lezgi/grammar/original/results_lezgi_Qwen_grammar_summary_text.jsonl::grammar_text_shot	legacy	qwen3	Lezgi	grammar	original	grammar_text_shot	results/baseline/qwen3/lezgi/grammar/original/results_lezgi_Qwen.jsonl	gloss_shot	87	historical_same_model	0	0	0	0	BLEU	7.06309727175494	6.138480538707809	-0.9246167330471309	0.10168983101689831	5.90015615347367	5.767125236107477	6.763625238423695	5.779012318620252	nrefs:1|bs:10000|seed:20260913|case:mixed|eff:no|tok:13a|smooth:exp|version:2.6.0	1.0	312	False	False
results/curated_v1/qwen3/lezgi/grammar/cyrillic/results_lezgi_Qwen_curated_v1_cyrillic_cheatsheet_jpg.jsonl::grammar_image_shot	curated_v1	qwen3	Lezgi	grammar	cyrillic	grammar_image_shot	results/baseline/qwen3/lezgi/grammar/original/results_lezgi_Qwen.jsonl	gloss_shot	87	historical_same_model	0	0	0	0	chrF2++	21.652706742745025	19.67025375505155	-1.982452987693474	0.031796820317968204	19.6805477142334	4.499134063720703	21.631698608398438	4.438348770141602	nrefs:1|bs:10000|seed:20260913|case:mixed|eff:yes|nc:6|nw:2|space:no|version:2.6.0	1.0	312	False	False
results/curated_v1/qwen3/lezgi/grammar/cyrillic/results_lezgi_Qwen_curated_v1_cyrillic_cheatsheet_txt.jsonl::grammar_text_shot	curated_v1	qwen3	Lezgi	grammar	cyrillic	grammar_text_shot	results/baseline/qwen3/lezgi/grammar/original/results_lezgi_Qwen.jsonl	gloss_shot	87	historical_same_model	0	0	0	0	chrF2++	21.652706742745025	19.115241321385877	-2.5374654213591477	0.0052994700529947	19.11321449279785	4.399409770965576	21.631698608398438	4.438348770141602	nrefs:1|bs:10000|seed:20260913|case:mixed|eff:yes|nc:6|nw:2|space:no|version:2.6.0	1.0	312	False	False
results/curated_v1/qwen3/lezgi/grammar/cyrillic/results_lezgi_Qwen_curated_v1_cyrillic_summary_tables_jpg.jsonl::grammar_image_shot	curated_v1	qwen3	Lezgi	grammar	cyrillic	grammar_image_shot	results/baseline/qwen3/lezgi/grammar/original/results_lezgi_Qwen.jsonl	gloss_shot	87	historical_same_model	0	0	0	0	chrF2++	21.652706742745025	20.96090055613458	-0.6918061866104459	0.16058394160583941	20.96224594116211	4.544231414794922	21.631698608398438	4.438348770141602	nrefs:1|bs:10000|seed:20260913|case:mixed|eff:yes|nc:6|nw:2|space:no|version:2.6.0	1.0	312	False	False
results/curated_v1/qwen3/lezgi/grammar/cyrillic/results_lezgi_Qwen_curated_v1_cyrillic_summary_tables_txt.jsonl::grammar_text_shot	curated_v1	qwen3	Lezgi	grammar	cyrillic	grammar_text_shot	results/baseline/qwen3/lezgi/grammar/original/results_lezgi_Qwen.jsonl	gloss_shot	87	historical_same_model	0	0	0	0	chrF2++	21.652706742745025	20.453690265639	-1.1990164771060243	0.039196080391960805	20.442401885986328	4.477819442749023	21.631698608398438	4.438348770141602	nrefs:1|bs:10000|seed:20260913|case:mixed|eff:yes|nc:6|nw:2|space:no|version:2.6.0	1.0	312	False	False
results/curated_v1/qwen3/lezgi/grammar/cyrillic/results_lezgi_Qwen_curated_v1_cyrillic_summary_text_txt.jsonl::grammar_text_shot	curated_v1	qwen3	Lezgi	grammar	cyrillic	grammar_text_shot	results/baseline/qwen3/lezgi/grammar/original/results_lezgi_Qwen.jsonl	gloss_shot	87	historical_same_model	0	0	0	0	chrF2++	21.652706742745025	20.60984882863946	-1.0428579141055643	0.11288871112888711	20.607616424560547	4.345823287963867	21.631698608398438	4.438348770141602	nrefs:1|bs:10000|seed:20260913|case:mixed|eff:yes|nc:6|nw:2|space:no|version:2.6.0	1.0	312	False	False
results/curated_v1/qwen3/lezgi/grammar/original/results_lezgi_Qwen_curated_v1_cheatsheet_jpg.jsonl::grammar_image_shot	curated_v1	qwen3	Lezgi	grammar	original	grammar_image_shot	results/baseline/qwen3/lezgi/grammar/original/results_lezgi_Qwen.jsonl	gloss_shot	87	historical_same_model	0	0	0	0	chrF2++	21.652706742745025	20.69747672735163	-0.9552300153933935	0.1294870512948705	20.697593688964844	4.482983589172363	21.631698608398438	4.438348770141602	nrefs:1|bs:10000|seed:20260913|case:mixed|eff:yes|nc:6|nw:2|space:no|version:2.6.0	1.0	312	False	False
results/curated_v1/qwen3/lezgi/grammar/original/results_lezgi_Qwen_curated_v1_cheatsheet_txt.jsonl::grammar_text_shot	curated_v1	qwen3	Lezgi	grammar	original	grammar_text_shot	results/baseline/qwen3/lezgi/grammar/original/results_lezgi_Qwen.jsonl	gloss_shot	87	historical_same_model	0	0	0	0	chrF2++	21.652706742745025	20.122126096645435	-1.5305806460995903	0.0217978202179782	20.097442626953125	4.483586311340332	21.631698608398438	4.438348770141602	nrefs:1|bs:10000|seed:20260913|case:mixed|eff:yes|nc:6|nw:2|space:no|version:2.6.0	1.0	312	False	False
results/curated_v1/qwen3/lezgi/grammar/original/results_lezgi_Qwen_curated_v1_pdfpages_impactful_jpg.jsonl::grammar_image_shot	curated_v1	qwen3	Lezgi	grammar	original	grammar_image_shot	results/baseline/qwen3/lezgi/grammar/original/results_lezgi_Qwen.jsonl	gloss_shot	87	historical_same_model	0	0	0	0	chrF2++	21.652706742745025	20.210075957401475	-1.4426307853435496	0.0458954104589541	20.2130184173584	4.458139419555664	21.631698608398438	4.438348770141602	nrefs:1|bs:10000|seed:20260913|case:mixed|eff:yes|nc:6|nw:2|space:no|version:2.6.0	1.0	312	False	False
results/curated_v1/qwen3/lezgi/grammar/original/results_lezgi_Qwen_curated_v1_summary_tables_jpg.jsonl::grammar_image_shot	curated_v1	qwen3	Lezgi	grammar	original	grammar_image_shot	results/baseline/qwen3/lezgi/grammar/original/results_lezgi_Qwen.jsonl	gloss_shot	87	historical_same_model	0	0	0	0	chrF2++	21.652706742745025	20.963240010434973	-0.6894667323100521	0.1596840315968403	20.957590103149414	4.5379438400268555	21.631698608398438	4.438348770141602	nrefs:1|bs:10000|seed:20260913|case:mixed|eff:yes|nc:6|nw:2|space:no|version:2.6.0	1.0	312	False	False
results/curated_v1/qwen3/lezgi/grammar/original/results_lezgi_Qwen_curated_v1_summary_tables_txt.jsonl::grammar_text_shot	curated_v1	qwen3	Lezgi	grammar	original	grammar_text_shot	results/baseline/qwen3/lezgi/grammar/original/results_lezgi_Qwen.jsonl	gloss_shot	87	historical_same_model	0	0	0	0	chrF2++	21.652706742745025	20.940596995790855	-0.7121097469541695	0.10738926107389261	20.92149543762207	4.460054397583008	21.631698608398438	4.438348770141602	nrefs:1|bs:10000|seed:20260913|case:mixed|eff:yes|nc:6|nw:2|space:no|version:2.6.0	1.0	312	False	False
results/curated_v1/qwen3/lezgi/grammar/original/results_lezgi_Qwen_curated_v1_summary_text_txt.jsonl::grammar_text_shot	curated_v1	qwen3	Lezgi	grammar	original	grammar_text_shot	results/baseline/qwen3/lezgi/grammar/original/results_lezgi_Qwen.jsonl	gloss_shot	87	historical_same_model	0	0	0	0	chrF2++	21.652706742745025	20.02201139944785	-1.6306953432971731	0.015898410158984102	20.0085506439209	4.411890029907227	21.631698608398438	4.438348770141602	nrefs:1|bs:10000|seed:20260913|case:mixed|eff:yes|nc:6|nw:2|space:no|version:2.6.0	1.0	312	False	False
results/legacy/qwen3/lezgi/grammar/original/results_lezgi_Qwen_grammar_cheatsheet.jsonl::grammar_image_shot	legacy	qwen3	Lezgi	grammar	original	grammar_image_shot	results/baseline/qwen3/lezgi/grammar/original/results_lezgi_Qwen.jsonl	gloss_shot	87	historical_same_model	0	0	0	0	chrF2++	21.652706742745025	21.299988430969773	-0.35271831177525215	0.24827517248275172	21.299285888671875	4.457049369812012	21.631698608398438	4.438348770141602	nrefs:1|bs:10000|seed:20260913|case:mixed|eff:yes|nc:6|nw:2|space:no|version:2.6.0	1.0	312	False	False
results/legacy/qwen3/lezgi/grammar/original/results_lezgi_Qwen_grammar_pdfpages_impactful_jpg.jsonl::grammar_image_shot	legacy	qwen3	Lezgi	grammar	original	grammar_image_shot	results/baseline/qwen3/lezgi/grammar/original/results_lezgi_Qwen.jsonl	gloss_shot	87	historical_same_model	0	0	0	0	chrF2++	21.652706742745025	20.858496673540156	-0.794210069204869	0.11478852114788521	20.84050941467285	4.513073921203613	21.631698608398438	4.438348770141602	nrefs:1|bs:10000|seed:20260913|case:mixed|eff:yes|nc:6|nw:2|space:no|version:2.6.0	1.0	312	False	False
results/legacy/qwen3/lezgi/grammar/original/results_lezgi_Qwen_grammar_summary_tables.jsonl::grammar_image_shot	legacy	qwen3	Lezgi	grammar	original	grammar_image_shot	results/baseline/qwen3/lezgi/grammar/original/results_lezgi_Qwen.jsonl	gloss_shot	87	historical_same_model	0	0	0	0	chrF2++	21.652706742745025	20.771132513760865	-0.8815742289841602	0.1371862813718628	20.772945404052734	4.464465141296387	21.631698608398438	4.438348770141602	nrefs:1|bs:10000|seed:20260913|case:mixed|eff:yes|nc:6|nw:2|space:no|version:2.6.0	1.0	312	False	False
results/legacy/qwen3/lezgi/grammar/original/results_lezgi_Qwen_grammar_summary_text.jsonl::grammar_text_shot	legacy	qwen3	Lezgi	grammar	original	grammar_text_shot	results/baseline/qwen3/lezgi/grammar/original/results_lezgi_Qwen.jsonl	gloss_shot	87	historical_same_model	0	0	0	0	chrF2++	21.652706742745025	20.289467656673622	-1.3632390860714025	0.06079392060793921	20.298202514648438	4.477466583251953	21.631698608398438	4.438348770141602	nrefs:1|bs:10000|seed:20260913|case:mixed|eff:yes|nc:6|nw:2|space:no|version:2.6.0	1.0	312	False	False
results/curated_v1/qwen3/natugu/grammar/original/modelgloss_pdfpages_impactful_jpg.jsonl::qwen3_context_modelgloss	curated_v1	qwen3	Natugu	grammar	original	qwen3_context_modelgloss	results/baseline/qwen3/natugu/grammar/original/results_natugu_ModelGloss_Qwen.jsonl	model_gloss	99	historical_same_model	0	0	0	0	BLEU	13.291133336382234	14.374331683553617	1.0831983471713826	0.11828817118288171	14.321807048039823	3.3140459377518754	13.264100724414963	2.99018907084075	nrefs:1|bs:10000|seed:20260913|case:mixed|eff:no|tok:13a|smooth:exp|version:2.6.0	1.0	312	False	False
results/curated_v1/qwen3/natugu/grammar/original/results_natugu_Qwen_ModelGloss_curated_v1_cheatsheet_jpg.jsonl::grammar_image_model_gloss	curated_v1	qwen3	Natugu	grammar	original	grammar_image_model_gloss	results/baseline/qwen3/natugu/grammar/original/results_natugu_ModelGloss_Qwen.jsonl	model_gloss	99	historical_same_model	0	0	0	0	BLEU	13.291133336382234	13.293696042961502	0.002562706579267271	0.42995700429957007	13.228788796348457	3.09774902604007	13.264100724414963	2.99018907084075	nrefs:1|bs:10000|seed:20260913|case:mixed|eff:no|tok:13a|smooth:exp|version:2.6.0	1.0	312	False	False
results/curated_v1/qwen3/natugu/grammar/original/results_natugu_Qwen_ModelGloss_curated_v1_cheatsheet_txt.jsonl::grammar_text_model_gloss	curated_v1	qwen3	Natugu	grammar	original	grammar_text_model_gloss	results/baseline/qwen3/natugu/grammar/original/results_natugu_ModelGloss_Qwen.jsonl	model_gloss	99	historical_same_model	0	0	0	0	BLEU	13.291133336382234	13.024642052346007	-0.2664912840362277	0.2946705329467053	12.869662046604507	2.8036394180623674	13.264100724414963	2.99018907084075	nrefs:1|bs:10000|seed:20260913|case:mixed|eff:no|tok:13a|smooth:exp|version:2.6.0	1.0	312	False	False
results/curated_v1/qwen3/natugu/grammar/original/results_natugu_Qwen_ModelGloss_curated_v1_summary_tables_jpg.jsonl::grammar_image_model_gloss	curated_v1	qwen3	Natugu	grammar	original	grammar_image_model_gloss	results/baseline/qwen3/natugu/grammar/original/results_natugu_ModelGloss_Qwen.jsonl	model_gloss	99	historical_same_model	0	0	0	0	BLEU	13.291133336382234	10.990184498341186	-2.300948838041048	0.023297670232976703	10.93314630161799	2.672400421198155	13.264100724414963	2.99018907084075	nrefs:1|bs:10000|seed:20260913|case:mixed|eff:no|tok:13a|smooth:exp|version:2.6.0	1.0	312	False	False
results/curated_v1/qwen3/natugu/grammar/original/results_natugu_Qwen_ModelGloss_curated_v1_summary_tables_txt.jsonl::grammar_text_model_gloss	curated_v1	qwen3	Natugu	grammar	original	grammar_text_model_gloss	results/baseline/qwen3/natugu/grammar/original/results_natugu_ModelGloss_Qwen.jsonl	model_gloss	99	historical_same_model	0	0	0	0	BLEU	13.291133336382234	11.5550737140786	-1.7360596223036335	0.0653934606539346	11.477254327818438	3.07258493709692	13.264100724414963	2.99018907084075	nrefs:1|bs:10000|seed:20260913|case:mixed|eff:no|tok:13a|smooth:exp|version:2.6.0	1.0	312	False	False
results/curated_v1/qwen3/natugu/grammar/original/results_natugu_Qwen_ModelGloss_curated_v1_summary_text_txt.jsonl::grammar_text_model_gloss	curated_v1	qwen3	Natugu	grammar	original	grammar_text_model_gloss	results/baseline/qwen3/natugu/grammar/original/results_natugu_ModelGloss_Qwen.jsonl	model_gloss	99	historical_same_model	0	0	0	0	BLEU	13.291133336382234	12.422457788450405	-0.8686755479318293	0.17248275172482752	12.346369368360634	2.704479770143678	13.264100724414963	2.99018907084075	nrefs:1|bs:10000|seed:20260913|case:mixed|eff:no|tok:13a|smooth:exp|version:2.6.0	1.0	312	False	False
results/legacy/qwen3/natugu/grammar/original/results_natugu_Qwen_ModelGloss_cheatsheet.jsonl::grammar_image_model_gloss	legacy	qwen3	Natugu	grammar	original	grammar_image_model_gloss	results/baseline/qwen3/natugu/grammar/original/results_natugu_ModelGloss_Qwen.jsonl	model_gloss	99	historical_same_model	0	0	0	0	BLEU	13.291133336382234	12.877412131814895	-0.41372120456733974	0.26147385261473854	12.843352616392469	3.25606350851551	13.264100724414963	2.99018907084075	nrefs:1|bs:10000|seed:20260913|case:mixed|eff:no|tok:13a|smooth:exp|version:2.6.0	1.0	312	False	False
results/legacy/qwen3/natugu/grammar/original/results_natugu_Qwen_ModelGloss_pdfpages.jsonl::grammar_image_model_gloss	legacy	qwen3	Natugu	grammar	original	grammar_image_model_gloss	results/baseline/qwen3/natugu/grammar/original/results_natugu_ModelGloss_Qwen.jsonl	model_gloss	99	historical_same_model	0	0	0	0	BLEU	13.291133336382234	12.49590205587187	-0.7952312805103645	0.15798420157984203	12.441566851692787	2.772124733038206	13.264100724414963	2.99018907084075	nrefs:1|bs:10000|seed:20260913|case:mixed|eff:no|tok:13a|smooth:exp|version:2.6.0	1.0	312	False	False
results/legacy/qwen3/natugu/grammar/original/results_natugu_Qwen_ModelGloss_pdfpages_modelinput_all.jsonl::grammar_image_model_gloss	legacy	qwen3	Natugu	grammar	original	grammar_image_model_gloss	results/baseline/qwen3/natugu/grammar/original/results_natugu_ModelGloss_Qwen.jsonl	model_gloss	99	historical_same_model	0	0	0	0	BLEU	13.291133336382234	13.789604559449614	0.49847122306738	0.22897710228977103	13.7508559822586	3.3094913792271825	13.264100724414963	2.99018907084075	nrefs:1|bs:10000|seed:20260913|case:mixed|eff:no|tok:13a|smooth:exp|version:2.6.0	1.0	312	False	False
results/legacy/qwen3/natugu/grammar/original/results_natugu_Qwen_ModelGloss_summary.jsonl::grammar_image_model_gloss	legacy	qwen3	Natugu	grammar	original	grammar_image_model_gloss	results/baseline/qwen3/natugu/grammar/original/results_natugu_ModelGloss_Qwen.jsonl	model_gloss	99	historical_same_model	0	0	0	0	BLEU	13.291133336382234	13.546209286062	0.25507594967976566	0.2986701329867013	13.503729105579868	3.3149938041035902	13.264100724414963	2.99018907084075	nrefs:1|bs:10000|seed:20260913|case:mixed|eff:no|tok:13a|smooth:exp|version:2.6.0	1.0	312	False	False
results/legacy/qwen3/natugu/grammar/original/results_natugu_Qwen_ModelGloss_summary_modelinput_all.jsonl::grammar_image_model_gloss	legacy	qwen3	Natugu	grammar	original	grammar_image_model_gloss	results/baseline/qwen3/natugu/grammar/original/results_natugu_ModelGloss_Qwen.jsonl	model_gloss	99	historical_same_model	0	0	0	0	BLEU	13.291133336382234	12.832048416484465	-0.45908491989776934	0.21127887211278873	12.7896215342167	3.0315727827890093	13.264100724414963	2.99018907084075	nrefs:1|bs:10000|seed:20260913|case:mixed|eff:no|tok:13a|smooth:exp|version:2.6.0	1.0	312	False	False
results/legacy/qwen3/natugu/grammar/original/results_natugu_Qwen_ModelGloss_summary_text.jsonl::grammar_text_model_gloss	legacy	qwen3	Natugu	grammar	original	grammar_text_model_gloss	results/baseline/qwen3/natugu/grammar/original/results_natugu_ModelGloss_Qwen.jsonl	model_gloss	99	historical_same_model	0	0	0	0	BLEU	13.291133336382234	12.275920543782926	-1.0152127925993089	0.15398460153984603	12.1327873167488	2.9880361205564876	13.264100724414963	2.99018907084075	nrefs:1|bs:10000|seed:20260913|case:mixed|eff:no|tok:13a|smooth:exp|version:2.6.0	1.0	312	False	False
results/curated_v1/qwen3/natugu/grammar/original/modelgloss_pdfpages_impactful_jpg.jsonl::qwen3_context_modelgloss	curated_v1	qwen3	Natugu	grammar	original	qwen3_context_modelgloss	results/baseline/qwen3/natugu/grammar/original/results_natugu_ModelGloss_Qwen.jsonl	model_gloss	99	historical_same_model	0	0	0	0	chrF2++	36.475434915565316	37.80239301529597	1.3269580997306534	0.043695630436956304	37.79975891113281	2.851360321044922	36.483280181884766	2.7605209350585938	nrefs:1|bs:10000|seed:20260913|case:mixed|eff:yes|nc:6|nw:2|space:no|version:2.6.0	1.0	312	False	False
results/curated_v1/qwen3/natugu/grammar/original/results_natugu_Qwen_ModelGloss_curated_v1_cheatsheet_jpg.jsonl::grammar_image_model_gloss	curated_v1	qwen3	Natugu	grammar	original	grammar_image_model_gloss	results/baseline/qwen3/natugu/grammar/original/results_natugu_ModelGloss_Qwen.jsonl	model_gloss	99	historical_same_model	0	0	0	0	chrF2++	36.475434915565316	37.851756924652754	1.3763220090874384	0.043495650434956505	37.839378356933594	2.857868194580078	36.483280181884766	2.7605209350585938	nrefs:1|bs:10000|seed:20260913|case:mixed|eff:yes|nc:6|nw:2|space:no|version:2.6.0	1.0	312	False	False
results/curated_v1/qwen3/natugu/grammar/original/results_natugu_Qwen_ModelGloss_curated_v1_cheatsheet_txt.jsonl::grammar_text_model_gloss	curated_v1	qwen3	Natugu	grammar	original	grammar_text_model_gloss	results/baseline/qwen3/natugu/grammar/original/results_natugu_ModelGloss_Qwen.jsonl	model_gloss	99	historical_same_model	0	0	0	0	chrF2++	36.475434915565316	38.910326700767314	2.434891785201998	0.0011998800119988001	38.89396286010742	2.5227222442626953	36.483280181884766	2.7605209350585938	nrefs:1|bs:10000|seed:20260913|case:mixed|eff:yes|nc:6|nw:2|space:no|version:2.6.0	0.3695630436956304	312	False	False
results/curated_v1/qwen3/natugu/grammar/original/results_natugu_Qwen_ModelGloss_curated_v1_summary_tables_jpg.jsonl::grammar_image_model_gloss	curated_v1	qwen3	Natugu	grammar	original	grammar_image_model_gloss	results/baseline/qwen3/natugu/grammar/original/results_natugu_ModelGloss_Qwen.jsonl	model_gloss	99	historical_same_model	0	0	0	0	chrF2++	36.475434915565316	36.79075681005816	0.31532189449284687	0.23267673232676733	36.78981018066406	2.565837860107422	36.483280181884766	2.7605209350585938	nrefs:1|bs:10000|seed:20260913|case:mixed|eff:yes|nc:6|nw:2|space:no|version:2.6.0	1.0	312	False	False
results/curated_v1/qwen3/natugu/grammar/original/results_natugu_Qwen_ModelGloss_curated_v1_summary_tables_txt.jsonl::grammar_text_model_gloss	curated_v1	qwen3	Natugu	grammar	original	grammar_text_model_gloss	results/baseline/qwen3/natugu/grammar/original/results_natugu_ModelGloss_Qwen.jsonl	model_gloss	99	historical_same_model	0	0	0	0	chrF2++	36.475434915565316	36.94641149944968	0.47097658388436514	0.20087991200879912	36.93585205078125	2.6774120330810547	36.483280181884766	2.7605209350585938	nrefs:1|bs:10000|seed:20260913|case:mixed|eff:yes|nc:6|nw:2|space:no|version:2.6.0	1.0	312	False	False
results/curated_v1/qwen3/natugu/grammar/original/results_natugu_Qwen_ModelGloss_curated_v1_summary_text_txt.jsonl::grammar_text_model_gloss	curated_v1	qwen3	Natugu	grammar	original	grammar_text_model_gloss	results/baseline/qwen3/natugu/grammar/original/results_natugu_ModelGloss_Qwen.jsonl	model_gloss	99	historical_same_model	0	0	0	0	chrF2++	36.475434915565316	38.247004667254366	1.77156975168905	0.021097890210978902	38.23068618774414	2.520780563354492	36.483280181884766	2.7605209350585938	nrefs:1|bs:10000|seed:20260913|case:mixed|eff:yes|nc:6|nw:2|space:no|version:2.6.0	1.0	312	False	False
results/legacy/qwen3/natugu/grammar/original/results_natugu_Qwen_ModelGloss_cheatsheet.jsonl::grammar_image_model_gloss	legacy	qwen3	Natugu	grammar	original	grammar_image_model_gloss	results/baseline/qwen3/natugu/grammar/original/results_natugu_ModelGloss_Qwen.jsonl	model_gloss	99	historical_same_model	0	0	0	0	chrF2++	36.475434915565316	37.2180627219955	0.7426278064301854	0.12438756124387561	37.23351287841797	2.8948211669921875	36.483280181884766	2.7605209350585938	nrefs:1|bs:10000|seed:20260913|case:mixed|eff:yes|nc:6|nw:2|space:no|version:2.6.0	1.0	312	False	False
results/legacy/qwen3/natugu/grammar/original/results_natugu_Qwen_ModelGloss_pdfpages.jsonl::grammar_image_model_gloss	legacy	qwen3	Natugu	grammar	original	grammar_image_model_gloss	results/baseline/qwen3/natugu/grammar/original/results_natugu_ModelGloss_Qwen.jsonl	model_gloss	99	historical_same_model	0	0	0	0	chrF2++	36.475434915565316	37.01654433773853	0.5411094221732142	0.17128287171282872	37.014591217041016	2.8265304565429688	36.483280181884766	2.7605209350585938	nrefs:1|bs:10000|seed:20260913|case:mixed|eff:yes|nc:6|nw:2|space:no|version:2.6.0	1.0	312	False	False
results/legacy/qwen3/natugu/grammar/original/results_natugu_Qwen_ModelGloss_pdfpages_modelinput_all.jsonl::grammar_image_model_gloss	legacy	qwen3	Natugu	grammar	original	grammar_image_model_gloss	results/baseline/qwen3/natugu/grammar/original/results_natugu_ModelGloss_Qwen.jsonl	model_gloss	99	historical_same_model	0	0	0	0	chrF2++	36.475434915565316	37.4049240804741	0.9294891649087873	0.1136886311368863	37.4117431640625	3.1470603942871094	36.483280181884766	2.7605209350585938	nrefs:1|bs:10000|seed:20260913|case:mixed|eff:yes|nc:6|nw:2|space:no|version:2.6.0	1.0	312	False	False
results/legacy/qwen3/natugu/grammar/original/results_natugu_Qwen_ModelGloss_summary.jsonl::grammar_image_model_gloss	legacy	qwen3	Natugu	grammar	original	grammar_image_model_gloss	results/baseline/qwen3/natugu/grammar/original/results_natugu_ModelGloss_Qwen.jsonl	model_gloss	99	historical_same_model	0	0	0	0	chrF2++	36.475434915565316	37.828418616443024	1.352983700877708	0.0263973602639736	37.8325309753418	2.8115692138671875	36.483280181884766	2.7605209350585938	nrefs:1|bs:10000|seed:20260913|case:mixed|eff:yes|nc:6|nw:2|space:no|version:2.6.0	1.0	312	False	False
results/legacy/qwen3/natugu/grammar/original/results_natugu_Qwen_ModelGloss_summary_modelinput_all.jsonl::grammar_image_model_gloss	legacy	qwen3	Natugu	grammar	original	grammar_image_model_gloss	results/baseline/qwen3/natugu/grammar/original/results_natugu_ModelGloss_Qwen.jsonl	model_gloss	99	historical_same_model	0	0	0	0	chrF2++	36.475434915565316	37.14272398555266	0.6672890699873406	0.1426857314268573	37.142974853515625	2.817262649536133	36.483280181884766	2.7605209350585938	nrefs:1|bs:10000|seed:20260913|case:mixed|eff:yes|nc:6|nw:2|space:no|version:2.6.0	1.0	312	False	False
results/legacy/qwen3/natugu/grammar/original/results_natugu_Qwen_ModelGloss_summary_text.jsonl::grammar_text_model_gloss	legacy	qwen3	Natugu	grammar	original	grammar_text_model_gloss	results/baseline/qwen3/natugu/grammar/original/results_natugu_ModelGloss_Qwen.jsonl	model_gloss	99	historical_same_model	0	0	0	0	chrF2++	36.475434915565316	37.54999016607336	1.0745552505080411	0.0745925407459254	37.54770278930664	2.6308536529541016	36.483280181884766	2.7605209350585938	nrefs:1|bs:10000|seed:20260913|case:mixed|eff:yes|nc:6|nw:2|space:no|version:2.6.0	1.0	312	False	False
results/curated_v1/qwen3/natugu/grammar/original/results_natugu_Qwen_curated_v1_cheatsheet_jpg.jsonl::grammar_image_shot	curated_v1	qwen3	Natugu	grammar	original	grammar_image_shot	results/baseline/qwen3/natugu/grammar/original/results_natugu_Qwen.jsonl	gloss_shot	99	historical_same_model	0	0	0	0	BLEU	2.4353604411741268	2.396572080476959	-0.038788360697167956	0.37046295370462956	2.29776200908897	1.1874638781450777	2.315398030212394	1.2922110006001912	nrefs:1|bs:10000|seed:20260913|case:mixed|eff:no|tok:13a|smooth:exp|version:2.6.0	1.0	312	False	False
results/curated_v1/qwen3/natugu/grammar/original/results_natugu_Qwen_curated_v1_cheatsheet_txt.jsonl::grammar_text_shot	curated_v1	qwen3	Natugu	grammar	original	grammar_text_shot	results/baseline/qwen3/natugu/grammar/original/results_natugu_Qwen.jsonl	gloss_shot	99	historical_same_model	0	0	0	0	BLEU	2.4353604411741268	3.5923112447558725	1.1569508035817457	0.0653934606539346	3.5330978241932143	1.5563583840211712	2.315398030212394	1.2922110006001912	nrefs:1|bs:10000|seed:20260913|case:mixed|eff:no|tok:13a|smooth:exp|version:2.6.0	1.0	312	False	False
results/curated_v1/qwen3/natugu/grammar/original/results_natugu_Qwen_curated_v1_summary_tables_jpg.jsonl::grammar_image_shot	curated_v1	qwen3	Natugu	grammar	original	grammar_image_shot	results/baseline/qwen3/natugu/grammar/original/results_natugu_Qwen.jsonl	gloss_shot	99	historical_same_model	0	0	0	0	BLEU	2.4353604411741268	1.7594990457138167	-0.6758613954603101	0.13038696130386962	1.7211133896712116	0.7521171542153788	2.315398030212394	1.2922110006001912	nrefs:1|bs:10000|seed:20260913|case:mixed|eff:no|tok:13a|smooth:exp|version:2.6.0	1.0	312	False	False
results/curated_v1/qwen3/natugu/grammar/original/results_natugu_Qwen_curated_v1_summary_tables_txt.jsonl::grammar_text_shot	curated_v1	qwen3	Natugu	grammar	original	grammar_text_shot	results/baseline/qwen3/natugu/grammar/original/results_natugu_Qwen.jsonl	gloss_shot	99	historical_same_model	0	0	0	0	BLEU	2.4353604411741268	3.201022216696836	0.7656617755227093	0.1105889411058894	3.1186779998310517	1.4858384363630404	2.315398030212394	1.2922110006001912	nrefs:1|bs:10000|seed:20260913|case:mixed|eff:no|tok:13a|smooth:exp|version:2.6.0	1.0	312	False	False
results/curated_v1/qwen3/natugu/grammar/original/results_natugu_Qwen_curated_v1_summary_text_txt.jsonl::grammar_text_shot	curated_v1	qwen3	Natugu	grammar	original	grammar_text_shot	results/baseline/qwen3/natugu/grammar/original/results_natugu_Qwen.jsonl	gloss_shot	99	historical_same_model	0	0	0	0	BLEU	2.4353604411741268	2.1976346754701286	-0.23772576570399817	0.18898110188981102	2.103928791981923	1.064736290486253	2.315398030212394	1.2922110006001912	nrefs:1|bs:10000|seed:20260913|case:mixed|eff:no|tok:13a|smooth:exp|version:2.6.0	1.0	312	False	False
results/curated_v1/qwen3/natugu/grammar/original/shot_pdfpages_impactful_jpg.jsonl::qwen3_context_shot	curated_v1	qwen3	Natugu	grammar	original	qwen3_context_shot	results/baseline/qwen3/natugu/grammar/original/results_natugu_Qwen.jsonl	gloss_shot	99	historical_same_model	2	2	0	0	BLEU	2.4353604411741268	3.0087446208385815	0.5733841796644548	0.1817818218178182	2.8787348360746314	1.6912880563742694	2.315398030212394	1.2922110006001912	nrefs:1|bs:10000|seed:20260913|case:mixed|eff:no|tok:13a|smooth:exp|version:2.6.0	1.0	312	False	False
results/legacy/qwen3/natugu/grammar/original/results_natugu_Qwen_cheatsheet.jsonl::grammar_image_shot	legacy	qwen3	Natugu	grammar	original	grammar_image_shot	results/baseline/qwen3/natugu/grammar/original/results_natugu_Qwen.jsonl	gloss_shot	99	historical_same_model	0	0	0	0	BLEU	2.4353604411741268	2.742721843546844	0.30736140237271714	0.2508749125087491	2.652269510608523	1.3655144422482879	2.315398030212394	1.2922110006001912	nrefs:1|bs:10000|seed:20260913|case:mixed|eff:no|tok:13a|smooth:exp|version:2.6.0	1.0	312	False	False
results/legacy/qwen3/natugu/grammar/original/results_natugu_Qwen_pdfpages.jsonl::grammar_image_shot	legacy	qwen3	Natugu	grammar	original	grammar_image_shot	results/baseline/qwen3/natugu/grammar/original/results_natugu_Qwen.jsonl	gloss_shot	99	historical_same_model	0	0	0	0	BLEU	2.4353604411741268	2.206088094903758	-0.22927234627036874	0.2863713628637136	2.124461905644912	1.251246930359033	2.315398030212394	1.2922110006001912	nrefs:1|bs:10000|seed:20260913|case:mixed|eff:no|tok:13a|smooth:exp|version:2.6.0	1.0	312	False	False
results/legacy/qwen3/natugu/grammar/original/results_natugu_Qwen_pdfpages_modelinput_all.jsonl::grammar_image_shot	legacy	qwen3	Natugu	grammar	original	grammar_image_shot	results/baseline/qwen3/natugu/grammar/original/results_natugu_Qwen.jsonl	gloss_shot	99	historical_same_model	0	0	0	0	BLEU	2.4353604411741268	2.3276249476906425	-0.10773549348348421	0.3441655834416558	2.2219393842134885	1.426134223196427	2.315398030212394	1.2922110006001912	nrefs:1|bs:10000|seed:20260913|case:mixed|eff:no|tok:13a|smooth:exp|version:2.6.0	1.0	312	False	False
results/legacy/qwen3/natugu/grammar/original/results_natugu_Qwen_summary.jsonl::grammar_image_shot	legacy	qwen3	Natugu	grammar	original	grammar_image_shot	results/baseline/qwen3/natugu/grammar/original/results_natugu_Qwen.jsonl	gloss_shot	99	historical_same_model	0	0	0	0	BLEU	2.4353604411741268	3.314752988233157	0.8793925470590302	0.0805919408059194	3.237475091763212	1.4318781884966587	2.315398030212394	1.2922110006001912	nrefs:1|bs:10000|seed:20260913|case:mixed|eff:no|tok:13a|smooth:exp|version:2.6.0	1.0	312	False	False
results/legacy/qwen3/natugu/grammar/original/results_natugu_Qwen_summary_modelinput_all.jsonl::grammar_image_shot	legacy	qwen3	Natugu	grammar	original	grammar_image_shot	results/baseline/qwen3/natugu/grammar/original/results_natugu_Qwen.jsonl	gloss_shot	99	historical_same_model	0	0	0	0	BLEU	2.4353604411741268	1.513927221310993	-0.9214332198631336	0.08899110088991101	1.5122541265376321	0.7459911816806206	2.315398030212394	1.2922110006001912	nrefs:1|bs:10000|seed:20260913|case:mixed|eff:no|tok:13a|smooth:exp|version:2.6.0	1.0	312	False	False
results/legacy/qwen3/natugu/grammar/original/results_natugu_Qwen_summary_text.jsonl::grammar_text_shot	legacy	qwen3	Natugu	grammar	original	grammar_text_shot	results/baseline/qwen3/natugu/grammar/original/results_natugu_Qwen.jsonl	gloss_shot	99	historical_same_model	0	0	0	0	BLEU	2.4353604411741268	2.901854210101296	0.4664937689271693	0.2243775622437756	2.8117850051105195	1.282017677186011	2.315398030212394	1.2922110006001912	nrefs:1|bs:10000|seed:20260913|case:mixed|eff:no|tok:13a|smooth:exp|version:2.6.0	1.0	312	False	False
results/curated_v1/qwen3/natugu/grammar/original/results_natugu_Qwen_curated_v1_cheatsheet_jpg.jsonl::grammar_image_shot	curated_v1	qwen3	Natugu	grammar	original	grammar_image_shot	results/baseline/qwen3/natugu/grammar/original/results_natugu_Qwen.jsonl	gloss_shot	99	historical_same_model	0	0	0	0	chrF2++	19.033628528981573	18.75426119968823	-0.2793673292933434	0.20627937206279373	18.755571365356445	1.1971759796142578	19.030691146850586	1.2965421676635742	nrefs:1|bs:10000|seed:20260913|case:mixed|eff:yes|nc:6|nw:2|space:no|version:2.6.0	1.0	312	False	False
results/curated_v1/qwen3/natugu/grammar/original/results_natugu_Qwen_curated_v1_cheatsheet_txt.jsonl::grammar_text_shot	curated_v1	qwen3	Natugu	grammar	original	grammar_text_shot	results/baseline/qwen3/natugu/grammar/original/results_natugu_Qwen.jsonl	gloss_shot	99	historical_same_model	0	0	0	0	chrF2++	19.033628528981573	19.221923824310576	0.18829529532900224	0.2568743125687431	19.22018051147461	1.4708786010742188	19.030691146850586	1.2965421676635742	nrefs:1|bs:10000|seed:20260913|case:mixed|eff:yes|nc:6|nw:2|space:no|version:2.6.0	1.0	312	False	False
results/curated_v1/qwen3/natugu/grammar/original/results_natugu_Qwen_curated_v1_summary_tables_jpg.jsonl::grammar_image_shot	curated_v1	qwen3	Natugu	grammar	original	grammar_image_shot	results/baseline/qwen3/natugu/grammar/original/results_natugu_Qwen.jsonl	gloss_shot	99	historical_same_model	0	0	0	0	chrF2++	19.033628528981573	18.338403729887254	-0.6952247990943192	0.08309169083091691	18.331689834594727	1.1946401596069336	19.030691146850586	1.2965421676635742	nrefs:1|bs:10000|seed:20260913|case:mixed|eff:yes|nc:6|nw:2|space:no|version:2.6.0	1.0	312	False	False
results/curated_v1/qwen3/natugu/grammar/original/results_natugu_Qwen_curated_v1_summary_tables_txt.jsonl::grammar_text_shot	curated_v1	qwen3	Natugu	grammar	original	grammar_text_shot	results/baseline/qwen3/natugu/grammar/original/results_natugu_Qwen.jsonl	gloss_shot	99	historical_same_model	0	0	0	0	chrF2++	19.033628528981573	19.622827728541758	0.5891991995601842	0.12858714128587143	19.62592124938965	1.3664979934692383	19.030691146850586	1.2965421676635742	nrefs:1|bs:10000|seed:20260913|case:mixed|eff:yes|nc:6|nw:2|space:no|version:2.6.0	1.0	312	False	False
results/curated_v1/qwen3/natugu/grammar/original/results_natugu_Qwen_curated_v1_summary_text_txt.jsonl::grammar_text_shot	curated_v1	qwen3	Natugu	grammar	original	grammar_text_shot	results/baseline/qwen3/natugu/grammar/original/results_natugu_Qwen.jsonl	gloss_shot	99	historical_same_model	0	0	0	0	chrF2++	19.033628528981573	19.167245137867315	0.13361660888574178	0.29147085291470853	19.163557052612305	1.1840009689331055	19.030691146850586	1.2965421676635742	nrefs:1|bs:10000|seed:20260913|case:mixed|eff:yes|nc:6|nw:2|space:no|version:2.6.0	1.0	312	False	False
results/curated_v1/qwen3/natugu/grammar/original/shot_pdfpages_impactful_jpg.jsonl::qwen3_context_shot	curated_v1	qwen3	Natugu	grammar	original	qwen3_context_shot	results/baseline/qwen3/natugu/grammar/original/results_natugu_Qwen.jsonl	gloss_shot	99	historical_same_model	2	2	0	0	chrF2++	19.033628528981573	18.015738068626945	-1.0178904603546286	0.06679332066793321	18.007797241210938	1.4047794342041016	19.030691146850586	1.2965421676635742	nrefs:1|bs:10000|seed:20260913|case:mixed|eff:yes|nc:6|nw:2|space:no|version:2.6.0	1.0	312	False	False
results/legacy/qwen3/natugu/grammar/original/results_natugu_Qwen_cheatsheet.jsonl::grammar_image_shot	legacy	qwen3	Natugu	grammar	original	grammar_image_shot	results/baseline/qwen3/natugu/grammar/original/results_natugu_Qwen.jsonl	gloss_shot	99	historical_same_model	0	0	0	0	chrF2++	19.033628528981573	18.318446396961892	-0.715182132019681	0.09059094090590941	18.321369171142578	1.2645769119262695	19.030691146850586	1.2965421676635742	nrefs:1|bs:10000|seed:20260913|case:mixed|eff:yes|nc:6|nw:2|space:no|version:2.6.0	1.0	312	False	False
results/legacy/qwen3/natugu/grammar/original/results_natugu_Qwen_pdfpages.jsonl::grammar_image_shot	legacy	qwen3	Natugu	grammar	original	grammar_image_shot	results/baseline/qwen3/natugu/grammar/original/results_natugu_Qwen.jsonl	gloss_shot	99	historical_same_model	0	0	0	0	chrF2++	19.033628528981573	17.965875879653595	-1.0677526493279785	0.0321967803219678	17.977231979370117	1.1992759704589844	19.030691146850586	1.2965421676635742	nrefs:1|bs:10000|seed:20260913|case:mixed|eff:yes|nc:6|nw:2|space:no|version:2.6.0	1.0	312	False	False
results/legacy/qwen3/natugu/grammar/original/results_natugu_Qwen_pdfpages_modelinput_all.jsonl::grammar_image_shot	legacy	qwen3	Natugu	grammar	original	grammar_image_shot	results/baseline/qwen3/natugu/grammar/original/results_natugu_Qwen.jsonl	gloss_shot	99	historical_same_model	0	0	0	0	chrF2++	19.033628528981573	17.405466408304022	-1.6281621206775512	0.0086991300869913	17.413114547729492	1.3901100158691406	19.030691146850586	1.2965421676635742	nrefs:1|bs:10000|seed:20260913|case:mixed|eff:yes|nc:6|nw:2|space:no|version:2.6.0	1.0	312	False	False
results/legacy/qwen3/natugu/grammar/original/results_natugu_Qwen_summary.jsonl::grammar_image_shot	legacy	qwen3	Natugu	grammar	original	grammar_image_shot	results/baseline/qwen3/natugu/grammar/original/results_natugu_Qwen.jsonl	gloss_shot	99	historical_same_model	0	0	0	0	chrF2++	19.033628528981573	18.806958795102304	-0.22666973387926959	0.23697630236976303	18.816600799560547	1.2959814071655273	19.030691146850586	1.2965421676635742	nrefs:1|bs:10000|seed:20260913|case:mixed|eff:yes|nc:6|nw:2|space:no|version:2.6.0	1.0	312	False	False
results/legacy/qwen3/natugu/grammar/original/results_natugu_Qwen_summary_modelinput_all.jsonl::grammar_image_shot	legacy	qwen3	Natugu	grammar	original	grammar_image_shot	results/baseline/qwen3/natugu/grammar/original/results_natugu_Qwen.jsonl	gloss_shot	99	historical_same_model	0	0	0	0	chrF2++	19.033628528981573	18.193490542524952	-0.8401379864566216	0.09099090090990901	18.201337814331055	1.3856067657470703	19.030691146850586	1.2965421676635742	nrefs:1|bs:10000|seed:20260913|case:mixed|eff:yes|nc:6|nw:2|space:no|version:2.6.0	1.0	312	False	False
results/legacy/qwen3/natugu/grammar/original/results_natugu_Qwen_summary_text.jsonl::grammar_text_shot	legacy	qwen3	Natugu	grammar	original	grammar_text_shot	results/baseline/qwen3/natugu/grammar/original/results_natugu_Qwen.jsonl	gloss_shot	99	historical_same_model	0	0	0	0	chrF2++	19.033628528981573	19.251473029803673	0.21784450082209972	0.24857514248575144	19.25135612487793	1.078176498413086	19.030691146850586	1.2965421676635742	nrefs:1|bs:10000|seed:20260913|case:mixed|eff:yes|nc:6|nw:2|space:no|version:2.6.0	1.0	312	False	False
results/curated_v1/qwen3/tsez/grammar/original/modelgloss_pdfpages_impactful_jpg.jsonl::qwen3_context_modelgloss	curated_v1	qwen3	Tsez	grammar	original	qwen3_context_modelgloss	results/baseline/qwen3/tsez/grammar/original/results_tsez_ModelGloss_Qwen.jsonl	model_gloss	445	historical_same_model	0	0	0	0	BLEU	9.693100548824537	9.050236703706052	-0.6428638451184856	0.0807919208079192	9.035766634131024	1.0516081597098346	9.687349684424037	1.0108334741607772	nrefs:1|bs:10000|seed:20260913|case:mixed|eff:no|tok:13a|smooth:exp|version:2.6.0	1.0	312	False	False
results/curated_v1/qwen3/tsez/grammar/original/results_tsez_Qwen_ModelGloss_curated_v1_cheatsheet_jpg.jsonl::grammar_image_model_gloss	curated_v1	qwen3	Tsez	grammar	original	grammar_image_model_gloss	results/baseline/qwen3/tsez/grammar/original/results_tsez_ModelGloss_Qwen.jsonl	model_gloss	445	historical_same_model	0	0	0	0	BLEU	9.693100548824537	9.597253475617249	-0.09584707320728825	0.32836716328367166	9.582638845561025	1.0402743967047003	9.687349684424037	1.0108334741607772	nrefs:1|bs:10000|seed:20260913|case:mixed|eff:no|tok:13a|smooth:exp|version:2.6.0	1.0	312	False	False
results/curated_v1/qwen3/tsez/grammar/original/results_tsez_Qwen_ModelGloss_curated_v1_cheatsheet_txt.jsonl::grammar_text_model_gloss	curated_v1	qwen3	Tsez	grammar	original	grammar_text_model_gloss	results/baseline/qwen3/tsez/grammar/original/results_tsez_ModelGloss_Qwen.jsonl	model_gloss	445	historical_same_model	0	0	0	0	BLEU	9.693100548824537	9.665323763169894	-0.02777678565464292	0.3925607439256074	9.659104997682178	1.108478977389919	9.687349684424037	1.0108334741607772	nrefs:1|bs:10000|seed:20260913|case:mixed|eff:no|tok:13a|smooth:exp|version:2.6.0	1.0	312	False	False
results/curated_v1/qwen3/tsez/grammar/original/results_tsez_Qwen_ModelGloss_curated_v1_summary_tables_jpg.jsonl::grammar_image_model_gloss	curated_v1	qwen3	Tsez	grammar	original	grammar_image_model_gloss	results/baseline/qwen3/tsez/grammar/original/results_tsez_ModelGloss_Qwen.jsonl	model_gloss	445	historical_same_model	0	0	0	0	BLEU	9.693100548824537	9.742451436422964	0.04935088759842721	0.3768623137686231	9.731388321460294	1.0649560963730105	9.687349684424037	1.0108334741607772	nrefs:1|bs:10000|seed:20260913|case:mixed|eff:no|tok:13a|smooth:exp|version:2.6.0	1.0	312	False	False
results/curated_v1/qwen3/tsez/grammar/original/results_tsez_Qwen_ModelGloss_curated_v1_summary_tables_txt.jsonl::grammar_text_model_gloss	curated_v1	qwen3	Tsez	grammar	original	grammar_text_model_gloss	results/baseline/qwen3/tsez/grammar/original/results_tsez_ModelGloss_Qwen.jsonl	model_gloss	445	historical_same_model	0	0	0	0	BLEU	9.693100548824537	9.416912129340657	-0.27618841948387995	0.202979702029797	9.41238544749459	1.129751082770234	9.687349684424037	1.0108334741607772	nrefs:1|bs:10000|seed:20260913|case:mixed|eff:no|tok:13a|smooth:exp|version:2.6.0	1.0	312	False	False
results/curated_v1/qwen3/tsez/grammar/original/results_tsez_Qwen_ModelGloss_curated_v1_summary_text_txt.jsonl::grammar_text_model_gloss	curated_v1	qwen3	Tsez	grammar	original	grammar_text_model_gloss	results/baseline/qwen3/tsez/grammar/original/results_tsez_ModelGloss_Qwen.jsonl	model_gloss	445	historical_same_model	0	0	0	0	BLEU	9.693100548824537	9.711300529109241	0.018199980284704154	0.40455954404559547	9.69513727598297	1.0625599138831703	9.687349684424037	1.0108334741607772	nrefs:1|bs:10000|seed:20260913|case:mixed|eff:no|tok:13a|smooth:exp|version:2.6.0	1.0	312	False	False
results/curated_v1/qwen3/tsez/grammar/original/modelgloss_pdfpages_impactful_jpg.jsonl::qwen3_context_modelgloss	curated_v1	qwen3	Tsez	grammar	original	qwen3_context_modelgloss	results/baseline/qwen3/tsez/grammar/original/results_tsez_ModelGloss_Qwen.jsonl	model_gloss	445	historical_same_model	0	0	0	0	chrF2++	37.0342082010209	35.82069951310665	-1.2135086879142492	0.0006999300069993001	35.81605529785156	0.9562740325927734	37.02837371826172	0.9496479034423828	nrefs:1|bs:10000|seed:20260913|case:mixed|eff:yes|nc:6|nw:2|space:no|version:2.6.0	0.21627837216278373	312	False	False
results/curated_v1/qwen3/tsez/grammar/original/results_tsez_Qwen_ModelGloss_curated_v1_cheatsheet_jpg.jsonl::grammar_image_model_gloss	curated_v1	qwen3	Tsez	grammar	original	grammar_image_model_gloss	results/baseline/qwen3/tsez/grammar/original/results_tsez_ModelGloss_Qwen.jsonl	model_gloss	445	historical_same_model	0	0	0	0	chrF2++	37.0342082010209	36.6790602444781	-0.35514795654280107	0.1401859814018598	36.67050552368164	0.9932613372802734	37.02837371826172	0.9496479034423828	nrefs:1|bs:10000|seed:20260913|case:mixed|eff:yes|nc:6|nw:2|space:no|version:2.6.0	1.0	312	False	False
results/curated_v1/qwen3/tsez/grammar/original/results_tsez_Qwen_ModelGloss_curated_v1_cheatsheet_txt.jsonl::grammar_text_model_gloss	curated_v1	qwen3	Tsez	grammar	original	grammar_text_model_gloss	results/baseline/qwen3/tsez/grammar/original/results_tsez_ModelGloss_Qwen.jsonl	model_gloss	445	historical_same_model	0	0	0	0	chrF2++	37.0342082010209	37.91045598546253	0.8762477844416239	0.014998500149985002	37.90739059448242	0.9144496917724609	37.02837371826172	0.9496479034423828	nrefs:1|bs:10000|seed:20260913|case:mixed|eff:yes|nc:6|nw:2|space:no|version:2.6.0	1.0	312	False	False
results/curated_v1/qwen3/tsez/grammar/original/results_tsez_Qwen_ModelGloss_curated_v1_summary_tables_jpg.jsonl::grammar_image_model_gloss	curated_v1	qwen3	Tsez	grammar	original	grammar_image_model_gloss	results/baseline/qwen3/tsez/grammar/original/results_tsez_ModelGloss_Qwen.jsonl	model_gloss	445	historical_same_model	0	0	0	0	chrF2++	37.0342082010209	37.02864863206469	-0.005559568956215344	0.4136586341365863	37.02613067626953	0.9376792907714844	37.02837371826172	0.9496479034423828	nrefs:1|bs:10000|seed:20260913|case:mixed|eff:yes|nc:6|nw:2|space:no|version:2.6.0	1.0	312	False	False
results/curated_v1/qwen3/tsez/grammar/original/results_tsez_Qwen_ModelGloss_curated_v1_summary_tables_txt.jsonl::grammar_text_model_gloss	curated_v1	qwen3	Tsez	grammar	original	grammar_text_model_gloss	results/baseline/qwen3/tsez/grammar/original/results_tsez_ModelGloss_Qwen.jsonl	model_gloss	445	historical_same_model	0	0	0	0	chrF2++	37.0342082010209	37.79188236407862	0.7576741630577146	0.022997700229977002	37.78952407836914	0.9559555053710938	37.02837371826172	0.9496479034423828	nrefs:1|bs:10000|seed:20260913|case:mixed|eff:yes|nc:6|nw:2|space:no|version:2.6.0	1.0	312	False	False
results/curated_v1/qwen3/tsez/grammar/original/results_tsez_Qwen_ModelGloss_curated_v1_summary_text_txt.jsonl::grammar_text_model_gloss	curated_v1	qwen3	Tsez	grammar	original	grammar_text_model_gloss	results/baseline/qwen3/tsez/grammar/original/results_tsez_ModelGloss_Qwen.jsonl	model_gloss	445	historical_same_model	0	0	0	0	chrF2++	37.0342082010209	38.05259238271264	1.0183841816917365	0.0035996400359964	38.04784393310547	0.9265193939208984	37.02837371826172	0.9496479034423828	nrefs:1|bs:10000|seed:20260913|case:mixed|eff:yes|nc:6|nw:2|space:no|version:2.6.0	1.0	312	False	False
results/curated_v1/qwen3/tsez/grammar/original/results_tsez_Qwen_curated_v1_cheatsheet_jpg.jsonl::grammar_image_shot	curated_v1	qwen3	Tsez	grammar	original	grammar_image_shot	results/baseline/qwen3/tsez/grammar/original/results_tsez_Qwen.jsonl	gloss_shot	445	historical_same_model	0	0	0	0	BLEU	1.6599542835440886	1.7930429017967946	0.13308861825270601	0.22627737226277372	1.7653102337042526	0.5254594620098427	1.6332423378135348	0.5192709436008054	nrefs:1|bs:10000|seed:20260913|case:mixed|eff:no|tok:13a|smooth:exp|version:2.6.0	1.0	312	False	False
results/curated_v1/qwen3/tsez/grammar/original/results_tsez_Qwen_curated_v1_cheatsheet_txt.jsonl::grammar_text_shot	curated_v1	qwen3	Tsez	grammar	original	grammar_text_shot	results/baseline/qwen3/tsez/grammar/original/results_tsez_Qwen.jsonl	gloss_shot	445	historical_same_model	0	0	0	0	BLEU	1.6599542835440886	1.806241851431813	0.14628756788772446	0.20437956204379562	1.7843989076023565	0.5324345011982315	1.6332423378135348	0.5192709436008054	nrefs:1|bs:10000|seed:20260913|case:mixed|eff:no|tok:13a|smooth:exp|version:2.6.0	1.0	312	False	False
results/curated_v1/qwen3/tsez/grammar/original/results_tsez_Qwen_curated_v1_summary_tables_jpg.jsonl::grammar_image_shot	curated_v1	qwen3	Tsez	grammar	original	grammar_image_shot	results/baseline/qwen3/tsez/grammar/original/results_tsez_Qwen.jsonl	gloss_shot	445	historical_same_model	0	0	0	0	BLEU	1.6599542835440886	1.7812560832423225	0.12130179969823396	0.22927707229277072	1.7565372123752998	0.5014493863814797	1.6332423378135348	0.5192709436008054	nrefs:1|bs:10000|seed:20260913|case:mixed|eff:no|tok:13a|smooth:exp|version:2.6.0	1.0	312	False	False
results/curated_v1/qwen3/tsez/grammar/original/results_tsez_Qwen_curated_v1_summary_tables_txt.jsonl::grammar_text_shot	curated_v1	qwen3	Tsez	grammar	original	grammar_text_shot	results/baseline/qwen3/tsez/grammar/original/results_tsez_Qwen.jsonl	gloss_shot	445	historical_same_model	0	0	0	0	BLEU	1.6599542835440886	1.538422744467798	-0.12153153907629055	0.22607739226077392	1.5063300535544721	0.5157432485003309	1.6332423378135348	0.5192709436008054	nrefs:1|bs:10000|seed:20260913|case:mixed|eff:no|tok:13a|smooth:exp|version:2.6.0	1.0	312	False	False
results/curated_v1/qwen3/tsez/grammar/original/results_tsez_Qwen_curated_v1_summary_text_txt.jsonl::grammar_text_shot	curated_v1	qwen3	Tsez	grammar	original	grammar_text_shot	results/baseline/qwen3/tsez/grammar/original/results_tsez_Qwen.jsonl	gloss_shot	445	historical_same_model	0	0	0	0	BLEU	1.6599542835440886	1.2428021289010933	-0.41715215464299527	0.056194380561943806	1.196496056384601	0.48166503983083764	1.6332423378135348	0.5192709436008054	nrefs:1|bs:10000|seed:20260913|case:mixed|eff:no|tok:13a|smooth:exp|version:2.6.0	1.0	312	False	False
results/curated_v1/qwen3/tsez/grammar/original/shot_pdfpages_impactful_jpg_sampled_v1.jsonl::qwen3_context_shot	curated_v1	qwen3	Tsez	grammar	original	qwen3_context_shot	results/baseline/qwen3/tsez/grammar/original/results_tsez_Qwen.jsonl	gloss_shot	445	sampled_decoding_confounded	0	0	0	0	BLEU	1.6599542835440886	1.818819734241486	0.15886545069739744	0.2034796520347965	1.798208992065722	0.5233890336692545	1.6332423378135348	0.5192709436008054	nrefs:1|bs:10000|seed:20260913|case:mixed|eff:no|tok:13a|smooth:exp|version:2.6.0	1.0	14	False	False
results/curated_v1/qwen3/tsez/grammar/original/results_tsez_Qwen_curated_v1_cheatsheet_jpg.jsonl::grammar_image_shot	curated_v1	qwen3	Tsez	grammar	original	grammar_image_shot	results/baseline/qwen3/tsez/grammar/original/results_tsez_Qwen.jsonl	gloss_shot	445	historical_same_model	0	0	0	0	chrF2++	17.902459035950507	18.10978358798858	0.20732455203807376	0.15478452154784522	18.109174728393555	0.5359907150268555	17.903228759765625	0.5285453796386719	nrefs:1|bs:10000|seed:20260913|case:mixed|eff:yes|nc:6|nw:2|space:no|version:2.6.0	1.0	312	False	False
results/curated_v1/qwen3/tsez/grammar/original/results_tsez_Qwen_curated_v1_cheatsheet_txt.jsonl::grammar_text_shot	curated_v1	qwen3	Tsez	grammar	original	grammar_text_shot	results/baseline/qwen3/tsez/grammar/original/results_tsez_Qwen.jsonl	gloss_shot	445	historical_same_model	0	0	0	0	chrF2++	17.902459035950507	17.463474121283628	-0.4389849146668787	0.0456954304569543	17.45905876159668	0.5250539779663086	17.903228759765625	0.5285453796386719	nrefs:1|bs:10000|seed:20260913|case:mixed|eff:yes|nc:6|nw:2|space:no|version:2.6.0	1.0	312	False	False
results/curated_v1/qwen3/tsez/grammar/original/results_tsez_Qwen_curated_v1_summary_tables_jpg.jsonl::grammar_image_shot	curated_v1	qwen3	Tsez	grammar	original	grammar_image_shot	results/baseline/qwen3/tsez/grammar/original/results_tsez_Qwen.jsonl	gloss_shot	445	historical_same_model	0	0	0	0	chrF2++	17.902459035950507	17.791065486299036	-0.11139354965147064	0.24197580241975802	17.787120819091797	0.5282392501831055	17.903228759765625	0.5285453796386719	nrefs:1|bs:10000|seed:20260913|case:mixed|eff:yes|nc:6|nw:2|space:no|version:2.6.0	1.0	312	False	False
results/curated_v1/qwen3/tsez/grammar/original/results_tsez_Qwen_curated_v1_summary_tables_txt.jsonl::grammar_text_shot	curated_v1	qwen3	Tsez	grammar	original	grammar_text_shot	results/baseline/qwen3/tsez/grammar/original/results_tsez_Qwen.jsonl	gloss_shot	445	historical_same_model	0	0	0	0	chrF2++	17.902459035950507	17.57790923684675	-0.3245497991037567	0.10798920107989202	17.57808494567871	0.5430965423583984	17.903228759765625	0.5285453796386719	nrefs:1|bs:10000|seed:20260913|case:mixed|eff:yes|nc:6|nw:2|space:no|version:2.6.0	1.0	312	False	False
results/curated_v1/qwen3/tsez/grammar/original/results_tsez_Qwen_curated_v1_summary_text_txt.jsonl::grammar_text_shot	curated_v1	qwen3	Tsez	grammar	original	grammar_text_shot	results/baseline/qwen3/tsez/grammar/original/results_tsez_Qwen.jsonl	gloss_shot	445	historical_same_model	0	0	0	0	chrF2++	17.902459035950507	17.85615042020214	-0.04630861574836587	0.33566643335666435	17.853038787841797	0.5145301818847656	17.903228759765625	0.5285453796386719	nrefs:1|bs:10000|seed:20260913|case:mixed|eff:yes|nc:6|nw:2|space:no|version:2.6.0	1.0	312	False	False
results/curated_v1/qwen3/tsez/grammar/original/shot_pdfpages_impactful_jpg_sampled_v1.jsonl::qwen3_context_shot	curated_v1	qwen3	Tsez	grammar	original	qwen3_context_shot	results/baseline/qwen3/tsez/grammar/original/results_tsez_Qwen.jsonl	gloss_shot	445	sampled_decoding_confounded	0	0	0	0	chrF2++	17.902459035950507	17.275527010209938	-0.6269320257405688	0.011498850114988501	17.272045135498047	0.503387451171875	17.903228759765625	0.5285453796386719	nrefs:1|bs:10000|seed:20260913|case:mixed|eff:yes|nc:6|nw:2|space:no|version:2.6.0	0.1494850514948505	14	False	False
