old_path	new_path	sha256_before	sha256_after_move
.gitignore	.gitignore	a792d5e7b5d4eb0d42487f8959156a5a2e3fe724e02a91036fe4798280bad7c9	a792d5e7b5d4eb0d42487f8959156a5a2e3fe724e02a91036fe4798280bad7c9
.python-version	.python-version	49a506dd32096b010d75205acf3430c9ae6c40351888129499e5a5e487126c93	49a506dd32096b010d75205acf3430c9ae6c40351888129499e5a5e487126c93
Gitskan Grammar Materials/gitksan Grammar PDF 1/Cheat Sheet from PDF/compact_cheatsheet.jpg	materials/curated_v1/gitksan/pdf1_brown/original/cheatsheet/compact_cheatsheet.jpg	8ffc78a38c567a13c535a824714bc6af09d611ef39539b91da760db4f4ba2c63	8ffc78a38c567a13c535a824714bc6af09d611ef39539b91da760db4f4ba2c63
Gitskan Grammar Materials/gitksan Grammar PDF 1/Cheat Sheet from PDF/compact_cheatsheet.md	materials/curated_v1/gitksan/pdf1_brown/original/cheatsheet/compact_cheatsheet.md	2aa3ad982f0b4679ea3edb0038fddf53a2c73daca65d3a4d18f2f91323ca8f58	2aa3ad982f0b4679ea3edb0038fddf53a2c73daca65d3a4d18f2f91323ca8f58
Gitskan Grammar Materials/gitksan Grammar PDF 1/Cheat Sheet from PDF/compact_cheatsheet.txt	materials/curated_v1/gitksan/pdf1_brown/original/cheatsheet/compact_cheatsheet.txt	2aa3ad982f0b4679ea3edb0038fddf53a2c73daca65d3a4d18f2f91323ca8f58	2aa3ad982f0b4679ea3edb0038fddf53a2c73daca65d3a4d18f2f91323ca8f58
Gitskan Grammar Materials/gitksan Grammar PDF 1/Pages from the PDF/Selected impactful pages JPG/page_001.jpg	materials/curated_v1/gitksan/pdf1_brown/original/selected_pages/page_001.jpg	b770d681b0ba725c2a07c8708a021cfffb2ace6d4188ce30b2b2d7a542a773d8	b770d681b0ba725c2a07c8708a021cfffb2ace6d4188ce30b2b2d7a542a773d8
Gitskan Grammar Materials/gitksan Grammar PDF 1/Pages from the PDF/Selected impactful pages JPG/page_002.jpg	materials/curated_v1/gitksan/pdf1_brown/original/selected_pages/page_002.jpg	071328756972e78994b3189c78c9d361ccd4f1aa3e955f419c346c9ebd436b9e	071328756972e78994b3189c78c9d361ccd4f1aa3e955f419c346c9ebd436b9e
Gitskan Grammar Materials/gitksan Grammar PDF 1/Pages from the PDF/Selected impactful pages JPG/page_005.jpg	materials/curated_v1/gitksan/pdf1_brown/original/selected_pages/page_005.jpg	a2e1321dbc3b1d4a087cb5dac6be8d4d923a3bf000d523b664721c2850cbe7b9	a2e1321dbc3b1d4a087cb5dac6be8d4d923a3bf000d523b664721c2850cbe7b9
Gitskan Grammar Materials/gitksan Grammar PDF 1/Pages from the PDF/Selected impactful pages JPG/page_006.jpg	materials/curated_v1/gitksan/pdf1_brown/original/selected_pages/page_006.jpg	bd9e050b38585ed87b84a8a1fde320dd5249b8cbaa6f9b00ba15c0217c91a95b	bd9e050b38585ed87b84a8a1fde320dd5249b8cbaa6f9b00ba15c0217c91a95b
Gitskan Grammar Materials/gitksan Grammar PDF 1/Pages from the PDF/Selected impactful pages JPG/page_007.jpg	materials/curated_v1/gitksan/pdf1_brown/original/selected_pages/page_007.jpg	ecc16ed581e362f36c3f8074fb508ec4a1a8bec837fafec5de367e72f46e098f	ecc16ed581e362f36c3f8074fb508ec4a1a8bec837fafec5de367e72f46e098f
Gitskan Grammar Materials/gitksan Grammar PDF 1/Pages from the PDF/Selected impactful pages JPG/page_008.jpg	materials/curated_v1/gitksan/pdf1_brown/original/selected_pages/page_008.jpg	71eb76ffb46dc571663a055263144a1b8e99468fc1cee1eecd867573077b1885	71eb76ffb46dc571663a055263144a1b8e99468fc1cee1eecd867573077b1885
Gitskan Grammar Materials/gitksan Grammar PDF 1/Pages from the PDF/Selected impactful pages JPG/page_009.jpg	materials/curated_v1/gitksan/pdf1_brown/original/selected_pages/page_009.jpg	bac4e5ea6cb42a4a9c8afeaf0efdadd323c981f2bffa8b7e8ac4bef0e9e75337	bac4e5ea6cb42a4a9c8afeaf0efdadd323c981f2bffa8b7e8ac4bef0e9e75337
Gitskan Grammar Materials/gitksan Grammar PDF 1/Pages from the PDF/Selected impactful pages JPG/page_010.jpg	materials/curated_v1/gitksan/pdf1_brown/original/selected_pages/page_010.jpg	1c8fd0006eebb0e3220c76be3dd7ce8baeb0b94020cbc0c847a12508f7c6ecac	1c8fd0006eebb0e3220c76be3dd7ce8baeb0b94020cbc0c847a12508f7c6ecac
Gitskan Grammar Materials/gitksan Grammar PDF 1/Pages from the PDF/Selected impactful pages JPG/page_011.jpg	materials/curated_v1/gitksan/pdf1_brown/original/selected_pages/page_011.jpg	a0bc1e139d2e06de7fd9a28c78b25a2adc32615d6e338d1405f6acc2574d8609	a0bc1e139d2e06de7fd9a28c78b25a2adc32615d6e338d1405f6acc2574d8609
Gitskan Grammar Materials/gitksan Grammar PDF 1/Pages from the PDF/Selected impactful pages JPG/selected_pages_manifest.md	materials/curated_v1/gitksan/pdf1_brown/original/selected_pages/selected_pages_manifest.md	fdbab52494ba976e6309e6f2028adfa8988f278edab9c8c6650e5c458828a253	fdbab52494ba976e6309e6f2028adfa8988f278edab9c8c6650e5c458828a253
Gitskan Grammar Materials/gitksan Grammar PDF 1/Pages from the PDF/Selected impactful pages JPG/selected_pages_manifest.txt	materials/curated_v1/gitksan/pdf1_brown/original/selected_pages/selected_pages_manifest.txt	557304f9c5a1552d685a24aec859a1f8a0c58e74d371deb494516e94b64b5006	557304f9c5a1552d685a24aec859a1f8a0c58e74d371deb494516e94b64b5006
Gitskan Grammar Materials/gitksan Grammar PDF 1/Pages from the PDF/optional_page_notes.md	materials/curated_v1/gitksan/pdf1_brown/original/page_notes/optional_page_notes.md	1636610ddb7cc1ad52f40a49d608b89820a4f579037c6eb39bbf05f2dda3639c	1636610ddb7cc1ad52f40a49d608b89820a4f579037c6eb39bbf05f2dda3639c
Gitskan Grammar Materials/gitksan Grammar PDF 1/Pages from the PDF/optional_page_notes.txt	materials/curated_v1/gitksan/pdf1_brown/original/page_notes/optional_page_notes.txt	4a7cae0c075f0cf8b136d4ce5ac801015b9d84681c5721539eae7104d309814f	4a7cae0c075f0cf8b136d4ce5ac801015b9d84681c5721539eae7104d309814f
Gitskan Grammar Materials/gitksan Grammar PDF 1/Pages from the PDF/page_conversion_notes.txt	materials/curated_v1/gitksan/pdf1_brown/original/page_notes/page_conversion_notes.txt	23ee523e4852a239505971a02fc218ce378209f6c53887c253f4b5c45b3759d9	23ee523e4852a239505971a02fc218ce378209f6c53887c253f4b5c45b3759d9
Gitskan Grammar Materials/gitksan Grammar PDF 1/Summary Image with Tables/summary_tables.jpg	materials/curated_v1/gitksan/pdf1_brown/original/summary_tables/summary_tables.jpg	0b734865b84ee50d2d53a803688afc98cd13c44a32040e424e11bbc4c170fd19	0b734865b84ee50d2d53a803688afc98cd13c44a32040e424e11bbc4c170fd19
Gitskan Grammar Materials/gitksan Grammar PDF 1/Summary Image with Tables/summary_tables.md	materials/curated_v1/gitksan/pdf1_brown/original/summary_tables/summary_tables.md	365cca63fa2143076a6ea300264b27de5316884ba6ce7e3de7a84db85e5a5ee0	365cca63fa2143076a6ea300264b27de5316884ba6ce7e3de7a84db85e5a5ee0
Gitskan Grammar Materials/gitksan Grammar PDF 1/Summary Image with Tables/summary_tables.txt	materials/curated_v1/gitksan/pdf1_brown/original/summary_tables/summary_tables.txt	365cca63fa2143076a6ea300264b27de5316884ba6ce7e3de7a84db85e5a5ee0	365cca63fa2143076a6ea300264b27de5316884ba6ce7e3de7a84db85e5a5ee0
Gitskan Grammar Materials/gitksan Grammar PDF 1/Summary Text/summary_model_readable.md	materials/curated_v1/gitksan/pdf1_brown/original/summary_text/summary_model_readable.md	826eed63a06cc563fdedc38323ad6e41005fb9317c80ca02ba2817846515b45e	826eed63a06cc563fdedc38323ad6e41005fb9317c80ca02ba2817846515b45e
Gitskan Grammar Materials/gitksan Grammar PDF 1/Summary Text/summary_model_readable.txt	materials/curated_v1/gitksan/pdf1_brown/original/summary_text/summary_model_readable.txt	826eed63a06cc563fdedc38323ad6e41005fb9317c80ca02ba2817846515b45e	826eed63a06cc563fdedc38323ad6e41005fb9317c80ca02ba2817846515b45e
Gitskan Grammar Materials/gitksan Grammar PDF 1/creation_report.txt	materials/curated_v1/gitksan/pdf1_brown/original/creation_report.txt	0531f0d81d5433fb03f1a85b24f8c63d98dce4b10235cd5d18b633180ea3aa71	0531f0d81d5433fb03f1a85b24f8c63d98dce4b10235cd5d18b633180ea3aa71
Gitskan Grammar Materials/gitksan Grammar PDF 2(1986 Rigsby)/Cheat Sheet from PDF/compact_cheatsheet.jpg	materials/curated_v1/gitksan/pdf2_rigsby/original/cheatsheet/compact_cheatsheet.jpg	5f6c5cbda60874575a4865382147c361ac9b706cb9260a0fcd87bcf1bcb8ce87	5f6c5cbda60874575a4865382147c361ac9b706cb9260a0fcd87bcf1bcb8ce87
Gitskan Grammar Materials/gitksan Grammar PDF 2(1986 Rigsby)/Cheat Sheet from PDF/compact_cheatsheet.md	materials/curated_v1/gitksan/pdf2_rigsby/original/cheatsheet/compact_cheatsheet.md	e960563af66bc7b55685e3b9c655405e7a3b78ca28c34a865b942287cca46f62	e960563af66bc7b55685e3b9c655405e7a3b78ca28c34a865b942287cca46f62
Gitskan Grammar Materials/gitksan Grammar PDF 2(1986 Rigsby)/Cheat Sheet from PDF/compact_cheatsheet.txt	materials/curated_v1/gitksan/pdf2_rigsby/original/cheatsheet/compact_cheatsheet.txt	e960563af66bc7b55685e3b9c655405e7a3b78ca28c34a865b942287cca46f62	e960563af66bc7b55685e3b9c655405e7a3b78ca28c34a865b942287cca46f62
Gitskan Grammar Materials/gitksan Grammar PDF 2(1986 Rigsby)/Pages from the PDF/Selected impactful pages JPG/page_001.jpg	materials/curated_v1/gitksan/pdf2_rigsby/original/selected_pages/page_001.jpg	ec128e752361322b22ab42983f78eb3c2ee8215da7ea0da4a81e17856feaacc1	ec128e752361322b22ab42983f78eb3c2ee8215da7ea0da4a81e17856feaacc1
Gitskan Grammar Materials/gitksan Grammar PDF 2(1986 Rigsby)/Pages from the PDF/Selected impactful pages JPG/page_003.jpg	materials/curated_v1/gitksan/pdf2_rigsby/original/selected_pages/page_003.jpg	366abcbf6f8c25385f7239de0962cb4438b2ccae6a38748b170ee93d15931fce	366abcbf6f8c25385f7239de0962cb4438b2ccae6a38748b170ee93d15931fce
Gitskan Grammar Materials/gitksan Grammar PDF 2(1986 Rigsby)/Pages from the PDF/Selected impactful pages JPG/page_004.jpg	materials/curated_v1/gitksan/pdf2_rigsby/original/selected_pages/page_004.jpg	eb640b4c3df60b1c35e758ae7fc8e641e80b4b4af73c9d86828c174527c5e88c	eb640b4c3df60b1c35e758ae7fc8e641e80b4b4af73c9d86828c174527c5e88c
Gitskan Grammar Materials/gitksan Grammar PDF 2(1986 Rigsby)/Pages from the PDF/Selected impactful pages JPG/page_005.jpg	materials/curated_v1/gitksan/pdf2_rigsby/original/selected_pages/page_005.jpg	51b92869c6724ff823daac868ae5f65ac11edc85c100a610118c69cd203ebeb1	51b92869c6724ff823daac868ae5f65ac11edc85c100a610118c69cd203ebeb1
Gitskan Grammar Materials/gitksan Grammar PDF 2(1986 Rigsby)/Pages from the PDF/Selected impactful pages JPG/page_006.jpg	materials/curated_v1/gitksan/pdf2_rigsby/original/selected_pages/page_006.jpg	342ee7c3a03e7fc27b34b1edc3745e2de123a5d87f6a146fd35bfcee3fc2c395	342ee7c3a03e7fc27b34b1edc3745e2de123a5d87f6a146fd35bfcee3fc2c395
Gitskan Grammar Materials/gitksan Grammar PDF 2(1986 Rigsby)/Pages from the PDF/Selected impactful pages JPG/page_007.jpg	materials/curated_v1/gitksan/pdf2_rigsby/original/selected_pages/page_007.jpg	386f9b80cfd157190e7fb3134cd82b77374da3fcf2b22cb529e8dd8f1cf7939f	386f9b80cfd157190e7fb3134cd82b77374da3fcf2b22cb529e8dd8f1cf7939f
Gitskan Grammar Materials/gitksan Grammar PDF 2(1986 Rigsby)/Pages from the PDF/Selected impactful pages JPG/selected_pages_manifest.md	materials/curated_v1/gitksan/pdf2_rigsby/original/selected_pages/selected_pages_manifest.md	4f74589024fc29f0c2411bfe0f745bd438635086346f568969b79e0d19b259ab	4f74589024fc29f0c2411bfe0f745bd438635086346f568969b79e0d19b259ab
Gitskan Grammar Materials/gitksan Grammar PDF 2(1986 Rigsby)/Pages from the PDF/Selected impactful pages JPG/selected_pages_manifest.txt	materials/curated_v1/gitksan/pdf2_rigsby/original/selected_pages/selected_pages_manifest.txt	ac2beff5befc1f94fae8defcf5ddf7587eb584ebc4d50d61fe47f3a87e2c107b	ac2beff5befc1f94fae8defcf5ddf7587eb584ebc4d50d61fe47f3a87e2c107b
Gitskan Grammar Materials/gitksan Grammar PDF 2(1986 Rigsby)/Pages from the PDF/optional_page_notes.md	materials/curated_v1/gitksan/pdf2_rigsby/original/page_notes/optional_page_notes.md	9cd5191c670ad0f9f7b4ba26d2cb1ede141a13b3d4af4f4f1794a3dfa228f9c9	9cd5191c670ad0f9f7b4ba26d2cb1ede141a13b3d4af4f4f1794a3dfa228f9c9
Gitskan Grammar Materials/gitksan Grammar PDF 2(1986 Rigsby)/Pages from the PDF/optional_page_notes.txt	materials/curated_v1/gitksan/pdf2_rigsby/original/page_notes/optional_page_notes.txt	5bdb2588def35eecd0b7e8f59adf610d171119a998b929cf4a256becd54b3dbd	5bdb2588def35eecd0b7e8f59adf610d171119a998b929cf4a256becd54b3dbd
Gitskan Grammar Materials/gitksan Grammar PDF 2(1986 Rigsby)/Pages from the PDF/page_conversion_notes.txt	materials/curated_v1/gitksan/pdf2_rigsby/original/page_notes/page_conversion_notes.txt	ac84b0e5e6ef65d6c4799d209ba933000f99ff981f00530b3fb4e85f74a49122	ac84b0e5e6ef65d6c4799d209ba933000f99ff981f00530b3fb4e85f74a49122
Gitskan Grammar Materials/gitksan Grammar PDF 2(1986 Rigsby)/Summary Image with Tables/summary_tables.jpg	materials/curated_v1/gitksan/pdf2_rigsby/original/summary_tables/summary_tables.jpg	a724c766c258f6c51b71c6b3e50fa0463491186fb8adb1ebafe444ba6a5f91bf	a724c766c258f6c51b71c6b3e50fa0463491186fb8adb1ebafe444ba6a5f91bf
Gitskan Grammar Materials/gitksan Grammar PDF 2(1986 Rigsby)/Summary Image with Tables/summary_tables.md	materials/curated_v1/gitksan/pdf2_rigsby/original/summary_tables/summary_tables.md	cfa0bae4dc120880567ef59d32edd1c1903249da97e20da1105cfa054efecc44	cfa0bae4dc120880567ef59d32edd1c1903249da97e20da1105cfa054efecc44
Gitskan Grammar Materials/gitksan Grammar PDF 2(1986 Rigsby)/Summary Image with Tables/summary_tables.txt	materials/curated_v1/gitksan/pdf2_rigsby/original/summary_tables/summary_tables.txt	cfa0bae4dc120880567ef59d32edd1c1903249da97e20da1105cfa054efecc44	cfa0bae4dc120880567ef59d32edd1c1903249da97e20da1105cfa054efecc44
Gitskan Grammar Materials/gitksan Grammar PDF 2(1986 Rigsby)/Summary Text/summary_model_readable.md	materials/curated_v1/gitksan/pdf2_rigsby/original/summary_text/summary_model_readable.md	2a3b76e23e0d35901160f2c622bb1d63c6bb8bfb202feb21db0429d10479fd0d	2a3b76e23e0d35901160f2c622bb1d63c6bb8bfb202feb21db0429d10479fd0d
Gitskan Grammar Materials/gitksan Grammar PDF 2(1986 Rigsby)/Summary Text/summary_model_readable.txt	materials/curated_v1/gitksan/pdf2_rigsby/original/summary_text/summary_model_readable.txt	2a3b76e23e0d35901160f2c622bb1d63c6bb8bfb202feb21db0429d10479fd0d	2a3b76e23e0d35901160f2c622bb1d63c6bb8bfb202feb21db0429d10479fd0d
Gitskan Grammar Materials/gitksan Grammar PDF 2(1986 Rigsby)/creation_report.txt	materials/curated_v1/gitksan/pdf2_rigsby/original/creation_report.txt	890a7b7337e05703f2ecebfbd8d8d07859e8f82d77e691134c8601f8b4c9ba1b	890a7b7337e05703f2ecebfbd8d8d07859e8f82d77e691134c8601f8b4c9ba1b
Gitskan Grammar PDF's/_contact_sheets/gitksan Grammar PDF 1_contact.jpg	inputs/grammar_pdfs/gitksan/_contact_sheets/gitksan Grammar PDF 1_contact.jpg	7ca4e648b659372d353800a50460487614368b4cd451d3dbc6be75c3edde8102	7ca4e648b659372d353800a50460487614368b4cd451d3dbc6be75c3edde8102
Gitskan Grammar PDF's/_contact_sheets/gitksan Grammar PDF 2(1986_Rigsby)_contact.jpg	inputs/grammar_pdfs/gitksan/_contact_sheets/gitksan Grammar PDF 2(1986_Rigsby)_contact.jpg	95e9ab14bb9883491959493322f2ef520048c9d8c09f8a5eaceb211966cc5cd3	95e9ab14bb9883491959493322f2ef520048c9d8c09f8a5eaceb211966cc5cd3
Gitskan Grammar PDF's/gitksan Grammar PDF 1.pdf	inputs/grammar_pdfs/gitksan/gitksan Grammar PDF 1.pdf	ae1218388411ceb6f2d3b4306ac08ca0e298647040d3d9d70959fe6726fe493e	ae1218388411ceb6f2d3b4306ac08ca0e298647040d3d9d70959fe6726fe493e
Gitskan Grammar PDF's/gitksan Grammar PDF 2(1986_Rigsby).pdf	inputs/grammar_pdfs/gitksan/gitksan Grammar PDF 2(1986_Rigsby).pdf	3c47efe0c35153ee86147559bc5f70014f025b477d2678d131bb86a7fd55ab46	3c47efe0c35153ee86147559bc5f70014f025b477d2678d131bb86a7fd55ab46
Gitskan Grammar Screenshots/PDF 1 - Brown IPA/Cheat Sheet from PDF/gitksan_pdf1_brown_ipa_cheatsheet.jpg	materials/legacy/gitksan/pdf1_brown/Cheat Sheet from PDF/gitksan_pdf1_brown_ipa_cheatsheet.jpg	101242e0de93438d3578fefe08e7e02bd962b17265401d0bbf45ee6e8b2f1c51	101242e0de93438d3578fefe08e7e02bd962b17265401d0bbf45ee6e8b2f1c51
Gitskan Grammar Screenshots/PDF 1 - Brown IPA/Pages from the PDF/PDF Pages All JPG/gitksan_pdf1_brown_ipa_p02.jpg	materials/legacy/gitksan/pdf1_brown/Pages from the PDF/PDF Pages All JPG/gitksan_pdf1_brown_ipa_p02.jpg	11bbf822910b11200fff0f08843bf275d16c45278c8a24b06161276581bcb76b	11bbf822910b11200fff0f08843bf275d16c45278c8a24b06161276581bcb76b
Gitskan Grammar Screenshots/PDF 1 - Brown IPA/Pages from the PDF/PDF Pages All JPG/gitksan_pdf1_brown_ipa_p03.jpg	materials/legacy/gitksan/pdf1_brown/Pages from the PDF/PDF Pages All JPG/gitksan_pdf1_brown_ipa_p03.jpg	89df90c444ae62f2f5a1d540faa378499cac2c337db4fd3262ac1c9e2c9995ef	89df90c444ae62f2f5a1d540faa378499cac2c337db4fd3262ac1c9e2c9995ef
Gitskan Grammar Screenshots/PDF 1 - Brown IPA/Pages from the PDF/PDF Pages All JPG/gitksan_pdf1_brown_ipa_p04.jpg	materials/legacy/gitksan/pdf1_brown/Pages from the PDF/PDF Pages All JPG/gitksan_pdf1_brown_ipa_p04.jpg	aa3f3820234deead88bffb02b5b4385def0ff5f1436f2c5441672a7c3c19636a	aa3f3820234deead88bffb02b5b4385def0ff5f1436f2c5441672a7c3c19636a
Gitskan Grammar Screenshots/PDF 1 - Brown IPA/Pages from the PDF/PDF Pages All JPG/gitksan_pdf1_brown_ipa_p05.jpg	materials/legacy/gitksan/pdf1_brown/Pages from the PDF/PDF Pages All JPG/gitksan_pdf1_brown_ipa_p05.jpg	aff224ff5750cbabfbe3e174e432a96b1e560bd76ecdf45cbd36568035193536	aff224ff5750cbabfbe3e174e432a96b1e560bd76ecdf45cbd36568035193536
Gitskan Grammar Screenshots/PDF 1 - Brown IPA/Pages from the PDF/PDF Pages All JPG/gitksan_pdf1_brown_ipa_p06.jpg	materials/legacy/gitksan/pdf1_brown/Pages from the PDF/PDF Pages All JPG/gitksan_pdf1_brown_ipa_p06.jpg	ed1182839dd86f0d67a82fa1df8a8eca69d84a6de0be275740e5c3f0b62adbcd	ed1182839dd86f0d67a82fa1df8a8eca69d84a6de0be275740e5c3f0b62adbcd
Gitskan Grammar Screenshots/PDF 1 - Brown IPA/Pages from the PDF/PDF Pages All JPG/gitksan_pdf1_brown_ipa_p07.jpg	materials/legacy/gitksan/pdf1_brown/Pages from the PDF/PDF Pages All JPG/gitksan_pdf1_brown_ipa_p07.jpg	efb5045ff46cc3ace96fb3edb8254212090675ca90bba717a31203d46e8fafd0	efb5045ff46cc3ace96fb3edb8254212090675ca90bba717a31203d46e8fafd0
Gitskan Grammar Screenshots/PDF 1 - Brown IPA/Pages from the PDF/PDF Pages All JPG/gitksan_pdf1_brown_ipa_p08.jpg	materials/legacy/gitksan/pdf1_brown/Pages from the PDF/PDF Pages All JPG/gitksan_pdf1_brown_ipa_p08.jpg	798e8fb4ea4bb0ce61d51dff21156ced704fd00fa09f07ee7f7d6ee838163152	798e8fb4ea4bb0ce61d51dff21156ced704fd00fa09f07ee7f7d6ee838163152
Gitskan Grammar Screenshots/PDF 1 - Brown IPA/Pages from the PDF/PDF Pages All JPG/gitksan_pdf1_brown_ipa_p09.jpg	materials/legacy/gitksan/pdf1_brown/Pages from the PDF/PDF Pages All JPG/gitksan_pdf1_brown_ipa_p09.jpg	a855e867e3252f15fce6544de7808f98a1db5cd307c652586fe7be79cffc385d	a855e867e3252f15fce6544de7808f98a1db5cd307c652586fe7be79cffc385d
Gitskan Grammar Screenshots/PDF 1 - Brown IPA/Pages from the PDF/PDF Pages All JPG/gitksan_pdf1_brown_ipa_p10.jpg	materials/legacy/gitksan/pdf1_brown/Pages from the PDF/PDF Pages All JPG/gitksan_pdf1_brown_ipa_p10.jpg	03063073b079b9297aec213c93e45797bd949f32118fbc0079afd011ff47191a	03063073b079b9297aec213c93e45797bd949f32118fbc0079afd011ff47191a
Gitskan Grammar Screenshots/PDF 1 - Brown IPA/Pages from the PDF/PDF Pages All JPG/gitksan_pdf1_brown_ipa_p11.jpg	materials/legacy/gitksan/pdf1_brown/Pages from the PDF/PDF Pages All JPG/gitksan_pdf1_brown_ipa_p11.jpg	3015082ddd6edbfd0e700e82e37fffda3f5f13e894f8c0645ffd92f5a076955d	3015082ddd6edbfd0e700e82e37fffda3f5f13e894f8c0645ffd92f5a076955d
Gitskan Grammar Screenshots/PDF 1 - Brown IPA/Summary Image with Tables/Model Input Readable/gitksan_pdf1_brown_ipa_summary_tables.jpg	materials/legacy/gitksan/pdf1_brown/Summary Image with Tables/Model Input Readable/gitksan_pdf1_brown_ipa_summary_tables.jpg	cc517b3373ee058ab4b7440d499754d66a83f40fc1824d3d9c4bdd6d97b326c6	cc517b3373ee058ab4b7440d499754d66a83f40fc1824d3d9c4bdd6d97b326c6
Gitskan Grammar Screenshots/PDF 1 - Brown IPA/Summary Text/gitksan_pdf1_brown_ipa_summary_model_readable.txt	materials/legacy/gitksan/pdf1_brown/Summary Text/gitksan_pdf1_brown_ipa_summary_model_readable.txt	176d7b5ba2f8aa2924c4ca17a56e8448f53f66d8ce5227b1f2fdad0f1c7f263a	176d7b5ba2f8aa2924c4ca17a56e8448f53f66d8ce5227b1f2fdad0f1c7f263a
Gitskan Grammar Screenshots/PDF 2 - Rigsby Intro/Cheat Sheet from PDF/gitksan_pdf2_rigsby_intro_cheatsheet.jpg	materials/legacy/gitksan/pdf2_rigsby/Cheat Sheet from PDF/gitksan_pdf2_rigsby_intro_cheatsheet.jpg	cb3c425b834856e9d7cc4a112210ef0ca774dbd69e558b9b749b0edb46634ff9	cb3c425b834856e9d7cc4a112210ef0ca774dbd69e558b9b749b0edb46634ff9
Gitskan Grammar Screenshots/PDF 2 - Rigsby Intro/Pages from the PDF/PDF Pages All JPG/gitksan_pdf2_rigsby_intro_p01.jpg	materials/legacy/gitksan/pdf2_rigsby/Pages from the PDF/PDF Pages All JPG/gitksan_pdf2_rigsby_intro_p01.jpg	c60d396876200f241ed0306b313e1688c7c1511d80b96df0c5e43eea44c27543	c60d396876200f241ed0306b313e1688c7c1511d80b96df0c5e43eea44c27543
Gitskan Grammar Screenshots/PDF 2 - Rigsby Intro/Pages from the PDF/PDF Pages All JPG/gitksan_pdf2_rigsby_intro_p02.jpg	materials/legacy/gitksan/pdf2_rigsby/Pages from the PDF/PDF Pages All JPG/gitksan_pdf2_rigsby_intro_p02.jpg	0bafdaeeabdc729d3327cc5bff87ec0693b83a3fb3a8000a4bb25f127f35eeb7	0bafdaeeabdc729d3327cc5bff87ec0693b83a3fb3a8000a4bb25f127f35eeb7
Gitskan Grammar Screenshots/PDF 2 - Rigsby Intro/Pages from the PDF/PDF Pages All JPG/gitksan_pdf2_rigsby_intro_p03.jpg	materials/legacy/gitksan/pdf2_rigsby/Pages from the PDF/PDF Pages All JPG/gitksan_pdf2_rigsby_intro_p03.jpg	5e7a1e1c1ab9158ec55b003e77f2bd5a2cd97abc59abff3259331ced351012ab	5e7a1e1c1ab9158ec55b003e77f2bd5a2cd97abc59abff3259331ced351012ab
Gitskan Grammar Screenshots/PDF 2 - Rigsby Intro/Pages from the PDF/PDF Pages All JPG/gitksan_pdf2_rigsby_intro_p04.jpg	materials/legacy/gitksan/pdf2_rigsby/Pages from the PDF/PDF Pages All JPG/gitksan_pdf2_rigsby_intro_p04.jpg	2c505b44de3313e2bb48a79e3718da16d1ca46caa47c9f15dfd6ecd28226c868	2c505b44de3313e2bb48a79e3718da16d1ca46caa47c9f15dfd6ecd28226c868
Gitskan Grammar Screenshots/PDF 2 - Rigsby Intro/Pages from the PDF/PDF Pages All JPG/gitksan_pdf2_rigsby_intro_p05.jpg	materials/legacy/gitksan/pdf2_rigsby/Pages from the PDF/PDF Pages All JPG/gitksan_pdf2_rigsby_intro_p05.jpg	d00df3433ebc62cbc543ff6feca605f09e1d5d80dab4e3611af0139ad174cc8c	d00df3433ebc62cbc543ff6feca605f09e1d5d80dab4e3611af0139ad174cc8c
Gitskan Grammar Screenshots/PDF 2 - Rigsby Intro/Pages from the PDF/PDF Pages All JPG/gitksan_pdf2_rigsby_intro_p06.jpg	materials/legacy/gitksan/pdf2_rigsby/Pages from the PDF/PDF Pages All JPG/gitksan_pdf2_rigsby_intro_p06.jpg	c450563cd3091013877112e311aaba481e69acea15134ef21be54f5549d7ee1b	c450563cd3091013877112e311aaba481e69acea15134ef21be54f5549d7ee1b
Gitskan Grammar Screenshots/PDF 2 - Rigsby Intro/Pages from the PDF/PDF Pages All JPG/gitksan_pdf2_rigsby_intro_p07.jpg	materials/legacy/gitksan/pdf2_rigsby/Pages from the PDF/PDF Pages All JPG/gitksan_pdf2_rigsby_intro_p07.jpg	7f2fe3226bc658b9751dfe4f921bf34e2ba0d0b836f1ad76bb9e226d5a51857b	7f2fe3226bc658b9751dfe4f921bf34e2ba0d0b836f1ad76bb9e226d5a51857b
Gitskan Grammar Screenshots/PDF 2 - Rigsby Intro/Pages from the PDF/PDF Pages All JPG/gitksan_pdf2_rigsby_intro_p08.jpg	materials/legacy/gitksan/pdf2_rigsby/Pages from the PDF/PDF Pages All JPG/gitksan_pdf2_rigsby_intro_p08.jpg	facad3bf547fb11b33502568e9e871d62e1a6c35324b60498b1176cce5fcac4c	facad3bf547fb11b33502568e9e871d62e1a6c35324b60498b1176cce5fcac4c
Gitskan Grammar Screenshots/PDF 2 - Rigsby Intro/Summary Image with Tables/Model Input Readable/gitksan_pdf2_rigsby_intro_summary_tables.jpg	materials/legacy/gitksan/pdf2_rigsby/Summary Image with Tables/Model Input Readable/gitksan_pdf2_rigsby_intro_summary_tables.jpg	2dea134ab699e0fc6f2a1cfdb4c9a0d6824af931033fd7c1fafa7a995678923b	2dea134ab699e0fc6f2a1cfdb4c9a0d6824af931033fd7c1fafa7a995678923b
Gitskan Grammar Screenshots/PDF 2 - Rigsby Intro/Summary Text/gitksan_pdf2_rigsby_intro_summary_model_readable.txt	materials/legacy/gitksan/pdf2_rigsby/Summary Text/gitksan_pdf2_rigsby_intro_summary_model_readable.txt	b44b52b5f29371a97c4fb11ed1b33c62a9e97a6225041ce9f230cdbbf804e5c7	b44b52b5f29371a97c4fb11ed1b33c62a9e97a6225041ce9f230cdbbf804e5c7
Latest local files/metrics_gitksan_Apertus.json	archive/local_snapshots/metrics_gitksan_Apertus.json	7d0dff8f44a33b0026a1d7abd6183053b3c4805f58da8845e078f80fb6c76a36	7d0dff8f44a33b0026a1d7abd6183053b3c4805f58da8845e078f80fb6c76a36
Latest local files/metrics_gitksan_Llama_3.1.json	archive/local_snapshots/metrics_gitksan_Llama_3.1.json	732421bba5efd66def9315cd16bbf8e9acbbdf706a099b7dc9db448165d4cfc7	732421bba5efd66def9315cd16bbf8e9acbbdf706a099b7dc9db448165d4cfc7
Latest local files/metrics_gitksan_ModelGloss_test.json	archive/local_snapshots/metrics_gitksan_ModelGloss_test.json	57350fef62a42566dfacded7b55ebfa9879f58eea97323a8474851dafa363c31	57350fef62a42566dfacded7b55ebfa9879f58eea97323a8474851dafa363c31
Latest local files/metrics_gitksan_Qwen.json	archive/local_snapshots/metrics_gitksan_Qwen.json	ff581b03c0faa548a929953ca32a5c505753a7bb6b715a104fecd7eb00428358	ff581b03c0faa548a929953ca32a5c505753a7bb6b715a104fecd7eb00428358
Latest local files/run_gitksan Apertus.ps1	archive/local_snapshots/run_gitksan Apertus.ps1	4783ad70c6996bf37f63563fec48c75548dbe6976a1f07ee8b8dd54579c43527	4783ad70c6996bf37f63563fec48c75548dbe6976a1f07ee8b8dd54579c43527
Latest local files/run_gitksan Llama 3.1.ps1	archive/local_snapshots/run_gitksan Llama 3.1.ps1	e211908b267580b0a4701b7dd14296bf0efccf482c6f1b6b4770ad66d15502d0	e211908b267580b0a4701b7dd14296bf0efccf482c6f1b6b4770ad66d15502d0
Latest local files/run_gitksan_modelgloss.ps1	archive/local_snapshots/run_gitksan_modelgloss.ps1	a4e355acc2cb1da70e41c2a27621473c85759eccb6a1cafb7bb29181062173f7	a4e355acc2cb1da70e41c2a27621473c85759eccb6a1cafb7bb29181062173f7
Latest local files/run_gitksan_qwen.ps1	archive/local_snapshots/run_gitksan_qwen.ps1	96c4136d81fd2f2f65e145a5673621e8bd7bd7901ba2369ac742f5926d0fa077	96c4136d81fd2f2f65e145a5673621e8bd7bd7901ba2369ac742f5926d0fa077
Latest local files/run_grammamt.py	archive/local_snapshots/run_grammamt.py	29fafb74c6ab2ae2852c635397152cdc70f3e3279ec468be87437d3d5d08c417	29fafb74c6ab2ae2852c635397152cdc70f3e3279ec468be87437d3d5d08c417
Latest local files/run_grammamt_Apertus.py	archive/local_snapshots/run_grammamt_Apertus.py	50b017fd653ca777636274207fa99837d2441b89a391bd3ae1cfbd98eb373fc6	50b017fd653ca777636274207fa99837d2441b89a391bd3ae1cfbd98eb373fc6
Latest local files/run_grammamt_ModelGloss.py	archive/local_snapshots/run_grammamt_ModelGloss.py	193c8981185f1b6106004f6457e1d6bac20908bc3f64f0e1e68b3783acebe659	193c8981185f1b6106004f6457e1d6bac20908bc3f64f0e1e68b3783acebe659
Latest local files/run_grammamt_Qwen.py	archive/local_snapshots/run_grammamt_Qwen.py	b6ae10d68fe69161938ceb5f6f72e66e3770091c5a284fab35c374ce51bf6bbb	b6ae10d68fe69161938ceb5f6f72e66e3770091c5a284fab35c374ce51bf6bbb
Lezgi Grammar Materials/Lezgi Grammar PDF Cyrillic/Cheat Sheet from PDF/compact_cheatsheet.jpg	materials/curated_v1/lezgi/grammar/cyrillic/cheatsheet/compact_cheatsheet.jpg	e31ff1cbd52189f5f66c7b6580b89c6f3035bef93276efecfd19dc7853116a4d	e31ff1cbd52189f5f66c7b6580b89c6f3035bef93276efecfd19dc7853116a4d
Lezgi Grammar Materials/Lezgi Grammar PDF Cyrillic/Cheat Sheet from PDF/compact_cheatsheet.md	materials/curated_v1/lezgi/grammar/cyrillic/cheatsheet/compact_cheatsheet.md	ffaae2ec2b67dc23d9606722d80e0045e9242ca28a59aba457b0f0a5a51962b1	ffaae2ec2b67dc23d9606722d80e0045e9242ca28a59aba457b0f0a5a51962b1
Lezgi Grammar Materials/Lezgi Grammar PDF Cyrillic/Cheat Sheet from PDF/compact_cheatsheet.txt	materials/curated_v1/lezgi/grammar/cyrillic/cheatsheet/compact_cheatsheet.txt	ffaae2ec2b67dc23d9606722d80e0045e9242ca28a59aba457b0f0a5a51962b1	ffaae2ec2b67dc23d9606722d80e0045e9242ca28a59aba457b0f0a5a51962b1
Lezgi Grammar Materials/Lezgi Grammar PDF Cyrillic/Cheat Sheet from PDF/compact_cheatsheet_2.jpg	materials/curated_v1/lezgi/grammar/cyrillic/cheatsheet/compact_cheatsheet_2.jpg	798ebd63760d11b7a038f882b3942dc04b4b14d703277aeead1b38ef2e61bba9	798ebd63760d11b7a038f882b3942dc04b4b14d703277aeead1b38ef2e61bba9
Lezgi Grammar Materials/Lezgi Grammar PDF Cyrillic/Pages from the PDF/Selected impactful pages JPG/selected_pages_manifest.md	materials/curated_v1/lezgi/grammar/cyrillic/selected_pages/selected_pages_manifest.md	cb2641c7aa4a8b0c2beb227a659d1c0f91e99b9fed4155984731da039687c3dd	cb2641c7aa4a8b0c2beb227a659d1c0f91e99b9fed4155984731da039687c3dd
Lezgi Grammar Materials/Lezgi Grammar PDF Cyrillic/Pages from the PDF/Selected impactful pages JPG/selected_pages_manifest.txt	materials/curated_v1/lezgi/grammar/cyrillic/selected_pages/selected_pages_manifest.txt	cb2641c7aa4a8b0c2beb227a659d1c0f91e99b9fed4155984731da039687c3dd	cb2641c7aa4a8b0c2beb227a659d1c0f91e99b9fed4155984731da039687c3dd
Lezgi Grammar Materials/Lezgi Grammar PDF Cyrillic/Summary Image with Tables/summary_tables.jpg	materials/curated_v1/lezgi/grammar/cyrillic/summary_tables/summary_tables.jpg	7ad3309decede665cfdb8845f1421d454d4151829c520f49d14f50171aaa13f1	7ad3309decede665cfdb8845f1421d454d4151829c520f49d14f50171aaa13f1
Lezgi Grammar Materials/Lezgi Grammar PDF Cyrillic/Summary Image with Tables/summary_tables.md	materials/curated_v1/lezgi/grammar/cyrillic/summary_tables/summary_tables.md	3902c86a8c075843afcb9306735ee3bd489e806126a4b5a53a33abdaa59453b2	3902c86a8c075843afcb9306735ee3bd489e806126a4b5a53a33abdaa59453b2
Lezgi Grammar Materials/Lezgi Grammar PDF Cyrillic/Summary Image with Tables/summary_tables.txt	materials/curated_v1/lezgi/grammar/cyrillic/summary_tables/summary_tables.txt	3902c86a8c075843afcb9306735ee3bd489e806126a4b5a53a33abdaa59453b2	3902c86a8c075843afcb9306735ee3bd489e806126a4b5a53a33abdaa59453b2
Lezgi Grammar Materials/Lezgi Grammar PDF Cyrillic/Summary Image with Tables/summary_tables_2.jpg	materials/curated_v1/lezgi/grammar/cyrillic/summary_tables/summary_tables_2.jpg	a2f3fccca39b6c5531aa0811906dff4eab4455fc56c40b0bedede7150e2624b5	a2f3fccca39b6c5531aa0811906dff4eab4455fc56c40b0bedede7150e2624b5
Lezgi Grammar Materials/Lezgi Grammar PDF Cyrillic/Summary Text/summary_model_readable.md	materials/curated_v1/lezgi/grammar/cyrillic/summary_text/summary_model_readable.md	05f3c9a6cbfa7eebbfb5aae1793c9e7c1db8953862460f3b16b54a5c837b05c0	05f3c9a6cbfa7eebbfb5aae1793c9e7c1db8953862460f3b16b54a5c837b05c0
Lezgi Grammar Materials/Lezgi Grammar PDF Cyrillic/Summary Text/summary_model_readable.txt	materials/curated_v1/lezgi/grammar/cyrillic/summary_text/summary_model_readable.txt	05f3c9a6cbfa7eebbfb5aae1793c9e7c1db8953862460f3b16b54a5c837b05c0	05f3c9a6cbfa7eebbfb5aae1793c9e7c1db8953862460f3b16b54a5c837b05c0
Lezgi Grammar Materials/Lezgi Grammar PDF/Cheat Sheet from PDF/compact_cheatsheet.jpg	materials/curated_v1/lezgi/grammar/original/cheatsheet/compact_cheatsheet.jpg	fcd371b5027cf4190cbd5dd2784007f166b82f3fea90afc806de742c5c48eab3	fcd371b5027cf4190cbd5dd2784007f166b82f3fea90afc806de742c5c48eab3
Lezgi Grammar Materials/Lezgi Grammar PDF/Cheat Sheet from PDF/compact_cheatsheet.md	materials/curated_v1/lezgi/grammar/original/cheatsheet/compact_cheatsheet.md	9ab63cc56854a254eaca2d12d63b0c4131e0144acbae652604b2f886d2ae178b	9ab63cc56854a254eaca2d12d63b0c4131e0144acbae652604b2f886d2ae178b
Lezgi Grammar Materials/Lezgi Grammar PDF/Cheat Sheet from PDF/compact_cheatsheet.txt	materials/curated_v1/lezgi/grammar/original/cheatsheet/compact_cheatsheet.txt	9ab63cc56854a254eaca2d12d63b0c4131e0144acbae652604b2f886d2ae178b	9ab63cc56854a254eaca2d12d63b0c4131e0144acbae652604b2f886d2ae178b
Lezgi Grammar Materials/Lezgi Grammar PDF/Pages from the PDF/Selected impactful pages JPG/page_019.jpg	materials/curated_v1/lezgi/grammar/original/selected_pages/page_019.jpg	901dbbd7e6f008397d4b78f899cecc8f1b773a740af7639f11120c32ae4362df	901dbbd7e6f008397d4b78f899cecc8f1b773a740af7639f11120c32ae4362df
Lezgi Grammar Materials/Lezgi Grammar PDF/Pages from the PDF/Selected impactful pages JPG/page_020.jpg	materials/curated_v1/lezgi/grammar/original/selected_pages/page_020.jpg	e678c6c29456f20bdb3c74ecf818921f2d94f19c157c0e0d73192451a9393653	e678c6c29456f20bdb3c74ecf818921f2d94f19c157c0e0d73192451a9393653
Lezgi Grammar Materials/Lezgi Grammar PDF/Pages from the PDF/Selected impactful pages JPG/page_024.jpg	materials/curated_v1/lezgi/grammar/original/selected_pages/page_024.jpg	3edd3b30f993342246b3c633f506c6515e40dfc7a2de5441c2abb8aaae5215f5	3edd3b30f993342246b3c633f506c6515e40dfc7a2de5441c2abb8aaae5215f5
Lezgi Grammar Materials/Lezgi Grammar PDF/Pages from the PDF/Selected impactful pages JPG/page_025.jpg	materials/curated_v1/lezgi/grammar/original/selected_pages/page_025.jpg	116d69ee4830790e7c648b3acc5d1c5f545218cec14f25d7546d066d134088b3	116d69ee4830790e7c648b3acc5d1c5f545218cec14f25d7546d066d134088b3
Lezgi Grammar Materials/Lezgi Grammar PDF/Pages from the PDF/Selected impactful pages JPG/page_026.jpg	materials/curated_v1/lezgi/grammar/original/selected_pages/page_026.jpg	c9f92bda4b1f645e37ccc59fe550f16575f41b8e614a91a3fe43c9a4b0a98f4b	c9f92bda4b1f645e37ccc59fe550f16575f41b8e614a91a3fe43c9a4b0a98f4b
Lezgi Grammar Materials/Lezgi Grammar PDF/Pages from the PDF/Selected impactful pages JPG/page_028.jpg	materials/curated_v1/lezgi/grammar/original/selected_pages/page_028.jpg	5851464c4d95f186b771294ae259f35f1fc8baa81a12a25575ee51408f194972	5851464c4d95f186b771294ae259f35f1fc8baa81a12a25575ee51408f194972
Lezgi Grammar Materials/Lezgi Grammar PDF/Pages from the PDF/Selected impactful pages JPG/page_030.jpg	materials/curated_v1/lezgi/grammar/original/selected_pages/page_030.jpg	107fcfa3ae96f5c0d946226a65d15c5b5d195aca2bf5be118417f54ed64ee906	107fcfa3ae96f5c0d946226a65d15c5b5d195aca2bf5be118417f54ed64ee906
Lezgi Grammar Materials/Lezgi Grammar PDF/Pages from the PDF/Selected impactful pages JPG/page_034.jpg	materials/curated_v1/lezgi/grammar/original/selected_pages/page_034.jpg	a57b575b917c367feb1d9e66f3a205a05fe1fb8fcf403b73291096722026684f	a57b575b917c367feb1d9e66f3a205a05fe1fb8fcf403b73291096722026684f
Lezgi Grammar Materials/Lezgi Grammar PDF/Pages from the PDF/Selected impactful pages JPG/page_043.jpg	materials/curated_v1/lezgi/grammar/original/selected_pages/page_043.jpg	03acd67ca1dde2cb53a034c4f5a4b329d22466f27bd74e80b14a34240e5259bd	03acd67ca1dde2cb53a034c4f5a4b329d22466f27bd74e80b14a34240e5259bd
Lezgi Grammar Materials/Lezgi Grammar PDF/Pages from the PDF/Selected impactful pages JPG/selected_pages_manifest.md	materials/curated_v1/lezgi/grammar/original/selected_pages/selected_pages_manifest.md	8f77e062281581cb6b7b32e45cf55fff159fb7294ec190849921c06d5e2f1648	8f77e062281581cb6b7b32e45cf55fff159fb7294ec190849921c06d5e2f1648
Lezgi Grammar Materials/Lezgi Grammar PDF/Pages from the PDF/Selected impactful pages JPG/selected_pages_manifest.txt	materials/curated_v1/lezgi/grammar/original/selected_pages/selected_pages_manifest.txt	e67440719871edaabd29a62ef610c05c002e662bb250553a70d6ba9d12712231	e67440719871edaabd29a62ef610c05c002e662bb250553a70d6ba9d12712231
Lezgi Grammar Materials/Lezgi Grammar PDF/Pages from the PDF/optional_page_notes.md	materials/curated_v1/lezgi/grammar/original/page_notes/optional_page_notes.md	6f2f344064a2dfef11951922bc3bb15c8963b00f7c16ed01ac7472253ebc4cd6	6f2f344064a2dfef11951922bc3bb15c8963b00f7c16ed01ac7472253ebc4cd6
Lezgi Grammar Materials/Lezgi Grammar PDF/Pages from the PDF/optional_page_notes.txt	materials/curated_v1/lezgi/grammar/original/page_notes/optional_page_notes.txt	80cf2938214e543a8810e8388efee3f29ee450a3e6a603385035ef4ae731ec39	80cf2938214e543a8810e8388efee3f29ee450a3e6a603385035ef4ae731ec39
Lezgi Grammar Materials/Lezgi Grammar PDF/Pages from the PDF/page_conversion_notes.txt	materials/curated_v1/lezgi/grammar/original/page_notes/page_conversion_notes.txt	3b531636f70c2a7c529c4fef2314349cff61a7e33048e71d86479cf3b354e319	3b531636f70c2a7c529c4fef2314349cff61a7e33048e71d86479cf3b354e319
Lezgi Grammar Materials/Lezgi Grammar PDF/Summary Image with Tables/summary_tables.jpg	materials/curated_v1/lezgi/grammar/original/summary_tables/summary_tables.jpg	e4b8a48952ed925decf8c72f4ae6dc9ebd183562ede0870e6df57778e9380902	e4b8a48952ed925decf8c72f4ae6dc9ebd183562ede0870e6df57778e9380902
Lezgi Grammar Materials/Lezgi Grammar PDF/Summary Image with Tables/summary_tables.md	materials/curated_v1/lezgi/grammar/original/summary_tables/summary_tables.md	0cc73f0e872e04243f037c980dcbb7fc2fc88a7b277c8b9388529cad194de260	0cc73f0e872e04243f037c980dcbb7fc2fc88a7b277c8b9388529cad194de260
Lezgi Grammar Materials/Lezgi Grammar PDF/Summary Image with Tables/summary_tables.txt	materials/curated_v1/lezgi/grammar/original/summary_tables/summary_tables.txt	0cc73f0e872e04243f037c980dcbb7fc2fc88a7b277c8b9388529cad194de260	0cc73f0e872e04243f037c980dcbb7fc2fc88a7b277c8b9388529cad194de260
Lezgi Grammar Materials/Lezgi Grammar PDF/Summary Image with Tables/summary_tables_2.jpg	materials/curated_v1/lezgi/grammar/original/summary_tables/summary_tables_2.jpg	a2f3fccca39b6c5531aa0811906dff4eab4455fc56c40b0bedede7150e2624b5	a2f3fccca39b6c5531aa0811906dff4eab4455fc56c40b0bedede7150e2624b5
Lezgi Grammar Materials/Lezgi Grammar PDF/Summary Text/summary_model_readable.md	materials/curated_v1/lezgi/grammar/original/summary_text/summary_model_readable.md	8469ab540853ae37700ef61285c06f47b9e8bc19050f317738e4bc86de9de420	8469ab540853ae37700ef61285c06f47b9e8bc19050f317738e4bc86de9de420
Lezgi Grammar Materials/Lezgi Grammar PDF/Summary Text/summary_model_readable.txt	materials/curated_v1/lezgi/grammar/original/summary_text/summary_model_readable.txt	8469ab540853ae37700ef61285c06f47b9e8bc19050f317738e4bc86de9de420	8469ab540853ae37700ef61285c06f47b9e8bc19050f317738e4bc86de9de420
Lezgi Grammar Materials/Lezgi Grammar PDF/creation_report.txt	materials/curated_v1/lezgi/grammar/original/creation_report.txt	64e7de6f61883e1d7d32aaa4edc7f725a8d6b3df89094f1d8c8facb3e05a0a01	64e7de6f61883e1d7d32aaa4edc7f725a8d6b3df89094f1d8c8facb3e05a0a01
Lezgi Grammar PDF/Lezgi_Grammar_PDF.pdf	inputs/grammar_pdfs/lezgi/grammar/Lezgi_Grammar_PDF.pdf	2c52157143042696ddde7826453902fa5925fd15d85eefdb13447725506261d5	2c52157143042696ddde7826453902fa5925fd15d85eefdb13447725506261d5
Lezgi Grammar Screenshots/Lezgi Grammar PDF/Cheat Sheet from PDF/lezgi_grammar_cheatsheet.jpg	materials/legacy/lezgi/grammar/Cheat Sheet from PDF/lezgi_grammar_cheatsheet.jpg	447f820b5199f99a20c969d5b42ea9f902117a2b7dc704164bd56a11166edc2c	447f820b5199f99a20c969d5b42ea9f902117a2b7dc704164bd56a11166edc2c
Lezgi Grammar Screenshots/Lezgi Grammar PDF/Pages from the PDF/PDF Pages All JPG Compact/lezgi_grammar_p01.jpg	materials/legacy/lezgi/grammar/Pages from the PDF/PDF Pages All JPG Compact/lezgi_grammar_p01.jpg	376a95fc1b4c04ae7824295ea8bc15548ea0321071440c2bd24da8d7cb5fc853	376a95fc1b4c04ae7824295ea8bc15548ea0321071440c2bd24da8d7cb5fc853
Lezgi Grammar Screenshots/Lezgi Grammar PDF/Pages from the PDF/PDF Pages All JPG Compact/lezgi_grammar_p02.jpg	materials/legacy/lezgi/grammar/Pages from the PDF/PDF Pages All JPG Compact/lezgi_grammar_p02.jpg	69c16418b410ca38863dbf7bc9c8c64ac37baee9835ee9d5db02f1f5673c33b7	69c16418b410ca38863dbf7bc9c8c64ac37baee9835ee9d5db02f1f5673c33b7
Lezgi Grammar Screenshots/Lezgi Grammar PDF/Pages from the PDF/PDF Pages All JPG Compact/lezgi_grammar_p03.jpg	materials/legacy/lezgi/grammar/Pages from the PDF/PDF Pages All JPG Compact/lezgi_grammar_p03.jpg	3fe89d44266b58f19ae837f95f1194d12573d2872e36185108e4c26de35fe74d	3fe89d44266b58f19ae837f95f1194d12573d2872e36185108e4c26de35fe74d
Lezgi Grammar Screenshots/Lezgi Grammar PDF/Pages from the PDF/PDF Pages All JPG Compact/lezgi_grammar_p04.jpg	materials/legacy/lezgi/grammar/Pages from the PDF/PDF Pages All JPG Compact/lezgi_grammar_p04.jpg	b66fff68027837a096e87ad8ac4b14166497a6318a39d323736e03e319f5d607	b66fff68027837a096e87ad8ac4b14166497a6318a39d323736e03e319f5d607
Lezgi Grammar Screenshots/Lezgi Grammar PDF/Pages from the PDF/PDF Pages All JPG Compact/lezgi_grammar_p05.jpg	materials/legacy/lezgi/grammar/Pages from the PDF/PDF Pages All JPG Compact/lezgi_grammar_p05.jpg	9f576950bf3c2e4cd746a055be1b88b1d055d9b53449d42b455c03755be30349	9f576950bf3c2e4cd746a055be1b88b1d055d9b53449d42b455c03755be30349
Lezgi Grammar Screenshots/Lezgi Grammar PDF/Pages from the PDF/PDF Pages All JPG Compact/lezgi_grammar_p06.jpg	materials/legacy/lezgi/grammar/Pages from the PDF/PDF Pages All JPG Compact/lezgi_grammar_p06.jpg	b7de676809212554207d13086bd42f147b24b2b552b19907973d623ad30c2fd8	b7de676809212554207d13086bd42f147b24b2b552b19907973d623ad30c2fd8
Lezgi Grammar Screenshots/Lezgi Grammar PDF/Pages from the PDF/PDF Pages All JPG Compact/lezgi_grammar_p07.jpg	materials/legacy/lezgi/grammar/Pages from the PDF/PDF Pages All JPG Compact/lezgi_grammar_p07.jpg	681b0f53080b8f1e44cb58ae0bc78efd0ca3bdbc9bbff9c7ddd12dd2ff2d38ec	681b0f53080b8f1e44cb58ae0bc78efd0ca3bdbc9bbff9c7ddd12dd2ff2d38ec
Lezgi Grammar Screenshots/Lezgi Grammar PDF/Pages from the PDF/PDF Pages All JPG Compact/lezgi_grammar_p08.jpg	materials/legacy/lezgi/grammar/Pages from the PDF/PDF Pages All JPG Compact/lezgi_grammar_p08.jpg	b7de676809212554207d13086bd42f147b24b2b552b19907973d623ad30c2fd8	b7de676809212554207d13086bd42f147b24b2b552b19907973d623ad30c2fd8
Lezgi Grammar Screenshots/Lezgi Grammar PDF/Pages from the PDF/PDF Pages All JPG Compact/lezgi_grammar_p09.jpg	materials/legacy/lezgi/grammar/Pages from the PDF/PDF Pages All JPG Compact/lezgi_grammar_p09.jpg	95a68a3df9c171e41fc4d23cb2b07f80ddf1b29f6f0818c6a1c0e6b3b0786735	95a68a3df9c171e41fc4d23cb2b07f80ddf1b29f6f0818c6a1c0e6b3b0786735
Lezgi Grammar Screenshots/Lezgi Grammar PDF/Pages from the PDF/PDF Pages All JPG Compact/lezgi_grammar_p10.jpg	materials/legacy/lezgi/grammar/Pages from the PDF/PDF Pages All JPG Compact/lezgi_grammar_p10.jpg	1c41481a1d1df6192da7bf233473e6c742e07989ce137321c06c93632357054a	1c41481a1d1df6192da7bf233473e6c742e07989ce137321c06c93632357054a
Lezgi Grammar Screenshots/Lezgi Grammar PDF/Pages from the PDF/PDF Pages All JPG Compact/lezgi_grammar_p11.jpg	materials/legacy/lezgi/grammar/Pages from the PDF/PDF Pages All JPG Compact/lezgi_grammar_p11.jpg	1d4ce64646e5f0485943630049fe93dc8ad7543ce2863ca9b9a9bcdefd6e4fba	1d4ce64646e5f0485943630049fe93dc8ad7543ce2863ca9b9a9bcdefd6e4fba
Lezgi Grammar Screenshots/Lezgi Grammar PDF/Pages from the PDF/PDF Pages All JPG Compact/lezgi_grammar_p12.jpg	materials/legacy/lezgi/grammar/Pages from the PDF/PDF Pages All JPG Compact/lezgi_grammar_p12.jpg	fa7f00875343bdc5b43259248d320572667f7094fc298ac3b7208d911f94a125	fa7f00875343bdc5b43259248d320572667f7094fc298ac3b7208d911f94a125
Lezgi Grammar Screenshots/Lezgi Grammar PDF/Pages from the PDF/PDF Pages All JPG Compact/lezgi_grammar_p13.jpg	materials/legacy/lezgi/grammar/Pages from the PDF/PDF Pages All JPG Compact/lezgi_grammar_p13.jpg	d56635a59c802a64e00a935c35b75a10ec841cf873abaf4d0ad13394e9019cea	d56635a59c802a64e00a935c35b75a10ec841cf873abaf4d0ad13394e9019cea
Lezgi Grammar Screenshots/Lezgi Grammar PDF/Pages from the PDF/PDF Pages All JPG Compact/lezgi_grammar_p14.jpg	materials/legacy/lezgi/grammar/Pages from the PDF/PDF Pages All JPG Compact/lezgi_grammar_p14.jpg	119ff53208332791b7c6a458b44ebe0132ab9a3f4a5b5124bbf915a24add5ef4	119ff53208332791b7c6a458b44ebe0132ab9a3f4a5b5124bbf915a24add5ef4
Lezgi Grammar Screenshots/Lezgi Grammar PDF/Pages from the PDF/PDF Pages All JPG Compact/lezgi_grammar_p15.jpg	materials/legacy/lezgi/grammar/Pages from the PDF/PDF Pages All JPG Compact/lezgi_grammar_p15.jpg	aa8491122f42387ed0b48477133c999f1c9b5909c1024fafffa1076ccc2bdcca	aa8491122f42387ed0b48477133c999f1c9b5909c1024fafffa1076ccc2bdcca
Lezgi Grammar Screenshots/Lezgi Grammar PDF/Pages from the PDF/PDF Pages All JPG Compact/lezgi_grammar_p16.jpg	materials/legacy/lezgi/grammar/Pages from the PDF/PDF Pages All JPG Compact/lezgi_grammar_p16.jpg	7bd9b5c297545c17768f0c166570d82f718ca5633777106eeaed0fcc4441bec2	7bd9b5c297545c17768f0c166570d82f718ca5633777106eeaed0fcc4441bec2
Lezgi Grammar Screenshots/Lezgi Grammar PDF/Pages from the PDF/PDF Pages All JPG Compact/lezgi_grammar_p17.jpg	materials/legacy/lezgi/grammar/Pages from the PDF/PDF Pages All JPG Compact/lezgi_grammar_p17.jpg	7b3561d3edd8d772e516d76902192fb8adb70eff8bda971335546e1a60006b28	7b3561d3edd8d772e516d76902192fb8adb70eff8bda971335546e1a60006b28
Lezgi Grammar Screenshots/Lezgi Grammar PDF/Pages from the PDF/PDF Pages All JPG Compact/lezgi_grammar_p18.jpg	materials/legacy/lezgi/grammar/Pages from the PDF/PDF Pages All JPG Compact/lezgi_grammar_p18.jpg	070c8a6240dfb42ea1ba225e78a559923660e02726f5b2498f86563602b4c94d	070c8a6240dfb42ea1ba225e78a559923660e02726f5b2498f86563602b4c94d
Lezgi Grammar Screenshots/Lezgi Grammar PDF/Pages from the PDF/PDF Pages All JPG Compact/lezgi_grammar_p19.jpg	materials/legacy/lezgi/grammar/Pages from the PDF/PDF Pages All JPG Compact/lezgi_grammar_p19.jpg	a642ff4d29bf355cd4d0509f7b0d92549400176d103566581ce2992cce652e40	a642ff4d29bf355cd4d0509f7b0d92549400176d103566581ce2992cce652e40
Lezgi Grammar Screenshots/Lezgi Grammar PDF/Pages from the PDF/PDF Pages All JPG Compact/lezgi_grammar_p20.jpg	materials/legacy/lezgi/grammar/Pages from the PDF/PDF Pages All JPG Compact/lezgi_grammar_p20.jpg	da0b2a14a0084ef27f6b7ebf5929d2e305c8e4d657c81af00c46e648b5800665	da0b2a14a0084ef27f6b7ebf5929d2e305c8e4d657c81af00c46e648b5800665
Lezgi Grammar Screenshots/Lezgi Grammar PDF/Pages from the PDF/PDF Pages All JPG Compact/lezgi_grammar_p21.jpg	materials/legacy/lezgi/grammar/Pages from the PDF/PDF Pages All JPG Compact/lezgi_grammar_p21.jpg	f66993cf8e772801c14490fdbacaa439be90b6b70f728de2932b0b55a350dd01	f66993cf8e772801c14490fdbacaa439be90b6b70f728de2932b0b55a350dd01
Lezgi Grammar Screenshots/Lezgi Grammar PDF/Pages from the PDF/PDF Pages All JPG Compact/lezgi_grammar_p22.jpg	materials/legacy/lezgi/grammar/Pages from the PDF/PDF Pages All JPG Compact/lezgi_grammar_p22.jpg	c868f3365664abd4952efc987f246750a661936ec3b3b82915289a1a70776d75	c868f3365664abd4952efc987f246750a661936ec3b3b82915289a1a70776d75
Lezgi Grammar Screenshots/Lezgi Grammar PDF/Pages from the PDF/PDF Pages All JPG Compact/lezgi_grammar_p23.jpg	materials/legacy/lezgi/grammar/Pages from the PDF/PDF Pages All JPG Compact/lezgi_grammar_p23.jpg	73f5882b506054671fd15265859f3bc520cc1681041620fcf443e850a0194d94	73f5882b506054671fd15265859f3bc520cc1681041620fcf443e850a0194d94
Lezgi Grammar Screenshots/Lezgi Grammar PDF/Pages from the PDF/PDF Pages All JPG Compact/lezgi_grammar_p24.jpg	materials/legacy/lezgi/grammar/Pages from the PDF/PDF Pages All JPG Compact/lezgi_grammar_p24.jpg	d3a328acda11b69617b19eeae801e816feea58810a3e2367b6f9b5a7abb2070b	d3a328acda11b69617b19eeae801e816feea58810a3e2367b6f9b5a7abb2070b
Lezgi Grammar Screenshots/Lezgi Grammar PDF/Pages from the PDF/PDF Pages All JPG Compact/lezgi_grammar_p25.jpg	materials/legacy/lezgi/grammar/Pages from the PDF/PDF Pages All JPG Compact/lezgi_grammar_p25.jpg	5660ce2a16979587d0a1db5295df3b05242e12f16fd5ee9f5585c7ce2d603bbd	5660ce2a16979587d0a1db5295df3b05242e12f16fd5ee9f5585c7ce2d603bbd
Lezgi Grammar Screenshots/Lezgi Grammar PDF/Pages from the PDF/PDF Pages All JPG Compact/lezgi_grammar_p26.jpg	materials/legacy/lezgi/grammar/Pages from the PDF/PDF Pages All JPG Compact/lezgi_grammar_p26.jpg	bef31b70eb2fbd12faad8d7b1d736130d750040c15f66357a79fd618cbabe7f9	bef31b70eb2fbd12faad8d7b1d736130d750040c15f66357a79fd618cbabe7f9
Lezgi Grammar Screenshots/Lezgi Grammar PDF/Pages from the PDF/PDF Pages All JPG Compact/lezgi_grammar_p27.jpg	materials/legacy/lezgi/grammar/Pages from the PDF/PDF Pages All JPG Compact/lezgi_grammar_p27.jpg	5801d431b092a604b6b00af4743045af2b36af177452c4132eee7061d3f89369	5801d431b092a604b6b00af4743045af2b36af177452c4132eee7061d3f89369
Lezgi Grammar Screenshots/Lezgi Grammar PDF/Pages from the PDF/PDF Pages All JPG Compact/lezgi_grammar_p28.jpg	materials/legacy/lezgi/grammar/Pages from the PDF/PDF Pages All JPG Compact/lezgi_grammar_p28.jpg	bf6387305b40710fc827d50322a31860491f37e0d04855f05ccf50a5693b53d5	bf6387305b40710fc827d50322a31860491f37e0d04855f05ccf50a5693b53d5
Lezgi Grammar Screenshots/Lezgi Grammar PDF/Pages from the PDF/PDF Pages All JPG Compact/lezgi_grammar_p29.jpg	materials/legacy/lezgi/grammar/Pages from the PDF/PDF Pages All JPG Compact/lezgi_grammar_p29.jpg	243df3b4ff5f39fdfef52d7b8a6a262effc7cd8e70311cb23f9d1cfa98973340	243df3b4ff5f39fdfef52d7b8a6a262effc7cd8e70311cb23f9d1cfa98973340
Lezgi Grammar Screenshots/Lezgi Grammar PDF/Pages from the PDF/PDF Pages All JPG Compact/lezgi_grammar_p30.jpg	materials/legacy/lezgi/grammar/Pages from the PDF/PDF Pages All JPG Compact/lezgi_grammar_p30.jpg	6f34514862ce7e61aae745a130fe388a45d2f675e596d5889fa2a0eb2f29c6af	6f34514862ce7e61aae745a130fe388a45d2f675e596d5889fa2a0eb2f29c6af
Lezgi Grammar Screenshots/Lezgi Grammar PDF/Pages from the PDF/PDF Pages All JPG Compact/lezgi_grammar_p31.jpg	materials/legacy/lezgi/grammar/Pages from the PDF/PDF Pages All JPG Compact/lezgi_grammar_p31.jpg	076acdf20efa3a8ee8300a8f8e2367eeadbd90c799bd72ccaff6f6342bdd6c3b	076acdf20efa3a8ee8300a8f8e2367eeadbd90c799bd72ccaff6f6342bdd6c3b
Lezgi Grammar Screenshots/Lezgi Grammar PDF/Pages from the PDF/PDF Pages All JPG Compact/lezgi_grammar_p32.jpg	materials/legacy/lezgi/grammar/Pages from the PDF/PDF Pages All JPG Compact/lezgi_grammar_p32.jpg	eeb483b0fb1a68f31339a075373806131e3947ec367d2ad586d9098fa871b0cd	eeb483b0fb1a68f31339a075373806131e3947ec367d2ad586d9098fa871b0cd
Lezgi Grammar Screenshots/Lezgi Grammar PDF/Pages from the PDF/PDF Pages All JPG Compact/lezgi_grammar_p33.jpg	materials/legacy/lezgi/grammar/Pages from the PDF/PDF Pages All JPG Compact/lezgi_grammar_p33.jpg	1ca1c8676d0abdd4fcefce21e32c38b7ced152838869f6236c4c2b8cf7df8dc7	1ca1c8676d0abdd4fcefce21e32c38b7ced152838869f6236c4c2b8cf7df8dc7
Lezgi Grammar Screenshots/Lezgi Grammar PDF/Pages from the PDF/PDF Pages All JPG Compact/lezgi_grammar_p34.jpg	materials/legacy/lezgi/grammar/Pages from the PDF/PDF Pages All JPG Compact/lezgi_grammar_p34.jpg	8a53e654e028189838fe24607a65e1831f41bf7f18d088ec3840b169f5654cbc	8a53e654e028189838fe24607a65e1831f41bf7f18d088ec3840b169f5654cbc
Lezgi Grammar Screenshots/Lezgi Grammar PDF/Pages from the PDF/PDF Pages All JPG Compact/lezgi_grammar_p35.jpg	materials/legacy/lezgi/grammar/Pages from the PDF/PDF Pages All JPG Compact/lezgi_grammar_p35.jpg	e2d814b4457bda5f67296f3b71841145895b4acf3fdacca7efebc63a7a83def7	e2d814b4457bda5f67296f3b71841145895b4acf3fdacca7efebc63a7a83def7
Lezgi Grammar Screenshots/Lezgi Grammar PDF/Pages from the PDF/PDF Pages All JPG Compact/lezgi_grammar_p36.jpg	materials/legacy/lezgi/grammar/Pages from the PDF/PDF Pages All JPG Compact/lezgi_grammar_p36.jpg	a0d5cca2d67dbb2c630b4f8fc18a851a93a2482a23c1d40eb7f0a23f044a6dcf	a0d5cca2d67dbb2c630b4f8fc18a851a93a2482a23c1d40eb7f0a23f044a6dcf
Lezgi Grammar Screenshots/Lezgi Grammar PDF/Pages from the PDF/PDF Pages All JPG Compact/lezgi_grammar_p37.jpg	materials/legacy/lezgi/grammar/Pages from the PDF/PDF Pages All JPG Compact/lezgi_grammar_p37.jpg	8cfba3113f76bb7b131377edd36f781104584cd570f510e499c98c0c7aaf728a	8cfba3113f76bb7b131377edd36f781104584cd570f510e499c98c0c7aaf728a
Lezgi Grammar Screenshots/Lezgi Grammar PDF/Pages from the PDF/PDF Pages All JPG Compact/lezgi_grammar_p38.jpg	materials/legacy/lezgi/grammar/Pages from the PDF/PDF Pages All JPG Compact/lezgi_grammar_p38.jpg	63b19f7d7fb9e1592c85b73622e4385d8928c6784b51273c9af8c07eaa31c645	63b19f7d7fb9e1592c85b73622e4385d8928c6784b51273c9af8c07eaa31c645
Lezgi Grammar Screenshots/Lezgi Grammar PDF/Pages from the PDF/PDF Pages All JPG Compact/lezgi_grammar_p39.jpg	materials/legacy/lezgi/grammar/Pages from the PDF/PDF Pages All JPG Compact/lezgi_grammar_p39.jpg	3ce0bd3eec76a7df75313a0a8cef4555447ad74dc9f3b13c545a9a2d2024473f	3ce0bd3eec76a7df75313a0a8cef4555447ad74dc9f3b13c545a9a2d2024473f
Lezgi Grammar Screenshots/Lezgi Grammar PDF/Pages from the PDF/PDF Pages All JPG Compact/lezgi_grammar_p40.jpg	materials/legacy/lezgi/grammar/Pages from the PDF/PDF Pages All JPG Compact/lezgi_grammar_p40.jpg	469521850505350124201b1ad3bf0da73b37bf5d3540f687f666154ea696356f	469521850505350124201b1ad3bf0da73b37bf5d3540f687f666154ea696356f
Lezgi Grammar Screenshots/Lezgi Grammar PDF/Pages from the PDF/PDF Pages All JPG Compact/lezgi_grammar_p41.jpg	materials/legacy/lezgi/grammar/Pages from the PDF/PDF Pages All JPG Compact/lezgi_grammar_p41.jpg	1bafba4ec7b63415a536d0efff1a86a6f002ab1b03c67642ce155662180bf7b2	1bafba4ec7b63415a536d0efff1a86a6f002ab1b03c67642ce155662180bf7b2
Lezgi Grammar Screenshots/Lezgi Grammar PDF/Pages from the PDF/PDF Pages All JPG Compact/lezgi_grammar_p42.jpg	materials/legacy/lezgi/grammar/Pages from the PDF/PDF Pages All JPG Compact/lezgi_grammar_p42.jpg	d75276b9cd25b4c1878cd2015b89d5f82b3d26f140c216d6d32273553e13337f	d75276b9cd25b4c1878cd2015b89d5f82b3d26f140c216d6d32273553e13337f
Lezgi Grammar Screenshots/Lezgi Grammar PDF/Pages from the PDF/PDF Pages All JPG Compact/lezgi_grammar_p43.jpg	materials/legacy/lezgi/grammar/Pages from the PDF/PDF Pages All JPG Compact/lezgi_grammar_p43.jpg	c6c3df6889b5c828d1f41a66c682b6e3542b51f4fe9c8cedb6ff22ac6049eb1b	c6c3df6889b5c828d1f41a66c682b6e3542b51f4fe9c8cedb6ff22ac6049eb1b
Lezgi Grammar Screenshots/Lezgi Grammar PDF/Pages from the PDF/PDF Pages All JPG Compact/lezgi_grammar_p44.jpg	materials/legacy/lezgi/grammar/Pages from the PDF/PDF Pages All JPG Compact/lezgi_grammar_p44.jpg	2c20301ac5af840264ff5d7c1ae59a31d0ea854b0fc3d9819568df59275392cb	2c20301ac5af840264ff5d7c1ae59a31d0ea854b0fc3d9819568df59275392cb
Lezgi Grammar Screenshots/Lezgi Grammar PDF/Pages from the PDF/PDF Pages All JPG Compact/lezgi_grammar_p45.jpg	materials/legacy/lezgi/grammar/Pages from the PDF/PDF Pages All JPG Compact/lezgi_grammar_p45.jpg	63849ffb89e7004a3357bf77418cc6f0643205a6ca1b5b80b3103b384d2feff3	63849ffb89e7004a3357bf77418cc6f0643205a6ca1b5b80b3103b384d2feff3
Lezgi Grammar Screenshots/Lezgi Grammar PDF/Pages from the PDF/PDF Pages All JPG Compact/lezgi_grammar_p46.jpg	materials/legacy/lezgi/grammar/Pages from the PDF/PDF Pages All JPG Compact/lezgi_grammar_p46.jpg	4d55ca68e45208e2eac3fccbf61f4d8cc444cdb80131b28bf695040d0b5b5cc8	4d55ca68e45208e2eac3fccbf61f4d8cc444cdb80131b28bf695040d0b5b5cc8
Lezgi Grammar Screenshots/Lezgi Grammar PDF/Pages from the PDF/PDF Pages All JPG Compact/lezgi_grammar_p47.jpg	materials/legacy/lezgi/grammar/Pages from the PDF/PDF Pages All JPG Compact/lezgi_grammar_p47.jpg	13f0a5c3d9bffeba7c8fae9de65822e89c2ffcaf3c1ee0cd80b6f6d779b46b33	13f0a5c3d9bffeba7c8fae9de65822e89c2ffcaf3c1ee0cd80b6f6d779b46b33
Lezgi Grammar Screenshots/Lezgi Grammar PDF/Pages from the PDF/PDF Pages All JPG Compact/lezgi_grammar_p48.jpg	materials/legacy/lezgi/grammar/Pages from the PDF/PDF Pages All JPG Compact/lezgi_grammar_p48.jpg	4eabddcb246def7cd31911508e12e30bbed07840444e0a2dde7015da6b7c3cb3	4eabddcb246def7cd31911508e12e30bbed07840444e0a2dde7015da6b7c3cb3
Lezgi Grammar Screenshots/Lezgi Grammar PDF/Pages from the PDF/PDF Pages All JPG Compact/lezgi_grammar_p49.jpg	materials/legacy/lezgi/grammar/Pages from the PDF/PDF Pages All JPG Compact/lezgi_grammar_p49.jpg	7af99b7fb944287a63a2bc82c51d79bb734c7d00e55fe1a3c1431150a98477f5	7af99b7fb944287a63a2bc82c51d79bb734c7d00e55fe1a3c1431150a98477f5
Lezgi Grammar Screenshots/Lezgi Grammar PDF/Pages from the PDF/PDF Pages All JPG Compact/lezgi_grammar_p50.jpg	materials/legacy/lezgi/grammar/Pages from the PDF/PDF Pages All JPG Compact/lezgi_grammar_p50.jpg	93b3518e4ff82c7ac8d2499d5f59785b3cf03a65237cda07a012bd532b052786	93b3518e4ff82c7ac8d2499d5f59785b3cf03a65237cda07a012bd532b052786
Lezgi Grammar Screenshots/Lezgi Grammar PDF/Pages from the PDF/PDF Pages All JPG Compact/lezgi_grammar_p51.jpg	materials/legacy/lezgi/grammar/Pages from the PDF/PDF Pages All JPG Compact/lezgi_grammar_p51.jpg	84676456891a20d8820851956d2df823d0467c8c8401d47c4c085b5526d2ffac	84676456891a20d8820851956d2df823d0467c8c8401d47c4c085b5526d2ffac
Lezgi Grammar Screenshots/Lezgi Grammar PDF/Pages from the PDF/PDF Pages All JPG Compact/lezgi_grammar_p52.jpg	materials/legacy/lezgi/grammar/Pages from the PDF/PDF Pages All JPG Compact/lezgi_grammar_p52.jpg	cc99db7baad302c9323ca442592b30499ef6e99657bbf15eea90d8e42aa3e0a1	cc99db7baad302c9323ca442592b30499ef6e99657bbf15eea90d8e42aa3e0a1
Lezgi Grammar Screenshots/Lezgi Grammar PDF/Pages from the PDF/PDF Pages All JPG Compact/lezgi_grammar_p53.jpg	materials/legacy/lezgi/grammar/Pages from the PDF/PDF Pages All JPG Compact/lezgi_grammar_p53.jpg	407c78314ed5d48aaf634038cb38ab3406d5582a09ca0b54a504371699e00d82	407c78314ed5d48aaf634038cb38ab3406d5582a09ca0b54a504371699e00d82
Lezgi Grammar Screenshots/Lezgi Grammar PDF/Pages from the PDF/PDF Pages All JPG Compact/lezgi_grammar_p54.jpg	materials/legacy/lezgi/grammar/Pages from the PDF/PDF Pages All JPG Compact/lezgi_grammar_p54.jpg	148280677259d38612d8971148425eecfcac27f2a1ae62610100b8700c551955	148280677259d38612d8971148425eecfcac27f2a1ae62610100b8700c551955
Lezgi Grammar Screenshots/Lezgi Grammar PDF/Pages from the PDF/PDF Pages All JPG Compact/lezgi_grammar_p55.jpg	materials/legacy/lezgi/grammar/Pages from the PDF/PDF Pages All JPG Compact/lezgi_grammar_p55.jpg	370ff08e941688054ceacd81c72cc7edaa07b0e6da8fb9f459eb3b8ca45dbca2	370ff08e941688054ceacd81c72cc7edaa07b0e6da8fb9f459eb3b8ca45dbca2
Lezgi Grammar Screenshots/Lezgi Grammar PDF/Pages from the PDF/PDF Pages All JPG Compact/lezgi_grammar_p56.jpg	materials/legacy/lezgi/grammar/Pages from the PDF/PDF Pages All JPG Compact/lezgi_grammar_p56.jpg	6385cfabedf71ef3acd47289b8961bd545079d8777795e575f46cd9d8a837868	6385cfabedf71ef3acd47289b8961bd545079d8777795e575f46cd9d8a837868
Lezgi Grammar Screenshots/Lezgi Grammar PDF/Pages from the PDF/PDF Pages All JPG Compact/lezgi_grammar_p57.jpg	materials/legacy/lezgi/grammar/Pages from the PDF/PDF Pages All JPG Compact/lezgi_grammar_p57.jpg	907118779f466e10ce3f2b603d9b46bd175b0d0b4f6dc12bb4edad0c34905023	907118779f466e10ce3f2b603d9b46bd175b0d0b4f6dc12bb4edad0c34905023
Lezgi Grammar Screenshots/Lezgi Grammar PDF/Pages from the PDF/PDF Pages All JPG Compact/lezgi_grammar_p58.jpg	materials/legacy/lezgi/grammar/Pages from the PDF/PDF Pages All JPG Compact/lezgi_grammar_p58.jpg	bb821ead802b4053d5dcf5de22f8173781af472cfb4d03d3865fdc902ec781d0	bb821ead802b4053d5dcf5de22f8173781af472cfb4d03d3865fdc902ec781d0
Lezgi Grammar Screenshots/Lezgi Grammar PDF/Pages from the PDF/PDF Pages All JPG Compact/lezgi_grammar_p59.jpg	materials/legacy/lezgi/grammar/Pages from the PDF/PDF Pages All JPG Compact/lezgi_grammar_p59.jpg	ead61366782ded01c35e95256498bb375175d1c025ab4239f4ce5ae616a8cc98	ead61366782ded01c35e95256498bb375175d1c025ab4239f4ce5ae616a8cc98
Lezgi Grammar Screenshots/Lezgi Grammar PDF/Pages from the PDF/PDF Pages All JPG/lezgi_grammar_p01.jpg	materials/legacy/lezgi/grammar/Pages from the PDF/PDF Pages All JPG/lezgi_grammar_p01.jpg	d2b4c95ed2455d086284fbe6c81cf5a91965f45721a5c675f192f13d281bbd3d	d2b4c95ed2455d086284fbe6c81cf5a91965f45721a5c675f192f13d281bbd3d
Lezgi Grammar Screenshots/Lezgi Grammar PDF/Pages from the PDF/PDF Pages All JPG/lezgi_grammar_p02.jpg	materials/legacy/lezgi/grammar/Pages from the PDF/PDF Pages All JPG/lezgi_grammar_p02.jpg	1f36969e90a4b2db35225226b8a3d2ee75fa49bc29323f30b205985f93d3a078	1f36969e90a4b2db35225226b8a3d2ee75fa49bc29323f30b205985f93d3a078
Lezgi Grammar Screenshots/Lezgi Grammar PDF/Pages from the PDF/PDF Pages All JPG/lezgi_grammar_p03.jpg	materials/legacy/lezgi/grammar/Pages from the PDF/PDF Pages All JPG/lezgi_grammar_p03.jpg	6ef84c818b36fabcbb109350d096f873d82e0f8af08b97884c7ff27d89eff140	6ef84c818b36fabcbb109350d096f873d82e0f8af08b97884c7ff27d89eff140
Lezgi Grammar Screenshots/Lezgi Grammar PDF/Pages from the PDF/PDF Pages All JPG/lezgi_grammar_p04.jpg	materials/legacy/lezgi/grammar/Pages from the PDF/PDF Pages All JPG/lezgi_grammar_p04.jpg	8f8047a4bf9c0d3e355bb85942d5a0e80016e0a538e9f18da576c2ba60291537	8f8047a4bf9c0d3e355bb85942d5a0e80016e0a538e9f18da576c2ba60291537
Lezgi Grammar Screenshots/Lezgi Grammar PDF/Pages from the PDF/PDF Pages All JPG/lezgi_grammar_p05.jpg	materials/legacy/lezgi/grammar/Pages from the PDF/PDF Pages All JPG/lezgi_grammar_p05.jpg	49b70f3f7c0bef4851a13da0487ab46f21443c6dafa880d13a33fd21a4119c13	49b70f3f7c0bef4851a13da0487ab46f21443c6dafa880d13a33fd21a4119c13
Lezgi Grammar Screenshots/Lezgi Grammar PDF/Pages from the PDF/PDF Pages All JPG/lezgi_grammar_p06.jpg	materials/legacy/lezgi/grammar/Pages from the PDF/PDF Pages All JPG/lezgi_grammar_p06.jpg	e2776ee27bdb980fd5e20a69a03268397f2a8c9f4a4d70e86de8f301412126f4	e2776ee27bdb980fd5e20a69a03268397f2a8c9f4a4d70e86de8f301412126f4
Lezgi Grammar Screenshots/Lezgi Grammar PDF/Pages from the PDF/PDF Pages All JPG/lezgi_grammar_p07.jpg	materials/legacy/lezgi/grammar/Pages from the PDF/PDF Pages All JPG/lezgi_grammar_p07.jpg	a44b23935ff5e2c314180b3124c0e32b5dd9e5561b6df242b6ebdc04e2759e0a	a44b23935ff5e2c314180b3124c0e32b5dd9e5561b6df242b6ebdc04e2759e0a
Lezgi Grammar Screenshots/Lezgi Grammar PDF/Pages from the PDF/PDF Pages All JPG/lezgi_grammar_p08.jpg	materials/legacy/lezgi/grammar/Pages from the PDF/PDF Pages All JPG/lezgi_grammar_p08.jpg	e2776ee27bdb980fd5e20a69a03268397f2a8c9f4a4d70e86de8f301412126f4	e2776ee27bdb980fd5e20a69a03268397f2a8c9f4a4d70e86de8f301412126f4
Lezgi Grammar Screenshots/Lezgi Grammar PDF/Pages from the PDF/PDF Pages All JPG/lezgi_grammar_p09.jpg	materials/legacy/lezgi/grammar/Pages from the PDF/PDF Pages All JPG/lezgi_grammar_p09.jpg	7bb85190794b84d8e426eb840596ab009f7fc26486c0b1174550c33fff6ed931	7bb85190794b84d8e426eb840596ab009f7fc26486c0b1174550c33fff6ed931
Lezgi Grammar Screenshots/Lezgi Grammar PDF/Pages from the PDF/PDF Pages All JPG/lezgi_grammar_p10.jpg	materials/legacy/lezgi/grammar/Pages from the PDF/PDF Pages All JPG/lezgi_grammar_p10.jpg	fee61a414ff479bc273b4881279a86697585e397e88e8ee2bf98966d6d053533	fee61a414ff479bc273b4881279a86697585e397e88e8ee2bf98966d6d053533
Lezgi Grammar Screenshots/Lezgi Grammar PDF/Pages from the PDF/PDF Pages All JPG/lezgi_grammar_p11.jpg	materials/legacy/lezgi/grammar/Pages from the PDF/PDF Pages All JPG/lezgi_grammar_p11.jpg	1dfd09da3b1ae6a4a035068635674b7bf07b84a5c4861ba7c28f89bcfe9b0822	1dfd09da3b1ae6a4a035068635674b7bf07b84a5c4861ba7c28f89bcfe9b0822
Lezgi Grammar Screenshots/Lezgi Grammar PDF/Pages from the PDF/PDF Pages All JPG/lezgi_grammar_p12.jpg	materials/legacy/lezgi/grammar/Pages from the PDF/PDF Pages All JPG/lezgi_grammar_p12.jpg	7e526f7cff03a5da46a364153a3cc1770e41030a337c3383a3fd5fbad498b099	7e526f7cff03a5da46a364153a3cc1770e41030a337c3383a3fd5fbad498b099
Lezgi Grammar Screenshots/Lezgi Grammar PDF/Pages from the PDF/PDF Pages All JPG/lezgi_grammar_p13.jpg	materials/legacy/lezgi/grammar/Pages from the PDF/PDF Pages All JPG/lezgi_grammar_p13.jpg	5d335723110eca79a23c6bc7eee18831d89e04be4c94d6c14d2cfdc9c96c81fd	5d335723110eca79a23c6bc7eee18831d89e04be4c94d6c14d2cfdc9c96c81fd
Lezgi Grammar Screenshots/Lezgi Grammar PDF/Pages from the PDF/PDF Pages All JPG/lezgi_grammar_p14.jpg	materials/legacy/lezgi/grammar/Pages from the PDF/PDF Pages All JPG/lezgi_grammar_p14.jpg	8faf1e98ec77db89ee70e0f8c410e8ec1d383e44c3ea5d8c9063990ff3c76e3f	8faf1e98ec77db89ee70e0f8c410e8ec1d383e44c3ea5d8c9063990ff3c76e3f
Lezgi Grammar Screenshots/Lezgi Grammar PDF/Pages from the PDF/PDF Pages All JPG/lezgi_grammar_p15.jpg	materials/legacy/lezgi/grammar/Pages from the PDF/PDF Pages All JPG/lezgi_grammar_p15.jpg	fbe9451677c839f8955a8e51f4504f8fcc2e84a642d5ee7827c938e294b2c5f6	fbe9451677c839f8955a8e51f4504f8fcc2e84a642d5ee7827c938e294b2c5f6
Lezgi Grammar Screenshots/Lezgi Grammar PDF/Pages from the PDF/PDF Pages All JPG/lezgi_grammar_p16.jpg	materials/legacy/lezgi/grammar/Pages from the PDF/PDF Pages All JPG/lezgi_grammar_p16.jpg	3eedab8c6f96078e405e24f9817a3e6fb38d762ec013b19a82f35909607a9fbc	3eedab8c6f96078e405e24f9817a3e6fb38d762ec013b19a82f35909607a9fbc
Lezgi Grammar Screenshots/Lezgi Grammar PDF/Pages from the PDF/PDF Pages All JPG/lezgi_grammar_p17.jpg	materials/legacy/lezgi/grammar/Pages from the PDF/PDF Pages All JPG/lezgi_grammar_p17.jpg	23b7f4bf0779d1294164d618d62689aabbf2a32b99c97bd5548c003f0730c31a	23b7f4bf0779d1294164d618d62689aabbf2a32b99c97bd5548c003f0730c31a
Lezgi Grammar Screenshots/Lezgi Grammar PDF/Pages from the PDF/PDF Pages All JPG/lezgi_grammar_p18.jpg	materials/legacy/lezgi/grammar/Pages from the PDF/PDF Pages All JPG/lezgi_grammar_p18.jpg	8e80f9781904017cb11bde45ffcc73646c7e66c57e22329b1fc4b696a52979ef	8e80f9781904017cb11bde45ffcc73646c7e66c57e22329b1fc4b696a52979ef
Lezgi Grammar Screenshots/Lezgi Grammar PDF/Pages from the PDF/PDF Pages All JPG/lezgi_grammar_p19.jpg	materials/legacy/lezgi/grammar/Pages from the PDF/PDF Pages All JPG/lezgi_grammar_p19.jpg	0ba081fca9e20752b638295df61db5e57982b470f79cd00637ff529f947d0247	0ba081fca9e20752b638295df61db5e57982b470f79cd00637ff529f947d0247
Lezgi Grammar Screenshots/Lezgi Grammar PDF/Pages from the PDF/PDF Pages All JPG/lezgi_grammar_p20.jpg	materials/legacy/lezgi/grammar/Pages from the PDF/PDF Pages All JPG/lezgi_grammar_p20.jpg	6b3adadd01864644b9b81c6468746c1ed9564e4446278883563da459ef2cf581	6b3adadd01864644b9b81c6468746c1ed9564e4446278883563da459ef2cf581
Lezgi Grammar Screenshots/Lezgi Grammar PDF/Pages from the PDF/PDF Pages All JPG/lezgi_grammar_p21.jpg	materials/legacy/lezgi/grammar/Pages from the PDF/PDF Pages All JPG/lezgi_grammar_p21.jpg	2faa8760eb68cd2526b65f7a9879fd5b781a16102fd2e1a6c7785cd507f8ccc9	2faa8760eb68cd2526b65f7a9879fd5b781a16102fd2e1a6c7785cd507f8ccc9
Lezgi Grammar Screenshots/Lezgi Grammar PDF/Pages from the PDF/PDF Pages All JPG/lezgi_grammar_p22.jpg	materials/legacy/lezgi/grammar/Pages from the PDF/PDF Pages All JPG/lezgi_grammar_p22.jpg	e6b1b3ba07169a4d70682b360d9f48b34fbb81f23123526b0798eb9325d14b6f	e6b1b3ba07169a4d70682b360d9f48b34fbb81f23123526b0798eb9325d14b6f
Lezgi Grammar Screenshots/Lezgi Grammar PDF/Pages from the PDF/PDF Pages All JPG/lezgi_grammar_p23.jpg	materials/legacy/lezgi/grammar/Pages from the PDF/PDF Pages All JPG/lezgi_grammar_p23.jpg	397e1400ea03755fd9381324af75f027f9e51968901545cf70c8551d16708878	397e1400ea03755fd9381324af75f027f9e51968901545cf70c8551d16708878
Lezgi Grammar Screenshots/Lezgi Grammar PDF/Pages from the PDF/PDF Pages All JPG/lezgi_grammar_p24.jpg	materials/legacy/lezgi/grammar/Pages from the PDF/PDF Pages All JPG/lezgi_grammar_p24.jpg	b581d9cb58bc6e22b1e4daea8c8929a3acef66164ac6f5603549ad00bce1bf4b	b581d9cb58bc6e22b1e4daea8c8929a3acef66164ac6f5603549ad00bce1bf4b
Lezgi Grammar Screenshots/Lezgi Grammar PDF/Pages from the PDF/PDF Pages All JPG/lezgi_grammar_p25.jpg	materials/legacy/lezgi/grammar/Pages from the PDF/PDF Pages All JPG/lezgi_grammar_p25.jpg	406b505d745b6156252ac935820c0228831e9f83fa08cdca2b2f9df85370e0f5	406b505d745b6156252ac935820c0228831e9f83fa08cdca2b2f9df85370e0f5
Lezgi Grammar Screenshots/Lezgi Grammar PDF/Pages from the PDF/PDF Pages All JPG/lezgi_grammar_p26.jpg	materials/legacy/lezgi/grammar/Pages from the PDF/PDF Pages All JPG/lezgi_grammar_p26.jpg	4b296bc03b41b226447f7046c162ef9f8af528bbaf86e24778f38b8348d95adf	4b296bc03b41b226447f7046c162ef9f8af528bbaf86e24778f38b8348d95adf
Lezgi Grammar Screenshots/Lezgi Grammar PDF/Pages from the PDF/PDF Pages All JPG/lezgi_grammar_p27.jpg	materials/legacy/lezgi/grammar/Pages from the PDF/PDF Pages All JPG/lezgi_grammar_p27.jpg	eff67b991edde1549bd03a9f24fe28b5fe0a522fa8cb2ff392f548a3dd059c2d	eff67b991edde1549bd03a9f24fe28b5fe0a522fa8cb2ff392f548a3dd059c2d
Lezgi Grammar Screenshots/Lezgi Grammar PDF/Pages from the PDF/PDF Pages All JPG/lezgi_grammar_p28.jpg	materials/legacy/lezgi/grammar/Pages from the PDF/PDF Pages All JPG/lezgi_grammar_p28.jpg	2d8b18f89c6055b5abebad6aab4dc954ce4092cb550c46d0bae13063afeb8ec1	2d8b18f89c6055b5abebad6aab4dc954ce4092cb550c46d0bae13063afeb8ec1
Lezgi Grammar Screenshots/Lezgi Grammar PDF/Pages from the PDF/PDF Pages All JPG/lezgi_grammar_p29.jpg	materials/legacy/lezgi/grammar/Pages from the PDF/PDF Pages All JPG/lezgi_grammar_p29.jpg	0ce63c07c9b4e0c4cb06d4b0c948909cbbee73cf67442867862402f0d44da579	0ce63c07c9b4e0c4cb06d4b0c948909cbbee73cf67442867862402f0d44da579
Lezgi Grammar Screenshots/Lezgi Grammar PDF/Pages from the PDF/PDF Pages All JPG/lezgi_grammar_p30.jpg	materials/legacy/lezgi/grammar/Pages from the PDF/PDF Pages All JPG/lezgi_grammar_p30.jpg	c8c0b9c3b40c54bd40a476d390c248d2790dba6c8e92b5897fee72577e3a4ce7	c8c0b9c3b40c54bd40a476d390c248d2790dba6c8e92b5897fee72577e3a4ce7
Lezgi Grammar Screenshots/Lezgi Grammar PDF/Pages from the PDF/PDF Pages All JPG/lezgi_grammar_p31.jpg	materials/legacy/lezgi/grammar/Pages from the PDF/PDF Pages All JPG/lezgi_grammar_p31.jpg	96a2aefd82e6c602836ac44957749431545561e86e96e006ff0f025fa493d48d	96a2aefd82e6c602836ac44957749431545561e86e96e006ff0f025fa493d48d
Lezgi Grammar Screenshots/Lezgi Grammar PDF/Pages from the PDF/PDF Pages All JPG/lezgi_grammar_p32.jpg	materials/legacy/lezgi/grammar/Pages from the PDF/PDF Pages All JPG/lezgi_grammar_p32.jpg	39ba47bb9768c43cf0c6a3d4b8fed5c0dc281075b31360d920b4f1fd3484b2b7	39ba47bb9768c43cf0c6a3d4b8fed5c0dc281075b31360d920b4f1fd3484b2b7
Lezgi Grammar Screenshots/Lezgi Grammar PDF/Pages from the PDF/PDF Pages All JPG/lezgi_grammar_p33.jpg	materials/legacy/lezgi/grammar/Pages from the PDF/PDF Pages All JPG/lezgi_grammar_p33.jpg	58da30ab177d24ecdfb2e95c35c3ee3f99b6203dd4a15fb908d44a97c0670628	58da30ab177d24ecdfb2e95c35c3ee3f99b6203dd4a15fb908d44a97c0670628
Lezgi Grammar Screenshots/Lezgi Grammar PDF/Pages from the PDF/PDF Pages All JPG/lezgi_grammar_p34.jpg	materials/legacy/lezgi/grammar/Pages from the PDF/PDF Pages All JPG/lezgi_grammar_p34.jpg	3624b90743baedd1f2280934cfb9ed6d7e8f9ecb67a3109a70d54cbb92ce25dd	3624b90743baedd1f2280934cfb9ed6d7e8f9ecb67a3109a70d54cbb92ce25dd
Lezgi Grammar Screenshots/Lezgi Grammar PDF/Pages from the PDF/PDF Pages All JPG/lezgi_grammar_p35.jpg	materials/legacy/lezgi/grammar/Pages from the PDF/PDF Pages All JPG/lezgi_grammar_p35.jpg	e342ccb0b97156bd9b42bfd7493d65548bd25cfca8325e1aa473edf3f7914b7f	e342ccb0b97156bd9b42bfd7493d65548bd25cfca8325e1aa473edf3f7914b7f
Lezgi Grammar Screenshots/Lezgi Grammar PDF/Pages from the PDF/PDF Pages All JPG/lezgi_grammar_p36.jpg	materials/legacy/lezgi/grammar/Pages from the PDF/PDF Pages All JPG/lezgi_grammar_p36.jpg	cd96696a7f40d455002576d54f10ab188d7483ebe0476124af39b450c62b68cb	cd96696a7f40d455002576d54f10ab188d7483ebe0476124af39b450c62b68cb
Lezgi Grammar Screenshots/Lezgi Grammar PDF/Pages from the PDF/PDF Pages All JPG/lezgi_grammar_p37.jpg	materials/legacy/lezgi/grammar/Pages from the PDF/PDF Pages All JPG/lezgi_grammar_p37.jpg	c859ebac04e8e71074b6c8b993a1ddb1e2f8b2e763efc1cfb1c5c5dd225d4161	c859ebac04e8e71074b6c8b993a1ddb1e2f8b2e763efc1cfb1c5c5dd225d4161
Lezgi Grammar Screenshots/Lezgi Grammar PDF/Pages from the PDF/PDF Pages All JPG/lezgi_grammar_p38.jpg	materials/legacy/lezgi/grammar/Pages from the PDF/PDF Pages All JPG/lezgi_grammar_p38.jpg	e88bf25bb5d41fcacc8e760ea2088ec696132a56bccfc32210eebefab1198e4e	e88bf25bb5d41fcacc8e760ea2088ec696132a56bccfc32210eebefab1198e4e
Lezgi Grammar Screenshots/Lezgi Grammar PDF/Pages from the PDF/PDF Pages All JPG/lezgi_grammar_p39.jpg	materials/legacy/lezgi/grammar/Pages from the PDF/PDF Pages All JPG/lezgi_grammar_p39.jpg	f0a24ec89d0205963c969feada4873535b94295799ca969e1d19e8a67d8249fd	f0a24ec89d0205963c969feada4873535b94295799ca969e1d19e8a67d8249fd
Lezgi Grammar Screenshots/Lezgi Grammar PDF/Pages from the PDF/PDF Pages All JPG/lezgi_grammar_p40.jpg	materials/legacy/lezgi/grammar/Pages from the PDF/PDF Pages All JPG/lezgi_grammar_p40.jpg	2d75e04632d883c4eb6ad5fec1da272094dad8d76cd75e267e8020a1ed15dece	2d75e04632d883c4eb6ad5fec1da272094dad8d76cd75e267e8020a1ed15dece
Lezgi Grammar Screenshots/Lezgi Grammar PDF/Pages from the PDF/PDF Pages All JPG/lezgi_grammar_p41.jpg	materials/legacy/lezgi/grammar/Pages from the PDF/PDF Pages All JPG/lezgi_grammar_p41.jpg	85c19c08e810bd661ea7550e2a12819711ea1b79d8e523684a3a6755b642cd25	85c19c08e810bd661ea7550e2a12819711ea1b79d8e523684a3a6755b642cd25
Lezgi Grammar Screenshots/Lezgi Grammar PDF/Pages from the PDF/PDF Pages All JPG/lezgi_grammar_p42.jpg	materials/legacy/lezgi/grammar/Pages from the PDF/PDF Pages All JPG/lezgi_grammar_p42.jpg	80fe548271c4aa6e8880345358f10f4870d84dcd8cde7632f2a589a0f1db06c0	80fe548271c4aa6e8880345358f10f4870d84dcd8cde7632f2a589a0f1db06c0
Lezgi Grammar Screenshots/Lezgi Grammar PDF/Pages from the PDF/PDF Pages All JPG/lezgi_grammar_p43.jpg	materials/legacy/lezgi/grammar/Pages from the PDF/PDF Pages All JPG/lezgi_grammar_p43.jpg	6c7a084cc1bea1d312c5c9e000e59102a9f2f509c46c44eec01146902e8ca16b	6c7a084cc1bea1d312c5c9e000e59102a9f2f509c46c44eec01146902e8ca16b
Lezgi Grammar Screenshots/Lezgi Grammar PDF/Pages from the PDF/PDF Pages All JPG/lezgi_grammar_p44.jpg	materials/legacy/lezgi/grammar/Pages from the PDF/PDF Pages All JPG/lezgi_grammar_p44.jpg	89bf2b8e6f44e8c5a5d9116d6f04309ee14e7aed448ab4682c1e4babbf158976	89bf2b8e6f44e8c5a5d9116d6f04309ee14e7aed448ab4682c1e4babbf158976
Lezgi Grammar Screenshots/Lezgi Grammar PDF/Pages from the PDF/PDF Pages All JPG/lezgi_grammar_p45.jpg	materials/legacy/lezgi/grammar/Pages from the PDF/PDF Pages All JPG/lezgi_grammar_p45.jpg	216c3a70f7d461994bfa6db1e517479f55ddd0ceaa8c07e947ce7263be5de440	216c3a70f7d461994bfa6db1e517479f55ddd0ceaa8c07e947ce7263be5de440
Lezgi Grammar Screenshots/Lezgi Grammar PDF/Pages from the PDF/PDF Pages All JPG/lezgi_grammar_p46.jpg	materials/legacy/lezgi/grammar/Pages from the PDF/PDF Pages All JPG/lezgi_grammar_p46.jpg	638d1843433ba5b3e94d4f0b7a8c3936b45a686fb47cefcb44b9f2bbd5b53674	638d1843433ba5b3e94d4f0b7a8c3936b45a686fb47cefcb44b9f2bbd5b53674
Lezgi Grammar Screenshots/Lezgi Grammar PDF/Pages from the PDF/PDF Pages All JPG/lezgi_grammar_p47.jpg	materials/legacy/lezgi/grammar/Pages from the PDF/PDF Pages All JPG/lezgi_grammar_p47.jpg	4a32398a4118e8b69c336bf74b1933d814614e217052782f6bd69bc5f2ef0ef1	4a32398a4118e8b69c336bf74b1933d814614e217052782f6bd69bc5f2ef0ef1
Lezgi Grammar Screenshots/Lezgi Grammar PDF/Pages from the PDF/PDF Pages All JPG/lezgi_grammar_p48.jpg	materials/legacy/lezgi/grammar/Pages from the PDF/PDF Pages All JPG/lezgi_grammar_p48.jpg	75666fd8aeba3a32e0dabad6f4f1b465de3c966e5ba6af6e79c7bd83f7e47be7	75666fd8aeba3a32e0dabad6f4f1b465de3c966e5ba6af6e79c7bd83f7e47be7
Lezgi Grammar Screenshots/Lezgi Grammar PDF/Pages from the PDF/PDF Pages All JPG/lezgi_grammar_p49.jpg	materials/legacy/lezgi/grammar/Pages from the PDF/PDF Pages All JPG/lezgi_grammar_p49.jpg	bdb697c42d7f08e153137490e77c7f13e3bc1ad5c28f495ffa978fd2b8e355e0	bdb697c42d7f08e153137490e77c7f13e3bc1ad5c28f495ffa978fd2b8e355e0
Lezgi Grammar Screenshots/Lezgi Grammar PDF/Pages from the PDF/PDF Pages All JPG/lezgi_grammar_p50.jpg	materials/legacy/lezgi/grammar/Pages from the PDF/PDF Pages All JPG/lezgi_grammar_p50.jpg	b70b9ec4467759b021aeaa331bc3f9a1650d7ec558a43983cadaa3b5501d7b1e	b70b9ec4467759b021aeaa331bc3f9a1650d7ec558a43983cadaa3b5501d7b1e
Lezgi Grammar Screenshots/Lezgi Grammar PDF/Pages from the PDF/PDF Pages All JPG/lezgi_grammar_p51.jpg	materials/legacy/lezgi/grammar/Pages from the PDF/PDF Pages All JPG/lezgi_grammar_p51.jpg	444f2044f441468b4069b0f055e2344fcf1494350e2d53ea55e6226764677028	444f2044f441468b4069b0f055e2344fcf1494350e2d53ea55e6226764677028
Lezgi Grammar Screenshots/Lezgi Grammar PDF/Pages from the PDF/PDF Pages All JPG/lezgi_grammar_p52.jpg	materials/legacy/lezgi/grammar/Pages from the PDF/PDF Pages All JPG/lezgi_grammar_p52.jpg	dc8272d6bcbc9e8d236f4fef727cf606169cccc38c24d9257bd8ba2bbac38b88	dc8272d6bcbc9e8d236f4fef727cf606169cccc38c24d9257bd8ba2bbac38b88
Lezgi Grammar Screenshots/Lezgi Grammar PDF/Pages from the PDF/PDF Pages All JPG/lezgi_grammar_p53.jpg	materials/legacy/lezgi/grammar/Pages from the PDF/PDF Pages All JPG/lezgi_grammar_p53.jpg	63934c351c5bc402b2dd11bf1b7afb3928376e0e3c294809494a10a8936be8f3	63934c351c5bc402b2dd11bf1b7afb3928376e0e3c294809494a10a8936be8f3
Lezgi Grammar Screenshots/Lezgi Grammar PDF/Pages from the PDF/PDF Pages All JPG/lezgi_grammar_p54.jpg	materials/legacy/lezgi/grammar/Pages from the PDF/PDF Pages All JPG/lezgi_grammar_p54.jpg	bc20a2ad8cd087d50c3aac6c1d4cb3af546c3dda83f791a87d66b5d7c1e4bdfe	bc20a2ad8cd087d50c3aac6c1d4cb3af546c3dda83f791a87d66b5d7c1e4bdfe
Lezgi Grammar Screenshots/Lezgi Grammar PDF/Pages from the PDF/PDF Pages All JPG/lezgi_grammar_p55.jpg	materials/legacy/lezgi/grammar/Pages from the PDF/PDF Pages All JPG/lezgi_grammar_p55.jpg	7e0fa255cc6b1e3ae9841372d2cbebef467ef95fe1fa47514ae05332c2b4fbfe	7e0fa255cc6b1e3ae9841372d2cbebef467ef95fe1fa47514ae05332c2b4fbfe
Lezgi Grammar Screenshots/Lezgi Grammar PDF/Pages from the PDF/PDF Pages All JPG/lezgi_grammar_p56.jpg	materials/legacy/lezgi/grammar/Pages from the PDF/PDF Pages All JPG/lezgi_grammar_p56.jpg	f1c972ea20c6100335ae5387ca2151bd1a3183111a453a443bf8ff2f29274b1d	f1c972ea20c6100335ae5387ca2151bd1a3183111a453a443bf8ff2f29274b1d
Lezgi Grammar Screenshots/Lezgi Grammar PDF/Pages from the PDF/PDF Pages All JPG/lezgi_grammar_p57.jpg	materials/legacy/lezgi/grammar/Pages from the PDF/PDF Pages All JPG/lezgi_grammar_p57.jpg	bfe7263fdead709368594e91941360d72a722d653284b0ad11983512725ec5e7	bfe7263fdead709368594e91941360d72a722d653284b0ad11983512725ec5e7
Lezgi Grammar Screenshots/Lezgi Grammar PDF/Pages from the PDF/PDF Pages All JPG/lezgi_grammar_p58.jpg	materials/legacy/lezgi/grammar/Pages from the PDF/PDF Pages All JPG/lezgi_grammar_p58.jpg	279ef57c7e71ef7e33583ec70ca53f51543380d167a70e41318aa00fd58a8439	279ef57c7e71ef7e33583ec70ca53f51543380d167a70e41318aa00fd58a8439
Lezgi Grammar Screenshots/Lezgi Grammar PDF/Pages from the PDF/PDF Pages All JPG/lezgi_grammar_p59.jpg	materials/legacy/lezgi/grammar/Pages from the PDF/PDF Pages All JPG/lezgi_grammar_p59.jpg	ebb01aa9ddd181caf67c3b8ee50e02c61b3a05b5d7a441b59f50684b39368f96	ebb01aa9ddd181caf67c3b8ee50e02c61b3a05b5d7a441b59f50684b39368f96
Lezgi Grammar Screenshots/Lezgi Grammar PDF/Pages from the PDF/Selected impactful pages JPG/lezgi_grammar_p19.jpg	materials/legacy/lezgi/grammar/Pages from the PDF/Selected impactful pages JPG/lezgi_grammar_p19.jpg	a642ff4d29bf355cd4d0509f7b0d92549400176d103566581ce2992cce652e40	a642ff4d29bf355cd4d0509f7b0d92549400176d103566581ce2992cce652e40
Lezgi Grammar Screenshots/Lezgi Grammar PDF/Pages from the PDF/Selected impactful pages JPG/lezgi_grammar_p20.jpg	materials/legacy/lezgi/grammar/Pages from the PDF/Selected impactful pages JPG/lezgi_grammar_p20.jpg	da0b2a14a0084ef27f6b7ebf5929d2e305c8e4d657c81af00c46e648b5800665	da0b2a14a0084ef27f6b7ebf5929d2e305c8e4d657c81af00c46e648b5800665
Lezgi Grammar Screenshots/Lezgi Grammar PDF/Pages from the PDF/Selected impactful pages JPG/lezgi_grammar_p24.jpg	materials/legacy/lezgi/grammar/Pages from the PDF/Selected impactful pages JPG/lezgi_grammar_p24.jpg	d3a328acda11b69617b19eeae801e816feea58810a3e2367b6f9b5a7abb2070b	d3a328acda11b69617b19eeae801e816feea58810a3e2367b6f9b5a7abb2070b
Lezgi Grammar Screenshots/Lezgi Grammar PDF/Pages from the PDF/Selected impactful pages JPG/lezgi_grammar_p25.jpg	materials/legacy/lezgi/grammar/Pages from the PDF/Selected impactful pages JPG/lezgi_grammar_p25.jpg	5660ce2a16979587d0a1db5295df3b05242e12f16fd5ee9f5585c7ce2d603bbd	5660ce2a16979587d0a1db5295df3b05242e12f16fd5ee9f5585c7ce2d603bbd
Lezgi Grammar Screenshots/Lezgi Grammar PDF/Pages from the PDF/Selected impactful pages JPG/lezgi_grammar_p26.jpg	materials/legacy/lezgi/grammar/Pages from the PDF/Selected impactful pages JPG/lezgi_grammar_p26.jpg	bef31b70eb2fbd12faad8d7b1d736130d750040c15f66357a79fd618cbabe7f9	bef31b70eb2fbd12faad8d7b1d736130d750040c15f66357a79fd618cbabe7f9
Lezgi Grammar Screenshots/Lezgi Grammar PDF/Pages from the PDF/Selected impactful pages JPG/lezgi_grammar_p27.jpg	materials/legacy/lezgi/grammar/Pages from the PDF/Selected impactful pages JPG/lezgi_grammar_p27.jpg	5801d431b092a604b6b00af4743045af2b36af177452c4132eee7061d3f89369	5801d431b092a604b6b00af4743045af2b36af177452c4132eee7061d3f89369
Lezgi Grammar Screenshots/Lezgi Grammar PDF/Pages from the PDF/Selected impactful pages JPG/lezgi_grammar_p28.jpg	materials/legacy/lezgi/grammar/Pages from the PDF/Selected impactful pages JPG/lezgi_grammar_p28.jpg	bf6387305b40710fc827d50322a31860491f37e0d04855f05ccf50a5693b53d5	bf6387305b40710fc827d50322a31860491f37e0d04855f05ccf50a5693b53d5
Lezgi Grammar Screenshots/Lezgi Grammar PDF/Pages from the PDF/Selected impactful pages JPG/lezgi_grammar_p30.jpg	materials/legacy/lezgi/grammar/Pages from the PDF/Selected impactful pages JPG/lezgi_grammar_p30.jpg	6f34514862ce7e61aae745a130fe388a45d2f675e596d5889fa2a0eb2f29c6af	6f34514862ce7e61aae745a130fe388a45d2f675e596d5889fa2a0eb2f29c6af
Lezgi Grammar Screenshots/Lezgi Grammar PDF/Pages from the PDF/Selected impactful pages JPG/lezgi_grammar_p31.jpg	materials/legacy/lezgi/grammar/Pages from the PDF/Selected impactful pages JPG/lezgi_grammar_p31.jpg	076acdf20efa3a8ee8300a8f8e2367eeadbd90c799bd72ccaff6f6342bdd6c3b	076acdf20efa3a8ee8300a8f8e2367eeadbd90c799bd72ccaff6f6342bdd6c3b
Lezgi Grammar Screenshots/Lezgi Grammar PDF/Pages from the PDF/Selected impactful pages JPG/lezgi_grammar_p34.jpg	materials/legacy/lezgi/grammar/Pages from the PDF/Selected impactful pages JPG/lezgi_grammar_p34.jpg	8a53e654e028189838fe24607a65e1831f41bf7f18d088ec3840b169f5654cbc	8a53e654e028189838fe24607a65e1831f41bf7f18d088ec3840b169f5654cbc
Lezgi Grammar Screenshots/Lezgi Grammar PDF/Pages from the PDF/Selected impactful pages JPG/lezgi_grammar_p35.jpg	materials/legacy/lezgi/grammar/Pages from the PDF/Selected impactful pages JPG/lezgi_grammar_p35.jpg	e2d814b4457bda5f67296f3b71841145895b4acf3fdacca7efebc63a7a83def7	e2d814b4457bda5f67296f3b71841145895b4acf3fdacca7efebc63a7a83def7
Lezgi Grammar Screenshots/Lezgi Grammar PDF/Pages from the PDF/Selected impactful pages JPG/lezgi_grammar_p49.jpg	materials/legacy/lezgi/grammar/Pages from the PDF/Selected impactful pages JPG/lezgi_grammar_p49.jpg	7af99b7fb944287a63a2bc82c51d79bb734c7d00e55fe1a3c1431150a98477f5	7af99b7fb944287a63a2bc82c51d79bb734c7d00e55fe1a3c1431150a98477f5
Lezgi Grammar Screenshots/Lezgi Grammar PDF/Pages from the PDF/Selected impactful pages JPG/lezgi_grammar_p50.jpg	materials/legacy/lezgi/grammar/Pages from the PDF/Selected impactful pages JPG/lezgi_grammar_p50.jpg	93b3518e4ff82c7ac8d2499d5f59785b3cf03a65237cda07a012bd532b052786	93b3518e4ff82c7ac8d2499d5f59785b3cf03a65237cda07a012bd532b052786
Lezgi Grammar Screenshots/Lezgi Grammar PDF/Pages from the PDF/Selected impactful pages JPG/lezgi_grammar_p56.jpg	materials/legacy/lezgi/grammar/Pages from the PDF/Selected impactful pages JPG/lezgi_grammar_p56.jpg	6385cfabedf71ef3acd47289b8961bd545079d8777795e575f46cd9d8a837868	6385cfabedf71ef3acd47289b8961bd545079d8777795e575f46cd9d8a837868
Lezgi Grammar Screenshots/Lezgi Grammar PDF/Pages from the PDF/Selected impactful pages JPG/lezgi_grammar_p59.jpg	materials/legacy/lezgi/grammar/Pages from the PDF/Selected impactful pages JPG/lezgi_grammar_p59.jpg	ead61366782ded01c35e95256498bb375175d1c025ab4239f4ce5ae616a8cc98	ead61366782ded01c35e95256498bb375175d1c025ab4239f4ce5ae616a8cc98
Lezgi Grammar Screenshots/Lezgi Grammar PDF/Pages from the PDF/Selected impactful pages JPG/selected_pages_manifest.txt	materials/legacy/lezgi/grammar/Pages from the PDF/Selected impactful pages JPG/selected_pages_manifest.txt	60fbdd59ef0c0e368165105bfbcae7c5aeb21db3c68120fbab1c6695986d4b27	60fbdd59ef0c0e368165105bfbcae7c5aeb21db3c68120fbab1c6695986d4b27
Lezgi Grammar Screenshots/Lezgi Grammar PDF/Summary Image with Tables/Model Input Readable/lezgi_grammar_summary_tables.jpg	materials/legacy/lezgi/grammar/Summary Image with Tables/Model Input Readable/lezgi_grammar_summary_tables.jpg	ccee507d21076afecbe375b5aa7f6e3f5f0776121da938800e349e1b63d6e176	ccee507d21076afecbe375b5aa7f6e3f5f0776121da938800e349e1b63d6e176
Lezgi Grammar Screenshots/Lezgi Grammar PDF/Summary Text/lezgi_grammar_summary_model_readable.txt	materials/legacy/lezgi/grammar/Summary Text/lezgi_grammar_summary_model_readable.txt	7a6d3694365a6d076daba32ddfa4150fb5ea027e930885f2408e5acb630dc091	7a6d3694365a6d076daba32ddfa4150fb5ea027e930885f2408e5acb630dc091
Local Results/first_metric_results.json	archive/local_results/first_metric_results.json	14fbe4968e5bad48f997a4b5e14643a5a5c3ce377fc3e939681f9f7b8dccdd07	14fbe4968e5bad48f997a4b5e14643a5a5c3ce377fc3e939681f9f7b8dccdd07
Local Results/metrics.json	archive/local_results/metrics.json	5af25f4a218834ee072290c1613b4f4ca1db35f9c2ea010cd926fb9afe54a42a	5af25f4a218834ee072290c1613b4f4ca1db35f9c2ea010cd926fb9afe54a42a
Local Results/metrics_gitksan.json	archive/local_results/metrics_gitksan.json	2885065b6fcf32b15781b4f5a24c7edc009df0e8a8b5380042ddc017c4a52f5a	2885065b6fcf32b15781b4f5a24c7edc009df0e8a8b5380042ddc017c4a52f5a
Local Results/metrics_lezgi.json	archive/local_results/metrics_lezgi.json	bfcf1282159b43dd55aabfd300faf56dc1984e77341817b2c7f941206db028a6	bfcf1282159b43dd55aabfd300faf56dc1984e77341817b2c7f941206db028a6
Local Results/metrics_natugu.json	archive/local_results/metrics_natugu.json	e1167b95a7be04bc2b70818deaed6a01eb877de110ed56a13051a956837c3cae	e1167b95a7be04bc2b70818deaed6a01eb877de110ed56a13051a956837c3cae
Local Results/metrics_tsez.json	archive/local_results/metrics_tsez.json	09acae09cc88deffe9a208c0909dfda8918809aa6caff638d1ba9cca141360c1	09acae09cc88deffe9a208c0909dfda8918809aa6caff638d1ba9cca141360c1
Local Results/results.jsonl	archive/local_results/results.jsonl	ff95c9b423588afd12672d0d42ecb902cf49a3b66038492c03268b8500d71534	ff95c9b423588afd12672d0d42ecb902cf49a3b66038492c03268b8500d71534
Local Results/results_gitksan.jsonl	archive/local_results/results_gitksan.jsonl	b06f4b5696e4d2c2697b4a46930d461c451010c59d39996bfce52197fa50cfcf	b06f4b5696e4d2c2697b4a46930d461c451010c59d39996bfce52197fa50cfcf
Local Results/results_lezgi.jsonl	archive/local_results/results_lezgi.jsonl	13b85e7fa780f293c4ed6c19f4cb9a84ae15798ee3a9cc79386291019b9001ef	13b85e7fa780f293c4ed6c19f4cb9a84ae15798ee3a9cc79386291019b9001ef
Local Results/results_natugu.jsonl	archive/local_results/results_natugu.jsonl	9bdcb4085f9108a61ee20a541f577415ce3e5e8d3ac331bdc1b8b1672be0bbe7	9bdcb4085f9108a61ee20a541f577415ce3e5e8d3ac331bdc1b8b1672be0bbe7
Local Results/results_tsez.jsonl	archive/local_results/results_tsez.jsonl	502fa8357e91226cae0f6997bd70fdd08a6f1c53953cf0d1c5f8b9e120c2ba2b	502fa8357e91226cae0f6997bd70fdd08a6f1c53953cf0d1c5f8b9e120c2ba2b
Local Results/second_metrics.json	archive/local_results/second_metrics.json	89b8cc6401f16673bf914cff65333d66778c0c7dd8c040ae2ab6f39f8632d55c	89b8cc6401f16673bf914cff65333d66778c0c7dd8c040ae2ab6f39f8632d55c
Local Run Scripts/run_gitksan Apertus.ps1	scripts/local/run_gitksan Apertus.ps1	cf267164ee6e3ca9b610723cb1b8ebca39377932092d45c45966902dbf79eaad	cf267164ee6e3ca9b610723cb1b8ebca39377932092d45c45966902dbf79eaad
Local Run Scripts/run_gitksan Llama 3.1.ps1	scripts/local/run_gitksan Llama 3.1.ps1	59dcc6b176fb6730eb29ec564cfbd2a10c125accaa44ccab4f1ee05a3369328b	59dcc6b176fb6730eb29ec564cfbd2a10c125accaa44ccab4f1ee05a3369328b
Local Run Scripts/run_lezgi.ps1	scripts/local/run_lezgi.ps1	6ace6df6989220f238f308f376a13a3f9461f4a6db366ddcdc2a7c70081c094c	6ace6df6989220f238f308f376a13a3f9461f4a6db366ddcdc2a7c70081c094c
Local Run Scripts/run_natugu.ps1	scripts/local/run_natugu.ps1	11bd8f8dbeb77da4af28058e9ab8d30424f22a63d4efa915707726cfc3dfbf86	11bd8f8dbeb77da4af28058e9ab8d30424f22a63d4efa915707726cfc3dfbf86
Local Run Scripts/run_tsez.ps1	scripts/local/run_tsez.ps1	4a3025032d5984fbaca84aab7cf2e8d469941e5838e1615830b07fe41aa02e1a	4a3025032d5984fbaca84aab7cf2e8d469941e5838e1615830b07fe41aa02e1a
MTOB Grammar Experiments/README.md	experiments/mtob/README.md	7f72291709366c67aa600e3e6e0a1970b7c3f2146ebaad243a6fea36194c5884	7f72291709366c67aa600e3e6e0a1970b7c3f2146ebaad243a6fea36194c5884
MTOB Grammar Experiments/build_chunks.py	experiments/mtob/build_chunks.py	705e4c23230c5a63955d6a02878e4a53009ebfeabcea4ef510fbe91366d04d0f	705e4c23230c5a63955d6a02878e4a53009ebfeabcea4ef510fbe91366d04d0f
MTOB Grammar Experiments/build_embedding_index.py	experiments/mtob/build_embedding_index.py	fe165749df21f648c0aca2b24b82f08a3ac734cb5b8338313d8c745b5c6c92e0	fe165749df21f648c0aca2b24b82f08a3ac734cb5b8338313d8c745b5c6c92e0
MTOB Grammar Experiments/build_retrieval_manifests.py	experiments/mtob/build_retrieval_manifests.py	13ced0570f232bcac87d11de97723dfdd9898b77a52f3f57c98f7c70d60fc6af	13ced0570f232bcac87d11de97723dfdd9898b77a52f3f57c98f7c70d60fc6af
MTOB Grammar Experiments/capture_input_hashes.py	experiments/mtob/capture_input_hashes.py	98c6624b6ba955b9edd43884de62e3662bd9b8609ab39b83d8f608afba37473e	98c6624b6ba955b9edd43884de62e3662bd9b8609ab39b83d8f608afba37473e
MTOB Grammar Experiments/chunks/gitksan_pdf1/chunks_512_overlap256.jsonl	experiments/mtob/chunks/gitksan_pdf1/chunks_512_overlap256.jsonl	8677c5603173c3f8dd1136f14dbbb3194cd52d16df4d7c3ba1ff807bcf13311e	8677c5603173c3f8dd1136f14dbbb3194cd52d16df4d7c3ba1ff807bcf13311e
MTOB Grammar Experiments/chunks/gitksan_pdf2/chunks_512_overlap256.jsonl	experiments/mtob/chunks/gitksan_pdf2/chunks_512_overlap256.jsonl	c16167efceb2faf866873eefb0d793396380bc15fa36dc60b75d252497f700b1	c16167efceb2faf866873eefb0d793396380bc15fa36dc60b75d252497f700b1
MTOB Grammar Experiments/chunks/lezgi/chunks_512_overlap256.jsonl	experiments/mtob/chunks/lezgi/chunks_512_overlap256.jsonl	b117a554b1239ddbbd8fb03d952b15b943353c6e178157c93ecbc3adc39f50f0	b117a554b1239ddbbd8fb03d952b15b943353c6e178157c93ecbc3adc39f50f0
MTOB Grammar Experiments/chunks/natugu/chunks_512_overlap256.jsonl	experiments/mtob/chunks/natugu/chunks_512_overlap256.jsonl	3a6bb9715751a9344930e5dabd12cd13da8bc85bef913124bf16fd97410fd72a	3a6bb9715751a9344930e5dabd12cd13da8bc85bef913124bf16fd97410fd72a
MTOB Grammar Experiments/chunks/tsez/chunks_512_overlap256.jsonl	experiments/mtob/chunks/tsez/chunks_512_overlap256.jsonl	80d73e8290c36d113a71dc76e356af9288a9c8621b443713baebf7bd1186393a	80d73e8290c36d113a71dc76e356af9288a9c8621b443713baebf7bd1186393a
MTOB Grammar Experiments/configs/experiment_matrix.json	experiments/mtob/configs/experiment_matrix.json	6b11b0b09aed9e4461f9359b7094991ec658d9ae9b80314c8c51e1ce5b062632	6b11b0b09aed9e4461f9359b7094991ec658d9ae9b80314c8c51e1ce5b062632
MTOB Grammar Experiments/configs/models.json	experiments/mtob/configs/models.json	46c1173260217cf816ad93a36f378cc096e6131e24344f24d65914295a15a576	46c1173260217cf816ad93a36f378cc096e6131e24344f24d65914295a15a576
MTOB Grammar Experiments/configs/sources.json	experiments/mtob/configs/sources.json	bfc939dcf972ffb44107506ee609d6f8f6a26742170d2032e25f43d2069c7ef2	bfc939dcf972ffb44107506ee609d6f8f6a26742170d2032e25f43d2069c7ef2
MTOB Grammar Experiments/curate_gl.py	experiments/mtob/curate_gl.py	35588f360226b4d6ce19e4faf6596a7ba4b55184489d99731e5f4d2e3397ff23	35588f360226b4d6ce19e4faf6596a7ba4b55184489d99731e5f4d2e3397ff23
MTOB Grammar Experiments/evaluate_results.py	experiments/mtob/evaluate_results.py	ceafbb8bc518b49ef63ff1e9f4179372150a9309b07968a2a470f96dde601734	ceafbb8bc518b49ef63ff1e9f4179372150a9309b07968a2a470f96dde601734
MTOB Grammar Experiments/extract_grammar.py	experiments/mtob/extract_grammar.py	f7309fc773f4d2e5f76bbcef6e6ba0a715533cc8dc7900add43215a6f8174aae	f7309fc773f4d2e5f76bbcef6e6ba0a715533cc8dc7900add43215a6f8174aae
MTOB Grammar Experiments/generate_jobs.py	experiments/mtob/generate_jobs.py	8f835ad438aa3b12d5879b672eca96dd08b3bd82b03655c688515167c08b3b1f	8f835ad438aa3b12d5879b672eca96dd08b3bd82b03655c688515167c08b3b1f
MTOB Grammar Experiments/gl_contexts/gitksan_pdf1/grammar_long.txt	experiments/mtob/gl_contexts/gitksan_pdf1/grammar_long.txt	0570ee19d9b1adee4e099a968fa58358a487902ffef52f6d668c6dc4445120e4	0570ee19d9b1adee4e099a968fa58358a487902ffef52f6d668c6dc4445120e4
MTOB Grammar Experiments/gl_contexts/gitksan_pdf2/grammar_long.txt	experiments/mtob/gl_contexts/gitksan_pdf2/grammar_long.txt	5e4349d5301605ffddd455e91ed13632e4b544ee659e12fb6b614022ff90babc	5e4349d5301605ffddd455e91ed13632e4b544ee659e12fb6b614022ff90babc
MTOB Grammar Experiments/gl_contexts/lezgi/grammar_long.txt	experiments/mtob/gl_contexts/lezgi/grammar_long.txt	7b9127be2431507e255670c53151fc8eb6ab093695b6954197cd67727a1b2e7f	7b9127be2431507e255670c53151fc8eb6ab093695b6954197cd67727a1b2e7f
MTOB Grammar Experiments/gl_contexts/natugu/grammar_long.txt	experiments/mtob/gl_contexts/natugu/grammar_long.txt	ccb87b25453d8b4cc41cc2245ce25018a6372bad2c6ab4ccc248732d40269099	ccb87b25453d8b4cc41cc2245ce25018a6372bad2c6ab4ccc248732d40269099
MTOB Grammar Experiments/gl_contexts/tsez/grammar_long.txt	experiments/mtob/gl_contexts/tsez/grammar_long.txt	ac5f7763aa2d42344a686d8e46955d33e7b62395450034af15330a9e55f9434c	ac5f7763aa2d42344a686d8e46955d33e7b62395450034af15330a9e55f9434c
MTOB Grammar Experiments/grammar_text/gitksan_pdf1/grammar.txt	experiments/mtob/grammar_text/gitksan_pdf1/grammar.txt	c70ccd63c9434461e4f4f2774c7372b69a68d18bd852a0fd22ca6328f437f862	c70ccd63c9434461e4f4f2774c7372b69a68d18bd852a0fd22ca6328f437f862
MTOB Grammar Experiments/grammar_text/gitksan_pdf1/pages.jsonl	experiments/mtob/grammar_text/gitksan_pdf1/pages.jsonl	c425e7426240fbcb3d75df9e7807c1e46b6f467b48af65cab02b805319becdfd	c425e7426240fbcb3d75df9e7807c1e46b6f467b48af65cab02b805319becdfd
MTOB Grammar Experiments/grammar_text/gitksan_pdf2/grammar.txt	experiments/mtob/grammar_text/gitksan_pdf2/grammar.txt	b600c16f5c9c6df5c645a23ee6b834dd07b6e264dda0fdccf7ab25ca4d89178d	b600c16f5c9c6df5c645a23ee6b834dd07b6e264dda0fdccf7ab25ca4d89178d
MTOB Grammar Experiments/grammar_text/gitksan_pdf2/pages.jsonl	experiments/mtob/grammar_text/gitksan_pdf2/pages.jsonl	8082b9a5c038c251edde27c5c65d2a668d74f63d9becef477c3a912428268410	8082b9a5c038c251edde27c5c65d2a668d74f63d9becef477c3a912428268410
MTOB Grammar Experiments/grammar_text/lezgi/grammar.txt	experiments/mtob/grammar_text/lezgi/grammar.txt	b708ffe89d9eba3d0903480877d5a48d900b5233aa57f95130de8c7d9fb533ec	b708ffe89d9eba3d0903480877d5a48d900b5233aa57f95130de8c7d9fb533ec
MTOB Grammar Experiments/grammar_text/lezgi/pages.jsonl	experiments/mtob/grammar_text/lezgi/pages.jsonl	ed55eacbe3dbd513cd8586a5807a638f1dcccde58033c15d054b307dcc63d0e4	ed55eacbe3dbd513cd8586a5807a638f1dcccde58033c15d054b307dcc63d0e4
MTOB Grammar Experiments/grammar_text/natugu/grammar.txt	experiments/mtob/grammar_text/natugu/grammar.txt	ba7aafced55c65253a553b82905835f494f83893b99213ae8f19d1588e6f287f	ba7aafced55c65253a553b82905835f494f83893b99213ae8f19d1588e6f287f
MTOB Grammar Experiments/grammar_text/natugu/pages.jsonl	experiments/mtob/grammar_text/natugu/pages.jsonl	48ae76e0708a83cb744bcfbec8841560f2c18417714b7c3a9d8780ef7da12430	48ae76e0708a83cb744bcfbec8841560f2c18417714b7c3a9d8780ef7da12430
MTOB Grammar Experiments/grammar_text/tsez/grammar.txt	experiments/mtob/grammar_text/tsez/grammar.txt	bf75a2e261a05de27d913ca000c747b13a21840aff5c5d52bacc5b27909246b0	bf75a2e261a05de27d913ca000c747b13a21840aff5c5d52bacc5b27909246b0
MTOB Grammar Experiments/grammar_text/tsez/pages.jsonl	experiments/mtob/grammar_text/tsez/pages.jsonl	4a4f1a112b3013546aa33d633882d7ef294c5c61e78002c07e291035e7d32c78	4a4f1a112b3013546aa33d633882d7ef294c5c61e78002c07e291035e7d32c78
MTOB Grammar Experiments/indexes/gitksan_pdf1/all_mpnet_base_v2.npy	experiments/mtob/indexes/gitksan_pdf1/all_mpnet_base_v2.npy	2eb7ff73d30b9d6efd2af81804f6ca19d604f5f748c63878fb2064eaf70cc9bf	2eb7ff73d30b9d6efd2af81804f6ca19d604f5f748c63878fb2064eaf70cc9bf
MTOB Grammar Experiments/indexes/gitksan_pdf1/test_all_mpnet_base_v2.npy	experiments/mtob/indexes/gitksan_pdf1/test_all_mpnet_base_v2.npy	43acb31a9ef3f7c24b702c66e7ec345e5998d3930081019819a69b7e104538ac	43acb31a9ef3f7c24b702c66e7ec345e5998d3930081019819a69b7e104538ac
MTOB Grammar Experiments/indexes/gitksan_pdf1/test_sources.json	experiments/mtob/indexes/gitksan_pdf1/test_sources.json	11299d228a364b06ece8e3a8e7dfecedafd59a3cc8db68a932b8b8297abb17c1	11299d228a364b06ece8e3a8e7dfecedafd59a3cc8db68a932b8b8297abb17c1
MTOB Grammar Experiments/indexes/gitksan_pdf2/all_mpnet_base_v2.npy	experiments/mtob/indexes/gitksan_pdf2/all_mpnet_base_v2.npy	d4e4ba07eb3c3ac165c07c026023ade5a3b0353a8608cb552b5871764d1327ee	d4e4ba07eb3c3ac165c07c026023ade5a3b0353a8608cb552b5871764d1327ee
MTOB Grammar Experiments/indexes/gitksan_pdf2/test_all_mpnet_base_v2.npy	experiments/mtob/indexes/gitksan_pdf2/test_all_mpnet_base_v2.npy	43acb31a9ef3f7c24b702c66e7ec345e5998d3930081019819a69b7e104538ac	43acb31a9ef3f7c24b702c66e7ec345e5998d3930081019819a69b7e104538ac
MTOB Grammar Experiments/indexes/gitksan_pdf2/test_sources.json	experiments/mtob/indexes/gitksan_pdf2/test_sources.json	11299d228a364b06ece8e3a8e7dfecedafd59a3cc8db68a932b8b8297abb17c1	11299d228a364b06ece8e3a8e7dfecedafd59a3cc8db68a932b8b8297abb17c1
MTOB Grammar Experiments/indexes/lezgi/all_mpnet_base_v2.npy	experiments/mtob/indexes/lezgi/all_mpnet_base_v2.npy	e0fa89eb2c5272e0cc1cd6f2c91bf8514526b90011ae8f1773afb277751aeedc	e0fa89eb2c5272e0cc1cd6f2c91bf8514526b90011ae8f1773afb277751aeedc
MTOB Grammar Experiments/indexes/lezgi/test_all_mpnet_base_v2.npy	experiments/mtob/indexes/lezgi/test_all_mpnet_base_v2.npy	931be4c176569bf0cd938e7f7b4146ef6c74d439d615a87a5a3cb39f128436ad	931be4c176569bf0cd938e7f7b4146ef6c74d439d615a87a5a3cb39f128436ad
MTOB Grammar Experiments/indexes/lezgi/test_sources.json	experiments/mtob/indexes/lezgi/test_sources.json	2cb844ec3850813250dd8385b073bce5b54fde2cd9d8aceba56de789da3ba941	2cb844ec3850813250dd8385b073bce5b54fde2cd9d8aceba56de789da3ba941
MTOB Grammar Experiments/indexes/natugu/all_mpnet_base_v2.npy	experiments/mtob/indexes/natugu/all_mpnet_base_v2.npy	759b48fdd4d7eac5d3a849ef3f15f74912dc37f14a6056ced6ba8564c82e3142	759b48fdd4d7eac5d3a849ef3f15f74912dc37f14a6056ced6ba8564c82e3142
MTOB Grammar Experiments/indexes/natugu/test_all_mpnet_base_v2.npy	experiments/mtob/indexes/natugu/test_all_mpnet_base_v2.npy	683b741311810e8e9b030b93e6b175f3481c0935071c002a879ea14e70b27eae	683b741311810e8e9b030b93e6b175f3481c0935071c002a879ea14e70b27eae
MTOB Grammar Experiments/indexes/natugu/test_sources.json	experiments/mtob/indexes/natugu/test_sources.json	953b0e9609fd9570639e181dc95a5411c2c1606d1c2085876197922dd8b93c24	953b0e9609fd9570639e181dc95a5411c2c1606d1c2085876197922dd8b93c24
MTOB Grammar Experiments/indexes/tsez/all_mpnet_base_v2.npy	experiments/mtob/indexes/tsez/all_mpnet_base_v2.npy	cefa074fa76e4c45438e03b8437ce1136cf7d83e3691503a67150a6aeae3a9b0	cefa074fa76e4c45438e03b8437ce1136cf7d83e3691503a67150a6aeae3a9b0
MTOB Grammar Experiments/indexes/tsez/test_all_mpnet_base_v2.npy	experiments/mtob/indexes/tsez/test_all_mpnet_base_v2.npy	1daddedf0edeefb43a634f6c2052b8782a9bd4c8d732b86a34d000481cbf435b	1daddedf0edeefb43a634f6c2052b8782a9bd4c8d732b86a34d000481cbf435b
MTOB Grammar Experiments/indexes/tsez/test_sources.json	experiments/mtob/indexes/tsez/test_sources.json	644a42efca5b5ff15b2b5542a34a73a4ec09a0de5d4fd91a3bacceaaa5dafae0	644a42efca5b5ff15b2b5542a34a73a4ec09a0de5d4fd91a3bacceaaa5dafae0
MTOB Grammar Experiments/jobs/gemini25flashlite/gitksan_pdf1/run_ge.sh	experiments/mtob/jobs/gemini25flashlite/gitksan_pdf1/run_ge.sh	c2cd0f12704a4d3622301caca184b8096e73a1bacbb1bf1495fc7a0ef9d20fdd	c2cd0f12704a4d3622301caca184b8096e73a1bacbb1bf1495fc7a0ef9d20fdd
MTOB Grammar Experiments/jobs/gemini25flashlite/gitksan_pdf1/run_gl.sh	experiments/mtob/jobs/gemini25flashlite/gitksan_pdf1/run_gl.sh	30ae234c9e276418596c0e8217f066baa86beaa24ce95e7a05fc0fb6fdbfa3db	30ae234c9e276418596c0e8217f066baa86beaa24ce95e7a05fc0fb6fdbfa3db
MTOB Grammar Experiments/jobs/gemini25flashlite/gitksan_pdf1/run_gs.sh	experiments/mtob/jobs/gemini25flashlite/gitksan_pdf1/run_gs.sh	d5166c2a29ef22fbf3d68369cbd9de257952fc4012a7fac1504175d9aa3431a6	d5166c2a29ef22fbf3d68369cbd9de257952fc4012a7fac1504175d9aa3431a6
MTOB Grammar Experiments/jobs/gemini25flashlite/gitksan_pdf2/run_ge.sh	experiments/mtob/jobs/gemini25flashlite/gitksan_pdf2/run_ge.sh	171329bfbed52c8b49fe530297103b7e95529e32842c443eb29b7d76462fc93f	171329bfbed52c8b49fe530297103b7e95529e32842c443eb29b7d76462fc93f
MTOB Grammar Experiments/jobs/gemini25flashlite/gitksan_pdf2/run_gl.sh	experiments/mtob/jobs/gemini25flashlite/gitksan_pdf2/run_gl.sh	ba1fc8022a8009f6a03355f54ab41201c5120aaac1ad74dae902008e17b2ff8e	ba1fc8022a8009f6a03355f54ab41201c5120aaac1ad74dae902008e17b2ff8e
MTOB Grammar Experiments/jobs/gemini25flashlite/gitksan_pdf2/run_gs.sh	experiments/mtob/jobs/gemini25flashlite/gitksan_pdf2/run_gs.sh	8b2b683c62ebb6c8163d331a3402a2979bc40ef38b4f16afb6a662bd76ee4f34	8b2b683c62ebb6c8163d331a3402a2979bc40ef38b4f16afb6a662bd76ee4f34
MTOB Grammar Experiments/jobs/gemini25flashlite/lezgi/run_ge.sh	experiments/mtob/jobs/gemini25flashlite/lezgi/run_ge.sh	0ad8ba6c7699598326cef644df3d5cee25b5c959960fc8dc6afae606e3126531	0ad8ba6c7699598326cef644df3d5cee25b5c959960fc8dc6afae606e3126531
MTOB Grammar Experiments/jobs/gemini25flashlite/lezgi/run_gl.sh	experiments/mtob/jobs/gemini25flashlite/lezgi/run_gl.sh	963b62ff9fb7506e9d08ebd70b040b8e1f6cf6beef16147f602730db5a0ec821	963b62ff9fb7506e9d08ebd70b040b8e1f6cf6beef16147f602730db5a0ec821
MTOB Grammar Experiments/jobs/gemini25flashlite/lezgi/run_gs.sh	experiments/mtob/jobs/gemini25flashlite/lezgi/run_gs.sh	6f8e7149192ed8ea470c012584878a8456edf16dd2ab27b5523388dbe246cb86	6f8e7149192ed8ea470c012584878a8456edf16dd2ab27b5523388dbe246cb86
MTOB Grammar Experiments/jobs/gemini25flashlite/natugu/run_ge.sh	experiments/mtob/jobs/gemini25flashlite/natugu/run_ge.sh	dd41a63cee592998d460cf77c1999f3d20986edc2a3aa1f0dcff1900e5d921cf	dd41a63cee592998d460cf77c1999f3d20986edc2a3aa1f0dcff1900e5d921cf
MTOB Grammar Experiments/jobs/gemini25flashlite/natugu/run_gl.sh	experiments/mtob/jobs/gemini25flashlite/natugu/run_gl.sh	ae1b436015e36a36ef37a99d7629ca4dc7c217ab549b0dc11f33e254501257b9	ae1b436015e36a36ef37a99d7629ca4dc7c217ab549b0dc11f33e254501257b9
MTOB Grammar Experiments/jobs/gemini25flashlite/natugu/run_gs.sh	experiments/mtob/jobs/gemini25flashlite/natugu/run_gs.sh	a1d0848fce97b143168ed0d6f60bc697db2f9e57c47447093ddefc9ee3cce3c8	a1d0848fce97b143168ed0d6f60bc697db2f9e57c47447093ddefc9ee3cce3c8
MTOB Grammar Experiments/jobs/gemini25flashlite/tsez/run_ge.sh	experiments/mtob/jobs/gemini25flashlite/tsez/run_ge.sh	f2d0e2a805c48df0de3d5fbf34f9912087cfb76e7be3c386811484e94ce569c9	f2d0e2a805c48df0de3d5fbf34f9912087cfb76e7be3c386811484e94ce569c9
MTOB Grammar Experiments/jobs/gemini25flashlite/tsez/run_gl.sh	experiments/mtob/jobs/gemini25flashlite/tsez/run_gl.sh	8e0e344567c1bc25e203e49af0cbe6e55b9ca6ba8ad099e2e3ab9b91e8a47624	8e0e344567c1bc25e203e49af0cbe6e55b9ca6ba8ad099e2e3ab9b91e8a47624
MTOB Grammar Experiments/jobs/gemini25flashlite/tsez/run_gs.sh	experiments/mtob/jobs/gemini25flashlite/tsez/run_gs.sh	291594fb67bebbd9df9358ae7bbce5eb8495bbbb8f65af33d3fc67daa6b66e51	291594fb67bebbd9df9358ae7bbce5eb8495bbbb8f65af33d3fc67daa6b66e51
MTOB Grammar Experiments/jobs/gpt56luna/gitksan_pdf1/run_ge.sh	experiments/mtob/jobs/gpt56luna/gitksan_pdf1/run_ge.sh	977819b7ecfb3da005073ea5d52de776d1dd3a9374099012bc8e72abcc9eb618	977819b7ecfb3da005073ea5d52de776d1dd3a9374099012bc8e72abcc9eb618
MTOB Grammar Experiments/jobs/gpt56luna/gitksan_pdf1/run_gl.sh	experiments/mtob/jobs/gpt56luna/gitksan_pdf1/run_gl.sh	25502f590d963a3db2129130740ea45df674472a758515486d36c6a5b6b5bfc9	25502f590d963a3db2129130740ea45df674472a758515486d36c6a5b6b5bfc9
MTOB Grammar Experiments/jobs/gpt56luna/gitksan_pdf1/run_gs.sh	experiments/mtob/jobs/gpt56luna/gitksan_pdf1/run_gs.sh	4bf7e272548b5d5903158d437c6354ae5ebc0a9a6e1f02338a40d13f79c009c9	4bf7e272548b5d5903158d437c6354ae5ebc0a9a6e1f02338a40d13f79c009c9
MTOB Grammar Experiments/jobs/gpt56luna/gitksan_pdf2/run_ge.sh	experiments/mtob/jobs/gpt56luna/gitksan_pdf2/run_ge.sh	a6e21042b7bfaadd61fb847d6432160d7cc16849ff97581f7792fc90da0d49f3	a6e21042b7bfaadd61fb847d6432160d7cc16849ff97581f7792fc90da0d49f3
MTOB Grammar Experiments/jobs/gpt56luna/gitksan_pdf2/run_gl.sh	experiments/mtob/jobs/gpt56luna/gitksan_pdf2/run_gl.sh	256dc5a13964a1ae22f37ea3088a2586df8266ebfd506aa8175e7fb3bab1d776	256dc5a13964a1ae22f37ea3088a2586df8266ebfd506aa8175e7fb3bab1d776
MTOB Grammar Experiments/jobs/gpt56luna/gitksan_pdf2/run_gs.sh	experiments/mtob/jobs/gpt56luna/gitksan_pdf2/run_gs.sh	5784dd25fc334a218bcf6b60206089a991c2b4ef09cfddf0c796119f007eb5be	5784dd25fc334a218bcf6b60206089a991c2b4ef09cfddf0c796119f007eb5be
MTOB Grammar Experiments/jobs/gpt56luna/lezgi/run_ge.sh	experiments/mtob/jobs/gpt56luna/lezgi/run_ge.sh	e61addb97659309235b4d145ac304f370b2507a957b0fd59f7cfebd510a1477f	e61addb97659309235b4d145ac304f370b2507a957b0fd59f7cfebd510a1477f
MTOB Grammar Experiments/jobs/gpt56luna/lezgi/run_gl.sh	experiments/mtob/jobs/gpt56luna/lezgi/run_gl.sh	c87ca6c1d5f974f65ef3d3d8de656aa4d0d5de03080a281a17f3ec5be2ed0e2f	c87ca6c1d5f974f65ef3d3d8de656aa4d0d5de03080a281a17f3ec5be2ed0e2f
MTOB Grammar Experiments/jobs/gpt56luna/lezgi/run_gs.sh	experiments/mtob/jobs/gpt56luna/lezgi/run_gs.sh	e32b0a62d54d161df3c364a637fa41a29f12cd3e5c189101f80d5a02d3bf5f05	e32b0a62d54d161df3c364a637fa41a29f12cd3e5c189101f80d5a02d3bf5f05
MTOB Grammar Experiments/jobs/gpt56luna/natugu/run_ge.sh	experiments/mtob/jobs/gpt56luna/natugu/run_ge.sh	78edc6e12a17e3f2046b88c2dd81dbb485703bf4500034ca469b1e41f5a0a7a9	78edc6e12a17e3f2046b88c2dd81dbb485703bf4500034ca469b1e41f5a0a7a9
MTOB Grammar Experiments/jobs/gpt56luna/natugu/run_gl.sh	experiments/mtob/jobs/gpt56luna/natugu/run_gl.sh	fa3b711b1ecea35932e6c2f1c012b55a9c5dfbf05af5d517c9d62400ddb7bb76	fa3b711b1ecea35932e6c2f1c012b55a9c5dfbf05af5d517c9d62400ddb7bb76
MTOB Grammar Experiments/jobs/gpt56luna/natugu/run_gs.sh	experiments/mtob/jobs/gpt56luna/natugu/run_gs.sh	e10318b414994d9fd1fe669483f25a059721e62dab493abb6ea06356270913ec	e10318b414994d9fd1fe669483f25a059721e62dab493abb6ea06356270913ec
MTOB Grammar Experiments/jobs/gpt56luna/tsez/run_ge.sh	experiments/mtob/jobs/gpt56luna/tsez/run_ge.sh	d8b59120aa6fc5e3da4f157ce06b3560e2cfe1dbb919745e04bf9423e02b8bf3	d8b59120aa6fc5e3da4f157ce06b3560e2cfe1dbb919745e04bf9423e02b8bf3
MTOB Grammar Experiments/jobs/gpt56luna/tsez/run_gl.sh	experiments/mtob/jobs/gpt56luna/tsez/run_gl.sh	415c8bda0ed2b7d9000da29c324231e8d485b01f486a0dfa9bf9e24ec6ba732f	415c8bda0ed2b7d9000da29c324231e8d485b01f486a0dfa9bf9e24ec6ba732f
MTOB Grammar Experiments/jobs/gpt56luna/tsez/run_gs.sh	experiments/mtob/jobs/gpt56luna/tsez/run_gs.sh	206a4391a28f2c221e34ef38c45eabba8ffb66d774aa763c00ee5d10ff88372b	206a4391a28f2c221e34ef38c45eabba8ffb66d774aa763c00ee5d10ff88372b
MTOB Grammar Experiments/jobs/qwen3/gitksan_pdf1/run_ge.sh	experiments/mtob/jobs/qwen3/gitksan_pdf1/run_ge.sh	0ea9c8998724a96f0a381e557922319447425de3c9e167ea1730b114e1a03035	0ea9c8998724a96f0a381e557922319447425de3c9e167ea1730b114e1a03035
MTOB Grammar Experiments/jobs/qwen3/gitksan_pdf1/run_gl.sh	experiments/mtob/jobs/qwen3/gitksan_pdf1/run_gl.sh	e2aa7b4f723b4cbf8b65f719dab918bc93b13d403c8fa0bf9ca687d56666e101	e2aa7b4f723b4cbf8b65f719dab918bc93b13d403c8fa0bf9ca687d56666e101
MTOB Grammar Experiments/jobs/qwen3/gitksan_pdf1/run_gs.sh	experiments/mtob/jobs/qwen3/gitksan_pdf1/run_gs.sh	7fa6726e03ed388a136bee316977622948cd0eacaf69a91ad3b069b4895a8476	7fa6726e03ed388a136bee316977622948cd0eacaf69a91ad3b069b4895a8476
MTOB Grammar Experiments/jobs/qwen3/gitksan_pdf2/run_ge.sh	experiments/mtob/jobs/qwen3/gitksan_pdf2/run_ge.sh	1c8f0381e34f45ff6ba933aa8c057c320ecef170d30cd038755ee42a5562dd29	1c8f0381e34f45ff6ba933aa8c057c320ecef170d30cd038755ee42a5562dd29
MTOB Grammar Experiments/jobs/qwen3/gitksan_pdf2/run_gl.sh	experiments/mtob/jobs/qwen3/gitksan_pdf2/run_gl.sh	d2d988753e5ecde70ee7892cdb1d38eb01f4eafaf2f04f29fca87f8fa559a5ce	d2d988753e5ecde70ee7892cdb1d38eb01f4eafaf2f04f29fca87f8fa559a5ce
MTOB Grammar Experiments/jobs/qwen3/gitksan_pdf2/run_gs.sh	experiments/mtob/jobs/qwen3/gitksan_pdf2/run_gs.sh	4a0ffd68f994c1c2d17f2e5c0ee7698f6e8a961bd3628526f23788193684bb83	4a0ffd68f994c1c2d17f2e5c0ee7698f6e8a961bd3628526f23788193684bb83
MTOB Grammar Experiments/jobs/qwen3/lezgi/run_ge.sh	experiments/mtob/jobs/qwen3/lezgi/run_ge.sh	59cae74ec2674550b3c6b170159a67049500b3840bd10ebd09a7109b2ce5a069	59cae74ec2674550b3c6b170159a67049500b3840bd10ebd09a7109b2ce5a069
MTOB Grammar Experiments/jobs/qwen3/lezgi/run_gl.sh	experiments/mtob/jobs/qwen3/lezgi/run_gl.sh	5062924a1a1915f602c88605ad6e0e6894a23409dd095670d13e0ae000544c62	5062924a1a1915f602c88605ad6e0e6894a23409dd095670d13e0ae000544c62
MTOB Grammar Experiments/jobs/qwen3/lezgi/run_gs.sh	experiments/mtob/jobs/qwen3/lezgi/run_gs.sh	f5f9ed27fadea1d2617f5b35334d0bd49743bf479a450a4f029de8b45e151fcb	f5f9ed27fadea1d2617f5b35334d0bd49743bf479a450a4f029de8b45e151fcb
MTOB Grammar Experiments/jobs/qwen3/natugu/run_ge.sh	experiments/mtob/jobs/qwen3/natugu/run_ge.sh	3d889c36b0d08fefff351a98c2c2941814d60925d083c1204ce4560a84469740	3d889c36b0d08fefff351a98c2c2941814d60925d083c1204ce4560a84469740
MTOB Grammar Experiments/jobs/qwen3/natugu/run_gl.sh	experiments/mtob/jobs/qwen3/natugu/run_gl.sh	dcadddc5525d1a0a6bb9f273bce3c4f96de76b257009d3cbce175a0b09ead27e	dcadddc5525d1a0a6bb9f273bce3c4f96de76b257009d3cbce175a0b09ead27e
MTOB Grammar Experiments/jobs/qwen3/natugu/run_gs.sh	experiments/mtob/jobs/qwen3/natugu/run_gs.sh	bcb13d9173888880c7b562c3eceb4fe8db86c7224677e79c987de341f53bf418	bcb13d9173888880c7b562c3eceb4fe8db86c7224677e79c987de341f53bf418
MTOB Grammar Experiments/jobs/qwen3/tsez/run_ge.sh	experiments/mtob/jobs/qwen3/tsez/run_ge.sh	e73c36d7cba438420a1fb28bf3ddbbdb8336271303529bfc5eec097a4d80abd4	e73c36d7cba438420a1fb28bf3ddbbdb8336271303529bfc5eec097a4d80abd4
MTOB Grammar Experiments/jobs/qwen3/tsez/run_gl.sh	experiments/mtob/jobs/qwen3/tsez/run_gl.sh	d5d8dae8aa02f13dee0861fcb2d5d3b81ad1eb7d950abf846f83e75efdef7df6	d5d8dae8aa02f13dee0861fcb2d5d3b81ad1eb7d950abf846f83e75efdef7df6
MTOB Grammar Experiments/jobs/qwen3/tsez/run_gs.sh	experiments/mtob/jobs/qwen3/tsez/run_gs.sh	2363ce78ba774c0bd8d08b6dc6d66ef849cbab97ff4b793d58e9adfc2e86e4a3	2363ce78ba774c0bd8d08b6dc6d66ef849cbab97ff4b793d58e9adfc2e86e4a3
MTOB Grammar Experiments/jobs/qwen35/gitksan_pdf1/run_ge.sh	experiments/mtob/jobs/qwen35/gitksan_pdf1/run_ge.sh	4bf61108104d696b8b2136b6a48c8b47a5f9157c1d015c1808a19bc2c3a2486f	4bf61108104d696b8b2136b6a48c8b47a5f9157c1d015c1808a19bc2c3a2486f
MTOB Grammar Experiments/jobs/qwen35/gitksan_pdf1/run_gl.sh	experiments/mtob/jobs/qwen35/gitksan_pdf1/run_gl.sh	5ab2243328eb908e1a192490e2916a01432ed43a053a7fa2285cbfdad0325282	5ab2243328eb908e1a192490e2916a01432ed43a053a7fa2285cbfdad0325282
MTOB Grammar Experiments/jobs/qwen35/gitksan_pdf1/run_gs.sh	experiments/mtob/jobs/qwen35/gitksan_pdf1/run_gs.sh	9eed4fe1ac951316519d0c0a88a579ce19c7f44b6c8f335ee4287e1506375dec	9eed4fe1ac951316519d0c0a88a579ce19c7f44b6c8f335ee4287e1506375dec
MTOB Grammar Experiments/jobs/qwen35/gitksan_pdf2/run_ge.sh	experiments/mtob/jobs/qwen35/gitksan_pdf2/run_ge.sh	78af920f55280d39b0cec94aa600058566db62db3e5b65563cda3ba0eeb07f65	78af920f55280d39b0cec94aa600058566db62db3e5b65563cda3ba0eeb07f65
MTOB Grammar Experiments/jobs/qwen35/gitksan_pdf2/run_gl.sh	experiments/mtob/jobs/qwen35/gitksan_pdf2/run_gl.sh	bf33045570908afb99477569589b4dd2d28dea3e714e9152aefad7d9177da891	bf33045570908afb99477569589b4dd2d28dea3e714e9152aefad7d9177da891
MTOB Grammar Experiments/jobs/qwen35/gitksan_pdf2/run_gs.sh	experiments/mtob/jobs/qwen35/gitksan_pdf2/run_gs.sh	5b390b3e8477ead9dae6e7e1be7643e688e71fd18cbf54eb5c6ecfbf15b968a2	5b390b3e8477ead9dae6e7e1be7643e688e71fd18cbf54eb5c6ecfbf15b968a2
MTOB Grammar Experiments/jobs/qwen35/lezgi/run_ge.sh	experiments/mtob/jobs/qwen35/lezgi/run_ge.sh	3788d9119f8d726573abb17d2754944912100509ea4e5718119756d2d0121235	3788d9119f8d726573abb17d2754944912100509ea4e5718119756d2d0121235
MTOB Grammar Experiments/jobs/qwen35/lezgi/run_gl.sh	experiments/mtob/jobs/qwen35/lezgi/run_gl.sh	46f40bb10494350a89538460d0bceadb0f5c79001c4f5d06b4a217ede15be640	46f40bb10494350a89538460d0bceadb0f5c79001c4f5d06b4a217ede15be640
MTOB Grammar Experiments/jobs/qwen35/lezgi/run_gs.sh	experiments/mtob/jobs/qwen35/lezgi/run_gs.sh	dd5b80d282666c27ba38edc8de0747feba64671c51739db55be4d28c26d402ec	dd5b80d282666c27ba38edc8de0747feba64671c51739db55be4d28c26d402ec
MTOB Grammar Experiments/jobs/qwen35/natugu/run_ge.sh	experiments/mtob/jobs/qwen35/natugu/run_ge.sh	c78db8210af4146074a3d25dfd245f7701bf39a344671f0eddcc2ecba2e8f079	c78db8210af4146074a3d25dfd245f7701bf39a344671f0eddcc2ecba2e8f079
MTOB Grammar Experiments/jobs/qwen35/natugu/run_gl.sh	experiments/mtob/jobs/qwen35/natugu/run_gl.sh	ab47ee7929112c377b76e5d555d8f61232b1b01f5452cb839899c29c90376831	ab47ee7929112c377b76e5d555d8f61232b1b01f5452cb839899c29c90376831
MTOB Grammar Experiments/jobs/qwen35/natugu/run_gs.sh	experiments/mtob/jobs/qwen35/natugu/run_gs.sh	276d7a02fc3472871c0a18753eacc05cccb3ed2af33873d590558accd64fb0ec	276d7a02fc3472871c0a18753eacc05cccb3ed2af33873d590558accd64fb0ec
MTOB Grammar Experiments/jobs/qwen35/tsez/run_ge.sh	experiments/mtob/jobs/qwen35/tsez/run_ge.sh	001ad8b041afae2860eaa3aa5c65bfbd871adc95606aa41d3c24a4b4c24a6eea	001ad8b041afae2860eaa3aa5c65bfbd871adc95606aa41d3c24a4b4c24a6eea
MTOB Grammar Experiments/jobs/qwen35/tsez/run_gl.sh	experiments/mtob/jobs/qwen35/tsez/run_gl.sh	d1c0ca5c8136803fa822cc25c301c9bd4fc2bb8fc2e77290f90b25aa60c09c7f	d1c0ca5c8136803fa822cc25c301c9bd4fc2bb8fc2e77290f90b25aa60c09c7f
MTOB Grammar Experiments/jobs/qwen35/tsez/run_gs.sh	experiments/mtob/jobs/qwen35/tsez/run_gs.sh	25c67a5414146c18866f89ba70ebf1997d99cd4625f4feba7f965b5b57b5529e	25c67a5414146c18866f89ba70ebf1997d99cd4625f4feba7f965b5b57b5529e
MTOB Grammar Experiments/list_experiments.py	experiments/mtob/list_experiments.py	2d87c1c00c437b46f9c6fe79644e5e66804d17e2567b1eb3da50b6fe09d74841	2d87c1c00c437b46f9c6fe79644e5e66804d17e2567b1eb3da50b6fe09d74841
MTOB Grammar Experiments/manifests/extraction_audit.md	experiments/mtob/manifests/extraction_audit.md	5eac5178a075c44fe879a1a688f4d1f2d99e2b03d8696f6502812ea70e610fd4	5eac5178a075c44fe879a1a688f4d1f2d99e2b03d8696f6502812ea70e610fd4
MTOB Grammar Experiments/manifests/gitksan_pdf1/chunks.json	experiments/mtob/manifests/gitksan_pdf1/chunks.json	d26e4604a18695d92ddda55e336e33950966a50bd8e02f88014ebc412d6b737c	d26e4604a18695d92ddda55e336e33950966a50bd8e02f88014ebc412d6b737c
MTOB Grammar Experiments/manifests/gitksan_pdf1/embedding_index.json	experiments/mtob/manifests/gitksan_pdf1/embedding_index.json	6614e7762df07dd4f1dcd550a55acb7415a55b613f88f4e0a0827d6560084b18	6614e7762df07dd4f1dcd550a55acb7415a55b613f88f4e0a0827d6560084b18
MTOB Grammar Experiments/manifests/gitksan_pdf1/extraction.json	experiments/mtob/manifests/gitksan_pdf1/extraction.json	dae36a1e6dc9cd07e975623428bf89c1b2a482e0bcacb99d11ff3787ef93a049	dae36a1e6dc9cd07e975623428bf89c1b2a482e0bcacb99d11ff3787ef93a049
MTOB Grammar Experiments/manifests/gitksan_pdf1/gl_selection.json	experiments/mtob/manifests/gitksan_pdf1/gl_selection.json	4ec1a2e1bba5dedc3ba104fd6de12000c0d36f65321c68398c8e75b7404bac5a	4ec1a2e1bba5dedc3ba104fd6de12000c0d36f65321c68398c8e75b7404bac5a
MTOB Grammar Experiments/manifests/gitksan_pdf1/retrieval_ge.jsonl	experiments/mtob/manifests/gitksan_pdf1/retrieval_ge.jsonl	fa40a81938bfb9a3712825d1e32f333e553c884043e85eac2e5fcb10a49f0602	fa40a81938bfb9a3712825d1e32f333e553c884043e85eac2e5fcb10a49f0602
MTOB Grammar Experiments/manifests/gitksan_pdf1/retrieval_gs.jsonl	experiments/mtob/manifests/gitksan_pdf1/retrieval_gs.jsonl	6c090e306f72baf5d2e273e7f43a990df11adc166a2eee539601c070ddd5999a	6c090e306f72baf5d2e273e7f43a990df11adc166a2eee539601c070ddd5999a
MTOB Grammar Experiments/manifests/gitksan_pdf2/chunks.json	experiments/mtob/manifests/gitksan_pdf2/chunks.json	ca649d3071f0a2709aea539029d39dc8b9ac0715fa41d30334c24af8c1d05033	ca649d3071f0a2709aea539029d39dc8b9ac0715fa41d30334c24af8c1d05033
MTOB Grammar Experiments/manifests/gitksan_pdf2/embedding_index.json	experiments/mtob/manifests/gitksan_pdf2/embedding_index.json	b60a463d01c129027612408c400bb4950f14452d83ed20a37774e5b419da6470	b60a463d01c129027612408c400bb4950f14452d83ed20a37774e5b419da6470
MTOB Grammar Experiments/manifests/gitksan_pdf2/extraction.json	experiments/mtob/manifests/gitksan_pdf2/extraction.json	19a6f96df2a8727f0676d9fc8975f39046a96ed1085f964b210aab616a00515d	19a6f96df2a8727f0676d9fc8975f39046a96ed1085f964b210aab616a00515d
MTOB Grammar Experiments/manifests/gitksan_pdf2/gl_selection.json	experiments/mtob/manifests/gitksan_pdf2/gl_selection.json	1e6ab5034a50c3095c5254ad3cc980ea1b67c9c22c6eb1e835bda15b5c24d075	1e6ab5034a50c3095c5254ad3cc980ea1b67c9c22c6eb1e835bda15b5c24d075
MTOB Grammar Experiments/manifests/gitksan_pdf2/retrieval_ge.jsonl	experiments/mtob/manifests/gitksan_pdf2/retrieval_ge.jsonl	0c1bb7c0a319d23cc80bab79f7620fe1e48b7fe9ff743783ee62aaf4f1aa2858	0c1bb7c0a319d23cc80bab79f7620fe1e48b7fe9ff743783ee62aaf4f1aa2858
MTOB Grammar Experiments/manifests/gitksan_pdf2/retrieval_gs.jsonl	experiments/mtob/manifests/gitksan_pdf2/retrieval_gs.jsonl	6d29e3481187bcdc25a4701c1a23d5c2ed22dcae1f49491acbaab09b04031f3d	6d29e3481187bcdc25a4701c1a23d5c2ed22dcae1f49491acbaab09b04031f3d
MTOB Grammar Experiments/manifests/input_hashes_baseline.json	experiments/mtob/manifests/input_hashes_baseline.json	9c8b1e135e1311cdaa81646a6781e842fe705025c7c29a17f1ba63eed5f3da90	9c8b1e135e1311cdaa81646a6781e842fe705025c7c29a17f1ba63eed5f3da90
MTOB Grammar Experiments/manifests/lezgi/chunks.json	experiments/mtob/manifests/lezgi/chunks.json	894b501ca961f4c25e32fb463cb6f0f8de58e092cbb56ab60b4afef964ee1d5a	894b501ca961f4c25e32fb463cb6f0f8de58e092cbb56ab60b4afef964ee1d5a
MTOB Grammar Experiments/manifests/lezgi/embedding_index.json	experiments/mtob/manifests/lezgi/embedding_index.json	ecaff135c326b643b1d6db45e12cd75d475547781137682fcd31a1e2fa0de256	ecaff135c326b643b1d6db45e12cd75d475547781137682fcd31a1e2fa0de256
MTOB Grammar Experiments/manifests/lezgi/extraction.json	experiments/mtob/manifests/lezgi/extraction.json	4c8e61994fd780b6aaeb768de001f46e96c51a3447c5b98c38201e7ccf5984c5	4c8e61994fd780b6aaeb768de001f46e96c51a3447c5b98c38201e7ccf5984c5
MTOB Grammar Experiments/manifests/lezgi/gl_selection.json	experiments/mtob/manifests/lezgi/gl_selection.json	e9e0f1a78272b6df91c5630993ce467a5d40345bcfaee55f29c4c8d4a53b7fc4	e9e0f1a78272b6df91c5630993ce467a5d40345bcfaee55f29c4c8d4a53b7fc4
MTOB Grammar Experiments/manifests/lezgi/retrieval_ge.jsonl	experiments/mtob/manifests/lezgi/retrieval_ge.jsonl	36283152e4477278dcf10b7c233f5752c7fcfcb9532a8c549b857e7e4a798b14	36283152e4477278dcf10b7c233f5752c7fcfcb9532a8c549b857e7e4a798b14
MTOB Grammar Experiments/manifests/lezgi/retrieval_gs.jsonl	experiments/mtob/manifests/lezgi/retrieval_gs.jsonl	06b0bb456be08c5f793cd1e7860c5addbf7991306ddadc06c9518a7ea31f35c3	06b0bb456be08c5f793cd1e7860c5addbf7991306ddadc06c9518a7ea31f35c3
MTOB Grammar Experiments/manifests/natugu/chunks.json	experiments/mtob/manifests/natugu/chunks.json	fef704144ce394f663ea89eb814a9d8d0d52ec11cc3366675f097155b724d383	fef704144ce394f663ea89eb814a9d8d0d52ec11cc3366675f097155b724d383
MTOB Grammar Experiments/manifests/natugu/embedding_index.json	experiments/mtob/manifests/natugu/embedding_index.json	a80dcb5834334b72a7bfdd0cb9aa1cf3913e5f17f6e93c1a4e38836d5c0d0bfb	a80dcb5834334b72a7bfdd0cb9aa1cf3913e5f17f6e93c1a4e38836d5c0d0bfb
MTOB Grammar Experiments/manifests/natugu/extraction.json	experiments/mtob/manifests/natugu/extraction.json	29faf4e16d3f30333442c826176f2806a28f58fa351a19e44d020783613cf8f1	29faf4e16d3f30333442c826176f2806a28f58fa351a19e44d020783613cf8f1
MTOB Grammar Experiments/manifests/natugu/gl_selection.json	experiments/mtob/manifests/natugu/gl_selection.json	6a4c965f3138625e36dcb491622038b80030c5aed14b56beab4fdd4f11fe603b	6a4c965f3138625e36dcb491622038b80030c5aed14b56beab4fdd4f11fe603b
MTOB Grammar Experiments/manifests/natugu/retrieval_ge.jsonl	experiments/mtob/manifests/natugu/retrieval_ge.jsonl	d6cb6e4580fa1c32e3580136dd24ab9cba9375448aa586af9e28e40be0497b72	d6cb6e4580fa1c32e3580136dd24ab9cba9375448aa586af9e28e40be0497b72
MTOB Grammar Experiments/manifests/natugu/retrieval_gs.jsonl	experiments/mtob/manifests/natugu/retrieval_gs.jsonl	b7f807b0b90f3a725195e67ceab7f3406109b2bc73a6f9d1a63dda5e05b268a9	b7f807b0b90f3a725195e67ceab7f3406109b2bc73a6f9d1a63dda5e05b268a9
MTOB Grammar Experiments/manifests/prompt_templates/ge_gs_language_to_english.txt	experiments/mtob/manifests/prompt_templates/ge_gs_language_to_english.txt	2c4c23cb0ae63dcdeed3422cb11dbc31e458af5879075b808afcee0daa729114	2c4c23cb0ae63dcdeed3422cb11dbc31e458af5879075b808afcee0daa729114
MTOB Grammar Experiments/manifests/prompt_templates/gl_language_to_english.txt	experiments/mtob/manifests/prompt_templates/gl_language_to_english.txt	ac8c2127ea6216bb4626458a03b75fd04435b343ea1983ba39495174bb9c5ba6	ac8c2127ea6216bb4626458a03b75fd04435b343ea1983ba39495174bb9c5ba6
MTOB Grammar Experiments/manifests/prompt_templates/refusal_retry_language_to_english.txt	experiments/mtob/manifests/prompt_templates/refusal_retry_language_to_english.txt	a62ca3c018f822f192f26e11996140966efff7ec3f08072ae80c117621c9c639	a62ca3c018f822f192f26e11996140966efff7ec3f08072ae80c117621c9c639
MTOB Grammar Experiments/manifests/thinking/qwen3.json	experiments/mtob/manifests/thinking/qwen3.json	0bbacb00c9d0676e487d7071919241350e6db5327b32809966e158b2591fddba	0bbacb00c9d0676e487d7071919241350e6db5327b32809966e158b2591fddba
MTOB Grammar Experiments/manifests/thinking/qwen35.json	experiments/mtob/manifests/thinking/qwen35.json	fc4923f1fa44790f8955721388a456f78202b246711ab1044e305416d5784256	fc4923f1fa44790f8955721388a456f78202b246711ab1044e305416d5784256
MTOB Grammar Experiments/manifests/tsez/chunks.json	experiments/mtob/manifests/tsez/chunks.json	a01f966dffa2de7eccfc63b78e3a08cf6d49ceb7b665fe34260ac79194293792	a01f966dffa2de7eccfc63b78e3a08cf6d49ceb7b665fe34260ac79194293792
MTOB Grammar Experiments/manifests/tsez/embedding_index.json	experiments/mtob/manifests/tsez/embedding_index.json	8edab95840067865c49c656dccd407022fbe88e884fb9fa1f1b8d05cdd884046	8edab95840067865c49c656dccd407022fbe88e884fb9fa1f1b8d05cdd884046
MTOB Grammar Experiments/manifests/tsez/extraction.json	experiments/mtob/manifests/tsez/extraction.json	86080d36cee82ba7a4c73559aab9912cab5abacb05a06115c4ac89a63c92653e	86080d36cee82ba7a4c73559aab9912cab5abacb05a06115c4ac89a63c92653e
MTOB Grammar Experiments/manifests/tsez/gl_selection.json	experiments/mtob/manifests/tsez/gl_selection.json	da86d40166598b1d5a60a19efc1bcffda58f7451d035497c8e338d6aee6aa733	da86d40166598b1d5a60a19efc1bcffda58f7451d035497c8e338d6aee6aa733
MTOB Grammar Experiments/manifests/tsez/retrieval_ge.jsonl	experiments/mtob/manifests/tsez/retrieval_ge.jsonl	1e92a0b4383102339148e5b3b47d971593981cd753e7a8ae6729c945058698e2	1e92a0b4383102339148e5b3b47d971593981cd753e7a8ae6729c945058698e2
MTOB Grammar Experiments/manifests/tsez/retrieval_gs.jsonl	experiments/mtob/manifests/tsez/retrieval_gs.jsonl	0228a287d1b02902a00ebabf8dfd7d2a81805c93aee4dea0fec8bec64f83d5ff	0228a287d1b02902a00ebabf8dfd7d2a81805c93aee4dea0fec8bec64f83d5ff
MTOB Grammar Experiments/metrics/.gitkeep	experiments/mtob/metrics/.gitkeep	01ba4719c80b6fe911b091a7c05124b64eeece964e09c058ef8f9805daca546b	01ba4719c80b6fe911b091a7c05124b64eeece964e09c058ef8f9805daca546b
MTOB Grammar Experiments/metrics/qwen3/gitksan_pdf1/metrics_ge.json	experiments/mtob/metrics/qwen3/gitksan_pdf1/metrics_ge.json	d8efab6eba7f16b70ed2ae676936bbdc232b9a102108004b8d65724a7d2e1bff	d8efab6eba7f16b70ed2ae676936bbdc232b9a102108004b8d65724a7d2e1bff
MTOB Grammar Experiments/metrics/qwen3/gitksan_pdf1/metrics_gl.json	experiments/mtob/metrics/qwen3/gitksan_pdf1/metrics_gl.json	f91b83434a99c266845cc9d8a99bdbb30a930c8fe720c0d1ec42f42ddaf7a951	f91b83434a99c266845cc9d8a99bdbb30a930c8fe720c0d1ec42f42ddaf7a951
MTOB Grammar Experiments/metrics/qwen3/gitksan_pdf1/metrics_gs.json	experiments/mtob/metrics/qwen3/gitksan_pdf1/metrics_gs.json	1353939f4e06133f75668ab1c8e9859e3df6f910e2f6e2be5910b7c2d996a816	1353939f4e06133f75668ab1c8e9859e3df6f910e2f6e2be5910b7c2d996a816
MTOB Grammar Experiments/metrics/qwen3/gitksan_pdf2/metrics_ge.json	experiments/mtob/metrics/qwen3/gitksan_pdf2/metrics_ge.json	7bbb908a19843ac10af38f1bc305eb76c90a14dae84aab89d2d9565ff5f93c52	7bbb908a19843ac10af38f1bc305eb76c90a14dae84aab89d2d9565ff5f93c52
MTOB Grammar Experiments/metrics/qwen3/gitksan_pdf2/metrics_gl.json	experiments/mtob/metrics/qwen3/gitksan_pdf2/metrics_gl.json	84975ae0d0ce47aa98cf834ab76882c5b3ba120fa87c7de5d2fa0d7e726f0ca3	84975ae0d0ce47aa98cf834ab76882c5b3ba120fa87c7de5d2fa0d7e726f0ca3
MTOB Grammar Experiments/metrics/qwen3/gitksan_pdf2/metrics_gs.json	experiments/mtob/metrics/qwen3/gitksan_pdf2/metrics_gs.json	6a40e9fd685eb01d14bf508a7a52e900fbf2559cac7b236a394b62c0967b9aaa	6a40e9fd685eb01d14bf508a7a52e900fbf2559cac7b236a394b62c0967b9aaa
MTOB Grammar Experiments/metrics/qwen3/lezgi/metrics_ge.json	experiments/mtob/metrics/qwen3/lezgi/metrics_ge.json	d45ef5f37f53f628cd32b374a43cbc3b9887d09f87f373bcd13a70d50bf6cd67	d45ef5f37f53f628cd32b374a43cbc3b9887d09f87f373bcd13a70d50bf6cd67
MTOB Grammar Experiments/metrics/qwen3/lezgi/metrics_gl.json	experiments/mtob/metrics/qwen3/lezgi/metrics_gl.json	1e54dce0c54ccdf783d36dde9b79de327b0d4e0fefb64f2718e66dfbca950185	1e54dce0c54ccdf783d36dde9b79de327b0d4e0fefb64f2718e66dfbca950185
MTOB Grammar Experiments/metrics/qwen3/lezgi/metrics_gs.json	experiments/mtob/metrics/qwen3/lezgi/metrics_gs.json	02d94dcd6acab5cf2a7913db9a9cd80d34210165cf87c114bafff3e3c54207f2	02d94dcd6acab5cf2a7913db9a9cd80d34210165cf87c114bafff3e3c54207f2
MTOB Grammar Experiments/metrics/qwen3/natugu/metrics_ge.json	experiments/mtob/metrics/qwen3/natugu/metrics_ge.json	000bfc4c1f4c8f6d148dc545dad3d3f23cbdfabcdd041bc08fc9c7d69485fcae	000bfc4c1f4c8f6d148dc545dad3d3f23cbdfabcdd041bc08fc9c7d69485fcae
MTOB Grammar Experiments/metrics/qwen3/natugu/metrics_gl.json	experiments/mtob/metrics/qwen3/natugu/metrics_gl.json	8a8697f3762b628f3bd047dba4612eb7e51c2528193e1615cb760feb86618b5a	8a8697f3762b628f3bd047dba4612eb7e51c2528193e1615cb760feb86618b5a
MTOB Grammar Experiments/metrics/qwen3/natugu/metrics_gs.json	experiments/mtob/metrics/qwen3/natugu/metrics_gs.json	ce3740202b8d9b47f2cc7832905aab20380fbf240ea95df8a939acac262fd356	ce3740202b8d9b47f2cc7832905aab20380fbf240ea95df8a939acac262fd356
MTOB Grammar Experiments/metrics/qwen3/tsez/metrics_ge.json	experiments/mtob/metrics/qwen3/tsez/metrics_ge.json	3d84dd9edd56bb843abecf72f8857878534f13e5faac7ba8142901779ab5d48f	3d84dd9edd56bb843abecf72f8857878534f13e5faac7ba8142901779ab5d48f
MTOB Grammar Experiments/metrics/qwen3/tsez/metrics_gl.json	experiments/mtob/metrics/qwen3/tsez/metrics_gl.json	5fb7f5d2d34f0347561b252fcdc0f2db2e7d55606e68d91c9299a4d7d79525ee	5fb7f5d2d34f0347561b252fcdc0f2db2e7d55606e68d91c9299a4d7d79525ee
MTOB Grammar Experiments/metrics/qwen3/tsez/metrics_gs.json	experiments/mtob/metrics/qwen3/tsez/metrics_gs.json	a3ec5ceeee0eb3cfd908fcb900d8eee46cb635b83f740f3664badb1e8b2ae979	a3ec5ceeee0eb3cfd908fcb900d8eee46cb635b83f740f3664badb1e8b2ae979
MTOB Grammar Experiments/metrics/qwen35/gitksan_pdf1/metrics_ge.json	experiments/mtob/metrics/qwen35/gitksan_pdf1/metrics_ge.json	768634f3d4f1950d42d18a245e3027ce79cee40d2fd0d483fea742814bdc8a57	768634f3d4f1950d42d18a245e3027ce79cee40d2fd0d483fea742814bdc8a57
MTOB Grammar Experiments/metrics/qwen35/gitksan_pdf1/metrics_gl.json	experiments/mtob/metrics/qwen35/gitksan_pdf1/metrics_gl.json	f661889bd03766096ad62a379cf396acb235496076be7725a445c14b96ddaf79	f661889bd03766096ad62a379cf396acb235496076be7725a445c14b96ddaf79
MTOB Grammar Experiments/metrics/qwen35/gitksan_pdf1/metrics_gs.json	experiments/mtob/metrics/qwen35/gitksan_pdf1/metrics_gs.json	be8ea1d752ca8e5ede0a961c82518fc1950f9acb893a0f9ca003e88d9373b91e	be8ea1d752ca8e5ede0a961c82518fc1950f9acb893a0f9ca003e88d9373b91e
MTOB Grammar Experiments/metrics/qwen35/gitksan_pdf2/metrics_ge.json	experiments/mtob/metrics/qwen35/gitksan_pdf2/metrics_ge.json	ba0f2b555ea6ba212b6c94dd8f302a2e8dff76d3e1b1d457269d12eab672b3af	ba0f2b555ea6ba212b6c94dd8f302a2e8dff76d3e1b1d457269d12eab672b3af
MTOB Grammar Experiments/metrics/qwen35/gitksan_pdf2/metrics_gl.json	experiments/mtob/metrics/qwen35/gitksan_pdf2/metrics_gl.json	bad95df0e0bbc7bcb3eb06d2e462630b19a6bd511e9d79fdb3db46291c1d7c69	bad95df0e0bbc7bcb3eb06d2e462630b19a6bd511e9d79fdb3db46291c1d7c69
MTOB Grammar Experiments/metrics/qwen35/gitksan_pdf2/metrics_gs.json	experiments/mtob/metrics/qwen35/gitksan_pdf2/metrics_gs.json	533525deeb6f10ee3a26c26b0175c68f6a805c9f7abfafd9bc24b51b5963db9d	533525deeb6f10ee3a26c26b0175c68f6a805c9f7abfafd9bc24b51b5963db9d
MTOB Grammar Experiments/metrics/qwen35/lezgi/metrics_ge.json	experiments/mtob/metrics/qwen35/lezgi/metrics_ge.json	fc681bbd91d52fe9bdd0d1ae26eb3f3d2d366389e5f787d62a8912a8f957c389	fc681bbd91d52fe9bdd0d1ae26eb3f3d2d366389e5f787d62a8912a8f957c389
MTOB Grammar Experiments/metrics/qwen35/lezgi/metrics_gl.json	experiments/mtob/metrics/qwen35/lezgi/metrics_gl.json	8397874e7e91f82e625970ad91e2b66c78c104e1d6352eb71effab383eb59e11	8397874e7e91f82e625970ad91e2b66c78c104e1d6352eb71effab383eb59e11
MTOB Grammar Experiments/metrics/qwen35/lezgi/metrics_gs.json	experiments/mtob/metrics/qwen35/lezgi/metrics_gs.json	13fef1e6f5fe1e24a2e0184fa5514df9e9fe78286efebe0374803e1510038d03	13fef1e6f5fe1e24a2e0184fa5514df9e9fe78286efebe0374803e1510038d03
MTOB Grammar Experiments/metrics/qwen35/natugu/metrics_ge.json	experiments/mtob/metrics/qwen35/natugu/metrics_ge.json	5521543e2470de4d09486550e1da86d76d654140b97075e77b9158b174d530d8	5521543e2470de4d09486550e1da86d76d654140b97075e77b9158b174d530d8
MTOB Grammar Experiments/metrics/qwen35/natugu/metrics_gl.json	experiments/mtob/metrics/qwen35/natugu/metrics_gl.json	4bc883b8f7db7573509dc253a2556d5b5b5a578fd55d72acf8dc804f70e386f6	4bc883b8f7db7573509dc253a2556d5b5b5a578fd55d72acf8dc804f70e386f6
MTOB Grammar Experiments/metrics/qwen35/natugu/metrics_gs.json	experiments/mtob/metrics/qwen35/natugu/metrics_gs.json	097184ecb5542ba3994c7623164433aac3f9e34f76572173c6c754c054d84f87	097184ecb5542ba3994c7623164433aac3f9e34f76572173c6c754c054d84f87
MTOB Grammar Experiments/metrics/qwen35/tsez/metrics_ge.json	experiments/mtob/metrics/qwen35/tsez/metrics_ge.json	9f9824d3f102f92feca6aa2420e8af906f4e61f1365bbc88c91806a1f613d45c	9f9824d3f102f92feca6aa2420e8af906f4e61f1365bbc88c91806a1f613d45c
MTOB Grammar Experiments/metrics/qwen35/tsez/metrics_gl.json	experiments/mtob/metrics/qwen35/tsez/metrics_gl.json	334656a1e03e20116c8ac725f3fc4b1577809d20eb8515dc9ecd99cce2d31537	334656a1e03e20116c8ac725f3fc4b1577809d20eb8515dc9ecd99cce2d31537
MTOB Grammar Experiments/metrics/qwen35/tsez/metrics_gs.json	experiments/mtob/metrics/qwen35/tsez/metrics_gs.json	f8b6225ea35d5dca1dafa1dce4f77f316c3729211ff008579bfd3375fce66bfe	f8b6225ea35d5dca1dafa1dce4f77f316c3729211ff008579bfd3375fce66bfe
MTOB Grammar Experiments/metrics/smoke/gemini25flashlite/gitksan_pdf1/metrics_ge.json	experiments/mtob/metrics/smoke/gemini25flashlite/gitksan_pdf1/metrics_ge.json	251ba1478e96e25611a0c7efaebd7af3d02b13d0480fab507fe573cbb9d08686	251ba1478e96e25611a0c7efaebd7af3d02b13d0480fab507fe573cbb9d08686
MTOB Grammar Experiments/mtob_grammar/__init__.py	experiments/mtob/mtob_grammar/__init__.py	fcfd02e9c95615b266ac3278d992db40ee84c2323618d9b6913141d6f9a07ebb	fcfd02e9c95615b266ac3278d992db40ee84c2323618d9b6913141d6f9a07ebb
MTOB Grammar Experiments/mtob_grammar/backends.py	experiments/mtob/mtob_grammar/backends.py	1380cae22a4804d3684cb81b5fda33973ae561fa06c54d4ae5f06969ddcf35c4	1380cae22a4804d3684cb81b5fda33973ae561fa06c54d4ae5f06969ddcf35c4
MTOB Grammar Experiments/mtob_grammar/chunking.py	experiments/mtob/mtob_grammar/chunking.py	e577bf2c677dc0279a089914976b52cae66af2ce4bb8903c69590d7946566a18	e577bf2c677dc0279a089914976b52cae66af2ce4bb8903c69590d7946566a18
MTOB Grammar Experiments/mtob_grammar/config.py	experiments/mtob/mtob_grammar/config.py	6d97d41fbb48248adcb19135bbd751149e369d5d4f2ee2548ebfbc9fa96dc629	6d97d41fbb48248adcb19135bbd751149e369d5d4f2ee2548ebfbc9fa96dc629
MTOB Grammar Experiments/mtob_grammar/curation.py	experiments/mtob/mtob_grammar/curation.py	72333b00822faea51803c353141c62b6fd4932861dc4ef0ecb7db41107f18793	72333b00822faea51803c353141c62b6fd4932861dc4ef0ecb7db41107f18793
MTOB Grammar Experiments/mtob_grammar/data.py	experiments/mtob/mtob_grammar/data.py	857d028c1aa76f4cd8cffdce4bfd3088969bcbe59afda3d9d818a275c58ad2eb	857d028c1aa76f4cd8cffdce4bfd3088969bcbe59afda3d9d818a275c58ad2eb
MTOB Grammar Experiments/mtob_grammar/evaluation.py	experiments/mtob/mtob_grammar/evaluation.py	16fe84eae62b5e903bbf5a59864c464d12cf9434ae6399aacf3759776cfb66ba	16fe84eae62b5e903bbf5a59864c464d12cf9434ae6399aacf3759776cfb66ba
MTOB Grammar Experiments/mtob_grammar/experiment.py	experiments/mtob/mtob_grammar/experiment.py	02799da9c2c62c3fcdf2b514f58515b9f294f0e00952e621d529f4cd40553939	02799da9c2c62c3fcdf2b514f58515b9f294f0e00952e621d529f4cd40553939
MTOB Grammar Experiments/mtob_grammar/extraction.py	experiments/mtob/mtob_grammar/extraction.py	5bbc483363be3400068e679f56753379a78bbd158bce81933b6a618094eec785	5bbc483363be3400068e679f56753379a78bbd158bce81933b6a618094eec785
MTOB Grammar Experiments/mtob_grammar/io.py	experiments/mtob/mtob_grammar/io.py	3907e231bdac04e855c3275f69ac827bf72f1c253ebfa85b21d585c74206840a	3907e231bdac04e855c3275f69ac827bf72f1c253ebfa85b21d585c74206840a
MTOB Grammar Experiments/mtob_grammar/prompts.py	experiments/mtob/mtob_grammar/prompts.py	8b7498b50dc4900104faf990d2ff881402f4c246205250fea388a75748ff4b1d	8b7498b50dc4900104faf990d2ff881402f4c246205250fea388a75748ff4b1d
MTOB Grammar Experiments/mtob_grammar/retrieval.py	experiments/mtob/mtob_grammar/retrieval.py	fa86e63d1cc2eb4cefe3b62e6b1b41122c605bf4624f938e21039010e394c35f	fa86e63d1cc2eb4cefe3b62e6b1b41122c605bf4624f938e21039010e394c35f
MTOB Grammar Experiments/requirements.txt	experiments/mtob/requirements.txt	3573bec4d9168bc6cc48e3dc34bf64c961e6e8e34a20e554b99efc3359723fcf	3573bec4d9168bc6cc48e3dc34bf64c961e6e8e34a20e554b99efc3359723fcf
MTOB Grammar Experiments/results/.gitkeep	experiments/mtob/results/.gitkeep	01ba4719c80b6fe911b091a7c05124b64eeece964e09c058ef8f9805daca546b	01ba4719c80b6fe911b091a7c05124b64eeece964e09c058ef8f9805daca546b
MTOB Grammar Experiments/results/qwen3/gitksan_pdf1/results_ge.jsonl	experiments/mtob/results/qwen3/gitksan_pdf1/results_ge.jsonl	637dbc6cb32c30c6b4ee4e080dd3f425162dd27a97e95dcfddf5979056575e99	637dbc6cb32c30c6b4ee4e080dd3f425162dd27a97e95dcfddf5979056575e99
MTOB Grammar Experiments/results/qwen3/gitksan_pdf1/results_gl.jsonl	experiments/mtob/results/qwen3/gitksan_pdf1/results_gl.jsonl	084bdaf7653c034c16b8fcab9697e350e97cbc4b89faa3a810f07b8dc5acf57e	084bdaf7653c034c16b8fcab9697e350e97cbc4b89faa3a810f07b8dc5acf57e
MTOB Grammar Experiments/results/qwen3/gitksan_pdf1/results_gs.jsonl	experiments/mtob/results/qwen3/gitksan_pdf1/results_gs.jsonl	33b18ea0a47a6fd02d2740f8c2cca0d01462fdcb641229dfa01ff5f3dff9aeec	33b18ea0a47a6fd02d2740f8c2cca0d01462fdcb641229dfa01ff5f3dff9aeec
MTOB Grammar Experiments/results/qwen3/gitksan_pdf2/results_ge.jsonl	experiments/mtob/results/qwen3/gitksan_pdf2/results_ge.jsonl	cec2994c1b363170ae5c53d6bede717f791b9f12aee147ee20065e0feb655d34	cec2994c1b363170ae5c53d6bede717f791b9f12aee147ee20065e0feb655d34
MTOB Grammar Experiments/results/qwen3/gitksan_pdf2/results_gl.jsonl	experiments/mtob/results/qwen3/gitksan_pdf2/results_gl.jsonl	6f8744f94bc1bfac3c46a6ba4380c1bb487e8620ea0e1b5c24fbc566923a3fa4	6f8744f94bc1bfac3c46a6ba4380c1bb487e8620ea0e1b5c24fbc566923a3fa4
MTOB Grammar Experiments/results/qwen3/gitksan_pdf2/results_gs.jsonl	experiments/mtob/results/qwen3/gitksan_pdf2/results_gs.jsonl	0d2bb1c5dc55b1689ede3c85149c3c93a474abfae152f9b2a5bb6ee62aba434a	0d2bb1c5dc55b1689ede3c85149c3c93a474abfae152f9b2a5bb6ee62aba434a
MTOB Grammar Experiments/results/qwen3/lezgi/results_ge.jsonl	experiments/mtob/results/qwen3/lezgi/results_ge.jsonl	4f5b1510247a69bd537fe9d84bdb79291984092c04743ec8006a4fa2c50731ca	4f5b1510247a69bd537fe9d84bdb79291984092c04743ec8006a4fa2c50731ca
MTOB Grammar Experiments/results/qwen3/lezgi/results_gl.jsonl	experiments/mtob/results/qwen3/lezgi/results_gl.jsonl	09a3587ba01322e0540f92ad52d3fb7ac342d1c51d2b1ac3650026ecb145679b	09a3587ba01322e0540f92ad52d3fb7ac342d1c51d2b1ac3650026ecb145679b
MTOB Grammar Experiments/results/qwen3/lezgi/results_gs.jsonl	experiments/mtob/results/qwen3/lezgi/results_gs.jsonl	961cd5d5db14bb91157e5ba6dc2ec6f8e05b0b7b1a37ae758ce66e80e8ce6ccb	961cd5d5db14bb91157e5ba6dc2ec6f8e05b0b7b1a37ae758ce66e80e8ce6ccb
MTOB Grammar Experiments/results/qwen3/natugu/results_ge.jsonl	experiments/mtob/results/qwen3/natugu/results_ge.jsonl	8c87c6373c09650435cec42fb28c1c1a18fd3d58ee709070e4d77a0d1770dc82	8c87c6373c09650435cec42fb28c1c1a18fd3d58ee709070e4d77a0d1770dc82
MTOB Grammar Experiments/results/qwen3/natugu/results_gl.jsonl	experiments/mtob/results/qwen3/natugu/results_gl.jsonl	0bc9f03d1938715187e62d94accb5d0ac0f5e0e4aecccd7552c27e4b85519d45	0bc9f03d1938715187e62d94accb5d0ac0f5e0e4aecccd7552c27e4b85519d45
MTOB Grammar Experiments/results/qwen3/natugu/results_gs.jsonl	experiments/mtob/results/qwen3/natugu/results_gs.jsonl	2c9dbe7cd8c23d1dfc7fd1c73860b352941c576d636f1fb0f699c2d508245a22	2c9dbe7cd8c23d1dfc7fd1c73860b352941c576d636f1fb0f699c2d508245a22
MTOB Grammar Experiments/results/qwen3/tsez/results_ge.jsonl	experiments/mtob/results/qwen3/tsez/results_ge.jsonl	733125e11c1457e030ce92a8de2508c7af526d2743e1358b5bc6272ee01d2efc	733125e11c1457e030ce92a8de2508c7af526d2743e1358b5bc6272ee01d2efc
MTOB Grammar Experiments/results/qwen3/tsez/results_gl.jsonl	experiments/mtob/results/qwen3/tsez/results_gl.jsonl	21d259a61d63be7036c8c6c9a2c100cda05f59226d5dc2048b9e196d22d4f54e	21d259a61d63be7036c8c6c9a2c100cda05f59226d5dc2048b9e196d22d4f54e
MTOB Grammar Experiments/results/qwen3/tsez/results_gs.jsonl	experiments/mtob/results/qwen3/tsez/results_gs.jsonl	9df8cccf4d0fc87a058791b3532acb165f2f8c393ae8d91d0bf190baac1567cb	9df8cccf4d0fc87a058791b3532acb165f2f8c393ae8d91d0bf190baac1567cb
MTOB Grammar Experiments/results/qwen35/gitksan_pdf1/results_ge.jsonl	experiments/mtob/results/qwen35/gitksan_pdf1/results_ge.jsonl	70a3d1b360a66031544e2768c5bb89158994a3ea25026efabf60d2d3e5f0ba4d	70a3d1b360a66031544e2768c5bb89158994a3ea25026efabf60d2d3e5f0ba4d
MTOB Grammar Experiments/results/qwen35/gitksan_pdf1/results_gl.jsonl	experiments/mtob/results/qwen35/gitksan_pdf1/results_gl.jsonl	d4bfd3cc9ba1b5d7e100210926674060468fc60b69a4c8adb591db7585118672	d4bfd3cc9ba1b5d7e100210926674060468fc60b69a4c8adb591db7585118672
MTOB Grammar Experiments/results/qwen35/gitksan_pdf1/results_gs.jsonl	experiments/mtob/results/qwen35/gitksan_pdf1/results_gs.jsonl	38107315bb451ff5d308dfbd816960478210f71b21d1ca0981608a0f64589cb3	38107315bb451ff5d308dfbd816960478210f71b21d1ca0981608a0f64589cb3
MTOB Grammar Experiments/results/qwen35/gitksan_pdf2/results_ge.jsonl	experiments/mtob/results/qwen35/gitksan_pdf2/results_ge.jsonl	863857ada3c864e71222a79f3a988cd8ece69cc70918aece95279c8990475d6f	863857ada3c864e71222a79f3a988cd8ece69cc70918aece95279c8990475d6f
MTOB Grammar Experiments/results/qwen35/gitksan_pdf2/results_gl.jsonl	experiments/mtob/results/qwen35/gitksan_pdf2/results_gl.jsonl	5a1bbf63b490576ef266c018fcc05460057eec526898549c7091e6ee4b17f8c2	5a1bbf63b490576ef266c018fcc05460057eec526898549c7091e6ee4b17f8c2
MTOB Grammar Experiments/results/qwen35/gitksan_pdf2/results_gs.jsonl	experiments/mtob/results/qwen35/gitksan_pdf2/results_gs.jsonl	c4e43665be69221ae5d9fe9e54026f0280396b044838c15519a6d9299d91d0aa	c4e43665be69221ae5d9fe9e54026f0280396b044838c15519a6d9299d91d0aa
MTOB Grammar Experiments/results/qwen35/lezgi/results_ge.jsonl	experiments/mtob/results/qwen35/lezgi/results_ge.jsonl	7f8e4efb9b6f84d80b42c4830250261e790ab6d53a5f49d36b79eeb83400717d	7f8e4efb9b6f84d80b42c4830250261e790ab6d53a5f49d36b79eeb83400717d
MTOB Grammar Experiments/results/qwen35/lezgi/results_gl.jsonl	experiments/mtob/results/qwen35/lezgi/results_gl.jsonl	840db15a9395f7da3f526970631dc23672d1e10efaecc4596fbafc6d9e34d0c5	840db15a9395f7da3f526970631dc23672d1e10efaecc4596fbafc6d9e34d0c5
MTOB Grammar Experiments/results/qwen35/lezgi/results_gs.jsonl	experiments/mtob/results/qwen35/lezgi/results_gs.jsonl	5a02ec7e0d7d6b7ffb180e637c5a7d526105ac1d931753e1dea3c2d146a4907b	5a02ec7e0d7d6b7ffb180e637c5a7d526105ac1d931753e1dea3c2d146a4907b
MTOB Grammar Experiments/results/qwen35/natugu/results_ge.jsonl	experiments/mtob/results/qwen35/natugu/results_ge.jsonl	7ae87f15a871c54610e66a1cec45f63b48a559e969157b706f86b1df9a4d0b2e	7ae87f15a871c54610e66a1cec45f63b48a559e969157b706f86b1df9a4d0b2e
MTOB Grammar Experiments/results/qwen35/natugu/results_gl.jsonl	experiments/mtob/results/qwen35/natugu/results_gl.jsonl	76cf23b393b67b79277853d07d6f46640b783304a1a15c3648513829eebc2b7a	76cf23b393b67b79277853d07d6f46640b783304a1a15c3648513829eebc2b7a
MTOB Grammar Experiments/results/qwen35/natugu/results_gs.jsonl	experiments/mtob/results/qwen35/natugu/results_gs.jsonl	cd8b8d8122f5fe7ab30a56d4530151cceae3196d978fde819e2aaacb2a2fb40b	cd8b8d8122f5fe7ab30a56d4530151cceae3196d978fde819e2aaacb2a2fb40b
MTOB Grammar Experiments/results/qwen35/tsez/results_ge.jsonl	experiments/mtob/results/qwen35/tsez/results_ge.jsonl	04988f05eb227d19a89a6cfea968e041fa5f3037af1792d0605fdeee14220b89	04988f05eb227d19a89a6cfea968e041fa5f3037af1792d0605fdeee14220b89
MTOB Grammar Experiments/results/qwen35/tsez/results_gl.jsonl	experiments/mtob/results/qwen35/tsez/results_gl.jsonl	143ee973f9333d061a691631d997138c5f5344af40e5135e5768e5d96a85ccd0	143ee973f9333d061a691631d997138c5f5344af40e5135e5768e5d96a85ccd0
MTOB Grammar Experiments/results/qwen35/tsez/results_gs.jsonl	experiments/mtob/results/qwen35/tsez/results_gs.jsonl	37c0f7252b069bc81848462b24292c4d09e640286d2204a3ec59d3fb0a02d7fc	37c0f7252b069bc81848462b24292c4d09e640286d2204a3ec59d3fb0a02d7fc
MTOB Grammar Experiments/results/smoke/gemini25flashlite/gitksan_pdf1/results_ge.jsonl	experiments/mtob/results/smoke/gemini25flashlite/gitksan_pdf1/results_ge.jsonl	aa842717e197c18dc1261c0f602025817a49fb07103788dd72ff35718194277b	aa842717e197c18dc1261c0f602025817a49fb07103788dd72ff35718194277b
MTOB Grammar Experiments/run_experiment.py	experiments/mtob/run_experiment.py	a00f5e5bdcb26973be95ac1dd235c42516dd0abb22da4a45816f9fd3ef579234	a00f5e5bdcb26973be95ac1dd235c42516dd0abb22da4a45816f9fd3ef579234
MTOB Grammar Experiments/runners/README.md	experiments/mtob/runners/README.md	da6400fb79db68e8c373f46ef340f9174f7ca0e4e930e557e75cef7d15fcfaba	da6400fb79db68e8c373f46ef340f9174f7ca0e4e930e557e75cef7d15fcfaba
MTOB Grammar Experiments/setup_env.sh	experiments/mtob/setup_env.sh	d22ee3ce2732d15cebbf27298cbb8804e565f5f1515c2cbfcf2e7d0024db4a2d	d22ee3ce2732d15cebbf27298cbb8804e565f5f1515c2cbfcf2e7d0024db4a2d
MTOB Grammar Experiments/snapshot_prompts.py	experiments/mtob/snapshot_prompts.py	5bf291e07914fa2e513472a60882e083914825f8e5fdfa1acc28f622057c3461	5bf291e07914fa2e513472a60882e083914825f8e5fdfa1acc28f622057c3461
MTOB Grammar Experiments/submit/submit_gemini25flashlite_gitksan_pdf1.sh	experiments/mtob/submit/submit_gemini25flashlite_gitksan_pdf1.sh	511e8e82f7642fd09daec043c24a1b1222bc97060b4aa86a5092697acdf339d1	511e8e82f7642fd09daec043c24a1b1222bc97060b4aa86a5092697acdf339d1
MTOB Grammar Experiments/submit/submit_gemini25flashlite_gitksan_pdf2.sh	experiments/mtob/submit/submit_gemini25flashlite_gitksan_pdf2.sh	58e4754b7889a2da521317cf2fa0fcf5d4530295b56f8075c1023de56b450c37	58e4754b7889a2da521317cf2fa0fcf5d4530295b56f8075c1023de56b450c37
MTOB Grammar Experiments/submit/submit_gemini25flashlite_lezgi.sh	experiments/mtob/submit/submit_gemini25flashlite_lezgi.sh	817b16fde4be2ad2ee4a09373825620c6104445f5503bd8008b4178f6a64cd05	817b16fde4be2ad2ee4a09373825620c6104445f5503bd8008b4178f6a64cd05
MTOB Grammar Experiments/submit/submit_gemini25flashlite_natugu.sh	experiments/mtob/submit/submit_gemini25flashlite_natugu.sh	4b4e1ee95b286f543f443e16ca568293814ed1ecea530fee70de7ea9b92d23f4	4b4e1ee95b286f543f443e16ca568293814ed1ecea530fee70de7ea9b92d23f4
MTOB Grammar Experiments/submit/submit_gemini25flashlite_tsez.sh	experiments/mtob/submit/submit_gemini25flashlite_tsez.sh	dddd96736240f98a84c9a4fc9dff6bf4eb64e76f987db404f0ec744f08dc6384	dddd96736240f98a84c9a4fc9dff6bf4eb64e76f987db404f0ec744f08dc6384
MTOB Grammar Experiments/submit/submit_gpt56luna_gitksan_pdf1.sh	experiments/mtob/submit/submit_gpt56luna_gitksan_pdf1.sh	8228e3bed3b1193e1be4db50c1065d10bcfb16b87cccd21dd612451c2f32e1ce	8228e3bed3b1193e1be4db50c1065d10bcfb16b87cccd21dd612451c2f32e1ce
MTOB Grammar Experiments/submit/submit_gpt56luna_gitksan_pdf2.sh	experiments/mtob/submit/submit_gpt56luna_gitksan_pdf2.sh	bd74fa8fb75464c00d7fc3cce350694ff6c73b53b58e25a4ca8e9f8b1bc89bdb	bd74fa8fb75464c00d7fc3cce350694ff6c73b53b58e25a4ca8e9f8b1bc89bdb
MTOB Grammar Experiments/submit/submit_gpt56luna_lezgi.sh	experiments/mtob/submit/submit_gpt56luna_lezgi.sh	b98a4b33d29c617a90792f6c435be0d6d6c34c68a1459702fe120cba00eedadf	b98a4b33d29c617a90792f6c435be0d6d6c34c68a1459702fe120cba00eedadf
MTOB Grammar Experiments/submit/submit_gpt56luna_natugu.sh	experiments/mtob/submit/submit_gpt56luna_natugu.sh	2a9c313de8cc2fbdb19cb904891e1d37bdf8af4c9b0c08f257826a570ff15122	2a9c313de8cc2fbdb19cb904891e1d37bdf8af4c9b0c08f257826a570ff15122
MTOB Grammar Experiments/submit/submit_gpt56luna_tsez.sh	experiments/mtob/submit/submit_gpt56luna_tsez.sh	0ea7f0e46a393389daf7824a2bfae5197d552c82b34f897be591c9c704536e7e	0ea7f0e46a393389daf7824a2bfae5197d552c82b34f897be591c9c704536e7e
MTOB Grammar Experiments/submit/submit_qwen35_gitksan_pdf1.sh	experiments/mtob/submit/submit_qwen35_gitksan_pdf1.sh	10cb9128d36e97bd88ede51a50ba7b8fd691d28724c4ff52d325ebb260343aa3	10cb9128d36e97bd88ede51a50ba7b8fd691d28724c4ff52d325ebb260343aa3
MTOB Grammar Experiments/submit/submit_qwen35_gitksan_pdf2.sh	experiments/mtob/submit/submit_qwen35_gitksan_pdf2.sh	00e81c4e39a33b9c028da0cb43c8736b87fc4104ce1240186391831923ef2957	00e81c4e39a33b9c028da0cb43c8736b87fc4104ce1240186391831923ef2957
MTOB Grammar Experiments/submit/submit_qwen35_lezgi.sh	experiments/mtob/submit/submit_qwen35_lezgi.sh	5398e9deb0cd0e10fa85135d53099b84b50f518a1b344a7f2025cf3c432df297	5398e9deb0cd0e10fa85135d53099b84b50f518a1b344a7f2025cf3c432df297
MTOB Grammar Experiments/submit/submit_qwen35_natugu.sh	experiments/mtob/submit/submit_qwen35_natugu.sh	e884885e8be18b6adc721ea2f08679df2d40f66bd9fd7b4f8e2c3051edd54739	e884885e8be18b6adc721ea2f08679df2d40f66bd9fd7b4f8e2c3051edd54739
MTOB Grammar Experiments/submit/submit_qwen35_tsez.sh	experiments/mtob/submit/submit_qwen35_tsez.sh	380931ef347c6f0d0b0fb7f5ca7f9cc18dd2768aba5dae903ccbd3b9498e0f14	380931ef347c6f0d0b0fb7f5ca7f9cc18dd2768aba5dae903ccbd3b9498e0f14
MTOB Grammar Experiments/submit/submit_qwen3_gitksan_pdf1.sh	experiments/mtob/submit/submit_qwen3_gitksan_pdf1.sh	df84b880625733fc74666eb2f2aa6d48eff1d2aa4a6444ea4290719ee47a57e7	df84b880625733fc74666eb2f2aa6d48eff1d2aa4a6444ea4290719ee47a57e7
MTOB Grammar Experiments/submit/submit_qwen3_gitksan_pdf2.sh	experiments/mtob/submit/submit_qwen3_gitksan_pdf2.sh	a93655442428f64bd65dc6d4640e96bb2011dfb732798b378e6e190b82d9dd01	a93655442428f64bd65dc6d4640e96bb2011dfb732798b378e6e190b82d9dd01
MTOB Grammar Experiments/submit/submit_qwen3_lezgi.sh	experiments/mtob/submit/submit_qwen3_lezgi.sh	73af57305358e140a6b0b5d71a23cd4ff0139490df949363ea182497d6d41f5a	73af57305358e140a6b0b5d71a23cd4ff0139490df949363ea182497d6d41f5a
MTOB Grammar Experiments/submit/submit_qwen3_natugu.sh	experiments/mtob/submit/submit_qwen3_natugu.sh	54784d8f790061e4fa7502a079e8146372582b13d1ddb4e8e955aebd6bcd8375	54784d8f790061e4fa7502a079e8146372582b13d1ddb4e8e955aebd6bcd8375
MTOB Grammar Experiments/submit/submit_qwen3_tsez.sh	experiments/mtob/submit/submit_qwen3_tsez.sh	3d9055fdec33dab2e5c0b50e42e6751585112401a2bda7c8f21f37199c5b09b1	3d9055fdec33dab2e5c0b50e42e6751585112401a2bda7c8f21f37199c5b09b1
MTOB Grammar Experiments/tests/fixtures/mtob_lcs_cases.json	experiments/mtob/tests/fixtures/mtob_lcs_cases.json	ff8a7ba2d64dfb385c8898d30bb1abf0c67c578ecfe74de31dd47b74e643f394	ff8a7ba2d64dfb385c8898d30bb1abf0c67c578ecfe74de31dd47b74e643f394
MTOB Grammar Experiments/tests/test_suite.py	experiments/mtob/tests/test_suite.py	9b1bd3ef54d35af0534d14783ab78cf7901b04ad7f5dc0ae487d0b33fecda9c8	9b1bd3ef54d35af0534d14783ab78cf7901b04ad7f5dc0ae487d0b33fecda9c8
MTOB Grammar Experiments/validate_experiments.py	experiments/mtob/validate_experiments.py	58872a79efa9cefbcbf35236ef09f104027f255c78b9fcd8459493f95dd60f41	58872a79efa9cefbcbf35236ef09f104027f255c78b9fcd8459493f95dd60f41
MTOB Grammar Experiments/validate_extraction.py	experiments/mtob/validate_extraction.py	328c6c2d8ae08bf3dc865870ff75eec5a7e6696ecae5020a89b45e7335b7edc3	328c6c2d8ae08bf3dc865870ff75eec5a7e6696ecae5020a89b45e7335b7edc3
MTOB Grammar Experiments/verify_qwen_thinking.py	experiments/mtob/verify_qwen_thinking.py	2a8a397e227b77508a7239c4662add2101e41f4f615492b11a7ee8f77a5254ac	2a8a397e227b77508a7239c4662add2101e41f4f615492b11a7ee8f77a5254ac
Natugu Grammar Materials/Boerger Natqgu grammar sketch final/Cheat Sheet from PDF/compact_cheatsheet.jpg	materials/curated_v1/natugu/grammar/original/cheatsheet/compact_cheatsheet.jpg	fbe0e9e85db46443aa99cb8ac99df93583f78251c6d87222c1a834917c5b446a	fbe0e9e85db46443aa99cb8ac99df93583f78251c6d87222c1a834917c5b446a
Natugu Grammar Materials/Boerger Natqgu grammar sketch final/Cheat Sheet from PDF/compact_cheatsheet.md	materials/curated_v1/natugu/grammar/original/cheatsheet/compact_cheatsheet.md	6e3f9f0f86a021f27e59d8049a96847b435be24e002c158fc1cebd63f0fbd8e4	6e3f9f0f86a021f27e59d8049a96847b435be24e002c158fc1cebd63f0fbd8e4
Natugu Grammar Materials/Boerger Natqgu grammar sketch final/Cheat Sheet from PDF/compact_cheatsheet.txt	materials/curated_v1/natugu/grammar/original/cheatsheet/compact_cheatsheet.txt	6e3f9f0f86a021f27e59d8049a96847b435be24e002c158fc1cebd63f0fbd8e4	6e3f9f0f86a021f27e59d8049a96847b435be24e002c158fc1cebd63f0fbd8e4
Natugu Grammar Materials/Boerger Natqgu grammar sketch final/Cheat Sheet from PDF/compact_cheatsheet_2.jpg	materials/curated_v1/natugu/grammar/original/cheatsheet/compact_cheatsheet_2.jpg	e74f086a6fcc7d92dddd26e7376d6915d1a7a89667390976959cc20b209e2220	e74f086a6fcc7d92dddd26e7376d6915d1a7a89667390976959cc20b209e2220
Natugu Grammar Materials/Boerger Natqgu grammar sketch final/Pages from the PDF/Selected impactful pages JPG/page_003.jpg	materials/curated_v1/natugu/grammar/original/selected_pages/page_003.jpg	9a624b3b543ca5d97aff16026cde684c8db7b84a2f4c6f078334dc2d7e2beb30	9a624b3b543ca5d97aff16026cde684c8db7b84a2f4c6f078334dc2d7e2beb30
Natugu Grammar Materials/Boerger Natqgu grammar sketch final/Pages from the PDF/Selected impactful pages JPG/page_008.jpg	materials/curated_v1/natugu/grammar/original/selected_pages/page_008.jpg	1994f96367a40f3e10f6a0d41e393d261eaa297973ee101d84715bb47ad51d39	1994f96367a40f3e10f6a0d41e393d261eaa297973ee101d84715bb47ad51d39
Natugu Grammar Materials/Boerger Natqgu grammar sketch final/Pages from the PDF/Selected impactful pages JPG/page_023.jpg	materials/curated_v1/natugu/grammar/original/selected_pages/page_023.jpg	b3e456af14e155f5bba369286ab4c12a1c364e3dbcb3ac2e3dd29b5629a05218	b3e456af14e155f5bba369286ab4c12a1c364e3dbcb3ac2e3dd29b5629a05218
Natugu Grammar Materials/Boerger Natqgu grammar sketch final/Pages from the PDF/Selected impactful pages JPG/page_025.jpg	materials/curated_v1/natugu/grammar/original/selected_pages/page_025.jpg	0a4456a68ad4a457d0a7f4c37b36f65a20349a55039704c0a797a473e5695d35	0a4456a68ad4a457d0a7f4c37b36f65a20349a55039704c0a797a473e5695d35
Natugu Grammar Materials/Boerger Natqgu grammar sketch final/Pages from the PDF/Selected impactful pages JPG/page_037.jpg	materials/curated_v1/natugu/grammar/original/selected_pages/page_037.jpg	529f67456104dcfa5f8a3ae1a7d9274c261e3c66351488e8f2bb749fcc403a40	529f67456104dcfa5f8a3ae1a7d9274c261e3c66351488e8f2bb749fcc403a40
Natugu Grammar Materials/Boerger Natqgu grammar sketch final/Pages from the PDF/Selected impactful pages JPG/page_038.jpg	materials/curated_v1/natugu/grammar/original/selected_pages/page_038.jpg	bb304bbf1f693a5a30709fbf20527c3296b2715ac30a22ec5ec2176327a87f7e	bb304bbf1f693a5a30709fbf20527c3296b2715ac30a22ec5ec2176327a87f7e
Natugu Grammar Materials/Boerger Natqgu grammar sketch final/Pages from the PDF/Selected impactful pages JPG/page_039.jpg	materials/curated_v1/natugu/grammar/original/selected_pages/page_039.jpg	fbc3d46f5e86a551ff1d70f99733d4132a7941cf8bf6f1c6b071477cde8763d3	fbc3d46f5e86a551ff1d70f99733d4132a7941cf8bf6f1c6b071477cde8763d3
Natugu Grammar Materials/Boerger Natqgu grammar sketch final/Pages from the PDF/Selected impactful pages JPG/page_050.jpg	materials/curated_v1/natugu/grammar/original/selected_pages/page_050.jpg	1a6d68822f02eca9a33106d52d6ad0afdbc898b92778ebe73c4f6a105e57a85d	1a6d68822f02eca9a33106d52d6ad0afdbc898b92778ebe73c4f6a105e57a85d
Natugu Grammar Materials/Boerger Natqgu grammar sketch final/Pages from the PDF/Selected impactful pages JPG/page_058.jpg	materials/curated_v1/natugu/grammar/original/selected_pages/page_058.jpg	d106169bb26957a409f790bfdef12d6d4c4de74811908dd38226042f7178aef8	d106169bb26957a409f790bfdef12d6d4c4de74811908dd38226042f7178aef8
Natugu Grammar Materials/Boerger Natqgu grammar sketch final/Pages from the PDF/Selected impactful pages JPG/selected_pages_manifest.md	materials/curated_v1/natugu/grammar/original/selected_pages/selected_pages_manifest.md	47c22d31af946644861ef72d662b112dd3548b767b5770aa0589c0159d623915	47c22d31af946644861ef72d662b112dd3548b767b5770aa0589c0159d623915
Natugu Grammar Materials/Boerger Natqgu grammar sketch final/Pages from the PDF/Selected impactful pages JPG/selected_pages_manifest.txt	materials/curated_v1/natugu/grammar/original/selected_pages/selected_pages_manifest.txt	f1a0caa51c3d2f8f686e65f3330ad78d99366a8ea4cfe1ab0d25689179d62e49	f1a0caa51c3d2f8f686e65f3330ad78d99366a8ea4cfe1ab0d25689179d62e49
Natugu Grammar Materials/Boerger Natqgu grammar sketch final/Pages from the PDF/optional_page_notes.md	materials/curated_v1/natugu/grammar/original/page_notes/optional_page_notes.md	64de359c962bbec9b59de85648740ef192b40cd4ab6ded0db80a6689bc3771db	64de359c962bbec9b59de85648740ef192b40cd4ab6ded0db80a6689bc3771db
Natugu Grammar Materials/Boerger Natqgu grammar sketch final/Pages from the PDF/optional_page_notes.txt	materials/curated_v1/natugu/grammar/original/page_notes/optional_page_notes.txt	a0aa6c05e9d48c22511403974603e11e4c7c422367b6c9d453197f0db76fc4ef	a0aa6c05e9d48c22511403974603e11e4c7c422367b6c9d453197f0db76fc4ef
Natugu Grammar Materials/Boerger Natqgu grammar sketch final/Pages from the PDF/page_conversion_notes.txt	materials/curated_v1/natugu/grammar/original/page_notes/page_conversion_notes.txt	b9e730cd10059e7276bdf0223494e187ca98f5d63b047249ce1357bd26c7feba	b9e730cd10059e7276bdf0223494e187ca98f5d63b047249ce1357bd26c7feba
Natugu Grammar Materials/Boerger Natqgu grammar sketch final/Summary Image with Tables/summary_tables.jpg	materials/curated_v1/natugu/grammar/original/summary_tables/summary_tables.jpg	c77ed08e758116b7300e46be780413328384a32f23b5d9221ef5f161ae78308f	c77ed08e758116b7300e46be780413328384a32f23b5d9221ef5f161ae78308f
Natugu Grammar Materials/Boerger Natqgu grammar sketch final/Summary Image with Tables/summary_tables.md	materials/curated_v1/natugu/grammar/original/summary_tables/summary_tables.md	4e0f18225ceaee19a8f2703342d3cb6b4d3b7c1d6297953a49b08ecc6a28535d	4e0f18225ceaee19a8f2703342d3cb6b4d3b7c1d6297953a49b08ecc6a28535d
Natugu Grammar Materials/Boerger Natqgu grammar sketch final/Summary Image with Tables/summary_tables.txt	materials/curated_v1/natugu/grammar/original/summary_tables/summary_tables.txt	4e0f18225ceaee19a8f2703342d3cb6b4d3b7c1d6297953a49b08ecc6a28535d	4e0f18225ceaee19a8f2703342d3cb6b4d3b7c1d6297953a49b08ecc6a28535d
Natugu Grammar Materials/Boerger Natqgu grammar sketch final/Summary Image with Tables/summary_tables_2.jpg	materials/curated_v1/natugu/grammar/original/summary_tables/summary_tables_2.jpg	f2c1599fbed5a226b7ba99e8cb6ca97ae7b67433a1d83d6f8664a23ba0152139	f2c1599fbed5a226b7ba99e8cb6ca97ae7b67433a1d83d6f8664a23ba0152139
Natugu Grammar Materials/Boerger Natqgu grammar sketch final/Summary Text/summary_model_readable.md	materials/curated_v1/natugu/grammar/original/summary_text/summary_model_readable.md	a3e3f0f6c5bd0fdf7e95e9ddf24ee6402f689e6b68c54af730e63507e05ec173	a3e3f0f6c5bd0fdf7e95e9ddf24ee6402f689e6b68c54af730e63507e05ec173
Natugu Grammar Materials/Boerger Natqgu grammar sketch final/Summary Text/summary_model_readable.txt	materials/curated_v1/natugu/grammar/original/summary_text/summary_model_readable.txt	a3e3f0f6c5bd0fdf7e95e9ddf24ee6402f689e6b68c54af730e63507e05ec173	a3e3f0f6c5bd0fdf7e95e9ddf24ee6402f689e6b68c54af730e63507e05ec173
Natugu Grammar Materials/Boerger Natqgu grammar sketch final/creation_report.txt	materials/curated_v1/natugu/grammar/original/creation_report.txt	9a8c1593548fd465f2189930ad11244891607f8453f2e69e830fa8cce88e9a64	9a8c1593548fd465f2189930ad11244891607f8453f2e69e830fa8cce88e9a64
Natugu Grammar Screenshots/Cheat Sheet ChatGPT/ChatGPT Image 24 Nis 2026 04_32_27.png	materials/legacy/natugu/grammar/Cheat Sheet ChatGPT/ChatGPT Image 24 Nis 2026 04_32_27.png	677078cd615e1b5fec3b71583c86fe1c437e3ad424d19f078a49b3ab55905893	677078cd615e1b5fec3b71583c86fe1c437e3ad424d19f078a49b3ab55905893
Natugu Grammar Screenshots/Cheat Sheet ChatGPT/ChatGPT Image 24 Nis 2026 04_32_31.png	materials/legacy/natugu/grammar/Cheat Sheet ChatGPT/ChatGPT Image 24 Nis 2026 04_32_31.png	4f51f7583a355e6c1f3abbfbf532d1088d08a7e8b53b017cb5e8ab5d3866baf9	4f51f7583a355e6c1f3abbfbf532d1088d08a7e8b53b017cb5e8ab5d3866baf9
Natugu Grammar Screenshots/Pages from the PDF/Model Input Readable/natqgu_p03.jpg	materials/legacy/natugu/grammar/Pages from the PDF/Model Input Readable/natqgu_p03.jpg	9b63f5f11bced5ec1bc64736e49f56ddd4da13cab6e435f0fd79552d10a34883	9b63f5f11bced5ec1bc64736e49f56ddd4da13cab6e435f0fd79552d10a34883
Natugu Grammar Screenshots/Pages from the PDF/Model Input Readable/natqgu_p05.jpg	materials/legacy/natugu/grammar/Pages from the PDF/Model Input Readable/natqgu_p05.jpg	6ecb0afb42269d026343102f50b73336ab67d629d34d4890aef6e10ed367d6f5	6ecb0afb42269d026343102f50b73336ab67d629d34d4890aef6e10ed367d6f5
Natugu Grammar Screenshots/Pages from the PDF/Model Input Readable/natqgu_p08.jpg	materials/legacy/natugu/grammar/Pages from the PDF/Model Input Readable/natqgu_p08.jpg	1643661d8c58d84f36be15e4189b753b624f226fa5048110e8f67b273cfea98b	1643661d8c58d84f36be15e4189b753b624f226fa5048110e8f67b273cfea98b
Natugu Grammar Screenshots/Pages from the PDF/Model Input Readable/natqgu_p13.jpg	materials/legacy/natugu/grammar/Pages from the PDF/Model Input Readable/natqgu_p13.jpg	d005e3a273875f89f0cd1eb0d19f9ea4664e97627f08fbc7fa5e2f54c0c9665a	d005e3a273875f89f0cd1eb0d19f9ea4664e97627f08fbc7fa5e2f54c0c9665a
Natugu Grammar Screenshots/Pages from the PDF/Model Input Readable/natqgu_p14.jpg	materials/legacy/natugu/grammar/Pages from the PDF/Model Input Readable/natqgu_p14.jpg	45bd7e4ef438c83d25a4a0f63dc5cdc0d403415533a450ad580ff409bec98706	45bd7e4ef438c83d25a4a0f63dc5cdc0d403415533a450ad580ff409bec98706
Natugu Grammar Screenshots/Pages from the PDF/Model Input Readable/natqgu_p24.jpg	materials/legacy/natugu/grammar/Pages from the PDF/Model Input Readable/natqgu_p24.jpg	d7ccc850d389046a378c958aa5c707d7b6047d2c2459a288fde614d245d8aff9	d7ccc850d389046a378c958aa5c707d7b6047d2c2459a288fde614d245d8aff9
Natugu Grammar Screenshots/Pages from the PDF/Model Input Readable/natqgu_p25.jpg	materials/legacy/natugu/grammar/Pages from the PDF/Model Input Readable/natqgu_p25.jpg	7bf3df69ebff603538a0d40f89b0f86e4a8e7ccdfdd820c90cc05fc8d1ff9f59	7bf3df69ebff603538a0d40f89b0f86e4a8e7ccdfdd820c90cc05fc8d1ff9f59
Natugu Grammar Screenshots/Pages from the PDF/Model Input Readable/natqgu_p49.jpg	materials/legacy/natugu/grammar/Pages from the PDF/Model Input Readable/natqgu_p49.jpg	7696f88d0252f16874d2505a56625dd51c1811cac0f2d0866f7619fb70d52776	7696f88d0252f16874d2505a56625dd51c1811cac0f2d0866f7619fb70d52776
Natugu Grammar Screenshots/Pages from the PDF/Model Input Readable/natqgu_p55.jpg	materials/legacy/natugu/grammar/Pages from the PDF/Model Input Readable/natqgu_p55.jpg	679a70e90458a42229f979cee65d8ca2bc3cf00dd80258b17a560998dbb5198a	679a70e90458a42229f979cee65d8ca2bc3cf00dd80258b17a560998dbb5198a
Natugu Grammar Screenshots/Pages from the PDF/Selected impactful pages/natqgu_p08.png	materials/legacy/natugu/grammar/Pages from the PDF/Selected impactful pages/natqgu_p08.png	1038a5f9f4d4913294ba70ffb2d1ec0d77166805509816e6907cebcaa71f454f	1038a5f9f4d4913294ba70ffb2d1ec0d77166805509816e6907cebcaa71f454f
Natugu Grammar Screenshots/Pages from the PDF/Selected impactful pages/natqgu_p24.png	materials/legacy/natugu/grammar/Pages from the PDF/Selected impactful pages/natqgu_p24.png	66e4eecb45eff90d4dc6fb0230b2ab6750956a6929dc406744da9c4f577065b1	66e4eecb45eff90d4dc6fb0230b2ab6750956a6929dc406744da9c4f577065b1
Natugu Grammar Screenshots/Pages from the PDF/Selected impactful pages/natqgu_p25.png	materials/legacy/natugu/grammar/Pages from the PDF/Selected impactful pages/natqgu_p25.png	e4bf2eb2914744a75268e19e4f25933c39a1c64eee9668a51bee9fc68faf65da	e4bf2eb2914744a75268e19e4f25933c39a1c64eee9668a51bee9fc68faf65da
Natugu Grammar Screenshots/Pages from the PDF/Selected impactful pages/natqgu_p49.png	materials/legacy/natugu/grammar/Pages from the PDF/Selected impactful pages/natqgu_p49.png	6988dfd7ef6a9ecfb83c954ba825bd1c033215d92d6d62b83ea88746aaddc989	6988dfd7ef6a9ecfb83c954ba825bd1c033215d92d6d62b83ea88746aaddc989
Natugu Grammar Screenshots/Pages from the PDF/natqgu_p03.png	materials/legacy/natugu/grammar/Pages from the PDF/natqgu_p03.png	915f8c0dab9dd01025aac4fe713be668bf6e202acd5737ab26af4d568b1ccd44	915f8c0dab9dd01025aac4fe713be668bf6e202acd5737ab26af4d568b1ccd44
Natugu Grammar Screenshots/Pages from the PDF/natqgu_p05.png	materials/legacy/natugu/grammar/Pages from the PDF/natqgu_p05.png	c779f816b4469bc1583979e7d56181dd4c278edde4d2a1b363f21555779b826d	c779f816b4469bc1583979e7d56181dd4c278edde4d2a1b363f21555779b826d
Natugu Grammar Screenshots/Pages from the PDF/natqgu_p08.png	materials/legacy/natugu/grammar/Pages from the PDF/natqgu_p08.png	1038a5f9f4d4913294ba70ffb2d1ec0d77166805509816e6907cebcaa71f454f	1038a5f9f4d4913294ba70ffb2d1ec0d77166805509816e6907cebcaa71f454f
Natugu Grammar Screenshots/Pages from the PDF/natqgu_p13.png	materials/legacy/natugu/grammar/Pages from the PDF/natqgu_p13.png	191ae85f1144f3f70935fb4a5efb7e10d1ad80d521cb94de766ea73f21fa6ae1	191ae85f1144f3f70935fb4a5efb7e10d1ad80d521cb94de766ea73f21fa6ae1
Natugu Grammar Screenshots/Pages from the PDF/natqgu_p14.png	materials/legacy/natugu/grammar/Pages from the PDF/natqgu_p14.png	e4514b768814c2d90a1b323e60a618a4d89e8e9d5891ee6784dd1b1b61d284a9	e4514b768814c2d90a1b323e60a618a4d89e8e9d5891ee6784dd1b1b61d284a9
Natugu Grammar Screenshots/Pages from the PDF/natqgu_p24.png	materials/legacy/natugu/grammar/Pages from the PDF/natqgu_p24.png	66e4eecb45eff90d4dc6fb0230b2ab6750956a6929dc406744da9c4f577065b1	66e4eecb45eff90d4dc6fb0230b2ab6750956a6929dc406744da9c4f577065b1
Natugu Grammar Screenshots/Pages from the PDF/natqgu_p25.png	materials/legacy/natugu/grammar/Pages from the PDF/natqgu_p25.png	e4bf2eb2914744a75268e19e4f25933c39a1c64eee9668a51bee9fc68faf65da	e4bf2eb2914744a75268e19e4f25933c39a1c64eee9668a51bee9fc68faf65da
Natugu Grammar Screenshots/Pages from the PDF/natqgu_p49.png	materials/legacy/natugu/grammar/Pages from the PDF/natqgu_p49.png	804e2900897c25a2b4fa92efc560358609a802ed3f8ea847dcfbcc7faee0421e	804e2900897c25a2b4fa92efc560358609a802ed3f8ea847dcfbcc7faee0421e
Natugu Grammar Screenshots/Pages from the PDF/natqgu_p55.png	materials/legacy/natugu/grammar/Pages from the PDF/natqgu_p55.png	acb6512282cf4a5a87048506996ceec5be42b0539b1c3f5335e01449ae82056c	acb6512282cf4a5a87048506996ceec5be42b0539b1c3f5335e01449ae82056c
Natugu Grammar Screenshots/Summary Combined Image/natqgu_qwen_sections_combined.png	materials/legacy/natugu/grammar/Summary Combined Image/natqgu_qwen_sections_combined.png	969935564389401b849a1df998f57a34cb07ba574aeb6d6402a645958f5b019a	969935564389401b849a1df998f57a34cb07ba574aeb6d6402a645958f5b019a
Natugu Grammar Screenshots/Summary Screenshots/Model Input Readable/natqgu_section_01.jpg	materials/legacy/natugu/grammar/Summary Screenshots/Model Input Readable/natqgu_section_01.jpg	b9f3c7934f9fb96a9f6deed7579a3b565135a2a59a8528de0f96afdf9652a775	b9f3c7934f9fb96a9f6deed7579a3b565135a2a59a8528de0f96afdf9652a775
Natugu Grammar Screenshots/Summary Screenshots/Model Input Readable/natqgu_section_02.jpg	materials/legacy/natugu/grammar/Summary Screenshots/Model Input Readable/natqgu_section_02.jpg	245511939cf9a150f866d71afa626dde578811961f0b2d86b83a6bf99543bc1d	245511939cf9a150f866d71afa626dde578811961f0b2d86b83a6bf99543bc1d
Natugu Grammar Screenshots/Summary Screenshots/Model Input Readable/natqgu_section_03.jpg	materials/legacy/natugu/grammar/Summary Screenshots/Model Input Readable/natqgu_section_03.jpg	21edd8c0c8e8ad95ae300cada9f8e6f4acdcd0486f241c9d0963649302778cad	21edd8c0c8e8ad95ae300cada9f8e6f4acdcd0486f241c9d0963649302778cad
Natugu Grammar Screenshots/Summary Screenshots/Model Input Readable/natqgu_section_04.jpg	materials/legacy/natugu/grammar/Summary Screenshots/Model Input Readable/natqgu_section_04.jpg	b357a789a3fe036ccd037a1b61bab49a0e6d881d28eb0e09a342081baed35c0a	b357a789a3fe036ccd037a1b61bab49a0e6d881d28eb0e09a342081baed35c0a
Natugu Grammar Screenshots/Summary Screenshots/Model Input Readable/natqgu_section_05.jpg	materials/legacy/natugu/grammar/Summary Screenshots/Model Input Readable/natqgu_section_05.jpg	6dc086fea7f978a1d9528c6d644a2afd64ee78c2e492b16b9f1ffc9ff24c8143	6dc086fea7f978a1d9528c6d644a2afd64ee78c2e492b16b9f1ffc9ff24c8143
Natugu Grammar Screenshots/Summary Screenshots/Model Input Readable/natqgu_section_06.jpg	materials/legacy/natugu/grammar/Summary Screenshots/Model Input Readable/natqgu_section_06.jpg	578a70ed892d3622edf2a532199252e93be6c91a0700f931004980a686d1f3af	578a70ed892d3622edf2a532199252e93be6c91a0700f931004980a686d1f3af
Natugu Grammar Screenshots/Summary Screenshots/Model Input Readable/natqgu_section_07.jpg	materials/legacy/natugu/grammar/Summary Screenshots/Model Input Readable/natqgu_section_07.jpg	65629ff5d762807dba7cffc280cc1e735b3a4a0e96643d9d3ee513a48ff4d1ab	65629ff5d762807dba7cffc280cc1e735b3a4a0e96643d9d3ee513a48ff4d1ab
Natugu Grammar Screenshots/Summary Screenshots/Model Input Readable/natqgu_section_08.jpg	materials/legacy/natugu/grammar/Summary Screenshots/Model Input Readable/natqgu_section_08.jpg	670f97d9f6ee7d3729eb5aae7952dcbe32b5a2699d7c837f467b45a9644df25e	670f97d9f6ee7d3729eb5aae7952dcbe32b5a2699d7c837f467b45a9644df25e
Natugu Grammar Screenshots/Summary Screenshots/Model Input Readable/natqgu_section_09.jpg	materials/legacy/natugu/grammar/Summary Screenshots/Model Input Readable/natqgu_section_09.jpg	988d1d96d59156f4d4c987c9284cb52f253cc06c919da813e08504b684c3d2dd	988d1d96d59156f4d4c987c9284cb52f253cc06c919da813e08504b684c3d2dd
Natugu Grammar Screenshots/Summary Screenshots/Model Input Readable/natqgu_section_10.jpg	materials/legacy/natugu/grammar/Summary Screenshots/Model Input Readable/natqgu_section_10.jpg	bc4265e86817d40ee98e3dddf8081a544422a7ac13a6a154b201bd6bf1c7bc32	bc4265e86817d40ee98e3dddf8081a544422a7ac13a6a154b201bd6bf1c7bc32
Natugu Grammar Screenshots/Summary Screenshots/Model Input Readable/natqgu_section_11.jpg	materials/legacy/natugu/grammar/Summary Screenshots/Model Input Readable/natqgu_section_11.jpg	b96859b17090f249711a0c010ec1d6f7d22cb1e946a5e9d81d83b9afd4fa1a06	b96859b17090f249711a0c010ec1d6f7d22cb1e946a5e9d81d83b9afd4fa1a06
Natugu Grammar Screenshots/Summary Screenshots/Model Input Readable/natqgu_section_12.jpg	materials/legacy/natugu/grammar/Summary Screenshots/Model Input Readable/natqgu_section_12.jpg	39cc3213ae2c4134c4e9d0b1a5630ad6c5c8335f71268636fb5d965a643c13b7	39cc3213ae2c4134c4e9d0b1a5630ad6c5c8335f71268636fb5d965a643c13b7
Natugu Grammar Screenshots/Summary Screenshots/Model Input Readable/natqgu_section_13.jpg	materials/legacy/natugu/grammar/Summary Screenshots/Model Input Readable/natqgu_section_13.jpg	4a9dd695f2b6539bec9c1210f99fb35c47202c7049f441804c3557e980eeaff3	4a9dd695f2b6539bec9c1210f99fb35c47202c7049f441804c3557e980eeaff3
Natugu Grammar Screenshots/Summary Screenshots/Model Input Readable/natqgu_section_14.jpg	materials/legacy/natugu/grammar/Summary Screenshots/Model Input Readable/natqgu_section_14.jpg	06d97503fd7ce434921198749c066dd51051594d869485af20d83634ad9747ca	06d97503fd7ce434921198749c066dd51051594d869485af20d83634ad9747ca
Natugu Grammar Screenshots/Summary Screenshots/Model Input Readable/natqgu_section_15.jpg	materials/legacy/natugu/grammar/Summary Screenshots/Model Input Readable/natqgu_section_15.jpg	a731bab63922e91d183dd59337f592a11a8a8553a8640207cbdb7c09555f592e	a731bab63922e91d183dd59337f592a11a8a8553a8640207cbdb7c09555f592e
Natugu Grammar Screenshots/Summary Screenshots/natqgu_section_01.png	materials/legacy/natugu/grammar/Summary Screenshots/natqgu_section_01.png	50e4e36c6cfcf3a7ec586385d7a7984a9ab8d1ee10751259acb053e7cc3d4e4e	50e4e36c6cfcf3a7ec586385d7a7984a9ab8d1ee10751259acb053e7cc3d4e4e
Natugu Grammar Screenshots/Summary Screenshots/natqgu_section_02.png	materials/legacy/natugu/grammar/Summary Screenshots/natqgu_section_02.png	e9ac74b5c12a93b29ef64892f171259fec0ee772df4d625c97a0d0ee61b68a40	e9ac74b5c12a93b29ef64892f171259fec0ee772df4d625c97a0d0ee61b68a40
Natugu Grammar Screenshots/Summary Screenshots/natqgu_section_03.png	materials/legacy/natugu/grammar/Summary Screenshots/natqgu_section_03.png	c8601d182407fafe9e4dc85a061a1c209c7b4471d56aaf8f9076f31095fd0c59	c8601d182407fafe9e4dc85a061a1c209c7b4471d56aaf8f9076f31095fd0c59
Natugu Grammar Screenshots/Summary Screenshots/natqgu_section_04.png	materials/legacy/natugu/grammar/Summary Screenshots/natqgu_section_04.png	0f278765640f956d144b46c7978d0c89b5c1852688602b653081162be079a4cd	0f278765640f956d144b46c7978d0c89b5c1852688602b653081162be079a4cd
Natugu Grammar Screenshots/Summary Screenshots/natqgu_section_05.png	materials/legacy/natugu/grammar/Summary Screenshots/natqgu_section_05.png	b1c1b2cdb8dbc94a1127247d3437803ab176b2dca2bb07354a3d42fe5cc72bcf	b1c1b2cdb8dbc94a1127247d3437803ab176b2dca2bb07354a3d42fe5cc72bcf
Natugu Grammar Screenshots/Summary Screenshots/natqgu_section_06.png	materials/legacy/natugu/grammar/Summary Screenshots/natqgu_section_06.png	213a43fcbfe8784bb9e5fb81a552b3aff866932e2ee9e63c238011843fb736b4	213a43fcbfe8784bb9e5fb81a552b3aff866932e2ee9e63c238011843fb736b4
Natugu Grammar Screenshots/Summary Screenshots/natqgu_section_07.png	materials/legacy/natugu/grammar/Summary Screenshots/natqgu_section_07.png	472ce921b2f88ff56b7c1bb8b5ea0665780311bd5206dbbda821f69eff528113	472ce921b2f88ff56b7c1bb8b5ea0665780311bd5206dbbda821f69eff528113
Natugu Grammar Screenshots/Summary Screenshots/natqgu_section_08.png	materials/legacy/natugu/grammar/Summary Screenshots/natqgu_section_08.png	6efab47a65499bcd5146f1d1abf6faa4d6165db062bc2f07bf4613195056c545	6efab47a65499bcd5146f1d1abf6faa4d6165db062bc2f07bf4613195056c545
Natugu Grammar Screenshots/Summary Screenshots/natqgu_section_09.png	materials/legacy/natugu/grammar/Summary Screenshots/natqgu_section_09.png	73cce16528106a6192712f550325f68e8bbad64ba62e92f1691d6d735fefb289	73cce16528106a6192712f550325f68e8bbad64ba62e92f1691d6d735fefb289
Natugu Grammar Screenshots/Summary Screenshots/natqgu_section_10.png	materials/legacy/natugu/grammar/Summary Screenshots/natqgu_section_10.png	82f4176aead878b86f39904081d89936d471809228b0f370a0ecb375f3640648	82f4176aead878b86f39904081d89936d471809228b0f370a0ecb375f3640648
Natugu Grammar Screenshots/Summary Screenshots/natqgu_section_11.png	materials/legacy/natugu/grammar/Summary Screenshots/natqgu_section_11.png	eade0926bddb9078afcda7bbaa3f8deab7802bf6cd1829ba8bc9b3bd0bcc9f87	eade0926bddb9078afcda7bbaa3f8deab7802bf6cd1829ba8bc9b3bd0bcc9f87
Natugu Grammar Screenshots/Summary Screenshots/natqgu_section_12.png	materials/legacy/natugu/grammar/Summary Screenshots/natqgu_section_12.png	b27f4adcf2d93985e8a8b9882d8eb38470a868bf8bf36a80e89fa9ebc34b6fed	b27f4adcf2d93985e8a8b9882d8eb38470a868bf8bf36a80e89fa9ebc34b6fed
Natugu Grammar Screenshots/Summary Screenshots/natqgu_section_13.png	materials/legacy/natugu/grammar/Summary Screenshots/natqgu_section_13.png	0c05564abc27ff5b08cdb64781bdfcab0f6949612fa6e0a4710b083cad0c029a	0c05564abc27ff5b08cdb64781bdfcab0f6949612fa6e0a4710b083cad0c029a
Natugu Grammar Screenshots/Summary Screenshots/natqgu_section_14.png	materials/legacy/natugu/grammar/Summary Screenshots/natqgu_section_14.png	3b17543e00773b56acd3464b353d705331db775a45d98cce5e0f0f430cc75d62	3b17543e00773b56acd3464b353d705331db775a45d98cce5e0f0f430cc75d62
Natugu Grammar Screenshots/Summary Screenshots/natqgu_section_15.png	materials/legacy/natugu/grammar/Summary Screenshots/natqgu_section_15.png	b5ab33e070f305ccdde1afe40bf2283efc725703bc92641f5f5d271e33dd06ce	b5ab33e070f305ccdde1afe40bf2283efc725703bc92641f5f5d271e33dd06ce
Natugu Grammar Screenshots/Summary Text/natqgu_to_english_translation_summary.txt	materials/legacy/natugu/grammar/Summary Text/natqgu_to_english_translation_summary.txt	900e2ef4ae936691eb0933762d18e14efd96b3a4bf1db09af569c9f6e6cf79ad	900e2ef4ae936691eb0933762d18e14efd96b3a4bf1db09af569c9f6e6cf79ad
Natugu Grammar Screenshots/Summary Text/natqgu_to_english_translation_summary_model_readable.txt	materials/legacy/natugu/grammar/Summary Text/natqgu_to_english_translation_summary_model_readable.txt	1e05d767c38bf70ce7f4ea5a5980fb916c30b907d5201f2d99d03ea0d44a1839	1e05d767c38bf70ce7f4ea5a5980fb916c30b907d5201f2d99d03ea0d44a1839
Natugu Grammar Sketch/Boerger_Natqgu grammar sketch_final.pdf	inputs/grammar_pdfs/natugu/grammar/Boerger_Natqgu grammar sketch_final.pdf	fbfa8a17201cccb8a7e272d2eb93dda80b3039edab83fe147b4ff47fe83ae968	fbfa8a17201cccb8a7e272d2eb93dda80b3039edab83fe147b4ff47fe83ae968
OCR Experiment/ICLR-2024-a-benchmark-for-learning-to-translate-a-new-language-from-one-grammar-book-Paper-Conference.pdf	docs/papers/ICLR-2024-a-benchmark-for-learning-to-translate-a-new-language-from-one-grammar-book-Paper-Conference.pdf	f61ba3a1bafb6260cf4edf2dfc2c3ad064b70c6b00c9cd58d5e4ae3bc6431181	f61ba3a1bafb6260cf4edf2dfc2c3ad064b70c6b00c9cd58d5e4ae3bc6431181
OpenRouter Experiments/README.md	runners/openrouter/README.md	fa82fa6b36e7e100f634218f70633b01aa275d691e6ef03708ee7cc256b01684	fa82fa6b36e7e100f634218f70633b01aa275d691e6ef03708ee7cc256b01684
OpenRouter Experiments/experiment_sources.json	runners/openrouter/experiment_sources.json	4ccc37d831357f2689bb80f7236bbaed960aaccf641eebbe2d95e17518e86f55	4ccc37d831357f2689bb80f7236bbaed960aaccf641eebbe2d95e17518e86f55
OpenRouter Experiments/run_grammamt_openrouter_context.py	runners/openrouter/run_grammamt_openrouter_context.py	63833fee191bceef3179ca88884e4ec09141ad368ef68aca499095725cb1746f	63833fee191bceef3179ca88884e4ec09141ad368ef68aca499095725cb1746f
OpenRouter Experiments/run_openrouter_suite.py	runners/openrouter/run_openrouter_suite.py	7c440c36aa0103d7b6f269d1ab9ba60ceb0537c07fc712d50dee74ac45cf8015	7c440c36aa0103d7b6f269d1ab9ba60ceb0537c07fc712d50dee74ac45cf8015
OpenRouter Experiments/score_openrouter_xcomet.py	runners/openrouter/score_openrouter_xcomet.py	a166446ef6985b2beb079d6b7292d05c5aa58063987f29de42188a136dd886fa	a166446ef6985b2beb079d6b7292d05c5aa58063987f29de42188a136dd886fa
Qwen3.5 Experiments/README.md	runners/qwen35/README.md	0c4b3d8d4cba9ecf80a8dd970650ff9f4db474a19380f716e78fbf4e8fa89733	0c4b3d8d4cba9ecf80a8dd970650ff9f4db474a19380f716e78fbf4e8fa89733
Qwen3.5 Experiments/run_grammamt_Qwen35_context.py	runners/qwen35/run_grammamt_Qwen35_context.py	3cb41a76b52b9e40cba7721c63ab327a77e997d2a2843f63041b553a54cfe9c6	3cb41a76b52b9e40cba7721c63ab327a77e997d2a2843f63041b553a54cfe9c6
Qwen3.5 Experiments/score_qwen35_xcomet_from_jsonl.py	runners/qwen35/score_qwen35_xcomet_from_jsonl.py	76ec356612f04ffae02bb8e28e8afd8cde9c29e00e8cef4362e386f7b233b203	76ec356612f04ffae02bb8e28e8afd8cde9c29e00e8cef4362e386f7b233b203
Qwen3.5 Experiments/setup_note.sh	runners/qwen35/setup_note.sh	d149075227995e469128edec104d06c8ef04ce2b7feeba2a119409af2376599d	d149075227995e469128edec104d06c8ef04ce2b7feeba2a119409af2376599d
Qwen3.5 Experiments/setup_qwen35_env.sh	runners/qwen35/setup_qwen35_env.sh	42226f2bda30bc352ebf67eb278d57cd577a8aa579a394126d584c3eb37dfb5f	42226f2bda30bc352ebf67eb278d57cd577a8aa579a394126d584c3eb37dfb5f
README.md	README.md	e3b0c44298fc1c149afbf4c8996fb92427ae41e4649b934ca495991b7852b855	e3b0c44298fc1c149afbf4c8996fb92427ae41e4649b934ca495991b7852b855
Run Scripts/README.md	Run Scripts/README.md	bee6db3aa54dbbdd22b6040bf296dd58131fa286d2f682ee1c36a76f9db3f05f	bee6db3aa54dbbdd22b6040bf296dd58131fa286d2f682ee1c36a76f9db3f05f
Run Scripts/create_tsez_newmaterials_run_scripts.py	scripts/generators/create_tsez_curated_v1_run_scripts.py	4aa95df4249f40f9efab87ef43c5f54ecddf194389e0055caea423b15ca90f3a	4aa95df4249f40f9efab87ef43c5f54ecddf194389e0055caea423b15ca90f3a
Run Scripts/generators/create_gitksan_newmaterials_run_scripts.py	scripts/generators/create_gitksan_curated_v1_run_scripts.py	6513cb2429292a695f5a7579139a13e07cafd2def544f7683f21365b44277598	6513cb2429292a695f5a7579139a13e07cafd2def544f7683f21365b44277598
Run Scripts/generators/create_lezgi_newmaterials_run_scripts.py	scripts/generators/create_lezgi_curated_v1_run_scripts.py	2ee5fd6466d5a19249009236b8e4a0191fb73d6f1b55efb92fe7489c95cddfdd	2ee5fd6466d5a19249009236b8e4a0191fb73d6f1b55efb92fe7489c95cddfdd
Run Scripts/generators/create_modelgloss_newmaterials_submit_scripts.py	scripts/generators/create_modelgloss_curated_v1_submit_scripts.py	c01a95dcd54887822596955cdf0b8b6e46180075c86670906d8ee2b6eb863cac	c01a95dcd54887822596955cdf0b8b6e46180075c86670906d8ee2b6eb863cac
Run Scripts/generators/create_natugu_newmaterials_run_scripts.py	scripts/generators/create_natugu_curated_v1_run_scripts.py	767813216f50c8dea7415e02be786fbfc2dc56afa691fb50e63949eac47016d3	767813216f50c8dea7415e02be786fbfc2dc56afa691fb50e63949eac47016d3
Run Scripts/legacy/baselines/run_gitksan.sh	scripts/jobs/legacy/baselines/run_gitksan.sh	b61c83662a6b1df8eadc5965b70d53b76d3af762e2c04bed6cf418dd2e9a2349	b61c83662a6b1df8eadc5965b70d53b76d3af762e2c04bed6cf418dd2e9a2349
Run Scripts/legacy/baselines/run_gitksan_apertus.sh	scripts/jobs/legacy/baselines/run_gitksan_apertus.sh	8e6068a4623b71b26117140cc366e36239543e836dd5051a325ae342481b298e	8e6068a4623b71b26117140cc366e36239543e836dd5051a325ae342481b298e
Run Scripts/legacy/baselines/run_gitksan_llama31.sh	scripts/jobs/legacy/baselines/run_gitksan_llama31.sh	07bdf486ece970f103d6eb717fb339a9fac265e0c183e8a8cea775506a740f9e	07bdf486ece970f103d6eb717fb339a9fac265e0c183e8a8cea775506a740f9e
Run Scripts/legacy/baselines/run_gitksan_modelgloss.sh	scripts/jobs/legacy/baselines/run_gitksan_modelgloss.sh	219110e926371e253fa23c18090de41ff7d21d75d0d5d01f30c33c62da4667b1	219110e926371e253fa23c18090de41ff7d21d75d0d5d01f30c33c62da4667b1
Run Scripts/legacy/baselines/run_lezgi.sh	scripts/jobs/legacy/baselines/run_lezgi.sh	53a11ba2a3560de9af975adeff7da530b85c820667c853fff7ddd5662e227564	53a11ba2a3560de9af975adeff7da530b85c820667c853fff7ddd5662e227564
Run Scripts/legacy/baselines/run_natugu.sh	scripts/jobs/legacy/baselines/run_natugu.sh	6c1d1bca9da98fc9370da96eb929094bd64bca146c066367d035c4614e950106	6c1d1bca9da98fc9370da96eb929094bd64bca146c066367d035c4614e950106
Run Scripts/legacy/baselines/run_tsez.sh	scripts/jobs/legacy/baselines/run_tsez.sh	299b3c93d01fa04de03024c083e8e8cf057c4747bf9d7cd0f960fdd848d77ba2	299b3c93d01fa04de03024c083e8e8cf057c4747bf9d7cd0f960fdd848d77ba2
Run Scripts/openrouter/run_gemini25flashlite_gitksan_pdf1.sh	scripts/jobs/openrouter/run_gemini25flashlite_gitksan_pdf1.sh	962d5f1078518c6a22693956f0263606ccbbcdd414985e19b0ac952967ac1264	962d5f1078518c6a22693956f0263606ccbbcdd414985e19b0ac952967ac1264
Run Scripts/openrouter/run_gemini25flashlite_gitksan_pdf2.sh	scripts/jobs/openrouter/run_gemini25flashlite_gitksan_pdf2.sh	e1502b6ef13a1bdecfb70479a6206f0f62fdd116650477220b3c691a8d223fcd	e1502b6ef13a1bdecfb70479a6206f0f62fdd116650477220b3c691a8d223fcd
Run Scripts/openrouter/run_gemini25flashlite_lezgi.sh	scripts/jobs/openrouter/run_gemini25flashlite_lezgi.sh	5a1fe69d112c45fc2892cc6828c50efda8bd72d4b02cedcc3e033d201c68fc3b	5a1fe69d112c45fc2892cc6828c50efda8bd72d4b02cedcc3e033d201c68fc3b
Run Scripts/openrouter/run_gemini25flashlite_natugu.sh	scripts/jobs/openrouter/run_gemini25flashlite_natugu.sh	6fbd5f96d5f8d5f87845915866634d2d4fc0cc82d15fdc2f5dea92b8389d115e	6fbd5f96d5f8d5f87845915866634d2d4fc0cc82d15fdc2f5dea92b8389d115e
Run Scripts/openrouter/run_gemini25flashlite_smoke.sh	scripts/jobs/openrouter/run_gemini25flashlite_smoke.sh	6a4f3b110f1bf732c1aae291574eea7132b6ea65d4fac25dbd4f4a46e38acb42	6a4f3b110f1bf732c1aae291574eea7132b6ea65d4fac25dbd4f4a46e38acb42
Run Scripts/openrouter/run_gemini25flashlite_tsez.sh	scripts/jobs/openrouter/run_gemini25flashlite_tsez.sh	981366bedbda180c764a4f87351bb0d7705ba05951185e5535a342e21441de01	981366bedbda180c764a4f87351bb0d7705ba05951185e5535a342e21441de01
Run Scripts/openrouter/run_gpt56luna_gitksan_pdf1.sh	scripts/jobs/openrouter/run_gpt56luna_gitksan_pdf1.sh	c50f4c0e9a91d0ea0243da378c6e8e9709e3dcd519489bbfdbe9e8e13b380de7	c50f4c0e9a91d0ea0243da378c6e8e9709e3dcd519489bbfdbe9e8e13b380de7
Run Scripts/openrouter/run_gpt56luna_gitksan_pdf2.sh	scripts/jobs/openrouter/run_gpt56luna_gitksan_pdf2.sh	54673da29e44a2e53beb5d679ed1902f024f5f4c835c64d142dbec4178dc9271	54673da29e44a2e53beb5d679ed1902f024f5f4c835c64d142dbec4178dc9271
Run Scripts/openrouter/run_gpt56luna_lezgi.sh	scripts/jobs/openrouter/run_gpt56luna_lezgi.sh	c966c6e7dcb7956bf9a8291436634b30e714907f17bdcf5941dc2cf904c9a8f8	c966c6e7dcb7956bf9a8291436634b30e714907f17bdcf5941dc2cf904c9a8f8
Run Scripts/openrouter/run_gpt56luna_natugu.sh	scripts/jobs/openrouter/run_gpt56luna_natugu.sh	25a727f8d959aaf3adc7623a8e6544bc0c81b7a7d4dab420abbdfe4d1ddb1cda	25a727f8d959aaf3adc7623a8e6544bc0c81b7a7d4dab420abbdfe4d1ddb1cda
Run Scripts/openrouter/run_gpt56luna_smoke.sh	scripts/jobs/openrouter/run_gpt56luna_smoke.sh	69ccdbf2d0a77ae048529d3797d7d735fa61e1a1676096f1040b379a88ca3c3a	69ccdbf2d0a77ae048529d3797d7d735fa61e1a1676096f1040b379a88ca3c3a
Run Scripts/openrouter/run_gpt56luna_tsez.sh	scripts/jobs/openrouter/run_gpt56luna_tsez.sh	a4d90b8b26295ebe0ac150798381a4fcd7a388a4010beb5ecd9da1514b7ae68a	a4d90b8b26295ebe0ac150798381a4fcd7a388a4010beb5ecd9da1514b7ae68a
Run Scripts/openrouter/scoring/run_gemini25flashlite_score_xcomet_all.sh	scripts/scoring/run_gemini25flashlite_score_xcomet_all.sh	b7fc917faebe8219976b335b981292204b8ebd5c11514eb91ea28ed9490db1f7	b7fc917faebe8219976b335b981292204b8ebd5c11514eb91ea28ed9490db1f7
Run Scripts/openrouter/scoring/run_gpt56luna_score_xcomet_all.sh	scripts/scoring/run_gpt56luna_score_xcomet_all.sh	c93675b63803b59e6331f37e2391352805a6c85614f6efcbb2c13dd1f8facbdb	c93675b63803b59e6331f37e2391352805a6c85614f6efcbb2c13dd1f8facbdb
Run Scripts/qwen3/gitksan/pdf1_brown/run_gitksan_qwen_modelgloss_pdf1_brown_cheatsheet.sh	scripts/jobs/qwen3/gitksan/pdf1_brown/run_gitksan_qwen_modelgloss_pdf1_brown_cheatsheet.sh	6ad969f2b1a851736fdf20876a660a3c0d1f0939fb749da8e622198a0b32eee6	6ad969f2b1a851736fdf20876a660a3c0d1f0939fb749da8e622198a0b32eee6
Run Scripts/qwen3/gitksan/pdf1_brown/run_gitksan_qwen_modelgloss_pdf1_brown_pdfpages_all_jpg.sh	scripts/jobs/qwen3/gitksan/pdf1_brown/run_gitksan_qwen_modelgloss_pdf1_brown_pdfpages_all_jpg.sh	dfa8c131749a7ba0e93cd0e5fb30397769fcc47c22a072fcefa4a2b319afe8e9	dfa8c131749a7ba0e93cd0e5fb30397769fcc47c22a072fcefa4a2b319afe8e9
Run Scripts/qwen3/gitksan/pdf1_brown/run_gitksan_qwen_modelgloss_pdf1_brown_summary_tables.sh	scripts/jobs/qwen3/gitksan/pdf1_brown/run_gitksan_qwen_modelgloss_pdf1_brown_summary_tables.sh	b1d59ad53c9b6266752966d328e9b4bce5e89ebb886319a9597ff5928b9d4b3d	b1d59ad53c9b6266752966d328e9b4bce5e89ebb886319a9597ff5928b9d4b3d
Run Scripts/qwen3/gitksan/pdf1_brown/run_gitksan_qwen_modelgloss_pdf1_brown_summary_text.sh	scripts/jobs/qwen3/gitksan/pdf1_brown/run_gitksan_qwen_modelgloss_pdf1_brown_summary_text.sh	3f171157b03f3ed2e3797a4c0892bc252c796aff608db325168a980fa8b9eccd	3f171157b03f3ed2e3797a4c0892bc252c796aff608db325168a980fa8b9eccd
Run Scripts/qwen3/gitksan/pdf1_brown/run_gitksan_qwen_pdf1_brown_cheatsheet.sh	scripts/jobs/qwen3/gitksan/pdf1_brown/run_gitksan_qwen_pdf1_brown_cheatsheet.sh	5b4cc60b410482502bb535a5a5126daf5aababf8aba8b60bee32b89380540a0a	5b4cc60b410482502bb535a5a5126daf5aababf8aba8b60bee32b89380540a0a
Run Scripts/qwen3/gitksan/pdf1_brown/run_gitksan_qwen_pdf1_brown_modelgloss_newmaterials_cheatsheet_jpg.sh	scripts/jobs/qwen3/gitksan/pdf1_brown/run_gitksan_qwen_pdf1_brown_modelgloss_curated_v1_cheatsheet_jpg.sh	5b5ad78e9aae9700aba5802bb2fdfde206f9fd13c9c55024296a6c5a4c3ea896	5b5ad78e9aae9700aba5802bb2fdfde206f9fd13c9c55024296a6c5a4c3ea896
Run Scripts/qwen3/gitksan/pdf1_brown/run_gitksan_qwen_pdf1_brown_modelgloss_newmaterials_cheatsheet_txt.sh	scripts/jobs/qwen3/gitksan/pdf1_brown/run_gitksan_qwen_pdf1_brown_modelgloss_curated_v1_cheatsheet_txt.sh	69a5cfea769458c9420334830b6917c1491ee31a41f70e181bdc7883e4c9703a	69a5cfea769458c9420334830b6917c1491ee31a41f70e181bdc7883e4c9703a
Run Scripts/qwen3/gitksan/pdf1_brown/run_gitksan_qwen_pdf1_brown_modelgloss_newmaterials_pdfpages_impactful_jpg.sh	scripts/jobs/qwen3/gitksan/pdf1_brown/run_gitksan_qwen_pdf1_brown_modelgloss_curated_v1_pdfpages_impactful_jpg.sh	1c62aab54cc1a5abdee9557602f8b9802e4768a5240ce652a6e59cceab3af25f	1c62aab54cc1a5abdee9557602f8b9802e4768a5240ce652a6e59cceab3af25f
Run Scripts/qwen3/gitksan/pdf1_brown/run_gitksan_qwen_pdf1_brown_modelgloss_newmaterials_summary_tables_jpg.sh	scripts/jobs/qwen3/gitksan/pdf1_brown/run_gitksan_qwen_pdf1_brown_modelgloss_curated_v1_summary_tables_jpg.sh	e830f565fd7db9428097d01f2b7231098f47e312d727c0d7d506e1e325ff3796	e830f565fd7db9428097d01f2b7231098f47e312d727c0d7d506e1e325ff3796
Run Scripts/qwen3/gitksan/pdf1_brown/run_gitksan_qwen_pdf1_brown_modelgloss_newmaterials_summary_tables_txt.sh	scripts/jobs/qwen3/gitksan/pdf1_brown/run_gitksan_qwen_pdf1_brown_modelgloss_curated_v1_summary_tables_txt.sh	a3108223fb557643f5c4c7028cf36361b07fb814c8a632d2c70fadf4c0dd0c46	a3108223fb557643f5c4c7028cf36361b07fb814c8a632d2c70fadf4c0dd0c46
Run Scripts/qwen3/gitksan/pdf1_brown/run_gitksan_qwen_pdf1_brown_modelgloss_newmaterials_summary_text_txt.sh	scripts/jobs/qwen3/gitksan/pdf1_brown/run_gitksan_qwen_pdf1_brown_modelgloss_curated_v1_summary_text_txt.sh	acc2b8c4e1b3595ec6af17249c8d1c1ce800e21c61dbdd903a49d0820a2f87b7	acc2b8c4e1b3595ec6af17249c8d1c1ce800e21c61dbdd903a49d0820a2f87b7
Run Scripts/qwen3/gitksan/pdf1_brown/run_gitksan_qwen_pdf1_brown_newmaterials_cheatsheet_jpg.sh	scripts/jobs/qwen3/gitksan/pdf1_brown/run_gitksan_qwen_pdf1_brown_curated_v1_cheatsheet_jpg.sh	def2f2fe3158c78ac2af3113109808c45ab94f66d692cc876354824021ab64e1	def2f2fe3158c78ac2af3113109808c45ab94f66d692cc876354824021ab64e1
Run Scripts/qwen3/gitksan/pdf1_brown/run_gitksan_qwen_pdf1_brown_newmaterials_cheatsheet_txt.sh	scripts/jobs/qwen3/gitksan/pdf1_brown/run_gitksan_qwen_pdf1_brown_curated_v1_cheatsheet_txt.sh	72068ca3fe40a2647d353da1fcce8d23b1ff385fbf25da8b8fd56da95488c765	72068ca3fe40a2647d353da1fcce8d23b1ff385fbf25da8b8fd56da95488c765
Run Scripts/qwen3/gitksan/pdf1_brown/run_gitksan_qwen_pdf1_brown_newmaterials_pdfpages_impactful_jpg.sh	scripts/jobs/qwen3/gitksan/pdf1_brown/run_gitksan_qwen_pdf1_brown_curated_v1_pdfpages_impactful_jpg.sh	7b85a4d5321b3f3493f7f47c389c22c99c2205266a42bdd5b299aca65e38bcc5	7b85a4d5321b3f3493f7f47c389c22c99c2205266a42bdd5b299aca65e38bcc5
Run Scripts/qwen3/gitksan/pdf1_brown/run_gitksan_qwen_pdf1_brown_newmaterials_summary_tables_jpg.sh	scripts/jobs/qwen3/gitksan/pdf1_brown/run_gitksan_qwen_pdf1_brown_curated_v1_summary_tables_jpg.sh	69d23f5efae8d053b4cfe37dcbc9c165a9ca8afed847ddf2c9f1e3b599bae053	69d23f5efae8d053b4cfe37dcbc9c165a9ca8afed847ddf2c9f1e3b599bae053
Run Scripts/qwen3/gitksan/pdf1_brown/run_gitksan_qwen_pdf1_brown_newmaterials_summary_tables_txt.sh	scripts/jobs/qwen3/gitksan/pdf1_brown/run_gitksan_qwen_pdf1_brown_curated_v1_summary_tables_txt.sh	2ddedccb95ddce5bd534cd530571ade5ff607ccaf31616ea5b325000f9f4b712	2ddedccb95ddce5bd534cd530571ade5ff607ccaf31616ea5b325000f9f4b712
Run Scripts/qwen3/gitksan/pdf1_brown/run_gitksan_qwen_pdf1_brown_newmaterials_summary_text_txt.sh	scripts/jobs/qwen3/gitksan/pdf1_brown/run_gitksan_qwen_pdf1_brown_curated_v1_summary_text_txt.sh	05219842264fb8a9a64317209c4e44b71d37564f5f157d32c285ed72b372bd50	05219842264fb8a9a64317209c4e44b71d37564f5f157d32c285ed72b372bd50
Run Scripts/qwen3/gitksan/pdf1_brown/run_gitksan_qwen_pdf1_brown_pdfpages_all_jpg.sh	scripts/jobs/qwen3/gitksan/pdf1_brown/run_gitksan_qwen_pdf1_brown_pdfpages_all_jpg.sh	7fe006a48091cc8e5fcb558c247e35965305fedc3d9646fb505228f70a6cc61d	7fe006a48091cc8e5fcb558c247e35965305fedc3d9646fb505228f70a6cc61d
Run Scripts/qwen3/gitksan/pdf1_brown/run_gitksan_qwen_pdf1_brown_summary_tables.sh	scripts/jobs/qwen3/gitksan/pdf1_brown/run_gitksan_qwen_pdf1_brown_summary_tables.sh	3ed0f7b542df2f84b3e3b45ccb0744b6a9415ee04a736d95e75b8cd28e7508ee	3ed0f7b542df2f84b3e3b45ccb0744b6a9415ee04a736d95e75b8cd28e7508ee
Run Scripts/qwen3/gitksan/pdf1_brown/run_gitksan_qwen_pdf1_brown_summary_text.sh	scripts/jobs/qwen3/gitksan/pdf1_brown/run_gitksan_qwen_pdf1_brown_summary_text.sh	30b82ea5cd4403d49b6efbaaee2a589ca9a47f7ad2184ab1daa6b1f8fb39ae17	30b82ea5cd4403d49b6efbaaee2a589ca9a47f7ad2184ab1daa6b1f8fb39ae17
Run Scripts/qwen3/gitksan/pdf2_rigsby/run_gitksan_qwen_modelgloss_pdf2_rigsby_cheatsheet.sh	scripts/jobs/qwen3/gitksan/pdf2_rigsby/run_gitksan_qwen_modelgloss_pdf2_rigsby_cheatsheet.sh	442071ddae73fb521ca50ceac9b9ea2cb74201a2b65e427f394b6abe76baebd8	442071ddae73fb521ca50ceac9b9ea2cb74201a2b65e427f394b6abe76baebd8
Run Scripts/qwen3/gitksan/pdf2_rigsby/run_gitksan_qwen_modelgloss_pdf2_rigsby_pdfpages_all_jpg.sh	scripts/jobs/qwen3/gitksan/pdf2_rigsby/run_gitksan_qwen_modelgloss_pdf2_rigsby_pdfpages_all_jpg.sh	7584b0eaf53966a2da6479498dbca03708ef2d6e57296ec6c1d5eb44c605c9db	7584b0eaf53966a2da6479498dbca03708ef2d6e57296ec6c1d5eb44c605c9db
Run Scripts/qwen3/gitksan/pdf2_rigsby/run_gitksan_qwen_modelgloss_pdf2_rigsby_summary_tables.sh	scripts/jobs/qwen3/gitksan/pdf2_rigsby/run_gitksan_qwen_modelgloss_pdf2_rigsby_summary_tables.sh	b293e3bd12a4a69dcc775f66ed66e0b6f8a42b7547152bc6baa8a1f6cfbe7cd4	b293e3bd12a4a69dcc775f66ed66e0b6f8a42b7547152bc6baa8a1f6cfbe7cd4
Run Scripts/qwen3/gitksan/pdf2_rigsby/run_gitksan_qwen_modelgloss_pdf2_rigsby_summary_text.sh	scripts/jobs/qwen3/gitksan/pdf2_rigsby/run_gitksan_qwen_modelgloss_pdf2_rigsby_summary_text.sh	cfe73df7c0ba6ea58d23cf0bd9e665c314fdb8284ecc008db69528f260c717af	cfe73df7c0ba6ea58d23cf0bd9e665c314fdb8284ecc008db69528f260c717af
Run Scripts/qwen3/gitksan/pdf2_rigsby/run_gitksan_qwen_pdf2_rigsby_cheatsheet.sh	scripts/jobs/qwen3/gitksan/pdf2_rigsby/run_gitksan_qwen_pdf2_rigsby_cheatsheet.sh	8507b8f21a49323e037e5817718fefc919f4ac945104d2529eba55f92671e95f	8507b8f21a49323e037e5817718fefc919f4ac945104d2529eba55f92671e95f
Run Scripts/qwen3/gitksan/pdf2_rigsby/run_gitksan_qwen_pdf2_rigsby_modelgloss_newmaterials_cheatsheet_jpg.sh	scripts/jobs/qwen3/gitksan/pdf2_rigsby/run_gitksan_qwen_pdf2_rigsby_modelgloss_curated_v1_cheatsheet_jpg.sh	a7d85967502d9fdf3feb10e9af83559ee731bdd27d3a7e040ee6318f4480db34	a7d85967502d9fdf3feb10e9af83559ee731bdd27d3a7e040ee6318f4480db34
Run Scripts/qwen3/gitksan/pdf2_rigsby/run_gitksan_qwen_pdf2_rigsby_modelgloss_newmaterials_cheatsheet_txt.sh	scripts/jobs/qwen3/gitksan/pdf2_rigsby/run_gitksan_qwen_pdf2_rigsby_modelgloss_curated_v1_cheatsheet_txt.sh	0a7561e9016190c4ac1775c0153c6b5e276f24a8097044465bbda69c9c2f98e3	0a7561e9016190c4ac1775c0153c6b5e276f24a8097044465bbda69c9c2f98e3
Run Scripts/qwen3/gitksan/pdf2_rigsby/run_gitksan_qwen_pdf2_rigsby_modelgloss_newmaterials_pdfpages_impactful_jpg.sh	scripts/jobs/qwen3/gitksan/pdf2_rigsby/run_gitksan_qwen_pdf2_rigsby_modelgloss_curated_v1_pdfpages_impactful_jpg.sh	31430b2f9fa8acd41cf52038acfaf8dafd5582e4a256434ec1db2c7e1285c8e8	31430b2f9fa8acd41cf52038acfaf8dafd5582e4a256434ec1db2c7e1285c8e8
Run Scripts/qwen3/gitksan/pdf2_rigsby/run_gitksan_qwen_pdf2_rigsby_modelgloss_newmaterials_summary_tables_jpg.sh	scripts/jobs/qwen3/gitksan/pdf2_rigsby/run_gitksan_qwen_pdf2_rigsby_modelgloss_curated_v1_summary_tables_jpg.sh	6f6c8121eddbc06a80d24c65d88defb5ef75ea901c8f9218d0ce14046d4ee3a6	6f6c8121eddbc06a80d24c65d88defb5ef75ea901c8f9218d0ce14046d4ee3a6
Run Scripts/qwen3/gitksan/pdf2_rigsby/run_gitksan_qwen_pdf2_rigsby_modelgloss_newmaterials_summary_tables_txt.sh	scripts/jobs/qwen3/gitksan/pdf2_rigsby/run_gitksan_qwen_pdf2_rigsby_modelgloss_curated_v1_summary_tables_txt.sh	b483f28f9d816528a665515fb67b7ce2a68e3bf378423d8402568534dae75d05	b483f28f9d816528a665515fb67b7ce2a68e3bf378423d8402568534dae75d05
Run Scripts/qwen3/gitksan/pdf2_rigsby/run_gitksan_qwen_pdf2_rigsby_modelgloss_newmaterials_summary_text_txt.sh	scripts/jobs/qwen3/gitksan/pdf2_rigsby/run_gitksan_qwen_pdf2_rigsby_modelgloss_curated_v1_summary_text_txt.sh	fc3800ce446a6f929b83a12aa5af275ffa1737b3a100aa62188709530b733502	fc3800ce446a6f929b83a12aa5af275ffa1737b3a100aa62188709530b733502
Run Scripts/qwen3/gitksan/pdf2_rigsby/run_gitksan_qwen_pdf2_rigsby_newmaterials_cheatsheet_jpg.sh	scripts/jobs/qwen3/gitksan/pdf2_rigsby/run_gitksan_qwen_pdf2_rigsby_curated_v1_cheatsheet_jpg.sh	de71243365631eb08d00a7052631b5984fa849e32f64b84bc9b0d32a188bceef	de71243365631eb08d00a7052631b5984fa849e32f64b84bc9b0d32a188bceef
Run Scripts/qwen3/gitksan/pdf2_rigsby/run_gitksan_qwen_pdf2_rigsby_newmaterials_cheatsheet_txt.sh	scripts/jobs/qwen3/gitksan/pdf2_rigsby/run_gitksan_qwen_pdf2_rigsby_curated_v1_cheatsheet_txt.sh	0297ce3056ec9dc1e108fa46a60f84fa1ada47b5dc9361c5ca00d7e2fa38c818	0297ce3056ec9dc1e108fa46a60f84fa1ada47b5dc9361c5ca00d7e2fa38c818
Run Scripts/qwen3/gitksan/pdf2_rigsby/run_gitksan_qwen_pdf2_rigsby_newmaterials_pdfpages_impactful_jpg.sh	scripts/jobs/qwen3/gitksan/pdf2_rigsby/run_gitksan_qwen_pdf2_rigsby_curated_v1_pdfpages_impactful_jpg.sh	03c97d02fef9318d6ae6459789a7ee1b0ab1154505a01b2da13543373c18edc4	03c97d02fef9318d6ae6459789a7ee1b0ab1154505a01b2da13543373c18edc4
Run Scripts/qwen3/gitksan/pdf2_rigsby/run_gitksan_qwen_pdf2_rigsby_newmaterials_summary_tables_jpg.sh	scripts/jobs/qwen3/gitksan/pdf2_rigsby/run_gitksan_qwen_pdf2_rigsby_curated_v1_summary_tables_jpg.sh	56aabef93362f5d37e94335e089773f46632567278394956eaf7355917e6cde7	56aabef93362f5d37e94335e089773f46632567278394956eaf7355917e6cde7
Run Scripts/qwen3/gitksan/pdf2_rigsby/run_gitksan_qwen_pdf2_rigsby_newmaterials_summary_tables_txt.sh	scripts/jobs/qwen3/gitksan/pdf2_rigsby/run_gitksan_qwen_pdf2_rigsby_curated_v1_summary_tables_txt.sh	5cdc6669e861bd5ea7b1f3efdfc27c75b5cdf76c14150495faf46314a45ec39d	5cdc6669e861bd5ea7b1f3efdfc27c75b5cdf76c14150495faf46314a45ec39d
Run Scripts/qwen3/gitksan/pdf2_rigsby/run_gitksan_qwen_pdf2_rigsby_newmaterials_summary_text_txt.sh	scripts/jobs/qwen3/gitksan/pdf2_rigsby/run_gitksan_qwen_pdf2_rigsby_curated_v1_summary_text_txt.sh	f729a1d7595d2ca6cd36f57e8d8b4c9a48cbf50bcc9ff0ef36d31e6f65377a01	f729a1d7595d2ca6cd36f57e8d8b4c9a48cbf50bcc9ff0ef36d31e6f65377a01
Run Scripts/qwen3/gitksan/pdf2_rigsby/run_gitksan_qwen_pdf2_rigsby_pdfpages_all_jpg.sh	scripts/jobs/qwen3/gitksan/pdf2_rigsby/run_gitksan_qwen_pdf2_rigsby_pdfpages_all_jpg.sh	24c95c581864de6ede9bb8930e1ddc55bf8dc1028e05dfb41892c73b0660708f	24c95c581864de6ede9bb8930e1ddc55bf8dc1028e05dfb41892c73b0660708f
Run Scripts/qwen3/gitksan/pdf2_rigsby/run_gitksan_qwen_pdf2_rigsby_summary_tables.sh	scripts/jobs/qwen3/gitksan/pdf2_rigsby/run_gitksan_qwen_pdf2_rigsby_summary_tables.sh	5578c8dad404de3336bc9f12603cd82091e01a77f9d48369ae163745057d8dc3	5578c8dad404de3336bc9f12603cd82091e01a77f9d48369ae163745057d8dc3
Run Scripts/qwen3/gitksan/pdf2_rigsby/run_gitksan_qwen_pdf2_rigsby_summary_text.sh	scripts/jobs/qwen3/gitksan/pdf2_rigsby/run_gitksan_qwen_pdf2_rigsby_summary_text.sh	1d723a16b39ddb380f55cc222bd8f63d0a03e9dcd519ce31174504b92b368dbf	1d723a16b39ddb380f55cc222bd8f63d0a03e9dcd519ce31174504b92b368dbf
Run Scripts/qwen3/lezgi/run_lezgi_qwen_grammar_cheatsheet.sh	scripts/jobs/qwen3/lezgi/run_lezgi_qwen_grammar_cheatsheet.sh	63bbd532f3946080e84d00a2e95cd42e3d4a8c543425f2765853a35b3738246a	63bbd532f3946080e84d00a2e95cd42e3d4a8c543425f2765853a35b3738246a
Run Scripts/qwen3/lezgi/run_lezgi_qwen_grammar_pdfpages_all_jpg.sh	scripts/jobs/qwen3/lezgi/run_lezgi_qwen_grammar_pdfpages_all_jpg.sh	c6718c96dde25041341a5e07922cb093cbe1207f1a7bf8c36f70fca2c6ecc005	c6718c96dde25041341a5e07922cb093cbe1207f1a7bf8c36f70fca2c6ecc005
Run Scripts/qwen3/lezgi/run_lezgi_qwen_grammar_summary_tables.sh	scripts/jobs/qwen3/lezgi/run_lezgi_qwen_grammar_summary_tables.sh	a24533b91e7be7fb640a6204677aed0ff0628e9838231d3ffa99d8c65efa0ec6	a24533b91e7be7fb640a6204677aed0ff0628e9838231d3ffa99d8c65efa0ec6
Run Scripts/qwen3/lezgi/run_lezgi_qwen_grammar_summary_text.sh	scripts/jobs/qwen3/lezgi/run_lezgi_qwen_grammar_summary_text.sh	2d0e11576df81dbd2b80e7a01fc4082993fa645cfa1a83aebb7c0ca765d25965	2d0e11576df81dbd2b80e7a01fc4082993fa645cfa1a83aebb7c0ca765d25965
Run Scripts/qwen3/lezgi/run_lezgi_qwen_modelgloss_grammar_cheatsheet.sh	scripts/jobs/qwen3/lezgi/run_lezgi_qwen_modelgloss_grammar_cheatsheet.sh	a6ba92af3354a4d9becd78986590099592568b6cb89fbd7b198fc24399cb2900	a6ba92af3354a4d9becd78986590099592568b6cb89fbd7b198fc24399cb2900
Run Scripts/qwen3/lezgi/run_lezgi_qwen_modelgloss_grammar_pdfpages_all_jpg.sh	scripts/jobs/qwen3/lezgi/run_lezgi_qwen_modelgloss_grammar_pdfpages_all_jpg.sh	bcd7a96e5b5abaa7e8130c01684d849f8906e0a61d06b99d161c06602b3c5296	bcd7a96e5b5abaa7e8130c01684d849f8906e0a61d06b99d161c06602b3c5296
Run Scripts/qwen3/lezgi/run_lezgi_qwen_modelgloss_grammar_summary_tables.sh	scripts/jobs/qwen3/lezgi/run_lezgi_qwen_modelgloss_grammar_summary_tables.sh	eb723fe9fec777eb7416309bec2efe17e4b4b3e4845153d716cd0c28bafd70d7	eb723fe9fec777eb7416309bec2efe17e4b4b3e4845153d716cd0c28bafd70d7
Run Scripts/qwen3/lezgi/run_lezgi_qwen_modelgloss_grammar_summary_text.sh	scripts/jobs/qwen3/lezgi/run_lezgi_qwen_modelgloss_grammar_summary_text.sh	1e485caee69b559df5ef91e7f761de72e587893b2a3bc7734089f52065e95f8f	1e485caee69b559df5ef91e7f761de72e587893b2a3bc7734089f52065e95f8f
Run Scripts/qwen3/lezgi/run_lezgi_qwen_modelgloss_newmaterials_cheatsheet_jpg.sh	scripts/jobs/qwen3/lezgi/run_lezgi_qwen_modelgloss_curated_v1_cheatsheet_jpg.sh	b8b06cdbc32dc6aa016f80663f7d65ff0f5c88c0aa5f2701d52c238a78ed410e	b8b06cdbc32dc6aa016f80663f7d65ff0f5c88c0aa5f2701d52c238a78ed410e
Run Scripts/qwen3/lezgi/run_lezgi_qwen_modelgloss_newmaterials_cheatsheet_txt.sh	scripts/jobs/qwen3/lezgi/run_lezgi_qwen_modelgloss_curated_v1_cheatsheet_txt.sh	d8c670fb2ef5e252262c9053160f77d57a98c5c83336849d95c7e78814e4ae66	d8c670fb2ef5e252262c9053160f77d57a98c5c83336849d95c7e78814e4ae66
Run Scripts/qwen3/lezgi/run_lezgi_qwen_modelgloss_newmaterials_pdfpages_impactful_jpg.sh	scripts/jobs/qwen3/lezgi/run_lezgi_qwen_modelgloss_curated_v1_pdfpages_impactful_jpg.sh	761e379daa8af02742281b3f9fe958e2e2b51417da6e8f0bdc341c2996d84881	761e379daa8af02742281b3f9fe958e2e2b51417da6e8f0bdc341c2996d84881
Run Scripts/qwen3/lezgi/run_lezgi_qwen_modelgloss_newmaterials_summary_tables_jpg.sh	scripts/jobs/qwen3/lezgi/run_lezgi_qwen_modelgloss_curated_v1_summary_tables_jpg.sh	23e71112e83e193e08b35a31406bcbe0482621ba25970349de9e61ad9e1dd09e	23e71112e83e193e08b35a31406bcbe0482621ba25970349de9e61ad9e1dd09e
Run Scripts/qwen3/lezgi/run_lezgi_qwen_modelgloss_newmaterials_summary_tables_txt.sh	scripts/jobs/qwen3/lezgi/run_lezgi_qwen_modelgloss_curated_v1_summary_tables_txt.sh	b6797cf1dfc46cd20799fd85b487e6afb2adfb133c6eda89887a4b60033790b6	b6797cf1dfc46cd20799fd85b487e6afb2adfb133c6eda89887a4b60033790b6
Run Scripts/qwen3/lezgi/run_lezgi_qwen_modelgloss_newmaterials_summary_text_txt.sh	scripts/jobs/qwen3/lezgi/run_lezgi_qwen_modelgloss_curated_v1_summary_text_txt.sh	61708eeaea7bcba9094eaae199f3a6f6d83db052245e75d7b58a174fbad4d549	61708eeaea7bcba9094eaae199f3a6f6d83db052245e75d7b58a174fbad4d549
Run Scripts/qwen3/lezgi/run_lezgi_qwen_newmaterials_cheatsheet_jpg.sh	scripts/jobs/qwen3/lezgi/run_lezgi_qwen_curated_v1_cheatsheet_jpg.sh	19c469fdc2583febbe2ac7e3d76841c7e51a732a6ec032a18b87ef9608fbce17	19c469fdc2583febbe2ac7e3d76841c7e51a732a6ec032a18b87ef9608fbce17
Run Scripts/qwen3/lezgi/run_lezgi_qwen_newmaterials_cheatsheet_txt.sh	scripts/jobs/qwen3/lezgi/run_lezgi_qwen_curated_v1_cheatsheet_txt.sh	2c4bef074b157e6f892a3fcb89a6a6cbb2e8debafb2991dfb83a99281c37379f	2c4bef074b157e6f892a3fcb89a6a6cbb2e8debafb2991dfb83a99281c37379f
Run Scripts/qwen3/lezgi/run_lezgi_qwen_newmaterials_pdfpages_impactful_jpg.sh	scripts/jobs/qwen3/lezgi/run_lezgi_qwen_curated_v1_pdfpages_impactful_jpg.sh	5b9000bac34b9459436a89a4db27064450c24638e8f0be1eedc98d3fcbfe51c2	5b9000bac34b9459436a89a4db27064450c24638e8f0be1eedc98d3fcbfe51c2
Run Scripts/qwen3/lezgi/run_lezgi_qwen_newmaterials_summary_tables_jpg.sh	scripts/jobs/qwen3/lezgi/run_lezgi_qwen_curated_v1_summary_tables_jpg.sh	db98107c9d3a6628f6efa9bf5bcb8e6222ea713d56b0707de6ee5d72b1059271	db98107c9d3a6628f6efa9bf5bcb8e6222ea713d56b0707de6ee5d72b1059271
Run Scripts/qwen3/lezgi/run_lezgi_qwen_newmaterials_summary_tables_txt.sh	scripts/jobs/qwen3/lezgi/run_lezgi_qwen_curated_v1_summary_tables_txt.sh	67b044c7a0f2bc74cc744efab8cf26bd4e442a792e13106f57d853bb4b41847c	67b044c7a0f2bc74cc744efab8cf26bd4e442a792e13106f57d853bb4b41847c
Run Scripts/qwen3/lezgi/run_lezgi_qwen_newmaterials_summary_text_txt.sh	scripts/jobs/qwen3/lezgi/run_lezgi_qwen_curated_v1_summary_text_txt.sh	2dbfa5d5070504defac1bc8021f330e1a1d6440f90d7cd8d2f71a0e4425d7a5d	2dbfa5d5070504defac1bc8021f330e1a1d6440f90d7cd8d2f71a0e4425d7a5d
Run Scripts/qwen3/lezgi_cyrillic/run_lezgi_cyrillic_qwen_modelgloss_newmaterials_cheatsheet_jpg.sh	scripts/jobs/qwen3/lezgi_cyrillic/run_lezgi_cyrillic_qwen_modelgloss_curated_v1_cheatsheet_jpg.sh	ec16004832179fb74c7d4d1a015638184bb5b9a16b2224127ade3b6d7a1795b6	ec16004832179fb74c7d4d1a015638184bb5b9a16b2224127ade3b6d7a1795b6
Run Scripts/qwen3/lezgi_cyrillic/run_lezgi_cyrillic_qwen_modelgloss_newmaterials_cheatsheet_txt.sh	scripts/jobs/qwen3/lezgi_cyrillic/run_lezgi_cyrillic_qwen_modelgloss_curated_v1_cheatsheet_txt.sh	7c2289f3ccd953bcdb9cd49bc5113c3234cc88fa645e354a01d65d39f630c470	7c2289f3ccd953bcdb9cd49bc5113c3234cc88fa645e354a01d65d39f630c470
Run Scripts/qwen3/lezgi_cyrillic/run_lezgi_cyrillic_qwen_modelgloss_newmaterials_summary_tables_jpg.sh	scripts/jobs/qwen3/lezgi_cyrillic/run_lezgi_cyrillic_qwen_modelgloss_curated_v1_summary_tables_jpg.sh	e3fbe61bea47c2efeab82494c09567c2b95166d72d75e7c06bd40d66697bc341	e3fbe61bea47c2efeab82494c09567c2b95166d72d75e7c06bd40d66697bc341
Run Scripts/qwen3/lezgi_cyrillic/run_lezgi_cyrillic_qwen_modelgloss_newmaterials_summary_tables_txt.sh	scripts/jobs/qwen3/lezgi_cyrillic/run_lezgi_cyrillic_qwen_modelgloss_curated_v1_summary_tables_txt.sh	4259b32d7ffde6eb0f1bc3fe8ea31db9b08111df7a6540a27a28b50e75ccab84	4259b32d7ffde6eb0f1bc3fe8ea31db9b08111df7a6540a27a28b50e75ccab84
Run Scripts/qwen3/lezgi_cyrillic/run_lezgi_cyrillic_qwen_modelgloss_newmaterials_summary_text_txt.sh	scripts/jobs/qwen3/lezgi_cyrillic/run_lezgi_cyrillic_qwen_modelgloss_curated_v1_summary_text_txt.sh	8335ae2ff283900918b4bb4b77b3666a35b0f6af87b7d0191c46020b5ea52b2b	8335ae2ff283900918b4bb4b77b3666a35b0f6af87b7d0191c46020b5ea52b2b
Run Scripts/qwen3/lezgi_cyrillic/run_lezgi_cyrillic_qwen_newmaterials_cheatsheet_jpg.sh	scripts/jobs/qwen3/lezgi_cyrillic/run_lezgi_cyrillic_qwen_curated_v1_cheatsheet_jpg.sh	1c5a5e28a4c0ca28a335a045029fb08808709a492fc060f338d1b9e56b15c931	1c5a5e28a4c0ca28a335a045029fb08808709a492fc060f338d1b9e56b15c931
Run Scripts/qwen3/lezgi_cyrillic/run_lezgi_cyrillic_qwen_newmaterials_cheatsheet_txt.sh	scripts/jobs/qwen3/lezgi_cyrillic/run_lezgi_cyrillic_qwen_curated_v1_cheatsheet_txt.sh	2f59f9ceae8a74b19cd274f07e0e9fae0613d9f55be5b3ec2eb1d361f160c7a1	2f59f9ceae8a74b19cd274f07e0e9fae0613d9f55be5b3ec2eb1d361f160c7a1
Run Scripts/qwen3/lezgi_cyrillic/run_lezgi_cyrillic_qwen_newmaterials_summary_tables_jpg.sh	scripts/jobs/qwen3/lezgi_cyrillic/run_lezgi_cyrillic_qwen_curated_v1_summary_tables_jpg.sh	f9ed59af6bec64378f2a9a2058077323e936fd8c484cb1919067525f6d73bbf4	f9ed59af6bec64378f2a9a2058077323e936fd8c484cb1919067525f6d73bbf4
Run Scripts/qwen3/lezgi_cyrillic/run_lezgi_cyrillic_qwen_newmaterials_summary_tables_txt.sh	scripts/jobs/qwen3/lezgi_cyrillic/run_lezgi_cyrillic_qwen_curated_v1_summary_tables_txt.sh	8706255ac67420459131cea0d58e80be8e5a95af0484b47a220a45e49fa68d8f	8706255ac67420459131cea0d58e80be8e5a95af0484b47a220a45e49fa68d8f
Run Scripts/qwen3/lezgi_cyrillic/run_lezgi_cyrillic_qwen_newmaterials_summary_text_txt.sh	scripts/jobs/qwen3/lezgi_cyrillic/run_lezgi_cyrillic_qwen_curated_v1_summary_text_txt.sh	2249a15518cb0db17ee8e98042c32ff104f462527dda11fa425b1120619993c8	2249a15518cb0db17ee8e98042c32ff104f462527dda11fa425b1120619993c8
Run Scripts/qwen3/natugu/run_natugu_qwen.sh	scripts/jobs/qwen3/natugu/run_natugu_qwen.sh	98b4fbad01545d1f314caef8c7aafc181eedb05bf63b7802b022432abdc6a4b3	98b4fbad01545d1f314caef8c7aafc181eedb05bf63b7802b022432abdc6a4b3
Run Scripts/qwen3/natugu/run_natugu_qwen_cheatsheet.sh	scripts/jobs/qwen3/natugu/run_natugu_qwen_cheatsheet.sh	973142021225d75252aba3c86a3327c2df47111a77179cac8c8b7a2bf034ef4b	973142021225d75252aba3c86a3327c2df47111a77179cac8c8b7a2bf034ef4b
Run Scripts/qwen3/natugu/run_natugu_qwen_modelgloss_cheatsheet.sh	scripts/jobs/qwen3/natugu/run_natugu_qwen_modelgloss_cheatsheet.sh	f76dcbaa7bb28406d55c49119f27d0456d0bc976020db2f916a9972d432475f6	f76dcbaa7bb28406d55c49119f27d0456d0bc976020db2f916a9972d432475f6
Run Scripts/qwen3/natugu/run_natugu_qwen_modelgloss_newmaterials_cheatsheet_jpg.sh	scripts/jobs/qwen3/natugu/run_natugu_qwen_modelgloss_curated_v1_cheatsheet_jpg.sh	13cd071a841e3889e76e51038f42d3c8a5f2b8f8acfdeef70baba90dc9438b09	13cd071a841e3889e76e51038f42d3c8a5f2b8f8acfdeef70baba90dc9438b09
Run Scripts/qwen3/natugu/run_natugu_qwen_modelgloss_newmaterials_cheatsheet_txt.sh	scripts/jobs/qwen3/natugu/run_natugu_qwen_modelgloss_curated_v1_cheatsheet_txt.sh	3978107d5b0808b9e673a0bb7e2de8bae1e8f51bd22bef277d514dd1332e7fb3	3978107d5b0808b9e673a0bb7e2de8bae1e8f51bd22bef277d514dd1332e7fb3
Run Scripts/qwen3/natugu/run_natugu_qwen_modelgloss_newmaterials_pdfpages_impactful_jpg.sh	scripts/jobs/qwen3/natugu/run_natugu_qwen_modelgloss_curated_v1_pdfpages_impactful_jpg.sh	bfa273e1cd7f2e36afe076ccb247b7e361e9acad2c6e4c455950a6530db2d9b9	bfa273e1cd7f2e36afe076ccb247b7e361e9acad2c6e4c455950a6530db2d9b9
Run Scripts/qwen3/natugu/run_natugu_qwen_modelgloss_newmaterials_summary_tables_jpg.sh	scripts/jobs/qwen3/natugu/run_natugu_qwen_modelgloss_curated_v1_summary_tables_jpg.sh	93985649884806a1f3db04979643550d73319284508de69abe2f57aca5698776	93985649884806a1f3db04979643550d73319284508de69abe2f57aca5698776
Run Scripts/qwen3/natugu/run_natugu_qwen_modelgloss_newmaterials_summary_tables_txt.sh	scripts/jobs/qwen3/natugu/run_natugu_qwen_modelgloss_curated_v1_summary_tables_txt.sh	0058839e95b31e68854264af205789e2effff607b2b875d52710c8763760acd9	0058839e95b31e68854264af205789e2effff607b2b875d52710c8763760acd9
Run Scripts/qwen3/natugu/run_natugu_qwen_modelgloss_newmaterials_summary_text_txt.sh	scripts/jobs/qwen3/natugu/run_natugu_qwen_modelgloss_curated_v1_summary_text_txt.sh	f5d77c7da16ddeea48ebe2fdbf0be9d45debf9b7894342a5a141b92cd96aa444	f5d77c7da16ddeea48ebe2fdbf0be9d45debf9b7894342a5a141b92cd96aa444
Run Scripts/qwen3/natugu/run_natugu_qwen_modelgloss_pdfpages.sh	scripts/jobs/qwen3/natugu/run_natugu_qwen_modelgloss_pdfpages.sh	04dc761c82187386758d68d9fb3e546c21fef7918eda6780d2dbfe3ba051a1bc	04dc761c82187386758d68d9fb3e546c21fef7918eda6780d2dbfe3ba051a1bc
Run Scripts/qwen3/natugu/run_natugu_qwen_modelgloss_pdfpages_modelinput_all.sh	scripts/jobs/qwen3/natugu/run_natugu_qwen_modelgloss_pdfpages_modelinput_all.sh	e2ab802c517f764ead371ee06419baa4d2fd90b6c45cc38d12108c3045bc6559	e2ab802c517f764ead371ee06419baa4d2fd90b6c45cc38d12108c3045bc6559
Run Scripts/qwen3/natugu/run_natugu_qwen_modelgloss_pdfpages_original_all_2gpu.sh	scripts/jobs/qwen3/natugu/run_natugu_qwen_modelgloss_pdfpages_original_all_1gpu.sh	54c2329f491eb15b0bf3d48d31a59c6a3b9fe507d7e72c867d028ceef9b009d2	54c2329f491eb15b0bf3d48d31a59c6a3b9fe507d7e72c867d028ceef9b009d2
Run Scripts/qwen3/natugu/run_natugu_qwen_modelgloss_summary.sh	scripts/jobs/qwen3/natugu/run_natugu_qwen_modelgloss_summary.sh	d14a5a206b221fd5cf8cd57833d4f7c2b35ea63be5edd4a5c52c05855d594be0	d14a5a206b221fd5cf8cd57833d4f7c2b35ea63be5edd4a5c52c05855d594be0
Run Scripts/qwen3/natugu/run_natugu_qwen_modelgloss_summary_combined_image.sh	scripts/jobs/qwen3/natugu/run_natugu_qwen_modelgloss_summary_combined_image.sh	6c9a0496e4d20b809eee054113886079a34e15e920ec998d40f6cff488c08b6d	6c9a0496e4d20b809eee054113886079a34e15e920ec998d40f6cff488c08b6d
Run Scripts/qwen3/natugu/run_natugu_qwen_modelgloss_summary_modelinput_all.sh	scripts/jobs/qwen3/natugu/run_natugu_qwen_modelgloss_summary_modelinput_all.sh	38fae29705604d19afeb877da0a418570d72138fd66e57f0e131c0a61ade79e5	38fae29705604d19afeb877da0a418570d72138fd66e57f0e131c0a61ade79e5
Run Scripts/qwen3/natugu/run_natugu_qwen_modelgloss_summary_original_all_2gpu.sh	scripts/jobs/qwen3/natugu/run_natugu_qwen_modelgloss_summary_original_all_1gpu.sh	2a8b260f640d7d6107396b0366432e2af578b80bd96c60abc818502aab1a64cc	2a8b260f640d7d6107396b0366432e2af578b80bd96c60abc818502aab1a64cc
Run Scripts/qwen3/natugu/run_natugu_qwen_modelgloss_summary_text.sh	scripts/jobs/qwen3/natugu/run_natugu_qwen_modelgloss_summary_text.sh	f07299006311aa8a73f018554bb6fe3014ad4d495f4c522198c218952d92edbe	f07299006311aa8a73f018554bb6fe3014ad4d495f4c522198c218952d92edbe
Run Scripts/qwen3/natugu/run_natugu_qwen_newmaterials_cheatsheet_jpg.sh	scripts/jobs/qwen3/natugu/run_natugu_qwen_curated_v1_cheatsheet_jpg.sh	a70f54d1e14a266a495373d796d0b2f09ac538ff0d1531c9636ed31b33566bc8	a70f54d1e14a266a495373d796d0b2f09ac538ff0d1531c9636ed31b33566bc8
Run Scripts/qwen3/natugu/run_natugu_qwen_newmaterials_cheatsheet_txt.sh	scripts/jobs/qwen3/natugu/run_natugu_qwen_curated_v1_cheatsheet_txt.sh	543f2985e4349fb21e20ed1d3526fc21d272b9d14ae965d1985bafa1d2108383	543f2985e4349fb21e20ed1d3526fc21d272b9d14ae965d1985bafa1d2108383
Run Scripts/qwen3/natugu/run_natugu_qwen_newmaterials_pdfpages_impactful_jpg.sh	scripts/jobs/qwen3/natugu/run_natugu_qwen_curated_v1_pdfpages_impactful_jpg.sh	c7dde878172cbb481aff001cde29fc401af90d52f02532dcf7a527fc3cab1964	c7dde878172cbb481aff001cde29fc401af90d52f02532dcf7a527fc3cab1964
Run Scripts/qwen3/natugu/run_natugu_qwen_newmaterials_summary_tables_jpg.sh	scripts/jobs/qwen3/natugu/run_natugu_qwen_curated_v1_summary_tables_jpg.sh	3f79783fcbf63eb157bcdf3ddbb2c6f3dc13e177f9d7d9ea669f3261b8baf4d5	3f79783fcbf63eb157bcdf3ddbb2c6f3dc13e177f9d7d9ea669f3261b8baf4d5
Run Scripts/qwen3/natugu/run_natugu_qwen_newmaterials_summary_tables_txt.sh	scripts/jobs/qwen3/natugu/run_natugu_qwen_curated_v1_summary_tables_txt.sh	d9943cae888685ff8c4e46839ace13e3cc91f4a0b25014f2ca27ca55c97abc49	d9943cae888685ff8c4e46839ace13e3cc91f4a0b25014f2ca27ca55c97abc49
Run Scripts/qwen3/natugu/run_natugu_qwen_newmaterials_summary_text_txt.sh	scripts/jobs/qwen3/natugu/run_natugu_qwen_curated_v1_summary_text_txt.sh	c6fd210c5d5e1bd9e9b9463dec42b4baf901c492531a2ca66a3ee50820eb3e32	c6fd210c5d5e1bd9e9b9463dec42b4baf901c492531a2ca66a3ee50820eb3e32
Run Scripts/qwen3/natugu/run_natugu_qwen_pdfpages.sh	scripts/jobs/qwen3/natugu/run_natugu_qwen_pdfpages.sh	934765673c80f57a02e90f832d9eb859f4ebd8174346fb718360e0f2eac33b1b	934765673c80f57a02e90f832d9eb859f4ebd8174346fb718360e0f2eac33b1b
Run Scripts/qwen3/natugu/run_natugu_qwen_pdfpages_modelinput_all.sh	scripts/jobs/qwen3/natugu/run_natugu_qwen_pdfpages_modelinput_all.sh	fef3da6d261aff56e295954f32d29ae41fa87cd4f8e2d907c0f6d65bd64f4a01	fef3da6d261aff56e295954f32d29ae41fa87cd4f8e2d907c0f6d65bd64f4a01
Run Scripts/qwen3/natugu/run_natugu_qwen_pdfpages_original_all_2gpu.sh	scripts/jobs/qwen3/natugu/run_natugu_qwen_pdfpages_original_all_1gpu.sh	3474883167b8caeaf51cc72272c7167a8b32831fb6220eaeb505a6b7b159f0e1	3474883167b8caeaf51cc72272c7167a8b32831fb6220eaeb505a6b7b159f0e1
Run Scripts/qwen3/natugu/run_natugu_qwen_summary.sh	scripts/jobs/qwen3/natugu/run_natugu_qwen_summary.sh	9368e4efab6348dbd6be567bc976fe4cd80550aa2425347401ff545cd311658a	9368e4efab6348dbd6be567bc976fe4cd80550aa2425347401ff545cd311658a
Run Scripts/qwen3/natugu/run_natugu_qwen_summary_combined_image.sh	scripts/jobs/qwen3/natugu/run_natugu_qwen_summary_combined_image.sh	4ccaa0d1eabb7f934404d7166341af997d07e66b7f998714f9475f471e1e7d63	4ccaa0d1eabb7f934404d7166341af997d07e66b7f998714f9475f471e1e7d63
Run Scripts/qwen3/natugu/run_natugu_qwen_summary_modelinput_all.sh	scripts/jobs/qwen3/natugu/run_natugu_qwen_summary_modelinput_all.sh	c7e7982a47ece1a83ec09e158e1d8cb36adb0cd32ed14b4e5f4e4acce91c07f8	c7e7982a47ece1a83ec09e158e1d8cb36adb0cd32ed14b4e5f4e4acce91c07f8
Run Scripts/qwen3/natugu/run_natugu_qwen_summary_original_all_2gpu.sh	scripts/jobs/qwen3/natugu/run_natugu_qwen_summary_original_all_1gpu.sh	5ebb71476980824cdb1a3bb7b612bba30fc45c415adfa90609ce3c98376b8d52	5ebb71476980824cdb1a3bb7b612bba30fc45c415adfa90609ce3c98376b8d52
Run Scripts/qwen3/natugu/run_natugu_qwen_summary_text.sh	scripts/jobs/qwen3/natugu/run_natugu_qwen_summary_text.sh	e6104ea66a34e6f1fa2a5975125a6f7332ceb5cc398f840c37a11f9c0db63337	e6104ea66a34e6f1fa2a5975125a6f7332ceb5cc398f840c37a11f9c0db63337
Run Scripts/qwen3/tsez/run_tsez_qwen_modelgloss_newmaterials_cheatsheet_jpg.sh	scripts/jobs/qwen3/tsez/run_tsez_qwen_modelgloss_curated_v1_cheatsheet_jpg.sh	af540b24505684f3ae8b2eb9b0f1c74502f8b243cd5d0aedd7a0b432cecdcd47	af540b24505684f3ae8b2eb9b0f1c74502f8b243cd5d0aedd7a0b432cecdcd47
Run Scripts/qwen3/tsez/run_tsez_qwen_modelgloss_newmaterials_cheatsheet_txt.sh	scripts/jobs/qwen3/tsez/run_tsez_qwen_modelgloss_curated_v1_cheatsheet_txt.sh	29b174fe20aef58bd0a636360dfcce101f6e667a0cde9943d8737e242ae68b61	29b174fe20aef58bd0a636360dfcce101f6e667a0cde9943d8737e242ae68b61
Run Scripts/qwen3/tsez/run_tsez_qwen_modelgloss_newmaterials_pdfpages_impactful_jpg.sh	scripts/jobs/qwen3/tsez/run_tsez_qwen_modelgloss_curated_v1_pdfpages_impactful_jpg.sh	8d464a959847f5cff641706043e0a2cb12d11dc769bddaa49f70b32b500fea2d	8d464a959847f5cff641706043e0a2cb12d11dc769bddaa49f70b32b500fea2d
Run Scripts/qwen3/tsez/run_tsez_qwen_modelgloss_newmaterials_summary_tables_jpg.sh	scripts/jobs/qwen3/tsez/run_tsez_qwen_modelgloss_curated_v1_summary_tables_jpg.sh	17ceeff06b1564aa80d11b6d8da2cc1fd18d73d8482707cb43c619c2838c3202	17ceeff06b1564aa80d11b6d8da2cc1fd18d73d8482707cb43c619c2838c3202
Run Scripts/qwen3/tsez/run_tsez_qwen_modelgloss_newmaterials_summary_tables_txt.sh	scripts/jobs/qwen3/tsez/run_tsez_qwen_modelgloss_curated_v1_summary_tables_txt.sh	3660c6d18dfcace9e3be2184f00011b37d77d7cd2389aff3895652b25154ccfc	3660c6d18dfcace9e3be2184f00011b37d77d7cd2389aff3895652b25154ccfc
Run Scripts/qwen3/tsez/run_tsez_qwen_modelgloss_newmaterials_summary_text_txt.sh	scripts/jobs/qwen3/tsez/run_tsez_qwen_modelgloss_curated_v1_summary_text_txt.sh	06646043784b4f61402174ea90afd8d3b8e82be3f688b4ac91e8a39fec1a28f3	06646043784b4f61402174ea90afd8d3b8e82be3f688b4ac91e8a39fec1a28f3
Run Scripts/qwen3/tsez/run_tsez_qwen_newmaterials_cheatsheet_jpg.sh	scripts/jobs/qwen3/tsez/run_tsez_qwen_curated_v1_cheatsheet_jpg.sh	e0e6e1bd20cec4cc413cb994ca47f463ec94b14bba012e9d185ea0d1c58d26d4	e0e6e1bd20cec4cc413cb994ca47f463ec94b14bba012e9d185ea0d1c58d26d4
Run Scripts/qwen3/tsez/run_tsez_qwen_newmaterials_cheatsheet_txt.sh	scripts/jobs/qwen3/tsez/run_tsez_qwen_curated_v1_cheatsheet_txt.sh	08b03784d1c70f0aa3b349af294a1b25f5be557a4b469a3b1b3f5e23ba1e9064	08b03784d1c70f0aa3b349af294a1b25f5be557a4b469a3b1b3f5e23ba1e9064
Run Scripts/qwen3/tsez/run_tsez_qwen_newmaterials_pdfpages_impactful_jpg.sh	scripts/jobs/qwen3/tsez/run_tsez_qwen_curated_v1_pdfpages_impactful_jpg.sh	58eeaf7da0d6d3ae1f434a77f4eba1eecc97efe30886c8886985049a6be7778d	58eeaf7da0d6d3ae1f434a77f4eba1eecc97efe30886c8886985049a6be7778d
Run Scripts/qwen3/tsez/run_tsez_qwen_newmaterials_summary_tables_jpg.sh	scripts/jobs/qwen3/tsez/run_tsez_qwen_curated_v1_summary_tables_jpg.sh	8f2bfdca837a646d043d25bbe393e3089ee5bf1e3b4c7c4cb8e952e6c04d0b66	8f2bfdca837a646d043d25bbe393e3089ee5bf1e3b4c7c4cb8e952e6c04d0b66
Run Scripts/qwen3/tsez/run_tsez_qwen_newmaterials_summary_tables_txt.sh	scripts/jobs/qwen3/tsez/run_tsez_qwen_curated_v1_summary_tables_txt.sh	5406e76c4490e0d0c538b79afcc398b071d1a5f143504cf36a8f2e5bf5f22e5b	5406e76c4490e0d0c538b79afcc398b071d1a5f143504cf36a8f2e5bf5f22e5b
Run Scripts/qwen3/tsez/run_tsez_qwen_newmaterials_summary_text_txt.sh	scripts/jobs/qwen3/tsez/run_tsez_qwen_curated_v1_summary_text_txt.sh	65a612c0afc623a1292198a4933c22c152234afadade5b328b238b71a7e6440e	65a612c0afc623a1292198a4933c22c152234afadade5b328b238b71a7e6440e
Run Scripts/qwen35/gitksan/pdf1_brown/run_gitksan_qwen35_modelgloss_pdf1_brown_cheatsheet.sh	scripts/jobs/qwen35/gitksan/pdf1_brown/run_gitksan_qwen35_modelgloss_pdf1_brown_cheatsheet.sh	206f73e0920ae69f77b6e188359933944d3a92edbd1c2efecd01ce22c035337c	206f73e0920ae69f77b6e188359933944d3a92edbd1c2efecd01ce22c035337c
Run Scripts/qwen35/gitksan/pdf1_brown/run_gitksan_qwen35_modelgloss_pdf1_brown_pdfpages_all_jpg.sh	scripts/jobs/qwen35/gitksan/pdf1_brown/run_gitksan_qwen35_modelgloss_pdf1_brown_pdfpages_all_jpg.sh	6670d8bb2f94b0dbf6820cd3401b0bd3d4925258402a664b705aa5eb65f85e59	6670d8bb2f94b0dbf6820cd3401b0bd3d4925258402a664b705aa5eb65f85e59
Run Scripts/qwen35/gitksan/pdf1_brown/run_gitksan_qwen35_modelgloss_pdf1_brown_summary_tables.sh	scripts/jobs/qwen35/gitksan/pdf1_brown/run_gitksan_qwen35_modelgloss_pdf1_brown_summary_tables.sh	7d2908a3a3cd95eee93e51b491a01d58159ed12e98a537945211d5a69d17cf77	7d2908a3a3cd95eee93e51b491a01d58159ed12e98a537945211d5a69d17cf77
Run Scripts/qwen35/gitksan/pdf1_brown/run_gitksan_qwen35_modelgloss_pdf1_brown_summary_text.sh	scripts/jobs/qwen35/gitksan/pdf1_brown/run_gitksan_qwen35_modelgloss_pdf1_brown_summary_text.sh	3affe0d3aba25ddd9aa537ba5a390b8df40896af8480e1672e2810586273c4a9	3affe0d3aba25ddd9aa537ba5a390b8df40896af8480e1672e2810586273c4a9
Run Scripts/qwen35/gitksan/pdf1_brown/run_gitksan_qwen35_pdf1_brown_cheatsheet.sh	scripts/jobs/qwen35/gitksan/pdf1_brown/run_gitksan_qwen35_pdf1_brown_cheatsheet.sh	d60219c7ab3e88753601eecf2f9779b6d97d23e13bdab40b5d5cf3697c6f3961	d60219c7ab3e88753601eecf2f9779b6d97d23e13bdab40b5d5cf3697c6f3961
Run Scripts/qwen35/gitksan/pdf1_brown/run_gitksan_qwen35_pdf1_brown_modelgloss_newmaterials_cheatsheet_jpg.sh	scripts/jobs/qwen35/gitksan/pdf1_brown/run_gitksan_qwen35_pdf1_brown_modelgloss_curated_v1_cheatsheet_jpg.sh	fcf02e0191c8f3c265c6033326c3444c60f74f074f50c102c2e5935c9e12c8e9	fcf02e0191c8f3c265c6033326c3444c60f74f074f50c102c2e5935c9e12c8e9
Run Scripts/qwen35/gitksan/pdf1_brown/run_gitksan_qwen35_pdf1_brown_modelgloss_newmaterials_cheatsheet_txt.sh	scripts/jobs/qwen35/gitksan/pdf1_brown/run_gitksan_qwen35_pdf1_brown_modelgloss_curated_v1_cheatsheet_txt.sh	46a343d3cd41d20f61df1c7e466cbedc3b72b73ca005c34f4495407587887b2a	46a343d3cd41d20f61df1c7e466cbedc3b72b73ca005c34f4495407587887b2a
Run Scripts/qwen35/gitksan/pdf1_brown/run_gitksan_qwen35_pdf1_brown_modelgloss_newmaterials_pdfpages_impactful_jpg.sh	scripts/jobs/qwen35/gitksan/pdf1_brown/run_gitksan_qwen35_pdf1_brown_modelgloss_curated_v1_pdfpages_impactful_jpg.sh	323f914c1fdd6d47e41beb3620a752c1a6c6a1ed36cdac18f479d1f8253a1357	323f914c1fdd6d47e41beb3620a752c1a6c6a1ed36cdac18f479d1f8253a1357
Run Scripts/qwen35/gitksan/pdf1_brown/run_gitksan_qwen35_pdf1_brown_modelgloss_newmaterials_summary_tables_jpg.sh	scripts/jobs/qwen35/gitksan/pdf1_brown/run_gitksan_qwen35_pdf1_brown_modelgloss_curated_v1_summary_tables_jpg.sh	54dc2c84ed78deaeed09fd3d129830e00e40c6d2a720a5af73b4fe739fd1e8f9	54dc2c84ed78deaeed09fd3d129830e00e40c6d2a720a5af73b4fe739fd1e8f9
Run Scripts/qwen35/gitksan/pdf1_brown/run_gitksan_qwen35_pdf1_brown_modelgloss_newmaterials_summary_tables_txt.sh	scripts/jobs/qwen35/gitksan/pdf1_brown/run_gitksan_qwen35_pdf1_brown_modelgloss_curated_v1_summary_tables_txt.sh	e1991acba7d26254fc96f0e9886d233bf17070205e988c66ddef70ae2205dfc8	e1991acba7d26254fc96f0e9886d233bf17070205e988c66ddef70ae2205dfc8
Run Scripts/qwen35/gitksan/pdf1_brown/run_gitksan_qwen35_pdf1_brown_modelgloss_newmaterials_summary_text_txt.sh	scripts/jobs/qwen35/gitksan/pdf1_brown/run_gitksan_qwen35_pdf1_brown_modelgloss_curated_v1_summary_text_txt.sh	a341fe943136f70ba76b3d40ae5d9b5d62401d135c0069b553f8cddf9df8e7cb	a341fe943136f70ba76b3d40ae5d9b5d62401d135c0069b553f8cddf9df8e7cb
Run Scripts/qwen35/gitksan/pdf1_brown/run_gitksan_qwen35_pdf1_brown_newmaterials_cheatsheet_jpg.sh	scripts/jobs/qwen35/gitksan/pdf1_brown/run_gitksan_qwen35_pdf1_brown_curated_v1_cheatsheet_jpg.sh	418a5c00fa381f16277c8866dd44fdeac8b19ab04313cbc47cb3f57b22717903	418a5c00fa381f16277c8866dd44fdeac8b19ab04313cbc47cb3f57b22717903
Run Scripts/qwen35/gitksan/pdf1_brown/run_gitksan_qwen35_pdf1_brown_newmaterials_cheatsheet_txt.sh	scripts/jobs/qwen35/gitksan/pdf1_brown/run_gitksan_qwen35_pdf1_brown_curated_v1_cheatsheet_txt.sh	aee992177dd0e2ceac786981ca550d12daaf3b1d5e45a1a9e42914a12e425faa	aee992177dd0e2ceac786981ca550d12daaf3b1d5e45a1a9e42914a12e425faa
Run Scripts/qwen35/gitksan/pdf1_brown/run_gitksan_qwen35_pdf1_brown_newmaterials_pdfpages_impactful_jpg.sh	scripts/jobs/qwen35/gitksan/pdf1_brown/run_gitksan_qwen35_pdf1_brown_curated_v1_pdfpages_impactful_jpg.sh	329db67a6b79a8bf50dbddab9f280fd28b218e37080d7896ff72713d22d11581	329db67a6b79a8bf50dbddab9f280fd28b218e37080d7896ff72713d22d11581
Run Scripts/qwen35/gitksan/pdf1_brown/run_gitksan_qwen35_pdf1_brown_newmaterials_summary_tables_jpg.sh	scripts/jobs/qwen35/gitksan/pdf1_brown/run_gitksan_qwen35_pdf1_brown_curated_v1_summary_tables_jpg.sh	c072e11d19b2fee6f7033a781b169e1eb83a1f7679e6e4ef33a9ac68d76addc5	c072e11d19b2fee6f7033a781b169e1eb83a1f7679e6e4ef33a9ac68d76addc5
Run Scripts/qwen35/gitksan/pdf1_brown/run_gitksan_qwen35_pdf1_brown_newmaterials_summary_tables_txt.sh	scripts/jobs/qwen35/gitksan/pdf1_brown/run_gitksan_qwen35_pdf1_brown_curated_v1_summary_tables_txt.sh	4ebf8ebf13b7436007335a981d316e6d8134af361d6a0556ce54f36d34ad0e95	4ebf8ebf13b7436007335a981d316e6d8134af361d6a0556ce54f36d34ad0e95
Run Scripts/qwen35/gitksan/pdf1_brown/run_gitksan_qwen35_pdf1_brown_newmaterials_summary_text_txt.sh	scripts/jobs/qwen35/gitksan/pdf1_brown/run_gitksan_qwen35_pdf1_brown_curated_v1_summary_text_txt.sh	e46923dc3773541c0830100e3465f83093188ccfd89f855424cb177a61f52173	e46923dc3773541c0830100e3465f83093188ccfd89f855424cb177a61f52173
Run Scripts/qwen35/gitksan/pdf1_brown/run_gitksan_qwen35_pdf1_brown_pdfpages_all_jpg.sh	scripts/jobs/qwen35/gitksan/pdf1_brown/run_gitksan_qwen35_pdf1_brown_pdfpages_all_jpg.sh	4a3eb4625d72388ddb3810b9a1163798c52d4279657b8a37155f382b639a33a4	4a3eb4625d72388ddb3810b9a1163798c52d4279657b8a37155f382b639a33a4
Run Scripts/qwen35/gitksan/pdf1_brown/run_gitksan_qwen35_pdf1_brown_summary_tables.sh	scripts/jobs/qwen35/gitksan/pdf1_brown/run_gitksan_qwen35_pdf1_brown_summary_tables.sh	c8d90726d061b5adfbc44d1a6987dcb5ec4e48448ccf620d0efadb43accb9ba7	c8d90726d061b5adfbc44d1a6987dcb5ec4e48448ccf620d0efadb43accb9ba7
Run Scripts/qwen35/gitksan/pdf1_brown/run_gitksan_qwen35_pdf1_brown_summary_text.sh	scripts/jobs/qwen35/gitksan/pdf1_brown/run_gitksan_qwen35_pdf1_brown_summary_text.sh	a255ee06c7b3512f63cafb1de826102ab51dd56a1ca33bd967e183da2c3824b7	a255ee06c7b3512f63cafb1de826102ab51dd56a1ca33bd967e183da2c3824b7
Run Scripts/qwen35/gitksan/pdf2_rigsby/run_gitksan_qwen35_modelgloss_pdf2_rigsby_cheatsheet.sh	scripts/jobs/qwen35/gitksan/pdf2_rigsby/run_gitksan_qwen35_modelgloss_pdf2_rigsby_cheatsheet.sh	9c8f103ca0ccce023ba34409f5788d016195cc5a512156e2750a3a8aae47c0f8	9c8f103ca0ccce023ba34409f5788d016195cc5a512156e2750a3a8aae47c0f8
Run Scripts/qwen35/gitksan/pdf2_rigsby/run_gitksan_qwen35_modelgloss_pdf2_rigsby_pdfpages_all_jpg.sh	scripts/jobs/qwen35/gitksan/pdf2_rigsby/run_gitksan_qwen35_modelgloss_pdf2_rigsby_pdfpages_all_jpg.sh	2f425cb0b3736997ec876324613d142d4363cd4fb61af42a444f7ce01583b668	2f425cb0b3736997ec876324613d142d4363cd4fb61af42a444f7ce01583b668
Run Scripts/qwen35/gitksan/pdf2_rigsby/run_gitksan_qwen35_modelgloss_pdf2_rigsby_summary_tables.sh	scripts/jobs/qwen35/gitksan/pdf2_rigsby/run_gitksan_qwen35_modelgloss_pdf2_rigsby_summary_tables.sh	d46b7dad908cb2e0f13cde3cd84a4b6118b68fc9cc2f4828a7a68601dc69dd49	d46b7dad908cb2e0f13cde3cd84a4b6118b68fc9cc2f4828a7a68601dc69dd49
Run Scripts/qwen35/gitksan/pdf2_rigsby/run_gitksan_qwen35_modelgloss_pdf2_rigsby_summary_text.sh	scripts/jobs/qwen35/gitksan/pdf2_rigsby/run_gitksan_qwen35_modelgloss_pdf2_rigsby_summary_text.sh	08c3748cb8b93f52d9d0657a84b6814c89abfce9afe71e08511972dbdc14407c	08c3748cb8b93f52d9d0657a84b6814c89abfce9afe71e08511972dbdc14407c
Run Scripts/qwen35/gitksan/pdf2_rigsby/run_gitksan_qwen35_pdf2_rigsby_cheatsheet.sh	scripts/jobs/qwen35/gitksan/pdf2_rigsby/run_gitksan_qwen35_pdf2_rigsby_cheatsheet.sh	5f8bdb7538a53220d78b02cc57dea67188ea3a22820da384d5bdcc01fc30e54d	5f8bdb7538a53220d78b02cc57dea67188ea3a22820da384d5bdcc01fc30e54d
Run Scripts/qwen35/gitksan/pdf2_rigsby/run_gitksan_qwen35_pdf2_rigsby_modelgloss_newmaterials_cheatsheet_jpg.sh	scripts/jobs/qwen35/gitksan/pdf2_rigsby/run_gitksan_qwen35_pdf2_rigsby_modelgloss_curated_v1_cheatsheet_jpg.sh	cd5318b51e1211dc220b4bbcb8ed72bbf0e0fc8722be211b387420e2d31df163	cd5318b51e1211dc220b4bbcb8ed72bbf0e0fc8722be211b387420e2d31df163
Run Scripts/qwen35/gitksan/pdf2_rigsby/run_gitksan_qwen35_pdf2_rigsby_modelgloss_newmaterials_cheatsheet_txt.sh	scripts/jobs/qwen35/gitksan/pdf2_rigsby/run_gitksan_qwen35_pdf2_rigsby_modelgloss_curated_v1_cheatsheet_txt.sh	554064c780a1de6112725e0be7c08ef3f55291ed911e545be227e79ea953c884	554064c780a1de6112725e0be7c08ef3f55291ed911e545be227e79ea953c884
Run Scripts/qwen35/gitksan/pdf2_rigsby/run_gitksan_qwen35_pdf2_rigsby_modelgloss_newmaterials_pdfpages_impactful_jpg.sh	scripts/jobs/qwen35/gitksan/pdf2_rigsby/run_gitksan_qwen35_pdf2_rigsby_modelgloss_curated_v1_pdfpages_impactful_jpg.sh	2f641e114115087cb134ca94c8e6c124debe2112adc606f0ef661ed3363aaabf	2f641e114115087cb134ca94c8e6c124debe2112adc606f0ef661ed3363aaabf
Run Scripts/qwen35/gitksan/pdf2_rigsby/run_gitksan_qwen35_pdf2_rigsby_modelgloss_newmaterials_summary_tables_jpg.sh	scripts/jobs/qwen35/gitksan/pdf2_rigsby/run_gitksan_qwen35_pdf2_rigsby_modelgloss_curated_v1_summary_tables_jpg.sh	db8061b591df08eb888bad695dd0d88bd2a0c358dc92a4592cf50bd3223c7170	db8061b591df08eb888bad695dd0d88bd2a0c358dc92a4592cf50bd3223c7170
Run Scripts/qwen35/gitksan/pdf2_rigsby/run_gitksan_qwen35_pdf2_rigsby_modelgloss_newmaterials_summary_tables_txt.sh	scripts/jobs/qwen35/gitksan/pdf2_rigsby/run_gitksan_qwen35_pdf2_rigsby_modelgloss_curated_v1_summary_tables_txt.sh	a2d3f93e0c74537bd8fe37c1d684bd4ce3078c756d91a9ff083571aeafbd5fc9	a2d3f93e0c74537bd8fe37c1d684bd4ce3078c756d91a9ff083571aeafbd5fc9
Run Scripts/qwen35/gitksan/pdf2_rigsby/run_gitksan_qwen35_pdf2_rigsby_modelgloss_newmaterials_summary_text_txt.sh	scripts/jobs/qwen35/gitksan/pdf2_rigsby/run_gitksan_qwen35_pdf2_rigsby_modelgloss_curated_v1_summary_text_txt.sh	e5f89a655b5d0340e1df2291763c02b64f5e819fe9e939045190843decde73cb	e5f89a655b5d0340e1df2291763c02b64f5e819fe9e939045190843decde73cb
Run Scripts/qwen35/gitksan/pdf2_rigsby/run_gitksan_qwen35_pdf2_rigsby_newmaterials_cheatsheet_jpg.sh	scripts/jobs/qwen35/gitksan/pdf2_rigsby/run_gitksan_qwen35_pdf2_rigsby_curated_v1_cheatsheet_jpg.sh	4cc65faf57d62d0e0cbc92c30cd8f9d67cf174cd990b872ce92c7aee8f2a01ee	4cc65faf57d62d0e0cbc92c30cd8f9d67cf174cd990b872ce92c7aee8f2a01ee
Run Scripts/qwen35/gitksan/pdf2_rigsby/run_gitksan_qwen35_pdf2_rigsby_newmaterials_cheatsheet_txt.sh	scripts/jobs/qwen35/gitksan/pdf2_rigsby/run_gitksan_qwen35_pdf2_rigsby_curated_v1_cheatsheet_txt.sh	b60af6f5b2f8187289d8b8cbedd03a0d344f558e1852f3066deaf4111d0c4669	b60af6f5b2f8187289d8b8cbedd03a0d344f558e1852f3066deaf4111d0c4669
Run Scripts/qwen35/gitksan/pdf2_rigsby/run_gitksan_qwen35_pdf2_rigsby_newmaterials_pdfpages_impactful_jpg.sh	scripts/jobs/qwen35/gitksan/pdf2_rigsby/run_gitksan_qwen35_pdf2_rigsby_curated_v1_pdfpages_impactful_jpg.sh	78557a5da702aa9f4e8e07c4dbec8bdc71bb19a4d24fe2b28042104f567d2e9d	78557a5da702aa9f4e8e07c4dbec8bdc71bb19a4d24fe2b28042104f567d2e9d
Run Scripts/qwen35/gitksan/pdf2_rigsby/run_gitksan_qwen35_pdf2_rigsby_newmaterials_summary_tables_jpg.sh	scripts/jobs/qwen35/gitksan/pdf2_rigsby/run_gitksan_qwen35_pdf2_rigsby_curated_v1_summary_tables_jpg.sh	3427f53b85585c5f81942952eb395cb32c2eabf8a754dee482501ca247651092	3427f53b85585c5f81942952eb395cb32c2eabf8a754dee482501ca247651092
Run Scripts/qwen35/gitksan/pdf2_rigsby/run_gitksan_qwen35_pdf2_rigsby_newmaterials_summary_tables_txt.sh	scripts/jobs/qwen35/gitksan/pdf2_rigsby/run_gitksan_qwen35_pdf2_rigsby_curated_v1_summary_tables_txt.sh	d2c6a2738dea0b591f260d461fb49552cff219aad9b91d015b2633311116a6c0	d2c6a2738dea0b591f260d461fb49552cff219aad9b91d015b2633311116a6c0
Run Scripts/qwen35/gitksan/pdf2_rigsby/run_gitksan_qwen35_pdf2_rigsby_newmaterials_summary_text_txt.sh	scripts/jobs/qwen35/gitksan/pdf2_rigsby/run_gitksan_qwen35_pdf2_rigsby_curated_v1_summary_text_txt.sh	a7243aa15634116a4bbc368160183ef8ac751a85ead9a6b22934ba412b4c35f9	a7243aa15634116a4bbc368160183ef8ac751a85ead9a6b22934ba412b4c35f9
Run Scripts/qwen35/gitksan/pdf2_rigsby/run_gitksan_qwen35_pdf2_rigsby_pdfpages_all_jpg.sh	scripts/jobs/qwen35/gitksan/pdf2_rigsby/run_gitksan_qwen35_pdf2_rigsby_pdfpages_all_jpg.sh	64cecf3b70bbdcc319bf3a7ef528d389eeea0352d22c6ee9fa26880fb41674aa	64cecf3b70bbdcc319bf3a7ef528d389eeea0352d22c6ee9fa26880fb41674aa
Run Scripts/qwen35/gitksan/pdf2_rigsby/run_gitksan_qwen35_pdf2_rigsby_summary_tables.sh	scripts/jobs/qwen35/gitksan/pdf2_rigsby/run_gitksan_qwen35_pdf2_rigsby_summary_tables.sh	2fceb1ed7d9dd9c823adfc00c745d420d43818c5f620c29ec5e545e8d2f7f8c5	2fceb1ed7d9dd9c823adfc00c745d420d43818c5f620c29ec5e545e8d2f7f8c5
Run Scripts/qwen35/gitksan/pdf2_rigsby/run_gitksan_qwen35_pdf2_rigsby_summary_text.sh	scripts/jobs/qwen35/gitksan/pdf2_rigsby/run_gitksan_qwen35_pdf2_rigsby_summary_text.sh	9a5299e451b1ead9af1a9ef92ce589070319313d96969aaa394acd5336e4ad88	9a5299e451b1ead9af1a9ef92ce589070319313d96969aaa394acd5336e4ad88
Run Scripts/qwen35/lezgi/run_lezgi_qwen35_grammar_cheatsheet.sh	scripts/jobs/qwen35/lezgi/run_lezgi_qwen35_grammar_cheatsheet.sh	af2a7a69fc281be36caad722b92aadb094b4c0ee17e98b8cc55d79093f6e1b9b	af2a7a69fc281be36caad722b92aadb094b4c0ee17e98b8cc55d79093f6e1b9b
Run Scripts/qwen35/lezgi/run_lezgi_qwen35_grammar_pdfpages_all_jpg.sh	scripts/jobs/qwen35/lezgi/run_lezgi_qwen35_grammar_pdfpages_all_jpg.sh	762e0e7deb6a31b83b9b561d728c186b107a1299f0ba2b52151d20589f08f8af	762e0e7deb6a31b83b9b561d728c186b107a1299f0ba2b52151d20589f08f8af
Run Scripts/qwen35/lezgi/run_lezgi_qwen35_grammar_summary_tables.sh	scripts/jobs/qwen35/lezgi/run_lezgi_qwen35_grammar_summary_tables.sh	d4d679f1231afe04db800d748f3cbb67032c89ef9a98a416c9d3478209416fd1	d4d679f1231afe04db800d748f3cbb67032c89ef9a98a416c9d3478209416fd1
Run Scripts/qwen35/lezgi/run_lezgi_qwen35_grammar_summary_text.sh	scripts/jobs/qwen35/lezgi/run_lezgi_qwen35_grammar_summary_text.sh	62db1e12032763022dc6a9792f26c228c5849f8ecb38873c37c7c3110321533b	62db1e12032763022dc6a9792f26c228c5849f8ecb38873c37c7c3110321533b
Run Scripts/qwen35/lezgi/run_lezgi_qwen35_modelgloss_grammar_cheatsheet.sh	scripts/jobs/qwen35/lezgi/run_lezgi_qwen35_modelgloss_grammar_cheatsheet.sh	ca358b5952d8a67b68401cae0de0889d8fb060c2373b55f321afc9af921e6e52	ca358b5952d8a67b68401cae0de0889d8fb060c2373b55f321afc9af921e6e52
Run Scripts/qwen35/lezgi/run_lezgi_qwen35_modelgloss_grammar_pdfpages_all_jpg.sh	scripts/jobs/qwen35/lezgi/run_lezgi_qwen35_modelgloss_grammar_pdfpages_all_jpg.sh	50ea77c84b091758824480cfb77c2367023065cdf6ed7535aae14d51a83bb1a2	50ea77c84b091758824480cfb77c2367023065cdf6ed7535aae14d51a83bb1a2
Run Scripts/qwen35/lezgi/run_lezgi_qwen35_modelgloss_grammar_summary_tables.sh	scripts/jobs/qwen35/lezgi/run_lezgi_qwen35_modelgloss_grammar_summary_tables.sh	c505e9a6603e59e5da936608c5b97f2740df30abad9215b088295b4ce9b22ed2	c505e9a6603e59e5da936608c5b97f2740df30abad9215b088295b4ce9b22ed2
Run Scripts/qwen35/lezgi/run_lezgi_qwen35_modelgloss_grammar_summary_text.sh	scripts/jobs/qwen35/lezgi/run_lezgi_qwen35_modelgloss_grammar_summary_text.sh	a3d8af34abebd524065cb83caf2eab13f7e103098390ed6f09fc13818a5ac06f	a3d8af34abebd524065cb83caf2eab13f7e103098390ed6f09fc13818a5ac06f
Run Scripts/qwen35/lezgi/run_lezgi_qwen35_modelgloss_newmaterials_cheatsheet_jpg.sh	scripts/jobs/qwen35/lezgi/run_lezgi_qwen35_modelgloss_curated_v1_cheatsheet_jpg.sh	5f86f95e678efee12ac7b32ed7b1ce8bceed0dd4a887e93f83410e2a5006823a	5f86f95e678efee12ac7b32ed7b1ce8bceed0dd4a887e93f83410e2a5006823a
Run Scripts/qwen35/lezgi/run_lezgi_qwen35_modelgloss_newmaterials_cheatsheet_txt.sh	scripts/jobs/qwen35/lezgi/run_lezgi_qwen35_modelgloss_curated_v1_cheatsheet_txt.sh	151ce8a4154a2cdfdd03dd19d1de1def21f3f836a04f495ad00367b75b63b8db	151ce8a4154a2cdfdd03dd19d1de1def21f3f836a04f495ad00367b75b63b8db
Run Scripts/qwen35/lezgi/run_lezgi_qwen35_modelgloss_newmaterials_pdfpages_impactful_jpg.sh	scripts/jobs/qwen35/lezgi/run_lezgi_qwen35_modelgloss_curated_v1_pdfpages_impactful_jpg.sh	949a90775f3636bf077ce1034303b2ebd8fbb5335f09000e3d2186c83557371e	949a90775f3636bf077ce1034303b2ebd8fbb5335f09000e3d2186c83557371e
Run Scripts/qwen35/lezgi/run_lezgi_qwen35_modelgloss_newmaterials_summary_tables_jpg.sh	scripts/jobs/qwen35/lezgi/run_lezgi_qwen35_modelgloss_curated_v1_summary_tables_jpg.sh	e1522397669e9fa7d4e40ebd78068a16c976272b354ade97d8728a6f175b50a9	e1522397669e9fa7d4e40ebd78068a16c976272b354ade97d8728a6f175b50a9
Run Scripts/qwen35/lezgi/run_lezgi_qwen35_modelgloss_newmaterials_summary_tables_txt.sh	scripts/jobs/qwen35/lezgi/run_lezgi_qwen35_modelgloss_curated_v1_summary_tables_txt.sh	986b70fa924b34040dbf5d6fe542fda77688efa4038f128edde2949e95ca0947	986b70fa924b34040dbf5d6fe542fda77688efa4038f128edde2949e95ca0947
Run Scripts/qwen35/lezgi/run_lezgi_qwen35_modelgloss_newmaterials_summary_text_txt.sh	scripts/jobs/qwen35/lezgi/run_lezgi_qwen35_modelgloss_curated_v1_summary_text_txt.sh	16c663bc4641e509424d7680ac663ef5e490a766446d79945ba5b20484925853	16c663bc4641e509424d7680ac663ef5e490a766446d79945ba5b20484925853
Run Scripts/qwen35/lezgi/run_lezgi_qwen35_newmaterials_cheatsheet_jpg.sh	scripts/jobs/qwen35/lezgi/run_lezgi_qwen35_curated_v1_cheatsheet_jpg.sh	1869af1bb81e1716871e73b30b0244b72ab607ac34cbe87086b58d30a08adf41	1869af1bb81e1716871e73b30b0244b72ab607ac34cbe87086b58d30a08adf41
Run Scripts/qwen35/lezgi/run_lezgi_qwen35_newmaterials_cheatsheet_txt.sh	scripts/jobs/qwen35/lezgi/run_lezgi_qwen35_curated_v1_cheatsheet_txt.sh	a7e280eecf3b2b7b3c1406560739142d2f67322c92e277e1ce92c6375419a3ae	a7e280eecf3b2b7b3c1406560739142d2f67322c92e277e1ce92c6375419a3ae
Run Scripts/qwen35/lezgi/run_lezgi_qwen35_newmaterials_pdfpages_impactful_jpg.sh	scripts/jobs/qwen35/lezgi/run_lezgi_qwen35_curated_v1_pdfpages_impactful_jpg.sh	3b5ffd08014ff0b72e0b650cfd068900ba0411945c9167810bc2a09b6d37ae3b	3b5ffd08014ff0b72e0b650cfd068900ba0411945c9167810bc2a09b6d37ae3b
Run Scripts/qwen35/lezgi/run_lezgi_qwen35_newmaterials_summary_tables_jpg.sh	scripts/jobs/qwen35/lezgi/run_lezgi_qwen35_curated_v1_summary_tables_jpg.sh	811db84d1a844bbee0f3d036e21e8ac0f3bee26210ddbcf55ff8e194cb40e91b	811db84d1a844bbee0f3d036e21e8ac0f3bee26210ddbcf55ff8e194cb40e91b
Run Scripts/qwen35/lezgi/run_lezgi_qwen35_newmaterials_summary_tables_txt.sh	scripts/jobs/qwen35/lezgi/run_lezgi_qwen35_curated_v1_summary_tables_txt.sh	a3a84134f2687dfcd11dff08543bf99d68eaad84e031aa20197cd5ceb49f476b	a3a84134f2687dfcd11dff08543bf99d68eaad84e031aa20197cd5ceb49f476b
Run Scripts/qwen35/lezgi/run_lezgi_qwen35_newmaterials_summary_text_txt.sh	scripts/jobs/qwen35/lezgi/run_lezgi_qwen35_curated_v1_summary_text_txt.sh	a47804af1f5e18ef63b668d4ddbe5e194af99c50cfbaf3d4cca36f2885dddf85	a47804af1f5e18ef63b668d4ddbe5e194af99c50cfbaf3d4cca36f2885dddf85
Run Scripts/qwen35/lezgi_cyrillic/run_lezgi_cyrillic_qwen35_modelgloss_newmaterials_cheatsheet_jpg.sh	scripts/jobs/qwen35/lezgi_cyrillic/run_lezgi_cyrillic_qwen35_modelgloss_curated_v1_cheatsheet_jpg.sh	09e3cad33cc671a6d22673c6dd6e4a1ed7a3af6f90d2fbdf9109065a1086512c	09e3cad33cc671a6d22673c6dd6e4a1ed7a3af6f90d2fbdf9109065a1086512c
Run Scripts/qwen35/lezgi_cyrillic/run_lezgi_cyrillic_qwen35_modelgloss_newmaterials_cheatsheet_txt.sh	scripts/jobs/qwen35/lezgi_cyrillic/run_lezgi_cyrillic_qwen35_modelgloss_curated_v1_cheatsheet_txt.sh	0fe1cdb017487954cbe82cd4b4b4e4c97f47ee8449a9ba854a4f76bdb5697a54	0fe1cdb017487954cbe82cd4b4b4e4c97f47ee8449a9ba854a4f76bdb5697a54
Run Scripts/qwen35/lezgi_cyrillic/run_lezgi_cyrillic_qwen35_modelgloss_newmaterials_summary_tables_jpg.sh	scripts/jobs/qwen35/lezgi_cyrillic/run_lezgi_cyrillic_qwen35_modelgloss_curated_v1_summary_tables_jpg.sh	f63d9c2c1f4ddb34a6301c92ee8d8f90e87cb9d388c6bf1139552a7f9c7a653b	f63d9c2c1f4ddb34a6301c92ee8d8f90e87cb9d388c6bf1139552a7f9c7a653b
Run Scripts/qwen35/lezgi_cyrillic/run_lezgi_cyrillic_qwen35_modelgloss_newmaterials_summary_tables_txt.sh	scripts/jobs/qwen35/lezgi_cyrillic/run_lezgi_cyrillic_qwen35_modelgloss_curated_v1_summary_tables_txt.sh	3904e8e82a456ae3bcdc57bbcc35e3724171b29adc9e978dcd5a5f103e6d4646	3904e8e82a456ae3bcdc57bbcc35e3724171b29adc9e978dcd5a5f103e6d4646
Run Scripts/qwen35/lezgi_cyrillic/run_lezgi_cyrillic_qwen35_modelgloss_newmaterials_summary_text_txt.sh	scripts/jobs/qwen35/lezgi_cyrillic/run_lezgi_cyrillic_qwen35_modelgloss_curated_v1_summary_text_txt.sh	abdf4caa48aeb06401789b138bdb0f351f4842f63fe8b826f7e33e0eef670323	abdf4caa48aeb06401789b138bdb0f351f4842f63fe8b826f7e33e0eef670323
Run Scripts/qwen35/lezgi_cyrillic/run_lezgi_cyrillic_qwen35_newmaterials_cheatsheet_jpg.sh	scripts/jobs/qwen35/lezgi_cyrillic/run_lezgi_cyrillic_qwen35_curated_v1_cheatsheet_jpg.sh	6ba9ef33d824238a59b05c2d1491b7be4f2c37399226fdba890508147a262ae6	6ba9ef33d824238a59b05c2d1491b7be4f2c37399226fdba890508147a262ae6
Run Scripts/qwen35/lezgi_cyrillic/run_lezgi_cyrillic_qwen35_newmaterials_cheatsheet_txt.sh	scripts/jobs/qwen35/lezgi_cyrillic/run_lezgi_cyrillic_qwen35_curated_v1_cheatsheet_txt.sh	7e100195faa8944b607cd280023a37db9169d5520682132b1f6c54f5ec0a858a	7e100195faa8944b607cd280023a37db9169d5520682132b1f6c54f5ec0a858a
Run Scripts/qwen35/lezgi_cyrillic/run_lezgi_cyrillic_qwen35_newmaterials_summary_tables_jpg.sh	scripts/jobs/qwen35/lezgi_cyrillic/run_lezgi_cyrillic_qwen35_curated_v1_summary_tables_jpg.sh	952edd81c772dbb0d0ac1fe2ce47af92de646f53fce818cf72450207d1ad2805	952edd81c772dbb0d0ac1fe2ce47af92de646f53fce818cf72450207d1ad2805
Run Scripts/qwen35/lezgi_cyrillic/run_lezgi_cyrillic_qwen35_newmaterials_summary_tables_txt.sh	scripts/jobs/qwen35/lezgi_cyrillic/run_lezgi_cyrillic_qwen35_curated_v1_summary_tables_txt.sh	7c58f59623d01d43524cfc773087fb51f217737e52ae25e990bb2e1516d0232c	7c58f59623d01d43524cfc773087fb51f217737e52ae25e990bb2e1516d0232c
Run Scripts/qwen35/lezgi_cyrillic/run_lezgi_cyrillic_qwen35_newmaterials_summary_text_txt.sh	scripts/jobs/qwen35/lezgi_cyrillic/run_lezgi_cyrillic_qwen35_curated_v1_summary_text_txt.sh	62c2a1a5858bf71acb9526230d8da5a92bce65cbcefdd8672b2da37f26fbbf55	62c2a1a5858bf71acb9526230d8da5a92bce65cbcefdd8672b2da37f26fbbf55
Run Scripts/qwen35/natugu/run_natugu_qwen35_cheatsheet.sh	scripts/jobs/qwen35/natugu/run_natugu_qwen35_cheatsheet.sh	63ecebcfdb8b543cc8583d9467e95a67bd0156b8e1efd92f05e56a2b840982e4	63ecebcfdb8b543cc8583d9467e95a67bd0156b8e1efd92f05e56a2b840982e4
Run Scripts/qwen35/natugu/run_natugu_qwen35_modelgloss_newmaterials_cheatsheet_jpg.sh	scripts/jobs/qwen35/natugu/run_natugu_qwen35_modelgloss_curated_v1_cheatsheet_jpg.sh	fdf56d9ca1105d06b0294355c295fbd9f06a8b76ffca3977a70acf0de9732dbe	fdf56d9ca1105d06b0294355c295fbd9f06a8b76ffca3977a70acf0de9732dbe
Run Scripts/qwen35/natugu/run_natugu_qwen35_modelgloss_newmaterials_cheatsheet_txt.sh	scripts/jobs/qwen35/natugu/run_natugu_qwen35_modelgloss_curated_v1_cheatsheet_txt.sh	314c1f5e74dc5f1ff515a32c0fefd575dd20f4161cd6fac2d9f14fddc84aa108	314c1f5e74dc5f1ff515a32c0fefd575dd20f4161cd6fac2d9f14fddc84aa108
Run Scripts/qwen35/natugu/run_natugu_qwen35_modelgloss_newmaterials_pdfpages_impactful_jpg.sh	scripts/jobs/qwen35/natugu/run_natugu_qwen35_modelgloss_curated_v1_pdfpages_impactful_jpg.sh	728c24fa2e567f54df1071a7a19f18303a1784482587acc75064a55263c06bee	728c24fa2e567f54df1071a7a19f18303a1784482587acc75064a55263c06bee
Run Scripts/qwen35/natugu/run_natugu_qwen35_modelgloss_newmaterials_summary_tables_jpg.sh	scripts/jobs/qwen35/natugu/run_natugu_qwen35_modelgloss_curated_v1_summary_tables_jpg.sh	d3295e6aba8d1a8df8d043ac884ead348349f69d9d8a52a57609ff9c54fa7598	d3295e6aba8d1a8df8d043ac884ead348349f69d9d8a52a57609ff9c54fa7598
Run Scripts/qwen35/natugu/run_natugu_qwen35_modelgloss_newmaterials_summary_tables_txt.sh	scripts/jobs/qwen35/natugu/run_natugu_qwen35_modelgloss_curated_v1_summary_tables_txt.sh	325008aafc2dd99de64da4f7e9befd3c5d817a41eab9da4dbeacb5befd842b12	325008aafc2dd99de64da4f7e9befd3c5d817a41eab9da4dbeacb5befd842b12
Run Scripts/qwen35/natugu/run_natugu_qwen35_modelgloss_newmaterials_summary_text_txt.sh	scripts/jobs/qwen35/natugu/run_natugu_qwen35_modelgloss_curated_v1_summary_text_txt.sh	7242095d51f91fed0fc911da8e7fe848667d7b1c233acf3e712d11928c3b42d2	7242095d51f91fed0fc911da8e7fe848667d7b1c233acf3e712d11928c3b42d2
Run Scripts/qwen35/natugu/run_natugu_qwen35_modelgloss_pdfpages_modelinput_all.sh	scripts/jobs/qwen35/natugu/run_natugu_qwen35_modelgloss_pdfpages_modelinput_all.sh	b8de7c56c6acca1af13d5be828e57c76db1a63d2f1a91854edbbb0390aa9ed02	b8de7c56c6acca1af13d5be828e57c76db1a63d2f1a91854edbbb0390aa9ed02
Run Scripts/qwen35/natugu/run_natugu_qwen35_modelgloss_summary_combined_image.sh	scripts/jobs/qwen35/natugu/run_natugu_qwen35_modelgloss_summary_combined_image.sh	2a84838b5972c234908fb4456c304a42977914c19d3aa27abff7f33ab20d43e2	2a84838b5972c234908fb4456c304a42977914c19d3aa27abff7f33ab20d43e2
Run Scripts/qwen35/natugu/run_natugu_qwen35_modelgloss_summary_modelinput_all.sh	scripts/jobs/qwen35/natugu/run_natugu_qwen35_modelgloss_summary_modelinput_all.sh	a05ef93a602c1f6adb8c07b99ed576b4d5bdb29a5e897de44f001a04b1ed8c04	a05ef93a602c1f6adb8c07b99ed576b4d5bdb29a5e897de44f001a04b1ed8c04
Run Scripts/qwen35/natugu/run_natugu_qwen35_modelgloss_summary_text.sh	scripts/jobs/qwen35/natugu/run_natugu_qwen35_modelgloss_summary_text.sh	13f184fd2bcba54821703541b163136b93ec567494314b1d62ca5f6f0a563e63	13f184fd2bcba54821703541b163136b93ec567494314b1d62ca5f6f0a563e63
Run Scripts/qwen35/natugu/run_natugu_qwen35_newmaterials_cheatsheet_jpg.sh	scripts/jobs/qwen35/natugu/run_natugu_qwen35_curated_v1_cheatsheet_jpg.sh	955b7e6813e7f3036c5b0e7a0a8c0a59f6ec9ee6bb61024838d94c88669073e7	955b7e6813e7f3036c5b0e7a0a8c0a59f6ec9ee6bb61024838d94c88669073e7
Run Scripts/qwen35/natugu/run_natugu_qwen35_newmaterials_cheatsheet_txt.sh	scripts/jobs/qwen35/natugu/run_natugu_qwen35_curated_v1_cheatsheet_txt.sh	901b07357c9c86e19d142d36e5eddc54237f6f76132bb4b6284442983e38546d	901b07357c9c86e19d142d36e5eddc54237f6f76132bb4b6284442983e38546d
Run Scripts/qwen35/natugu/run_natugu_qwen35_newmaterials_pdfpages_impactful_jpg.sh	scripts/jobs/qwen35/natugu/run_natugu_qwen35_curated_v1_pdfpages_impactful_jpg.sh	bae5abcabea63130371c2875bb440c4f57071d0cd6893bba59a8e0b286a80064	bae5abcabea63130371c2875bb440c4f57071d0cd6893bba59a8e0b286a80064
Run Scripts/qwen35/natugu/run_natugu_qwen35_newmaterials_summary_tables_jpg.sh	scripts/jobs/qwen35/natugu/run_natugu_qwen35_curated_v1_summary_tables_jpg.sh	a0c735e56e1654525af9199b35e9e7572d9b37c04407809491fb83c0063277ac	a0c735e56e1654525af9199b35e9e7572d9b37c04407809491fb83c0063277ac
Run Scripts/qwen35/natugu/run_natugu_qwen35_newmaterials_summary_tables_txt.sh	scripts/jobs/qwen35/natugu/run_natugu_qwen35_curated_v1_summary_tables_txt.sh	ae819722cc0d7c98f8090c930d5ea601ec354e22a60d5c0f7d1acef22513c192	ae819722cc0d7c98f8090c930d5ea601ec354e22a60d5c0f7d1acef22513c192
Run Scripts/qwen35/natugu/run_natugu_qwen35_newmaterials_summary_text_txt.sh	scripts/jobs/qwen35/natugu/run_natugu_qwen35_curated_v1_summary_text_txt.sh	c2872eee2fa70e46df1a690d0585411c9e7a0c926adb510f5a51737bfb58bd6f	c2872eee2fa70e46df1a690d0585411c9e7a0c926adb510f5a51737bfb58bd6f
Run Scripts/qwen35/natugu/run_natugu_qwen35_pdfpages.sh	scripts/jobs/qwen35/natugu/run_natugu_qwen35_pdfpages.sh	41d8dc794feb056d230fbd635df2dbb20920da1b69b8e386a61c0e8f036d962b	41d8dc794feb056d230fbd635df2dbb20920da1b69b8e386a61c0e8f036d962b
Run Scripts/qwen35/natugu/run_natugu_qwen35_pdfpages_modelinput_all.sh	scripts/jobs/qwen35/natugu/run_natugu_qwen35_pdfpages_modelinput_all.sh	56d6e830f4dfaeb260204e7c023e4d8a094c9bbaea23f2711689606e0b9243d6	56d6e830f4dfaeb260204e7c023e4d8a094c9bbaea23f2711689606e0b9243d6
Run Scripts/qwen35/natugu/run_natugu_qwen35_summary.sh	scripts/jobs/qwen35/natugu/run_natugu_qwen35_summary.sh	26201ddc22447b1ef938b5d440fc6802fc2ea9e47016c6fdd0a78c1d418eab54	26201ddc22447b1ef938b5d440fc6802fc2ea9e47016c6fdd0a78c1d418eab54
Run Scripts/qwen35/natugu/run_natugu_qwen35_summary_combined_image.sh	scripts/jobs/qwen35/natugu/run_natugu_qwen35_summary_combined_image.sh	b6ffb49e1d7e14922f6a515f5c406e78124a50c772be418f0568cbf3949050c6	b6ffb49e1d7e14922f6a515f5c406e78124a50c772be418f0568cbf3949050c6
Run Scripts/qwen35/natugu/run_natugu_qwen35_summary_modelinput_all.sh	scripts/jobs/qwen35/natugu/run_natugu_qwen35_summary_modelinput_all.sh	d52f5e5a033d8d3c3eea4d7c83df9d4ab8fa13d94b8bc6e034238dcba90d406e	d52f5e5a033d8d3c3eea4d7c83df9d4ab8fa13d94b8bc6e034238dcba90d406e
Run Scripts/qwen35/natugu/run_natugu_qwen35_summary_text.sh	scripts/jobs/qwen35/natugu/run_natugu_qwen35_summary_text.sh	92623bc0bfc52067049969db5b19d8df871fe41b55aa28ce491bcf482c8aa604	92623bc0bfc52067049969db5b19d8df871fe41b55aa28ce491bcf482c8aa604
Run Scripts/qwen35/scoring/run_gitksan_qwen35_score_xcomet.sh	scripts/scoring/run_gitksan_qwen35_score_xcomet.sh	f29119703dccb942eebb20bf42ad0bcc979e6da90e002a3d387442d732da7998	f29119703dccb942eebb20bf42ad0bcc979e6da90e002a3d387442d732da7998
Run Scripts/qwen35/scoring/run_lezgi_qwen35_score_xcomet.sh	scripts/scoring/run_lezgi_qwen35_score_xcomet.sh	86c00162483b71210934e8caf12deacd54a623bfc1c9490b66940b9977e5de7e	86c00162483b71210934e8caf12deacd54a623bfc1c9490b66940b9977e5de7e
Run Scripts/qwen35/scoring/run_lezgi_qwen35_score_xcomet_pdfpages_impactful.sh	scripts/scoring/run_lezgi_qwen35_score_xcomet_pdfpages_impactful.sh	d22d1770111bbdebfd07f1b87b4237ce0f5aed386714c71f0cb88aa907aa73fb	d22d1770111bbdebfd07f1b87b4237ce0f5aed386714c71f0cb88aa907aa73fb
Run Scripts/qwen35/scoring/run_natugu_qwen35_score_xcomet.sh	scripts/scoring/run_natugu_qwen35_score_xcomet.sh	08a33a319dec157d6b2d4fa5d8e4ff225923209c2e1647bde741e565bca6859f	08a33a319dec157d6b2d4fa5d8e4ff225923209c2e1647bde741e565bca6859f
Run Scripts/qwen35/scoring/run_qwen35_score_xcomet_all.sh	scripts/scoring/run_qwen35_score_xcomet_all.sh	2f1b660a277223c86832c1da8def0a4bab9aba1b618e1b7700cfec5bd28b6cc7	2f1b660a277223c86832c1da8def0a4bab9aba1b618e1b7700cfec5bd28b6cc7
Run Scripts/qwen35/scoring/run_tsez_qwen35_score_xcomet.sh	scripts/scoring/run_tsez_qwen35_score_xcomet.sh	5a8b0320b354e0cb20a059df76fecba43ea22ba872890ac2bf9b5bddc70538cc	5a8b0320b354e0cb20a059df76fecba43ea22ba872890ac2bf9b5bddc70538cc
Run Scripts/qwen35/tsez/run_tsez_qwen35_modelgloss_newmaterials_cheatsheet_jpg.sh	scripts/jobs/qwen35/tsez/run_tsez_qwen35_modelgloss_curated_v1_cheatsheet_jpg.sh	73ce39369ea7611e4e782e47d87442af14783f3c264dff67dadadb23f8d4ec2f	73ce39369ea7611e4e782e47d87442af14783f3c264dff67dadadb23f8d4ec2f
Run Scripts/qwen35/tsez/run_tsez_qwen35_modelgloss_newmaterials_cheatsheet_txt.sh	scripts/jobs/qwen35/tsez/run_tsez_qwen35_modelgloss_curated_v1_cheatsheet_txt.sh	a6e02b31ce8606b93831fc348a3f28e12f41aa74a91ce5ab066756d377b3ffcc	a6e02b31ce8606b93831fc348a3f28e12f41aa74a91ce5ab066756d377b3ffcc
Run Scripts/qwen35/tsez/run_tsez_qwen35_modelgloss_newmaterials_pdfpages_impactful_jpg.sh	scripts/jobs/qwen35/tsez/run_tsez_qwen35_modelgloss_curated_v1_pdfpages_impactful_jpg.sh	9ddb8fc5faca820d1e55837b7127f5ea302de9d23bf30bbf5475a577179c691f	9ddb8fc5faca820d1e55837b7127f5ea302de9d23bf30bbf5475a577179c691f
Run Scripts/qwen35/tsez/run_tsez_qwen35_modelgloss_newmaterials_summary_tables_jpg.sh	scripts/jobs/qwen35/tsez/run_tsez_qwen35_modelgloss_curated_v1_summary_tables_jpg.sh	977f2a22c8a5566947e8c71bdaa16aaa3a4d81e2d8c45659dc1025c4f7e0e00f	977f2a22c8a5566947e8c71bdaa16aaa3a4d81e2d8c45659dc1025c4f7e0e00f
Run Scripts/qwen35/tsez/run_tsez_qwen35_modelgloss_newmaterials_summary_tables_txt.sh	scripts/jobs/qwen35/tsez/run_tsez_qwen35_modelgloss_curated_v1_summary_tables_txt.sh	03673225a964d5ddb03577137a29b864d81c8e15768f5c386e67df3b7e17de98	03673225a964d5ddb03577137a29b864d81c8e15768f5c386e67df3b7e17de98
Run Scripts/qwen35/tsez/run_tsez_qwen35_modelgloss_newmaterials_summary_text_txt.sh	scripts/jobs/qwen35/tsez/run_tsez_qwen35_modelgloss_curated_v1_summary_text_txt.sh	1925db1726c4daa8272b48281dd23c87e65af24be01f48861c647e44bf21a5de	1925db1726c4daa8272b48281dd23c87e65af24be01f48861c647e44bf21a5de
Run Scripts/qwen35/tsez/run_tsez_qwen35_newmaterials_cheatsheet_jpg.sh	scripts/jobs/qwen35/tsez/run_tsez_qwen35_curated_v1_cheatsheet_jpg.sh	59e4352f2e197cf1cd716aeafcd23caef244c0f9705976b8976f25727fa5df3e	59e4352f2e197cf1cd716aeafcd23caef244c0f9705976b8976f25727fa5df3e
Run Scripts/qwen35/tsez/run_tsez_qwen35_newmaterials_cheatsheet_txt.sh	scripts/jobs/qwen35/tsez/run_tsez_qwen35_curated_v1_cheatsheet_txt.sh	271737d906d28024ea72a97fb5755b17a2341670d52618fb621bd82a9eaa473c	271737d906d28024ea72a97fb5755b17a2341670d52618fb621bd82a9eaa473c
Run Scripts/qwen35/tsez/run_tsez_qwen35_newmaterials_pdfpages_impactful_jpg.sh	scripts/jobs/qwen35/tsez/run_tsez_qwen35_curated_v1_pdfpages_impactful_jpg.sh	8f960b9a173a6f0b95782504ac01dc4118d2b9e1167667fd0aba9522fe976aa4	8f960b9a173a6f0b95782504ac01dc4118d2b9e1167667fd0aba9522fe976aa4
Run Scripts/qwen35/tsez/run_tsez_qwen35_newmaterials_summary_tables_jpg.sh	scripts/jobs/qwen35/tsez/run_tsez_qwen35_curated_v1_summary_tables_jpg.sh	f6f78dc63c786ca9cfb8cff95456492ce877fa634463bef4d73ce90c00f5e4bb	f6f78dc63c786ca9cfb8cff95456492ce877fa634463bef4d73ce90c00f5e4bb
Run Scripts/qwen35/tsez/run_tsez_qwen35_newmaterials_summary_tables_txt.sh	scripts/jobs/qwen35/tsez/run_tsez_qwen35_curated_v1_summary_tables_txt.sh	4e0ad06c990b95e98b65ba90d7cd7bf313ef6dab9665b1da8ebf82814d979b40	4e0ad06c990b95e98b65ba90d7cd7bf313ef6dab9665b1da8ebf82814d979b40
Run Scripts/qwen35/tsez/run_tsez_qwen35_newmaterials_summary_text_txt.sh	scripts/jobs/qwen35/tsez/run_tsez_qwen35_curated_v1_summary_text_txt.sh	9c279e5ff284fe96b2bf9d30164e9dfd8cfebe10a6813a6ddf8bc496f4598d8e	9c279e5ff284fe96b2bf9d30164e9dfd8cfebe10a6813a6ddf8bc496f4598d8e
Run Scripts/shared/cache_env.sh	scripts/shared/cache_env.sh	59a1198e5811ce9c5048f2ff4c394837c0a995372765633d82fb7c76ca5952ce	59a1198e5811ce9c5048f2ff4c394837c0a995372765633d82fb7c76ca5952ce
Run Scripts/shared/openrouter_job_env.sh	scripts/shared/openrouter_job_env.sh	72aa0843df124731740d1adef194920772e9b40b58e6d6c52fd3581cb1852b47	72aa0843df124731740d1adef194920772e9b40b58e6d6c52fd3581cb1852b47
Run Scripts/shared/qwen35_job_env.sh	scripts/shared/qwen35_job_env.sh	88c0d46547bc404b4e256d3ca2982820a8f335afb4605b50f742d418760643fa	88c0d46547bc404b4e256d3ca2982820a8f335afb4605b50f742d418760643fa
Run Scripts/submit/submit_gemini25flashlite_full.sh	scripts/submit/curated_v1/submit_gemini25flashlite_full.sh	7dbabf6444c3cc30c0d427996904f5e120d4b6cbea043dd8da0e88ee8612931f	7dbabf6444c3cc30c0d427996904f5e120d4b6cbea043dd8da0e88ee8612931f
Run Scripts/submit/submit_gemini25flashlite_smoke.sh	scripts/submit/curated_v1/submit_gemini25flashlite_smoke.sh	df041f38e908be96629719984521e7338464627410afd2b51b98c253e11f2f8a	df041f38e908be96629719984521e7338464627410afd2b51b98c253e11f2f8a
Run Scripts/submit/submit_gpt56luna_full.sh	scripts/submit/curated_v1/submit_gpt56luna_full.sh	34e551cfd7034b26ec4b7004a64fc2abbfb7ed043e6427e610e9dda92a877af8	34e551cfd7034b26ec4b7004a64fc2abbfb7ed043e6427e610e9dda92a877af8
Run Scripts/submit/submit_gpt56luna_smoke.sh	scripts/submit/curated_v1/submit_gpt56luna_smoke.sh	9ef4fe039f3d0f3a65c219a53fe0e276014cdd77d307ac908e0368ec172265af	9ef4fe039f3d0f3a65c219a53fe0e276014cdd77d307ac908e0368ec172265af
Run Scripts/submit/submit_lezgi_newmaterials_remaining_when_slots_open.sh	scripts/submit/curated_v1/submit_lezgi_curated_v1_remaining_when_slots_open.sh	943efac143df17ad5a591741099f8dceff6b04f4610fd593688cb9c150fe9a2a	943efac143df17ad5a591741099f8dceff6b04f4610fd593688cb9c150fe9a2a
Run Scripts/submit/submit_lezgi_pdfpages_impactful_jobs.sh	scripts/submit/curated_v1/submit_lezgi_pdfpages_impactful_jobs.sh	d408dff9a4d59b3b15e20212c64767032f76d1d82cd490daa6b036290ea563bf	d408dff9a4d59b3b15e20212c64767032f76d1d82cd490daa6b036290ea563bf
Run Scripts/submit/submit_old_qwen35_gitksan.sh	scripts/submit/legacy/submit_old_qwen35_gitksan.sh	1ac52d012c6547d2bc2cc497c9159b6bacefb5c58987bf7a3f31ab8e80ba4d3f	1ac52d012c6547d2bc2cc497c9159b6bacefb5c58987bf7a3f31ab8e80ba4d3f
Run Scripts/submit/submit_old_qwen35_gitksan_pdf1.sh	scripts/submit/legacy/submit_old_qwen35_gitksan_pdf1.sh	5f4c7503c478767117de767aaa5170793e794d6cb5c0b44f3ca8bada9298a17c	5f4c7503c478767117de767aaa5170793e794d6cb5c0b44f3ca8bada9298a17c
Run Scripts/submit/submit_old_qwen35_gitksan_pdf2.sh	scripts/submit/legacy/submit_old_qwen35_gitksan_pdf2.sh	3df7c8602b648a076592d570227e76c33278ce0a228ba035daded1ab4a4d9f5b	3df7c8602b648a076592d570227e76c33278ce0a228ba035daded1ab4a4d9f5b
Run Scripts/submit/submit_old_qwen35_jobs.sh	scripts/submit/legacy/submit_old_qwen35_jobs.sh	223cfd75223576fb53ab232bd273900f879fb232d27f24963bdccda7c3a10c15	223cfd75223576fb53ab232bd273900f879fb232d27f24963bdccda7c3a10c15
Run Scripts/submit/submit_old_qwen35_language.sh	scripts/submit/legacy/submit_old_qwen35_language.sh	8b0369d0f926cf095f15e9489646f0c59923aedf4da5e44b27a680250f8c9085	8b0369d0f926cf095f15e9489646f0c59923aedf4da5e44b27a680250f8c9085
Run Scripts/submit/submit_old_qwen35_lezgi.sh	scripts/submit/legacy/submit_old_qwen35_lezgi.sh	0b110e04e149614de99b5e13e1b16734d4d5d1ecb1813379a6e31e16c1d632df	0b110e04e149614de99b5e13e1b16734d4d5d1ecb1813379a6e31e16c1d632df
Run Scripts/submit/submit_old_qwen35_natugu.sh	scripts/submit/legacy/submit_old_qwen35_natugu.sh	054b09c0843c420f04fceea3bac46bc27dd9cdafa5d3e0fc053bbd5e1e87623d	054b09c0843c420f04fceea3bac46bc27dd9cdafa5d3e0fc053bbd5e1e87623d
Run Scripts/submit/submit_old_qwen3_gitksan.sh	scripts/submit/legacy/submit_old_qwen3_gitksan.sh	a2941c684cbe31ed810c68ec793d5a3c33d3f107c6de46bd1129ff58120d028d	a2941c684cbe31ed810c68ec793d5a3c33d3f107c6de46bd1129ff58120d028d
Run Scripts/submit/submit_old_qwen3_gitksan_pdf1.sh	scripts/submit/legacy/submit_old_qwen3_gitksan_pdf1.sh	111fe08a134ccb9ce7abf1f3e3ba531b983eb85f4d0012330ea0df53071bcafd	111fe08a134ccb9ce7abf1f3e3ba531b983eb85f4d0012330ea0df53071bcafd
Run Scripts/submit/submit_old_qwen3_gitksan_pdf2.sh	scripts/submit/legacy/submit_old_qwen3_gitksan_pdf2.sh	9d05d2b852734934b4779232f9a097ae8dee52b91d4b80d61667e71969842c1d	9d05d2b852734934b4779232f9a097ae8dee52b91d4b80d61667e71969842c1d
Run Scripts/submit/submit_old_qwen3_jobs.sh	scripts/submit/legacy/submit_old_qwen3_jobs.sh	777cf3b6c830e45f3c6e976a872a3c19cf43ad440f6badd6109c564878701fd4	777cf3b6c830e45f3c6e976a872a3c19cf43ad440f6badd6109c564878701fd4
Run Scripts/submit/submit_old_qwen3_language.sh	scripts/submit/legacy/submit_old_qwen3_language.sh	b2ae392c975ba3738f2c57ad99ef2f080f417f87b0d0997f9f4f5646ee6287fe	b2ae392c975ba3738f2c57ad99ef2f080f417f87b0d0997f9f4f5646ee6287fe
Run Scripts/submit/submit_old_qwen3_lezgi.sh	scripts/submit/legacy/submit_old_qwen3_lezgi.sh	26fa0744b369afac4b156b19383598aafd94dde7cdd68ae94f715d9e80604225	26fa0744b369afac4b156b19383598aafd94dde7cdd68ae94f715d9e80604225
Run Scripts/submit/submit_old_qwen3_natugu.sh	scripts/submit/legacy/submit_old_qwen3_natugu.sh	c1ea569278150ed0e390f26037228e385d4c0aab342ceaff9422b55a487814ff	c1ea569278150ed0e390f26037228e385d4c0aab342ceaff9422b55a487814ff
Run Scripts/submit/submit_qwen35_gitksan.sh	scripts/submit/curated_v1/submit_qwen35_gitksan.sh	abead558f09f46169b3244ecd1eaa848638bd450f4afd5d362194a6e0de00733	abead558f09f46169b3244ecd1eaa848638bd450f4afd5d362194a6e0de00733
Run Scripts/submit/submit_qwen35_gitksan_pdf1.sh	scripts/submit/curated_v1/submit_qwen35_gitksan_pdf1.sh	d08734e962d3518bde82d225aee4a19c21d146aad3896528e46ba0e7c4021b0e	d08734e962d3518bde82d225aee4a19c21d146aad3896528e46ba0e7c4021b0e
Run Scripts/submit/submit_qwen35_gitksan_pdf2.sh	scripts/submit/curated_v1/submit_qwen35_gitksan_pdf2.sh	d10d17ec67e48060c1920e4ca65f3b640741667f7518fded2b8fc3b582798a0f	d10d17ec67e48060c1920e4ca65f3b640741667f7518fded2b8fc3b582798a0f
Run Scripts/submit/submit_qwen35_jobs.sh	scripts/submit/curated_v1/submit_qwen35_jobs.sh	d3259d89b869f9e3b4f7f1927cdc3490ac04ace5b10a24e05aeeebd181e036d4	d3259d89b869f9e3b4f7f1927cdc3490ac04ace5b10a24e05aeeebd181e036d4
Run Scripts/submit/submit_qwen35_language.sh	scripts/submit/curated_v1/submit_qwen35_language.sh	1f7b7ba794c188f2db0707f7f66d9ed61e72ad61dd17e3dc382c2505dd4bbd2e	1f7b7ba794c188f2db0707f7f66d9ed61e72ad61dd17e3dc382c2505dd4bbd2e
Run Scripts/submit/submit_qwen35_lezgi.sh	scripts/submit/curated_v1/submit_qwen35_lezgi.sh	c5b8cc9c02029fb468ca142698073d40504d492e0c5fda6d48ca37cbc6c9358c	c5b8cc9c02029fb468ca142698073d40504d492e0c5fda6d48ca37cbc6c9358c
Run Scripts/submit/submit_qwen35_natugu.sh	scripts/submit/curated_v1/submit_qwen35_natugu.sh	02296f1962b7ae1c47d7b65af926dab8704f748566e67f94b5eb08c1bc5d5b91	02296f1962b7ae1c47d7b65af926dab8704f748566e67f94b5eb08c1bc5d5b91
Run Scripts/submit/submit_qwen35_tsez.sh	scripts/submit/curated_v1/submit_qwen35_tsez.sh	78c49bfa2e8ec23128e96ca974fb9bde21dc8924f5f3a597606d78405c742739	78c49bfa2e8ec23128e96ca974fb9bde21dc8924f5f3a597606d78405c742739
Run Scripts/submit/submit_qwen3_gitksan.sh	scripts/submit/curated_v1/submit_qwen3_gitksan.sh	33cd560d2600a018ed11b38c44ee3c081954976c3be975903b94d3d43bf98687	33cd560d2600a018ed11b38c44ee3c081954976c3be975903b94d3d43bf98687
Run Scripts/submit/submit_qwen3_gitksan_pdf1.sh	scripts/submit/curated_v1/submit_qwen3_gitksan_pdf1.sh	4ccd72fb1a9583c65d49b9b076df84422b7507ff5588aeb942af67c56fd81621	4ccd72fb1a9583c65d49b9b076df84422b7507ff5588aeb942af67c56fd81621
Run Scripts/submit/submit_qwen3_gitksan_pdf2.sh	scripts/submit/curated_v1/submit_qwen3_gitksan_pdf2.sh	a2d9ac360fedde71f75d74b89e26fab0a415dd826de55e61bbc86ae0ad631777	a2d9ac360fedde71f75d74b89e26fab0a415dd826de55e61bbc86ae0ad631777
Run Scripts/submit/submit_qwen3_jobs.sh	scripts/submit/curated_v1/submit_qwen3_jobs.sh	5e3386030f9006c24861c8f4df06b3423bf03730fda78c3aecb299db4c6195e6	5e3386030f9006c24861c8f4df06b3423bf03730fda78c3aecb299db4c6195e6
Run Scripts/submit/submit_qwen3_language.sh	scripts/submit/curated_v1/submit_qwen3_language.sh	d82a83ce0e84061495d6fe58f01252fd78d746fef1708858752eb4800438c189	d82a83ce0e84061495d6fe58f01252fd78d746fef1708858752eb4800438c189
Run Scripts/submit/submit_qwen3_lezgi.sh	scripts/submit/curated_v1/submit_qwen3_lezgi.sh	e2d3b3be8262f34536010d13026c2ed6004a4bad2edfb92e9c273f7fcd127635	e2d3b3be8262f34536010d13026c2ed6004a4bad2edfb92e9c273f7fcd127635
Run Scripts/submit/submit_qwen3_natugu.sh	scripts/submit/curated_v1/submit_qwen3_natugu.sh	d444d511bf81a81726282c634a16a16957b8253cd136026bfb8fd79d0cdbba85	d444d511bf81a81726282c634a16a16957b8253cd136026bfb8fd79d0cdbba85
Run Scripts/submit/submit_qwen3_tsez.sh	scripts/submit/curated_v1/submit_qwen3_tsez.sh	4130b77dcc91127cdfa435950f4becaac4113615b33fd5d6ce5a88c278190d90	4130b77dcc91127cdfa435950f4becaac4113615b33fd5d6ce5a88c278190d90
Screenshots/Screenshot_5.png	docs/screenshots/Screenshot_5.png	ac791ce569df3cef7177e0bb686d7fd5657e647bf3a766caff0348be21dd3b59	ac791ce569df3cef7177e0bb686d7fd5657e647bf3a766caff0348be21dd3b59
Screenshots/Screenshot_6.png	docs/screenshots/Screenshot_6.png	b42f81dbc6d9e3db64b3c270a441a9cb4056faccf75026fb47fb933e27b31c17	b42f81dbc6d9e3db64b3c270a441a9cb4056faccf75026fb47fb933e27b31c17
Screenshots/Screenshot_7.png	docs/screenshots/Screenshot_7.png	6402b974066e4f125bd49201974c8f3a8ef8d320403be257c76cb6e6d51593c9	6402b974066e4f125bd49201974c8f3a8ef8d320403be257c76cb6e6d51593c9
Screenshots/Screenshot_8.png	docs/screenshots/Screenshot_8.png	24afa4eb828f49840ecd35eebb9768ed298ff088fcd791f44a30fe2506fb539b	24afa4eb828f49840ecd35eebb9768ed298ff088fcd791f44a30fe2506fb539b
Tsez Grammar Materials/Tsez_Grammar_PDF/Cheat Sheet from PDF/compact_cheatsheet.jpg	materials/curated_v1/tsez/grammar/original/cheatsheet/compact_cheatsheet.jpg	07c32cf65dae8cbcebc237692bbb8270eca4a4b5b8f30536b605d7f78a0bc624	07c32cf65dae8cbcebc237692bbb8270eca4a4b5b8f30536b605d7f78a0bc624
Tsez Grammar Materials/Tsez_Grammar_PDF/Cheat Sheet from PDF/compact_cheatsheet.md	materials/curated_v1/tsez/grammar/original/cheatsheet/compact_cheatsheet.md	adb02d7a1c4f67ca487d4b27dd38f04f3a1fd4e2c6e491db2b4fbbd2285137e9	adb02d7a1c4f67ca487d4b27dd38f04f3a1fd4e2c6e491db2b4fbbd2285137e9
Tsez Grammar Materials/Tsez_Grammar_PDF/Cheat Sheet from PDF/compact_cheatsheet.txt	materials/curated_v1/tsez/grammar/original/cheatsheet/compact_cheatsheet.txt	adb02d7a1c4f67ca487d4b27dd38f04f3a1fd4e2c6e491db2b4fbbd2285137e9	adb02d7a1c4f67ca487d4b27dd38f04f3a1fd4e2c6e491db2b4fbbd2285137e9
Tsez Grammar Materials/Tsez_Grammar_PDF/Cheat Sheet from PDF/compact_cheatsheet_2.jpg	materials/curated_v1/tsez/grammar/original/cheatsheet/compact_cheatsheet_2.jpg	3e082e3240a186b71a0476fda98369adccfcbef0425b6d415d1ac7e7022a574a	3e082e3240a186b71a0476fda98369adccfcbef0425b6d415d1ac7e7022a574a
Tsez Grammar Materials/Tsez_Grammar_PDF/Pages from the PDF/Selected impactful pages JPG/page_008.jpg	materials/curated_v1/tsez/grammar/original/selected_pages/page_008.jpg	0f6c70da999b1dffb72443c354256c0777dd047e1d8af214134e9302d0d3e8c8	0f6c70da999b1dffb72443c354256c0777dd047e1d8af214134e9302d0d3e8c8
Tsez Grammar Materials/Tsez_Grammar_PDF/Pages from the PDF/Selected impactful pages JPG/page_009.jpg	materials/curated_v1/tsez/grammar/original/selected_pages/page_009.jpg	7cd7d12a9acaee59cc9fa84d63c009187b7cc582b2e3409cc83cd801ff21b454	7cd7d12a9acaee59cc9fa84d63c009187b7cc582b2e3409cc83cd801ff21b454
Tsez Grammar Materials/Tsez_Grammar_PDF/Pages from the PDF/Selected impactful pages JPG/page_010.jpg	materials/curated_v1/tsez/grammar/original/selected_pages/page_010.jpg	e3d05ff6bcacb64c790273e4c3fc39d0b1746da75ed47f5c29dae2b103061b53	e3d05ff6bcacb64c790273e4c3fc39d0b1746da75ed47f5c29dae2b103061b53
Tsez Grammar Materials/Tsez_Grammar_PDF/Pages from the PDF/Selected impactful pages JPG/page_012.jpg	materials/curated_v1/tsez/grammar/original/selected_pages/page_012.jpg	381c5db39a6c38cb1aeea4c4de0cc8ce218cbd2327c4d246bd905b1a0378990d	381c5db39a6c38cb1aeea4c4de0cc8ce218cbd2327c4d246bd905b1a0378990d
Tsez Grammar Materials/Tsez_Grammar_PDF/Pages from the PDF/Selected impactful pages JPG/page_015.jpg	materials/curated_v1/tsez/grammar/original/selected_pages/page_015.jpg	8ad3a5f436298520bda2e322b65205a15cbdf2ecec37be3c14dedcf37825893b	8ad3a5f436298520bda2e322b65205a15cbdf2ecec37be3c14dedcf37825893b
Tsez Grammar Materials/Tsez_Grammar_PDF/Pages from the PDF/Selected impactful pages JPG/page_016.jpg	materials/curated_v1/tsez/grammar/original/selected_pages/page_016.jpg	79fd4877bdab2febbb536daedf8132b96c510b579a03550405ef58d3504e58a6	79fd4877bdab2febbb536daedf8132b96c510b579a03550405ef58d3504e58a6
Tsez Grammar Materials/Tsez_Grammar_PDF/Pages from the PDF/Selected impactful pages JPG/page_020.jpg	materials/curated_v1/tsez/grammar/original/selected_pages/page_020.jpg	131ddb75a15374c16281b35c6fae357947ba6e32d62c85b8c4e4a46142af460c	131ddb75a15374c16281b35c6fae357947ba6e32d62c85b8c4e4a46142af460c
Tsez Grammar Materials/Tsez_Grammar_PDF/Pages from the PDF/Selected impactful pages JPG/page_021.jpg	materials/curated_v1/tsez/grammar/original/selected_pages/page_021.jpg	7e2cd3cd38344f47f666a1f1bbd18f19597fc2589211775b462f16bc331716a3	7e2cd3cd38344f47f666a1f1bbd18f19597fc2589211775b462f16bc331716a3
Tsez Grammar Materials/Tsez_Grammar_PDF/Pages from the PDF/Selected impactful pages JPG/page_025.jpg	materials/curated_v1/tsez/grammar/original/selected_pages/page_025.jpg	d1969f152935fdd8b35112f70cb24d255abe4958cb0c2573ed4d19ed4ac5ce7e	d1969f152935fdd8b35112f70cb24d255abe4958cb0c2573ed4d19ed4ac5ce7e
Tsez Grammar Materials/Tsez_Grammar_PDF/Pages from the PDF/Selected impactful pages JPG/selected_pages_manifest.md	materials/curated_v1/tsez/grammar/original/selected_pages/selected_pages_manifest.md	3af64733207830d8a08050237eb9b75a6967b231d1b1f635370db316dd0ca6b5	3af64733207830d8a08050237eb9b75a6967b231d1b1f635370db316dd0ca6b5
Tsez Grammar Materials/Tsez_Grammar_PDF/Pages from the PDF/Selected impactful pages JPG/selected_pages_manifest.txt	materials/curated_v1/tsez/grammar/original/selected_pages/selected_pages_manifest.txt	8b0f3867d8639a0b1aac9769d87bc6bad843ebcb828ab4818d393b0299be7007	8b0f3867d8639a0b1aac9769d87bc6bad843ebcb828ab4818d393b0299be7007
Tsez Grammar Materials/Tsez_Grammar_PDF/Pages from the PDF/optional_page_notes.md	materials/curated_v1/tsez/grammar/original/page_notes/optional_page_notes.md	0cd0a5d39c4ad3c6de0fba11bb6386a728f46406621fb600410c5b172a30ce94	0cd0a5d39c4ad3c6de0fba11bb6386a728f46406621fb600410c5b172a30ce94
Tsez Grammar Materials/Tsez_Grammar_PDF/Pages from the PDF/optional_page_notes.txt	materials/curated_v1/tsez/grammar/original/page_notes/optional_page_notes.txt	ba2587f40e64dedac4ef289e301c378678ef25dc508bf612f7fb0a6d67f64fb2	ba2587f40e64dedac4ef289e301c378678ef25dc508bf612f7fb0a6d67f64fb2
Tsez Grammar Materials/Tsez_Grammar_PDF/Summary Image with Tables/summary_tables.jpg	materials/curated_v1/tsez/grammar/original/summary_tables/summary_tables.jpg	34a109abb3b4b09e4586bc17c9105b9565c41f11a9b7c7fade897252444d19ff	34a109abb3b4b09e4586bc17c9105b9565c41f11a9b7c7fade897252444d19ff
Tsez Grammar Materials/Tsez_Grammar_PDF/Summary Image with Tables/summary_tables.md	materials/curated_v1/tsez/grammar/original/summary_tables/summary_tables.md	757bb5d73afcba5ab1a4e47876a1f61f7feaaa2b2f1291dd0d1959756c67ef3b	757bb5d73afcba5ab1a4e47876a1f61f7feaaa2b2f1291dd0d1959756c67ef3b
Tsez Grammar Materials/Tsez_Grammar_PDF/Summary Image with Tables/summary_tables.txt	materials/curated_v1/tsez/grammar/original/summary_tables/summary_tables.txt	757bb5d73afcba5ab1a4e47876a1f61f7feaaa2b2f1291dd0d1959756c67ef3b	757bb5d73afcba5ab1a4e47876a1f61f7feaaa2b2f1291dd0d1959756c67ef3b
Tsez Grammar Materials/Tsez_Grammar_PDF/Summary Image with Tables/summary_tables_2.jpg	materials/curated_v1/tsez/grammar/original/summary_tables/summary_tables_2.jpg	c190e6cdf5858cdf89a6d7eb2853acd05e4ef3b44df7b046241257634045b8d7	c190e6cdf5858cdf89a6d7eb2853acd05e4ef3b44df7b046241257634045b8d7
Tsez Grammar Materials/Tsez_Grammar_PDF/Summary Text/summary_model_readable.md	materials/curated_v1/tsez/grammar/original/summary_text/summary_model_readable.md	bee41814484e2cf51f2969439974d05d14559cb271932aa3c847d0d13ff2863a	bee41814484e2cf51f2969439974d05d14559cb271932aa3c847d0d13ff2863a
Tsez Grammar Materials/Tsez_Grammar_PDF/Summary Text/summary_model_readable.txt	materials/curated_v1/tsez/grammar/original/summary_text/summary_model_readable.txt	bee41814484e2cf51f2969439974d05d14559cb271932aa3c847d0d13ff2863a	bee41814484e2cf51f2969439974d05d14559cb271932aa3c847d0d13ff2863a
Tsez Grammar Materials/Tsez_Grammar_PDF/creation_report.txt	materials/curated_v1/tsez/grammar/original/creation_report.txt	a2918cd712fb47f78321d3a845dc54d5deaaa611bb77fff48bba6c028b5199cc	a2918cd712fb47f78321d3a845dc54d5deaaa611bb77fff48bba6c028b5199cc
Tsez Grammar PDF/Tsez_Grammar_PDF.pdf	inputs/grammar_pdfs/tsez/grammar/Tsez_Grammar_PDF.pdf	2ec3eddec7242c3607da0f597d9ea963b880ad8c23fec11a4be97dc036be5f7a	2ec3eddec7242c3607da0f597d9ea963b880ad8c23fec11a4be97dc036be5f7a
create_gitskan_grammar_context_materials.py	scripts/generators/create_gitskan_grammar_context_materials.py	77e4a22c8bbb19d6067fb0d06bd139176745443e911e4e759a4e43ca913ecc66	77e4a22c8bbb19d6067fb0d06bd139176745443e911e4e759a4e43ca913ecc66
create_grammar_context_materials.py	scripts/generators/create_grammar_context_materials.py	81b92368bdb649a53d8788b058a57fe24dd1db31a65547f80cb4348433cc8d52	81b92368bdb649a53d8788b058a57fe24dd1db31a65547f80cb4348433cc8d52
create_natugu_grammar_context_materials.py	scripts/generators/create_natugu_grammar_context_materials.py	58c995d491bce2cc5696a1f947ec689fc42ccfa7bf7bb63632df0997a0fd4829	58c995d491bce2cc5696a1f947ec689fc42ccfa7bf7bb63632df0997a0fd4829
create_tsez_grammar_context_materials.py	scripts/generators/create_tsez_grammar_context_materials.py	ebd7af0edaafe85c0b1147c35a65582cf86fa111dcc0be34f6488c6a522f8925	ebd7af0edaafe85c0b1147c35a65582cf86fa111dcc0be34f6488c6a522f8925
hf_login.py	scripts/local/hf_login.py	7b398d7e142ccb0cad04f648a8b9d2387fe57507b141e532d9c76bebb1a3e0f1	7b398d7e142ccb0cad04f648a8b9d2387fe57507b141e532d9c76bebb1a3e0f1
import_model.py	scripts/local/import_model.py	efd9ba73a81420d2826cb0c7590a0c4727872f71ecdbac929941e6e931b7e3f8	efd9ba73a81420d2826cb0c7590a0c4727872f71ecdbac929941e6e931b7e3f8
llm_call.py	scripts/local/llm_call.py	dc3b0b02e223b5348413f9769ef1e5292a30c98882fc218c0cc52118529e2212	dc3b0b02e223b5348413f9769ef1e5292a30c98882fc218c0cc52118529e2212
main.py	scripts/local/main.py	7adc794e93c75dc606af3f1df598a771a0169f74798cc8173da38ffd4933c60e	7adc794e93c75dc606af3f1df598a771a0169f74798cc8173da38ffd4933c60e
metric_archives/natugu_qwen_job_status_2026-05-20.tsv	archive/metric_archives/natugu_qwen_job_status_2026-05-20.tsv	157c14032d060c9890a2ad0d6c6f2be64f5ab6ec3bfe9b3f2c7b788c752b16b3	157c14032d060c9890a2ad0d6c6f2be64f5ab6ec3bfe9b3f2c7b788c752b16b3
metric_archives/natugu_qwen_metrics_2026-05-20.tar.gz	archive/metric_archives/natugu_qwen_metrics_2026-05-20.tar.gz	0dc00c6d9d774be54587f1e0e57687adf84d3b7bc81f61fc6e498ca7e70be0db	0dc00c6d9d774be54587f1e0e57687adf84d3b7bc81f61fc6e498ca7e70be0db
metrics/README.md	archive/unclassified/metrics/README.md	6b0f56ab878056777c70f916a3f07d11400c94d71bbda6f8db2366e0e07e5fad	6b0f56ab878056777c70f916a3f07d11400c94d71bbda6f8db2366e0e07e5fad
metrics/legacy/gitksan/metrics_gitksan_Apertus.json	metrics/baseline/apertus/gitksan/grammar/original/metrics_gitksan_Apertus.json	bffab1358932d4e9f915df38c024728e938f241de6ad429b37dcc7f101e7c0d4	bffab1358932d4e9f915df38c024728e938f241de6ad429b37dcc7f101e7c0d4
metrics/legacy/gitksan/metrics_gitksan_Llama_3.1.json	metrics/baseline/llama/gitksan/grammar/original/metrics_gitksan_Llama_3.1.json	b6529e810d15dade67aa72e61ab397925dc665ae9dd9f9ce4311bdadd5657aa5	b6529e810d15dade67aa72e61ab397925dc665ae9dd9f9ce4311bdadd5657aa5
metrics/legacy/gitksan/metrics_gitksan_ModelGloss_Apertus.json	metrics/baseline/apertus/gitksan/grammar/original/metrics_gitksan_ModelGloss_Apertus.json	d74134b1cd429413ff2081d763486eff3d6701154338e6ab2ba9b59da288b84d	d74134b1cd429413ff2081d763486eff3d6701154338e6ab2ba9b59da288b84d
metrics/legacy/gitksan/metrics_gitksan_ModelGloss_Llama_3.1.json	metrics/baseline/llama/gitksan/grammar/original/metrics_gitksan_ModelGloss_Llama_3.1.json	772a1a58139e5a0d25f78fcd2a639a91254dbac79a13e26e7fa6807081e5a7c7	772a1a58139e5a0d25f78fcd2a639a91254dbac79a13e26e7fa6807081e5a7c7
metrics/legacy/gitksan/metrics_gitksan_ModelGloss_Qwen.json	metrics/baseline/qwen3/gitksan/grammar/original/metrics_gitksan_ModelGloss_Qwen.json	f0c760a339a7abc0954304d1314388fae9840db7a659bd5919fac24236a8fe18	f0c760a339a7abc0954304d1314388fae9840db7a659bd5919fac24236a8fe18
metrics/legacy/gitksan/metrics_gitksan_Qwen.json	metrics/baseline/qwen3/gitksan/grammar/original/metrics_gitksan_Qwen.json	2e4322c77b82057f80bc07c1eecca6dd941b9bbdfa30163fa020e98c28dd57ca	2e4322c77b82057f80bc07c1eecca6dd941b9bbdfa30163fa020e98c28dd57ca
metrics/legacy/lezgi/metrics_lezgi_Apertus.json	metrics/baseline/apertus/lezgi/grammar/original/metrics_lezgi_Apertus.json	fdbed9f35bdfff16548d9a505441db1b7d1f1e7e249d9fb5bf63aad45cc1d5cd	fdbed9f35bdfff16548d9a505441db1b7d1f1e7e249d9fb5bf63aad45cc1d5cd
metrics/legacy/lezgi/metrics_lezgi_Llama_3.1.json	metrics/baseline/llama/lezgi/grammar/original/metrics_lezgi_Llama_3.1.json	55583cadf761d4b5e503842df42392f8683cb3878410e7f0afe55fb5b7c34dc8	55583cadf761d4b5e503842df42392f8683cb3878410e7f0afe55fb5b7c34dc8
metrics/legacy/lezgi/metrics_lezgi_ModelGloss_Apertus.json	metrics/baseline/apertus/lezgi/grammar/original/metrics_lezgi_ModelGloss_Apertus.json	28d31dc96522794e8af8e3e7b6f52af4cf2fc298c7325579115f057b9fe59936	28d31dc96522794e8af8e3e7b6f52af4cf2fc298c7325579115f057b9fe59936
metrics/legacy/lezgi/metrics_lezgi_ModelGloss_Llama_3.1.json	metrics/baseline/llama/lezgi/grammar/original/metrics_lezgi_ModelGloss_Llama_3.1.json	a89c61141402e15ee6147a2560fc83995eb9d8dac2435f85fc791e4600edcf67	a89c61141402e15ee6147a2560fc83995eb9d8dac2435f85fc791e4600edcf67
metrics/legacy/lezgi/metrics_lezgi_ModelGloss_Qwen.json	metrics/baseline/qwen3/lezgi/grammar/original/metrics_lezgi_ModelGloss_Qwen.json	95218391ee3fb3ab5f8ad5a133b98d63cd3a50bdb212f72e0f5095f606a36321	95218391ee3fb3ab5f8ad5a133b98d63cd3a50bdb212f72e0f5095f606a36321
metrics/legacy/lezgi/metrics_lezgi_Qwen.json	metrics/baseline/qwen3/lezgi/grammar/original/metrics_lezgi_Qwen.json	4eb97c3968a57193a47820d471bc2871ea817fd934057beddee4292e7cd0cec8	4eb97c3968a57193a47820d471bc2871ea817fd934057beddee4292e7cd0cec8
metrics/legacy/natugu/metrics_natugu_Apertus.json	metrics/baseline/apertus/natugu/grammar/original/metrics_natugu_Apertus.json	26d39f3989af181d108f14177a7abaa4619fba2ad56c1cf4fbc1e5ebddd6c7d9	26d39f3989af181d108f14177a7abaa4619fba2ad56c1cf4fbc1e5ebddd6c7d9
metrics/legacy/natugu/metrics_natugu_Llama_3.1.json	metrics/baseline/llama/natugu/grammar/original/metrics_natugu_Llama_3.1.json	8470fe9e5d559f6d7006769e8f737bb44f9d01ab1ddd3b59a30e7379db355406	8470fe9e5d559f6d7006769e8f737bb44f9d01ab1ddd3b59a30e7379db355406
metrics/legacy/natugu/metrics_natugu_ModelGloss_Apertus.json	metrics/baseline/apertus/natugu/grammar/original/metrics_natugu_ModelGloss_Apertus.json	c08877f8f52e0bc59d4d0cd345467a2a91e8e122a4baeb5a1fc2d6660848c2b2	c08877f8f52e0bc59d4d0cd345467a2a91e8e122a4baeb5a1fc2d6660848c2b2
metrics/legacy/natugu/metrics_natugu_ModelGloss_Llama_3.1.json	metrics/baseline/llama/natugu/grammar/original/metrics_natugu_ModelGloss_Llama_3.1.json	989fc2740f9925989aad1e05c607ee7970ce89f373fdb8a56c8bc05401c1b92f	989fc2740f9925989aad1e05c607ee7970ce89f373fdb8a56c8bc05401c1b92f
metrics/legacy/natugu/metrics_natugu_ModelGloss_Qwen.json	metrics/baseline/qwen3/natugu/grammar/original/metrics_natugu_ModelGloss_Qwen.json	7c32112cffdd024cf91662db0c41b83df47187b7740e6d444c23cce8f76716d8	7c32112cffdd024cf91662db0c41b83df47187b7740e6d444c23cce8f76716d8
metrics/legacy/natugu/metrics_natugu_Qwen.json	metrics/baseline/qwen3/natugu/grammar/original/metrics_natugu_Qwen.json	3d2c5bddd3987cabe733ad0514d840073a6976bd12dc1aef64ed11a3b9b2017f	3d2c5bddd3987cabe733ad0514d840073a6976bd12dc1aef64ed11a3b9b2017f
metrics/legacy/tsez/metrics_tsez_Apertus.json	metrics/baseline/apertus/tsez/grammar/original/metrics_tsez_Apertus.json	d7f2e7b2ee99661c37e14d53a059e21d96d81a71af1fe63a1696886364367b5a	d7f2e7b2ee99661c37e14d53a059e21d96d81a71af1fe63a1696886364367b5a
metrics/legacy/tsez/metrics_tsez_Llama_3.1.json	metrics/baseline/llama/tsez/grammar/original/metrics_tsez_Llama_3.1.json	9062f57845113e644c261d674241086be05801eb844fb0a01f23f63772c057b7	9062f57845113e644c261d674241086be05801eb844fb0a01f23f63772c057b7
metrics/legacy/tsez/metrics_tsez_ModelGloss_Apertus.json	metrics/baseline/apertus/tsez/grammar/original/metrics_tsez_ModelGloss_Apertus.json	888d627178a1bb4dffccd03e9131a8b92a289872381deb1cb78a0ba116ce02c9	888d627178a1bb4dffccd03e9131a8b92a289872381deb1cb78a0ba116ce02c9
metrics/legacy/tsez/metrics_tsez_ModelGloss_Llama_3.1.json	metrics/baseline/llama/tsez/grammar/original/metrics_tsez_ModelGloss_Llama_3.1.json	bbc107ffe35d5c3bacfe6787b662c8f2680c5c805fe53761b6cf7e49075225a8	bbc107ffe35d5c3bacfe6787b662c8f2680c5c805fe53761b6cf7e49075225a8
metrics/legacy/tsez/metrics_tsez_ModelGloss_Qwen.json	metrics/baseline/qwen3/tsez/grammar/original/metrics_tsez_ModelGloss_Qwen.json	a9667cf8cb2fdc60396dc46e8bae11c9bb026f828cc0e0ab60f45f05a012b2f2	a9667cf8cb2fdc60396dc46e8bae11c9bb026f828cc0e0ab60f45f05a012b2f2
metrics/legacy/tsez/metrics_tsez_Qwen.json	metrics/baseline/qwen3/tsez/grammar/original/metrics_tsez_Qwen.json	6adfa16536d2a31c1b45e86c8b91b1fd9fdc11ce1fc66e4648c9961063d9a4dc	6adfa16536d2a31c1b45e86c8b91b1fd9fdc11ce1fc66e4648c9961063d9a4dc
metrics/openrouter/gemini25flashlite/gitksan_pdf1_brown/metrics_gemini25flashlite_gitksan_pdf1_brown_newmaterials_cheatsheet_jpg.json	metrics/curated_v1/gemini25flashlite/gitksan/pdf1_brown/original/metrics_gemini25flashlite_gitksan_pdf1_brown_curated_v1_cheatsheet_jpg.json	bb1e28f704f1332ced9958442b8a14cab501dc333c02be6884da2542f8593064	bb1e28f704f1332ced9958442b8a14cab501dc333c02be6884da2542f8593064
metrics/openrouter/gemini25flashlite/gitksan_pdf1_brown/metrics_gemini25flashlite_gitksan_pdf1_brown_newmaterials_cheatsheet_txt.json	metrics/curated_v1/gemini25flashlite/gitksan/pdf1_brown/original/metrics_gemini25flashlite_gitksan_pdf1_brown_curated_v1_cheatsheet_txt.json	fb267301342b6544a1ad6c2fb2916ae2c79f76563c2d83db5f837d71d50ed8a8	fb267301342b6544a1ad6c2fb2916ae2c79f76563c2d83db5f837d71d50ed8a8
metrics/openrouter/gemini25flashlite/gitksan_pdf1_brown/metrics_gemini25flashlite_gitksan_pdf1_brown_newmaterials_modelgloss_cheatsheet_jpg.json	metrics/curated_v1/gemini25flashlite/gitksan/pdf1_brown/original/metrics_gemini25flashlite_gitksan_pdf1_brown_curated_v1_modelgloss_cheatsheet_jpg.json	d4f858fa7f2969449dd2c9791ba9efb9b3298ec22358ab3bab36ff843ba00b00	d4f858fa7f2969449dd2c9791ba9efb9b3298ec22358ab3bab36ff843ba00b00
metrics/openrouter/gemini25flashlite/gitksan_pdf1_brown/metrics_gemini25flashlite_gitksan_pdf1_brown_newmaterials_modelgloss_cheatsheet_txt.json	metrics/curated_v1/gemini25flashlite/gitksan/pdf1_brown/original/metrics_gemini25flashlite_gitksan_pdf1_brown_curated_v1_modelgloss_cheatsheet_txt.json	45b72daf1842a7f0e5c0497f8105fd0decf733e0799a4241c0a4a37e9b5c535c	45b72daf1842a7f0e5c0497f8105fd0decf733e0799a4241c0a4a37e9b5c535c
metrics/openrouter/gemini25flashlite/gitksan_pdf1_brown/metrics_gemini25flashlite_gitksan_pdf1_brown_newmaterials_modelgloss_pdfpages_impactful_jpg.json	metrics/curated_v1/gemini25flashlite/gitksan/pdf1_brown/original/metrics_gemini25flashlite_gitksan_pdf1_brown_curated_v1_modelgloss_pdfpages_impactful_jpg.json	fe3a79150eaa5fc699cc88d9c6ac14e265d85eb49a6a66a33a1d20a2595669ca	fe3a79150eaa5fc699cc88d9c6ac14e265d85eb49a6a66a33a1d20a2595669ca
metrics/openrouter/gemini25flashlite/gitksan_pdf1_brown/metrics_gemini25flashlite_gitksan_pdf1_brown_newmaterials_modelgloss_summary_tables_jpg.json	metrics/curated_v1/gemini25flashlite/gitksan/pdf1_brown/original/metrics_gemini25flashlite_gitksan_pdf1_brown_curated_v1_modelgloss_summary_tables_jpg.json	55739bb5998f0edb98fcb2a9fd656c380938daf665d20e5dade5d65b6891b7ed	55739bb5998f0edb98fcb2a9fd656c380938daf665d20e5dade5d65b6891b7ed
metrics/openrouter/gemini25flashlite/gitksan_pdf1_brown/metrics_gemini25flashlite_gitksan_pdf1_brown_newmaterials_modelgloss_summary_tables_txt.json	metrics/curated_v1/gemini25flashlite/gitksan/pdf1_brown/original/metrics_gemini25flashlite_gitksan_pdf1_brown_curated_v1_modelgloss_summary_tables_txt.json	f54c443251d3e6f89728309f627691a0f688bb1185a2b38959cf7af3914b29f9	f54c443251d3e6f89728309f627691a0f688bb1185a2b38959cf7af3914b29f9
metrics/openrouter/gemini25flashlite/gitksan_pdf1_brown/metrics_gemini25flashlite_gitksan_pdf1_brown_newmaterials_modelgloss_summary_text_txt.json	metrics/curated_v1/gemini25flashlite/gitksan/pdf1_brown/original/metrics_gemini25flashlite_gitksan_pdf1_brown_curated_v1_modelgloss_summary_text_txt.json	3593496640d6cb3dafc0361391096376dd6dc93cb26d3c4e6be7fd9babd04997	3593496640d6cb3dafc0361391096376dd6dc93cb26d3c4e6be7fd9babd04997
metrics/openrouter/gemini25flashlite/gitksan_pdf1_brown/metrics_gemini25flashlite_gitksan_pdf1_brown_newmaterials_pdfpages_impactful_jpg.json	metrics/curated_v1/gemini25flashlite/gitksan/pdf1_brown/original/metrics_gemini25flashlite_gitksan_pdf1_brown_curated_v1_pdfpages_impactful_jpg.json	69763ef17e511ad94ad17539669fadb49c086840de1ad30809f49a79fa94d729	69763ef17e511ad94ad17539669fadb49c086840de1ad30809f49a79fa94d729
metrics/openrouter/gemini25flashlite/gitksan_pdf1_brown/metrics_gemini25flashlite_gitksan_pdf1_brown_newmaterials_summary_tables_jpg.json	metrics/curated_v1/gemini25flashlite/gitksan/pdf1_brown/original/metrics_gemini25flashlite_gitksan_pdf1_brown_curated_v1_summary_tables_jpg.json	d3cc6f74752464bf9030509d0d500d74a0829f932eb10cd1c07e63f94f4d901d	d3cc6f74752464bf9030509d0d500d74a0829f932eb10cd1c07e63f94f4d901d
metrics/openrouter/gemini25flashlite/gitksan_pdf1_brown/metrics_gemini25flashlite_gitksan_pdf1_brown_newmaterials_summary_tables_txt.json	metrics/curated_v1/gemini25flashlite/gitksan/pdf1_brown/original/metrics_gemini25flashlite_gitksan_pdf1_brown_curated_v1_summary_tables_txt.json	7302b05ed8c3edfab1ef6e377293212bde4fefb2c6ab7e1e27910a484ed8fbda	7302b05ed8c3edfab1ef6e377293212bde4fefb2c6ab7e1e27910a484ed8fbda
metrics/openrouter/gemini25flashlite/gitksan_pdf1_brown/metrics_gemini25flashlite_gitksan_pdf1_brown_newmaterials_summary_text_txt.json	metrics/curated_v1/gemini25flashlite/gitksan/pdf1_brown/original/metrics_gemini25flashlite_gitksan_pdf1_brown_curated_v1_summary_text_txt.json	b3bd777a14f3138e14e6d4cca064b71a4054911668d7b3f7515f8c6ba9b892bd	b3bd777a14f3138e14e6d4cca064b71a4054911668d7b3f7515f8c6ba9b892bd
metrics/openrouter/gemini25flashlite/gitksan_pdf2_rigsby/metrics_gemini25flashlite_gitksan_pdf2_rigsby_newmaterials_cheatsheet_jpg.json	metrics/curated_v1/gemini25flashlite/gitksan/pdf2_rigsby/original/metrics_gemini25flashlite_gitksan_pdf2_rigsby_curated_v1_cheatsheet_jpg.json	6adc3dc0c762d3af9248a300354c3669fb93acef8dcf0bb338bfabe86b335240	6adc3dc0c762d3af9248a300354c3669fb93acef8dcf0bb338bfabe86b335240
metrics/openrouter/gemini25flashlite/gitksan_pdf2_rigsby/metrics_gemini25flashlite_gitksan_pdf2_rigsby_newmaterials_cheatsheet_txt.json	metrics/curated_v1/gemini25flashlite/gitksan/pdf2_rigsby/original/metrics_gemini25flashlite_gitksan_pdf2_rigsby_curated_v1_cheatsheet_txt.json	93977a9839b040019fa93795eaafb78529c3bc071a6d5c59611de4de82985e95	93977a9839b040019fa93795eaafb78529c3bc071a6d5c59611de4de82985e95
metrics/openrouter/gemini25flashlite/gitksan_pdf2_rigsby/metrics_gemini25flashlite_gitksan_pdf2_rigsby_newmaterials_modelgloss_cheatsheet_jpg.json	metrics/curated_v1/gemini25flashlite/gitksan/pdf2_rigsby/original/metrics_gemini25flashlite_gitksan_pdf2_rigsby_curated_v1_modelgloss_cheatsheet_jpg.json	96e10614e095bc4055d32b88b7a24880d23d80890b32b66e1c512f029de74aa9	96e10614e095bc4055d32b88b7a24880d23d80890b32b66e1c512f029de74aa9
metrics/openrouter/gemini25flashlite/gitksan_pdf2_rigsby/metrics_gemini25flashlite_gitksan_pdf2_rigsby_newmaterials_modelgloss_cheatsheet_txt.json	metrics/curated_v1/gemini25flashlite/gitksan/pdf2_rigsby/original/metrics_gemini25flashlite_gitksan_pdf2_rigsby_curated_v1_modelgloss_cheatsheet_txt.json	ecfa09ce6dacd658a902b13db68112f5baaf582d1a2df03d6b961fc7f38b5881	ecfa09ce6dacd658a902b13db68112f5baaf582d1a2df03d6b961fc7f38b5881
metrics/openrouter/gemini25flashlite/gitksan_pdf2_rigsby/metrics_gemini25flashlite_gitksan_pdf2_rigsby_newmaterials_modelgloss_pdfpages_impactful_jpg.json	metrics/curated_v1/gemini25flashlite/gitksan/pdf2_rigsby/original/metrics_gemini25flashlite_gitksan_pdf2_rigsby_curated_v1_modelgloss_pdfpages_impactful_jpg.json	78a37d035671540bcea16ba6ec663cdd1152929cb65fab74ab41c28beeff6b11	78a37d035671540bcea16ba6ec663cdd1152929cb65fab74ab41c28beeff6b11
metrics/openrouter/gemini25flashlite/gitksan_pdf2_rigsby/metrics_gemini25flashlite_gitksan_pdf2_rigsby_newmaterials_modelgloss_summary_tables_jpg.json	metrics/curated_v1/gemini25flashlite/gitksan/pdf2_rigsby/original/metrics_gemini25flashlite_gitksan_pdf2_rigsby_curated_v1_modelgloss_summary_tables_jpg.json	41042622498b2208899567a92e1b266a072a978f449dbb79eb2f8fb9f133a798	41042622498b2208899567a92e1b266a072a978f449dbb79eb2f8fb9f133a798
metrics/openrouter/gemini25flashlite/gitksan_pdf2_rigsby/metrics_gemini25flashlite_gitksan_pdf2_rigsby_newmaterials_modelgloss_summary_tables_txt.json	metrics/curated_v1/gemini25flashlite/gitksan/pdf2_rigsby/original/metrics_gemini25flashlite_gitksan_pdf2_rigsby_curated_v1_modelgloss_summary_tables_txt.json	58549cf9963e7e5abc7c1f965baf10541fad21f86bbb1dfd6fbb318a0e8cd0cf	58549cf9963e7e5abc7c1f965baf10541fad21f86bbb1dfd6fbb318a0e8cd0cf
metrics/openrouter/gemini25flashlite/gitksan_pdf2_rigsby/metrics_gemini25flashlite_gitksan_pdf2_rigsby_newmaterials_modelgloss_summary_text_txt.json	metrics/curated_v1/gemini25flashlite/gitksan/pdf2_rigsby/original/metrics_gemini25flashlite_gitksan_pdf2_rigsby_curated_v1_modelgloss_summary_text_txt.json	903d720c5899d1c4a5045dd1234d3d3e064c57da3b07c3c4687b8da8071c822f	903d720c5899d1c4a5045dd1234d3d3e064c57da3b07c3c4687b8da8071c822f
metrics/openrouter/gemini25flashlite/gitksan_pdf2_rigsby/metrics_gemini25flashlite_gitksan_pdf2_rigsby_newmaterials_pdfpages_impactful_jpg.json	metrics/curated_v1/gemini25flashlite/gitksan/pdf2_rigsby/original/metrics_gemini25flashlite_gitksan_pdf2_rigsby_curated_v1_pdfpages_impactful_jpg.json	56e29f49b6431738ed1041367db2a320af72b6eb429258cc32526beb36b322ce	56e29f49b6431738ed1041367db2a320af72b6eb429258cc32526beb36b322ce
metrics/openrouter/gemini25flashlite/gitksan_pdf2_rigsby/metrics_gemini25flashlite_gitksan_pdf2_rigsby_newmaterials_summary_tables_jpg.json	metrics/curated_v1/gemini25flashlite/gitksan/pdf2_rigsby/original/metrics_gemini25flashlite_gitksan_pdf2_rigsby_curated_v1_summary_tables_jpg.json	47db6108a91b1dd9a4e733954ef469583138a388b2582d819bb7f5aa1ebd5885	47db6108a91b1dd9a4e733954ef469583138a388b2582d819bb7f5aa1ebd5885
metrics/openrouter/gemini25flashlite/gitksan_pdf2_rigsby/metrics_gemini25flashlite_gitksan_pdf2_rigsby_newmaterials_summary_tables_txt.json	metrics/curated_v1/gemini25flashlite/gitksan/pdf2_rigsby/original/metrics_gemini25flashlite_gitksan_pdf2_rigsby_curated_v1_summary_tables_txt.json	54d23bc4b121639a77b54e08309728d4cd5d99eeea9df0b63faf0df3061a4b4c	54d23bc4b121639a77b54e08309728d4cd5d99eeea9df0b63faf0df3061a4b4c
metrics/openrouter/gemini25flashlite/gitksan_pdf2_rigsby/metrics_gemini25flashlite_gitksan_pdf2_rigsby_newmaterials_summary_text_txt.json	metrics/curated_v1/gemini25flashlite/gitksan/pdf2_rigsby/original/metrics_gemini25flashlite_gitksan_pdf2_rigsby_curated_v1_summary_text_txt.json	fb0e440ff78c57961bc79eff9fd2a835204069995aca0c8b07dba49d722dd047	fb0e440ff78c57961bc79eff9fd2a835204069995aca0c8b07dba49d722dd047
metrics/openrouter/gemini25flashlite/lezgi/metrics_gemini25flashlite_lezgi_newmaterials_cheatsheet_jpg.json	metrics/curated_v1/gemini25flashlite/lezgi/grammar/original/metrics_gemini25flashlite_lezgi_curated_v1_cheatsheet_jpg.json	9c08667cddd8b5ba4ea8d6912e725d414657332de271bd4a220b539df17dc326	9c08667cddd8b5ba4ea8d6912e725d414657332de271bd4a220b539df17dc326
metrics/openrouter/gemini25flashlite/lezgi/metrics_gemini25flashlite_lezgi_newmaterials_cheatsheet_txt.json	metrics/curated_v1/gemini25flashlite/lezgi/grammar/original/metrics_gemini25flashlite_lezgi_curated_v1_cheatsheet_txt.json	24eb004569b93c1c9221e9732f12c7125ddd00a64df4a9763b407b62d56e8ac9	24eb004569b93c1c9221e9732f12c7125ddd00a64df4a9763b407b62d56e8ac9
metrics/openrouter/gemini25flashlite/lezgi/metrics_gemini25flashlite_lezgi_newmaterials_modelgloss_cheatsheet_jpg.json	metrics/curated_v1/gemini25flashlite/lezgi/grammar/original/metrics_gemini25flashlite_lezgi_curated_v1_modelgloss_cheatsheet_jpg.json	b401ccae0ab760b57540a6fe9b99de11850db3167830c08c560d282ea1eab133	b401ccae0ab760b57540a6fe9b99de11850db3167830c08c560d282ea1eab133
metrics/openrouter/gemini25flashlite/lezgi/metrics_gemini25flashlite_lezgi_newmaterials_modelgloss_cheatsheet_txt.json	metrics/curated_v1/gemini25flashlite/lezgi/grammar/original/metrics_gemini25flashlite_lezgi_curated_v1_modelgloss_cheatsheet_txt.json	5ccc59c40be005998bd3be46cd2f7a105a263c14821071447b0aa66b5c2ab441	5ccc59c40be005998bd3be46cd2f7a105a263c14821071447b0aa66b5c2ab441
metrics/openrouter/gemini25flashlite/lezgi/metrics_gemini25flashlite_lezgi_newmaterials_modelgloss_pdfpages_impactful_jpg.json	metrics/curated_v1/gemini25flashlite/lezgi/grammar/original/metrics_gemini25flashlite_lezgi_curated_v1_modelgloss_pdfpages_impactful_jpg.json	ea54059a4126ad04ddf10c5cd54310192cac31648f40c305697f50e0e1e1b6f6	ea54059a4126ad04ddf10c5cd54310192cac31648f40c305697f50e0e1e1b6f6
metrics/openrouter/gemini25flashlite/lezgi/metrics_gemini25flashlite_lezgi_newmaterials_modelgloss_summary_tables_jpg.json	metrics/curated_v1/gemini25flashlite/lezgi/grammar/original/metrics_gemini25flashlite_lezgi_curated_v1_modelgloss_summary_tables_jpg.json	c157b73739b940c7149318027f39e68718560257b28e436da49b2b625b56d8be	c157b73739b940c7149318027f39e68718560257b28e436da49b2b625b56d8be
metrics/openrouter/gemini25flashlite/lezgi/metrics_gemini25flashlite_lezgi_newmaterials_modelgloss_summary_tables_txt.json	metrics/curated_v1/gemini25flashlite/lezgi/grammar/original/metrics_gemini25flashlite_lezgi_curated_v1_modelgloss_summary_tables_txt.json	c283326dffbcf456482cca4cb01692c15d76c02edb26b160eed515bcdf4f79db	c283326dffbcf456482cca4cb01692c15d76c02edb26b160eed515bcdf4f79db
metrics/openrouter/gemini25flashlite/lezgi/metrics_gemini25flashlite_lezgi_newmaterials_modelgloss_summary_text_txt.json	metrics/curated_v1/gemini25flashlite/lezgi/grammar/original/metrics_gemini25flashlite_lezgi_curated_v1_modelgloss_summary_text_txt.json	714e036f8a2a1ff868727698c107334a4b24cdfc2de7c4b7528994bf519aa86d	714e036f8a2a1ff868727698c107334a4b24cdfc2de7c4b7528994bf519aa86d
metrics/openrouter/gemini25flashlite/lezgi/metrics_gemini25flashlite_lezgi_newmaterials_pdfpages_impactful_jpg.json	metrics/curated_v1/gemini25flashlite/lezgi/grammar/original/metrics_gemini25flashlite_lezgi_curated_v1_pdfpages_impactful_jpg.json	489934404b68b9be73f522a4fd3fe158b469340504a240c41d95d49a811d23b0	489934404b68b9be73f522a4fd3fe158b469340504a240c41d95d49a811d23b0
metrics/openrouter/gemini25flashlite/lezgi/metrics_gemini25flashlite_lezgi_newmaterials_summary_tables_jpg.json	metrics/curated_v1/gemini25flashlite/lezgi/grammar/original/metrics_gemini25flashlite_lezgi_curated_v1_summary_tables_jpg.json	95e1ff264ab059cfcc74f31976c566c7acbe29de929866159bbbdc237ea86ca6	95e1ff264ab059cfcc74f31976c566c7acbe29de929866159bbbdc237ea86ca6
metrics/openrouter/gemini25flashlite/lezgi/metrics_gemini25flashlite_lezgi_newmaterials_summary_tables_txt.json	metrics/curated_v1/gemini25flashlite/lezgi/grammar/original/metrics_gemini25flashlite_lezgi_curated_v1_summary_tables_txt.json	04b39d1a71463e96f41e6b90843436b4a95c5ed884efd6d9ef1a1b26854ff5c1	04b39d1a71463e96f41e6b90843436b4a95c5ed884efd6d9ef1a1b26854ff5c1
metrics/openrouter/gemini25flashlite/lezgi/metrics_gemini25flashlite_lezgi_newmaterials_summary_text_txt.json	metrics/curated_v1/gemini25flashlite/lezgi/grammar/original/metrics_gemini25flashlite_lezgi_curated_v1_summary_text_txt.json	abca13f87dd059be506469c046635c27dd42896a2fcd37e65efe6e225c0dae99	abca13f87dd059be506469c046635c27dd42896a2fcd37e65efe6e225c0dae99
metrics/openrouter/gemini25flashlite/natugu/metrics_gemini25flashlite_natugu_newmaterials_cheatsheet_jpg.json	metrics/curated_v1/gemini25flashlite/natugu/grammar/original/metrics_gemini25flashlite_natugu_curated_v1_cheatsheet_jpg.json	bf3e90c9860a05068ac87d4ffbccee226ce13b6eb21ec537a6559397b87d8065	bf3e90c9860a05068ac87d4ffbccee226ce13b6eb21ec537a6559397b87d8065
metrics/openrouter/gemini25flashlite/natugu/metrics_gemini25flashlite_natugu_newmaterials_cheatsheet_txt.json	metrics/curated_v1/gemini25flashlite/natugu/grammar/original/metrics_gemini25flashlite_natugu_curated_v1_cheatsheet_txt.json	b816f07ef67063f97ff9509bd7a6758ae5657985b76d8352bdff561eca1f326c	b816f07ef67063f97ff9509bd7a6758ae5657985b76d8352bdff561eca1f326c
metrics/openrouter/gemini25flashlite/natugu/metrics_gemini25flashlite_natugu_newmaterials_modelgloss_cheatsheet_jpg.json	metrics/curated_v1/gemini25flashlite/natugu/grammar/original/metrics_gemini25flashlite_natugu_curated_v1_modelgloss_cheatsheet_jpg.json	a44c93c2fc7ea9ca685c0600a1c2f80e26aa5f3e344c17be858b21c3f6a92336	a44c93c2fc7ea9ca685c0600a1c2f80e26aa5f3e344c17be858b21c3f6a92336
metrics/openrouter/gemini25flashlite/natugu/metrics_gemini25flashlite_natugu_newmaterials_modelgloss_cheatsheet_txt.json	metrics/curated_v1/gemini25flashlite/natugu/grammar/original/metrics_gemini25flashlite_natugu_curated_v1_modelgloss_cheatsheet_txt.json	e8aa8c2310ff620ffd82c4be60af446476f02d8399d7446fd2f4cb2bd0b3881e	e8aa8c2310ff620ffd82c4be60af446476f02d8399d7446fd2f4cb2bd0b3881e
metrics/openrouter/gemini25flashlite/natugu/metrics_gemini25flashlite_natugu_newmaterials_modelgloss_pdfpages_impactful_jpg.json	metrics/curated_v1/gemini25flashlite/natugu/grammar/original/metrics_gemini25flashlite_natugu_curated_v1_modelgloss_pdfpages_impactful_jpg.json	8c9301f45f9bdca75608f121d1cca8f0e68d416905db285b7e3c0b1d900338b0	8c9301f45f9bdca75608f121d1cca8f0e68d416905db285b7e3c0b1d900338b0
metrics/openrouter/gemini25flashlite/natugu/metrics_gemini25flashlite_natugu_newmaterials_modelgloss_summary_tables_jpg.json	metrics/curated_v1/gemini25flashlite/natugu/grammar/original/metrics_gemini25flashlite_natugu_curated_v1_modelgloss_summary_tables_jpg.json	cf7e1320d2e17d072eef55c48e7fc10720c938edcb4435846f30079fb0989249	cf7e1320d2e17d072eef55c48e7fc10720c938edcb4435846f30079fb0989249
metrics/openrouter/gemini25flashlite/natugu/metrics_gemini25flashlite_natugu_newmaterials_modelgloss_summary_tables_txt.json	metrics/curated_v1/gemini25flashlite/natugu/grammar/original/metrics_gemini25flashlite_natugu_curated_v1_modelgloss_summary_tables_txt.json	144040c1646356fe333245eb1e79c00e00538f6ba36a62868b726a1444983a98	144040c1646356fe333245eb1e79c00e00538f6ba36a62868b726a1444983a98
metrics/openrouter/gemini25flashlite/natugu/metrics_gemini25flashlite_natugu_newmaterials_modelgloss_summary_text_txt.json	metrics/curated_v1/gemini25flashlite/natugu/grammar/original/metrics_gemini25flashlite_natugu_curated_v1_modelgloss_summary_text_txt.json	f811a755b1888f76739315b5f0021c3286e3e9caa517a953740fe4a237697657	f811a755b1888f76739315b5f0021c3286e3e9caa517a953740fe4a237697657
metrics/openrouter/gemini25flashlite/natugu/metrics_gemini25flashlite_natugu_newmaterials_pdfpages_impactful_jpg.json	metrics/curated_v1/gemini25flashlite/natugu/grammar/original/metrics_gemini25flashlite_natugu_curated_v1_pdfpages_impactful_jpg.json	df865778c78508cd655700ac0c3ab24a2fea83d5c4ff2b4ab370f12d2692956f	df865778c78508cd655700ac0c3ab24a2fea83d5c4ff2b4ab370f12d2692956f
metrics/openrouter/gemini25flashlite/natugu/metrics_gemini25flashlite_natugu_newmaterials_summary_tables_jpg.json	metrics/curated_v1/gemini25flashlite/natugu/grammar/original/metrics_gemini25flashlite_natugu_curated_v1_summary_tables_jpg.json	78aa844a8bba20a731a05e6acd840199dedc888b802b00f95c76f977078fc8cf	78aa844a8bba20a731a05e6acd840199dedc888b802b00f95c76f977078fc8cf
metrics/openrouter/gemini25flashlite/natugu/metrics_gemini25flashlite_natugu_newmaterials_summary_tables_txt.json	metrics/curated_v1/gemini25flashlite/natugu/grammar/original/metrics_gemini25flashlite_natugu_curated_v1_summary_tables_txt.json	b14ee41ede6d1439432cf055fb4ece520fe76af464305b4b30ff04b535aaa93e	b14ee41ede6d1439432cf055fb4ece520fe76af464305b4b30ff04b535aaa93e
metrics/openrouter/gemini25flashlite/natugu/metrics_gemini25flashlite_natugu_newmaterials_summary_text_txt.json	metrics/curated_v1/gemini25flashlite/natugu/grammar/original/metrics_gemini25flashlite_natugu_curated_v1_summary_text_txt.json	3d4bf044272f1a5142af7e33ec41b695eaaaf83954620a2b0762d566ae56f9cc	3d4bf044272f1a5142af7e33ec41b695eaaaf83954620a2b0762d566ae56f9cc
metrics/openrouter/gemini25flashlite/smoke/metrics_gemini25flashlite_gitksan_pdf1_brown_newmaterials_cheatsheet_jpg.json	metrics/smoke/gemini25flashlite/gitksan/pdf1_brown/original/metrics_gemini25flashlite_gitksan_pdf1_brown_curated_v1_cheatsheet_jpg.json	99b107c0aa5f775218a799944d052cdf9a0c307f4a60b9ce2ca377995a637a46	99b107c0aa5f775218a799944d052cdf9a0c307f4a60b9ce2ca377995a637a46
metrics/openrouter/gemini25flashlite/smoke/metrics_gemini25flashlite_gitksan_pdf1_brown_newmaterials_cheatsheet_txt.json	metrics/smoke/gemini25flashlite/gitksan/pdf1_brown/original/metrics_gemini25flashlite_gitksan_pdf1_brown_curated_v1_cheatsheet_txt.json	66a5560dd67c1154b84abb64e2e2b5a4c612fd43c080869ef2d0a7dcef8b2f9d	66a5560dd67c1154b84abb64e2e2b5a4c612fd43c080869ef2d0a7dcef8b2f9d
metrics/openrouter/gemini25flashlite/smoke/metrics_gemini25flashlite_gitksan_pdf1_brown_newmaterials_modelgloss_cheatsheet_jpg.json	metrics/smoke/gemini25flashlite/gitksan/pdf1_brown/original/metrics_gemini25flashlite_gitksan_pdf1_brown_curated_v1_modelgloss_cheatsheet_jpg.json	cb79a873991618756d3de76b7caa2fa3e126313d420a643309f531fdc068f2e5	cb79a873991618756d3de76b7caa2fa3e126313d420a643309f531fdc068f2e5
metrics/openrouter/gemini25flashlite/smoke/metrics_gemini25flashlite_gitksan_pdf1_brown_newmaterials_modelgloss_cheatsheet_txt.json	metrics/smoke/gemini25flashlite/gitksan/pdf1_brown/original/metrics_gemini25flashlite_gitksan_pdf1_brown_curated_v1_modelgloss_cheatsheet_txt.json	a3268f7989538cec2f19cb82b0aae1cf4f96d727251064274a654ce0e4415300	a3268f7989538cec2f19cb82b0aae1cf4f96d727251064274a654ce0e4415300
metrics/openrouter/gemini25flashlite/smoke/metrics_gemini25flashlite_natugu_newmaterials_pdfpages_impactful_jpg.json	metrics/smoke/gemini25flashlite/natugu/grammar/original/metrics_gemini25flashlite_natugu_curated_v1_pdfpages_impactful_jpg.json	673858553fb38663bab7cbd2f416e0e8be2696b133713bbe6dd1d7e11d9afa76	673858553fb38663bab7cbd2f416e0e8be2696b133713bbe6dd1d7e11d9afa76
metrics/openrouter/gemini25flashlite/tsez/metrics_gemini25flashlite_tsez_newmaterials_cheatsheet_jpg.json	metrics/curated_v1/gemini25flashlite/tsez/grammar/original/metrics_gemini25flashlite_tsez_curated_v1_cheatsheet_jpg.json	6a4ba0f0b58136e54258bd282bc436ae74393d621a2724fd529783bb7fe71859	6a4ba0f0b58136e54258bd282bc436ae74393d621a2724fd529783bb7fe71859
metrics/openrouter/gemini25flashlite/tsez/metrics_gemini25flashlite_tsez_newmaterials_cheatsheet_txt.json	metrics/curated_v1/gemini25flashlite/tsez/grammar/original/metrics_gemini25flashlite_tsez_curated_v1_cheatsheet_txt.json	c501e05aede7a810fb510bb947961392a4efdf174ce6f3abd37210770939f305	c501e05aede7a810fb510bb947961392a4efdf174ce6f3abd37210770939f305
metrics/openrouter/gemini25flashlite/tsez/metrics_gemini25flashlite_tsez_newmaterials_modelgloss_cheatsheet_jpg.json	metrics/curated_v1/gemini25flashlite/tsez/grammar/original/metrics_gemini25flashlite_tsez_curated_v1_modelgloss_cheatsheet_jpg.json	79a7d23ee99d48c6cf29db1e61c4a7f482249a8a88eaea91aa776368368bfee3	79a7d23ee99d48c6cf29db1e61c4a7f482249a8a88eaea91aa776368368bfee3
metrics/openrouter/gemini25flashlite/tsez/metrics_gemini25flashlite_tsez_newmaterials_modelgloss_cheatsheet_txt.json	metrics/curated_v1/gemini25flashlite/tsez/grammar/original/metrics_gemini25flashlite_tsez_curated_v1_modelgloss_cheatsheet_txt.json	7317fb9fbc5ec15a156727540efed7fff9529fa926bd93f46be888e45944b5c3	7317fb9fbc5ec15a156727540efed7fff9529fa926bd93f46be888e45944b5c3
metrics/openrouter/gemini25flashlite/tsez/metrics_gemini25flashlite_tsez_newmaterials_modelgloss_pdfpages_impactful_jpg.json	metrics/curated_v1/gemini25flashlite/tsez/grammar/original/metrics_gemini25flashlite_tsez_curated_v1_modelgloss_pdfpages_impactful_jpg.json	11e3cab1005d5709179c4d74812eb94e517e30191561d223d0bca3c596302e5b	11e3cab1005d5709179c4d74812eb94e517e30191561d223d0bca3c596302e5b
metrics/openrouter/gemini25flashlite/tsez/metrics_gemini25flashlite_tsez_newmaterials_modelgloss_summary_tables_jpg.json	metrics/curated_v1/gemini25flashlite/tsez/grammar/original/metrics_gemini25flashlite_tsez_curated_v1_modelgloss_summary_tables_jpg.json	1168e1676eaec6435aa5d395d2b1a367808729c6150a4a185e2aa96bb2d764d5	1168e1676eaec6435aa5d395d2b1a367808729c6150a4a185e2aa96bb2d764d5
metrics/openrouter/gemini25flashlite/tsez/metrics_gemini25flashlite_tsez_newmaterials_modelgloss_summary_tables_txt.json	metrics/curated_v1/gemini25flashlite/tsez/grammar/original/metrics_gemini25flashlite_tsez_curated_v1_modelgloss_summary_tables_txt.json	65617b22e5079cb23c1912e193078e8658247f4554b9bb674d18ceea98a3fae8	65617b22e5079cb23c1912e193078e8658247f4554b9bb674d18ceea98a3fae8
metrics/openrouter/gemini25flashlite/tsez/metrics_gemini25flashlite_tsez_newmaterials_modelgloss_summary_text_txt.json	metrics/curated_v1/gemini25flashlite/tsez/grammar/original/metrics_gemini25flashlite_tsez_curated_v1_modelgloss_summary_text_txt.json	83e8546471895bbdf17b155f633aa4318bb6cd07d94ae726b0ea43b0219a8e2d	83e8546471895bbdf17b155f633aa4318bb6cd07d94ae726b0ea43b0219a8e2d
metrics/openrouter/gemini25flashlite/tsez/metrics_gemini25flashlite_tsez_newmaterials_pdfpages_impactful_jpg.json	metrics/curated_v1/gemini25flashlite/tsez/grammar/original/metrics_gemini25flashlite_tsez_curated_v1_pdfpages_impactful_jpg.json	a0376145bcd11bfb85c3ec3086d385506fc8768129c62ca9fbd7c11cdcf567ec	a0376145bcd11bfb85c3ec3086d385506fc8768129c62ca9fbd7c11cdcf567ec
metrics/openrouter/gemini25flashlite/tsez/metrics_gemini25flashlite_tsez_newmaterials_summary_tables_jpg.json	metrics/curated_v1/gemini25flashlite/tsez/grammar/original/metrics_gemini25flashlite_tsez_curated_v1_summary_tables_jpg.json	cef652a99b7287eae47f2e55d071da1c8caca6ed325a205ffbaacb75a730319a	cef652a99b7287eae47f2e55d071da1c8caca6ed325a205ffbaacb75a730319a
metrics/openrouter/gemini25flashlite/tsez/metrics_gemini25flashlite_tsez_newmaterials_summary_tables_txt.json	metrics/curated_v1/gemini25flashlite/tsez/grammar/original/metrics_gemini25flashlite_tsez_curated_v1_summary_tables_txt.json	d069ba5a5d5ff3e48848ee01e3ca427c249af15a725d8d06950a5f33cdee824b	d069ba5a5d5ff3e48848ee01e3ca427c249af15a725d8d06950a5f33cdee824b
metrics/openrouter/gemini25flashlite/tsez/metrics_gemini25flashlite_tsez_newmaterials_summary_text_txt.json	metrics/curated_v1/gemini25flashlite/tsez/grammar/original/metrics_gemini25flashlite_tsez_curated_v1_summary_text_txt.json	a69061e4ec9d8caa598361b265cec5d7151bc84a63e52d221cc44816687c2275	a69061e4ec9d8caa598361b265cec5d7151bc84a63e52d221cc44816687c2275
metrics/openrouter/gpt56luna/smoke/metrics_gpt56luna_gitksan_pdf1_brown_newmaterials_cheatsheet_jpg.json	metrics/smoke/gpt56luna/gitksan/pdf1_brown/original/metrics_gpt56luna_gitksan_pdf1_brown_curated_v1_cheatsheet_jpg.json	a8ff3afec17a89ab9abbc79eeb4000c38deaeeba463daf6d594e8d74106ae36f	a8ff3afec17a89ab9abbc79eeb4000c38deaeeba463daf6d594e8d74106ae36f
metrics/openrouter/gpt56luna/smoke/metrics_gpt56luna_gitksan_pdf1_brown_newmaterials_cheatsheet_txt.json	metrics/smoke/gpt56luna/gitksan/pdf1_brown/original/metrics_gpt56luna_gitksan_pdf1_brown_curated_v1_cheatsheet_txt.json	db13c0c225e34866353e9e78a4414c17c38b5c6f73589b4e752ec66b7a04b7d6	db13c0c225e34866353e9e78a4414c17c38b5c6f73589b4e752ec66b7a04b7d6
metrics/openrouter/gpt56luna/smoke/metrics_gpt56luna_gitksan_pdf1_brown_newmaterials_modelgloss_cheatsheet_jpg.json	metrics/smoke/gpt56luna/gitksan/pdf1_brown/original/metrics_gpt56luna_gitksan_pdf1_brown_curated_v1_modelgloss_cheatsheet_jpg.json	1a8fed364c96367f1d43d8f90d4e7589dbb335e6dfcecb76cf997bf14fe0d611	1a8fed364c96367f1d43d8f90d4e7589dbb335e6dfcecb76cf997bf14fe0d611
metrics/openrouter/gpt56luna/smoke/metrics_gpt56luna_gitksan_pdf1_brown_newmaterials_modelgloss_cheatsheet_txt.json	metrics/smoke/gpt56luna/gitksan/pdf1_brown/original/metrics_gpt56luna_gitksan_pdf1_brown_curated_v1_modelgloss_cheatsheet_txt.json	4b9a08e5dbedbc344e0c7b063ff763263125ec9192a3208b109200a1e9ba4f99	4b9a08e5dbedbc344e0c7b063ff763263125ec9192a3208b109200a1e9ba4f99
metrics/openrouter/gpt56luna/smoke/metrics_gpt56luna_natugu_newmaterials_pdfpages_impactful_jpg.json	metrics/smoke/gpt56luna/natugu/grammar/original/metrics_gpt56luna_natugu_curated_v1_pdfpages_impactful_jpg.json	b08491fc151ca854f4fa84e12efaace733d0e0cc2f7247a2b2d03fbdfc5fd4a9	b08491fc151ca854f4fa84e12efaace733d0e0cc2f7247a2b2d03fbdfc5fd4a9
metrics/qwen3/gitksan/pdf1_brown/metrics_gitksan_Qwen_ModelGloss_pdf1_brown_cheatsheet.json	metrics/legacy/qwen3/gitksan/pdf1_brown/original/metrics_gitksan_Qwen_ModelGloss_pdf1_brown_cheatsheet.json	a186abcff689531e18ad1cf5c1a0dfa19bef9f77e8f27da8b79d731e6478dafd	a186abcff689531e18ad1cf5c1a0dfa19bef9f77e8f27da8b79d731e6478dafd
metrics/qwen3/gitksan/pdf1_brown/metrics_gitksan_Qwen_ModelGloss_pdf1_brown_newmaterials_cheatsheet_jpg.json	metrics/curated_v1/qwen3/gitksan/pdf1_brown/original/metrics_gitksan_Qwen_ModelGloss_pdf1_brown_curated_v1_cheatsheet_jpg.json	50652037bd68ebd7376a68f564455e5718eed68e36ec622ed9415007365b3881	50652037bd68ebd7376a68f564455e5718eed68e36ec622ed9415007365b3881
metrics/qwen3/gitksan/pdf1_brown/metrics_gitksan_Qwen_ModelGloss_pdf1_brown_newmaterials_cheatsheet_txt.json	metrics/curated_v1/qwen3/gitksan/pdf1_brown/original/metrics_gitksan_Qwen_ModelGloss_pdf1_brown_curated_v1_cheatsheet_txt.json	96cc910c626a1279f6f49cc11c21fe31908d7521bc881b3670db33ef5124607f	96cc910c626a1279f6f49cc11c21fe31908d7521bc881b3670db33ef5124607f
metrics/qwen3/gitksan/pdf1_brown/metrics_gitksan_Qwen_ModelGloss_pdf1_brown_newmaterials_pdfpages_impactful_jpg.json	metrics/curated_v1/qwen3/gitksan/pdf1_brown/original/metrics_gitksan_Qwen_ModelGloss_pdf1_brown_curated_v1_pdfpages_impactful_jpg.json	b4c434b500b70f338373d6941ae8f8ef26bde2ec2d82e64ed0af2372796754c3	b4c434b500b70f338373d6941ae8f8ef26bde2ec2d82e64ed0af2372796754c3
metrics/qwen3/gitksan/pdf1_brown/metrics_gitksan_Qwen_ModelGloss_pdf1_brown_newmaterials_summary_tables_jpg.json	metrics/curated_v1/qwen3/gitksan/pdf1_brown/original/metrics_gitksan_Qwen_ModelGloss_pdf1_brown_curated_v1_summary_tables_jpg.json	5bd28d279689def3457aae56705c542f07164cf4c6c74a4b8531599ee5d37814	5bd28d279689def3457aae56705c542f07164cf4c6c74a4b8531599ee5d37814
metrics/qwen3/gitksan/pdf1_brown/metrics_gitksan_Qwen_ModelGloss_pdf1_brown_newmaterials_summary_tables_txt.json	metrics/curated_v1/qwen3/gitksan/pdf1_brown/original/metrics_gitksan_Qwen_ModelGloss_pdf1_brown_curated_v1_summary_tables_txt.json	1d615e39ff9076f7cd16b6d996264c713e2d4fe10378a50aa5b29c6ed92ae568	1d615e39ff9076f7cd16b6d996264c713e2d4fe10378a50aa5b29c6ed92ae568
metrics/qwen3/gitksan/pdf1_brown/metrics_gitksan_Qwen_ModelGloss_pdf1_brown_newmaterials_summary_text_txt.json	metrics/curated_v1/qwen3/gitksan/pdf1_brown/original/metrics_gitksan_Qwen_ModelGloss_pdf1_brown_curated_v1_summary_text_txt.json	652776b281fca6717fb1a45526b362e9263dca532d422576bb9fb27903d620bc	652776b281fca6717fb1a45526b362e9263dca532d422576bb9fb27903d620bc
metrics/qwen3/gitksan/pdf1_brown/metrics_gitksan_Qwen_ModelGloss_pdf1_brown_pdfpages_all_jpg.json	metrics/legacy/qwen3/gitksan/pdf1_brown/original/metrics_gitksan_Qwen_ModelGloss_pdf1_brown_pdfpages_all_jpg.json	d97b078de79be371627f7d80d60b7dcd92bf1a7a07da0f6aaa2f8c66538114fc	d97b078de79be371627f7d80d60b7dcd92bf1a7a07da0f6aaa2f8c66538114fc
metrics/qwen3/gitksan/pdf1_brown/metrics_gitksan_Qwen_ModelGloss_pdf1_brown_summary_tables.json	metrics/legacy/qwen3/gitksan/pdf1_brown/original/metrics_gitksan_Qwen_ModelGloss_pdf1_brown_summary_tables.json	23b7d230048423e17edd217a67db2fca2d05f7f5b238a4d1388c6b8cc34a7b0c	23b7d230048423e17edd217a67db2fca2d05f7f5b238a4d1388c6b8cc34a7b0c
metrics/qwen3/gitksan/pdf1_brown/metrics_gitksan_Qwen_ModelGloss_pdf1_brown_summary_text.json	metrics/legacy/qwen3/gitksan/pdf1_brown/original/metrics_gitksan_Qwen_ModelGloss_pdf1_brown_summary_text.json	314fef8e24d0ba0a3258a7d258999616e2a989ab7bba1a37b60506ff1b3579bf	314fef8e24d0ba0a3258a7d258999616e2a989ab7bba1a37b60506ff1b3579bf
metrics/qwen3/gitksan/pdf1_brown/metrics_gitksan_Qwen_pdf1_brown_cheatsheet.json	metrics/legacy/qwen3/gitksan/pdf1_brown/original/metrics_gitksan_Qwen_pdf1_brown_cheatsheet.json	44a6d1c648a32c3912d410c00879eabbf0c974a5565b3aaf1448840f15d42793	44a6d1c648a32c3912d410c00879eabbf0c974a5565b3aaf1448840f15d42793
metrics/qwen3/gitksan/pdf1_brown/metrics_gitksan_Qwen_pdf1_brown_newmaterials_cheatsheet_jpg.json	metrics/curated_v1/qwen3/gitksan/pdf1_brown/original/metrics_gitksan_Qwen_pdf1_brown_curated_v1_cheatsheet_jpg.json	05ee25330b0bc54ec18369d77228dee233e3810922887759f9dbb5a763553b43	05ee25330b0bc54ec18369d77228dee233e3810922887759f9dbb5a763553b43
metrics/qwen3/gitksan/pdf1_brown/metrics_gitksan_Qwen_pdf1_brown_newmaterials_cheatsheet_txt.json	metrics/curated_v1/qwen3/gitksan/pdf1_brown/original/metrics_gitksan_Qwen_pdf1_brown_curated_v1_cheatsheet_txt.json	93672b0d5ab4ee87ba763fc7ccd10302296ab9cba029ad6b967815e807f9129b	93672b0d5ab4ee87ba763fc7ccd10302296ab9cba029ad6b967815e807f9129b
metrics/qwen3/gitksan/pdf1_brown/metrics_gitksan_Qwen_pdf1_brown_newmaterials_pdfpages_impactful_jpg.json	metrics/curated_v1/qwen3/gitksan/pdf1_brown/original/metrics_gitksan_Qwen_pdf1_brown_curated_v1_pdfpages_impactful_jpg.json	c44aaf8cb47880416de715f5df7ff485cd63db0d1e579b0748352904db19d199	c44aaf8cb47880416de715f5df7ff485cd63db0d1e579b0748352904db19d199
metrics/qwen3/gitksan/pdf1_brown/metrics_gitksan_Qwen_pdf1_brown_newmaterials_summary_tables_jpg.json	metrics/curated_v1/qwen3/gitksan/pdf1_brown/original/metrics_gitksan_Qwen_pdf1_brown_curated_v1_summary_tables_jpg.json	7d31e9e75ceee2a66468e46c89c1572b7538b66a4a5f6e69fd6b0cc8ff71e5f8	7d31e9e75ceee2a66468e46c89c1572b7538b66a4a5f6e69fd6b0cc8ff71e5f8
metrics/qwen3/gitksan/pdf1_brown/metrics_gitksan_Qwen_pdf1_brown_newmaterials_summary_tables_txt.json	metrics/curated_v1/qwen3/gitksan/pdf1_brown/original/metrics_gitksan_Qwen_pdf1_brown_curated_v1_summary_tables_txt.json	92b467a42095137dff4fe47e571a3376539b92903b231ee484f251c06c18e7cd	92b467a42095137dff4fe47e571a3376539b92903b231ee484f251c06c18e7cd
metrics/qwen3/gitksan/pdf1_brown/metrics_gitksan_Qwen_pdf1_brown_newmaterials_summary_text_txt.json	metrics/curated_v1/qwen3/gitksan/pdf1_brown/original/metrics_gitksan_Qwen_pdf1_brown_curated_v1_summary_text_txt.json	5acfd0259eeeff2a2b260e32b320e2ea706be89b5a8f3cd0c469ed0aa265ba7e	5acfd0259eeeff2a2b260e32b320e2ea706be89b5a8f3cd0c469ed0aa265ba7e
metrics/qwen3/gitksan/pdf1_brown/metrics_gitksan_Qwen_pdf1_brown_pdfpages_all_jpg.json	metrics/legacy/qwen3/gitksan/pdf1_brown/original/metrics_gitksan_Qwen_pdf1_brown_pdfpages_all_jpg.json	c2195c7c4d653ad1f5bc614e7de67f8341ab900ce2f2f38f901f2ef7f7f9a8ba	c2195c7c4d653ad1f5bc614e7de67f8341ab900ce2f2f38f901f2ef7f7f9a8ba
metrics/qwen3/gitksan/pdf1_brown/metrics_gitksan_Qwen_pdf1_brown_summary_tables.json	metrics/legacy/qwen3/gitksan/pdf1_brown/original/metrics_gitksan_Qwen_pdf1_brown_summary_tables.json	ad968950042aaaef57a145a79dc4dae5fb0178aed759e4cf48c69c6c2e413f18	ad968950042aaaef57a145a79dc4dae5fb0178aed759e4cf48c69c6c2e413f18
metrics/qwen3/gitksan/pdf1_brown/metrics_gitksan_Qwen_pdf1_brown_summary_text.json	metrics/legacy/qwen3/gitksan/pdf1_brown/original/metrics_gitksan_Qwen_pdf1_brown_summary_text.json	764c85182890461b1f1604895effb397a94f9e550985cc2db2b0f6002c06caac	764c85182890461b1f1604895effb397a94f9e550985cc2db2b0f6002c06caac
metrics/qwen3/gitksan/pdf2_rigsby/metrics_gitksan_Qwen_ModelGloss_pdf2_rigsby_cheatsheet.json	metrics/legacy/qwen3/gitksan/pdf2_rigsby/original/metrics_gitksan_Qwen_ModelGloss_pdf2_rigsby_cheatsheet.json	a99ca83269354be8a31d50c10a825c5dcb79dff9eadacb85c8c3810d58f14ae4	a99ca83269354be8a31d50c10a825c5dcb79dff9eadacb85c8c3810d58f14ae4
metrics/qwen3/gitksan/pdf2_rigsby/metrics_gitksan_Qwen_ModelGloss_pdf2_rigsby_newmaterials_cheatsheet_jpg.json	metrics/curated_v1/qwen3/gitksan/pdf2_rigsby/original/metrics_gitksan_Qwen_ModelGloss_pdf2_rigsby_curated_v1_cheatsheet_jpg.json	098835631ba293a5f1e64d389c6e12153002d7a89ea8947a4e706da70abe978c	098835631ba293a5f1e64d389c6e12153002d7a89ea8947a4e706da70abe978c
metrics/qwen3/gitksan/pdf2_rigsby/metrics_gitksan_Qwen_ModelGloss_pdf2_rigsby_newmaterials_cheatsheet_txt.json	metrics/curated_v1/qwen3/gitksan/pdf2_rigsby/original/metrics_gitksan_Qwen_ModelGloss_pdf2_rigsby_curated_v1_cheatsheet_txt.json	726955355430fa97c3b3c7b08676ae69bc73d17772e110cd9fe9f9142cdc0066	726955355430fa97c3b3c7b08676ae69bc73d17772e110cd9fe9f9142cdc0066
metrics/qwen3/gitksan/pdf2_rigsby/metrics_gitksan_Qwen_ModelGloss_pdf2_rigsby_newmaterials_pdfpages_impactful_jpg.json	metrics/curated_v1/qwen3/gitksan/pdf2_rigsby/original/metrics_gitksan_Qwen_ModelGloss_pdf2_rigsby_curated_v1_pdfpages_impactful_jpg.json	611fc7986626dd80fc98b604f016a12335c272aabd2cd517a2a5e14e92264a00	611fc7986626dd80fc98b604f016a12335c272aabd2cd517a2a5e14e92264a00
metrics/qwen3/gitksan/pdf2_rigsby/metrics_gitksan_Qwen_ModelGloss_pdf2_rigsby_newmaterials_summary_tables_jpg.json	metrics/curated_v1/qwen3/gitksan/pdf2_rigsby/original/metrics_gitksan_Qwen_ModelGloss_pdf2_rigsby_curated_v1_summary_tables_jpg.json	51f32fa7a454e309c36fb45c6c166f3d8d945fbe72940b68f98623b899b202ef	51f32fa7a454e309c36fb45c6c166f3d8d945fbe72940b68f98623b899b202ef
metrics/qwen3/gitksan/pdf2_rigsby/metrics_gitksan_Qwen_ModelGloss_pdf2_rigsby_newmaterials_summary_tables_txt.json	metrics/curated_v1/qwen3/gitksan/pdf2_rigsby/original/metrics_gitksan_Qwen_ModelGloss_pdf2_rigsby_curated_v1_summary_tables_txt.json	6f2f2d4d523680c4afa22ec6887f7d469efb3cf20e5b860952d3fb7577a0d393	6f2f2d4d523680c4afa22ec6887f7d469efb3cf20e5b860952d3fb7577a0d393
metrics/qwen3/gitksan/pdf2_rigsby/metrics_gitksan_Qwen_ModelGloss_pdf2_rigsby_newmaterials_summary_text_txt.json	metrics/curated_v1/qwen3/gitksan/pdf2_rigsby/original/metrics_gitksan_Qwen_ModelGloss_pdf2_rigsby_curated_v1_summary_text_txt.json	1be931383f6cf818ec07d28be2ff6648e277887452d771598268475407d4382b	1be931383f6cf818ec07d28be2ff6648e277887452d771598268475407d4382b
metrics/qwen3/gitksan/pdf2_rigsby/metrics_gitksan_Qwen_ModelGloss_pdf2_rigsby_pdfpages_all_jpg.json	metrics/legacy/qwen3/gitksan/pdf2_rigsby/original/metrics_gitksan_Qwen_ModelGloss_pdf2_rigsby_pdfpages_all_jpg.json	924b20fe57ab7c002b296ed60cf00b9fbbbaf4fbe22b66603a3b84719a94bf27	924b20fe57ab7c002b296ed60cf00b9fbbbaf4fbe22b66603a3b84719a94bf27
metrics/qwen3/gitksan/pdf2_rigsby/metrics_gitksan_Qwen_ModelGloss_pdf2_rigsby_summary_tables.json	metrics/legacy/qwen3/gitksan/pdf2_rigsby/original/metrics_gitksan_Qwen_ModelGloss_pdf2_rigsby_summary_tables.json	01004d6a0a30874ba38664b5e375e2578f362f2f8d0f0c7e2b2e9c0a977d66ed	01004d6a0a30874ba38664b5e375e2578f362f2f8d0f0c7e2b2e9c0a977d66ed
metrics/qwen3/gitksan/pdf2_rigsby/metrics_gitksan_Qwen_ModelGloss_pdf2_rigsby_summary_text.json	metrics/legacy/qwen3/gitksan/pdf2_rigsby/original/metrics_gitksan_Qwen_ModelGloss_pdf2_rigsby_summary_text.json	b9f2a3b9a7dba1c93548547c3df09ef6f36846f2d3ba0bd21c55f631b0ea7c9c	b9f2a3b9a7dba1c93548547c3df09ef6f36846f2d3ba0bd21c55f631b0ea7c9c
metrics/qwen3/gitksan/pdf2_rigsby/metrics_gitksan_Qwen_pdf2_rigsby_cheatsheet.json	metrics/legacy/qwen3/gitksan/pdf2_rigsby/original/metrics_gitksan_Qwen_pdf2_rigsby_cheatsheet.json	cd184a63e0ec025d496916f630821e02bf8382e157c9a8192298383190d82dd6	cd184a63e0ec025d496916f630821e02bf8382e157c9a8192298383190d82dd6
metrics/qwen3/gitksan/pdf2_rigsby/metrics_gitksan_Qwen_pdf2_rigsby_newmaterials_cheatsheet_jpg.json	metrics/curated_v1/qwen3/gitksan/pdf2_rigsby/original/metrics_gitksan_Qwen_pdf2_rigsby_curated_v1_cheatsheet_jpg.json	2a3bc316e2def596376446ce6d899d00d362ef9f18a36cfc864606f5df75c7a6	2a3bc316e2def596376446ce6d899d00d362ef9f18a36cfc864606f5df75c7a6
metrics/qwen3/gitksan/pdf2_rigsby/metrics_gitksan_Qwen_pdf2_rigsby_newmaterials_cheatsheet_txt.json	metrics/curated_v1/qwen3/gitksan/pdf2_rigsby/original/metrics_gitksan_Qwen_pdf2_rigsby_curated_v1_cheatsheet_txt.json	45a49d4d0496a510b19453d58cdc6d30565eafb32c353f5980b161c1d1bda88a	45a49d4d0496a510b19453d58cdc6d30565eafb32c353f5980b161c1d1bda88a
metrics/qwen3/gitksan/pdf2_rigsby/metrics_gitksan_Qwen_pdf2_rigsby_newmaterials_pdfpages_impactful_jpg.json	metrics/curated_v1/qwen3/gitksan/pdf2_rigsby/original/metrics_gitksan_Qwen_pdf2_rigsby_curated_v1_pdfpages_impactful_jpg.json	2464b247e33b9e677c8a1db8e7517c9107530fe21c3dcb0fd29e3e8546de15ea	2464b247e33b9e677c8a1db8e7517c9107530fe21c3dcb0fd29e3e8546de15ea
metrics/qwen3/gitksan/pdf2_rigsby/metrics_gitksan_Qwen_pdf2_rigsby_newmaterials_summary_tables_jpg.json	metrics/curated_v1/qwen3/gitksan/pdf2_rigsby/original/metrics_gitksan_Qwen_pdf2_rigsby_curated_v1_summary_tables_jpg.json	8e67ba54f140bfd08875a3752630941c149a8221ae092ff81e1c4df49a0ec2f4	8e67ba54f140bfd08875a3752630941c149a8221ae092ff81e1c4df49a0ec2f4
metrics/qwen3/gitksan/pdf2_rigsby/metrics_gitksan_Qwen_pdf2_rigsby_newmaterials_summary_tables_txt.json	metrics/curated_v1/qwen3/gitksan/pdf2_rigsby/original/metrics_gitksan_Qwen_pdf2_rigsby_curated_v1_summary_tables_txt.json	ed2defb1649e1f0954eb768a93bb126897d5be48b345b0ae0dc3b804d9da88b5	ed2defb1649e1f0954eb768a93bb126897d5be48b345b0ae0dc3b804d9da88b5
metrics/qwen3/gitksan/pdf2_rigsby/metrics_gitksan_Qwen_pdf2_rigsby_newmaterials_summary_text_txt.json	metrics/curated_v1/qwen3/gitksan/pdf2_rigsby/original/metrics_gitksan_Qwen_pdf2_rigsby_curated_v1_summary_text_txt.json	66d684a741fd3f92cd4611a6d8d75bb859d39149a554ee8a2b0b249aac2f7704	66d684a741fd3f92cd4611a6d8d75bb859d39149a554ee8a2b0b249aac2f7704
metrics/qwen3/gitksan/pdf2_rigsby/metrics_gitksan_Qwen_pdf2_rigsby_pdfpages_all_jpg.json	metrics/legacy/qwen3/gitksan/pdf2_rigsby/original/metrics_gitksan_Qwen_pdf2_rigsby_pdfpages_all_jpg.json	4d65d1555974adf71c6acc930140787248aea3eacb9431512382d2185c920887	4d65d1555974adf71c6acc930140787248aea3eacb9431512382d2185c920887
metrics/qwen3/gitksan/pdf2_rigsby/metrics_gitksan_Qwen_pdf2_rigsby_summary_tables.json	metrics/legacy/qwen3/gitksan/pdf2_rigsby/original/metrics_gitksan_Qwen_pdf2_rigsby_summary_tables.json	628dee8655d5875ff2d5100a14afc9939d9ee1f64dcb1fd7005c0575a134e72d	628dee8655d5875ff2d5100a14afc9939d9ee1f64dcb1fd7005c0575a134e72d
metrics/qwen3/gitksan/pdf2_rigsby/metrics_gitksan_Qwen_pdf2_rigsby_summary_text.json	metrics/legacy/qwen3/gitksan/pdf2_rigsby/original/metrics_gitksan_Qwen_pdf2_rigsby_summary_text.json	4c755981bc03dbcb89a011a8484a9e905d7050686c25deda6f156d956a211794	4c755981bc03dbcb89a011a8484a9e905d7050686c25deda6f156d956a211794
metrics/qwen3/lezgi/metrics_lezgi_Qwen_ModelGloss_grammar_cheatsheet.json	metrics/legacy/qwen3/lezgi/grammar/original/metrics_lezgi_Qwen_ModelGloss_grammar_cheatsheet.json	3b8b2274bec3848b4c54a2fd43a4ca544fdb0cef76e9efc556b1afce1fe17d38	3b8b2274bec3848b4c54a2fd43a4ca544fdb0cef76e9efc556b1afce1fe17d38
metrics/qwen3/lezgi/metrics_lezgi_Qwen_ModelGloss_grammar_pdfpages_impactful_jpg.json	metrics/legacy/qwen3/lezgi/grammar/original/metrics_lezgi_Qwen_ModelGloss_grammar_pdfpages_impactful_jpg.json	718ee242238e7910d6fff6eb54d004b5dc7ca4faccb60c36e4e82e065350e32b	718ee242238e7910d6fff6eb54d004b5dc7ca4faccb60c36e4e82e065350e32b
metrics/qwen3/lezgi/metrics_lezgi_Qwen_ModelGloss_grammar_summary_tables.json	metrics/legacy/qwen3/lezgi/grammar/original/metrics_lezgi_Qwen_ModelGloss_grammar_summary_tables.json	09b14b0d67ffe5bf3b71728cba761ef256bfd83b20ae57a796fe3e336a1afd73	09b14b0d67ffe5bf3b71728cba761ef256bfd83b20ae57a796fe3e336a1afd73
metrics/qwen3/lezgi/metrics_lezgi_Qwen_ModelGloss_grammar_summary_text.json	metrics/legacy/qwen3/lezgi/grammar/original/metrics_lezgi_Qwen_ModelGloss_grammar_summary_text.json	e9da47dcc6d8be2fa53425ce9a44aa12f1c026738d6c3b6092ecdabff86a46ab	e9da47dcc6d8be2fa53425ce9a44aa12f1c026738d6c3b6092ecdabff86a46ab
metrics/qwen3/lezgi/metrics_lezgi_Qwen_ModelGloss_newmaterials_cheatsheet_jpg.json	metrics/curated_v1/qwen3/lezgi/grammar/original/metrics_lezgi_Qwen_ModelGloss_curated_v1_cheatsheet_jpg.json	31ebc33fde4fecbf0fb1624c0bbd2c0b27acf7313527deb19387947f4722650d	31ebc33fde4fecbf0fb1624c0bbd2c0b27acf7313527deb19387947f4722650d
metrics/qwen3/lezgi/metrics_lezgi_Qwen_ModelGloss_newmaterials_cheatsheet_md.json	metrics/curated_v1/qwen3/lezgi/grammar/original/metrics_lezgi_Qwen_ModelGloss_curated_v1_cheatsheet_md.json	dd27821cacc81b846f142eaf7a47969d197d4beb5dd2a245a32946f25f87441f	dd27821cacc81b846f142eaf7a47969d197d4beb5dd2a245a32946f25f87441f
metrics/qwen3/lezgi/metrics_lezgi_Qwen_ModelGloss_newmaterials_cheatsheet_txt.json	metrics/curated_v1/qwen3/lezgi/grammar/original/metrics_lezgi_Qwen_ModelGloss_curated_v1_cheatsheet_txt.json	c645b31bcba58a8bc4a8986a8bc0afbe3ff14801383a85d23537871fce5d88fd	c645b31bcba58a8bc4a8986a8bc0afbe3ff14801383a85d23537871fce5d88fd
metrics/qwen3/lezgi/metrics_lezgi_Qwen_ModelGloss_newmaterials_cyrillic_cheatsheet_jpg.json	metrics/curated_v1/qwen3/lezgi/grammar/cyrillic/metrics_lezgi_Qwen_ModelGloss_curated_v1_cyrillic_cheatsheet_jpg.json	9548aaa2b8fe391471ed88668e32b9df607aa9b7a599516b814cc77b0236a0f0	9548aaa2b8fe391471ed88668e32b9df607aa9b7a599516b814cc77b0236a0f0
metrics/qwen3/lezgi/metrics_lezgi_Qwen_ModelGloss_newmaterials_cyrillic_cheatsheet_txt.json	metrics/curated_v1/qwen3/lezgi/grammar/cyrillic/metrics_lezgi_Qwen_ModelGloss_curated_v1_cyrillic_cheatsheet_txt.json	9138b948c37c871f7a5a0164b7982d7628a8dbf99932ea71b923b41da2f5c628	9138b948c37c871f7a5a0164b7982d7628a8dbf99932ea71b923b41da2f5c628
metrics/qwen3/lezgi/metrics_lezgi_Qwen_ModelGloss_newmaterials_cyrillic_summary_tables_jpg.json	metrics/curated_v1/qwen3/lezgi/grammar/cyrillic/metrics_lezgi_Qwen_ModelGloss_curated_v1_cyrillic_summary_tables_jpg.json	22e661820c8798506132a956f3946bc77b59af47590fef3f5021e07eb7bae3bc	22e661820c8798506132a956f3946bc77b59af47590fef3f5021e07eb7bae3bc
metrics/qwen3/lezgi/metrics_lezgi_Qwen_ModelGloss_newmaterials_cyrillic_summary_tables_txt.json	metrics/curated_v1/qwen3/lezgi/grammar/cyrillic/metrics_lezgi_Qwen_ModelGloss_curated_v1_cyrillic_summary_tables_txt.json	ea743a5ad9b2a2dcc50a763cd46e7a5f073f0184fdb84f025a5b05ae072cdf9a	ea743a5ad9b2a2dcc50a763cd46e7a5f073f0184fdb84f025a5b05ae072cdf9a
metrics/qwen3/lezgi/metrics_lezgi_Qwen_ModelGloss_newmaterials_cyrillic_summary_text_txt.json	metrics/curated_v1/qwen3/lezgi/grammar/cyrillic/metrics_lezgi_Qwen_ModelGloss_curated_v1_cyrillic_summary_text_txt.json	0767ebf3d842509efea45b88804afa302d2a4fb002ffd4d0aef6b71ece704efe	0767ebf3d842509efea45b88804afa302d2a4fb002ffd4d0aef6b71ece704efe
metrics/qwen3/lezgi/metrics_lezgi_Qwen_ModelGloss_newmaterials_pdfpages_impactful_jpg.json	metrics/curated_v1/qwen3/lezgi/grammar/original/metrics_lezgi_Qwen_ModelGloss_curated_v1_pdfpages_impactful_jpg.json	63150fab020ffe02cf9d64ee91e11d6df733ec62559cead355059217c8340957	63150fab020ffe02cf9d64ee91e11d6df733ec62559cead355059217c8340957
metrics/qwen3/lezgi/metrics_lezgi_Qwen_ModelGloss_newmaterials_summary_tables_jpg.json	metrics/curated_v1/qwen3/lezgi/grammar/original/metrics_lezgi_Qwen_ModelGloss_curated_v1_summary_tables_jpg.json	f973dfea91cbee3e2a7a380d6820129a213f5ce18db41e646d00e0b831055917	f973dfea91cbee3e2a7a380d6820129a213f5ce18db41e646d00e0b831055917
metrics/qwen3/lezgi/metrics_lezgi_Qwen_ModelGloss_newmaterials_summary_tables_md.json	metrics/curated_v1/qwen3/lezgi/grammar/original/metrics_lezgi_Qwen_ModelGloss_curated_v1_summary_tables_md.json	74788c72fb5f447d701dcd8543492b7e42530802f26ce6ac89de4108fcea08ef	74788c72fb5f447d701dcd8543492b7e42530802f26ce6ac89de4108fcea08ef
metrics/qwen3/lezgi/metrics_lezgi_Qwen_ModelGloss_newmaterials_summary_tables_txt.json	metrics/curated_v1/qwen3/lezgi/grammar/original/metrics_lezgi_Qwen_ModelGloss_curated_v1_summary_tables_txt.json	f5930515b8bf9c4beda97cfe386653dbc17f6f2fcd48c5f67a26c467034c0111	f5930515b8bf9c4beda97cfe386653dbc17f6f2fcd48c5f67a26c467034c0111
metrics/qwen3/lezgi/metrics_lezgi_Qwen_ModelGloss_newmaterials_summary_text_md.json	metrics/curated_v1/qwen3/lezgi/grammar/original/metrics_lezgi_Qwen_ModelGloss_curated_v1_summary_text_md.json	6c2f0f9566266ab0ec468609167fbf8e8baa117451fbd9985a49f43563eb4a51	6c2f0f9566266ab0ec468609167fbf8e8baa117451fbd9985a49f43563eb4a51
metrics/qwen3/lezgi/metrics_lezgi_Qwen_ModelGloss_newmaterials_summary_text_txt.json	metrics/curated_v1/qwen3/lezgi/grammar/original/metrics_lezgi_Qwen_ModelGloss_curated_v1_summary_text_txt.json	fb3b74d2a697e6d71f5467849132f24c22b957e62fe98948c5dd0561bf6cd8a1	fb3b74d2a697e6d71f5467849132f24c22b957e62fe98948c5dd0561bf6cd8a1
metrics/qwen3/lezgi/metrics_lezgi_Qwen_grammar_cheatsheet.json	metrics/legacy/qwen3/lezgi/grammar/original/metrics_lezgi_Qwen_grammar_cheatsheet.json	1151a0b8f00d29670cbe5103c4b87c2dc1da9113fef7b527bb02a330aeac9e51	1151a0b8f00d29670cbe5103c4b87c2dc1da9113fef7b527bb02a330aeac9e51
metrics/qwen3/lezgi/metrics_lezgi_Qwen_grammar_pdfpages_impactful_jpg.json	metrics/legacy/qwen3/lezgi/grammar/original/metrics_lezgi_Qwen_grammar_pdfpages_impactful_jpg.json	293503d009482035c11256c4c81b63d9fdcc51adcb2f7ee8091e8b03f55bf924	293503d009482035c11256c4c81b63d9fdcc51adcb2f7ee8091e8b03f55bf924
metrics/qwen3/lezgi/metrics_lezgi_Qwen_grammar_summary_tables.json	metrics/legacy/qwen3/lezgi/grammar/original/metrics_lezgi_Qwen_grammar_summary_tables.json	703a8818c7705bc19d5324d16a2cfc99f0d42f020854381fbcdfd73fc8e6b199	703a8818c7705bc19d5324d16a2cfc99f0d42f020854381fbcdfd73fc8e6b199
metrics/qwen3/lezgi/metrics_lezgi_Qwen_grammar_summary_text.json	metrics/legacy/qwen3/lezgi/grammar/original/metrics_lezgi_Qwen_grammar_summary_text.json	f23a6d3fc9cb61ea9b1b237b7ed3df21bb49492f3c447d9f087452426435b678	f23a6d3fc9cb61ea9b1b237b7ed3df21bb49492f3c447d9f087452426435b678
metrics/qwen3/lezgi/metrics_lezgi_Qwen_newmaterials_cheatsheet_jpg.json	metrics/curated_v1/qwen3/lezgi/grammar/original/metrics_lezgi_Qwen_curated_v1_cheatsheet_jpg.json	5cdbad84cfe4f904cb5a8f8ba01454ac0d1ef1cef9ee882aea4948fd42ac529e	5cdbad84cfe4f904cb5a8f8ba01454ac0d1ef1cef9ee882aea4948fd42ac529e
metrics/qwen3/lezgi/metrics_lezgi_Qwen_newmaterials_cheatsheet_md.json	metrics/curated_v1/qwen3/lezgi/grammar/original/metrics_lezgi_Qwen_curated_v1_cheatsheet_md.json	139d56e32615ca601220a90170d9564beee6d6c66ddcc03511a7ca1fd1183b32	139d56e32615ca601220a90170d9564beee6d6c66ddcc03511a7ca1fd1183b32
metrics/qwen3/lezgi/metrics_lezgi_Qwen_newmaterials_cheatsheet_txt.json	metrics/curated_v1/qwen3/lezgi/grammar/original/metrics_lezgi_Qwen_curated_v1_cheatsheet_txt.json	3ad3cc856a3a7068f713caaa0edda9e85514c16c050e4eea641cbbfc4f32e332	3ad3cc856a3a7068f713caaa0edda9e85514c16c050e4eea641cbbfc4f32e332
metrics/qwen3/lezgi/metrics_lezgi_Qwen_newmaterials_cyrillic_cheatsheet_jpg.json	metrics/curated_v1/qwen3/lezgi/grammar/cyrillic/metrics_lezgi_Qwen_curated_v1_cyrillic_cheatsheet_jpg.json	253c6ee9c6ef20062c5844c21e6c9180af690f726f77717156f23e5b69ef5633	253c6ee9c6ef20062c5844c21e6c9180af690f726f77717156f23e5b69ef5633
metrics/qwen3/lezgi/metrics_lezgi_Qwen_newmaterials_cyrillic_cheatsheet_txt.json	metrics/curated_v1/qwen3/lezgi/grammar/cyrillic/metrics_lezgi_Qwen_curated_v1_cyrillic_cheatsheet_txt.json	1cc5be50052f35611d508e16aa08b865cf4d8baf3345bde66539908ef68b4c56	1cc5be50052f35611d508e16aa08b865cf4d8baf3345bde66539908ef68b4c56
metrics/qwen3/lezgi/metrics_lezgi_Qwen_newmaterials_cyrillic_summary_tables_jpg.json	metrics/curated_v1/qwen3/lezgi/grammar/cyrillic/metrics_lezgi_Qwen_curated_v1_cyrillic_summary_tables_jpg.json	f2779c4468c4a88225f5f3970b1696fea2e4c9c4a0806bd9af560524548d06c5	f2779c4468c4a88225f5f3970b1696fea2e4c9c4a0806bd9af560524548d06c5
metrics/qwen3/lezgi/metrics_lezgi_Qwen_newmaterials_cyrillic_summary_tables_txt.json	metrics/curated_v1/qwen3/lezgi/grammar/cyrillic/metrics_lezgi_Qwen_curated_v1_cyrillic_summary_tables_txt.json	bff282d1a51ed46aa3a194b444ce6ccf34625cabf8bd8ae27c24d649eb4a1bce	bff282d1a51ed46aa3a194b444ce6ccf34625cabf8bd8ae27c24d649eb4a1bce
metrics/qwen3/lezgi/metrics_lezgi_Qwen_newmaterials_cyrillic_summary_text_txt.json	metrics/curated_v1/qwen3/lezgi/grammar/cyrillic/metrics_lezgi_Qwen_curated_v1_cyrillic_summary_text_txt.json	ed8bed9062cdbd482c3f8028a47eed81b74bd29e2eecb2b5cb981bbbf08700cd	ed8bed9062cdbd482c3f8028a47eed81b74bd29e2eecb2b5cb981bbbf08700cd
metrics/qwen3/lezgi/metrics_lezgi_Qwen_newmaterials_pdfpages_impactful_jpg.json	metrics/curated_v1/qwen3/lezgi/grammar/original/metrics_lezgi_Qwen_curated_v1_pdfpages_impactful_jpg.json	38c1297b5a806c3fa8c49e248b2c5994314be6043a5c226f6108f63f7a779ae4	38c1297b5a806c3fa8c49e248b2c5994314be6043a5c226f6108f63f7a779ae4
metrics/qwen3/lezgi/metrics_lezgi_Qwen_newmaterials_summary_tables_jpg.json	metrics/curated_v1/qwen3/lezgi/grammar/original/metrics_lezgi_Qwen_curated_v1_summary_tables_jpg.json	b71ba5d4b3d9e649dd55753a4ab95c914ff422026213535343b8f2406b5d5e6d	b71ba5d4b3d9e649dd55753a4ab95c914ff422026213535343b8f2406b5d5e6d
metrics/qwen3/lezgi/metrics_lezgi_Qwen_newmaterials_summary_tables_md.json	metrics/curated_v1/qwen3/lezgi/grammar/original/metrics_lezgi_Qwen_curated_v1_summary_tables_md.json	8cf8a9eec9e0a2543cd40e9beb864c9e6e1da1fd5db78e43b5beb38df085e9bc	8cf8a9eec9e0a2543cd40e9beb864c9e6e1da1fd5db78e43b5beb38df085e9bc
metrics/qwen3/lezgi/metrics_lezgi_Qwen_newmaterials_summary_tables_txt.json	metrics/curated_v1/qwen3/lezgi/grammar/original/metrics_lezgi_Qwen_curated_v1_summary_tables_txt.json	3407e49eb07d43c917c272eab0e3dc16715989b7a4b04e4351c7f72c879383ac	3407e49eb07d43c917c272eab0e3dc16715989b7a4b04e4351c7f72c879383ac
metrics/qwen3/lezgi/metrics_lezgi_Qwen_newmaterials_summary_text_md.json	metrics/curated_v1/qwen3/lezgi/grammar/original/metrics_lezgi_Qwen_curated_v1_summary_text_md.json	498269a8689c61707868feddef0f87740c4f4f6c3cbf231ecf1fb92f40224cd0	498269a8689c61707868feddef0f87740c4f4f6c3cbf231ecf1fb92f40224cd0
metrics/qwen3/lezgi/metrics_lezgi_Qwen_newmaterials_summary_text_txt.json	metrics/curated_v1/qwen3/lezgi/grammar/original/metrics_lezgi_Qwen_curated_v1_summary_text_txt.json	845ba25e2af3e1dbc08f2fd7181f1a33bf461345cdb2ced5a3c14a615a5dcd34	845ba25e2af3e1dbc08f2fd7181f1a33bf461345cdb2ced5a3c14a615a5dcd34
metrics/qwen3/natugu/metrics_natugu_Qwen_ModelGloss_cheatsheet.json	metrics/legacy/qwen3/natugu/grammar/original/metrics_natugu_Qwen_ModelGloss_cheatsheet.json	20ef5ff1b169f91f1ddf6db5825ca4463582ed5a96cad13971b2d34421171486	20ef5ff1b169f91f1ddf6db5825ca4463582ed5a96cad13971b2d34421171486
metrics/qwen3/natugu/metrics_natugu_Qwen_ModelGloss_newmaterials_cheatsheet_jpg.json	metrics/curated_v1/qwen3/natugu/grammar/original/metrics_natugu_Qwen_ModelGloss_curated_v1_cheatsheet_jpg.json	40aaa0c0f55b67d090811990a6cfc4900de93b166f8fba840ec4ce48814b2066	40aaa0c0f55b67d090811990a6cfc4900de93b166f8fba840ec4ce48814b2066
metrics/qwen3/natugu/metrics_natugu_Qwen_ModelGloss_newmaterials_cheatsheet_txt.json	metrics/curated_v1/qwen3/natugu/grammar/original/metrics_natugu_Qwen_ModelGloss_curated_v1_cheatsheet_txt.json	5ddb5200048468cea10842ebd87279b814c7dfd640b52bed285201e4ac0f4708	5ddb5200048468cea10842ebd87279b814c7dfd640b52bed285201e4ac0f4708
metrics/qwen3/natugu/metrics_natugu_Qwen_ModelGloss_newmaterials_summary_tables_jpg.json	metrics/curated_v1/qwen3/natugu/grammar/original/metrics_natugu_Qwen_ModelGloss_curated_v1_summary_tables_jpg.json	22bbff3943c7193d554bb579ebeb96cc1b84caa46cd3362bacb8a591699ef56d	22bbff3943c7193d554bb579ebeb96cc1b84caa46cd3362bacb8a591699ef56d
metrics/qwen3/natugu/metrics_natugu_Qwen_ModelGloss_newmaterials_summary_tables_md.json	metrics/curated_v1/qwen3/natugu/grammar/original/metrics_natugu_Qwen_ModelGloss_curated_v1_summary_tables_md.json	3b1ef5e18596587bbd9ff240df54455ed3add03be315045d7d67398a166727dd	3b1ef5e18596587bbd9ff240df54455ed3add03be315045d7d67398a166727dd
metrics/qwen3/natugu/metrics_natugu_Qwen_ModelGloss_newmaterials_summary_tables_txt.json	metrics/curated_v1/qwen3/natugu/grammar/original/metrics_natugu_Qwen_ModelGloss_curated_v1_summary_tables_txt.json	0a5f929217c4a805b540e067c59b23f58fdda85fc26e029d0e5ff43e605343af	0a5f929217c4a805b540e067c59b23f58fdda85fc26e029d0e5ff43e605343af
metrics/qwen3/natugu/metrics_natugu_Qwen_ModelGloss_newmaterials_summary_text_md.json	metrics/curated_v1/qwen3/natugu/grammar/original/metrics_natugu_Qwen_ModelGloss_curated_v1_summary_text_md.json	c1c86245c161c9401c91c4d63d98d964cf5cc3df4bb33442835a52259451cb9f	c1c86245c161c9401c91c4d63d98d964cf5cc3df4bb33442835a52259451cb9f
metrics/qwen3/natugu/metrics_natugu_Qwen_ModelGloss_newmaterials_summary_text_txt.json	metrics/curated_v1/qwen3/natugu/grammar/original/metrics_natugu_Qwen_ModelGloss_curated_v1_summary_text_txt.json	83945bc1fa28c8bf3ee3314565a512bd35e9e8ef68f727d76d0933a19fc3bb77	83945bc1fa28c8bf3ee3314565a512bd35e9e8ef68f727d76d0933a19fc3bb77
metrics/qwen3/natugu/metrics_natugu_Qwen_ModelGloss_pdfpages.json	metrics/legacy/qwen3/natugu/grammar/original/metrics_natugu_Qwen_ModelGloss_pdfpages.json	288f62cea10bf381c7ec5823eb1a83f720002b596bfcb963572cf72acdded02e	288f62cea10bf381c7ec5823eb1a83f720002b596bfcb963572cf72acdded02e
metrics/qwen3/natugu/metrics_natugu_Qwen_ModelGloss_pdfpages_modelinput_all.json	metrics/legacy/qwen3/natugu/grammar/original/metrics_natugu_Qwen_ModelGloss_pdfpages_modelinput_all.json	be89547facb1fd427c5e119ea54fb11ab85022c09643d9ac35bb711a753b3311	be89547facb1fd427c5e119ea54fb11ab85022c09643d9ac35bb711a753b3311
metrics/qwen3/natugu/metrics_natugu_Qwen_ModelGloss_summary.json	metrics/legacy/qwen3/natugu/grammar/original/metrics_natugu_Qwen_ModelGloss_summary.json	7e25c12559eaecf50c458395a167ed2ab79681d6eeeb95b04365db71c61c47db	7e25c12559eaecf50c458395a167ed2ab79681d6eeeb95b04365db71c61c47db
metrics/qwen3/natugu/metrics_natugu_Qwen_ModelGloss_summary_modelinput_all.json	metrics/legacy/qwen3/natugu/grammar/original/metrics_natugu_Qwen_ModelGloss_summary_modelinput_all.json	067e13958c1b079fd403d487088917fb04ce3dd741d365095314ef768e263111	067e13958c1b079fd403d487088917fb04ce3dd741d365095314ef768e263111
metrics/qwen3/natugu/metrics_natugu_Qwen_ModelGloss_summary_text.json	metrics/legacy/qwen3/natugu/grammar/original/metrics_natugu_Qwen_ModelGloss_summary_text.json	77fd38be20f8b00627f5c711c9a1a550a206775c0678c9ec0c2596dc357a5f9b	77fd38be20f8b00627f5c711c9a1a550a206775c0678c9ec0c2596dc357a5f9b
metrics/qwen3/natugu/metrics_natugu_Qwen_cheatsheet.json	metrics/legacy/qwen3/natugu/grammar/original/metrics_natugu_Qwen_cheatsheet.json	1374b532fb6e24c6dd30ca5cb73151051087b042eaf1e940f654c1ea6f6c6f47	1374b532fb6e24c6dd30ca5cb73151051087b042eaf1e940f654c1ea6f6c6f47
metrics/qwen3/natugu/metrics_natugu_Qwen_newmaterials_cheatsheet_jpg.json	metrics/curated_v1/qwen3/natugu/grammar/original/metrics_natugu_Qwen_curated_v1_cheatsheet_jpg.json	faf2ac9d31d8d2043a98fe4270d899868808b61a35506681c604b5d5079d366f	faf2ac9d31d8d2043a98fe4270d899868808b61a35506681c604b5d5079d366f
metrics/qwen3/natugu/metrics_natugu_Qwen_newmaterials_cheatsheet_txt.json	metrics/curated_v1/qwen3/natugu/grammar/original/metrics_natugu_Qwen_curated_v1_cheatsheet_txt.json	99cdd80f31b96b22c60a03782d4b22ff68816acc59208f4bd070f8e8cf9ae452	99cdd80f31b96b22c60a03782d4b22ff68816acc59208f4bd070f8e8cf9ae452
metrics/qwen3/natugu/metrics_natugu_Qwen_newmaterials_summary_tables_jpg.json	metrics/curated_v1/qwen3/natugu/grammar/original/metrics_natugu_Qwen_curated_v1_summary_tables_jpg.json	809011bc3dca9c19f8808579ce5d553e03be531073dcbdb823251c5bc0ecefb3	809011bc3dca9c19f8808579ce5d553e03be531073dcbdb823251c5bc0ecefb3
metrics/qwen3/natugu/metrics_natugu_Qwen_newmaterials_summary_tables_md.json	metrics/curated_v1/qwen3/natugu/grammar/original/metrics_natugu_Qwen_curated_v1_summary_tables_md.json	e00044de96d25b09c1478ca387d10c8f0a51515a3d649860003b0fe8b1674a66	e00044de96d25b09c1478ca387d10c8f0a51515a3d649860003b0fe8b1674a66
metrics/qwen3/natugu/metrics_natugu_Qwen_newmaterials_summary_tables_txt.json	metrics/curated_v1/qwen3/natugu/grammar/original/metrics_natugu_Qwen_curated_v1_summary_tables_txt.json	1ef572f2450a2caefd3fa85e061fa337ec7f56e0823a33195895b7410a92deeb	1ef572f2450a2caefd3fa85e061fa337ec7f56e0823a33195895b7410a92deeb
metrics/qwen3/natugu/metrics_natugu_Qwen_newmaterials_summary_text_md.json	metrics/curated_v1/qwen3/natugu/grammar/original/metrics_natugu_Qwen_curated_v1_summary_text_md.json	78c79bb2f10cda04e2584d23c83c1628fb8ba01acf7d8faf7f5e56e8ac528163	78c79bb2f10cda04e2584d23c83c1628fb8ba01acf7d8faf7f5e56e8ac528163
metrics/qwen3/natugu/metrics_natugu_Qwen_newmaterials_summary_text_txt.json	metrics/curated_v1/qwen3/natugu/grammar/original/metrics_natugu_Qwen_curated_v1_summary_text_txt.json	dd1dd897379dd3ac012829cebb6944a6e12fe2e1d4fbd24c58b66a42826dc5e7	dd1dd897379dd3ac012829cebb6944a6e12fe2e1d4fbd24c58b66a42826dc5e7
metrics/qwen3/natugu/metrics_natugu_Qwen_pdfpages.json	metrics/legacy/qwen3/natugu/grammar/original/metrics_natugu_Qwen_pdfpages.json	3373ab9cc78603d1274c0c410cf0014c5fd76a5697314bdcc90a0b52b36d578b	3373ab9cc78603d1274c0c410cf0014c5fd76a5697314bdcc90a0b52b36d578b
metrics/qwen3/natugu/metrics_natugu_Qwen_pdfpages_modelinput_all.json	metrics/legacy/qwen3/natugu/grammar/original/metrics_natugu_Qwen_pdfpages_modelinput_all.json	e42d26474841c311607d891580b3ff3928759c0abde89ba9d0543cbec468dd97	e42d26474841c311607d891580b3ff3928759c0abde89ba9d0543cbec468dd97
metrics/qwen3/natugu/metrics_natugu_Qwen_summary.json	metrics/legacy/qwen3/natugu/grammar/original/metrics_natugu_Qwen_summary.json	9a58aa5b451c6e8193793649e71785bf3392c75a6ad80e9bd7fe33034d1c5f43	9a58aa5b451c6e8193793649e71785bf3392c75a6ad80e9bd7fe33034d1c5f43
metrics/qwen3/natugu/metrics_natugu_Qwen_summary_modelinput_all.json	metrics/legacy/qwen3/natugu/grammar/original/metrics_natugu_Qwen_summary_modelinput_all.json	f80dc04887dca1f2f3a2c04b30e99920d766ce9c8cc6177968515e9fc01417fd	f80dc04887dca1f2f3a2c04b30e99920d766ce9c8cc6177968515e9fc01417fd
metrics/qwen3/natugu/metrics_natugu_Qwen_summary_text.json	metrics/legacy/qwen3/natugu/grammar/original/metrics_natugu_Qwen_summary_text.json	b8f2fb9ca3fd3cf4abeaec1a3a5b48280bd7cf7dd2935a5f314d0dbbdd612c78	b8f2fb9ca3fd3cf4abeaec1a3a5b48280bd7cf7dd2935a5f314d0dbbdd612c78
metrics/qwen3/tsez/metrics_tsez_Qwen_ModelGloss_newmaterials_cheatsheet_jpg.json	metrics/curated_v1/qwen3/tsez/grammar/original/metrics_tsez_Qwen_ModelGloss_curated_v1_cheatsheet_jpg.json	8b842403bdc21e09918e000e02363f740cccfdbb8424292c2b7e78f92442680c	8b842403bdc21e09918e000e02363f740cccfdbb8424292c2b7e78f92442680c
metrics/qwen3/tsez/metrics_tsez_Qwen_ModelGloss_newmaterials_cheatsheet_txt.json	metrics/curated_v1/qwen3/tsez/grammar/original/metrics_tsez_Qwen_ModelGloss_curated_v1_cheatsheet_txt.json	34e7f559764b39284d1b0550d31aef9f3cf1e9946cf89900dad32f3c7720a040	34e7f559764b39284d1b0550d31aef9f3cf1e9946cf89900dad32f3c7720a040
metrics/qwen3/tsez/metrics_tsez_Qwen_ModelGloss_newmaterials_summary_tables_jpg.json	metrics/curated_v1/qwen3/tsez/grammar/original/metrics_tsez_Qwen_ModelGloss_curated_v1_summary_tables_jpg.json	062bab71ce4cabe2d50e5d3ba5073343c87acf43ce4803a1843ea0bbdd19ff3a	062bab71ce4cabe2d50e5d3ba5073343c87acf43ce4803a1843ea0bbdd19ff3a
metrics/qwen3/tsez/metrics_tsez_Qwen_ModelGloss_newmaterials_summary_tables_txt.json	metrics/curated_v1/qwen3/tsez/grammar/original/metrics_tsez_Qwen_ModelGloss_curated_v1_summary_tables_txt.json	086bd651ce45096753b7062a9190eb3825f1395a2bbcc2aef65cb5d13856a30c	086bd651ce45096753b7062a9190eb3825f1395a2bbcc2aef65cb5d13856a30c
metrics/qwen3/tsez/metrics_tsez_Qwen_ModelGloss_newmaterials_summary_text_txt.json	metrics/curated_v1/qwen3/tsez/grammar/original/metrics_tsez_Qwen_ModelGloss_curated_v1_summary_text_txt.json	c54f148ee0cd87c9552abb5c1dea8fb616a78987acc52427af12a76cd2f2f332	c54f148ee0cd87c9552abb5c1dea8fb616a78987acc52427af12a76cd2f2f332
metrics/qwen3/tsez/metrics_tsez_Qwen_newmaterials_cheatsheet_jpg.json	metrics/curated_v1/qwen3/tsez/grammar/original/metrics_tsez_Qwen_curated_v1_cheatsheet_jpg.json	476d9692fb82aafdcce58d80d458df900a5c803b22139d56b66fc3213e716713	476d9692fb82aafdcce58d80d458df900a5c803b22139d56b66fc3213e716713
metrics/qwen3/tsez/metrics_tsez_Qwen_newmaterials_cheatsheet_txt.json	metrics/curated_v1/qwen3/tsez/grammar/original/metrics_tsez_Qwen_curated_v1_cheatsheet_txt.json	f75b4f3d7c2203d56d63d4a99f5d7b5ff374ef151273c7830a2f461bcd67669b	f75b4f3d7c2203d56d63d4a99f5d7b5ff374ef151273c7830a2f461bcd67669b
metrics/qwen3/tsez/metrics_tsez_Qwen_newmaterials_summary_tables_jpg.json	metrics/curated_v1/qwen3/tsez/grammar/original/metrics_tsez_Qwen_curated_v1_summary_tables_jpg.json	ffbb2b7fa67e63b5ab3500fe747b79ba978b13160f3ee05d5184f61f4806306f	ffbb2b7fa67e63b5ab3500fe747b79ba978b13160f3ee05d5184f61f4806306f
metrics/qwen3/tsez/metrics_tsez_Qwen_newmaterials_summary_tables_txt.json	metrics/curated_v1/qwen3/tsez/grammar/original/metrics_tsez_Qwen_curated_v1_summary_tables_txt.json	3daae641bc93fe519188dc19c22df2e4e1ad66732ce5734c8fd76af883b8b479	3daae641bc93fe519188dc19c22df2e4e1ad66732ce5734c8fd76af883b8b479
metrics/qwen3/tsez/metrics_tsez_Qwen_newmaterials_summary_text_txt.json	metrics/curated_v1/qwen3/tsez/grammar/original/metrics_tsez_Qwen_curated_v1_summary_text_txt.json	4f269788387473f61c3dfbf41aff9d9ecb5af22a45e103b9c778f752e73374c6	4f269788387473f61c3dfbf41aff9d9ecb5af22a45e103b9c778f752e73374c6
metrics/qwen35/gitksan/pdf1_brown/metrics_gitksan_Qwen35_ModelGloss_pdf1_brown_cheatsheet.json	metrics/legacy/qwen35/gitksan/pdf1_brown/original/metrics_gitksan_Qwen35_ModelGloss_pdf1_brown_cheatsheet.json	d33fca075f0fb276a90f1b9d143862814975c9043dcc05fca212851285e4ee5f	d33fca075f0fb276a90f1b9d143862814975c9043dcc05fca212851285e4ee5f
metrics/qwen35/gitksan/pdf1_brown/metrics_gitksan_Qwen35_ModelGloss_pdf1_brown_newmaterials_cheatsheet_jpg.json	metrics/curated_v1/qwen35/gitksan/pdf1_brown/original/metrics_gitksan_Qwen35_ModelGloss_pdf1_brown_curated_v1_cheatsheet_jpg.json	79821e9eec4e15c5a95b3a80e8859b32ca2423fafbe0976454f2b74a468214e0	79821e9eec4e15c5a95b3a80e8859b32ca2423fafbe0976454f2b74a468214e0
metrics/qwen35/gitksan/pdf1_brown/metrics_gitksan_Qwen35_ModelGloss_pdf1_brown_newmaterials_cheatsheet_txt.json	metrics/curated_v1/qwen35/gitksan/pdf1_brown/original/metrics_gitksan_Qwen35_ModelGloss_pdf1_brown_curated_v1_cheatsheet_txt.json	6961b23cdc4a514e7eb03deb053f3e4285405da9b90f09823f336551a12cb091	6961b23cdc4a514e7eb03deb053f3e4285405da9b90f09823f336551a12cb091
metrics/qwen35/gitksan/pdf1_brown/metrics_gitksan_Qwen35_ModelGloss_pdf1_brown_newmaterials_pdfpages_impactful_jpg.json	metrics/curated_v1/qwen35/gitksan/pdf1_brown/original/metrics_gitksan_Qwen35_ModelGloss_pdf1_brown_curated_v1_pdfpages_impactful_jpg.json	cddedc78542f07d62184ca5de47a9a6eb7427146acd3d17ba0305a7fad13b742	cddedc78542f07d62184ca5de47a9a6eb7427146acd3d17ba0305a7fad13b742
metrics/qwen35/gitksan/pdf1_brown/metrics_gitksan_Qwen35_ModelGloss_pdf1_brown_newmaterials_summary_tables_jpg.json	metrics/curated_v1/qwen35/gitksan/pdf1_brown/original/metrics_gitksan_Qwen35_ModelGloss_pdf1_brown_curated_v1_summary_tables_jpg.json	70c0f4ab64526b2f73c927802e2794baadf063f2b19b687cccbc85c42f9e865d	70c0f4ab64526b2f73c927802e2794baadf063f2b19b687cccbc85c42f9e865d
metrics/qwen35/gitksan/pdf1_brown/metrics_gitksan_Qwen35_ModelGloss_pdf1_brown_newmaterials_summary_tables_txt.json	metrics/curated_v1/qwen35/gitksan/pdf1_brown/original/metrics_gitksan_Qwen35_ModelGloss_pdf1_brown_curated_v1_summary_tables_txt.json	18eaedd0367f59d68878f7f634d0dbee4459c37a36d19a9c700cdd7733665b92	18eaedd0367f59d68878f7f634d0dbee4459c37a36d19a9c700cdd7733665b92
metrics/qwen35/gitksan/pdf1_brown/metrics_gitksan_Qwen35_ModelGloss_pdf1_brown_newmaterials_summary_text_txt.json	metrics/curated_v1/qwen35/gitksan/pdf1_brown/original/metrics_gitksan_Qwen35_ModelGloss_pdf1_brown_curated_v1_summary_text_txt.json	cd273a2e230c32d33b8ea693ca24ce70bd4dba0043454d3b6bbd6e324fd1b2c4	cd273a2e230c32d33b8ea693ca24ce70bd4dba0043454d3b6bbd6e324fd1b2c4
metrics/qwen35/gitksan/pdf1_brown/metrics_gitksan_Qwen35_ModelGloss_pdf1_brown_pdfpages_all_jpg.json	metrics/legacy/qwen35/gitksan/pdf1_brown/original/metrics_gitksan_Qwen35_ModelGloss_pdf1_brown_pdfpages_all_jpg.json	d1ac2a029cd07e89b81aad5988794ec8f8374b2da371e846d64271b720eb3a4c	d1ac2a029cd07e89b81aad5988794ec8f8374b2da371e846d64271b720eb3a4c
metrics/qwen35/gitksan/pdf1_brown/metrics_gitksan_Qwen35_ModelGloss_pdf1_brown_summary_tables.json	metrics/legacy/qwen35/gitksan/pdf1_brown/original/metrics_gitksan_Qwen35_ModelGloss_pdf1_brown_summary_tables.json	a895f74f04418ecace590fc98861c05d6e44124886f458b17e07f8090bbdf39f	a895f74f04418ecace590fc98861c05d6e44124886f458b17e07f8090bbdf39f
metrics/qwen35/gitksan/pdf1_brown/metrics_gitksan_Qwen35_ModelGloss_pdf1_brown_summary_text.json	metrics/legacy/qwen35/gitksan/pdf1_brown/original/metrics_gitksan_Qwen35_ModelGloss_pdf1_brown_summary_text.json	cb527828da02b0e05fa5b546bf12261caa1fee93676bddf4d77bdbb7a4d7ceb4	cb527828da02b0e05fa5b546bf12261caa1fee93676bddf4d77bdbb7a4d7ceb4
metrics/qwen35/gitksan/pdf1_brown/metrics_gitksan_Qwen35_pdf1_brown_cheatsheet.json	metrics/legacy/qwen35/gitksan/pdf1_brown/original/metrics_gitksan_Qwen35_pdf1_brown_cheatsheet.json	bae2e4ef7fe3efef19fbea6c887ff3fcbfc2021cbec9e6ac7afa9d244d8d4c87	bae2e4ef7fe3efef19fbea6c887ff3fcbfc2021cbec9e6ac7afa9d244d8d4c87
metrics/qwen35/gitksan/pdf1_brown/metrics_gitksan_Qwen35_pdf1_brown_newmaterials_cheatsheet_jpg.json	metrics/curated_v1/qwen35/gitksan/pdf1_brown/original/metrics_gitksan_Qwen35_pdf1_brown_curated_v1_cheatsheet_jpg.json	efec0747c19cda4ac30c00bd4f2d4a664a3ea6de653cf6ae48f7c0e21e1a0a32	efec0747c19cda4ac30c00bd4f2d4a664a3ea6de653cf6ae48f7c0e21e1a0a32
metrics/qwen35/gitksan/pdf1_brown/metrics_gitksan_Qwen35_pdf1_brown_newmaterials_cheatsheet_txt.json	metrics/curated_v1/qwen35/gitksan/pdf1_brown/original/metrics_gitksan_Qwen35_pdf1_brown_curated_v1_cheatsheet_txt.json	b00854e4ecfcc5b71af0fdd49c48f6c352ec47393acb8308bcf1199f5bc16d58	b00854e4ecfcc5b71af0fdd49c48f6c352ec47393acb8308bcf1199f5bc16d58
metrics/qwen35/gitksan/pdf1_brown/metrics_gitksan_Qwen35_pdf1_brown_newmaterials_pdfpages_impactful_jpg.json	metrics/curated_v1/qwen35/gitksan/pdf1_brown/original/metrics_gitksan_Qwen35_pdf1_brown_curated_v1_pdfpages_impactful_jpg.json	7137a0cc13cd66369b499cf794d3cd353746c0ab4d74e52292c0795a35be5646	7137a0cc13cd66369b499cf794d3cd353746c0ab4d74e52292c0795a35be5646
metrics/qwen35/gitksan/pdf1_brown/metrics_gitksan_Qwen35_pdf1_brown_newmaterials_summary_tables_jpg.json	metrics/curated_v1/qwen35/gitksan/pdf1_brown/original/metrics_gitksan_Qwen35_pdf1_brown_curated_v1_summary_tables_jpg.json	3ea1ebfbb128e2f235362937ddb8d435872307d1e6bbe0e390ea7fe4d77074ae	3ea1ebfbb128e2f235362937ddb8d435872307d1e6bbe0e390ea7fe4d77074ae
metrics/qwen35/gitksan/pdf1_brown/metrics_gitksan_Qwen35_pdf1_brown_newmaterials_summary_tables_txt.json	metrics/curated_v1/qwen35/gitksan/pdf1_brown/original/metrics_gitksan_Qwen35_pdf1_brown_curated_v1_summary_tables_txt.json	62f4bb8adf98d40dcd97451bc6eb95a12f05928a993f317d0ead6656ae14d5c2	62f4bb8adf98d40dcd97451bc6eb95a12f05928a993f317d0ead6656ae14d5c2
metrics/qwen35/gitksan/pdf1_brown/metrics_gitksan_Qwen35_pdf1_brown_newmaterials_summary_text_txt.json	metrics/curated_v1/qwen35/gitksan/pdf1_brown/original/metrics_gitksan_Qwen35_pdf1_brown_curated_v1_summary_text_txt.json	5eb603f9214cb3c8cab7520f4cb027afaefe1ab6359a833eed5a79f265b793dd	5eb603f9214cb3c8cab7520f4cb027afaefe1ab6359a833eed5a79f265b793dd
metrics/qwen35/gitksan/pdf1_brown/metrics_gitksan_Qwen35_pdf1_brown_pdfpages_all_jpg.json	metrics/legacy/qwen35/gitksan/pdf1_brown/original/metrics_gitksan_Qwen35_pdf1_brown_pdfpages_all_jpg.json	bb8f1fc623d83e0fbdd99f289f36e02278264cad6b2f44ee3c5db6c26b2e673f	bb8f1fc623d83e0fbdd99f289f36e02278264cad6b2f44ee3c5db6c26b2e673f
metrics/qwen35/gitksan/pdf1_brown/metrics_gitksan_Qwen35_pdf1_brown_summary_tables.json	metrics/legacy/qwen35/gitksan/pdf1_brown/original/metrics_gitksan_Qwen35_pdf1_brown_summary_tables.json	141ec6874e2e6fb388f94d5593f7a89fe55cba1aadb74dc3fa4a7cfcb757ebcb	141ec6874e2e6fb388f94d5593f7a89fe55cba1aadb74dc3fa4a7cfcb757ebcb
metrics/qwen35/gitksan/pdf1_brown/metrics_gitksan_Qwen35_pdf1_brown_summary_text.json	metrics/legacy/qwen35/gitksan/pdf1_brown/original/metrics_gitksan_Qwen35_pdf1_brown_summary_text.json	75555a17844f026bf450abb61e29dd6a8c93f45f724dafcf3fe70b97774170fd	75555a17844f026bf450abb61e29dd6a8c93f45f724dafcf3fe70b97774170fd
metrics/qwen35/gitksan/pdf2_rigsby/metrics_gitksan_Qwen35_ModelGloss_pdf2_rigsby_cheatsheet.json	metrics/legacy/qwen35/gitksan/pdf2_rigsby/original/metrics_gitksan_Qwen35_ModelGloss_pdf2_rigsby_cheatsheet.json	6a0ac18bb9a5b0db579cd5216acf5a3ebfc8213e3d81762929d54e6a2e54ebe2	6a0ac18bb9a5b0db579cd5216acf5a3ebfc8213e3d81762929d54e6a2e54ebe2
metrics/qwen35/gitksan/pdf2_rigsby/metrics_gitksan_Qwen35_ModelGloss_pdf2_rigsby_newmaterials_cheatsheet_jpg.json	metrics/curated_v1/qwen35/gitksan/pdf2_rigsby/original/metrics_gitksan_Qwen35_ModelGloss_pdf2_rigsby_curated_v1_cheatsheet_jpg.json	61757c6bba3b4d1ebb3f2956e1b31f81898df076a3fe726841498f6452f492e8	61757c6bba3b4d1ebb3f2956e1b31f81898df076a3fe726841498f6452f492e8
metrics/qwen35/gitksan/pdf2_rigsby/metrics_gitksan_Qwen35_ModelGloss_pdf2_rigsby_newmaterials_cheatsheet_txt.json	metrics/curated_v1/qwen35/gitksan/pdf2_rigsby/original/metrics_gitksan_Qwen35_ModelGloss_pdf2_rigsby_curated_v1_cheatsheet_txt.json	947831014ec10956b5ac48cc636da2430d00eeafa6df59514cf48a95dea349c0	947831014ec10956b5ac48cc636da2430d00eeafa6df59514cf48a95dea349c0
metrics/qwen35/gitksan/pdf2_rigsby/metrics_gitksan_Qwen35_ModelGloss_pdf2_rigsby_newmaterials_pdfpages_impactful_jpg.json	metrics/curated_v1/qwen35/gitksan/pdf2_rigsby/original/metrics_gitksan_Qwen35_ModelGloss_pdf2_rigsby_curated_v1_pdfpages_impactful_jpg.json	fbb2c0ca9601cdc2ac5870caaf930d903d2ad190f835233f50d20f54dce72848	fbb2c0ca9601cdc2ac5870caaf930d903d2ad190f835233f50d20f54dce72848
metrics/qwen35/gitksan/pdf2_rigsby/metrics_gitksan_Qwen35_ModelGloss_pdf2_rigsby_newmaterials_summary_tables_jpg.json	metrics/curated_v1/qwen35/gitksan/pdf2_rigsby/original/metrics_gitksan_Qwen35_ModelGloss_pdf2_rigsby_curated_v1_summary_tables_jpg.json	6768de9ccd7ecd3da91681103fdc76855057838151d9e4802800ab68dbaeb78d	6768de9ccd7ecd3da91681103fdc76855057838151d9e4802800ab68dbaeb78d
metrics/qwen35/gitksan/pdf2_rigsby/metrics_gitksan_Qwen35_ModelGloss_pdf2_rigsby_newmaterials_summary_tables_txt.json	metrics/curated_v1/qwen35/gitksan/pdf2_rigsby/original/metrics_gitksan_Qwen35_ModelGloss_pdf2_rigsby_curated_v1_summary_tables_txt.json	6ee291faac3ce8de42e02cf192961405839b8eb833c92c7797245b2d7892c46a	6ee291faac3ce8de42e02cf192961405839b8eb833c92c7797245b2d7892c46a
metrics/qwen35/gitksan/pdf2_rigsby/metrics_gitksan_Qwen35_ModelGloss_pdf2_rigsby_newmaterials_summary_text_txt.json	metrics/curated_v1/qwen35/gitksan/pdf2_rigsby/original/metrics_gitksan_Qwen35_ModelGloss_pdf2_rigsby_curated_v1_summary_text_txt.json	f56e1293b2e90b2dbd89661dbfc5523b6dacbe93962ab8a0c92ea0c9fdffee6f	f56e1293b2e90b2dbd89661dbfc5523b6dacbe93962ab8a0c92ea0c9fdffee6f
metrics/qwen35/gitksan/pdf2_rigsby/metrics_gitksan_Qwen35_ModelGloss_pdf2_rigsby_pdfpages_all_jpg.json	metrics/legacy/qwen35/gitksan/pdf2_rigsby/original/metrics_gitksan_Qwen35_ModelGloss_pdf2_rigsby_pdfpages_all_jpg.json	7eb8e842fc03b3bec8a35dab22c481612c8cff0a5a8c01f4d32b2657ee8bfe8b	7eb8e842fc03b3bec8a35dab22c481612c8cff0a5a8c01f4d32b2657ee8bfe8b
metrics/qwen35/gitksan/pdf2_rigsby/metrics_gitksan_Qwen35_ModelGloss_pdf2_rigsby_summary_tables.json	metrics/legacy/qwen35/gitksan/pdf2_rigsby/original/metrics_gitksan_Qwen35_ModelGloss_pdf2_rigsby_summary_tables.json	7e97e7ba34367e4d3ac79d0e0429f2b3972275eb7222529cdbe6b6a6303a7219	7e97e7ba34367e4d3ac79d0e0429f2b3972275eb7222529cdbe6b6a6303a7219
metrics/qwen35/gitksan/pdf2_rigsby/metrics_gitksan_Qwen35_ModelGloss_pdf2_rigsby_summary_text.json	metrics/legacy/qwen35/gitksan/pdf2_rigsby/original/metrics_gitksan_Qwen35_ModelGloss_pdf2_rigsby_summary_text.json	27833ee01b972a328fdc67341dc55fee6a4dcfa99e4b37d56c85493cedcfcc1c	27833ee01b972a328fdc67341dc55fee6a4dcfa99e4b37d56c85493cedcfcc1c
metrics/qwen35/gitksan/pdf2_rigsby/metrics_gitksan_Qwen35_pdf2_rigsby_cheatsheet.json	metrics/legacy/qwen35/gitksan/pdf2_rigsby/original/metrics_gitksan_Qwen35_pdf2_rigsby_cheatsheet.json	af58d066539b2cce5bfc997e71ca811c3585d75dec5194a77db6464801370246	af58d066539b2cce5bfc997e71ca811c3585d75dec5194a77db6464801370246
metrics/qwen35/gitksan/pdf2_rigsby/metrics_gitksan_Qwen35_pdf2_rigsby_newmaterials_cheatsheet_jpg.json	metrics/curated_v1/qwen35/gitksan/pdf2_rigsby/original/metrics_gitksan_Qwen35_pdf2_rigsby_curated_v1_cheatsheet_jpg.json	48ab27968d09597a7eba119b4d81693ed986952addee4868a5880fcb9635786b	48ab27968d09597a7eba119b4d81693ed986952addee4868a5880fcb9635786b
metrics/qwen35/gitksan/pdf2_rigsby/metrics_gitksan_Qwen35_pdf2_rigsby_newmaterials_cheatsheet_txt.json	metrics/curated_v1/qwen35/gitksan/pdf2_rigsby/original/metrics_gitksan_Qwen35_pdf2_rigsby_curated_v1_cheatsheet_txt.json	e7a91f55f67ff86d852c1139b21757e2bfec76888ed03c19d5b8a75bdc0982a6	e7a91f55f67ff86d852c1139b21757e2bfec76888ed03c19d5b8a75bdc0982a6
metrics/qwen35/gitksan/pdf2_rigsby/metrics_gitksan_Qwen35_pdf2_rigsby_newmaterials_pdfpages_impactful_jpg.json	metrics/curated_v1/qwen35/gitksan/pdf2_rigsby/original/metrics_gitksan_Qwen35_pdf2_rigsby_curated_v1_pdfpages_impactful_jpg.json	e6ed40ee041bf7b93dba6c5caf776a34335cd25038a75dfae8a21dd0d72c3bd9	e6ed40ee041bf7b93dba6c5caf776a34335cd25038a75dfae8a21dd0d72c3bd9
metrics/qwen35/gitksan/pdf2_rigsby/metrics_gitksan_Qwen35_pdf2_rigsby_newmaterials_summary_tables_jpg.json	metrics/curated_v1/qwen35/gitksan/pdf2_rigsby/original/metrics_gitksan_Qwen35_pdf2_rigsby_curated_v1_summary_tables_jpg.json	b96bfe58fe35cf80d0f3e886d7c7122f44abbc45b0f8f121183778421ed8051a	b96bfe58fe35cf80d0f3e886d7c7122f44abbc45b0f8f121183778421ed8051a
metrics/qwen35/gitksan/pdf2_rigsby/metrics_gitksan_Qwen35_pdf2_rigsby_newmaterials_summary_tables_txt.json	metrics/curated_v1/qwen35/gitksan/pdf2_rigsby/original/metrics_gitksan_Qwen35_pdf2_rigsby_curated_v1_summary_tables_txt.json	14bfec43a5b8a5b9f189844f7859924ee2de6e4e3678ff562adaeb27e3a850a2	14bfec43a5b8a5b9f189844f7859924ee2de6e4e3678ff562adaeb27e3a850a2
metrics/qwen35/gitksan/pdf2_rigsby/metrics_gitksan_Qwen35_pdf2_rigsby_newmaterials_summary_text_txt.json	metrics/curated_v1/qwen35/gitksan/pdf2_rigsby/original/metrics_gitksan_Qwen35_pdf2_rigsby_curated_v1_summary_text_txt.json	971a77c795ce63c9c9ccaeabc3ec4d065e0561f37681b7b1810e914e93319d38	971a77c795ce63c9c9ccaeabc3ec4d065e0561f37681b7b1810e914e93319d38
metrics/qwen35/gitksan/pdf2_rigsby/metrics_gitksan_Qwen35_pdf2_rigsby_pdfpages_all_jpg.json	metrics/legacy/qwen35/gitksan/pdf2_rigsby/original/metrics_gitksan_Qwen35_pdf2_rigsby_pdfpages_all_jpg.json	ad7ba66d07d36f9c66a71ddb969b29629d27efcfda9d67c04da7113d69a6c074	ad7ba66d07d36f9c66a71ddb969b29629d27efcfda9d67c04da7113d69a6c074
metrics/qwen35/gitksan/pdf2_rigsby/metrics_gitksan_Qwen35_pdf2_rigsby_summary_tables.json	metrics/legacy/qwen35/gitksan/pdf2_rigsby/original/metrics_gitksan_Qwen35_pdf2_rigsby_summary_tables.json	f7d3387b0e50be9ba4b73fda9bb0e6fb7940e765cf155a93bf0c4e824450dbfe	f7d3387b0e50be9ba4b73fda9bb0e6fb7940e765cf155a93bf0c4e824450dbfe
metrics/qwen35/gitksan/pdf2_rigsby/metrics_gitksan_Qwen35_pdf2_rigsby_summary_text.json	metrics/legacy/qwen35/gitksan/pdf2_rigsby/original/metrics_gitksan_Qwen35_pdf2_rigsby_summary_text.json	f6cc408002b06e26be19af7b82ae73e9a3e0de2a260a500f6f6d29cb6786aedf	f6cc408002b06e26be19af7b82ae73e9a3e0de2a260a500f6f6d29cb6786aedf
metrics/qwen35/lezgi/metrics_lezgi_Qwen35_ModelGloss_grammar_cheatsheet.json	metrics/legacy/qwen35/lezgi/grammar/original/metrics_lezgi_Qwen35_ModelGloss_grammar_cheatsheet.json	ec057b4976caf00cdccfffcfe6ea7a684f843f6436e5708ebc0827bc36e3c33b	ec057b4976caf00cdccfffcfe6ea7a684f843f6436e5708ebc0827bc36e3c33b
metrics/qwen35/lezgi/metrics_lezgi_Qwen35_ModelGloss_grammar_pdfpages_impactful_jpg.json	metrics/legacy/qwen35/lezgi/grammar/original/metrics_lezgi_Qwen35_ModelGloss_grammar_pdfpages_impactful_jpg.json	948c92f300337115bffe334457148f0f57e7441e6dea18db07a38701bc0dfc10	948c92f300337115bffe334457148f0f57e7441e6dea18db07a38701bc0dfc10
metrics/qwen35/lezgi/metrics_lezgi_Qwen35_ModelGloss_grammar_summary_tables.json	metrics/legacy/qwen35/lezgi/grammar/original/metrics_lezgi_Qwen35_ModelGloss_grammar_summary_tables.json	0bce9566927dbbcae8dd8094b6d69a3170cf5062bb81cb6bacf6e459a5b06d7e	0bce9566927dbbcae8dd8094b6d69a3170cf5062bb81cb6bacf6e459a5b06d7e
metrics/qwen35/lezgi/metrics_lezgi_Qwen35_ModelGloss_grammar_summary_text.json	metrics/legacy/qwen35/lezgi/grammar/original/metrics_lezgi_Qwen35_ModelGloss_grammar_summary_text.json	e2ce2d9ba942b3663ffe19d2f92eceef0e8349052fd9cefed41e98406d191bdd	e2ce2d9ba942b3663ffe19d2f92eceef0e8349052fd9cefed41e98406d191bdd
metrics/qwen35/lezgi/metrics_lezgi_Qwen35_ModelGloss_newmaterials_cheatsheet_jpg.json	metrics/curated_v1/qwen35/lezgi/grammar/original/metrics_lezgi_Qwen35_ModelGloss_curated_v1_cheatsheet_jpg.json	d74cf6f0ebdad4e5bed4a444140fe5d9cfaff690f993624a563c1ee127128d62	d74cf6f0ebdad4e5bed4a444140fe5d9cfaff690f993624a563c1ee127128d62
metrics/qwen35/lezgi/metrics_lezgi_Qwen35_ModelGloss_newmaterials_cheatsheet_md.json	metrics/curated_v1/qwen35/lezgi/grammar/original/metrics_lezgi_Qwen35_ModelGloss_curated_v1_cheatsheet_md.json	a6b42e53e93337680f3abdecbaece01db5ba0813d84db5d8d47521157352dc1b	a6b42e53e93337680f3abdecbaece01db5ba0813d84db5d8d47521157352dc1b
metrics/qwen35/lezgi/metrics_lezgi_Qwen35_ModelGloss_newmaterials_cheatsheet_txt.json	metrics/curated_v1/qwen35/lezgi/grammar/original/metrics_lezgi_Qwen35_ModelGloss_curated_v1_cheatsheet_txt.json	6b823be2b2c641e8d8de37c19666bbeb43fdaccc7c5edef575d992d174f6f3c8	6b823be2b2c641e8d8de37c19666bbeb43fdaccc7c5edef575d992d174f6f3c8
metrics/qwen35/lezgi/metrics_lezgi_Qwen35_ModelGloss_newmaterials_cyrillic_cheatsheet_jpg.json	metrics/curated_v1/qwen35/lezgi/grammar/cyrillic/metrics_lezgi_Qwen35_ModelGloss_curated_v1_cyrillic_cheatsheet_jpg.json	54b3e54f0574d77f5be3e28d69c6e9c9c41cf7f10ff135e73cc6294a06435072	54b3e54f0574d77f5be3e28d69c6e9c9c41cf7f10ff135e73cc6294a06435072
metrics/qwen35/lezgi/metrics_lezgi_Qwen35_ModelGloss_newmaterials_cyrillic_cheatsheet_txt.json	metrics/curated_v1/qwen35/lezgi/grammar/cyrillic/metrics_lezgi_Qwen35_ModelGloss_curated_v1_cyrillic_cheatsheet_txt.json	d75483f466cee59191192a07ad9ab9c9beb9af7bfd86b004e28d6b7ba58da70b	d75483f466cee59191192a07ad9ab9c9beb9af7bfd86b004e28d6b7ba58da70b
metrics/qwen35/lezgi/metrics_lezgi_Qwen35_ModelGloss_newmaterials_cyrillic_summary_tables_jpg.json	metrics/curated_v1/qwen35/lezgi/grammar/cyrillic/metrics_lezgi_Qwen35_ModelGloss_curated_v1_cyrillic_summary_tables_jpg.json	22be218c644773dfda7fbced54d051ab32ad1a31ab1b547c2feb2956835cfb3c	22be218c644773dfda7fbced54d051ab32ad1a31ab1b547c2feb2956835cfb3c
metrics/qwen35/lezgi/metrics_lezgi_Qwen35_ModelGloss_newmaterials_cyrillic_summary_tables_txt.json	metrics/curated_v1/qwen35/lezgi/grammar/cyrillic/metrics_lezgi_Qwen35_ModelGloss_curated_v1_cyrillic_summary_tables_txt.json	6d0f8076b36e0ca807be4f85c11bf4bc2b99638d7b16ba21a355aa3dc10d2e88	6d0f8076b36e0ca807be4f85c11bf4bc2b99638d7b16ba21a355aa3dc10d2e88
metrics/qwen35/lezgi/metrics_lezgi_Qwen35_ModelGloss_newmaterials_cyrillic_summary_text_txt.json	metrics/curated_v1/qwen35/lezgi/grammar/cyrillic/metrics_lezgi_Qwen35_ModelGloss_curated_v1_cyrillic_summary_text_txt.json	fe4da043d0e88b9b26d29f3891b556dc5a791dac3e3310c9176dfbdf05864c3e	fe4da043d0e88b9b26d29f3891b556dc5a791dac3e3310c9176dfbdf05864c3e
metrics/qwen35/lezgi/metrics_lezgi_Qwen35_ModelGloss_newmaterials_pdfpages_impactful_jpg.json	metrics/curated_v1/qwen35/lezgi/grammar/original/metrics_lezgi_Qwen35_ModelGloss_curated_v1_pdfpages_impactful_jpg.json	b6dfe6e4d24ffc78f9e4ad588d1c4f24bffc03df49276f9794e641d32a83e0c3	b6dfe6e4d24ffc78f9e4ad588d1c4f24bffc03df49276f9794e641d32a83e0c3
metrics/qwen35/lezgi/metrics_lezgi_Qwen35_ModelGloss_newmaterials_summary_tables_jpg.json	metrics/curated_v1/qwen35/lezgi/grammar/original/metrics_lezgi_Qwen35_ModelGloss_curated_v1_summary_tables_jpg.json	f87474db572d7c5a120faa823d9a7f69b83b390d3e57ec3efde1858943d6f511	f87474db572d7c5a120faa823d9a7f69b83b390d3e57ec3efde1858943d6f511
metrics/qwen35/lezgi/metrics_lezgi_Qwen35_ModelGloss_newmaterials_summary_tables_md.json	metrics/curated_v1/qwen35/lezgi/grammar/original/metrics_lezgi_Qwen35_ModelGloss_curated_v1_summary_tables_md.json	1811bfffa6b335e2ab2466c87f37e9cb49e8c706be1f0ce334243e51762c3dc7	1811bfffa6b335e2ab2466c87f37e9cb49e8c706be1f0ce334243e51762c3dc7
metrics/qwen35/lezgi/metrics_lezgi_Qwen35_ModelGloss_newmaterials_summary_tables_txt.json	metrics/curated_v1/qwen35/lezgi/grammar/original/metrics_lezgi_Qwen35_ModelGloss_curated_v1_summary_tables_txt.json	cba6785e88a7ca0f083de32de06cb23a7fb549719df739f10c8945aa25f3f529	cba6785e88a7ca0f083de32de06cb23a7fb549719df739f10c8945aa25f3f529
metrics/qwen35/lezgi/metrics_lezgi_Qwen35_ModelGloss_newmaterials_summary_text_md.json	metrics/curated_v1/qwen35/lezgi/grammar/original/metrics_lezgi_Qwen35_ModelGloss_curated_v1_summary_text_md.json	e22e56b7e264af9a8b14030bf9ecf24681a7d7d4f9cc3382c1bb7173124bfeb1	e22e56b7e264af9a8b14030bf9ecf24681a7d7d4f9cc3382c1bb7173124bfeb1
metrics/qwen35/lezgi/metrics_lezgi_Qwen35_ModelGloss_newmaterials_summary_text_txt.json	metrics/curated_v1/qwen35/lezgi/grammar/original/metrics_lezgi_Qwen35_ModelGloss_curated_v1_summary_text_txt.json	f3d34355da3aad22aaf96060502b19580d001f991304530b0b70c00bba6bc652	f3d34355da3aad22aaf96060502b19580d001f991304530b0b70c00bba6bc652
metrics/qwen35/lezgi/metrics_lezgi_Qwen35_grammar_cheatsheet.json	metrics/legacy/qwen35/lezgi/grammar/original/metrics_lezgi_Qwen35_grammar_cheatsheet.json	d9903e79d646a1926f2f66128892c5b4107a3cd1e2cfcf8c82ddb5f0de8bf3f7	d9903e79d646a1926f2f66128892c5b4107a3cd1e2cfcf8c82ddb5f0de8bf3f7
metrics/qwen35/lezgi/metrics_lezgi_Qwen35_grammar_pdfpages_impactful_jpg.json	metrics/legacy/qwen35/lezgi/grammar/original/metrics_lezgi_Qwen35_grammar_pdfpages_impactful_jpg.json	765cec3159743cc27aaaa8ae211a1d771b8c76104c2752ae5bd7d65a26c709ef	765cec3159743cc27aaaa8ae211a1d771b8c76104c2752ae5bd7d65a26c709ef
metrics/qwen35/lezgi/metrics_lezgi_Qwen35_grammar_summary_tables.json	metrics/legacy/qwen35/lezgi/grammar/original/metrics_lezgi_Qwen35_grammar_summary_tables.json	fc10065814bbeb901e920be1a974931e5be92173f6c9e6dc5e1538d23aade366	fc10065814bbeb901e920be1a974931e5be92173f6c9e6dc5e1538d23aade366
metrics/qwen35/lezgi/metrics_lezgi_Qwen35_grammar_summary_text.json	metrics/legacy/qwen35/lezgi/grammar/original/metrics_lezgi_Qwen35_grammar_summary_text.json	7c4a0f0c9867994da632d1de35f218e470356981034b777fe3b3e16291a7be8b	7c4a0f0c9867994da632d1de35f218e470356981034b777fe3b3e16291a7be8b
metrics/qwen35/lezgi/metrics_lezgi_Qwen35_newmaterials_cheatsheet_jpg.json	metrics/curated_v1/qwen35/lezgi/grammar/original/metrics_lezgi_Qwen35_curated_v1_cheatsheet_jpg.json	bb0097aae1f756d601956cc21faca3fa6f64c6dd9ce9390425e4836d082daa05	bb0097aae1f756d601956cc21faca3fa6f64c6dd9ce9390425e4836d082daa05
metrics/qwen35/lezgi/metrics_lezgi_Qwen35_newmaterials_cheatsheet_md.json	metrics/curated_v1/qwen35/lezgi/grammar/original/metrics_lezgi_Qwen35_curated_v1_cheatsheet_md.json	9fa505666837748ba4699cba30cd909f8e04286354fdc5f1227998dab8501732	9fa505666837748ba4699cba30cd909f8e04286354fdc5f1227998dab8501732
metrics/qwen35/lezgi/metrics_lezgi_Qwen35_newmaterials_cheatsheet_txt.json	metrics/curated_v1/qwen35/lezgi/grammar/original/metrics_lezgi_Qwen35_curated_v1_cheatsheet_txt.json	bf4aafe9194213638be45e7eba3ffbd4b9befe0292b7327f05b46292659fe8bf	bf4aafe9194213638be45e7eba3ffbd4b9befe0292b7327f05b46292659fe8bf
metrics/qwen35/lezgi/metrics_lezgi_Qwen35_newmaterials_cyrillic_cheatsheet_jpg.json	metrics/curated_v1/qwen35/lezgi/grammar/cyrillic/metrics_lezgi_Qwen35_curated_v1_cyrillic_cheatsheet_jpg.json	4ef1267f4929cde9f71e5a89b8f3fed8cd097e90cdd484221fa9371aadf3d54a	4ef1267f4929cde9f71e5a89b8f3fed8cd097e90cdd484221fa9371aadf3d54a
metrics/qwen35/lezgi/metrics_lezgi_Qwen35_newmaterials_cyrillic_cheatsheet_txt.json	metrics/curated_v1/qwen35/lezgi/grammar/cyrillic/metrics_lezgi_Qwen35_curated_v1_cyrillic_cheatsheet_txt.json	aed87a8b8fffdad71b86fe776ff6ffe09cc509cab61c6f429b14e922e781c4f6	aed87a8b8fffdad71b86fe776ff6ffe09cc509cab61c6f429b14e922e781c4f6
metrics/qwen35/lezgi/metrics_lezgi_Qwen35_newmaterials_cyrillic_summary_tables_jpg.json	metrics/curated_v1/qwen35/lezgi/grammar/cyrillic/metrics_lezgi_Qwen35_curated_v1_cyrillic_summary_tables_jpg.json	f9c5ae7d2abcecb5e92b25256a5e1fb0b50390ca6b633182e0a55fa22ff9fcc8	f9c5ae7d2abcecb5e92b25256a5e1fb0b50390ca6b633182e0a55fa22ff9fcc8
metrics/qwen35/lezgi/metrics_lezgi_Qwen35_newmaterials_cyrillic_summary_tables_txt.json	metrics/curated_v1/qwen35/lezgi/grammar/cyrillic/metrics_lezgi_Qwen35_curated_v1_cyrillic_summary_tables_txt.json	1f9eaae02d4b9bf23d69a1703632125ea2b87116ad9b505ed2cb29c52ae1e4ae	1f9eaae02d4b9bf23d69a1703632125ea2b87116ad9b505ed2cb29c52ae1e4ae
metrics/qwen35/lezgi/metrics_lezgi_Qwen35_newmaterials_cyrillic_summary_text_txt.json	metrics/curated_v1/qwen35/lezgi/grammar/cyrillic/metrics_lezgi_Qwen35_curated_v1_cyrillic_summary_text_txt.json	4166dd2542d294c045afafbd73c85ba9ae41ffac1d013971c183a59909e01929	4166dd2542d294c045afafbd73c85ba9ae41ffac1d013971c183a59909e01929
metrics/qwen35/lezgi/metrics_lezgi_Qwen35_newmaterials_pdfpages_impactful_jpg.json	metrics/curated_v1/qwen35/lezgi/grammar/original/metrics_lezgi_Qwen35_curated_v1_pdfpages_impactful_jpg.json	d44f768f6e7914ed797ccb0c7828264f406062f32062077327d77709f7d4ee34	d44f768f6e7914ed797ccb0c7828264f406062f32062077327d77709f7d4ee34
metrics/qwen35/lezgi/metrics_lezgi_Qwen35_newmaterials_summary_tables_jpg.json	metrics/curated_v1/qwen35/lezgi/grammar/original/metrics_lezgi_Qwen35_curated_v1_summary_tables_jpg.json	05fb36aaea5ebb14867ec81464df27ba82a8a1fbbef98aeb1457900c508444bc	05fb36aaea5ebb14867ec81464df27ba82a8a1fbbef98aeb1457900c508444bc
metrics/qwen35/lezgi/metrics_lezgi_Qwen35_newmaterials_summary_tables_md.json	metrics/curated_v1/qwen35/lezgi/grammar/original/metrics_lezgi_Qwen35_curated_v1_summary_tables_md.json	159e57fee9aec938670636e4d1504376909b00dff5a6e985c977a24fc3e9c6f1	159e57fee9aec938670636e4d1504376909b00dff5a6e985c977a24fc3e9c6f1
metrics/qwen35/lezgi/metrics_lezgi_Qwen35_newmaterials_summary_tables_txt.json	metrics/curated_v1/qwen35/lezgi/grammar/original/metrics_lezgi_Qwen35_curated_v1_summary_tables_txt.json	5654612064f0a5a0d3206dd81db27355ff3ce7afff587170f09d4ab4f88df4f3	5654612064f0a5a0d3206dd81db27355ff3ce7afff587170f09d4ab4f88df4f3
metrics/qwen35/lezgi/metrics_lezgi_Qwen35_newmaterials_summary_text_md.json	metrics/curated_v1/qwen35/lezgi/grammar/original/metrics_lezgi_Qwen35_curated_v1_summary_text_md.json	c7076410a5bf409fd3262de1f89c083ea9e4866531361d27a4163eedefce244f	c7076410a5bf409fd3262de1f89c083ea9e4866531361d27a4163eedefce244f
metrics/qwen35/lezgi/metrics_lezgi_Qwen35_newmaterials_summary_text_txt.json	metrics/curated_v1/qwen35/lezgi/grammar/original/metrics_lezgi_Qwen35_curated_v1_summary_text_txt.json	e9e42149beb122a415a6f20d31b0dce460ff228da362fe5b26131224ca862103	e9e42149beb122a415a6f20d31b0dce460ff228da362fe5b26131224ca862103
metrics/qwen35/natugu/metrics_natugu_Qwen35_ModelGloss_newmaterials_cheatsheet_jpg.json	metrics/curated_v1/qwen35/natugu/grammar/original/metrics_natugu_Qwen35_ModelGloss_curated_v1_cheatsheet_jpg.json	f24516586b6c7290428ba187d54cbc7a27e7a7e3dd80646ac02c46cd14080cba	f24516586b6c7290428ba187d54cbc7a27e7a7e3dd80646ac02c46cd14080cba
metrics/qwen35/natugu/metrics_natugu_Qwen35_ModelGloss_newmaterials_cheatsheet_txt.json	metrics/curated_v1/qwen35/natugu/grammar/original/metrics_natugu_Qwen35_ModelGloss_curated_v1_cheatsheet_txt.json	b9afefd7d52226fdd5d3befc0aef97b574fc7acc9cfca34643ac3b58d1bf05d5	b9afefd7d52226fdd5d3befc0aef97b574fc7acc9cfca34643ac3b58d1bf05d5
metrics/qwen35/natugu/metrics_natugu_Qwen35_ModelGloss_newmaterials_pdfpages_impactful_jpg.json	metrics/curated_v1/qwen35/natugu/grammar/original/metrics_natugu_Qwen35_ModelGloss_curated_v1_pdfpages_impactful_jpg.json	f39c4c1fa1dc50cbf8fa7b6b7923c039499cbbb857f709aef2bc3631ccffa963	f39c4c1fa1dc50cbf8fa7b6b7923c039499cbbb857f709aef2bc3631ccffa963
metrics/qwen35/natugu/metrics_natugu_Qwen35_ModelGloss_newmaterials_summary_tables_jpg.json	metrics/curated_v1/qwen35/natugu/grammar/original/metrics_natugu_Qwen35_ModelGloss_curated_v1_summary_tables_jpg.json	adc3a7aa5528147951d4b4028372fb600c1ba340fb597839b5fa57d156783449	adc3a7aa5528147951d4b4028372fb600c1ba340fb597839b5fa57d156783449
metrics/qwen35/natugu/metrics_natugu_Qwen35_ModelGloss_newmaterials_summary_tables_md.json	metrics/curated_v1/qwen35/natugu/grammar/original/metrics_natugu_Qwen35_ModelGloss_curated_v1_summary_tables_md.json	d3d146d272ffca7a5e53b0c5fb086dd24c5751ab9f08ea79d1805cdda79b21c8	d3d146d272ffca7a5e53b0c5fb086dd24c5751ab9f08ea79d1805cdda79b21c8
metrics/qwen35/natugu/metrics_natugu_Qwen35_ModelGloss_newmaterials_summary_tables_txt.json	metrics/curated_v1/qwen35/natugu/grammar/original/metrics_natugu_Qwen35_ModelGloss_curated_v1_summary_tables_txt.json	68fde9a7a768571ae10f7788e868630ca97082e44af1845514018dca6e9926d0	68fde9a7a768571ae10f7788e868630ca97082e44af1845514018dca6e9926d0
metrics/qwen35/natugu/metrics_natugu_Qwen35_ModelGloss_newmaterials_summary_text_md.json	metrics/curated_v1/qwen35/natugu/grammar/original/metrics_natugu_Qwen35_ModelGloss_curated_v1_summary_text_md.json	b8102deb06a121b515a9135435458301876b6d40a671ffa381e32ce91639a6b7	b8102deb06a121b515a9135435458301876b6d40a671ffa381e32ce91639a6b7
metrics/qwen35/natugu/metrics_natugu_Qwen35_ModelGloss_newmaterials_summary_text_txt.json	metrics/curated_v1/qwen35/natugu/grammar/original/metrics_natugu_Qwen35_ModelGloss_curated_v1_summary_text_txt.json	de9ce9147cbfe36b058ffeb1f4f98bc88f7e267bd2b1ecc8894114ce7d4b9370	de9ce9147cbfe36b058ffeb1f4f98bc88f7e267bd2b1ecc8894114ce7d4b9370
metrics/qwen35/natugu/metrics_natugu_Qwen35_newmaterials_cheatsheet_jpg.json	metrics/curated_v1/qwen35/natugu/grammar/original/metrics_natugu_Qwen35_curated_v1_cheatsheet_jpg.json	0bbfc0e79ef9ed4857bf02a7e6e62d17038e74fe7bf49b66543413c3e33e3795	0bbfc0e79ef9ed4857bf02a7e6e62d17038e74fe7bf49b66543413c3e33e3795
metrics/qwen35/natugu/metrics_natugu_Qwen35_newmaterials_cheatsheet_txt.json	metrics/curated_v1/qwen35/natugu/grammar/original/metrics_natugu_Qwen35_curated_v1_cheatsheet_txt.json	063c6b531247dbf4ae593da988e5712098305d99406dc5f6f0b53a07cd980220	063c6b531247dbf4ae593da988e5712098305d99406dc5f6f0b53a07cd980220
metrics/qwen35/natugu/metrics_natugu_Qwen35_newmaterials_pdfpages_impactful_jpg.json	metrics/curated_v1/qwen35/natugu/grammar/original/metrics_natugu_Qwen35_curated_v1_pdfpages_impactful_jpg.json	5350ad13e00062a5c2e28f9fb3b5e70f4a9f4308abea3163dddc559b6ebae0c1	5350ad13e00062a5c2e28f9fb3b5e70f4a9f4308abea3163dddc559b6ebae0c1
metrics/qwen35/natugu/metrics_natugu_Qwen35_newmaterials_summary_tables_jpg.json	metrics/curated_v1/qwen35/natugu/grammar/original/metrics_natugu_Qwen35_curated_v1_summary_tables_jpg.json	715d1a2745aee9eb4d9333e90cb9ac7a8728249e46ef90ca8421450327d79ce7	715d1a2745aee9eb4d9333e90cb9ac7a8728249e46ef90ca8421450327d79ce7
metrics/qwen35/natugu/metrics_natugu_Qwen35_newmaterials_summary_tables_md.json	metrics/curated_v1/qwen35/natugu/grammar/original/metrics_natugu_Qwen35_curated_v1_summary_tables_md.json	c0a94ae8592a751242642a3fd76397d79dc37d3a2b9d66e5fe7e143168c4720d	c0a94ae8592a751242642a3fd76397d79dc37d3a2b9d66e5fe7e143168c4720d
metrics/qwen35/natugu/metrics_natugu_Qwen35_newmaterials_summary_tables_txt.json	metrics/curated_v1/qwen35/natugu/grammar/original/metrics_natugu_Qwen35_curated_v1_summary_tables_txt.json	d5aff68c9c193cfc74e1ecdf52210e6ad02b904a83ba618301bee1ee1f7abd5b	d5aff68c9c193cfc74e1ecdf52210e6ad02b904a83ba618301bee1ee1f7abd5b
metrics/qwen35/natugu/metrics_natugu_Qwen35_newmaterials_summary_text_md.json	metrics/curated_v1/qwen35/natugu/grammar/original/metrics_natugu_Qwen35_curated_v1_summary_text_md.json	1e784d6581ab0514ccd5f3311d41c1d449aa1bcf678b0805fbd59a96be879336	1e784d6581ab0514ccd5f3311d41c1d449aa1bcf678b0805fbd59a96be879336
metrics/qwen35/natugu/metrics_natugu_Qwen35_newmaterials_summary_text_txt.json	metrics/curated_v1/qwen35/natugu/grammar/original/metrics_natugu_Qwen35_curated_v1_summary_text_txt.json	080a27a712b6686557f97ca58869e10d8b67d7824ff9fa866ae5c0dc99cb5166	080a27a712b6686557f97ca58869e10d8b67d7824ff9fa866ae5c0dc99cb5166
metrics/qwen35/tsez/metrics_tsez_Qwen35_ModelGloss_newmaterials_cheatsheet_jpg.json	metrics/curated_v1/qwen35/tsez/grammar/original/metrics_tsez_Qwen35_ModelGloss_curated_v1_cheatsheet_jpg.json	fe9e1712d1f9b321fba8bec32f3469a76ebd7d8f93e968d1b8a84af25184722e	fe9e1712d1f9b321fba8bec32f3469a76ebd7d8f93e968d1b8a84af25184722e
metrics/qwen35/tsez/metrics_tsez_Qwen35_ModelGloss_newmaterials_cheatsheet_txt.json	metrics/curated_v1/qwen35/tsez/grammar/original/metrics_tsez_Qwen35_ModelGloss_curated_v1_cheatsheet_txt.json	12361046c172f8d046b13ac2d1a37473641079cbef3a5203d1661e0ac0256cae	12361046c172f8d046b13ac2d1a37473641079cbef3a5203d1661e0ac0256cae
metrics/qwen35/tsez/metrics_tsez_Qwen35_ModelGloss_newmaterials_pdfpages_impactful_jpg.json	metrics/curated_v1/qwen35/tsez/grammar/original/metrics_tsez_Qwen35_ModelGloss_curated_v1_pdfpages_impactful_jpg.json	c7067de215ea8ea01a3be3ccab559236a1db932496642785f06b9e95c13482da	c7067de215ea8ea01a3be3ccab559236a1db932496642785f06b9e95c13482da
metrics/qwen35/tsez/metrics_tsez_Qwen35_ModelGloss_newmaterials_summary_tables_jpg.json	metrics/curated_v1/qwen35/tsez/grammar/original/metrics_tsez_Qwen35_ModelGloss_curated_v1_summary_tables_jpg.json	13e9611c0fbff55eb49ffdc0075f0cb40aab125add896a8c40f2cee8cfb7febf	13e9611c0fbff55eb49ffdc0075f0cb40aab125add896a8c40f2cee8cfb7febf
metrics/qwen35/tsez/metrics_tsez_Qwen35_ModelGloss_newmaterials_summary_tables_txt.json	metrics/curated_v1/qwen35/tsez/grammar/original/metrics_tsez_Qwen35_ModelGloss_curated_v1_summary_tables_txt.json	157c84ae8f5ce977031ef65f01f0d5f4245584bd2e90bb77c265c94ded71d187	157c84ae8f5ce977031ef65f01f0d5f4245584bd2e90bb77c265c94ded71d187
metrics/qwen35/tsez/metrics_tsez_Qwen35_ModelGloss_newmaterials_summary_text_txt.json	metrics/curated_v1/qwen35/tsez/grammar/original/metrics_tsez_Qwen35_ModelGloss_curated_v1_summary_text_txt.json	49523ba480b358e3013ac2ce6dd76336ec471c657b5963be9569e3ff21d98744	49523ba480b358e3013ac2ce6dd76336ec471c657b5963be9569e3ff21d98744
metrics/qwen35/tsez/metrics_tsez_Qwen35_newmaterials_cheatsheet_jpg.json	metrics/curated_v1/qwen35/tsez/grammar/original/metrics_tsez_Qwen35_curated_v1_cheatsheet_jpg.json	73ba7155ac1a0324ee064d0cb4ac2e346e96b4d65b0db6d6b59d3f34a525fb0b	73ba7155ac1a0324ee064d0cb4ac2e346e96b4d65b0db6d6b59d3f34a525fb0b
metrics/qwen35/tsez/metrics_tsez_Qwen35_newmaterials_cheatsheet_txt.json	metrics/curated_v1/qwen35/tsez/grammar/original/metrics_tsez_Qwen35_curated_v1_cheatsheet_txt.json	05ebc95d4a96705e6c3ebf0284d6700f264fc2dbc99bbba32ccffa29fc79469c	05ebc95d4a96705e6c3ebf0284d6700f264fc2dbc99bbba32ccffa29fc79469c
metrics/qwen35/tsez/metrics_tsez_Qwen35_newmaterials_pdfpages_impactful_jpg.json	metrics/curated_v1/qwen35/tsez/grammar/original/metrics_tsez_Qwen35_curated_v1_pdfpages_impactful_jpg.json	3764db3305617b3270e8da8df02797a629fab909bc624f077195cfdf369cfc40	3764db3305617b3270e8da8df02797a629fab909bc624f077195cfdf369cfc40
metrics/qwen35/tsez/metrics_tsez_Qwen35_newmaterials_summary_tables_jpg.json	metrics/curated_v1/qwen35/tsez/grammar/original/metrics_tsez_Qwen35_curated_v1_summary_tables_jpg.json	d13a83212022537937c2731d72e4c585f769ecf5485f1da6765c9da44c9fcbd5	d13a83212022537937c2731d72e4c585f769ecf5485f1da6765c9da44c9fcbd5
metrics/qwen35/tsez/metrics_tsez_Qwen35_newmaterials_summary_tables_txt.json	metrics/curated_v1/qwen35/tsez/grammar/original/metrics_tsez_Qwen35_curated_v1_summary_tables_txt.json	36bc5e1fd453d98b22b8a808c497af761f4ff82f6f4b5fb266b5f595ddda8e03	36bc5e1fd453d98b22b8a808c497af761f4ff82f6f4b5fb266b5f595ddda8e03
metrics/qwen35/tsez/metrics_tsez_Qwen35_newmaterials_summary_text_txt.json	metrics/curated_v1/qwen35/tsez/grammar/original/metrics_tsez_Qwen35_curated_v1_summary_text_txt.json	d106be438000f9f7e5e548a033ef327ecd2014b87ce5b54bfe1eaf635c09f848	d106be438000f9f7e5e548a033ef327ecd2014b87ce5b54bfe1eaf635c09f848
print_dataset_stats.py	scripts/local/print_dataset_stats.py	6245e9124391a66bb0071697cf42be7e0fcf88fca89e38201d1c74c5adaef5fc	6245e9124391a66bb0071697cf42be7e0fcf88fca89e38201d1c74c5adaef5fc
pyproject.toml	pyproject.toml	9aafd4a12e9e88042e872d845383e0087863509592066e8c2ca6b7d76c132dd4	9aafd4a12e9e88042e872d845383e0087863509592066e8c2ca6b7d76c132dd4
results/openrouter/gitksan_pdf1_brown/results_gemini25flashlite_gitksan_pdf1_brown_newmaterials_cheatsheet_jpg.jsonl	results/curated_v1/gemini25flashlite/gitksan/pdf1_brown/original/results_gemini25flashlite_gitksan_pdf1_brown_curated_v1_cheatsheet_jpg.jsonl	0be3c404888cb7750036fa2dd7b9f6f534c5c2e07a2e9b108ac1b3b48e6be7d6	0be3c404888cb7750036fa2dd7b9f6f534c5c2e07a2e9b108ac1b3b48e6be7d6
results/openrouter/gitksan_pdf1_brown/results_gemini25flashlite_gitksan_pdf1_brown_newmaterials_cheatsheet_txt.jsonl	results/curated_v1/gemini25flashlite/gitksan/pdf1_brown/original/results_gemini25flashlite_gitksan_pdf1_brown_curated_v1_cheatsheet_txt.jsonl	17625705ba0836adf18496149246bccdc37075b0a3df5c805f68c703f77abcb3	17625705ba0836adf18496149246bccdc37075b0a3df5c805f68c703f77abcb3
results/openrouter/gitksan_pdf1_brown/results_gemini25flashlite_gitksan_pdf1_brown_newmaterials_modelgloss_cheatsheet_jpg.jsonl	results/curated_v1/gemini25flashlite/gitksan/pdf1_brown/original/results_gemini25flashlite_gitksan_pdf1_brown_curated_v1_modelgloss_cheatsheet_jpg.jsonl	ad97f45a2c1d08261f069417326ba400a73ada5c3269af84cae15cd26ee26977	ad97f45a2c1d08261f069417326ba400a73ada5c3269af84cae15cd26ee26977
results/openrouter/gitksan_pdf1_brown/results_gemini25flashlite_gitksan_pdf1_brown_newmaterials_modelgloss_cheatsheet_txt.jsonl	results/curated_v1/gemini25flashlite/gitksan/pdf1_brown/original/results_gemini25flashlite_gitksan_pdf1_brown_curated_v1_modelgloss_cheatsheet_txt.jsonl	92f50025d1350a7c8678c120fabd03d69c1e172f04838bcb71bb1c499a464166	92f50025d1350a7c8678c120fabd03d69c1e172f04838bcb71bb1c499a464166
results/openrouter/gitksan_pdf1_brown/results_gemini25flashlite_gitksan_pdf1_brown_newmaterials_modelgloss_pdfpages_impactful_jpg.jsonl	results/curated_v1/gemini25flashlite/gitksan/pdf1_brown/original/results_gemini25flashlite_gitksan_pdf1_brown_curated_v1_modelgloss_pdfpages_impactful_jpg.jsonl	400575914b1528895f50da7eaa54c115ecb5ebcd03fb3b2150ffc9e71787db65	400575914b1528895f50da7eaa54c115ecb5ebcd03fb3b2150ffc9e71787db65
results/openrouter/gitksan_pdf1_brown/results_gemini25flashlite_gitksan_pdf1_brown_newmaterials_modelgloss_summary_tables_jpg.jsonl	results/curated_v1/gemini25flashlite/gitksan/pdf1_brown/original/results_gemini25flashlite_gitksan_pdf1_brown_curated_v1_modelgloss_summary_tables_jpg.jsonl	4f405fa8b456c5e00405a6894b6326171bcc1a1233dab43251cec45665a68d66	4f405fa8b456c5e00405a6894b6326171bcc1a1233dab43251cec45665a68d66
results/openrouter/gitksan_pdf1_brown/results_gemini25flashlite_gitksan_pdf1_brown_newmaterials_modelgloss_summary_tables_txt.jsonl	results/curated_v1/gemini25flashlite/gitksan/pdf1_brown/original/results_gemini25flashlite_gitksan_pdf1_brown_curated_v1_modelgloss_summary_tables_txt.jsonl	7a60eee7ad07923a0f2657e87e95077f1432a08eba4c64403fdcf06f770cf756	7a60eee7ad07923a0f2657e87e95077f1432a08eba4c64403fdcf06f770cf756
results/openrouter/gitksan_pdf1_brown/results_gemini25flashlite_gitksan_pdf1_brown_newmaterials_modelgloss_summary_text_txt.jsonl	results/curated_v1/gemini25flashlite/gitksan/pdf1_brown/original/results_gemini25flashlite_gitksan_pdf1_brown_curated_v1_modelgloss_summary_text_txt.jsonl	b9fba6b9f650e23e0ff11e33dc398ddc5f49fd670c8ae322749518b47a730fc3	b9fba6b9f650e23e0ff11e33dc398ddc5f49fd670c8ae322749518b47a730fc3
results/openrouter/gitksan_pdf1_brown/results_gemini25flashlite_gitksan_pdf1_brown_newmaterials_pdfpages_impactful_jpg.jsonl	results/curated_v1/gemini25flashlite/gitksan/pdf1_brown/original/results_gemini25flashlite_gitksan_pdf1_brown_curated_v1_pdfpages_impactful_jpg.jsonl	b67059a7564b373db328fec9d18a2202be3b62036ab53117d8113a90fc7a075c	b67059a7564b373db328fec9d18a2202be3b62036ab53117d8113a90fc7a075c
results/openrouter/gitksan_pdf1_brown/results_gemini25flashlite_gitksan_pdf1_brown_newmaterials_summary_tables_jpg.jsonl	results/curated_v1/gemini25flashlite/gitksan/pdf1_brown/original/results_gemini25flashlite_gitksan_pdf1_brown_curated_v1_summary_tables_jpg.jsonl	79548221120c93e3b26d12cbead86c73a4f2c809951d9bd78dc51a2a8b55790a	79548221120c93e3b26d12cbead86c73a4f2c809951d9bd78dc51a2a8b55790a
results/openrouter/gitksan_pdf1_brown/results_gemini25flashlite_gitksan_pdf1_brown_newmaterials_summary_tables_txt.jsonl	results/curated_v1/gemini25flashlite/gitksan/pdf1_brown/original/results_gemini25flashlite_gitksan_pdf1_brown_curated_v1_summary_tables_txt.jsonl	e537e44a6e0617ec0e205a92837c98b73cb7b18076fe589547920c69f8e1ea1c	e537e44a6e0617ec0e205a92837c98b73cb7b18076fe589547920c69f8e1ea1c
results/openrouter/gitksan_pdf1_brown/results_gemini25flashlite_gitksan_pdf1_brown_newmaterials_summary_text_txt.jsonl	results/curated_v1/gemini25flashlite/gitksan/pdf1_brown/original/results_gemini25flashlite_gitksan_pdf1_brown_curated_v1_summary_text_txt.jsonl	6b9969244460c03085a9c6caf334cac1a03e15d5fc836fc885b14da165615a71	6b9969244460c03085a9c6caf334cac1a03e15d5fc836fc885b14da165615a71
results/openrouter/gitksan_pdf2_rigsby/results_gemini25flashlite_gitksan_pdf2_rigsby_newmaterials_cheatsheet_jpg.jsonl	results/curated_v1/gemini25flashlite/gitksan/pdf2_rigsby/original/results_gemini25flashlite_gitksan_pdf2_rigsby_curated_v1_cheatsheet_jpg.jsonl	d5aa71aa2b5cfa80a7e78a2351a686e2bdeb11734636d13fd5e8ab6c2116a86f	d5aa71aa2b5cfa80a7e78a2351a686e2bdeb11734636d13fd5e8ab6c2116a86f
results/openrouter/gitksan_pdf2_rigsby/results_gemini25flashlite_gitksan_pdf2_rigsby_newmaterials_cheatsheet_txt.jsonl	results/curated_v1/gemini25flashlite/gitksan/pdf2_rigsby/original/results_gemini25flashlite_gitksan_pdf2_rigsby_curated_v1_cheatsheet_txt.jsonl	d1f5f9ab906596237f1e80db0b50d1fcf1e19f24bb731246777dfebf69fb8d12	d1f5f9ab906596237f1e80db0b50d1fcf1e19f24bb731246777dfebf69fb8d12
results/openrouter/gitksan_pdf2_rigsby/results_gemini25flashlite_gitksan_pdf2_rigsby_newmaterials_modelgloss_cheatsheet_jpg.jsonl	results/curated_v1/gemini25flashlite/gitksan/pdf2_rigsby/original/results_gemini25flashlite_gitksan_pdf2_rigsby_curated_v1_modelgloss_cheatsheet_jpg.jsonl	9c0c5029e38c6a2d2a9dad8b6dabaabce15453e429cc6d3b6018041b0486cb22	9c0c5029e38c6a2d2a9dad8b6dabaabce15453e429cc6d3b6018041b0486cb22
results/openrouter/gitksan_pdf2_rigsby/results_gemini25flashlite_gitksan_pdf2_rigsby_newmaterials_modelgloss_cheatsheet_txt.jsonl	results/curated_v1/gemini25flashlite/gitksan/pdf2_rigsby/original/results_gemini25flashlite_gitksan_pdf2_rigsby_curated_v1_modelgloss_cheatsheet_txt.jsonl	506a2388020ba0ce42a43c1321061fff8f57de84a9626c846d306840365a68f2	506a2388020ba0ce42a43c1321061fff8f57de84a9626c846d306840365a68f2
results/openrouter/gitksan_pdf2_rigsby/results_gemini25flashlite_gitksan_pdf2_rigsby_newmaterials_modelgloss_pdfpages_impactful_jpg.jsonl	results/curated_v1/gemini25flashlite/gitksan/pdf2_rigsby/original/results_gemini25flashlite_gitksan_pdf2_rigsby_curated_v1_modelgloss_pdfpages_impactful_jpg.jsonl	0e2b3f1ce0ebe4797186ff2aabdc19fc71d26cb4516214cf2e7acdbfafc6a55b	0e2b3f1ce0ebe4797186ff2aabdc19fc71d26cb4516214cf2e7acdbfafc6a55b
results/openrouter/gitksan_pdf2_rigsby/results_gemini25flashlite_gitksan_pdf2_rigsby_newmaterials_modelgloss_summary_tables_jpg.jsonl	results/curated_v1/gemini25flashlite/gitksan/pdf2_rigsby/original/results_gemini25flashlite_gitksan_pdf2_rigsby_curated_v1_modelgloss_summary_tables_jpg.jsonl	77592cabec21945ae5f655a180122e16957a5dfec1e4495cf8c52a63431103e0	77592cabec21945ae5f655a180122e16957a5dfec1e4495cf8c52a63431103e0
results/openrouter/gitksan_pdf2_rigsby/results_gemini25flashlite_gitksan_pdf2_rigsby_newmaterials_modelgloss_summary_tables_txt.jsonl	results/curated_v1/gemini25flashlite/gitksan/pdf2_rigsby/original/results_gemini25flashlite_gitksan_pdf2_rigsby_curated_v1_modelgloss_summary_tables_txt.jsonl	46b10c5daa2a8b595edf59fcee371a234b5ee792d60c28c1b845d57d38bf4e72	46b10c5daa2a8b595edf59fcee371a234b5ee792d60c28c1b845d57d38bf4e72
results/openrouter/gitksan_pdf2_rigsby/results_gemini25flashlite_gitksan_pdf2_rigsby_newmaterials_modelgloss_summary_text_txt.jsonl	results/curated_v1/gemini25flashlite/gitksan/pdf2_rigsby/original/results_gemini25flashlite_gitksan_pdf2_rigsby_curated_v1_modelgloss_summary_text_txt.jsonl	7c14b826cf4fba2f489b4ce600c6da727729de8f42bda182c6ecb09e064502c5	7c14b826cf4fba2f489b4ce600c6da727729de8f42bda182c6ecb09e064502c5
results/openrouter/gitksan_pdf2_rigsby/results_gemini25flashlite_gitksan_pdf2_rigsby_newmaterials_pdfpages_impactful_jpg.jsonl	results/curated_v1/gemini25flashlite/gitksan/pdf2_rigsby/original/results_gemini25flashlite_gitksan_pdf2_rigsby_curated_v1_pdfpages_impactful_jpg.jsonl	008805f154c91ef45892a456ef51ce6d67582471408b5403f2bfeddc6449eed7	008805f154c91ef45892a456ef51ce6d67582471408b5403f2bfeddc6449eed7
results/openrouter/gitksan_pdf2_rigsby/results_gemini25flashlite_gitksan_pdf2_rigsby_newmaterials_summary_tables_jpg.jsonl	results/curated_v1/gemini25flashlite/gitksan/pdf2_rigsby/original/results_gemini25flashlite_gitksan_pdf2_rigsby_curated_v1_summary_tables_jpg.jsonl	116177e978b81e42f7c6e9302f7b847b48ed7268def2a26f39b7d5d42fcc5f93	116177e978b81e42f7c6e9302f7b847b48ed7268def2a26f39b7d5d42fcc5f93
results/openrouter/gitksan_pdf2_rigsby/results_gemini25flashlite_gitksan_pdf2_rigsby_newmaterials_summary_tables_txt.jsonl	results/curated_v1/gemini25flashlite/gitksan/pdf2_rigsby/original/results_gemini25flashlite_gitksan_pdf2_rigsby_curated_v1_summary_tables_txt.jsonl	91c8f6fcb9d0b88b49875d353ddabfa0b0989c1fe875a0470b3a81b3f7a071c2	91c8f6fcb9d0b88b49875d353ddabfa0b0989c1fe875a0470b3a81b3f7a071c2
results/openrouter/gitksan_pdf2_rigsby/results_gemini25flashlite_gitksan_pdf2_rigsby_newmaterials_summary_text_txt.jsonl	results/curated_v1/gemini25flashlite/gitksan/pdf2_rigsby/original/results_gemini25flashlite_gitksan_pdf2_rigsby_curated_v1_summary_text_txt.jsonl	0e0e4e04a0cd3207d7cbbce8ff92dce89e3200dc9223daa7257e75d87e967550	0e0e4e04a0cd3207d7cbbce8ff92dce89e3200dc9223daa7257e75d87e967550
results/openrouter/lezgi/results_gemini25flashlite_lezgi_newmaterials_cheatsheet_jpg.jsonl	results/curated_v1/gemini25flashlite/lezgi/grammar/original/results_gemini25flashlite_lezgi_curated_v1_cheatsheet_jpg.jsonl	054eeaba7380f9ec2b0dbe9a9ea6bed1cfb6982c1be2af72fdd62bf79fe8ff04	054eeaba7380f9ec2b0dbe9a9ea6bed1cfb6982c1be2af72fdd62bf79fe8ff04
results/openrouter/lezgi/results_gemini25flashlite_lezgi_newmaterials_cheatsheet_txt.jsonl	results/curated_v1/gemini25flashlite/lezgi/grammar/original/results_gemini25flashlite_lezgi_curated_v1_cheatsheet_txt.jsonl	e66bfb3e4fb92c11b841296d84367de60de4bbef7bfa81fb4e2288fe3bcabf16	e66bfb3e4fb92c11b841296d84367de60de4bbef7bfa81fb4e2288fe3bcabf16
results/openrouter/lezgi/results_gemini25flashlite_lezgi_newmaterials_modelgloss_cheatsheet_jpg.jsonl	results/curated_v1/gemini25flashlite/lezgi/grammar/original/results_gemini25flashlite_lezgi_curated_v1_modelgloss_cheatsheet_jpg.jsonl	d98afe0835ab534bf81fee84e197d122d619da1e2793148219180cf6056e33be	d98afe0835ab534bf81fee84e197d122d619da1e2793148219180cf6056e33be
results/openrouter/lezgi/results_gemini25flashlite_lezgi_newmaterials_modelgloss_cheatsheet_txt.jsonl	results/curated_v1/gemini25flashlite/lezgi/grammar/original/results_gemini25flashlite_lezgi_curated_v1_modelgloss_cheatsheet_txt.jsonl	175405400a81c8cc45848fdcac436f14278ca997d49b5a0133d04efac2845965	175405400a81c8cc45848fdcac436f14278ca997d49b5a0133d04efac2845965
results/openrouter/lezgi/results_gemini25flashlite_lezgi_newmaterials_modelgloss_pdfpages_impactful_jpg.jsonl	results/curated_v1/gemini25flashlite/lezgi/grammar/original/results_gemini25flashlite_lezgi_curated_v1_modelgloss_pdfpages_impactful_jpg.jsonl	8d3288347c6f836994292ffe2aab549fdede373a5a01e91d5354b5d2fe275b9a	8d3288347c6f836994292ffe2aab549fdede373a5a01e91d5354b5d2fe275b9a
results/openrouter/lezgi/results_gemini25flashlite_lezgi_newmaterials_modelgloss_summary_tables_jpg.jsonl	results/curated_v1/gemini25flashlite/lezgi/grammar/original/results_gemini25flashlite_lezgi_curated_v1_modelgloss_summary_tables_jpg.jsonl	1cface4d04fc9e4e1426b72fae48a651d277dccca68334498511246c757b74c2	1cface4d04fc9e4e1426b72fae48a651d277dccca68334498511246c757b74c2
results/openrouter/lezgi/results_gemini25flashlite_lezgi_newmaterials_modelgloss_summary_tables_txt.jsonl	results/curated_v1/gemini25flashlite/lezgi/grammar/original/results_gemini25flashlite_lezgi_curated_v1_modelgloss_summary_tables_txt.jsonl	237cb281f9b131b0ec10f9248892461042488a74e51835e2d88fb9cbcc1cfef6	237cb281f9b131b0ec10f9248892461042488a74e51835e2d88fb9cbcc1cfef6
results/openrouter/lezgi/results_gemini25flashlite_lezgi_newmaterials_modelgloss_summary_text_txt.jsonl	results/curated_v1/gemini25flashlite/lezgi/grammar/original/results_gemini25flashlite_lezgi_curated_v1_modelgloss_summary_text_txt.jsonl	d705196dfb9ced5f2f5bd99e9a16d96609cf7236204d2693c35487db731f07b3	d705196dfb9ced5f2f5bd99e9a16d96609cf7236204d2693c35487db731f07b3
results/openrouter/lezgi/results_gemini25flashlite_lezgi_newmaterials_pdfpages_impactful_jpg.jsonl	results/curated_v1/gemini25flashlite/lezgi/grammar/original/results_gemini25flashlite_lezgi_curated_v1_pdfpages_impactful_jpg.jsonl	8df24cf3b4ae1995f0057ed6d39d322dd24ad6e2e62436556e323e38bdee8b99	8df24cf3b4ae1995f0057ed6d39d322dd24ad6e2e62436556e323e38bdee8b99
results/openrouter/lezgi/results_gemini25flashlite_lezgi_newmaterials_summary_tables_jpg.jsonl	results/curated_v1/gemini25flashlite/lezgi/grammar/original/results_gemini25flashlite_lezgi_curated_v1_summary_tables_jpg.jsonl	d5ca9849590c8ecc583b2dc26aea6ca4f4b79bdc532200276a26772725bd80c8	d5ca9849590c8ecc583b2dc26aea6ca4f4b79bdc532200276a26772725bd80c8
results/openrouter/lezgi/results_gemini25flashlite_lezgi_newmaterials_summary_tables_txt.jsonl	results/curated_v1/gemini25flashlite/lezgi/grammar/original/results_gemini25flashlite_lezgi_curated_v1_summary_tables_txt.jsonl	5e59b7dc0155e5c4a58adb8ff806a3f3a5739b6e423ce8873b8577e1443bb2be	5e59b7dc0155e5c4a58adb8ff806a3f3a5739b6e423ce8873b8577e1443bb2be
results/openrouter/lezgi/results_gemini25flashlite_lezgi_newmaterials_summary_text_txt.jsonl	results/curated_v1/gemini25flashlite/lezgi/grammar/original/results_gemini25flashlite_lezgi_curated_v1_summary_text_txt.jsonl	242420dcf3429cfe17fd4613058403c1c0012171ec292607d4d0dfc646e99c54	242420dcf3429cfe17fd4613058403c1c0012171ec292607d4d0dfc646e99c54
results/openrouter/natugu/results_gemini25flashlite_natugu_newmaterials_cheatsheet_jpg.jsonl	results/curated_v1/gemini25flashlite/natugu/grammar/original/results_gemini25flashlite_natugu_curated_v1_cheatsheet_jpg.jsonl	2b5e4e8356050e1e76824dcca63c5263bfd5cb4bc70f343349fb754334fec625	2b5e4e8356050e1e76824dcca63c5263bfd5cb4bc70f343349fb754334fec625
results/openrouter/natugu/results_gemini25flashlite_natugu_newmaterials_cheatsheet_txt.jsonl	results/curated_v1/gemini25flashlite/natugu/grammar/original/results_gemini25flashlite_natugu_curated_v1_cheatsheet_txt.jsonl	d2056fbaf536786ce5584a410ae357f84346aeeac8e26c7da34fc1f713be537a	d2056fbaf536786ce5584a410ae357f84346aeeac8e26c7da34fc1f713be537a
results/openrouter/natugu/results_gemini25flashlite_natugu_newmaterials_modelgloss_cheatsheet_jpg.jsonl	results/curated_v1/gemini25flashlite/natugu/grammar/original/results_gemini25flashlite_natugu_curated_v1_modelgloss_cheatsheet_jpg.jsonl	611353f4945bf65b310ff5fff3d560c73c297f6c17eec8a8efb48a6cd96f4033	611353f4945bf65b310ff5fff3d560c73c297f6c17eec8a8efb48a6cd96f4033
results/openrouter/natugu/results_gemini25flashlite_natugu_newmaterials_modelgloss_cheatsheet_txt.jsonl	results/curated_v1/gemini25flashlite/natugu/grammar/original/results_gemini25flashlite_natugu_curated_v1_modelgloss_cheatsheet_txt.jsonl	7b0adddd4d156f30ee8406d63cc60ccef0983466687ba4a89eb86553798c76c6	7b0adddd4d156f30ee8406d63cc60ccef0983466687ba4a89eb86553798c76c6
results/openrouter/natugu/results_gemini25flashlite_natugu_newmaterials_modelgloss_pdfpages_impactful_jpg.jsonl	results/curated_v1/gemini25flashlite/natugu/grammar/original/results_gemini25flashlite_natugu_curated_v1_modelgloss_pdfpages_impactful_jpg.jsonl	fc2175fe9bedc8c7c355e01b9bd0c419e1600e3661386e4cb9a94f25df003214	fc2175fe9bedc8c7c355e01b9bd0c419e1600e3661386e4cb9a94f25df003214
results/openrouter/natugu/results_gemini25flashlite_natugu_newmaterials_modelgloss_summary_tables_jpg.jsonl	results/curated_v1/gemini25flashlite/natugu/grammar/original/results_gemini25flashlite_natugu_curated_v1_modelgloss_summary_tables_jpg.jsonl	c85bc1d32071e1e662e583e58cdc7d2b2c74e5489fdaa5b5db60b64975818ab2	c85bc1d32071e1e662e583e58cdc7d2b2c74e5489fdaa5b5db60b64975818ab2
results/openrouter/natugu/results_gemini25flashlite_natugu_newmaterials_modelgloss_summary_tables_txt.jsonl	results/curated_v1/gemini25flashlite/natugu/grammar/original/results_gemini25flashlite_natugu_curated_v1_modelgloss_summary_tables_txt.jsonl	a561083a11fc075fb93b241159c9128c3903e32bf7ba140fe23d9c8deedde6f3	a561083a11fc075fb93b241159c9128c3903e32bf7ba140fe23d9c8deedde6f3
results/openrouter/natugu/results_gemini25flashlite_natugu_newmaterials_modelgloss_summary_text_txt.jsonl	results/curated_v1/gemini25flashlite/natugu/grammar/original/results_gemini25flashlite_natugu_curated_v1_modelgloss_summary_text_txt.jsonl	5ce0f5b7a81735a052b25b9f8d9f4d1b19fb90e4b389de038817ed69ec5fb5c5	5ce0f5b7a81735a052b25b9f8d9f4d1b19fb90e4b389de038817ed69ec5fb5c5
results/openrouter/natugu/results_gemini25flashlite_natugu_newmaterials_pdfpages_impactful_jpg.jsonl	results/curated_v1/gemini25flashlite/natugu/grammar/original/results_gemini25flashlite_natugu_curated_v1_pdfpages_impactful_jpg.jsonl	a6b26159523af55371413dae74015ed18f0b92603305ac4c6709796227393bf9	a6b26159523af55371413dae74015ed18f0b92603305ac4c6709796227393bf9
results/openrouter/natugu/results_gemini25flashlite_natugu_newmaterials_summary_tables_jpg.jsonl	results/curated_v1/gemini25flashlite/natugu/grammar/original/results_gemini25flashlite_natugu_curated_v1_summary_tables_jpg.jsonl	86786829c188dcc63d9d1973f2fccecaf04f2f1bca18085a8c77d300668538ea	86786829c188dcc63d9d1973f2fccecaf04f2f1bca18085a8c77d300668538ea
results/openrouter/natugu/results_gemini25flashlite_natugu_newmaterials_summary_tables_txt.jsonl	results/curated_v1/gemini25flashlite/natugu/grammar/original/results_gemini25flashlite_natugu_curated_v1_summary_tables_txt.jsonl	79ce54091fcf5f1e34125cc7c21818e64bc8000f1fc69c1cfe439f6ab2d8f8d1	79ce54091fcf5f1e34125cc7c21818e64bc8000f1fc69c1cfe439f6ab2d8f8d1
results/openrouter/natugu/results_gemini25flashlite_natugu_newmaterials_summary_text_txt.jsonl	results/curated_v1/gemini25flashlite/natugu/grammar/original/results_gemini25flashlite_natugu_curated_v1_summary_text_txt.jsonl	59f2ff0785e99612b9dacb7071798ce194d717f26f62813bab7ef22c0faa02ff	59f2ff0785e99612b9dacb7071798ce194d717f26f62813bab7ef22c0faa02ff
results/openrouter/smoke/results_gemini25flashlite_gitksan_pdf1_brown_newmaterials_cheatsheet_jpg.jsonl	results/smoke/gemini25flashlite/gitksan/pdf1_brown/original/results_gemini25flashlite_gitksan_pdf1_brown_curated_v1_cheatsheet_jpg.jsonl	b870607626447948fb7bd583d1c9e5000a8627a0f8ab1dc63d92b0305a7c271c	b870607626447948fb7bd583d1c9e5000a8627a0f8ab1dc63d92b0305a7c271c
results/openrouter/smoke/results_gemini25flashlite_gitksan_pdf1_brown_newmaterials_cheatsheet_txt.jsonl	results/smoke/gemini25flashlite/gitksan/pdf1_brown/original/results_gemini25flashlite_gitksan_pdf1_brown_curated_v1_cheatsheet_txt.jsonl	453bbd7d499ca566c16ce321a47960a54d8d5ad28cfee0c23582df1dadffc532	453bbd7d499ca566c16ce321a47960a54d8d5ad28cfee0c23582df1dadffc532
results/openrouter/smoke/results_gemini25flashlite_gitksan_pdf1_brown_newmaterials_modelgloss_cheatsheet_jpg.jsonl	results/smoke/gemini25flashlite/gitksan/pdf1_brown/original/results_gemini25flashlite_gitksan_pdf1_brown_curated_v1_modelgloss_cheatsheet_jpg.jsonl	fbdcbc8cbdf04c0ad8de131f6194fbe6804aebca482081ce7a81e947c09e0999	fbdcbc8cbdf04c0ad8de131f6194fbe6804aebca482081ce7a81e947c09e0999
results/openrouter/smoke/results_gemini25flashlite_gitksan_pdf1_brown_newmaterials_modelgloss_cheatsheet_txt.jsonl	results/smoke/gemini25flashlite/gitksan/pdf1_brown/original/results_gemini25flashlite_gitksan_pdf1_brown_curated_v1_modelgloss_cheatsheet_txt.jsonl	37046cb7b8d64199d134575c23c1d46ddc63c4abc1886b7669ec1aacee028819	37046cb7b8d64199d134575c23c1d46ddc63c4abc1886b7669ec1aacee028819
results/openrouter/smoke/results_gemini25flashlite_natugu_newmaterials_pdfpages_impactful_jpg.jsonl	results/smoke/gemini25flashlite/natugu/grammar/original/results_gemini25flashlite_natugu_curated_v1_pdfpages_impactful_jpg.jsonl	19083bb5b7b83b8909f2e7d5faaefeaf4280e02d847d9d40932235231efa76a8	19083bb5b7b83b8909f2e7d5faaefeaf4280e02d847d9d40932235231efa76a8
results/openrouter/smoke/results_gpt56luna_gitksan_pdf1_brown_newmaterials_cheatsheet_jpg.jsonl	results/smoke/gpt56luna/gitksan/pdf1_brown/original/results_gpt56luna_gitksan_pdf1_brown_curated_v1_cheatsheet_jpg.jsonl	011a8b8a0770415e0e06c0a71076ebb2885d0d04db357da4c35640df7ccf9337	011a8b8a0770415e0e06c0a71076ebb2885d0d04db357da4c35640df7ccf9337
results/openrouter/smoke/results_gpt56luna_gitksan_pdf1_brown_newmaterials_cheatsheet_txt.jsonl	results/smoke/gpt56luna/gitksan/pdf1_brown/original/results_gpt56luna_gitksan_pdf1_brown_curated_v1_cheatsheet_txt.jsonl	cedfd5fb1d7b20b35230ffc3804211228b97076924a765e1e5bae0f4ac71e695	cedfd5fb1d7b20b35230ffc3804211228b97076924a765e1e5bae0f4ac71e695
results/openrouter/smoke/results_gpt56luna_gitksan_pdf1_brown_newmaterials_modelgloss_cheatsheet_jpg.jsonl	results/smoke/gpt56luna/gitksan/pdf1_brown/original/results_gpt56luna_gitksan_pdf1_brown_curated_v1_modelgloss_cheatsheet_jpg.jsonl	2022e7373634266fe10c5c88d646240cb2988c3518712e732031209f4d3e7aa2	2022e7373634266fe10c5c88d646240cb2988c3518712e732031209f4d3e7aa2
results/openrouter/smoke/results_gpt56luna_gitksan_pdf1_brown_newmaterials_modelgloss_cheatsheet_txt.jsonl	results/smoke/gpt56luna/gitksan/pdf1_brown/original/results_gpt56luna_gitksan_pdf1_brown_curated_v1_modelgloss_cheatsheet_txt.jsonl	dbbc6b03877f52aae92dbeb976cfe4bfea267404f4ff45d903a68ec2a096e0fd	dbbc6b03877f52aae92dbeb976cfe4bfea267404f4ff45d903a68ec2a096e0fd
results/openrouter/smoke/results_gpt56luna_natugu_newmaterials_pdfpages_impactful_jpg.jsonl	results/smoke/gpt56luna/natugu/grammar/original/results_gpt56luna_natugu_curated_v1_pdfpages_impactful_jpg.jsonl	073bfb868df2ea21befff9847b22b757e340eff4738cf5d610d40c728744b292	073bfb868df2ea21befff9847b22b757e340eff4738cf5d610d40c728744b292
results/openrouter/tsez/results_gemini25flashlite_tsez_newmaterials_cheatsheet_jpg.jsonl	results/curated_v1/gemini25flashlite/tsez/grammar/original/results_gemini25flashlite_tsez_curated_v1_cheatsheet_jpg.jsonl	b92917145e44112d0b76d70170a1f25fe09744476402a0e6ad02bd8785324c58	b92917145e44112d0b76d70170a1f25fe09744476402a0e6ad02bd8785324c58
results/openrouter/tsez/results_gemini25flashlite_tsez_newmaterials_cheatsheet_txt.jsonl	results/curated_v1/gemini25flashlite/tsez/grammar/original/results_gemini25flashlite_tsez_curated_v1_cheatsheet_txt.jsonl	cd38e0e9eb76d6bc8138b0ecb23471647bfcd9633faa7896968a1cfb1e635527	cd38e0e9eb76d6bc8138b0ecb23471647bfcd9633faa7896968a1cfb1e635527
results/openrouter/tsez/results_gemini25flashlite_tsez_newmaterials_modelgloss_cheatsheet_jpg.jsonl	results/curated_v1/gemini25flashlite/tsez/grammar/original/results_gemini25flashlite_tsez_curated_v1_modelgloss_cheatsheet_jpg.jsonl	a63e7c5df141a5e64f6bdbfb335082bf8ee9b4b4aa8f2ae90d6a1e5adba49dc9	a63e7c5df141a5e64f6bdbfb335082bf8ee9b4b4aa8f2ae90d6a1e5adba49dc9
results/openrouter/tsez/results_gemini25flashlite_tsez_newmaterials_modelgloss_cheatsheet_txt.jsonl	results/curated_v1/gemini25flashlite/tsez/grammar/original/results_gemini25flashlite_tsez_curated_v1_modelgloss_cheatsheet_txt.jsonl	c1601150de6626ffde00a671e3f12c9733ced9cd9cebfcd318edb2d618bcfc2a	c1601150de6626ffde00a671e3f12c9733ced9cd9cebfcd318edb2d618bcfc2a
results/openrouter/tsez/results_gemini25flashlite_tsez_newmaterials_modelgloss_pdfpages_impactful_jpg.jsonl	results/curated_v1/gemini25flashlite/tsez/grammar/original/results_gemini25flashlite_tsez_curated_v1_modelgloss_pdfpages_impactful_jpg.jsonl	a1b9f6103690cc416485c09eeb420c4a5ecf8a317d5b01618327505f1947569a	a1b9f6103690cc416485c09eeb420c4a5ecf8a317d5b01618327505f1947569a
results/openrouter/tsez/results_gemini25flashlite_tsez_newmaterials_modelgloss_summary_tables_jpg.jsonl	results/curated_v1/gemini25flashlite/tsez/grammar/original/results_gemini25flashlite_tsez_curated_v1_modelgloss_summary_tables_jpg.jsonl	fcd3d54730f4597630cea7fcd1b6a47d208c866b0cd8a62286f5ce92897e16bc	fcd3d54730f4597630cea7fcd1b6a47d208c866b0cd8a62286f5ce92897e16bc
results/openrouter/tsez/results_gemini25flashlite_tsez_newmaterials_modelgloss_summary_tables_txt.jsonl	results/curated_v1/gemini25flashlite/tsez/grammar/original/results_gemini25flashlite_tsez_curated_v1_modelgloss_summary_tables_txt.jsonl	ebf354eda29e268bd265f1e84fa252d8aebeb558c6184c2fd0a20621255422bc	ebf354eda29e268bd265f1e84fa252d8aebeb558c6184c2fd0a20621255422bc
results/openrouter/tsez/results_gemini25flashlite_tsez_newmaterials_modelgloss_summary_text_txt.jsonl	results/curated_v1/gemini25flashlite/tsez/grammar/original/results_gemini25flashlite_tsez_curated_v1_modelgloss_summary_text_txt.jsonl	6a981dd567cb6d964900f90e525d8c61b222a6b8466279f36ec699a52c834d45	6a981dd567cb6d964900f90e525d8c61b222a6b8466279f36ec699a52c834d45
results/openrouter/tsez/results_gemini25flashlite_tsez_newmaterials_pdfpages_impactful_jpg.jsonl	results/curated_v1/gemini25flashlite/tsez/grammar/original/results_gemini25flashlite_tsez_curated_v1_pdfpages_impactful_jpg.jsonl	01f96b35355fba8321bb9aa7c3bb2ce292288a3eb3cff3792aa94f13e4ebfc53	01f96b35355fba8321bb9aa7c3bb2ce292288a3eb3cff3792aa94f13e4ebfc53
results/openrouter/tsez/results_gemini25flashlite_tsez_newmaterials_summary_tables_jpg.jsonl	results/curated_v1/gemini25flashlite/tsez/grammar/original/results_gemini25flashlite_tsez_curated_v1_summary_tables_jpg.jsonl	42502c92f7ddd9e9adb94706ccf2422db9dcc0314ba08dca4d0647e2384cfa5f	42502c92f7ddd9e9adb94706ccf2422db9dcc0314ba08dca4d0647e2384cfa5f
results/openrouter/tsez/results_gemini25flashlite_tsez_newmaterials_summary_tables_txt.jsonl	results/curated_v1/gemini25flashlite/tsez/grammar/original/results_gemini25flashlite_tsez_curated_v1_summary_tables_txt.jsonl	43841c7598829cc137bf0ab2dba8dd413ded304ea30e981edb1cc576f4a9b714	43841c7598829cc137bf0ab2dba8dd413ded304ea30e981edb1cc576f4a9b714
results/openrouter/tsez/results_gemini25flashlite_tsez_newmaterials_summary_text_txt.jsonl	results/curated_v1/gemini25flashlite/tsez/grammar/original/results_gemini25flashlite_tsez_curated_v1_summary_text_txt.jsonl	425c0d2021ffe47b15cbc193ce4f0a48533e6ae3d782770bdeb49e020eaa0b33	425c0d2021ffe47b15cbc193ce4f0a48533e6ae3d782770bdeb49e020eaa0b33
results/results_gitksan_Apertus.jsonl	results/baseline/apertus/gitksan/grammar/original/results_gitksan_Apertus.jsonl	76abab47da7f4acdab2d5cb5c24c3d5b47d915e6d1ced5a40640d529be1c01cd	76abab47da7f4acdab2d5cb5c24c3d5b47d915e6d1ced5a40640d529be1c01cd
results/results_gitksan_Llama_3.1.jsonl	results/baseline/llama/gitksan/grammar/original/results_gitksan_Llama_3.1.jsonl	54374b86e8eb97337b7471a800eba61c8b0ca36d0f9114a4524629a132de7ce6	54374b86e8eb97337b7471a800eba61c8b0ca36d0f9114a4524629a132de7ce6
results/results_gitksan_ModelGloss_Apertus.jsonl	results/baseline/apertus/gitksan/grammar/original/results_gitksan_ModelGloss_Apertus.jsonl	c63582b2b8ad295fa1420f29a9c98a84d76a8d394a69627d78c865eaa9aaa1df	c63582b2b8ad295fa1420f29a9c98a84d76a8d394a69627d78c865eaa9aaa1df
results/results_gitksan_ModelGloss_Llama_3.1.jsonl	results/baseline/llama/gitksan/grammar/original/results_gitksan_ModelGloss_Llama_3.1.jsonl	e881bb563489b8f916289d06f678f68d3562d119b72b12b8bc9b513174e70ebd	e881bb563489b8f916289d06f678f68d3562d119b72b12b8bc9b513174e70ebd
results/results_gitksan_ModelGloss_Qwen.jsonl	results/baseline/qwen3/gitksan/grammar/original/results_gitksan_ModelGloss_Qwen.jsonl	1edd486685a3b5c5742b8ff1e639b36f6305e5ceb1b566bd6b5f907696234f44	1edd486685a3b5c5742b8ff1e639b36f6305e5ceb1b566bd6b5f907696234f44
results/results_gitksan_Qwen.jsonl	results/baseline/qwen3/gitksan/grammar/original/results_gitksan_Qwen.jsonl	ac36f5ec61f86446bc300967216290dc95ed55454ddf877de7cdace2c6aef2bc	ac36f5ec61f86446bc300967216290dc95ed55454ddf877de7cdace2c6aef2bc
results/results_gitksan_Qwen35_ModelGloss_pdf1_brown_cheatsheet.jsonl	results/legacy/qwen35/gitksan/pdf1_brown/original/results_gitksan_Qwen35_ModelGloss_pdf1_brown_cheatsheet.jsonl	8fbee6eb78a149e76ad08a0fa2219dfcac6f98b903b72b611adf2c94eb244699	8fbee6eb78a149e76ad08a0fa2219dfcac6f98b903b72b611adf2c94eb244699
results/results_gitksan_Qwen35_ModelGloss_pdf1_brown_newmaterials_cheatsheet_jpg.jsonl	results/curated_v1/qwen35/gitksan/pdf1_brown/original/results_gitksan_Qwen35_ModelGloss_pdf1_brown_curated_v1_cheatsheet_jpg.jsonl	adb4558ea1728f10d3587f36d6b5e3b9263628376d0253027f9049511ce1a588	adb4558ea1728f10d3587f36d6b5e3b9263628376d0253027f9049511ce1a588
results/results_gitksan_Qwen35_ModelGloss_pdf1_brown_newmaterials_cheatsheet_txt.jsonl	results/curated_v1/qwen35/gitksan/pdf1_brown/original/results_gitksan_Qwen35_ModelGloss_pdf1_brown_curated_v1_cheatsheet_txt.jsonl	9f965d80effbce4d547086ef3c6a90f7ee960046583fb1203be82b8a433a8a5b	9f965d80effbce4d547086ef3c6a90f7ee960046583fb1203be82b8a433a8a5b
results/results_gitksan_Qwen35_ModelGloss_pdf1_brown_newmaterials_pdfpages_impactful_jpg.jsonl	results/curated_v1/qwen35/gitksan/pdf1_brown/original/results_gitksan_Qwen35_ModelGloss_pdf1_brown_curated_v1_pdfpages_impactful_jpg.jsonl	e7dd87998c3fe5aeb4eb25062588d76b2ebe9c171bec866be78786f64ea292d0	e7dd87998c3fe5aeb4eb25062588d76b2ebe9c171bec866be78786f64ea292d0
results/results_gitksan_Qwen35_ModelGloss_pdf1_brown_newmaterials_summary_tables_jpg.jsonl	results/curated_v1/qwen35/gitksan/pdf1_brown/original/results_gitksan_Qwen35_ModelGloss_pdf1_brown_curated_v1_summary_tables_jpg.jsonl	53511a4cb5a970451e7ed205bad94775c55185f720414598c44965fb03b441bd	53511a4cb5a970451e7ed205bad94775c55185f720414598c44965fb03b441bd
results/results_gitksan_Qwen35_ModelGloss_pdf1_brown_newmaterials_summary_tables_txt.jsonl	results/curated_v1/qwen35/gitksan/pdf1_brown/original/results_gitksan_Qwen35_ModelGloss_pdf1_brown_curated_v1_summary_tables_txt.jsonl	5e22a45f72f91cbba690cc62382a1425cee9ca032161c581d7c62fcb16507955	5e22a45f72f91cbba690cc62382a1425cee9ca032161c581d7c62fcb16507955
results/results_gitksan_Qwen35_ModelGloss_pdf1_brown_newmaterials_summary_text_txt.jsonl	results/curated_v1/qwen35/gitksan/pdf1_brown/original/results_gitksan_Qwen35_ModelGloss_pdf1_brown_curated_v1_summary_text_txt.jsonl	f1901c3ef0d214665f01806e3b1dd8fdededed823e8e17d41b9e415623385d94	f1901c3ef0d214665f01806e3b1dd8fdededed823e8e17d41b9e415623385d94
results/results_gitksan_Qwen35_ModelGloss_pdf1_brown_pdfpages_all_jpg.jsonl	results/legacy/qwen35/gitksan/pdf1_brown/original/results_gitksan_Qwen35_ModelGloss_pdf1_brown_pdfpages_all_jpg.jsonl	ff8642d082bf8be08138f185c19da4ba4ce7c64d0993b15847b90176563710b2	ff8642d082bf8be08138f185c19da4ba4ce7c64d0993b15847b90176563710b2
results/results_gitksan_Qwen35_ModelGloss_pdf1_brown_summary_tables.jsonl	results/legacy/qwen35/gitksan/pdf1_brown/original/results_gitksan_Qwen35_ModelGloss_pdf1_brown_summary_tables.jsonl	63b9a8e6d8820202749f3d5bf3016781e94d8566ddcbcf18f0ca2ae3646654df	63b9a8e6d8820202749f3d5bf3016781e94d8566ddcbcf18f0ca2ae3646654df
results/results_gitksan_Qwen35_ModelGloss_pdf1_brown_summary_text.jsonl	results/legacy/qwen35/gitksan/pdf1_brown/original/results_gitksan_Qwen35_ModelGloss_pdf1_brown_summary_text.jsonl	21a7475ec23f56d3625128ab310d21dde1267b3a30bc5807bc9f18ddcb84bf7d	21a7475ec23f56d3625128ab310d21dde1267b3a30bc5807bc9f18ddcb84bf7d
results/results_gitksan_Qwen35_ModelGloss_pdf2_rigsby_cheatsheet.jsonl	results/legacy/qwen35/gitksan/pdf2_rigsby/original/results_gitksan_Qwen35_ModelGloss_pdf2_rigsby_cheatsheet.jsonl	f3e0231f5590e8837dc3432a0683936f5aa83fc408f315e2fa22e9d866386790	f3e0231f5590e8837dc3432a0683936f5aa83fc408f315e2fa22e9d866386790
results/results_gitksan_Qwen35_ModelGloss_pdf2_rigsby_newmaterials_cheatsheet_jpg.jsonl	results/curated_v1/qwen35/gitksan/pdf2_rigsby/original/results_gitksan_Qwen35_ModelGloss_pdf2_rigsby_curated_v1_cheatsheet_jpg.jsonl	293b779c19f8574ad150f2b19eb0ab97ee4c1a0779dcfb720321b5046680dd7d	293b779c19f8574ad150f2b19eb0ab97ee4c1a0779dcfb720321b5046680dd7d
results/results_gitksan_Qwen35_ModelGloss_pdf2_rigsby_newmaterials_cheatsheet_txt.jsonl	results/curated_v1/qwen35/gitksan/pdf2_rigsby/original/results_gitksan_Qwen35_ModelGloss_pdf2_rigsby_curated_v1_cheatsheet_txt.jsonl	aa6242d1a9b498ed44d0f360f8d38b8123a10d70bec8a9ec183c58de1983edb6	aa6242d1a9b498ed44d0f360f8d38b8123a10d70bec8a9ec183c58de1983edb6
results/results_gitksan_Qwen35_ModelGloss_pdf2_rigsby_newmaterials_pdfpages_impactful_jpg.jsonl	results/curated_v1/qwen35/gitksan/pdf2_rigsby/original/results_gitksan_Qwen35_ModelGloss_pdf2_rigsby_curated_v1_pdfpages_impactful_jpg.jsonl	4be618962ca52ec6b5a0991a870141a76c2cd49dd5cc36bd4c4a685e8d4668db	4be618962ca52ec6b5a0991a870141a76c2cd49dd5cc36bd4c4a685e8d4668db
results/results_gitksan_Qwen35_ModelGloss_pdf2_rigsby_newmaterials_summary_tables_jpg.jsonl	results/curated_v1/qwen35/gitksan/pdf2_rigsby/original/results_gitksan_Qwen35_ModelGloss_pdf2_rigsby_curated_v1_summary_tables_jpg.jsonl	b0df363f3df7e28f83c4a79623565848a00d5f2884706279f3d1babaae9e741c	b0df363f3df7e28f83c4a79623565848a00d5f2884706279f3d1babaae9e741c
results/results_gitksan_Qwen35_ModelGloss_pdf2_rigsby_newmaterials_summary_tables_txt.jsonl	results/curated_v1/qwen35/gitksan/pdf2_rigsby/original/results_gitksan_Qwen35_ModelGloss_pdf2_rigsby_curated_v1_summary_tables_txt.jsonl	e41a172fc6540c9e39a7d8cb6575f100e868f6221f84d2cc25b2ea6e29874975	e41a172fc6540c9e39a7d8cb6575f100e868f6221f84d2cc25b2ea6e29874975
results/results_gitksan_Qwen35_ModelGloss_pdf2_rigsby_newmaterials_summary_text_txt.jsonl	results/curated_v1/qwen35/gitksan/pdf2_rigsby/original/results_gitksan_Qwen35_ModelGloss_pdf2_rigsby_curated_v1_summary_text_txt.jsonl	9890df6d5a65e681315f97cb4c8591b846774744dc5a9519c0ed4fbb6534dd68	9890df6d5a65e681315f97cb4c8591b846774744dc5a9519c0ed4fbb6534dd68
results/results_gitksan_Qwen35_ModelGloss_pdf2_rigsby_pdfpages_all_jpg.jsonl	results/legacy/qwen35/gitksan/pdf2_rigsby/original/results_gitksan_Qwen35_ModelGloss_pdf2_rigsby_pdfpages_all_jpg.jsonl	90ddaa87f49d38645bc6ccd2deb0efd84b893858dafa485c2690f0463d3fffdf	90ddaa87f49d38645bc6ccd2deb0efd84b893858dafa485c2690f0463d3fffdf
results/results_gitksan_Qwen35_ModelGloss_pdf2_rigsby_summary_tables.jsonl	results/legacy/qwen35/gitksan/pdf2_rigsby/original/results_gitksan_Qwen35_ModelGloss_pdf2_rigsby_summary_tables.jsonl	812723ebeeeb0fa45589d042c9dd32345f1248d3e53f11c534632af0c3564c23	812723ebeeeb0fa45589d042c9dd32345f1248d3e53f11c534632af0c3564c23
results/results_gitksan_Qwen35_ModelGloss_pdf2_rigsby_summary_text.jsonl	results/legacy/qwen35/gitksan/pdf2_rigsby/original/results_gitksan_Qwen35_ModelGloss_pdf2_rigsby_summary_text.jsonl	3fa63259c5311b34367b575d23c1bcf47331c83abf80d8880c730bd584299db7	3fa63259c5311b34367b575d23c1bcf47331c83abf80d8880c730bd584299db7
results/results_gitksan_Qwen35_pdf1_brown_cheatsheet.jsonl	results/legacy/qwen35/gitksan/pdf1_brown/original/results_gitksan_Qwen35_pdf1_brown_cheatsheet.jsonl	9d5bf2960993b258a74f7f42854f5aef36872efde038204164e3e280c0fa05fe	9d5bf2960993b258a74f7f42854f5aef36872efde038204164e3e280c0fa05fe
results/results_gitksan_Qwen35_pdf1_brown_newmaterials_cheatsheet_jpg.jsonl	results/curated_v1/qwen35/gitksan/pdf1_brown/original/results_gitksan_Qwen35_pdf1_brown_curated_v1_cheatsheet_jpg.jsonl	84d1eb5e54d5bcdcd80b3c2a87f1a341b188eea353b6fd10810061356e51199b	84d1eb5e54d5bcdcd80b3c2a87f1a341b188eea353b6fd10810061356e51199b
results/results_gitksan_Qwen35_pdf1_brown_newmaterials_cheatsheet_txt.jsonl	results/curated_v1/qwen35/gitksan/pdf1_brown/original/results_gitksan_Qwen35_pdf1_brown_curated_v1_cheatsheet_txt.jsonl	7dc51cff5115c09ae15dab1c1ff094fbd9d16177015356405507415f3f0d7ba6	7dc51cff5115c09ae15dab1c1ff094fbd9d16177015356405507415f3f0d7ba6
results/results_gitksan_Qwen35_pdf1_brown_newmaterials_pdfpages_impactful_jpg.jsonl	results/curated_v1/qwen35/gitksan/pdf1_brown/original/results_gitksan_Qwen35_pdf1_brown_curated_v1_pdfpages_impactful_jpg.jsonl	6ae3c5d9b653f9332ba564214c205615f0f63328ec9bc2596f7b143ce7b73fb1	6ae3c5d9b653f9332ba564214c205615f0f63328ec9bc2596f7b143ce7b73fb1
results/results_gitksan_Qwen35_pdf1_brown_newmaterials_summary_tables_jpg.jsonl	results/curated_v1/qwen35/gitksan/pdf1_brown/original/results_gitksan_Qwen35_pdf1_brown_curated_v1_summary_tables_jpg.jsonl	99754b14e153652c8351a9d309b8ee777e22b63331a27567229c465f3a6afb92	99754b14e153652c8351a9d309b8ee777e22b63331a27567229c465f3a6afb92
results/results_gitksan_Qwen35_pdf1_brown_newmaterials_summary_tables_txt.jsonl	results/curated_v1/qwen35/gitksan/pdf1_brown/original/results_gitksan_Qwen35_pdf1_brown_curated_v1_summary_tables_txt.jsonl	6e4434db8c4370c834688d3d4ffa061080c4157764bc0cfc1a857aaa71b94368	6e4434db8c4370c834688d3d4ffa061080c4157764bc0cfc1a857aaa71b94368
results/results_gitksan_Qwen35_pdf1_brown_newmaterials_summary_text_txt.jsonl	results/curated_v1/qwen35/gitksan/pdf1_brown/original/results_gitksan_Qwen35_pdf1_brown_curated_v1_summary_text_txt.jsonl	9d3f208e728e85db087657c1c36944edc55fbab3ee4592309058384ce0db1ec8	9d3f208e728e85db087657c1c36944edc55fbab3ee4592309058384ce0db1ec8
results/results_gitksan_Qwen35_pdf1_brown_pdfpages_all_jpg.jsonl	results/legacy/qwen35/gitksan/pdf1_brown/original/results_gitksan_Qwen35_pdf1_brown_pdfpages_all_jpg.jsonl	b21fdbdc45fb092ff3e1b785346b92f1ed92285ad83e192415aca191a1321579	b21fdbdc45fb092ff3e1b785346b92f1ed92285ad83e192415aca191a1321579
results/results_gitksan_Qwen35_pdf1_brown_summary_tables.jsonl	results/legacy/qwen35/gitksan/pdf1_brown/original/results_gitksan_Qwen35_pdf1_brown_summary_tables.jsonl	1a10617d84e3e141973c67533d5e705aa7ea7fb45d07b2d7b942f042d2dd37d5	1a10617d84e3e141973c67533d5e705aa7ea7fb45d07b2d7b942f042d2dd37d5
results/results_gitksan_Qwen35_pdf1_brown_summary_text.jsonl	results/legacy/qwen35/gitksan/pdf1_brown/original/results_gitksan_Qwen35_pdf1_brown_summary_text.jsonl	170a54b9323ae020da0366b246d7fee975b7bb2011634bc55b59e85a75c08fec	170a54b9323ae020da0366b246d7fee975b7bb2011634bc55b59e85a75c08fec
results/results_gitksan_Qwen35_pdf2_rigsby_cheatsheet.jsonl	results/legacy/qwen35/gitksan/pdf2_rigsby/original/results_gitksan_Qwen35_pdf2_rigsby_cheatsheet.jsonl	968671f96e6b8a566c096e989143a6f2c5e68fb9f5b9e619400cfc1f0689abb0	968671f96e6b8a566c096e989143a6f2c5e68fb9f5b9e619400cfc1f0689abb0
results/results_gitksan_Qwen35_pdf2_rigsby_newmaterials_cheatsheet_jpg.jsonl	results/curated_v1/qwen35/gitksan/pdf2_rigsby/original/results_gitksan_Qwen35_pdf2_rigsby_curated_v1_cheatsheet_jpg.jsonl	fa3a1c95b8082a5a49e5acd7a00dc68d242b8fac0adfc6105bad4ac15992d621	fa3a1c95b8082a5a49e5acd7a00dc68d242b8fac0adfc6105bad4ac15992d621
results/results_gitksan_Qwen35_pdf2_rigsby_newmaterials_cheatsheet_txt.jsonl	results/curated_v1/qwen35/gitksan/pdf2_rigsby/original/results_gitksan_Qwen35_pdf2_rigsby_curated_v1_cheatsheet_txt.jsonl	785f347a72c584fe986c887afa6104aa1d75c831b2fa91e1e9267045df420d8c	785f347a72c584fe986c887afa6104aa1d75c831b2fa91e1e9267045df420d8c
results/results_gitksan_Qwen35_pdf2_rigsby_newmaterials_pdfpages_impactful_jpg.jsonl	results/curated_v1/qwen35/gitksan/pdf2_rigsby/original/results_gitksan_Qwen35_pdf2_rigsby_curated_v1_pdfpages_impactful_jpg.jsonl	a1de3d20ae0a15afabfa8cafe5367fb9866bfc62efe109b417a21d04196b350b	a1de3d20ae0a15afabfa8cafe5367fb9866bfc62efe109b417a21d04196b350b
results/results_gitksan_Qwen35_pdf2_rigsby_newmaterials_summary_tables_jpg.jsonl	results/curated_v1/qwen35/gitksan/pdf2_rigsby/original/results_gitksan_Qwen35_pdf2_rigsby_curated_v1_summary_tables_jpg.jsonl	30ae36d1798f798141fca21907071c3c6f2b6a3537cdbee053d2db7638d85b73	30ae36d1798f798141fca21907071c3c6f2b6a3537cdbee053d2db7638d85b73
results/results_gitksan_Qwen35_pdf2_rigsby_newmaterials_summary_tables_txt.jsonl	results/curated_v1/qwen35/gitksan/pdf2_rigsby/original/results_gitksan_Qwen35_pdf2_rigsby_curated_v1_summary_tables_txt.jsonl	2844bfa1e944fa50e259d7366a77e6192f4c724b42e9d75297edf1c2cec5d22e	2844bfa1e944fa50e259d7366a77e6192f4c724b42e9d75297edf1c2cec5d22e
results/results_gitksan_Qwen35_pdf2_rigsby_newmaterials_summary_text_txt.jsonl	results/curated_v1/qwen35/gitksan/pdf2_rigsby/original/results_gitksan_Qwen35_pdf2_rigsby_curated_v1_summary_text_txt.jsonl	dc663a54fdad7336cbe09cc8182b6b3c695aa0bb3b5f4d1c287bb22c244e7e28	dc663a54fdad7336cbe09cc8182b6b3c695aa0bb3b5f4d1c287bb22c244e7e28
results/results_gitksan_Qwen35_pdf2_rigsby_pdfpages_all_jpg.jsonl	results/legacy/qwen35/gitksan/pdf2_rigsby/original/results_gitksan_Qwen35_pdf2_rigsby_pdfpages_all_jpg.jsonl	12a7c0afabb645a06138b56000e9fe7347ea8edf38d72ae9cd6102fe4ed419b2	12a7c0afabb645a06138b56000e9fe7347ea8edf38d72ae9cd6102fe4ed419b2
results/results_gitksan_Qwen35_pdf2_rigsby_summary_tables.jsonl	results/legacy/qwen35/gitksan/pdf2_rigsby/original/results_gitksan_Qwen35_pdf2_rigsby_summary_tables.jsonl	3ded2a72c205a04ae2625be00f81a5798b4573c4cf8be2fe87b2653135d68ca5	3ded2a72c205a04ae2625be00f81a5798b4573c4cf8be2fe87b2653135d68ca5
results/results_gitksan_Qwen35_pdf2_rigsby_summary_text.jsonl	results/legacy/qwen35/gitksan/pdf2_rigsby/original/results_gitksan_Qwen35_pdf2_rigsby_summary_text.jsonl	ecae6fddb46e1ac97e81164f70f73cfaecfce9bedd674bb9df70e8ac4a30c7e4	ecae6fddb46e1ac97e81164f70f73cfaecfce9bedd674bb9df70e8ac4a30c7e4
results/results_gitksan_Qwen_ModelGloss_pdf1_brown_cheatsheet.jsonl	results/legacy/qwen3/gitksan/pdf1_brown/original/results_gitksan_Qwen_ModelGloss_pdf1_brown_cheatsheet.jsonl	b85ca9c13c28f67e5fa1cd9b42ec6820b4ae07e0897ad16026becd97a2f315c8	b85ca9c13c28f67e5fa1cd9b42ec6820b4ae07e0897ad16026becd97a2f315c8
results/results_gitksan_Qwen_ModelGloss_pdf1_brown_newmaterials_cheatsheet_jpg.jsonl	results/curated_v1/qwen3/gitksan/pdf1_brown/original/results_gitksan_Qwen_ModelGloss_pdf1_brown_curated_v1_cheatsheet_jpg.jsonl	32bc2b8ac04c543c48fd4284ed8d62c3edb44e6e8b71af99b91dc9928bec5bed	32bc2b8ac04c543c48fd4284ed8d62c3edb44e6e8b71af99b91dc9928bec5bed
results/results_gitksan_Qwen_ModelGloss_pdf1_brown_newmaterials_cheatsheet_txt.jsonl	results/curated_v1/qwen3/gitksan/pdf1_brown/original/results_gitksan_Qwen_ModelGloss_pdf1_brown_curated_v1_cheatsheet_txt.jsonl	f70e3680fc7acdc1c96bf2dcdc7489f8bbc4a81cee8a51bdcd573480ae4c4276	f70e3680fc7acdc1c96bf2dcdc7489f8bbc4a81cee8a51bdcd573480ae4c4276
results/results_gitksan_Qwen_ModelGloss_pdf1_brown_newmaterials_pdfpages_impactful_jpg.jsonl	results/curated_v1/qwen3/gitksan/pdf1_brown/original/results_gitksan_Qwen_ModelGloss_pdf1_brown_curated_v1_pdfpages_impactful_jpg.jsonl	2ea9240b5c99998bde309109bdc0f6f2e3dcd6e59bea3562b5d9979c81914754	2ea9240b5c99998bde309109bdc0f6f2e3dcd6e59bea3562b5d9979c81914754
results/results_gitksan_Qwen_ModelGloss_pdf1_brown_newmaterials_summary_tables_jpg.jsonl	results/curated_v1/qwen3/gitksan/pdf1_brown/original/results_gitksan_Qwen_ModelGloss_pdf1_brown_curated_v1_summary_tables_jpg.jsonl	3ca3bc1b47ade7dcaf48d2d97519a7f519268f602d1652f7c5b66c820ffdba83	3ca3bc1b47ade7dcaf48d2d97519a7f519268f602d1652f7c5b66c820ffdba83
results/results_gitksan_Qwen_ModelGloss_pdf1_brown_newmaterials_summary_tables_txt.jsonl	results/curated_v1/qwen3/gitksan/pdf1_brown/original/results_gitksan_Qwen_ModelGloss_pdf1_brown_curated_v1_summary_tables_txt.jsonl	1c449d8b4f39caee5d672343d40b573c8faa456e8a57997bfcc6ba660a61b3d5	1c449d8b4f39caee5d672343d40b573c8faa456e8a57997bfcc6ba660a61b3d5
results/results_gitksan_Qwen_ModelGloss_pdf1_brown_newmaterials_summary_text_txt.jsonl	results/curated_v1/qwen3/gitksan/pdf1_brown/original/results_gitksan_Qwen_ModelGloss_pdf1_brown_curated_v1_summary_text_txt.jsonl	8c02e59eb27b0f48abcd177be30abbb9c904c7487d9a56184a6405062cd44df8	8c02e59eb27b0f48abcd177be30abbb9c904c7487d9a56184a6405062cd44df8
results/results_gitksan_Qwen_ModelGloss_pdf1_brown_pdfpages_all_jpg.jsonl	results/legacy/qwen3/gitksan/pdf1_brown/original/results_gitksan_Qwen_ModelGloss_pdf1_brown_pdfpages_all_jpg.jsonl	9ded2e690a16e10c557da39997dc0f5461b31efef3959a4d2145ce12322cfd2a	9ded2e690a16e10c557da39997dc0f5461b31efef3959a4d2145ce12322cfd2a
results/results_gitksan_Qwen_ModelGloss_pdf1_brown_summary_tables.jsonl	results/legacy/qwen3/gitksan/pdf1_brown/original/results_gitksan_Qwen_ModelGloss_pdf1_brown_summary_tables.jsonl	4179e7e3839ce7d46247c9a2496deac6688d189d6df0e263e6b379680f9dbae0	4179e7e3839ce7d46247c9a2496deac6688d189d6df0e263e6b379680f9dbae0
results/results_gitksan_Qwen_ModelGloss_pdf1_brown_summary_text.jsonl	results/legacy/qwen3/gitksan/pdf1_brown/original/results_gitksan_Qwen_ModelGloss_pdf1_brown_summary_text.jsonl	ee4550bde6db5bb70e38b7825dd16ce2a1281a2564d5ee2bc0a539d8d17c17b9	ee4550bde6db5bb70e38b7825dd16ce2a1281a2564d5ee2bc0a539d8d17c17b9
results/results_gitksan_Qwen_ModelGloss_pdf2_rigsby_cheatsheet.jsonl	results/legacy/qwen3/gitksan/pdf2_rigsby/original/results_gitksan_Qwen_ModelGloss_pdf2_rigsby_cheatsheet.jsonl	0ba96d37ca64c51548c673db83a629bc895f6aec9a8c523b9c7e82bd62c1749a	0ba96d37ca64c51548c673db83a629bc895f6aec9a8c523b9c7e82bd62c1749a
results/results_gitksan_Qwen_ModelGloss_pdf2_rigsby_newmaterials_cheatsheet_jpg.jsonl	results/curated_v1/qwen3/gitksan/pdf2_rigsby/original/results_gitksan_Qwen_ModelGloss_pdf2_rigsby_curated_v1_cheatsheet_jpg.jsonl	ecc192c3d021e51e4739957546577f229991a6410fa964d41b06cc85a26fd11e	ecc192c3d021e51e4739957546577f229991a6410fa964d41b06cc85a26fd11e
results/results_gitksan_Qwen_ModelGloss_pdf2_rigsby_newmaterials_cheatsheet_txt.jsonl	results/curated_v1/qwen3/gitksan/pdf2_rigsby/original/results_gitksan_Qwen_ModelGloss_pdf2_rigsby_curated_v1_cheatsheet_txt.jsonl	80c4639a83c3f65f5222f7bcb41c26aa9684dc89ffba264538adff0034bd5f33	80c4639a83c3f65f5222f7bcb41c26aa9684dc89ffba264538adff0034bd5f33
results/results_gitksan_Qwen_ModelGloss_pdf2_rigsby_newmaterials_pdfpages_impactful_jpg.jsonl	results/curated_v1/qwen3/gitksan/pdf2_rigsby/original/results_gitksan_Qwen_ModelGloss_pdf2_rigsby_curated_v1_pdfpages_impactful_jpg.jsonl	a6b7bf98261d93998ae9cf821f5dbd775d385c6dd59462e71e51de17266e5ad9	a6b7bf98261d93998ae9cf821f5dbd775d385c6dd59462e71e51de17266e5ad9
results/results_gitksan_Qwen_ModelGloss_pdf2_rigsby_newmaterials_summary_tables_jpg.jsonl	results/curated_v1/qwen3/gitksan/pdf2_rigsby/original/results_gitksan_Qwen_ModelGloss_pdf2_rigsby_curated_v1_summary_tables_jpg.jsonl	0e3388a793ab522a6911481dc113b7acde967ca34ee6c9370322d5590e1e0924	0e3388a793ab522a6911481dc113b7acde967ca34ee6c9370322d5590e1e0924
results/results_gitksan_Qwen_ModelGloss_pdf2_rigsby_newmaterials_summary_tables_txt.jsonl	results/curated_v1/qwen3/gitksan/pdf2_rigsby/original/results_gitksan_Qwen_ModelGloss_pdf2_rigsby_curated_v1_summary_tables_txt.jsonl	a40f600ce08e6102f3f00b3d83e18a3da272eb10778fce2f9aee8e0ffaeb1733	a40f600ce08e6102f3f00b3d83e18a3da272eb10778fce2f9aee8e0ffaeb1733
results/results_gitksan_Qwen_ModelGloss_pdf2_rigsby_newmaterials_summary_text_txt.jsonl	results/curated_v1/qwen3/gitksan/pdf2_rigsby/original/results_gitksan_Qwen_ModelGloss_pdf2_rigsby_curated_v1_summary_text_txt.jsonl	3485ce367ea73c5c933958d431d4f48cc33b1dee98a16a4b11198003f5c0afdc	3485ce367ea73c5c933958d431d4f48cc33b1dee98a16a4b11198003f5c0afdc
results/results_gitksan_Qwen_ModelGloss_pdf2_rigsby_pdfpages_all_jpg.jsonl	results/legacy/qwen3/gitksan/pdf2_rigsby/original/results_gitksan_Qwen_ModelGloss_pdf2_rigsby_pdfpages_all_jpg.jsonl	098d0d0b75cd6a2d14bd09c5c522e037f2509ea38ea9fe4e3e66c4e1e1ef7cda	098d0d0b75cd6a2d14bd09c5c522e037f2509ea38ea9fe4e3e66c4e1e1ef7cda
results/results_gitksan_Qwen_ModelGloss_pdf2_rigsby_summary_tables.jsonl	results/legacy/qwen3/gitksan/pdf2_rigsby/original/results_gitksan_Qwen_ModelGloss_pdf2_rigsby_summary_tables.jsonl	52c6c666665286a556a68c50465bbaf5fcd3c33f7507fe3b468eec89852aef10	52c6c666665286a556a68c50465bbaf5fcd3c33f7507fe3b468eec89852aef10
results/results_gitksan_Qwen_ModelGloss_pdf2_rigsby_summary_text.jsonl	results/legacy/qwen3/gitksan/pdf2_rigsby/original/results_gitksan_Qwen_ModelGloss_pdf2_rigsby_summary_text.jsonl	c66fdea23409f0e05711cfa879caaba5c52e5b8ebe807cc338a12a9bc90550b6	c66fdea23409f0e05711cfa879caaba5c52e5b8ebe807cc338a12a9bc90550b6
results/results_gitksan_Qwen_pdf1_brown_cheatsheet.jsonl	results/legacy/qwen3/gitksan/pdf1_brown/original/results_gitksan_Qwen_pdf1_brown_cheatsheet.jsonl	5bbadd285dd127dde093bf2177c3ba7efa278e5456fe0b59289c74ead8cce89d	5bbadd285dd127dde093bf2177c3ba7efa278e5456fe0b59289c74ead8cce89d
results/results_gitksan_Qwen_pdf1_brown_newmaterials_cheatsheet_jpg.jsonl	results/curated_v1/qwen3/gitksan/pdf1_brown/original/results_gitksan_Qwen_pdf1_brown_curated_v1_cheatsheet_jpg.jsonl	4a5c0bdb2f0e5b8949c8fb7b2b218594ecdc89b8eb9a45beb90830bf5466b803	4a5c0bdb2f0e5b8949c8fb7b2b218594ecdc89b8eb9a45beb90830bf5466b803
results/results_gitksan_Qwen_pdf1_brown_newmaterials_cheatsheet_txt.jsonl	results/curated_v1/qwen3/gitksan/pdf1_brown/original/results_gitksan_Qwen_pdf1_brown_curated_v1_cheatsheet_txt.jsonl	5678ebc4958f42fdf5c9b835362990010c6aa48635f9e3abe4f82dfa46d4974a	5678ebc4958f42fdf5c9b835362990010c6aa48635f9e3abe4f82dfa46d4974a
results/results_gitksan_Qwen_pdf1_brown_newmaterials_pdfpages_impactful_jpg.jsonl	results/curated_v1/qwen3/gitksan/pdf1_brown/original/results_gitksan_Qwen_pdf1_brown_curated_v1_pdfpages_impactful_jpg.jsonl	92e9e5d533bc99f160b202f5624fc8838b2c8b5d81593ca0104380d32f6fafcc	92e9e5d533bc99f160b202f5624fc8838b2c8b5d81593ca0104380d32f6fafcc
results/results_gitksan_Qwen_pdf1_brown_newmaterials_summary_tables_jpg.jsonl	results/curated_v1/qwen3/gitksan/pdf1_brown/original/results_gitksan_Qwen_pdf1_brown_curated_v1_summary_tables_jpg.jsonl	f0414fb44dd963935dfca68f369e40a783a2805290aacb8eadb7adcc5c3079a2	f0414fb44dd963935dfca68f369e40a783a2805290aacb8eadb7adcc5c3079a2
results/results_gitksan_Qwen_pdf1_brown_newmaterials_summary_tables_txt.jsonl	results/curated_v1/qwen3/gitksan/pdf1_brown/original/results_gitksan_Qwen_pdf1_brown_curated_v1_summary_tables_txt.jsonl	34bee3ad3705305b6478fc7c10c703cd695f0d00bf9c20d6854f14add93bb9ff	34bee3ad3705305b6478fc7c10c703cd695f0d00bf9c20d6854f14add93bb9ff
results/results_gitksan_Qwen_pdf1_brown_newmaterials_summary_text_txt.jsonl	results/curated_v1/qwen3/gitksan/pdf1_brown/original/results_gitksan_Qwen_pdf1_brown_curated_v1_summary_text_txt.jsonl	b946ea275f1c7b65f3fe04f898492b5c9e8d4af10ea2fc77bd31dc4aff7d5aef	b946ea275f1c7b65f3fe04f898492b5c9e8d4af10ea2fc77bd31dc4aff7d5aef
results/results_gitksan_Qwen_pdf1_brown_pdfpages_all_jpg.jsonl	results/legacy/qwen3/gitksan/pdf1_brown/original/results_gitksan_Qwen_pdf1_brown_pdfpages_all_jpg.jsonl	48180c6f94b834fc3d2124948dba7c88457f8c7f375ae88b580849626b9b37ea	48180c6f94b834fc3d2124948dba7c88457f8c7f375ae88b580849626b9b37ea
results/results_gitksan_Qwen_pdf1_brown_summary_tables.jsonl	results/legacy/qwen3/gitksan/pdf1_brown/original/results_gitksan_Qwen_pdf1_brown_summary_tables.jsonl	6e7cb9386b81174c4ba97bd79e7c03a3205d774f1e5055198e90b490dafb2fb4	6e7cb9386b81174c4ba97bd79e7c03a3205d774f1e5055198e90b490dafb2fb4
results/results_gitksan_Qwen_pdf1_brown_summary_text.jsonl	results/legacy/qwen3/gitksan/pdf1_brown/original/results_gitksan_Qwen_pdf1_brown_summary_text.jsonl	e5913aa0f9b67b79808df49a8c312e5a1431c90837381702cb400cac77852b22	e5913aa0f9b67b79808df49a8c312e5a1431c90837381702cb400cac77852b22
results/results_gitksan_Qwen_pdf2_rigsby_cheatsheet.jsonl	results/legacy/qwen3/gitksan/pdf2_rigsby/original/results_gitksan_Qwen_pdf2_rigsby_cheatsheet.jsonl	17486d9243e7528ac7f7d57ba3e32dfaa9ce0fa5637c34573c8530e47274f0ef	17486d9243e7528ac7f7d57ba3e32dfaa9ce0fa5637c34573c8530e47274f0ef
results/results_gitksan_Qwen_pdf2_rigsby_newmaterials_cheatsheet_jpg.jsonl	results/curated_v1/qwen3/gitksan/pdf2_rigsby/original/results_gitksan_Qwen_pdf2_rigsby_curated_v1_cheatsheet_jpg.jsonl	bdc6f377e357fdee293d731946086af4f089adc443f4b479fe3420462d6256a2	bdc6f377e357fdee293d731946086af4f089adc443f4b479fe3420462d6256a2
results/results_gitksan_Qwen_pdf2_rigsby_newmaterials_cheatsheet_txt.jsonl	results/curated_v1/qwen3/gitksan/pdf2_rigsby/original/results_gitksan_Qwen_pdf2_rigsby_curated_v1_cheatsheet_txt.jsonl	40f8fcd675e7e9a7a79b01674429b1bf63661f4df7161d65ecda00ed3eea7762	40f8fcd675e7e9a7a79b01674429b1bf63661f4df7161d65ecda00ed3eea7762
results/results_gitksan_Qwen_pdf2_rigsby_newmaterials_pdfpages_impactful_jpg.jsonl	results/curated_v1/qwen3/gitksan/pdf2_rigsby/original/results_gitksan_Qwen_pdf2_rigsby_curated_v1_pdfpages_impactful_jpg.jsonl	53d4da44a793ce4a3165bb9129e516129212a2d210087aef5a69d06b52499dc2	53d4da44a793ce4a3165bb9129e516129212a2d210087aef5a69d06b52499dc2
results/results_gitksan_Qwen_pdf2_rigsby_newmaterials_summary_tables_jpg.jsonl	results/curated_v1/qwen3/gitksan/pdf2_rigsby/original/results_gitksan_Qwen_pdf2_rigsby_curated_v1_summary_tables_jpg.jsonl	6135ba7ddf1743edac0c233ad32837023061f77744c83bd9ce66fe3f501a2d27	6135ba7ddf1743edac0c233ad32837023061f77744c83bd9ce66fe3f501a2d27
results/results_gitksan_Qwen_pdf2_rigsby_newmaterials_summary_tables_txt.jsonl	results/curated_v1/qwen3/gitksan/pdf2_rigsby/original/results_gitksan_Qwen_pdf2_rigsby_curated_v1_summary_tables_txt.jsonl	3225902ba8ad2f1f760d917e4481396b570a97eae9476af5a72e6da24e145330	3225902ba8ad2f1f760d917e4481396b570a97eae9476af5a72e6da24e145330
results/results_gitksan_Qwen_pdf2_rigsby_newmaterials_summary_text_txt.jsonl	results/curated_v1/qwen3/gitksan/pdf2_rigsby/original/results_gitksan_Qwen_pdf2_rigsby_curated_v1_summary_text_txt.jsonl	7dd7cf0b50a1ce51790728ea13627cecb0d8b009cd638b98590ec8451785bb1b	7dd7cf0b50a1ce51790728ea13627cecb0d8b009cd638b98590ec8451785bb1b
results/results_gitksan_Qwen_pdf2_rigsby_pdfpages_all_jpg.jsonl	results/legacy/qwen3/gitksan/pdf2_rigsby/original/results_gitksan_Qwen_pdf2_rigsby_pdfpages_all_jpg.jsonl	4516bb32939c04eedce7f8ff93d721e5f2837110f32a2352138dc9ccb08adfc2	4516bb32939c04eedce7f8ff93d721e5f2837110f32a2352138dc9ccb08adfc2
results/results_gitksan_Qwen_pdf2_rigsby_summary_tables.jsonl	results/legacy/qwen3/gitksan/pdf2_rigsby/original/results_gitksan_Qwen_pdf2_rigsby_summary_tables.jsonl	f1039a9cbab7e36269aeab81097193a8ce96c25b621b2cfc880dab7d47818ea1	f1039a9cbab7e36269aeab81097193a8ce96c25b621b2cfc880dab7d47818ea1
results/results_gitksan_Qwen_pdf2_rigsby_summary_text.jsonl	results/legacy/qwen3/gitksan/pdf2_rigsby/original/results_gitksan_Qwen_pdf2_rigsby_summary_text.jsonl	9ce4da46970ebf7a4fd482652bfe83e7ec21cebe3f442d96ec67352ead84b8bf	9ce4da46970ebf7a4fd482652bfe83e7ec21cebe3f442d96ec67352ead84b8bf
results/results_lezgi_Apertus.jsonl	results/baseline/apertus/lezgi/grammar/original/results_lezgi_Apertus.jsonl	61f67ba681994eb969334f50eac4b250e83cbf6c346a16ea9162a1df2dc1fb6c	61f67ba681994eb969334f50eac4b250e83cbf6c346a16ea9162a1df2dc1fb6c
results/results_lezgi_Llama_3.1.jsonl	results/baseline/llama/lezgi/grammar/original/results_lezgi_Llama_3.1.jsonl	5cf5b12da47ef19ffc40f6dee856d016e453414479fb3826a9ff70f745058420	5cf5b12da47ef19ffc40f6dee856d016e453414479fb3826a9ff70f745058420
results/results_lezgi_ModelGloss_Apertus.jsonl	results/baseline/apertus/lezgi/grammar/original/results_lezgi_ModelGloss_Apertus.jsonl	190eeed390ed5bb05636247bfe9b8d9b3774ee06032754f00dea7ab7e2dacf90	190eeed390ed5bb05636247bfe9b8d9b3774ee06032754f00dea7ab7e2dacf90
results/results_lezgi_ModelGloss_Llama_3.1.jsonl	results/baseline/llama/lezgi/grammar/original/results_lezgi_ModelGloss_Llama_3.1.jsonl	0ce8d3e795badbdbf76244e85374e15f4a454a6f4456708ab512cccf899a33c1	0ce8d3e795badbdbf76244e85374e15f4a454a6f4456708ab512cccf899a33c1
results/results_lezgi_ModelGloss_Qwen.jsonl	results/baseline/qwen3/lezgi/grammar/original/results_lezgi_ModelGloss_Qwen.jsonl	8a3dff3cdd4f6ffb59cce0eff93ceb2575740eaae282fefd6c707a095c12037d	8a3dff3cdd4f6ffb59cce0eff93ceb2575740eaae282fefd6c707a095c12037d
results/results_lezgi_Qwen.jsonl	results/baseline/qwen3/lezgi/grammar/original/results_lezgi_Qwen.jsonl	54992ac31612160665f7de940b6bc35a24626007d39785b9130b34b84983bd87	54992ac31612160665f7de940b6bc35a24626007d39785b9130b34b84983bd87
results/results_lezgi_Qwen35_ModelGloss_grammar_cheatsheet.jsonl	results/legacy/qwen35/lezgi/grammar/original/results_lezgi_Qwen35_ModelGloss_grammar_cheatsheet.jsonl	be3ee5520eb12b7fa18cb7865a0aaa0e50123884b38f73b599e6c3ef38157f11	be3ee5520eb12b7fa18cb7865a0aaa0e50123884b38f73b599e6c3ef38157f11
results/results_lezgi_Qwen35_ModelGloss_grammar_pdfpages_impactful_jpg.jsonl	results/legacy/qwen35/lezgi/grammar/original/results_lezgi_Qwen35_ModelGloss_grammar_pdfpages_impactful_jpg.jsonl	e38ddef2f0c1e8231801b0f8a1349f3d1d8fa0396ba621a2abc177c90f0b3f3e	e38ddef2f0c1e8231801b0f8a1349f3d1d8fa0396ba621a2abc177c90f0b3f3e
results/results_lezgi_Qwen35_ModelGloss_grammar_summary_tables.jsonl	results/legacy/qwen35/lezgi/grammar/original/results_lezgi_Qwen35_ModelGloss_grammar_summary_tables.jsonl	d728e4457efbfae95331d7b3a9be7068b3b45a98e3b69c9e2d95743b1c17c3ab	d728e4457efbfae95331d7b3a9be7068b3b45a98e3b69c9e2d95743b1c17c3ab
results/results_lezgi_Qwen35_ModelGloss_grammar_summary_text.jsonl	results/legacy/qwen35/lezgi/grammar/original/results_lezgi_Qwen35_ModelGloss_grammar_summary_text.jsonl	b5d53acb422ec7927c402da4596e1721cf6f7741c3a88492f633aee11cf37ce1	b5d53acb422ec7927c402da4596e1721cf6f7741c3a88492f633aee11cf37ce1
results/results_lezgi_Qwen35_ModelGloss_newmaterials_cheatsheet_jpg.jsonl	results/curated_v1/qwen35/lezgi/grammar/original/results_lezgi_Qwen35_ModelGloss_curated_v1_cheatsheet_jpg.jsonl	2750b91bc49ba8fe30bcfcd2bc01570181a6e86d0c5ffd0d5677eb2f3698200c	2750b91bc49ba8fe30bcfcd2bc01570181a6e86d0c5ffd0d5677eb2f3698200c
results/results_lezgi_Qwen35_ModelGloss_newmaterials_cheatsheet_md.jsonl	results/curated_v1/qwen35/lezgi/grammar/original/results_lezgi_Qwen35_ModelGloss_curated_v1_cheatsheet_md.jsonl	111a85be5f93824fdb44c9307d7dad2839428f99298d74cba38da836a19c92e1	111a85be5f93824fdb44c9307d7dad2839428f99298d74cba38da836a19c92e1
results/results_lezgi_Qwen35_ModelGloss_newmaterials_cheatsheet_txt.jsonl	results/curated_v1/qwen35/lezgi/grammar/original/results_lezgi_Qwen35_ModelGloss_curated_v1_cheatsheet_txt.jsonl	11ec79cf2b5b3c0550f6962c8d7ff421de79d74c958c7b718cdf61a993c12500	11ec79cf2b5b3c0550f6962c8d7ff421de79d74c958c7b718cdf61a993c12500
results/results_lezgi_Qwen35_ModelGloss_newmaterials_cyrillic_cheatsheet_jpg.jsonl	results/curated_v1/qwen35/lezgi/grammar/cyrillic/results_lezgi_Qwen35_ModelGloss_curated_v1_cyrillic_cheatsheet_jpg.jsonl	044c986bccca2752770a1c7a077ae43656cae1ff47d0f95f095238aa72664d7f	044c986bccca2752770a1c7a077ae43656cae1ff47d0f95f095238aa72664d7f
results/results_lezgi_Qwen35_ModelGloss_newmaterials_cyrillic_cheatsheet_txt.jsonl	results/curated_v1/qwen35/lezgi/grammar/cyrillic/results_lezgi_Qwen35_ModelGloss_curated_v1_cyrillic_cheatsheet_txt.jsonl	34ab79ca6e8bd8b43c63634c619f4c70ec484b5340bd9341abf709d08caacb8a	34ab79ca6e8bd8b43c63634c619f4c70ec484b5340bd9341abf709d08caacb8a
results/results_lezgi_Qwen35_ModelGloss_newmaterials_cyrillic_summary_tables_jpg.jsonl	results/curated_v1/qwen35/lezgi/grammar/cyrillic/results_lezgi_Qwen35_ModelGloss_curated_v1_cyrillic_summary_tables_jpg.jsonl	706ae9b0770d26b36606fcc3c7405d8c18cba8a4a25b3c4b4a238571348d78be	706ae9b0770d26b36606fcc3c7405d8c18cba8a4a25b3c4b4a238571348d78be
results/results_lezgi_Qwen35_ModelGloss_newmaterials_cyrillic_summary_tables_txt.jsonl	results/curated_v1/qwen35/lezgi/grammar/cyrillic/results_lezgi_Qwen35_ModelGloss_curated_v1_cyrillic_summary_tables_txt.jsonl	4b58401e1f2b75da2dfe890983a06ed82a9d32b7b0a17f436a22475c731e555d	4b58401e1f2b75da2dfe890983a06ed82a9d32b7b0a17f436a22475c731e555d
results/results_lezgi_Qwen35_ModelGloss_newmaterials_cyrillic_summary_text_txt.jsonl	results/curated_v1/qwen35/lezgi/grammar/cyrillic/results_lezgi_Qwen35_ModelGloss_curated_v1_cyrillic_summary_text_txt.jsonl	fd12f3b68ecf1ed4b3d98b4d358a5e9d43a2b0a3ad6e14a3985047b1d7870b7c	fd12f3b68ecf1ed4b3d98b4d358a5e9d43a2b0a3ad6e14a3985047b1d7870b7c
results/results_lezgi_Qwen35_ModelGloss_newmaterials_pdfpages_impactful_jpg.jsonl	results/curated_v1/qwen35/lezgi/grammar/original/results_lezgi_Qwen35_ModelGloss_curated_v1_pdfpages_impactful_jpg.jsonl	da36d042f1aa7806b3d5cf920397e1326f837429b6275033eda778c722da0233	da36d042f1aa7806b3d5cf920397e1326f837429b6275033eda778c722da0233
results/results_lezgi_Qwen35_ModelGloss_newmaterials_summary_tables_jpg.jsonl	results/curated_v1/qwen35/lezgi/grammar/original/results_lezgi_Qwen35_ModelGloss_curated_v1_summary_tables_jpg.jsonl	3630f541e2d244bb45dcc4a49d5135d838c9263f6b0c9d3147cc7b6997aed416	3630f541e2d244bb45dcc4a49d5135d838c9263f6b0c9d3147cc7b6997aed416
results/results_lezgi_Qwen35_ModelGloss_newmaterials_summary_tables_md.jsonl	results/curated_v1/qwen35/lezgi/grammar/original/results_lezgi_Qwen35_ModelGloss_curated_v1_summary_tables_md.jsonl	88bc2d4beddc16d926aa6dabb3113edc5c83aa487ed542ddc88d4a56e3ddd70d	88bc2d4beddc16d926aa6dabb3113edc5c83aa487ed542ddc88d4a56e3ddd70d
results/results_lezgi_Qwen35_ModelGloss_newmaterials_summary_tables_txt.jsonl	results/curated_v1/qwen35/lezgi/grammar/original/results_lezgi_Qwen35_ModelGloss_curated_v1_summary_tables_txt.jsonl	af852ba908826f2fd1f81fd78ce0c9cc559248250b8f6af10a0e8e8ed0b9310a	af852ba908826f2fd1f81fd78ce0c9cc559248250b8f6af10a0e8e8ed0b9310a
results/results_lezgi_Qwen35_ModelGloss_newmaterials_summary_text_md.jsonl	results/curated_v1/qwen35/lezgi/grammar/original/results_lezgi_Qwen35_ModelGloss_curated_v1_summary_text_md.jsonl	7ebdab1d7d1f11849cdcd5e8bd7b59f7504650992b9cfc00e89ec9fdb426039b	7ebdab1d7d1f11849cdcd5e8bd7b59f7504650992b9cfc00e89ec9fdb426039b
results/results_lezgi_Qwen35_ModelGloss_newmaterials_summary_text_txt.jsonl	results/curated_v1/qwen35/lezgi/grammar/original/results_lezgi_Qwen35_ModelGloss_curated_v1_summary_text_txt.jsonl	b2f133d339ca1905b8bebbcd7152a0efd017e5fb0426c1218c62fcfb912a9d0a	b2f133d339ca1905b8bebbcd7152a0efd017e5fb0426c1218c62fcfb912a9d0a
results/results_lezgi_Qwen35_grammar_cheatsheet.jsonl	results/legacy/qwen35/lezgi/grammar/original/results_lezgi_Qwen35_grammar_cheatsheet.jsonl	26457346e115dd2f5b6f587305c7a1ff912694bef3cefb70ff307b0cd45ed6d4	26457346e115dd2f5b6f587305c7a1ff912694bef3cefb70ff307b0cd45ed6d4
results/results_lezgi_Qwen35_grammar_pdfpages_all_jpg.jsonl	results/legacy/qwen35/lezgi/grammar/original/results_lezgi_Qwen35_grammar_pdfpages_all_jpg.jsonl	e3b0c44298fc1c149afbf4c8996fb92427ae41e4649b934ca495991b7852b855	e3b0c44298fc1c149afbf4c8996fb92427ae41e4649b934ca495991b7852b855
results/results_lezgi_Qwen35_grammar_pdfpages_impactful_jpg.jsonl	results/legacy/qwen35/lezgi/grammar/original/results_lezgi_Qwen35_grammar_pdfpages_impactful_jpg.jsonl	654139951d8bc51521221564a34410b81d09fcce271705a99371c7bd2ad75763	654139951d8bc51521221564a34410b81d09fcce271705a99371c7bd2ad75763
results/results_lezgi_Qwen35_grammar_summary_tables.jsonl	results/legacy/qwen35/lezgi/grammar/original/results_lezgi_Qwen35_grammar_summary_tables.jsonl	521fe30c74ee4c1808291fd45f37fcf0db891172e2e038e0e8a1489d2920b296	521fe30c74ee4c1808291fd45f37fcf0db891172e2e038e0e8a1489d2920b296
results/results_lezgi_Qwen35_grammar_summary_text.jsonl	results/legacy/qwen35/lezgi/grammar/original/results_lezgi_Qwen35_grammar_summary_text.jsonl	d01b266c007275cc57e1422c53d131daaf5a359bfe176af186d409904291b23b	d01b266c007275cc57e1422c53d131daaf5a359bfe176af186d409904291b23b
results/results_lezgi_Qwen35_newmaterials_cheatsheet_jpg.jsonl	results/curated_v1/qwen35/lezgi/grammar/original/results_lezgi_Qwen35_curated_v1_cheatsheet_jpg.jsonl	c07b277ca4c2362ce52390bccb1a32c39c36c5f8cc2859a2adb617618c976e0c	c07b277ca4c2362ce52390bccb1a32c39c36c5f8cc2859a2adb617618c976e0c
results/results_lezgi_Qwen35_newmaterials_cheatsheet_md.jsonl	results/curated_v1/qwen35/lezgi/grammar/original/results_lezgi_Qwen35_curated_v1_cheatsheet_md.jsonl	2df52524cfe27328902c986e45b18674bbdcef3aaf22fdcd1ba63cd82bc4340e	2df52524cfe27328902c986e45b18674bbdcef3aaf22fdcd1ba63cd82bc4340e
results/results_lezgi_Qwen35_newmaterials_cheatsheet_txt.jsonl	results/curated_v1/qwen35/lezgi/grammar/original/results_lezgi_Qwen35_curated_v1_cheatsheet_txt.jsonl	8a2b45310c3d7a2f77ff6dfe51f866f67e13ea38b834ed742c3c13b786ba7519	8a2b45310c3d7a2f77ff6dfe51f866f67e13ea38b834ed742c3c13b786ba7519
results/results_lezgi_Qwen35_newmaterials_cyrillic_cheatsheet_jpg.jsonl	results/curated_v1/qwen35/lezgi/grammar/cyrillic/results_lezgi_Qwen35_curated_v1_cyrillic_cheatsheet_jpg.jsonl	cc3d53012e35e1d4dfa8ec83f3c6b3dc2c556fae022bf77d368c1f4e7d46f5a0	cc3d53012e35e1d4dfa8ec83f3c6b3dc2c556fae022bf77d368c1f4e7d46f5a0
results/results_lezgi_Qwen35_newmaterials_cyrillic_cheatsheet_txt.jsonl	results/curated_v1/qwen35/lezgi/grammar/cyrillic/results_lezgi_Qwen35_curated_v1_cyrillic_cheatsheet_txt.jsonl	435256515565df134b40a0fb3d632255bd2466c38066cbbada2baca6a5f89b5c	435256515565df134b40a0fb3d632255bd2466c38066cbbada2baca6a5f89b5c
results/results_lezgi_Qwen35_newmaterials_cyrillic_summary_tables_jpg.jsonl	results/curated_v1/qwen35/lezgi/grammar/cyrillic/results_lezgi_Qwen35_curated_v1_cyrillic_summary_tables_jpg.jsonl	2a9916a62fdf0b26b8cbc7885088a545c9920a7cad87a09f837372659d6cac77	2a9916a62fdf0b26b8cbc7885088a545c9920a7cad87a09f837372659d6cac77
results/results_lezgi_Qwen35_newmaterials_cyrillic_summary_tables_txt.jsonl	results/curated_v1/qwen35/lezgi/grammar/cyrillic/results_lezgi_Qwen35_curated_v1_cyrillic_summary_tables_txt.jsonl	40679b5d7bbb29db7063379a4e6c4ba55ec386470759c13a55419d22c1cec037	40679b5d7bbb29db7063379a4e6c4ba55ec386470759c13a55419d22c1cec037
results/results_lezgi_Qwen35_newmaterials_cyrillic_summary_text_txt.jsonl	results/curated_v1/qwen35/lezgi/grammar/cyrillic/results_lezgi_Qwen35_curated_v1_cyrillic_summary_text_txt.jsonl	4494931b2c4eb4b07044a808d49a0dd1481e5925e24e8934ec863a341e8bfbc9	4494931b2c4eb4b07044a808d49a0dd1481e5925e24e8934ec863a341e8bfbc9
results/results_lezgi_Qwen35_newmaterials_pdfpages_impactful_jpg.jsonl	results/curated_v1/qwen35/lezgi/grammar/original/results_lezgi_Qwen35_curated_v1_pdfpages_impactful_jpg.jsonl	03823a05604a18f6f199e2e226ff4b178df943d505a1b35fe9a0b12420ce5d59	03823a05604a18f6f199e2e226ff4b178df943d505a1b35fe9a0b12420ce5d59
results/results_lezgi_Qwen35_newmaterials_summary_tables_jpg.jsonl	results/curated_v1/qwen35/lezgi/grammar/original/results_lezgi_Qwen35_curated_v1_summary_tables_jpg.jsonl	8227a665016070f4794dea82a68d8fdb6d9cf7001cc37a5ab4cd1200f3a4e326	8227a665016070f4794dea82a68d8fdb6d9cf7001cc37a5ab4cd1200f3a4e326
results/results_lezgi_Qwen35_newmaterials_summary_tables_md.jsonl	results/curated_v1/qwen35/lezgi/grammar/original/results_lezgi_Qwen35_curated_v1_summary_tables_md.jsonl	fb4d723d8613b6b42474ade121fe360e3e224a471b7d4d6874ae61485ce2a2cb	fb4d723d8613b6b42474ade121fe360e3e224a471b7d4d6874ae61485ce2a2cb
results/results_lezgi_Qwen35_newmaterials_summary_tables_txt.jsonl	results/curated_v1/qwen35/lezgi/grammar/original/results_lezgi_Qwen35_curated_v1_summary_tables_txt.jsonl	0fe42f4bccde992f6b28916a3b62b9e07ac45f87a245486089811247d98e3a4e	0fe42f4bccde992f6b28916a3b62b9e07ac45f87a245486089811247d98e3a4e
results/results_lezgi_Qwen35_newmaterials_summary_text_md.jsonl	results/curated_v1/qwen35/lezgi/grammar/original/results_lezgi_Qwen35_curated_v1_summary_text_md.jsonl	2fb9bb6e6d297c13fe9c9f9646aa213a29bb281960d56852c5e6ab95f9c35685	2fb9bb6e6d297c13fe9c9f9646aa213a29bb281960d56852c5e6ab95f9c35685
results/results_lezgi_Qwen35_newmaterials_summary_text_txt.jsonl	results/curated_v1/qwen35/lezgi/grammar/original/results_lezgi_Qwen35_curated_v1_summary_text_txt.jsonl	2e9117776461c648d2fb8b180b27c51b99b975201d783274c9f516fba00e29fe	2e9117776461c648d2fb8b180b27c51b99b975201d783274c9f516fba00e29fe
results/results_lezgi_Qwen_ModelGloss_grammar_cheatsheet.jsonl	results/legacy/qwen3/lezgi/grammar/original/results_lezgi_Qwen_ModelGloss_grammar_cheatsheet.jsonl	ffcb441b4488eb9f9c6a4d61fc2b137e75f952a0c778b0e20e918e91c92bbbee	ffcb441b4488eb9f9c6a4d61fc2b137e75f952a0c778b0e20e918e91c92bbbee
results/results_lezgi_Qwen_ModelGloss_grammar_pdfpages_all_jpg.jsonl	results/legacy/qwen3/lezgi/grammar/original/results_lezgi_Qwen_ModelGloss_grammar_pdfpages_all_jpg.jsonl	e3b0c44298fc1c149afbf4c8996fb92427ae41e4649b934ca495991b7852b855	e3b0c44298fc1c149afbf4c8996fb92427ae41e4649b934ca495991b7852b855
results/results_lezgi_Qwen_ModelGloss_grammar_pdfpages_impactful_jpg.jsonl	results/legacy/qwen3/lezgi/grammar/original/results_lezgi_Qwen_ModelGloss_grammar_pdfpages_impactful_jpg.jsonl	fa32d236b040cf67e53dbbeda7061f301558f49d2a04e0f4949e53681e5ef410	fa32d236b040cf67e53dbbeda7061f301558f49d2a04e0f4949e53681e5ef410
results/results_lezgi_Qwen_ModelGloss_grammar_summary_tables.jsonl	results/legacy/qwen3/lezgi/grammar/original/results_lezgi_Qwen_ModelGloss_grammar_summary_tables.jsonl	ef29773b6358c110d9ef74bd4a1d07c24e0f5cd90ed5f90362ba3b159c3896c9	ef29773b6358c110d9ef74bd4a1d07c24e0f5cd90ed5f90362ba3b159c3896c9
results/results_lezgi_Qwen_ModelGloss_grammar_summary_text.jsonl	results/legacy/qwen3/lezgi/grammar/original/results_lezgi_Qwen_ModelGloss_grammar_summary_text.jsonl	4c8dc43e4ab6e5931ff63b51f36d8f35cfe1e31b1e76132fa5957206ed37efef	4c8dc43e4ab6e5931ff63b51f36d8f35cfe1e31b1e76132fa5957206ed37efef
results/results_lezgi_Qwen_ModelGloss_newmaterials_cheatsheet_jpg.jsonl	results/curated_v1/qwen3/lezgi/grammar/original/results_lezgi_Qwen_ModelGloss_curated_v1_cheatsheet_jpg.jsonl	3df35c70b3ee971e5fd0667bd324ace8d4be4fae699c98a2cb613dc26823f188	3df35c70b3ee971e5fd0667bd324ace8d4be4fae699c98a2cb613dc26823f188
results/results_lezgi_Qwen_ModelGloss_newmaterials_cheatsheet_md.jsonl	results/curated_v1/qwen3/lezgi/grammar/original/results_lezgi_Qwen_ModelGloss_curated_v1_cheatsheet_md.jsonl	39a11b89c4f4b25000fd2b3c0fca8934570c6addd34f5e08dc75dd913698b213	39a11b89c4f4b25000fd2b3c0fca8934570c6addd34f5e08dc75dd913698b213
results/results_lezgi_Qwen_ModelGloss_newmaterials_cheatsheet_txt.jsonl	results/curated_v1/qwen3/lezgi/grammar/original/results_lezgi_Qwen_ModelGloss_curated_v1_cheatsheet_txt.jsonl	08b5fe1221087d1960762745bb2b7d51d3a268c4a3957b10b570b15f4f4d1f1d	08b5fe1221087d1960762745bb2b7d51d3a268c4a3957b10b570b15f4f4d1f1d
results/results_lezgi_Qwen_ModelGloss_newmaterials_cyrillic_cheatsheet_jpg.jsonl	results/curated_v1/qwen3/lezgi/grammar/cyrillic/results_lezgi_Qwen_ModelGloss_curated_v1_cyrillic_cheatsheet_jpg.jsonl	2f6b9e21395fdad06a106d5f6e768f8e1c757acfdc6659ed939b1e9720bdd575	2f6b9e21395fdad06a106d5f6e768f8e1c757acfdc6659ed939b1e9720bdd575
results/results_lezgi_Qwen_ModelGloss_newmaterials_cyrillic_cheatsheet_txt.jsonl	results/curated_v1/qwen3/lezgi/grammar/cyrillic/results_lezgi_Qwen_ModelGloss_curated_v1_cyrillic_cheatsheet_txt.jsonl	7aa7f03c36bd86592ce0c0560ae56e650674fc601d342542362dcb2015f271c1	7aa7f03c36bd86592ce0c0560ae56e650674fc601d342542362dcb2015f271c1
results/results_lezgi_Qwen_ModelGloss_newmaterials_cyrillic_summary_tables_jpg.jsonl	results/curated_v1/qwen3/lezgi/grammar/cyrillic/results_lezgi_Qwen_ModelGloss_curated_v1_cyrillic_summary_tables_jpg.jsonl	7fd26ec3c9162604c0c55ea0a74e5ec57195d40d9d742cc0bf901a077cef01e9	7fd26ec3c9162604c0c55ea0a74e5ec57195d40d9d742cc0bf901a077cef01e9
results/results_lezgi_Qwen_ModelGloss_newmaterials_cyrillic_summary_tables_txt.jsonl	results/curated_v1/qwen3/lezgi/grammar/cyrillic/results_lezgi_Qwen_ModelGloss_curated_v1_cyrillic_summary_tables_txt.jsonl	4d295e2642975d5ab005d51ef0c27b15f9c1c56a470b931c0fedefc3e99e4a82	4d295e2642975d5ab005d51ef0c27b15f9c1c56a470b931c0fedefc3e99e4a82
results/results_lezgi_Qwen_ModelGloss_newmaterials_cyrillic_summary_text_txt.jsonl	results/curated_v1/qwen3/lezgi/grammar/cyrillic/results_lezgi_Qwen_ModelGloss_curated_v1_cyrillic_summary_text_txt.jsonl	b0b3e0d6f30bdff0e113f13489e45e2aab926a36b6b00fb645d1f1caf8fade20	b0b3e0d6f30bdff0e113f13489e45e2aab926a36b6b00fb645d1f1caf8fade20
results/results_lezgi_Qwen_ModelGloss_newmaterials_pdfpages_impactful_jpg.jsonl	results/curated_v1/qwen3/lezgi/grammar/original/results_lezgi_Qwen_ModelGloss_curated_v1_pdfpages_impactful_jpg.jsonl	1e8d54b2c94fa96e05668898181be0c7c73b42f6ff2c22b619801a56c3f806e2	1e8d54b2c94fa96e05668898181be0c7c73b42f6ff2c22b619801a56c3f806e2
results/results_lezgi_Qwen_ModelGloss_newmaterials_summary_tables_jpg.jsonl	results/curated_v1/qwen3/lezgi/grammar/original/results_lezgi_Qwen_ModelGloss_curated_v1_summary_tables_jpg.jsonl	2b1f4482c1a4f46bd624c8c1c8babffc221aa53cd340c7d19d2c39dabd4df640	2b1f4482c1a4f46bd624c8c1c8babffc221aa53cd340c7d19d2c39dabd4df640
results/results_lezgi_Qwen_ModelGloss_newmaterials_summary_tables_md.jsonl	results/curated_v1/qwen3/lezgi/grammar/original/results_lezgi_Qwen_ModelGloss_curated_v1_summary_tables_md.jsonl	16794c4872bdd6ff04ee197bfa30f11a29602a1f490922bf08bed174dfde8c5d	16794c4872bdd6ff04ee197bfa30f11a29602a1f490922bf08bed174dfde8c5d
results/results_lezgi_Qwen_ModelGloss_newmaterials_summary_tables_txt.jsonl	results/curated_v1/qwen3/lezgi/grammar/original/results_lezgi_Qwen_ModelGloss_curated_v1_summary_tables_txt.jsonl	1bdbdf8a96da640d48583a5e2690cd466dbe8c86c64fbf18880733c32a2b6ea0	1bdbdf8a96da640d48583a5e2690cd466dbe8c86c64fbf18880733c32a2b6ea0
results/results_lezgi_Qwen_ModelGloss_newmaterials_summary_text_md.jsonl	results/curated_v1/qwen3/lezgi/grammar/original/results_lezgi_Qwen_ModelGloss_curated_v1_summary_text_md.jsonl	29061166d9d4239e0e489556e524e086ad7231d06df6be39175a1e1079cc88b7	29061166d9d4239e0e489556e524e086ad7231d06df6be39175a1e1079cc88b7
results/results_lezgi_Qwen_ModelGloss_newmaterials_summary_text_txt.jsonl	results/curated_v1/qwen3/lezgi/grammar/original/results_lezgi_Qwen_ModelGloss_curated_v1_summary_text_txt.jsonl	0cabd8cf12d4341cd3740fdd7e39ca2f3475da9a965bd2ee11f179593fee4eb1	0cabd8cf12d4341cd3740fdd7e39ca2f3475da9a965bd2ee11f179593fee4eb1
results/results_lezgi_Qwen_grammar_cheatsheet.jsonl	results/legacy/qwen3/lezgi/grammar/original/results_lezgi_Qwen_grammar_cheatsheet.jsonl	e3844453f391cb09c7663b99a5cd9d8c846826b7ff09e6ec873f1c020dfe3967	e3844453f391cb09c7663b99a5cd9d8c846826b7ff09e6ec873f1c020dfe3967
results/results_lezgi_Qwen_grammar_pdfpages_all_jpg.jsonl	results/legacy/qwen3/lezgi/grammar/original/results_lezgi_Qwen_grammar_pdfpages_all_jpg.jsonl	e3b0c44298fc1c149afbf4c8996fb92427ae41e4649b934ca495991b7852b855	e3b0c44298fc1c149afbf4c8996fb92427ae41e4649b934ca495991b7852b855
results/results_lezgi_Qwen_grammar_pdfpages_impactful_jpg.jsonl	results/legacy/qwen3/lezgi/grammar/original/results_lezgi_Qwen_grammar_pdfpages_impactful_jpg.jsonl	5adc3a8f438ff311447dcc9a98ad200aa31c4d562f6e8884577ede6893d8cbb3	5adc3a8f438ff311447dcc9a98ad200aa31c4d562f6e8884577ede6893d8cbb3
results/results_lezgi_Qwen_grammar_summary_tables.jsonl	results/legacy/qwen3/lezgi/grammar/original/results_lezgi_Qwen_grammar_summary_tables.jsonl	60eebf7edd9833bdbb910ef591e9e91aa0169ebb0beb1ecc68ce7d6b8c783e8d	60eebf7edd9833bdbb910ef591e9e91aa0169ebb0beb1ecc68ce7d6b8c783e8d
results/results_lezgi_Qwen_grammar_summary_text.jsonl	results/legacy/qwen3/lezgi/grammar/original/results_lezgi_Qwen_grammar_summary_text.jsonl	06b543acd5ec31b5b70a7dfbd58aae3153de25fb0544acbaafe70cc3ea574073	06b543acd5ec31b5b70a7dfbd58aae3153de25fb0544acbaafe70cc3ea574073
results/results_lezgi_Qwen_newmaterials_cheatsheet_jpg.jsonl	results/curated_v1/qwen3/lezgi/grammar/original/results_lezgi_Qwen_curated_v1_cheatsheet_jpg.jsonl	8053ddb2d85cc2ba419334a067201de7ed940a1997d3f7d8c88ed312c6b93c86	8053ddb2d85cc2ba419334a067201de7ed940a1997d3f7d8c88ed312c6b93c86
results/results_lezgi_Qwen_newmaterials_cheatsheet_md.jsonl	results/curated_v1/qwen3/lezgi/grammar/original/results_lezgi_Qwen_curated_v1_cheatsheet_md.jsonl	2e750ace7c835adfda5d33c10c1f64ff5b9653c05e4877591f842c37d158b59f	2e750ace7c835adfda5d33c10c1f64ff5b9653c05e4877591f842c37d158b59f
results/results_lezgi_Qwen_newmaterials_cheatsheet_txt.jsonl	results/curated_v1/qwen3/lezgi/grammar/original/results_lezgi_Qwen_curated_v1_cheatsheet_txt.jsonl	1636c6f97e373905f225c92812c4d0a096ba06b4724c403f04dcfcbdba3c3f85	1636c6f97e373905f225c92812c4d0a096ba06b4724c403f04dcfcbdba3c3f85
results/results_lezgi_Qwen_newmaterials_cyrillic_cheatsheet_jpg.jsonl	results/curated_v1/qwen3/lezgi/grammar/cyrillic/results_lezgi_Qwen_curated_v1_cyrillic_cheatsheet_jpg.jsonl	0f649eed93aa798eeaa32f9e82c378324d8b038370835ffac896169673738019	0f649eed93aa798eeaa32f9e82c378324d8b038370835ffac896169673738019
results/results_lezgi_Qwen_newmaterials_cyrillic_cheatsheet_txt.jsonl	results/curated_v1/qwen3/lezgi/grammar/cyrillic/results_lezgi_Qwen_curated_v1_cyrillic_cheatsheet_txt.jsonl	9cb2751f194067ffaf06f7dfb7b195fb61cfa2e2b17866ec600cef4fc5ed173b	9cb2751f194067ffaf06f7dfb7b195fb61cfa2e2b17866ec600cef4fc5ed173b
results/results_lezgi_Qwen_newmaterials_cyrillic_summary_tables_jpg.jsonl	results/curated_v1/qwen3/lezgi/grammar/cyrillic/results_lezgi_Qwen_curated_v1_cyrillic_summary_tables_jpg.jsonl	1c5ff9aefabcf9bf9b60e7614049bb2379df6837c0c9c1725d599f2a4bc4e293	1c5ff9aefabcf9bf9b60e7614049bb2379df6837c0c9c1725d599f2a4bc4e293
results/results_lezgi_Qwen_newmaterials_cyrillic_summary_tables_txt.jsonl	results/curated_v1/qwen3/lezgi/grammar/cyrillic/results_lezgi_Qwen_curated_v1_cyrillic_summary_tables_txt.jsonl	2cbf78aa8a0582dfecf0efa6263e2c70caeb9acf2be25ad6d588b7d6229103e3	2cbf78aa8a0582dfecf0efa6263e2c70caeb9acf2be25ad6d588b7d6229103e3
results/results_lezgi_Qwen_newmaterials_cyrillic_summary_text_txt.jsonl	results/curated_v1/qwen3/lezgi/grammar/cyrillic/results_lezgi_Qwen_curated_v1_cyrillic_summary_text_txt.jsonl	c43275656714dcee50bea2dc1ed224cee23331c79a80f06b9ff86a5d6e6fdb71	c43275656714dcee50bea2dc1ed224cee23331c79a80f06b9ff86a5d6e6fdb71
results/results_lezgi_Qwen_newmaterials_pdfpages_impactful_jpg.jsonl	results/curated_v1/qwen3/lezgi/grammar/original/results_lezgi_Qwen_curated_v1_pdfpages_impactful_jpg.jsonl	b68e5bd1869427c0f3de5b4bd8318f7de00aa9e6368c3c60c0d03250453c3f74	b68e5bd1869427c0f3de5b4bd8318f7de00aa9e6368c3c60c0d03250453c3f74
results/results_lezgi_Qwen_newmaterials_summary_tables_jpg.jsonl	results/curated_v1/qwen3/lezgi/grammar/original/results_lezgi_Qwen_curated_v1_summary_tables_jpg.jsonl	b850bdc0f3ebbf033dfc2f5962f34009706e5628054310e4f12a2c1475bb7ed5	b850bdc0f3ebbf033dfc2f5962f34009706e5628054310e4f12a2c1475bb7ed5
results/results_lezgi_Qwen_newmaterials_summary_tables_md.jsonl	results/curated_v1/qwen3/lezgi/grammar/original/results_lezgi_Qwen_curated_v1_summary_tables_md.jsonl	397a13a63e6b723762368ed7f582e12f919fcddea088aebb8809607ec8f94f03	397a13a63e6b723762368ed7f582e12f919fcddea088aebb8809607ec8f94f03
results/results_lezgi_Qwen_newmaterials_summary_tables_txt.jsonl	results/curated_v1/qwen3/lezgi/grammar/original/results_lezgi_Qwen_curated_v1_summary_tables_txt.jsonl	be1b9b19a5697498ad5e063c9fc8f2b772702f49c1d5175d75cf968b73551723	be1b9b19a5697498ad5e063c9fc8f2b772702f49c1d5175d75cf968b73551723
results/results_lezgi_Qwen_newmaterials_summary_text_md.jsonl	results/curated_v1/qwen3/lezgi/grammar/original/results_lezgi_Qwen_curated_v1_summary_text_md.jsonl	8039381ab525f19419ec64ad2379ab836b6c0a00a1342d16d27fc07c8469d8ac	8039381ab525f19419ec64ad2379ab836b6c0a00a1342d16d27fc07c8469d8ac
results/results_lezgi_Qwen_newmaterials_summary_text_txt.jsonl	results/curated_v1/qwen3/lezgi/grammar/original/results_lezgi_Qwen_curated_v1_summary_text_txt.jsonl	006dce312c667004a058068995279f2bbb0036a570cb3243b321baee1024e611	006dce312c667004a058068995279f2bbb0036a570cb3243b321baee1024e611
results/results_natugu_Apertus.jsonl	results/baseline/apertus/natugu/grammar/original/results_natugu_Apertus.jsonl	7d085dff29264b8a892191252109cd2c6d189b82c42baa5e0969b97d49fed2b7	7d085dff29264b8a892191252109cd2c6d189b82c42baa5e0969b97d49fed2b7
results/results_natugu_Llama_3.1.jsonl	results/baseline/llama/natugu/grammar/original/results_natugu_Llama_3.1.jsonl	aab94fd126b926465f39828af107b206b9d82de9f264a91d28e6a80bf008af5f	aab94fd126b926465f39828af107b206b9d82de9f264a91d28e6a80bf008af5f
results/results_natugu_ModelGloss_Apertus.jsonl	results/baseline/apertus/natugu/grammar/original/results_natugu_ModelGloss_Apertus.jsonl	32f31738f19b7a5490e557169ea94d407d818b4dc4d0367db105a092d9ed3e19	32f31738f19b7a5490e557169ea94d407d818b4dc4d0367db105a092d9ed3e19
results/results_natugu_ModelGloss_Llama_3.1.jsonl	results/baseline/llama/natugu/grammar/original/results_natugu_ModelGloss_Llama_3.1.jsonl	78c83028f36a86f1417ad90b3faa2244400a54fbd1de18f18005f7731e5d69f4	78c83028f36a86f1417ad90b3faa2244400a54fbd1de18f18005f7731e5d69f4
results/results_natugu_ModelGloss_Qwen.jsonl	results/baseline/qwen3/natugu/grammar/original/results_natugu_ModelGloss_Qwen.jsonl	d6c7bdec2638c67bf2731ac9cc7f6167c0fc9ff872b5f9b1b2a3136efbc26088	d6c7bdec2638c67bf2731ac9cc7f6167c0fc9ff872b5f9b1b2a3136efbc26088
results/results_natugu_Qwen.jsonl	results/baseline/qwen3/natugu/grammar/original/results_natugu_Qwen.jsonl	a437cb1ed610a2a10a707755b256527fc76e50e5e268d675389ae83dbd40c40c	a437cb1ed610a2a10a707755b256527fc76e50e5e268d675389ae83dbd40c40c
results/results_natugu_Qwen35_ModelGloss_newmaterials_cheatsheet_jpg.jsonl	results/curated_v1/qwen35/natugu/grammar/original/results_natugu_Qwen35_ModelGloss_curated_v1_cheatsheet_jpg.jsonl	621f617311bbc87ec873de87507027e75e93edbf309879bd0836c1cb7776dfe9	621f617311bbc87ec873de87507027e75e93edbf309879bd0836c1cb7776dfe9
results/results_natugu_Qwen35_ModelGloss_newmaterials_cheatsheet_txt.jsonl	results/curated_v1/qwen35/natugu/grammar/original/results_natugu_Qwen35_ModelGloss_curated_v1_cheatsheet_txt.jsonl	76956f130a1a0cf6b0875f56c570483722039db88ec83470c5dc2c7c78ffc38e	76956f130a1a0cf6b0875f56c570483722039db88ec83470c5dc2c7c78ffc38e
results/results_natugu_Qwen35_ModelGloss_newmaterials_pdfpages_impactful_jpg.jsonl	results/curated_v1/qwen35/natugu/grammar/original/results_natugu_Qwen35_ModelGloss_curated_v1_pdfpages_impactful_jpg.jsonl	af9a116031dcd02a929b73a6a586533c67f94e4b771bd150f1562b8306a54ecc	af9a116031dcd02a929b73a6a586533c67f94e4b771bd150f1562b8306a54ecc
results/results_natugu_Qwen35_ModelGloss_newmaterials_summary_tables_jpg.jsonl	results/curated_v1/qwen35/natugu/grammar/original/results_natugu_Qwen35_ModelGloss_curated_v1_summary_tables_jpg.jsonl	85fe836d74593c171ef6e821558dae30fc67df8f761a2700a28b06a46d04aa2c	85fe836d74593c171ef6e821558dae30fc67df8f761a2700a28b06a46d04aa2c
results/results_natugu_Qwen35_ModelGloss_newmaterials_summary_tables_md.jsonl	results/curated_v1/qwen35/natugu/grammar/original/results_natugu_Qwen35_ModelGloss_curated_v1_summary_tables_md.jsonl	9e96a2ae6dcddf5cbf5c01e4fedc03c0f76b8e986a538b10f3ba88acd3eeb3e1	9e96a2ae6dcddf5cbf5c01e4fedc03c0f76b8e986a538b10f3ba88acd3eeb3e1
results/results_natugu_Qwen35_ModelGloss_newmaterials_summary_tables_txt.jsonl	results/curated_v1/qwen35/natugu/grammar/original/results_natugu_Qwen35_ModelGloss_curated_v1_summary_tables_txt.jsonl	f294bf61bf4bbaa186537cfc612d2e9f07720da363e488a54f515df6c43d1b13	f294bf61bf4bbaa186537cfc612d2e9f07720da363e488a54f515df6c43d1b13
results/results_natugu_Qwen35_ModelGloss_newmaterials_summary_text_md.jsonl	results/curated_v1/qwen35/natugu/grammar/original/results_natugu_Qwen35_ModelGloss_curated_v1_summary_text_md.jsonl	59d8c917837bc850afe9dbdb62b20bccb38bc2b62a50f65b5c85023c2ee6a610	59d8c917837bc850afe9dbdb62b20bccb38bc2b62a50f65b5c85023c2ee6a610
results/results_natugu_Qwen35_ModelGloss_newmaterials_summary_text_txt.jsonl	results/curated_v1/qwen35/natugu/grammar/original/results_natugu_Qwen35_ModelGloss_curated_v1_summary_text_txt.jsonl	65fc912bcdcf428ddbd117e799e8a859c78fa8583c07b880e36fa29a3e365cf6	65fc912bcdcf428ddbd117e799e8a859c78fa8583c07b880e36fa29a3e365cf6
results/results_natugu_Qwen35_newmaterials_cheatsheet_jpg.jsonl	results/curated_v1/qwen35/natugu/grammar/original/results_natugu_Qwen35_curated_v1_cheatsheet_jpg.jsonl	93735dd29b8b4923d7c51e319424867cd93003a19d9a7aa65743d9c9b425cc21	93735dd29b8b4923d7c51e319424867cd93003a19d9a7aa65743d9c9b425cc21
results/results_natugu_Qwen35_newmaterials_cheatsheet_txt.jsonl	results/curated_v1/qwen35/natugu/grammar/original/results_natugu_Qwen35_curated_v1_cheatsheet_txt.jsonl	deb0e2838af4d7d32dbbb1bcd00681927de23e6a4a71869b95cb5c42fa3f0bff	deb0e2838af4d7d32dbbb1bcd00681927de23e6a4a71869b95cb5c42fa3f0bff
results/results_natugu_Qwen35_newmaterials_pdfpages_impactful_jpg.jsonl	results/curated_v1/qwen35/natugu/grammar/original/results_natugu_Qwen35_curated_v1_pdfpages_impactful_jpg.jsonl	f0af4c7647406a7f758e27923b5ca76eeab349c1a61ec1446f7fb29107bdedd1	f0af4c7647406a7f758e27923b5ca76eeab349c1a61ec1446f7fb29107bdedd1
results/results_natugu_Qwen35_newmaterials_summary_tables_jpg.jsonl	results/curated_v1/qwen35/natugu/grammar/original/results_natugu_Qwen35_curated_v1_summary_tables_jpg.jsonl	3cc27ad963d93a07a4b24304c77489c8fa106cb6611f5de83b7eb3c2e7fe6f8b	3cc27ad963d93a07a4b24304c77489c8fa106cb6611f5de83b7eb3c2e7fe6f8b
results/results_natugu_Qwen35_newmaterials_summary_tables_md.jsonl	results/curated_v1/qwen35/natugu/grammar/original/results_natugu_Qwen35_curated_v1_summary_tables_md.jsonl	37f133c6003f9b10c8fa1649d1e11b57c1a9801ee30fd3b76af9a0b1676833b2	37f133c6003f9b10c8fa1649d1e11b57c1a9801ee30fd3b76af9a0b1676833b2
results/results_natugu_Qwen35_newmaterials_summary_tables_txt.jsonl	results/curated_v1/qwen35/natugu/grammar/original/results_natugu_Qwen35_curated_v1_summary_tables_txt.jsonl	ae5e6d6c54cdaa6351fd0ef5ed73f468ebfbff1db287c5c18c43457a657dc1c0	ae5e6d6c54cdaa6351fd0ef5ed73f468ebfbff1db287c5c18c43457a657dc1c0
results/results_natugu_Qwen35_newmaterials_summary_text_md.jsonl	results/curated_v1/qwen35/natugu/grammar/original/results_natugu_Qwen35_curated_v1_summary_text_md.jsonl	b212e23147adfc27ebba100d4d503896c46c6d0d5b03f172ccf87b848e23c28a	b212e23147adfc27ebba100d4d503896c46c6d0d5b03f172ccf87b848e23c28a
results/results_natugu_Qwen35_newmaterials_summary_text_txt.jsonl	results/curated_v1/qwen35/natugu/grammar/original/results_natugu_Qwen35_curated_v1_summary_text_txt.jsonl	9774ebc671b1caf19a7a639c5548043524922a306a28526a7507968e024cb97b	9774ebc671b1caf19a7a639c5548043524922a306a28526a7507968e024cb97b
results/results_natugu_Qwen_ModelGloss_cheatsheet.jsonl	results/legacy/qwen3/natugu/grammar/original/results_natugu_Qwen_ModelGloss_cheatsheet.jsonl	34446cf1b18d18201ccda44bf5768326c99a280d5f2ed2a5b8a6c5e916b6e314	34446cf1b18d18201ccda44bf5768326c99a280d5f2ed2a5b8a6c5e916b6e314
results/results_natugu_Qwen_ModelGloss_newmaterials_cheatsheet_jpg.jsonl	results/curated_v1/qwen3/natugu/grammar/original/results_natugu_Qwen_ModelGloss_curated_v1_cheatsheet_jpg.jsonl	487a183609f1bff00d576c8b378609f5c3b12976bc0612d469b26b9b22d9f37c	487a183609f1bff00d576c8b378609f5c3b12976bc0612d469b26b9b22d9f37c
results/results_natugu_Qwen_ModelGloss_newmaterials_cheatsheet_txt.jsonl	results/curated_v1/qwen3/natugu/grammar/original/results_natugu_Qwen_ModelGloss_curated_v1_cheatsheet_txt.jsonl	00269d296069457e0a36ed813183ddba2b1f8403b190f93978e138fae17647fa	00269d296069457e0a36ed813183ddba2b1f8403b190f93978e138fae17647fa
results/results_natugu_Qwen_ModelGloss_newmaterials_pdfpages_impactful_jpg.jsonl	results/curated_v1/qwen3/natugu/grammar/original/results_natugu_Qwen_ModelGloss_curated_v1_pdfpages_impactful_jpg.jsonl	e3b0c44298fc1c149afbf4c8996fb92427ae41e4649b934ca495991b7852b855	e3b0c44298fc1c149afbf4c8996fb92427ae41e4649b934ca495991b7852b855
results/results_natugu_Qwen_ModelGloss_newmaterials_summary_tables_jpg.jsonl	results/curated_v1/qwen3/natugu/grammar/original/results_natugu_Qwen_ModelGloss_curated_v1_summary_tables_jpg.jsonl	7e2bfdb2ce7bc2dda8a98a6e0fa60e1ea2e9db01f49dc5840dc354a55bdadb23	7e2bfdb2ce7bc2dda8a98a6e0fa60e1ea2e9db01f49dc5840dc354a55bdadb23
results/results_natugu_Qwen_ModelGloss_newmaterials_summary_tables_md.jsonl	results/curated_v1/qwen3/natugu/grammar/original/results_natugu_Qwen_ModelGloss_curated_v1_summary_tables_md.jsonl	b04c6532bd7c28223d7a9479371fe3ec3c8143ae495eb2e44b02c74b0513a23c	b04c6532bd7c28223d7a9479371fe3ec3c8143ae495eb2e44b02c74b0513a23c
results/results_natugu_Qwen_ModelGloss_newmaterials_summary_tables_txt.jsonl	results/curated_v1/qwen3/natugu/grammar/original/results_natugu_Qwen_ModelGloss_curated_v1_summary_tables_txt.jsonl	e980083edae102dad6ab9bddd8ac49275f9eea34ec6fe61bc259f55e47fb5916	e980083edae102dad6ab9bddd8ac49275f9eea34ec6fe61bc259f55e47fb5916
results/results_natugu_Qwen_ModelGloss_newmaterials_summary_text_md.jsonl	results/curated_v1/qwen3/natugu/grammar/original/results_natugu_Qwen_ModelGloss_curated_v1_summary_text_md.jsonl	86402fccb57d41a4a62f88f221a8ce706fde34b9207a10ef5dc92ac8595a67be	86402fccb57d41a4a62f88f221a8ce706fde34b9207a10ef5dc92ac8595a67be
results/results_natugu_Qwen_ModelGloss_newmaterials_summary_text_txt.jsonl	results/curated_v1/qwen3/natugu/grammar/original/results_natugu_Qwen_ModelGloss_curated_v1_summary_text_txt.jsonl	bef71f76e82b262fcdc59b9946fa9579a0939b52ddc21c61844d5ce45eead778	bef71f76e82b262fcdc59b9946fa9579a0939b52ddc21c61844d5ce45eead778
results/results_natugu_Qwen_ModelGloss_pdfpages.jsonl	results/legacy/qwen3/natugu/grammar/original/results_natugu_Qwen_ModelGloss_pdfpages.jsonl	d1242555d3fd8ce7b47884300ba089c6e8b282198ed643b1c14d9d558a1b9560	d1242555d3fd8ce7b47884300ba089c6e8b282198ed643b1c14d9d558a1b9560
results/results_natugu_Qwen_ModelGloss_pdfpages_modelinput_all.jsonl	results/legacy/qwen3/natugu/grammar/original/results_natugu_Qwen_ModelGloss_pdfpages_modelinput_all.jsonl	06daf83459d99b78b9c730679101c8b75bd360eca3bae69227310f6349175587	06daf83459d99b78b9c730679101c8b75bd360eca3bae69227310f6349175587
results/results_natugu_Qwen_ModelGloss_pdfpages_original_all_2gpu.jsonl	results/legacy/qwen3/natugu/grammar/original/results_natugu_Qwen_ModelGloss_pdfpages_original_all_2gpu.jsonl	e3b0c44298fc1c149afbf4c8996fb92427ae41e4649b934ca495991b7852b855	e3b0c44298fc1c149afbf4c8996fb92427ae41e4649b934ca495991b7852b855
results/results_natugu_Qwen_ModelGloss_summary.jsonl	results/legacy/qwen3/natugu/grammar/original/results_natugu_Qwen_ModelGloss_summary.jsonl	6efdb6da01517e21831f752e1eb543ccbba3bd9607937423e3270de3e738e6f3	6efdb6da01517e21831f752e1eb543ccbba3bd9607937423e3270de3e738e6f3
results/results_natugu_Qwen_ModelGloss_summary_combined_image.jsonl	results/legacy/qwen3/natugu/grammar/original/results_natugu_Qwen_ModelGloss_summary_combined_image.jsonl	e3b0c44298fc1c149afbf4c8996fb92427ae41e4649b934ca495991b7852b855	e3b0c44298fc1c149afbf4c8996fb92427ae41e4649b934ca495991b7852b855
results/results_natugu_Qwen_ModelGloss_summary_modelinput_all.jsonl	results/legacy/qwen3/natugu/grammar/original/results_natugu_Qwen_ModelGloss_summary_modelinput_all.jsonl	38a6a1de628862c9a42a906395962202cbc1ac9052a9aa759e7fb6d210d78240	38a6a1de628862c9a42a906395962202cbc1ac9052a9aa759e7fb6d210d78240
results/results_natugu_Qwen_ModelGloss_summary_original_all_2gpu.jsonl	results/legacy/qwen3/natugu/grammar/original/results_natugu_Qwen_ModelGloss_summary_original_all_2gpu.jsonl	e3b0c44298fc1c149afbf4c8996fb92427ae41e4649b934ca495991b7852b855	e3b0c44298fc1c149afbf4c8996fb92427ae41e4649b934ca495991b7852b855
results/results_natugu_Qwen_ModelGloss_summary_text.jsonl	results/legacy/qwen3/natugu/grammar/original/results_natugu_Qwen_ModelGloss_summary_text.jsonl	5984247deb38af2fd6aede329f4ab20167ddd2e49077a4dc7fd545f386ea47b5	5984247deb38af2fd6aede329f4ab20167ddd2e49077a4dc7fd545f386ea47b5
results/results_natugu_Qwen_cheatsheet.jsonl	results/legacy/qwen3/natugu/grammar/original/results_natugu_Qwen_cheatsheet.jsonl	006bc02a3d5bf7fe8b9b153bb49b0b377e50bf701aed27fede0c34f8c60f978e	006bc02a3d5bf7fe8b9b153bb49b0b377e50bf701aed27fede0c34f8c60f978e
results/results_natugu_Qwen_newmaterials_cheatsheet_jpg.jsonl	results/curated_v1/qwen3/natugu/grammar/original/results_natugu_Qwen_curated_v1_cheatsheet_jpg.jsonl	0131bdf22d074877ab988d775acfd29c11bd96c4ee8141a883df4279e412cd2b	0131bdf22d074877ab988d775acfd29c11bd96c4ee8141a883df4279e412cd2b
results/results_natugu_Qwen_newmaterials_cheatsheet_txt.jsonl	results/curated_v1/qwen3/natugu/grammar/original/results_natugu_Qwen_curated_v1_cheatsheet_txt.jsonl	a8d548280d55b310ec0d4f4f1521ca47468faec55252cc27cee0bfcab9771bc4	a8d548280d55b310ec0d4f4f1521ca47468faec55252cc27cee0bfcab9771bc4
results/results_natugu_Qwen_newmaterials_pdfpages_impactful_jpg.jsonl	results/curated_v1/qwen3/natugu/grammar/original/results_natugu_Qwen_curated_v1_pdfpages_impactful_jpg.jsonl	e3b0c44298fc1c149afbf4c8996fb92427ae41e4649b934ca495991b7852b855	e3b0c44298fc1c149afbf4c8996fb92427ae41e4649b934ca495991b7852b855
results/results_natugu_Qwen_newmaterials_summary_tables_jpg.jsonl	results/curated_v1/qwen3/natugu/grammar/original/results_natugu_Qwen_curated_v1_summary_tables_jpg.jsonl	5af960afe25931a09f79fcfc27c0424de561a4759ffe42b9d41f5249b8ea12c4	5af960afe25931a09f79fcfc27c0424de561a4759ffe42b9d41f5249b8ea12c4
results/results_natugu_Qwen_newmaterials_summary_tables_md.jsonl	results/curated_v1/qwen3/natugu/grammar/original/results_natugu_Qwen_curated_v1_summary_tables_md.jsonl	3b8b5a96be50af75ef4b15ac5c9ab0f3e5c65c4eea36bd9632f16d6bbfadb500	3b8b5a96be50af75ef4b15ac5c9ab0f3e5c65c4eea36bd9632f16d6bbfadb500
results/results_natugu_Qwen_newmaterials_summary_tables_txt.jsonl	results/curated_v1/qwen3/natugu/grammar/original/results_natugu_Qwen_curated_v1_summary_tables_txt.jsonl	30b21cb1acce1f9311a7877235e49478df9c1f831f361412d8c4b3d9909b28b8	30b21cb1acce1f9311a7877235e49478df9c1f831f361412d8c4b3d9909b28b8
results/results_natugu_Qwen_newmaterials_summary_text_md.jsonl	results/curated_v1/qwen3/natugu/grammar/original/results_natugu_Qwen_curated_v1_summary_text_md.jsonl	2782b8b31c5633f8d694b0e29649d350ef95860d057df7d9be1df3c0700eb139	2782b8b31c5633f8d694b0e29649d350ef95860d057df7d9be1df3c0700eb139
results/results_natugu_Qwen_newmaterials_summary_text_txt.jsonl	results/curated_v1/qwen3/natugu/grammar/original/results_natugu_Qwen_curated_v1_summary_text_txt.jsonl	3608b17852d1649efd77981fc40cc210134c6190de26d8066585644e19bfd062	3608b17852d1649efd77981fc40cc210134c6190de26d8066585644e19bfd062
results/results_natugu_Qwen_pdfpages.jsonl	results/legacy/qwen3/natugu/grammar/original/results_natugu_Qwen_pdfpages.jsonl	aad2c96b27362b974263dc6facae27583ee208058842759e63d9b9c839e51d08	aad2c96b27362b974263dc6facae27583ee208058842759e63d9b9c839e51d08
results/results_natugu_Qwen_pdfpages_modelinput_all.jsonl	results/legacy/qwen3/natugu/grammar/original/results_natugu_Qwen_pdfpages_modelinput_all.jsonl	2271a3d21ebd800e80a2a3ce35161a2af25153c098f1637da625f908279a8a79	2271a3d21ebd800e80a2a3ce35161a2af25153c098f1637da625f908279a8a79
results/results_natugu_Qwen_pdfpages_original_all_2gpu.jsonl	results/legacy/qwen3/natugu/grammar/original/results_natugu_Qwen_pdfpages_original_all_2gpu.jsonl	e3b0c44298fc1c149afbf4c8996fb92427ae41e4649b934ca495991b7852b855	e3b0c44298fc1c149afbf4c8996fb92427ae41e4649b934ca495991b7852b855
results/results_natugu_Qwen_summary.jsonl	results/legacy/qwen3/natugu/grammar/original/results_natugu_Qwen_summary.jsonl	6b100b75e93f20013653a13edd2174e3049e3c53a5dc6b9839ec32880541495f	6b100b75e93f20013653a13edd2174e3049e3c53a5dc6b9839ec32880541495f
results/results_natugu_Qwen_summary_combined_image.jsonl	results/legacy/qwen3/natugu/grammar/original/results_natugu_Qwen_summary_combined_image.jsonl	e3b0c44298fc1c149afbf4c8996fb92427ae41e4649b934ca495991b7852b855	e3b0c44298fc1c149afbf4c8996fb92427ae41e4649b934ca495991b7852b855
results/results_natugu_Qwen_summary_modelinput_all.jsonl	results/legacy/qwen3/natugu/grammar/original/results_natugu_Qwen_summary_modelinput_all.jsonl	165effe792827296505e46bb7862e8f21a4f0700b9cb99e366e2398e347aa3b7	165effe792827296505e46bb7862e8f21a4f0700b9cb99e366e2398e347aa3b7
results/results_natugu_Qwen_summary_original_all_2gpu.jsonl	results/legacy/qwen3/natugu/grammar/original/results_natugu_Qwen_summary_original_all_2gpu.jsonl	e3b0c44298fc1c149afbf4c8996fb92427ae41e4649b934ca495991b7852b855	e3b0c44298fc1c149afbf4c8996fb92427ae41e4649b934ca495991b7852b855
results/results_natugu_Qwen_summary_text.jsonl	results/legacy/qwen3/natugu/grammar/original/results_natugu_Qwen_summary_text.jsonl	ef8d9c7fb69d9bc8843c5d2a60039162e165804bd91047f3514ca12931525638	ef8d9c7fb69d9bc8843c5d2a60039162e165804bd91047f3514ca12931525638
results/results_tsez_Apertus.jsonl	results/baseline/apertus/tsez/grammar/original/results_tsez_Apertus.jsonl	2430a4a0dc7850c99c3aeb3922c49541101a45490205ca5eac51a74e27eb8a56	2430a4a0dc7850c99c3aeb3922c49541101a45490205ca5eac51a74e27eb8a56
results/results_tsez_Llama_3.1.jsonl	results/baseline/llama/tsez/grammar/original/results_tsez_Llama_3.1.jsonl	f01c49e86faec9ace234be6bbaa6670c98183997b549763b26523934ef862802	f01c49e86faec9ace234be6bbaa6670c98183997b549763b26523934ef862802
results/results_tsez_ModelGloss_Apertus.jsonl	results/baseline/apertus/tsez/grammar/original/results_tsez_ModelGloss_Apertus.jsonl	b2600a0cf5c7d1ceabf72d7e1320c83eaa225d165feab03d3581eff00b44565a	b2600a0cf5c7d1ceabf72d7e1320c83eaa225d165feab03d3581eff00b44565a
results/results_tsez_ModelGloss_Llama_3.1.jsonl	results/baseline/llama/tsez/grammar/original/results_tsez_ModelGloss_Llama_3.1.jsonl	c07b22c3707f99ace55823804e59e81a863749a6b5acfee4f5886ce54c3e388b	c07b22c3707f99ace55823804e59e81a863749a6b5acfee4f5886ce54c3e388b
results/results_tsez_ModelGloss_Qwen.jsonl	results/baseline/qwen3/tsez/grammar/original/results_tsez_ModelGloss_Qwen.jsonl	0fe0767acafed1e632a61483ec2603c0163a7a26e5bebb2411cabd726148ef99	0fe0767acafed1e632a61483ec2603c0163a7a26e5bebb2411cabd726148ef99
results/results_tsez_Qwen.jsonl	results/baseline/qwen3/tsez/grammar/original/results_tsez_Qwen.jsonl	d0609c6f20c8e8d5f7f9785016392e3ea54dbdfbfeebb910e12b71c54a7a5ac7	d0609c6f20c8e8d5f7f9785016392e3ea54dbdfbfeebb910e12b71c54a7a5ac7
results/results_tsez_Qwen35_ModelGloss_newmaterials_cheatsheet_jpg.jsonl	results/curated_v1/qwen35/tsez/grammar/original/results_tsez_Qwen35_ModelGloss_curated_v1_cheatsheet_jpg.jsonl	eed0f75a14a5f960e783deb6fed2f26cfb989c7add4f04e071852b4700f3f8c9	eed0f75a14a5f960e783deb6fed2f26cfb989c7add4f04e071852b4700f3f8c9
results/results_tsez_Qwen35_ModelGloss_newmaterials_cheatsheet_txt.jsonl	results/curated_v1/qwen35/tsez/grammar/original/results_tsez_Qwen35_ModelGloss_curated_v1_cheatsheet_txt.jsonl	7f4656b92c9a2815a3f678577f7396d892a53532924d7615007f418bcce338ba	7f4656b92c9a2815a3f678577f7396d892a53532924d7615007f418bcce338ba
results/results_tsez_Qwen35_ModelGloss_newmaterials_pdfpages_impactful_jpg.jsonl	results/curated_v1/qwen35/tsez/grammar/original/results_tsez_Qwen35_ModelGloss_curated_v1_pdfpages_impactful_jpg.jsonl	3d9b277bf38f173115586cd70240ea0ecd9b1f76290e47dc9b7d05f9a002509c	3d9b277bf38f173115586cd70240ea0ecd9b1f76290e47dc9b7d05f9a002509c
results/results_tsez_Qwen35_ModelGloss_newmaterials_summary_tables_jpg.jsonl	results/curated_v1/qwen35/tsez/grammar/original/results_tsez_Qwen35_ModelGloss_curated_v1_summary_tables_jpg.jsonl	76b04dafe531d3a15781bc8ef1731d08d9104c7b35898f8f53270005652ecaa2	76b04dafe531d3a15781bc8ef1731d08d9104c7b35898f8f53270005652ecaa2
results/results_tsez_Qwen35_ModelGloss_newmaterials_summary_tables_txt.jsonl	results/curated_v1/qwen35/tsez/grammar/original/results_tsez_Qwen35_ModelGloss_curated_v1_summary_tables_txt.jsonl	a195eece434a3681c78825f78baf81a1f7d474d793835f70cbb252d95cef536d	a195eece434a3681c78825f78baf81a1f7d474d793835f70cbb252d95cef536d
results/results_tsez_Qwen35_ModelGloss_newmaterials_summary_text_txt.jsonl	results/curated_v1/qwen35/tsez/grammar/original/results_tsez_Qwen35_ModelGloss_curated_v1_summary_text_txt.jsonl	e5f4773d7190a7c3108b5b9318c92250d941e1b2863ebbee89d44828d388bd5c	e5f4773d7190a7c3108b5b9318c92250d941e1b2863ebbee89d44828d388bd5c
results/results_tsez_Qwen35_newmaterials_cheatsheet_jpg.jsonl	results/curated_v1/qwen35/tsez/grammar/original/results_tsez_Qwen35_curated_v1_cheatsheet_jpg.jsonl	d14502d2a8c2fb63fcd3eeb3c58d7a253f5fe5028b3413525cb0cdaa9b71f52c	d14502d2a8c2fb63fcd3eeb3c58d7a253f5fe5028b3413525cb0cdaa9b71f52c
results/results_tsez_Qwen35_newmaterials_cheatsheet_txt.jsonl	results/curated_v1/qwen35/tsez/grammar/original/results_tsez_Qwen35_curated_v1_cheatsheet_txt.jsonl	50d8e5829baf37d282737a6dc32679f1979cc2aa0622102b9e3073a4ef299bb7	50d8e5829baf37d282737a6dc32679f1979cc2aa0622102b9e3073a4ef299bb7
results/results_tsez_Qwen35_newmaterials_pdfpages_impactful_jpg.jsonl	results/curated_v1/qwen35/tsez/grammar/original/results_tsez_Qwen35_curated_v1_pdfpages_impactful_jpg.jsonl	fb19e9c3330d70af78aa7e7de3dfd68ba59070a574fe9a26da5cc47aa7bf40c7	fb19e9c3330d70af78aa7e7de3dfd68ba59070a574fe9a26da5cc47aa7bf40c7
results/results_tsez_Qwen35_newmaterials_summary_tables_jpg.jsonl	results/curated_v1/qwen35/tsez/grammar/original/results_tsez_Qwen35_curated_v1_summary_tables_jpg.jsonl	4c2a892f14fc33d02f3b7303d65db924543bf2ee36ee3c93bf700dc81d443df8	4c2a892f14fc33d02f3b7303d65db924543bf2ee36ee3c93bf700dc81d443df8
results/results_tsez_Qwen35_newmaterials_summary_tables_txt.jsonl	results/curated_v1/qwen35/tsez/grammar/original/results_tsez_Qwen35_curated_v1_summary_tables_txt.jsonl	968d7ede598893a761199b0a1d2dae8479edad5aa84f5dc7cc4aa12d4ef3612a	968d7ede598893a761199b0a1d2dae8479edad5aa84f5dc7cc4aa12d4ef3612a
results/results_tsez_Qwen35_newmaterials_summary_text_txt.jsonl	results/curated_v1/qwen35/tsez/grammar/original/results_tsez_Qwen35_curated_v1_summary_text_txt.jsonl	852034a9d0b4ba53424f9e506e73b983b8b019d1f2160861ba5a1f709e0f5967	852034a9d0b4ba53424f9e506e73b983b8b019d1f2160861ba5a1f709e0f5967
results/results_tsez_Qwen_ModelGloss_newmaterials_cheatsheet_jpg.jsonl	results/curated_v1/qwen3/tsez/grammar/original/results_tsez_Qwen_ModelGloss_curated_v1_cheatsheet_jpg.jsonl	8e832e22ef6b1e97697b3d383a8ddc8971155655e671dd0129f5b57ca5378e17	8e832e22ef6b1e97697b3d383a8ddc8971155655e671dd0129f5b57ca5378e17
results/results_tsez_Qwen_ModelGloss_newmaterials_cheatsheet_txt.jsonl	results/curated_v1/qwen3/tsez/grammar/original/results_tsez_Qwen_ModelGloss_curated_v1_cheatsheet_txt.jsonl	5fa0c8b0c6fbf520be3a78de35aec40f8d356384736d4988638a6b8ee3da6e32	5fa0c8b0c6fbf520be3a78de35aec40f8d356384736d4988638a6b8ee3da6e32
results/results_tsez_Qwen_ModelGloss_newmaterials_pdfpages_impactful_jpg.jsonl	results/curated_v1/qwen3/tsez/grammar/original/results_tsez_Qwen_ModelGloss_curated_v1_pdfpages_impactful_jpg.jsonl	e3b0c44298fc1c149afbf4c8996fb92427ae41e4649b934ca495991b7852b855	e3b0c44298fc1c149afbf4c8996fb92427ae41e4649b934ca495991b7852b855
results/results_tsez_Qwen_ModelGloss_newmaterials_summary_tables_jpg.jsonl	results/curated_v1/qwen3/tsez/grammar/original/results_tsez_Qwen_ModelGloss_curated_v1_summary_tables_jpg.jsonl	464d79b3c78dd8e2de639edc545c45e1e1818b2fddc238b5741e74250db4d2f0	464d79b3c78dd8e2de639edc545c45e1e1818b2fddc238b5741e74250db4d2f0
results/results_tsez_Qwen_ModelGloss_newmaterials_summary_tables_txt.jsonl	results/curated_v1/qwen3/tsez/grammar/original/results_tsez_Qwen_ModelGloss_curated_v1_summary_tables_txt.jsonl	745d3a23d1d9caaf67140cd8ecdda905777bec7dcd06b1f07ea1306f4b9316ff	745d3a23d1d9caaf67140cd8ecdda905777bec7dcd06b1f07ea1306f4b9316ff
results/results_tsez_Qwen_ModelGloss_newmaterials_summary_text_txt.jsonl	results/curated_v1/qwen3/tsez/grammar/original/results_tsez_Qwen_ModelGloss_curated_v1_summary_text_txt.jsonl	5cdf8ddeb256ba9185fdd747d956dac79463d71fd1b1dfe33adbfde7445b793b	5cdf8ddeb256ba9185fdd747d956dac79463d71fd1b1dfe33adbfde7445b793b
results/results_tsez_Qwen_newmaterials_cheatsheet_jpg.jsonl	results/curated_v1/qwen3/tsez/grammar/original/results_tsez_Qwen_curated_v1_cheatsheet_jpg.jsonl	2b676136b3066882acf329399e6c06df4ec8de79572d4ec5713a860c972a61c3	2b676136b3066882acf329399e6c06df4ec8de79572d4ec5713a860c972a61c3
results/results_tsez_Qwen_newmaterials_cheatsheet_txt.jsonl	results/curated_v1/qwen3/tsez/grammar/original/results_tsez_Qwen_curated_v1_cheatsheet_txt.jsonl	d0693e316d26aed8fc913b635ed1f4c30cfe8fd147886cbea1c6a1308252c1e2	d0693e316d26aed8fc913b635ed1f4c30cfe8fd147886cbea1c6a1308252c1e2
results/results_tsez_Qwen_newmaterials_pdfpages_impactful_jpg.jsonl	results/curated_v1/qwen3/tsez/grammar/original/results_tsez_Qwen_curated_v1_pdfpages_impactful_jpg.jsonl	e3b0c44298fc1c149afbf4c8996fb92427ae41e4649b934ca495991b7852b855	e3b0c44298fc1c149afbf4c8996fb92427ae41e4649b934ca495991b7852b855
results/results_tsez_Qwen_newmaterials_summary_tables_jpg.jsonl	results/curated_v1/qwen3/tsez/grammar/original/results_tsez_Qwen_curated_v1_summary_tables_jpg.jsonl	50c4203868cb06f6e7bfcb7761e1c2a90d66d4bfc1845b511532d7355857f36c	50c4203868cb06f6e7bfcb7761e1c2a90d66d4bfc1845b511532d7355857f36c
results/results_tsez_Qwen_newmaterials_summary_tables_txt.jsonl	results/curated_v1/qwen3/tsez/grammar/original/results_tsez_Qwen_curated_v1_summary_tables_txt.jsonl	e34531439c7364e67b475bbad76944f5d6868bba33e77447fb8654d587208fb0	e34531439c7364e67b475bbad76944f5d6868bba33e77447fb8654d587208fb0
results/results_tsez_Qwen_newmaterials_summary_text_txt.jsonl	results/curated_v1/qwen3/tsez/grammar/original/results_tsez_Qwen_curated_v1_summary_text_txt.jsonl	b3748449cce6275ee03eb89746a105fdb624cc6e1024794bef6d6fb08a1e3555	b3748449cce6275ee03eb89746a105fdb624cc6e1024794bef6d6fb08a1e3555
run_grammamt.py	runners/baseline/run_grammamt.py	579add7bd25290b359f5527528f80a39fc4d95ae6174a5dfcde6343c73d46dba	579add7bd25290b359f5527528f80a39fc4d95ae6174a5dfcde6343c73d46dba
run_grammamt_Apertus.py	runners/baseline/run_grammamt_Apertus.py	94ce2fe5ad23f2046c96b49a310b73d42ccdea5cfaf8015da20da80030c3da81	94ce2fe5ad23f2046c96b49a310b73d42ccdea5cfaf8015da20da80030c3da81
run_grammamt_ModelGloss.py	runners/baseline/run_grammamt_ModelGloss.py	5aedf9c02bdebbd037e619cc8363ee2c57a76c5e48618353488374fa0ea9ad07	5aedf9c02bdebbd037e619cc8363ee2c57a76c5e48618353488374fa0ea9ad07
run_grammamt_Qwen.py	runners/qwen3/run_grammamt_Qwen.py	ee66ea34c9d7f1b8465ad174ef688ac9cb3911c1ac54689a385f733ec4b62b46	ee66ea34c9d7f1b8465ad174ef688ac9cb3911c1ac54689a385f733ec4b62b46
run_grammamt_Qwen_grammar_images.py	runners/qwen3/run_grammamt_Qwen_grammar_images.py	929d872043337204084fe10640a247449886bdc3e0632a162ce45b756ff2cdc9	929d872043337204084fe10640a247449886bdc3e0632a162ce45b756ff2cdc9
run_grammamt_Qwen_grammar_images_ModelGloss.py	runners/qwen3/run_grammamt_Qwen_grammar_images_ModelGloss.py	d419980718966967a113900d94565b64a3691bf8e5ceb81c15de4f8b42767877	d419980718966967a113900d94565b64a3691bf8e5ceb81c15de4f8b42767877
run_grammamt_Qwen_grammar_text.py	runners/qwen3/run_grammamt_Qwen_grammar_text.py	7a7224e413857306c978a4db956bc2c8629bb5d1c46fd05709bc33ddb7607367	7a7224e413857306c978a4db956bc2c8629bb5d1c46fd05709bc33ddb7607367
run_grammamt_Qwen_grammar_text_ModelGloss.py	runners/qwen3/run_grammamt_Qwen_grammar_text_ModelGloss.py	dcb949a9830613d1cfb028806f51fb9dfd779018f5e6e7bc09a920a321a303c3	dcb949a9830613d1cfb028806f51fb9dfd779018f5e6e7bc09a920a321a303c3
run_grammamt_Qwen_visual.py	runners/qwen3/run_grammamt_Qwen_visual.py	7c86ee5de54d104dab705620c58b438953eabde7f028312c8f0d7c548aa3fdc1	7c86ee5de54d104dab705620c58b438953eabde7f028312c8f0d7c548aa3fdc1
slurm_outputs/5700434.out	slurm_outputs/5700434.out	e942ae1780882183d65241146783179eee6f3eee9c6e30eb00c06ec7470baae1	e942ae1780882183d65241146783179eee6f3eee9c6e30eb00c06ec7470baae1
slurm_outputs/5683486.out	slurm_outputs/5683486.out	c7ee7ddecb660aee662e2be93a22fe91715130eb3aaed6642e6a283ca932f6bb	c7ee7ddecb660aee662e2be93a22fe91715130eb3aaed6642e6a283ca932f6bb
slurm_outputs/5703373.out	slurm_outputs/5703373.out	14beb7fae26f1999abd1fdc9461a6d466e90fa974d4938796b04df2aedfca4aa	14beb7fae26f1999abd1fdc9461a6d466e90fa974d4938796b04df2aedfca4aa
slurm_outputs/5700422.out	slurm_outputs/5700422.out	004b5df90d8fa14554b472d0cfb17080134ad417af0ce1adeb202335328afab1	004b5df90d8fa14554b472d0cfb17080134ad417af0ce1adeb202335328afab1
slurm_outputs/5701044.out	slurm_outputs/5701044.out	eb4ef8391fa3dafc631da13625a101b699a07ad9e291f15ce600d52b9521629b	eb4ef8391fa3dafc631da13625a101b699a07ad9e291f15ce600d52b9521629b
slurm_outputs/5700735.out	slurm_outputs/5700735.out	d956b075377eae60c95dab672b9221ad9b169975f481d52cc5891a1a1c62c93f	d956b075377eae60c95dab672b9221ad9b169975f481d52cc5891a1a1c62c93f
slurm_outputs/5683476.out	slurm_outputs/5683476.out	567889847614f791f670aeb5259738bbf9a7a6d9a7c5f42f863285c4b82b9ce2	567889847614f791f670aeb5259738bbf9a7a6d9a7c5f42f863285c4b82b9ce2
slurm_outputs/5701050.out	slurm_outputs/5701050.out	10e9a27ed164667c6b36083abb0ad2e5b7175129d8b6fa26c5bc38e8a9474306	10e9a27ed164667c6b36083abb0ad2e5b7175129d8b6fa26c5bc38e8a9474306
slurm_outputs/5683315.out	slurm_outputs/5683315.out	e664ff0214a6c64e14598ba9914d6ca3973cbd897b5d4affb7b6ddabbe3cc52f	e664ff0214a6c64e14598ba9914d6ca3973cbd897b5d4affb7b6ddabbe3cc52f
slurm_outputs/5631898.out	slurm_outputs/5631898.out	13dd9edc4a85c2210206593ea84bda657e1c2067784aa4f2c7023b7f6de364bf	13dd9edc4a85c2210206593ea84bda657e1c2067784aa4f2c7023b7f6de364bf
slurm_outputs/5676505.out	slurm_outputs/5676505.out	d5b92197e30c6c160a34a6924389034690dfd74cf94e85eb4a22d7ca1dc681ba	d5b92197e30c6c160a34a6924389034690dfd74cf94e85eb4a22d7ca1dc681ba
slurm_outputs/5701042.out	slurm_outputs/5701042.out	b03040e01fd972e308da0df63f891495d8c3606ece85b58b6b10b0ff53fae673	b03040e01fd972e308da0df63f891495d8c3606ece85b58b6b10b0ff53fae673
slurm_outputs/5759816.out	slurm_outputs/5759816.out	9c46f4ac7f06936a553772e4bec9fb5cca24c3aeabf6c84577593b1afb001e43	9c46f4ac7f06936a553772e4bec9fb5cca24c3aeabf6c84577593b1afb001e43
slurm_outputs/5700559.out	slurm_outputs/5700559.out	ff33bda48967cfc06efa717a2c40ea92a3654413ef109627f24b4ed5317af921	ff33bda48967cfc06efa717a2c40ea92a3654413ef109627f24b4ed5317af921
slurm_outputs/5767434.out	slurm_outputs/5767434.out	1a1270b38d4e094d6ef1626e4bd31d2b768cfd24522767a55afed4bb7fac5d7d	1a1270b38d4e094d6ef1626e4bd31d2b768cfd24522767a55afed4bb7fac5d7d
slurm_outputs/5544559.out	slurm_outputs/5544559.out	87841f04098c32f3e262d897176389f53f3fb1889cfd3643b5039e765eecd207	87841f04098c32f3e262d897176389f53f3fb1889cfd3643b5039e765eecd207
slurm_outputs/5683309.out	slurm_outputs/5683309.out	90903f175fb57b069d75bad78343c621e2d05ac5166a2a0b348cba5639275606	90903f175fb57b069d75bad78343c621e2d05ac5166a2a0b348cba5639275606
slurm_outputs/5675610.out	slurm_outputs/5675610.out	3453a0293f26ddc56cbd715c7e06e901b1f0c99f6b2c6ff9f3bf84c5586ca1de	3453a0293f26ddc56cbd715c7e06e901b1f0c99f6b2c6ff9f3bf84c5586ca1de
slurm_outputs/5700453.out	slurm_outputs/5700453.out	0b41aa3cf74533a1e9d452671bb6044f581f8ae59e81f309e3767d562b424d13	0b41aa3cf74533a1e9d452671bb6044f581f8ae59e81f309e3767d562b424d13
slurm_outputs/5700447.out	slurm_outputs/5700447.out	030018bfdb7dda5e968b20ddfe4aaa67b4180ad0d500c6a17c3ab08177ec0072	030018bfdb7dda5e968b20ddfe4aaa67b4180ad0d500c6a17c3ab08177ec0072
slurm_outputs/5683487.out	slurm_outputs/5683487.out	5de6dd246cc28c5c22a82edce6165ad7df3230b94526eb0760939bdf75c36376	5de6dd246cc28c5c22a82edce6165ad7df3230b94526eb0760939bdf75c36376
slurm_outputs/5700742.out	slurm_outputs/5700742.out	5243e1fe708bbba5033ff75faec88060674affd55cb000efdab539c7daddbc51	5243e1fe708bbba5033ff75faec88060674affd55cb000efdab539c7daddbc51
slurm_outputs/5747154.out	slurm_outputs/5747154.out	d6c6a68cb6c281cab44e009ab0c8047a34e9be68aabc9104da6f0970b13f6e00	d6c6a68cb6c281cab44e009ab0c8047a34e9be68aabc9104da6f0970b13f6e00
slurm_outputs/5675579.out	slurm_outputs/5675579.out	13ce63cb61fcbb00894ba171e1caf17f68e8e05d219d72dde6ebd4e79132cfa0	13ce63cb61fcbb00894ba171e1caf17f68e8e05d219d72dde6ebd4e79132cfa0
slurm_outputs/5631865.out	slurm_outputs/5631865.out	187b615171bf2874e6924cba331fbcd38826bfb003c0e51d2eb01502645dbe42	187b615171bf2874e6924cba331fbcd38826bfb003c0e51d2eb01502645dbe42
slurm_outputs/5675575.out	slurm_outputs/5675575.out	b87777e8dc0a0105801aaa00729138e5e70a3a2a40139af87086582623d3dadd	b87777e8dc0a0105801aaa00729138e5e70a3a2a40139af87086582623d3dadd
slurm_outputs/5701040.out	slurm_outputs/5701040.out	5957d17125e9f29217f57838434f401a835f65830867eebf79d325146ff7fd2c	5957d17125e9f29217f57838434f401a835f65830867eebf79d325146ff7fd2c
slurm_outputs/5542814.out	slurm_outputs/5542814.out	8e006bf5d429c22ba998118f8bbc0610899351991f185b3ee0d15640306d9eca	8e006bf5d429c22ba998118f8bbc0610899351991f185b3ee0d15640306d9eca
slurm_outputs/5697759.out	slurm_outputs/5697759.out	23df021fec93e6c4c674bbc448d54d5f4f6b93568f9273fd208d0c61f8d34736	23df021fec93e6c4c674bbc448d54d5f4f6b93568f9273fd208d0c61f8d34736
slurm_outputs/5700527.out	slurm_outputs/5700527.out	627440aeae5aede3e23d96de233ae38e3601efa1e3419b5333f38f16bcb48b59	627440aeae5aede3e23d96de233ae38e3601efa1e3419b5333f38f16bcb48b59
slurm_outputs/5700660.out	slurm_outputs/5700660.out	6172c37df7da5ca6e20d242daeb9b6a7f7d81befd4727d9007b94ef02d50f9a2	6172c37df7da5ca6e20d242daeb9b6a7f7d81befd4727d9007b94ef02d50f9a2
slurm_outputs/5700424.out	slurm_outputs/5700424.out	179ed35faf0aa1aa63e408616b0c8e3c495a93d964eee066d16f62aa635c5afe	179ed35faf0aa1aa63e408616b0c8e3c495a93d964eee066d16f62aa635c5afe
slurm_outputs/5700432.out	slurm_outputs/5700432.out	049642f85054490ce9c5f5391a861454e20922838754f6c3a04030f9499b1674	049642f85054490ce9c5f5391a861454e20922838754f6c3a04030f9499b1674
slurm_outputs/5676498.out	slurm_outputs/5676498.out	000dacefb95c6c716d000c35fe719fba4dd1292f261cf2ce4ccc0e598a1eaf22	000dacefb95c6c716d000c35fe719fba4dd1292f261cf2ce4ccc0e598a1eaf22
slurm_outputs/5682653.out	slurm_outputs/5682653.out	1bc2ac8853d157b797af8bac08f59b0a231a5a815acb570dad2bf4d85059a368	1bc2ac8853d157b797af8bac08f59b0a231a5a815acb570dad2bf4d85059a368
slurm_outputs/5772413.out	slurm_outputs/5772413.out	ed3036bb724bbc5101fd012ad6e053e0ec27a5e996cf88f8efdf414addc5711e	ed3036bb724bbc5101fd012ad6e053e0ec27a5e996cf88f8efdf414addc5711e
slurm_outputs/5697774.out	slurm_outputs/5697774.out	426f2a094998a8349f94601ac5d167fec4aa1eb8929d30c60cdf057e6415cfc3	426f2a094998a8349f94601ac5d167fec4aa1eb8929d30c60cdf057e6415cfc3
slurm_outputs/5675581.out	slurm_outputs/5675581.out	52624e7bee5796bb314707b99132c467d8b232bb6baafbe231bd9c809a23c68e	52624e7bee5796bb314707b99132c467d8b232bb6baafbe231bd9c809a23c68e
slurm_outputs/5702265.out	slurm_outputs/5702265.out	fed1ae3de62c8cdb087b80a2c959e177cf1104af2659a06be4689f7da42ef755	fed1ae3de62c8cdb087b80a2c959e177cf1104af2659a06be4689f7da42ef755
slurm_outputs/5703175.out	slurm_outputs/5703175.out	f1b911cdb965fd98d348b11ed1d2ad6bec14f720350ac43ff0f36cdd153a299f	f1b911cdb965fd98d348b11ed1d2ad6bec14f720350ac43ff0f36cdd153a299f
slurm_outputs/5676511.out	slurm_outputs/5676511.out	ff3894c645af8c58511097b3fd43fd3da02b9e3cdf4cc0cdd12360c2bd11acd9	ff3894c645af8c58511097b3fd43fd3da02b9e3cdf4cc0cdd12360c2bd11acd9
slurm_outputs/5702272.out	slurm_outputs/5702272.out	82bee970ada3f861e8974d452e362e75b5035ff7e314a7b148f641bf2c3dc224	82bee970ada3f861e8974d452e362e75b5035ff7e314a7b148f641bf2c3dc224
slurm_outputs/5759822.out	slurm_outputs/5759822.out	8f83e968fb97cdaa9d24b958554507bff71be14e729d1a6e71efab65fea6c224	8f83e968fb97cdaa9d24b958554507bff71be14e729d1a6e71efab65fea6c224
slurm_outputs/5703172.out	slurm_outputs/5703172.out	c745461d03dc1a097dfa29054fee55bd8e61f8e9f732f5da8344adf9a307af74	c745461d03dc1a097dfa29054fee55bd8e61f8e9f732f5da8344adf9a307af74
slurm_outputs/5702250.out	slurm_outputs/5702250.out	f0f87c8d846c5f04ca5b98c8f77c725ed4f9d6d04ae293f7c66e7bc011074469	f0f87c8d846c5f04ca5b98c8f77c725ed4f9d6d04ae293f7c66e7bc011074469
slurm_outputs/5772415.out	slurm_outputs/5772415.out	481831ad0d7437695cee00e8f095d7b40b137b821a82c67f7a74a0deb5dbd62f	481831ad0d7437695cee00e8f095d7b40b137b821a82c67f7a74a0deb5dbd62f
slurm_outputs/5700741.out	slurm_outputs/5700741.out	1e0cfb065c09c7b353c2725bf67beb0e1f9cd2b882f6754261ab51e9cf523e46	1e0cfb065c09c7b353c2725bf67beb0e1f9cd2b882f6754261ab51e9cf523e46
slurm_outputs/5675573.out	slurm_outputs/5675573.out	709294e40d841f7f55fb4141f99138e211b7cc3c5b3c66e28907951b9aa93ce0	709294e40d841f7f55fb4141f99138e211b7cc3c5b3c66e28907951b9aa93ce0
slurm_outputs/5702242.out	slurm_outputs/5702242.out	2d7a3af3fdcb54afcb87663245c46eea685b2977bcf18d729277737b34e6bc6f	2d7a3af3fdcb54afcb87663245c46eea685b2977bcf18d729277737b34e6bc6f
slurm_outputs/5700441.out	slurm_outputs/5700441.out	a507e8118789327b8dda18bf4f1403118736858429b0eab5b5ab40b41b7eac5e	a507e8118789327b8dda18bf4f1403118736858429b0eab5b5ab40b41b7eac5e
slurm_outputs/5701048.out	slurm_outputs/5701048.out	41ce2c70b27dcdfea34e59783912482ac7c144f7d226f541bf4e180aa3d0023a	41ce2c70b27dcdfea34e59783912482ac7c144f7d226f541bf4e180aa3d0023a
slurm_outputs/5683490.out	slurm_outputs/5683490.out	978ef11e1c03fdb9589dcf800c940a6c9a510031345f2a5cae870ab598411f0e	978ef11e1c03fdb9589dcf800c940a6c9a510031345f2a5cae870ab598411f0e
slurm_outputs/5700549.out	slurm_outputs/5700549.out	db4f309ad6066d10c39a22ed1c2ddb501f2ff7d4f2cbb1dc808073a61216672c	db4f309ad6066d10c39a22ed1c2ddb501f2ff7d4f2cbb1dc808073a61216672c
slurm_outputs/5683491.out	slurm_outputs/5683491.out	2b30e9d8af754a57806b5224fbf16377257b9605963d384348c7fedc38b52c48	2b30e9d8af754a57806b5224fbf16377257b9605963d384348c7fedc38b52c48
slurm_outputs/5702273.out	slurm_outputs/5702273.out	272149311e585c2ca05f9c3f13bbf100ceb3f92dd68406bb90e23857d54d4fe5	272149311e585c2ca05f9c3f13bbf100ceb3f92dd68406bb90e23857d54d4fe5
slurm_outputs/5697797.out	slurm_outputs/5697797.out	78cf113d738973662d985eeb9682cfed2d9c8f1de9baa18fbd45b1f946e14a25	78cf113d738973662d985eeb9682cfed2d9c8f1de9baa18fbd45b1f946e14a25
slurm_outputs/5702270.out	slurm_outputs/5702270.out	a454f1c5982d0b3212a1507002256e5b378abc3a103174af90d2a23953a22ab8	a454f1c5982d0b3212a1507002256e5b378abc3a103174af90d2a23953a22ab8
slurm_outputs/5703155.out	slurm_outputs/5703155.out	35db0cf4259e70a93a92c3b5243f7f16571f9c513d7e5f9c123e6ad429e4dabc	35db0cf4259e70a93a92c3b5243f7f16571f9c513d7e5f9c123e6ad429e4dabc
slurm_outputs/5700546.out	slurm_outputs/5700546.out	a66656aeca562f3125564f84ff3043eba1e15a14a0cf6b03b57be2cb4ff8a85c	a66656aeca562f3125564f84ff3043eba1e15a14a0cf6b03b57be2cb4ff8a85c
slurm_outputs/5700529.out	slurm_outputs/5700529.out	57da72b471b14d42283c542428af31580429f7d815bc4ebb333b48083d2a4c96	57da72b471b14d42283c542428af31580429f7d815bc4ebb333b48083d2a4c96
slurm_outputs/5700423.out	slurm_outputs/5700423.out	00b14eade1d7b4f9af1ba3531f8be94bf3634e76eb65edb5b564fcb8cecff0c8	00b14eade1d7b4f9af1ba3531f8be94bf3634e76eb65edb5b564fcb8cecff0c8
slurm_outputs/5703171.out	slurm_outputs/5703171.out	e06aac4b666a5a33c9cde760e4c21d64e953d66173c8301bf4983778d94ef3f9	e06aac4b666a5a33c9cde760e4c21d64e953d66173c8301bf4983778d94ef3f9
slurm_outputs/5700663.out	slurm_outputs/5700663.out	4bc327f7234c5d4406a5065a27a6cf1a302382ae594079593463b0bda37627c8	4bc327f7234c5d4406a5065a27a6cf1a302382ae594079593463b0bda37627c8
slurm_outputs/5700669.out	slurm_outputs/5700669.out	6825419141acc9f2a02b5f701134e67cc763f41641137e3cbcf83f8e3fd1df29	6825419141acc9f2a02b5f701134e67cc763f41641137e3cbcf83f8e3fd1df29
slurm_outputs/5683481.out	slurm_outputs/5683481.out	c95fc75fb1e6b15ae84d2b18b163f5a4f3f0404d1569c9ac5703c2bb33286422	c95fc75fb1e6b15ae84d2b18b163f5a4f3f0404d1569c9ac5703c2bb33286422
slurm_outputs/5702262.out	slurm_outputs/5702262.out	02d39e572689533436a8cb079c7aa06921a015f811448b7e231563fc98d0a072	02d39e572689533436a8cb079c7aa06921a015f811448b7e231563fc98d0a072
slurm_outputs/5759813.out	slurm_outputs/5759813.out	6693662652a15d2a95a3561f8f81f7755e933f2426df2b6808f6c360983ba62b	6693662652a15d2a95a3561f8f81f7755e933f2426df2b6808f6c360983ba62b
slurm_outputs/5544167.out	slurm_outputs/5544167.out	faca90e1bc48bce8dc6c8e320a07264f3127689f06171e04cc6a9022ef375644	faca90e1bc48bce8dc6c8e320a07264f3127689f06171e04cc6a9022ef375644
slurm_outputs/5683482.out	slurm_outputs/5683482.out	39ca7fab68400f22f5c78c599ff3025a09a882445becabf44435737be120483e	39ca7fab68400f22f5c78c599ff3025a09a882445becabf44435737be120483e
slurm_outputs/5746589.out	slurm_outputs/5746589.out	070fc6c092b1ffa767d0ee3d0f6164f24cc43eced37ccbcee3703753b1d3a1d9	070fc6c092b1ffa767d0ee3d0f6164f24cc43eced37ccbcee3703753b1d3a1d9
slurm_outputs/5697799.out	slurm_outputs/5697799.out	e1d2a3868ca11cc4344fdbc8c7cb2ed2e9d384ed81a88de94889309ae08c6bf2	e1d2a3868ca11cc4344fdbc8c7cb2ed2e9d384ed81a88de94889309ae08c6bf2
slurm_outputs/5703152.out	slurm_outputs/5703152.out	9c6d554df9789bc6f854f42bc82dc4b37bfccc0966325cf45255beef82c1c4ef	9c6d554df9789bc6f854f42bc82dc4b37bfccc0966325cf45255beef82c1c4ef
slurm_outputs/5767432.out	slurm_outputs/5767432.out	4d590c498e9a985d2b8bd581112f4b5b1b07481696f577e0f534cb534645da72	4d590c498e9a985d2b8bd581112f4b5b1b07481696f577e0f534cb534645da72
slurm_outputs/5697785.out	slurm_outputs/5697785.out	6b70014a456f742c905d04523250e57e6bbfd758819ac0fe69438f349bcbc434	6b70014a456f742c905d04523250e57e6bbfd758819ac0fe69438f349bcbc434
slurm_outputs/5697790.out	slurm_outputs/5697790.out	a1698513c3fb09237f30eb074be1b2eca85302be60f1f830e85c27c32581cc6f	a1698513c3fb09237f30eb074be1b2eca85302be60f1f830e85c27c32581cc6f
slurm_outputs/5701049.out	slurm_outputs/5701049.out	e658e19f58f1a30b4b83e609c1a7c3a815255e345db840a3734cbbfebad727d3	e658e19f58f1a30b4b83e609c1a7c3a815255e345db840a3734cbbfebad727d3
slurm_outputs/5767312.out	slurm_outputs/5767312.out	b42a88f8eff3c27aeaa23daa8db9cbe7f25e8ac9780f90db4feb708fdfebb811	b42a88f8eff3c27aeaa23daa8db9cbe7f25e8ac9780f90db4feb708fdfebb811
slurm_outputs/5703383.out	slurm_outputs/5703383.out	2ca710aab1603af56cd9ed7c4395e41c3dad20a7c6f38a5adcac866108328122	2ca710aab1603af56cd9ed7c4395e41c3dad20a7c6f38a5adcac866108328122
slurm_outputs/5682663.out	slurm_outputs/5682663.out	827ab695dac64a8e383a64dc62c8e3c03f4dc017cb9e2ca29ef841cb1850ba2d	827ab695dac64a8e383a64dc62c8e3c03f4dc017cb9e2ca29ef841cb1850ba2d
slurm_outputs/5544558.out	slurm_outputs/5544558.out	72b5ccf3f2097040aa824b3171659b3acf285a0279efa0fa73395ee7e9d429a1	72b5ccf3f2097040aa824b3171659b3acf285a0279efa0fa73395ee7e9d429a1
slurm_outputs/5759810.out	slurm_outputs/5759810.out	bcace3cbc6d2049e9b3d9f0e60534419b3e7478788f63a543c6d830721c3d0aa	bcace3cbc6d2049e9b3d9f0e60534419b3e7478788f63a543c6d830721c3d0aa
slurm_outputs/5682657.out	slurm_outputs/5682657.out	9145b7983f69f9711f15eba3cf3e90a3027089f234a69e34ddff39d4e307b658	9145b7983f69f9711f15eba3cf3e90a3027089f234a69e34ddff39d4e307b658
slurm_outputs/5697760.out	slurm_outputs/5697760.out	5142312235d66ff87b11f3fd65387703582f18fe6cd2bbd041e2c8715e3b30dc	5142312235d66ff87b11f3fd65387703582f18fe6cd2bbd041e2c8715e3b30dc
slurm_outputs/5675626.out	slurm_outputs/5675626.out	3453a0293f26ddc56cbd715c7e06e901b1f0c99f6b2c6ff9f3bf84c5586ca1de	3453a0293f26ddc56cbd715c7e06e901b1f0c99f6b2c6ff9f3bf84c5586ca1de
slurm_outputs/5703173.out	slurm_outputs/5703173.out	46260f3122f2fb973a93dce81e069a9516aa5f52bcf9e93e007d32692e65bc2e	46260f3122f2fb973a93dce81e069a9516aa5f52bcf9e93e007d32692e65bc2e
slurm_outputs/5675571.out	slurm_outputs/5675571.out	6aeab51987ef13f0f7360205a4fa889b69cbd7cd40c9d0327e087ae4222f4789	6aeab51987ef13f0f7360205a4fa889b69cbd7cd40c9d0327e087ae4222f4789
slurm_outputs/5599216.out	slurm_outputs/5599216.out	f6b02a91faef2d31e8de28144af1f1ca96e7cae1c2c3c68c9903ff0db9e5ae61	f6b02a91faef2d31e8de28144af1f1ca96e7cae1c2c3c68c9903ff0db9e5ae61
slurm_outputs/5701053.out	slurm_outputs/5701053.out	2791df776c20b91432b2c4eaedd1185ecf0b332844121b19de3a80ffa8adbfb5	2791df776c20b91432b2c4eaedd1185ecf0b332844121b19de3a80ffa8adbfb5
slurm_outputs/5759815.out	slurm_outputs/5759815.out	a27452447e940407606c155f3fb9874a993978d75549d12503963362e9461b62	a27452447e940407606c155f3fb9874a993978d75549d12503963362e9461b62
slurm_outputs/5702279.out	slurm_outputs/5702279.out	6d931fea864d4ac7c952330c85578196032cbd1dbd17e63e2d93ea9710aab8b4	6d931fea864d4ac7c952330c85578196032cbd1dbd17e63e2d93ea9710aab8b4
slurm_outputs/5759806.out	slurm_outputs/5759806.out	73f14cee8337fcc6df1c93ede485f33c761fded4c8181ec0e03d51f391c16f22	73f14cee8337fcc6df1c93ede485f33c761fded4c8181ec0e03d51f391c16f22
slurm_outputs/5683484.out	slurm_outputs/5683484.out	765010135849cbdaf09cb63c59b651a49aab6a2af8c24d1272abdccbd32bae28	765010135849cbdaf09cb63c59b651a49aab6a2af8c24d1272abdccbd32bae28
slurm_outputs/5703154.out	slurm_outputs/5703154.out	3d9e7294acc30676c42cfd27e0adbaf17395ff7818ec8eb9df2a7e626b42c515	3d9e7294acc30676c42cfd27e0adbaf17395ff7818ec8eb9df2a7e626b42c515
slurm_outputs/5700662.out	slurm_outputs/5700662.out	868e65fec48cbf45e50c76a34905c45bb7e66fd7ea32961c2d2d237cd7192241	868e65fec48cbf45e50c76a34905c45bb7e66fd7ea32961c2d2d237cd7192241
slurm_outputs/5747147.out	slurm_outputs/5747147.out	c2e701fe7f0f254f21e091c52eba86c350392bab56a439f152541f6d0b9b0b1c	c2e701fe7f0f254f21e091c52eba86c350392bab56a439f152541f6d0b9b0b1c
slurm_outputs/5700448.out	slurm_outputs/5700448.out	d57cd7f7e15397d89a5a9fc3a82f37af9309a99ebdb413001c98faacd80e5d39	d57cd7f7e15397d89a5a9fc3a82f37af9309a99ebdb413001c98faacd80e5d39
slurm_outputs/5702239.out	slurm_outputs/5702239.out	604ebe50284ae2ef8064916a1ea30d58f1f7527bc71e2c5dc5f562e0a7ba4a7e	604ebe50284ae2ef8064916a1ea30d58f1f7527bc71e2c5dc5f562e0a7ba4a7e
slurm_outputs/5676501.out	slurm_outputs/5676501.out	e9677ad944e129a9e285abf3df229714fa3fda059f9488e1b5bcb25aa1bb6e12	e9677ad944e129a9e285abf3df229714fa3fda059f9488e1b5bcb25aa1bb6e12
slurm_outputs/5703150.out	slurm_outputs/5703150.out	8fb23e8ee73e7311681fbe895bf44144cb207057301b848598c0d7f91f6eb90d	8fb23e8ee73e7311681fbe895bf44144cb207057301b848598c0d7f91f6eb90d
slurm_outputs/5631989.out	slurm_outputs/5631989.out	b9e8a662a01191cbcafac616d13b518b2ade9b6ec17331c1b0579433a77d675b	b9e8a662a01191cbcafac616d13b518b2ade9b6ec17331c1b0579433a77d675b
slurm_outputs/5767430.out	slurm_outputs/5767430.out	7c87f0734ea9729c8a7e8ec818042081baa0398f9a0fe2dd200bafdd5870205a	7c87f0734ea9729c8a7e8ec818042081baa0398f9a0fe2dd200bafdd5870205a
slurm_outputs/5697773.out	slurm_outputs/5697773.out	65e6fb02cdf4da2f49874b11a9458002d7116c942f1f8240795b728b9d1bd1e0	65e6fb02cdf4da2f49874b11a9458002d7116c942f1f8240795b728b9d1bd1e0
slurm_outputs/5701051.out	slurm_outputs/5701051.out	2c20e525f0c89545dd826c05cd6fb7fc88367511fcccb94bab21d8798ba34d5e	2c20e525f0c89545dd826c05cd6fb7fc88367511fcccb94bab21d8798ba34d5e
slurm_outputs/5747148.out	slurm_outputs/5747148.out	7b8a0bc7bfb794d3539ea917e742ce984aaafa9b24f9b5a527169e8daba7cef9	7b8a0bc7bfb794d3539ea917e742ce984aaafa9b24f9b5a527169e8daba7cef9
slurm_outputs/5700454.out	slurm_outputs/5700454.out	9cb9947055ec3b6fca331a06d2a7e1ec438ac802a1832ab868b2560e0f433714	9cb9947055ec3b6fca331a06d2a7e1ec438ac802a1832ab868b2560e0f433714
slurm_outputs/5772416.out	slurm_outputs/5772416.out	b695e70b1ddd97ff2bbdf7deea01c959a44950a1cfeeb5c08f6d9800f9b68fc4	b695e70b1ddd97ff2bbdf7deea01c959a44950a1cfeeb5c08f6d9800f9b68fc4
slurm_outputs/5747150.out	slurm_outputs/5747150.out	3513f7297f4a0e3260d1fd18e3cc315f3633d7fd62d480f6c3bff2e7dfe2d542	3513f7297f4a0e3260d1fd18e3cc315f3633d7fd62d480f6c3bff2e7dfe2d542
slurm_outputs/5683471.out	slurm_outputs/5683471.out	f3406e065d364d046586df50f4a18983ecaf57be714361d5b35aeb53314d305a	f3406e065d364d046586df50f4a18983ecaf57be714361d5b35aeb53314d305a
slurm_outputs/5676499.out	slurm_outputs/5676499.out	320645b83884186bc8d35c8582104178b32b071ce1e6e97b839174238707fd93	320645b83884186bc8d35c8582104178b32b071ce1e6e97b839174238707fd93
slurm_outputs/5759811.out	slurm_outputs/5759811.out	dad9524ab68962dfae8bf8a29663644c103d1d0ec86b68e721d04ebc634503ed	dad9524ab68962dfae8bf8a29663644c103d1d0ec86b68e721d04ebc634503ed
slurm_outputs/5676513.out	slurm_outputs/5676513.out	d6216582ed05edefc84f1e50afd76c60c312baf98fc946f51b2671fe9df73149	d6216582ed05edefc84f1e50afd76c60c312baf98fc946f51b2671fe9df73149
slurm_outputs/5703176.out	slurm_outputs/5703176.out	0f89a7f61171ce84b7b49d99f80ba2e98b8c404f45c319e0881b8fa3f8160189	0f89a7f61171ce84b7b49d99f80ba2e98b8c404f45c319e0881b8fa3f8160189
slurm_outputs/5675616.out	slurm_outputs/5675616.out	3453a0293f26ddc56cbd715c7e06e901b1f0c99f6b2c6ff9f3bf84c5586ca1de	3453a0293f26ddc56cbd715c7e06e901b1f0c99f6b2c6ff9f3bf84c5586ca1de
slurm_outputs/5747098.out	slurm_outputs/5747098.out	132626ca6fbb812adc19e145a33984b40fa68b2403bda50a4f9c8dea3ec0d37e	132626ca6fbb812adc19e145a33984b40fa68b2403bda50a4f9c8dea3ec0d37e
slurm_outputs/5701033.out	slurm_outputs/5701033.out	765c6a5ebbe70860797130b4baad33d8e3e86e42363dd856b886bf59c85a9db5	765c6a5ebbe70860797130b4baad33d8e3e86e42363dd856b886bf59c85a9db5
slurm_outputs/5675621.out	slurm_outputs/5675621.out	3453a0293f26ddc56cbd715c7e06e901b1f0c99f6b2c6ff9f3bf84c5586ca1de	3453a0293f26ddc56cbd715c7e06e901b1f0c99f6b2c6ff9f3bf84c5586ca1de
slurm_outputs/5683474.out	slurm_outputs/5683474.out	fd1cc2433929a6798c5cc8e4414026b14183bee83e20bb900ada0836386bc510	fd1cc2433929a6798c5cc8e4414026b14183bee83e20bb900ada0836386bc510
slurm_outputs/5701045.out	slurm_outputs/5701045.out	53e6f902540f4e23517be3bc9c41ac362d737be51aab4375ea0bf6f008b38934	53e6f902540f4e23517be3bc9c41ac362d737be51aab4375ea0bf6f008b38934
slurm_outputs/5631897.out	slurm_outputs/5631897.out	011dc38af18600c12fba890e71bb8b85caa5a082261682f12ddc7d67f6bb108f	011dc38af18600c12fba890e71bb8b85caa5a082261682f12ddc7d67f6bb108f
slurm_outputs/5700443.out	slurm_outputs/5700443.out	32f89bc9bf55fc1502346009862dd0d7df6a0f4e623af769580f351ed58384c2	32f89bc9bf55fc1502346009862dd0d7df6a0f4e623af769580f351ed58384c2
slurm_outputs/5683469.out	slurm_outputs/5683469.out	1d7c7f09a3de8cd7679633e3d748d2a393d91d03dfbbc65f5cc51abd8f346fbc	1d7c7f09a3de8cd7679633e3d748d2a393d91d03dfbbc65f5cc51abd8f346fbc
slurm_outputs/5700420.out	slurm_outputs/5700420.out	486e9c14a290bfb19f7104f82e79cf55ebb80423dd9ebf769da75b86066ffc54	486e9c14a290bfb19f7104f82e79cf55ebb80423dd9ebf769da75b86066ffc54
slurm_outputs/5700439.out	slurm_outputs/5700439.out	988ef8b4a857a71ea90d1b662649147c3ed2947ba89a6d8c12b3b131f5a8fdce	988ef8b4a857a71ea90d1b662649147c3ed2947ba89a6d8c12b3b131f5a8fdce
slurm_outputs/5697778.out	slurm_outputs/5697778.out	257f833a301b4419e1e4760292dc39fdcb1c80cd006bfa468ca2b4eea8a053a1	257f833a301b4419e1e4760292dc39fdcb1c80cd006bfa468ca2b4eea8a053a1
slurm_outputs/5767306.out	slurm_outputs/5767306.out	690278285ad9c729c182cb89826290ec94ec82680d0cf1a3ab3a5a791ed97d4e	690278285ad9c729c182cb89826290ec94ec82680d0cf1a3ab3a5a791ed97d4e
slurm_outputs/5701037.out	slurm_outputs/5701037.out	fe67a0560872b2e2166e45c78d4efc6720dc09016abe71cd6a40c94086eb8065	fe67a0560872b2e2166e45c78d4efc6720dc09016abe71cd6a40c94086eb8065
slurm_outputs/5703151.out	slurm_outputs/5703151.out	d4bb8de45ff5ce1a973e474f7f663f80347f101bc11282650f41e10076194fe8	d4bb8de45ff5ce1a973e474f7f663f80347f101bc11282650f41e10076194fe8
slurm_outputs/5759821.out	slurm_outputs/5759821.out	a26a996331ac2e6fb211ba6feb9ff0389b0e77b2aada94c4ba9dc7f7f03fcc34	a26a996331ac2e6fb211ba6feb9ff0389b0e77b2aada94c4ba9dc7f7f03fcc34
slurm_outputs/5700664.out	slurm_outputs/5700664.out	9cfac4366b8ef45caa1ce3cf55dce1d06b6e883d34d6ef80723947fdd9f76bc3	9cfac4366b8ef45caa1ce3cf55dce1d06b6e883d34d6ef80723947fdd9f76bc3
slurm_outputs/5702261.out	slurm_outputs/5702261.out	cf7af54eeeb7aa8857190c7673847f9437ce66e5fda819e13cc9a849cdf202b3	cf7af54eeeb7aa8857190c7673847f9437ce66e5fda819e13cc9a849cdf202b3
slurm_outputs/5747157.out	slurm_outputs/5747157.out	41a6dc9f30e60639d75836d2da68efbc7e3ad0360aea5f2a652ec31f54ade669	41a6dc9f30e60639d75836d2da68efbc7e3ad0360aea5f2a652ec31f54ade669
slurm_outputs/5747160.out	slurm_outputs/5747160.out	45c1c7bc513b65fdd975c7414805cb7f0ed8b3d28ac41b116bc42296208c052d	45c1c7bc513b65fdd975c7414805cb7f0ed8b3d28ac41b116bc42296208c052d
slurm_outputs/5700558.out	slurm_outputs/5700558.out	14e3327db4917fcac7ca21d4edd90085ff89a0184f3dceab49e48f920070c196	14e3327db4917fcac7ca21d4edd90085ff89a0184f3dceab49e48f920070c196
slurm_outputs/5682666.out	slurm_outputs/5682666.out	cf92efec8e8bc4add9b285eb08929a750e64a4ffd053b28dc67a31cde532e845	cf92efec8e8bc4add9b285eb08929a750e64a4ffd053b28dc67a31cde532e845
slurm_outputs/5702256.out	slurm_outputs/5702256.out	7cbfc081cd3cf5d0ace9f9b16c3d604b69860fd1a04b7135a0c852fb18768f4d	7cbfc081cd3cf5d0ace9f9b16c3d604b69860fd1a04b7135a0c852fb18768f4d
slurm_outputs/5675577.out	slurm_outputs/5675577.out	0553ef4b01dc7ad2cb3138c514825331376b12f2359b2aa13c098fa3a526ac67	0553ef4b01dc7ad2cb3138c514825331376b12f2359b2aa13c098fa3a526ac67
slurm_outputs/5675582.out	slurm_outputs/5675582.out	dee586866162b722c1b5e86bf4b8b9d78a605a903f375f60af07ece6335ceee3	dee586866162b722c1b5e86bf4b8b9d78a605a903f375f60af07ece6335ceee3
slurm_outputs/5683311.out	slurm_outputs/5683311.out	a787f35a75b2b2ae3c276492429df5158ced70161502d5e26ada2fbd3063952b	a787f35a75b2b2ae3c276492429df5158ced70161502d5e26ada2fbd3063952b
slurm_outputs/5759920.out	slurm_outputs/5759920.out	106b633bf26f67c4cc6227a3cc255051294dfaa26213924f305a91c154aa9950	106b633bf26f67c4cc6227a3cc255051294dfaa26213924f305a91c154aa9950
slurm_outputs/5702249.out	slurm_outputs/5702249.out	ce8df3466f150009cb60e315cf47ddaec68170488694c044288922eec18172bb	ce8df3466f150009cb60e315cf47ddaec68170488694c044288922eec18172bb
slurm_outputs/5759814.out	slurm_outputs/5759814.out	f09f14353d4b778ef389facc3615ee0163f60be889702a99b8a27b842635dd43	f09f14353d4b778ef389facc3615ee0163f60be889702a99b8a27b842635dd43
slurm_outputs/5701047.out	slurm_outputs/5701047.out	6a0848be6006edecc5fdec968805624888aaf306a2e3d468973ffab5b0dc0ca4	6a0848be6006edecc5fdec968805624888aaf306a2e3d468973ffab5b0dc0ca4
slurm_outputs/5542815.out	slurm_outputs/5542815.out	8e006bf5d429c22ba998118f8bbc0610899351991f185b3ee0d15640306d9eca	8e006bf5d429c22ba998118f8bbc0610899351991f185b3ee0d15640306d9eca
slurm_outputs/5700665.out	slurm_outputs/5700665.out	2071daf52febaa0f8c5ce2784d7ea7d4bb882c648add19b74e9c04752b509384	2071daf52febaa0f8c5ce2784d7ea7d4bb882c648add19b74e9c04752b509384
slurm_outputs/5675578.out	slurm_outputs/5675578.out	4934830c5fa89228665f6a2b45524617b331dad371f92689c9af645fad9c78b5	4934830c5fa89228665f6a2b45524617b331dad371f92689c9af645fad9c78b5
slurm_outputs/5702269.out	slurm_outputs/5702269.out	df32bc05ef4f019f0ea14404b39eb5756446f1c48c5701bcd2adbb2a2d369055	df32bc05ef4f019f0ea14404b39eb5756446f1c48c5701bcd2adbb2a2d369055
slurm_outputs/5701036.out	slurm_outputs/5701036.out	777c0db1c6c7e38f8d9ecee02ee1a384755df811cff76c3d5422ed86555645e7	777c0db1c6c7e38f8d9ecee02ee1a384755df811cff76c3d5422ed86555645e7
slurm_outputs/5700732.out	slurm_outputs/5700732.out	52dc9f3628bd1c3e28fe6d7178d1ec164e8278d639a86fcc3990caa7622bb2df	52dc9f3628bd1c3e28fe6d7178d1ec164e8278d639a86fcc3990caa7622bb2df
slurm_outputs/5700553.out	slurm_outputs/5700553.out	e7b1af1bbe64668816ae037435f8418c2d95a4bdb551c6aa274297aae54c284b	e7b1af1bbe64668816ae037435f8418c2d95a4bdb551c6aa274297aae54c284b
slurm_outputs/5700736.out	slurm_outputs/5700736.out	5356dd72d6de51c3bb94c821cf9ce02c1f2a78fe152e47d4db012cb6c07f7c0c	5356dd72d6de51c3bb94c821cf9ce02c1f2a78fe152e47d4db012cb6c07f7c0c
slurm_outputs/5697751.out	slurm_outputs/5697751.out	abe0ae5d7eba89457a7dcc84f7efa7f4df60e6bc6414f4a34d73a463cc16fad5	abe0ae5d7eba89457a7dcc84f7efa7f4df60e6bc6414f4a34d73a463cc16fad5
slurm_outputs/5697763.out	slurm_outputs/5697763.out	7f043ef894f0ccaa6c1d8848781e13620455bb98f477a2a3942dbf17facdc3a1	7f043ef894f0ccaa6c1d8848781e13620455bb98f477a2a3942dbf17facdc3a1
slurm_outputs/5605591.out	slurm_outputs/5605591.out	cd6a1b4d873f03c3ec0f66233d92c8455daa58d96832a64f6cc8f8b6d62a5acc	cd6a1b4d873f03c3ec0f66233d92c8455daa58d96832a64f6cc8f8b6d62a5acc
slurm_outputs/5631866.out	slurm_outputs/5631866.out	532f6bb88d078c2ed7b72a67b22525ce0c37b31f9d6c971c1ece4ed5e11e54b3	532f6bb88d078c2ed7b72a67b22525ce0c37b31f9d6c971c1ece4ed5e11e54b3
slurm_outputs/5703163.out	slurm_outputs/5703163.out	b23deef5a6f37db23fca0c75000e077e3718c4994af65132bdb7beeb09329dde	b23deef5a6f37db23fca0c75000e077e3718c4994af65132bdb7beeb09329dde
slurm_outputs/5544560.out	slurm_outputs/5544560.out	0a9062458817b26d3239f67148008df83151fa6c2113d22f1bbf5f713b415e01	0a9062458817b26d3239f67148008df83151fa6c2113d22f1bbf5f713b415e01
slurm_outputs/5759820.out	slurm_outputs/5759820.out	d18f612628419bacc91b46002482cba7ede19112aad7e3b3ba68437716d157a9	d18f612628419bacc91b46002482cba7ede19112aad7e3b3ba68437716d157a9
slurm_outputs/5676512.out	slurm_outputs/5676512.out	c89a60cf447a1590e0a241a86f3ae35cdb730b426e0872ee7f849145ad8e0939	c89a60cf447a1590e0a241a86f3ae35cdb730b426e0872ee7f849145ad8e0939
slurm_outputs/5631958.out	slurm_outputs/5631958.out	29a69ddf03a2dca48f6fabab90a9052db8a2c2e60dcc50449a12ee14e73f3824	29a69ddf03a2dca48f6fabab90a9052db8a2c2e60dcc50449a12ee14e73f3824
slurm_outputs/5675620.out	slurm_outputs/5675620.out	3453a0293f26ddc56cbd715c7e06e901b1f0c99f6b2c6ff9f3bf84c5586ca1de	3453a0293f26ddc56cbd715c7e06e901b1f0c99f6b2c6ff9f3bf84c5586ca1de
slurm_outputs/5700425.out	slurm_outputs/5700425.out	819cbf93ea3bf00b740b101ab29e52268da326c030dead3d1b11f02d78d69993	819cbf93ea3bf00b740b101ab29e52268da326c030dead3d1b11f02d78d69993
slurm_outputs/5675580.out	slurm_outputs/5675580.out	cf45558bb5e5070068394b4ec43be5d14117ca211755aa2d4012cf220afc8259	cf45558bb5e5070068394b4ec43be5d14117ca211755aa2d4012cf220afc8259
slurm_outputs/5682671.out	slurm_outputs/5682671.out	beb133e0b1a731d41a67f558503d3c22837e1395ef62840898bac3a9123b3f14	beb133e0b1a731d41a67f558503d3c22837e1395ef62840898bac3a9123b3f14
slurm_outputs/5697796.out	slurm_outputs/5697796.out	e12669850d5d6e27a8304b97c43bd919e9058eb0c05eb60b42d3d50e88cadb68	e12669850d5d6e27a8304b97c43bd919e9058eb0c05eb60b42d3d50e88cadb68
slurm_outputs/5703372.out	slurm_outputs/5703372.out	d4175bd57fb430139c8cc984a2025d582e6f4b8dad4bd9a48aae2917fa6c8461	d4175bd57fb430139c8cc984a2025d582e6f4b8dad4bd9a48aae2917fa6c8461
slurm_outputs/5767304.out	slurm_outputs/5767304.out	09843c8d7cc86d98c3b8cfd8954bc1360c71c00b55ffbddb27d68e9374d6df7f	09843c8d7cc86d98c3b8cfd8954bc1360c71c00b55ffbddb27d68e9374d6df7f
slurm_outputs/5544264.out	slurm_outputs/5544264.out	20f6777918849d125abd3c6ca67450e1bfa8f3df07c3738a2988f39d74d8ea98	20f6777918849d125abd3c6ca67450e1bfa8f3df07c3738a2988f39d74d8ea98
slurm_outputs/5697757.out	slurm_outputs/5697757.out	207641738c4e8fc43d4f3b2b061354391470e8add188f5eb17611cc4a63dbaf6	207641738c4e8fc43d4f3b2b061354391470e8add188f5eb17611cc4a63dbaf6
slurm_outputs/5703174.out	slurm_outputs/5703174.out	d268d98206f64992b9281a62979ccfc1b5e56da1cb222170d7cb8d3e78576c56	d268d98206f64992b9281a62979ccfc1b5e56da1cb222170d7cb8d3e78576c56
slurm_outputs/5703169.out	slurm_outputs/5703169.out	fd5ce4767809c507b53d5f2c79ed58f8bf3ee640038241a0cc69691869e57f4b	fd5ce4767809c507b53d5f2c79ed58f8bf3ee640038241a0cc69691869e57f4b
slurm_outputs/5767433.out	slurm_outputs/5767433.out	e9ff5392fb8402dfe6a02a8fb2307178bc9b24d56f766f1d2d49e31af89b8eda	e9ff5392fb8402dfe6a02a8fb2307178bc9b24d56f766f1d2d49e31af89b8eda
slurm_outputs/5703375.out	slurm_outputs/5703375.out	9e34bdeb237222390624659b435d99aae505d017da1f8ddf8ce26f176dbd9421	9e34bdeb237222390624659b435d99aae505d017da1f8ddf8ce26f176dbd9421
slurm_outputs/5682662.out	slurm_outputs/5682662.out	fd0fd68a323e1b6059a717eec853d0efa77949997bcc1d6d5c09a9cc9ddd8d69	fd0fd68a323e1b6059a717eec853d0efa77949997bcc1d6d5c09a9cc9ddd8d69
slurm_outputs/5700737.out	slurm_outputs/5700737.out	18605eb4de566f6c22e9c858ea844f5432e82669950200087c675f1aeba5efef	18605eb4de566f6c22e9c858ea844f5432e82669950200087c675f1aeba5efef
slurm_outputs/5682656.out	slurm_outputs/5682656.out	aa391e7e975b936be2fff8bb3d281028e8c087ad75609cbcadd66c170a2ef98d	aa391e7e975b936be2fff8bb3d281028e8c087ad75609cbcadd66c170a2ef98d
slurm_outputs/5697800.out	slurm_outputs/5697800.out	02cee3d662f1bd06b4024c88ecafc734cd917f8c10bbca4a376de677153d14a4	02cee3d662f1bd06b4024c88ecafc734cd917f8c10bbca4a376de677153d14a4
slurm_outputs/5697764.out	slurm_outputs/5697764.out	3883b54deefed74e544355903749096c501d81b0f22448d8a4a53cec338f0f79	3883b54deefed74e544355903749096c501d81b0f22448d8a4a53cec338f0f79
slurm_outputs/5700435.out	slurm_outputs/5700435.out	3c5afc7f32e7f7c26f9253209947033eb60c3c24133a5472b0c5f7a2dbbd929b	3c5afc7f32e7f7c26f9253209947033eb60c3c24133a5472b0c5f7a2dbbd929b
slurm_outputs/5675574.out	slurm_outputs/5675574.out	f162215ce4e82ffa27d5dc01aeb5a38b8a0d8ddb0d4b130ae6f9dfe56cda5f3f	f162215ce4e82ffa27d5dc01aeb5a38b8a0d8ddb0d4b130ae6f9dfe56cda5f3f
slurm_outputs/5675617.out	slurm_outputs/5675617.out	3453a0293f26ddc56cbd715c7e06e901b1f0c99f6b2c6ff9f3bf84c5586ca1de	3453a0293f26ddc56cbd715c7e06e901b1f0c99f6b2c6ff9f3bf84c5586ca1de
slurm_outputs/5703380.out	slurm_outputs/5703380.out	8a367ccaf4797e9de929b29cd8812412fa5376c3932999a9a6c8b16ebdc2018e	8a367ccaf4797e9de929b29cd8812412fa5376c3932999a9a6c8b16ebdc2018e
slurm_outputs/5697780.out	slurm_outputs/5697780.out	ad1f13df23db5145b1bef5cc7f2fb70bc13309791ec77e8d20d729737d4703b2	ad1f13df23db5145b1bef5cc7f2fb70bc13309791ec77e8d20d729737d4703b2
slurm_outputs/5700451.out	slurm_outputs/5700451.out	37fb8205408024dc2bbe04bf95185015a5015a17311c6a4917391aad28c34820	37fb8205408024dc2bbe04bf95185015a5015a17311c6a4917391aad28c34820
slurm_outputs/5700419.out	slurm_outputs/5700419.out	7021656f3afd492d2b14533dca556460c2b140dd065a8e582cce5f994a370436	7021656f3afd492d2b14533dca556460c2b140dd065a8e582cce5f994a370436
slurm_outputs/5683492.out	slurm_outputs/5683492.out	c839b007afb98f6db8a08a82c670b80f4428b54cc10133fc7d2d09967576e479	c839b007afb98f6db8a08a82c670b80f4428b54cc10133fc7d2d09967576e479
slurm_outputs/5700556.out	slurm_outputs/5700556.out	a54c49df0259d73cad84842e41b04fd1842493436815841272328caa62ebebbf	a54c49df0259d73cad84842e41b04fd1842493436815841272328caa62ebebbf
slurm_outputs/5682659.out	slurm_outputs/5682659.out	07649684cd5c2bc1013425d7a179dcc0ced0ed54ee338b7ea4c433c4ffd784fc	07649684cd5c2bc1013425d7a179dcc0ced0ed54ee338b7ea4c433c4ffd784fc
slurm_outputs/5703374.out	slurm_outputs/5703374.out	240e2943c4667816ec4f95f6bac604d98d97dde9d319055ced90c90749edefe9	240e2943c4667816ec4f95f6bac604d98d97dde9d319055ced90c90749edefe9
slurm_outputs/5747149.out	slurm_outputs/5747149.out	6aaad2888df1ceae01c15d67ad110e02e3cd96433777996e869a13b4b851db21	6aaad2888df1ceae01c15d67ad110e02e3cd96433777996e869a13b4b851db21
slurm_outputs/5759809.out	slurm_outputs/5759809.out	83d235bb5645d29436068076604189ea7bc788e279b8d17ebb741290afa92059	83d235bb5645d29436068076604189ea7bc788e279b8d17ebb741290afa92059
slurm_outputs/5759823.out	slurm_outputs/5759823.out	a3613352e0e99cf2ea43c2a869b1cc8f0fc8db52bb442401bcf78cbdd4c96f2c	a3613352e0e99cf2ea43c2a869b1cc8f0fc8db52bb442401bcf78cbdd4c96f2c
slurm_outputs/5759922.out	slurm_outputs/5759922.out	2243ed7af3609c3d7cce22a67d4badea18a4205bd2e822f3def5b9759916d367	2243ed7af3609c3d7cce22a67d4badea18a4205bd2e822f3def5b9759916d367
slurm_outputs/5703153.out	slurm_outputs/5703153.out	a506fa8f7308e6f305b210c7e13a009e39b4406f1c0d4960d2b10531062dab37	a506fa8f7308e6f305b210c7e13a009e39b4406f1c0d4960d2b10531062dab37
slurm_outputs/5700427.out	slurm_outputs/5700427.out	882d8871b922859633fc5312c9d0256ac3f89f166907c679b20e5a56cd8714f8	882d8871b922859633fc5312c9d0256ac3f89f166907c679b20e5a56cd8714f8
slurm_outputs/5675625.out	slurm_outputs/5675625.out	3453a0293f26ddc56cbd715c7e06e901b1f0c99f6b2c6ff9f3bf84c5586ca1de	3453a0293f26ddc56cbd715c7e06e901b1f0c99f6b2c6ff9f3bf84c5586ca1de
slurm_outputs/5697788.out	slurm_outputs/5697788.out	a42ad0142865ab50cd899e272e5d128148155a2cf5377a68cf6e5ef0bdd8c9b4	a42ad0142865ab50cd899e272e5d128148155a2cf5377a68cf6e5ef0bdd8c9b4
slurm_outputs/5675615.out	slurm_outputs/5675615.out	3453a0293f26ddc56cbd715c7e06e901b1f0c99f6b2c6ff9f3bf84c5586ca1de	3453a0293f26ddc56cbd715c7e06e901b1f0c99f6b2c6ff9f3bf84c5586ca1de
slurm_outputs/5700670.out	slurm_outputs/5700670.out	cca68bf63c23892360407ee12b00137a2858652208cc500f8a9bacce9f94439b	cca68bf63c23892360407ee12b00137a2858652208cc500f8a9bacce9f94439b
slurm_outputs/5675624.out	slurm_outputs/5675624.out	3453a0293f26ddc56cbd715c7e06e901b1f0c99f6b2c6ff9f3bf84c5586ca1de	3453a0293f26ddc56cbd715c7e06e901b1f0c99f6b2c6ff9f3bf84c5586ca1de
slurm_outputs/5631895.out	slurm_outputs/5631895.out	a1b1712018bb3f3fbab5a2e603e76c2f6828b8e9c55a5cc9785f4fa5846a245f	a1b1712018bb3f3fbab5a2e603e76c2f6828b8e9c55a5cc9785f4fa5846a245f
slurm_outputs/5700429.out	slurm_outputs/5700429.out	fbafdd467e89585054576438afa09f0b0746dc3ee2d3e37b763899fa5b4e1791	fbafdd467e89585054576438afa09f0b0746dc3ee2d3e37b763899fa5b4e1791
slurm_outputs/5697781.out	slurm_outputs/5697781.out	b13033927804f2c2a02883326db323aa7fde7744175d3c3da251221f7da9c1b4	b13033927804f2c2a02883326db323aa7fde7744175d3c3da251221f7da9c1b4
slurm_outputs/5759807.out	slurm_outputs/5759807.out	4f34721dd35e5c046cc3d509ba75b32a426ad27f57e235b7937e4d39dddb3513	4f34721dd35e5c046cc3d509ba75b32a426ad27f57e235b7937e4d39dddb3513
slurm_outputs/5703161.out	slurm_outputs/5703161.out	7d4cf53e654a6668ed62fbe746e0852c7ab19d909926323de625a003c658ea50	7d4cf53e654a6668ed62fbe746e0852c7ab19d909926323de625a003c658ea50
slurm_outputs/5701034.out	slurm_outputs/5701034.out	cbcdf669177adb7239280b758e9b5a92a9a21e735e53a886d6345d8f4809755a	cbcdf669177adb7239280b758e9b5a92a9a21e735e53a886d6345d8f4809755a
slurm_outputs/5682672.out	slurm_outputs/5682672.out	6b342f05d02069b0ebf3b251f771011ae2c83672cac0c87f4351468a0400a9a1	6b342f05d02069b0ebf3b251f771011ae2c83672cac0c87f4351468a0400a9a1
slurm_outputs/5700554.out	slurm_outputs/5700554.out	57633780a1d43eb31e49741007ba98d99c8c3c8ef4202cf1cfce34bc1a585540	57633780a1d43eb31e49741007ba98d99c8c3c8ef4202cf1cfce34bc1a585540
slurm_outputs/5683470.out	slurm_outputs/5683470.out	bfb0457655da5cfe1a0ef93bd81d84cdc67fdfbaa2c32e9aabd5c3fb9c5d0da5	bfb0457655da5cfe1a0ef93bd81d84cdc67fdfbaa2c32e9aabd5c3fb9c5d0da5
slurm_outputs/5683473.out	slurm_outputs/5683473.out	ac8a302496bd4b1d796cfd18653fe4da0d0e5e3aea27ccbff32fe58ffd9b5c5c	ac8a302496bd4b1d796cfd18653fe4da0d0e5e3aea27ccbff32fe58ffd9b5c5c
slurm_outputs/5682660.out	slurm_outputs/5682660.out	bca3fd2675cd36a98c160b3ef3c2bf07ec33f580bd4571336f569c99857c962c	bca3fd2675cd36a98c160b3ef3c2bf07ec33f580bd4571336f569c99857c962c
slurm_outputs/5759914.out	slurm_outputs/5759914.out	f5864a3e966e6d2c00d8c4f37d5fecd2cdbab703c9e8543ba113ee8e3c440ca5	f5864a3e966e6d2c00d8c4f37d5fecd2cdbab703c9e8543ba113ee8e3c440ca5
slurm_outputs/5703377.out	slurm_outputs/5703377.out	f6d55500ef3b424bf9e3b4ca42a7102d369b2b89cf7b63e92d39c1a93bd13ec1	f6d55500ef3b424bf9e3b4ca42a7102d369b2b89cf7b63e92d39c1a93bd13ec1
slurm_outputs/5697755.out	slurm_outputs/5697755.out	1b3623a54cf5181307f4b81ffcf3ec2f02076e1582d597188d0470d54fe94366	1b3623a54cf5181307f4b81ffcf3ec2f02076e1582d597188d0470d54fe94366
slurm_outputs/5703382.out	slurm_outputs/5703382.out	5a5000335a7ca46430a9a602c60132b6ffd38ca0d72f11186aedaf1e6a52b858	5a5000335a7ca46430a9a602c60132b6ffd38ca0d72f11186aedaf1e6a52b858
slurm_outputs/5702246.out	slurm_outputs/5702246.out	32d01ba8dc9ab3336d09e300f6c3737f76383d40a0f82fa7435d86711cef0519	32d01ba8dc9ab3336d09e300f6c3737f76383d40a0f82fa7435d86711cef0519
slurm_outputs/5703162.out	slurm_outputs/5703162.out	72e3e5dd5e2ba60a31d5de95f07460efa6b322f4293677873772b0af176776ce	72e3e5dd5e2ba60a31d5de95f07460efa6b322f4293677873772b0af176776ce
slurm_outputs/5702258.out	slurm_outputs/5702258.out	543dbdcc820ac9d5153ff8fdc08cdd28b59d4ac4b3da7368f0341a8da65118af	543dbdcc820ac9d5153ff8fdc08cdd28b59d4ac4b3da7368f0341a8da65118af
slurm_outputs/5700738.out	slurm_outputs/5700738.out	7cf85b172c1cea87f3d88690ea14aaac2dc05b7c12eb129958233aedac672506	7cf85b172c1cea87f3d88690ea14aaac2dc05b7c12eb129958233aedac672506
slurm_outputs/5701041.out	slurm_outputs/5701041.out	89b03177a60e0f4b2c4ec62d738378b1d65566dba2661da1c2fa137626b98ec0	89b03177a60e0f4b2c4ec62d738378b1d65566dba2661da1c2fa137626b98ec0
slurm_outputs/5683310.out	slurm_outputs/5683310.out	de8a2c6942d454b54f680b9490bd20e356d6fd237f0f7079ffcdeb71bdb33eea	de8a2c6942d454b54f680b9490bd20e356d6fd237f0f7079ffcdeb71bdb33eea
slurm_outputs/5700442.out	slurm_outputs/5700442.out	6d3b12dfe976573951032c8ac2160aebbd8b8f6974b667f9f47146e2623e1318	6d3b12dfe976573951032c8ac2160aebbd8b8f6974b667f9f47146e2623e1318
slurm_outputs/5683485.out	slurm_outputs/5683485.out	a2ac9d551ea919e69f930d902130aa6c3cbbe515c44587d35171e47bd907f04a	a2ac9d551ea919e69f930d902130aa6c3cbbe515c44587d35171e47bd907f04a
slurm_outputs/5631827.out	slurm_outputs/5631827.out	734102368158ff9559e13efdf447c3f12e3f3b7263587ac921f491510817c4d2	734102368158ff9559e13efdf447c3f12e3f3b7263587ac921f491510817c4d2
slurm_outputs/5675584.out	slurm_outputs/5675584.out	9ecca9c5f2dc05ffa6f917d02ea794a7c052b757366f0da03eea95a65b816f19	9ecca9c5f2dc05ffa6f917d02ea794a7c052b757366f0da03eea95a65b816f19
slurm_outputs/5675623.out	slurm_outputs/5675623.out	3453a0293f26ddc56cbd715c7e06e901b1f0c99f6b2c6ff9f3bf84c5586ca1de	3453a0293f26ddc56cbd715c7e06e901b1f0c99f6b2c6ff9f3bf84c5586ca1de
slurm_outputs/5702241.out	slurm_outputs/5702241.out	22a796e899c318000f0c5cb57fd99f5602ac3eb589a5e0f750c3edd4c91953b4	22a796e899c318000f0c5cb57fd99f5602ac3eb589a5e0f750c3edd4c91953b4
slurm_outputs/5703180.out	slurm_outputs/5703180.out	ffd63271b669bd8db910910805d04c95286475ba1295dc647c7d05d7964a646f	ffd63271b669bd8db910910805d04c95286475ba1295dc647c7d05d7964a646f
slurm_outputs/5703177.out	slurm_outputs/5703177.out	37921c0d5a79f4ddb1d3fd1250288bea1d8884925fb4c792023b9169cbb4d87a	37921c0d5a79f4ddb1d3fd1250288bea1d8884925fb4c792023b9169cbb4d87a
slurm_outputs/5700550.out	slurm_outputs/5700550.out	592891244560135ba26ab9d079f6019ee8c561ad348da592e948a7886dcf70b0	592891244560135ba26ab9d079f6019ee8c561ad348da592e948a7886dcf70b0
slurm_outputs/5747155.out	slurm_outputs/5747155.out	eda316be6cfd869154f513c3d44e90e1e8e549be13ca18aab9c5d0aa9195c762	eda316be6cfd869154f513c3d44e90e1e8e549be13ca18aab9c5d0aa9195c762
slurm_outputs/5683472.out	slurm_outputs/5683472.out	eca7a2efc8cd32a1868539eea25e255ac89dbb3d3171846da8cc7db6c249bffb	eca7a2efc8cd32a1868539eea25e255ac89dbb3d3171846da8cc7db6c249bffb
slurm_outputs/5700445.out	slurm_outputs/5700445.out	9252f7bbc229db4883676a46ce4e414b12551b1194b8af04e6159e6b6718e94d	9252f7bbc229db4883676a46ce4e414b12551b1194b8af04e6159e6b6718e94d
slurm_outputs/5676502.out	slurm_outputs/5676502.out	efc4441d73acd93132c2fbb65b72d9dcc3e4c8cd6bb8a2ddc5d643c1376040d6	efc4441d73acd93132c2fbb65b72d9dcc3e4c8cd6bb8a2ddc5d643c1376040d6
slurm_outputs/5700671.out	slurm_outputs/5700671.out	ac270b59d1d0989b8094eb5423686fad47b2f4a8222ef649cf59aee8bcce59a4	ac270b59d1d0989b8094eb5423686fad47b2f4a8222ef649cf59aee8bcce59a4
slurm_outputs/5599318.out	slurm_outputs/5599318.out	9c66d141b0fd9dcf9948dea9c7f6fcd693fcde11c8480474611f2033f4a757e6	9c66d141b0fd9dcf9948dea9c7f6fcd693fcde11c8480474611f2033f4a757e6
slurm_outputs/5675585.out	slurm_outputs/5675585.out	d9eeabaf2199f8ba0f4b4ac4a542553bdd4b6dca7a1f92f3657fee76de912606	d9eeabaf2199f8ba0f4b4ac4a542553bdd4b6dca7a1f92f3657fee76de912606
slurm_outputs/5767308.out	slurm_outputs/5767308.out	016790f0df6f5b9d8c0da59125702e9b014f02df33c069a3b042bc96b3c6eb2a	016790f0df6f5b9d8c0da59125702e9b014f02df33c069a3b042bc96b3c6eb2a
slurm_outputs/5767303.out	slurm_outputs/5767303.out	b74e652609f13359058f665a84efb8c8d2fb2177d1890505958c6932b2408fa0	b74e652609f13359058f665a84efb8c8d2fb2177d1890505958c6932b2408fa0
slurm_outputs/5759805.out	slurm_outputs/5759805.out	43b6a0912b5d9e021af024fd9bfbb1cf2145244172ff700bb4138e77b8575bdc	43b6a0912b5d9e021af024fd9bfbb1cf2145244172ff700bb4138e77b8575bdc
slurm_outputs/5700668.out	slurm_outputs/5700668.out	5a7c22a560f93a6f2d7ea5023eb04e7109c8d6cd2ef8679ca1b0f190fa55a7a4	5a7c22a560f93a6f2d7ea5023eb04e7109c8d6cd2ef8679ca1b0f190fa55a7a4
slurm_outputs/5759919.out	slurm_outputs/5759919.out	7596a6b80f7a73ece51f8d9154f03bed62b51ec35de0665242a1d53c26630950	7596a6b80f7a73ece51f8d9154f03bed62b51ec35de0665242a1d53c26630950
slurm_outputs/5697776.out	slurm_outputs/5697776.out	cd94c628451afb351abb33bfb4cc3a23bab3529c50433790272de06955e5e50a	cd94c628451afb351abb33bfb4cc3a23bab3529c50433790272de06955e5e50a
slurm_outputs/5675572.out	slurm_outputs/5675572.out	8b90a5d096a2d5022cdb5635801dc18a4a45ea12ac8087edac8edec3db41888b	8b90a5d096a2d5022cdb5635801dc18a4a45ea12ac8087edac8edec3db41888b
slurm_outputs/5683314.out	slurm_outputs/5683314.out	0a0a4f49234ab6fe47d00050d4382a1dc1c039ea55d889dd35b3f45103f39fa3	0a0a4f49234ab6fe47d00050d4382a1dc1c039ea55d889dd35b3f45103f39fa3
slurm_outputs/5701052.out	slurm_outputs/5701052.out	a2f84ae895e71a6109700fcb52e7163a6a0dd47098bcb91ace86721fea8e3fe3	a2f84ae895e71a6109700fcb52e7163a6a0dd47098bcb91ace86721fea8e3fe3
slurm_outputs/5697783.out	slurm_outputs/5697783.out	d5be1342b4f09e75db56e30e64ec8a7b647849db78cc9896bf2187b8392f8e30	d5be1342b4f09e75db56e30e64ec8a7b647849db78cc9896bf2187b8392f8e30
slurm_outputs/5700544.out	slurm_outputs/5700544.out	b32d8c944d93e3314d45a9f038fb8cb8fcdccbac76c0fefc5f21a9aac2dedf8b	b32d8c944d93e3314d45a9f038fb8cb8fcdccbac76c0fefc5f21a9aac2dedf8b
slurm_outputs/5683313.out	slurm_outputs/5683313.out	6477e1ebd1cfeb4ace94f4698bfec49196e4086fbe48bce867ddd3e92b1f40a5	6477e1ebd1cfeb4ace94f4698bfec49196e4086fbe48bce867ddd3e92b1f40a5
slurm_outputs/5759819.out	slurm_outputs/5759819.out	8627a57e020e003450acfb683e3be3cf4eda0b945921063c641c89f3ff653e2c	8627a57e020e003450acfb683e3be3cf4eda0b945921063c641c89f3ff653e2c
slurm_outputs/5697795.out	slurm_outputs/5697795.out	91e4c63350929dad3b24f03dd3edc0438828e13370482f1f733ec9eceb8c538b	91e4c63350929dad3b24f03dd3edc0438828e13370482f1f733ec9eceb8c538b
slurm_outputs/5700436.out	slurm_outputs/5700436.out	90480d6ad627bb50005a8e42b9eed23942f69c080a89ac1662604949b36c66b3	90480d6ad627bb50005a8e42b9eed23942f69c080a89ac1662604949b36c66b3
slurm_outputs/5700526.out	slurm_outputs/5700526.out	e3ec84f2cd55d52d81d8b7cdfee07eeed23ebeb0ef6f84cb1a5d93fc74bc59a7	e3ec84f2cd55d52d81d8b7cdfee07eeed23ebeb0ef6f84cb1a5d93fc74bc59a7
slurm_outputs/5700733.out	slurm_outputs/5700733.out	084599f178e415ef6318bb3f59d7c2f05071a30ede1ae4b2279def88a36d3902	084599f178e415ef6318bb3f59d7c2f05071a30ede1ae4b2279def88a36d3902
slurm_outputs/5697756.out	slurm_outputs/5697756.out	297ce685fe8f3cccc02da218f0de06d0d7b58a012200f9685fe8baea393d9e50	297ce685fe8f3cccc02da218f0de06d0d7b58a012200f9685fe8baea393d9e50
slurm_outputs/5702274.out	slurm_outputs/5702274.out	6a424b610c77b8fc2dabdcdabc52546caa56dc76788870dd992cae2cc96f7ad3	6a424b610c77b8fc2dabdcdabc52546caa56dc76788870dd992cae2cc96f7ad3
slurm_outputs/5700739.out	slurm_outputs/5700739.out	db737c7f2804306370c1f608ba853cf35926853bd3988438f2c2cefcd74e586c	db737c7f2804306370c1f608ba853cf35926853bd3988438f2c2cefcd74e586c
slurm_outputs/5683477.out	slurm_outputs/5683477.out	a38c8adaf849ee5c5b2dba5513239356da3419e4c648c9c6bcd895183a2de321	a38c8adaf849ee5c5b2dba5513239356da3419e4c648c9c6bcd895183a2de321
slurm_outputs/5702278.out	slurm_outputs/5702278.out	45f5c3ed69aea6aea10e9f5d5b6068e3bb13702c73b45f06d65bd63ae934432e	45f5c3ed69aea6aea10e9f5d5b6068e3bb13702c73b45f06d65bd63ae934432e
slurm_outputs/5675583.out	slurm_outputs/5675583.out	c34c3cf5e4690eba1748ec9ddece2dbf591b70e54b81c8db347a7eff08a2a449	c34c3cf5e4690eba1748ec9ddece2dbf591b70e54b81c8db347a7eff08a2a449
slurm_outputs/5747151.out	slurm_outputs/5747151.out	6f6fc188dd3c5ffb9ed194efb83912b89d1ebf6ebb7420c4d1d17148a195b166	6f6fc188dd3c5ffb9ed194efb83912b89d1ebf6ebb7420c4d1d17148a195b166
slurm_outputs/5703170.out	slurm_outputs/5703170.out	273570601f307946f478ffc3483e6f8a0a5e3958cf7ff83b1dba38c61724fa1e	273570601f307946f478ffc3483e6f8a0a5e3958cf7ff83b1dba38c61724fa1e
slurm_outputs/5701054.out	slurm_outputs/5701054.out	4d0207089cfc44d86581d043df94ef43cfcc8a0ca13551088c828993bd6b19ab	4d0207089cfc44d86581d043df94ef43cfcc8a0ca13551088c828993bd6b19ab
slurm_outputs/5759804.out	slurm_outputs/5759804.out	37791c726a8a7cfbedcc594208da6ef86373ec38a8f2e04166f38ab6ef352eef	37791c726a8a7cfbedcc594208da6ef86373ec38a8f2e04166f38ab6ef352eef
slurm_outputs/5703168.out	slurm_outputs/5703168.out	af8109116fd15423f7716f4e8d679dd09ae513d091d09cf9ff496f9bae84097e	af8109116fd15423f7716f4e8d679dd09ae513d091d09cf9ff496f9bae84097e
slurm_outputs/5697752.out	slurm_outputs/5697752.out	c63db5e14ab9f9cbe6ae26831b8b42a7f35fe4715bfcd744fbfed1e75912a428	c63db5e14ab9f9cbe6ae26831b8b42a7f35fe4715bfcd744fbfed1e75912a428
slurm_outputs/5631825.out	slurm_outputs/5631825.out	0f6c11552ed525b3c6e3b17983ba2b26382f6d690462ecc457256b0cd81399a0	0f6c11552ed525b3c6e3b17983ba2b26382f6d690462ecc457256b0cd81399a0
slurm_outputs/5759817.out	slurm_outputs/5759817.out	98dbabf5f97f0648b68ee2a0f3a7a4bcb0596c4abfa4a2e58e5ca275425b18fc	98dbabf5f97f0648b68ee2a0f3a7a4bcb0596c4abfa4a2e58e5ca275425b18fc
slurm_outputs/5697784.out	slurm_outputs/5697784.out	661293f51fa39f0adca0ceec588347f81c8deafba156db14d2e1e38505095e56	661293f51fa39f0adca0ceec588347f81c8deafba156db14d2e1e38505095e56
slurm_outputs/5599317.out	slurm_outputs/5599317.out	7ac196f00d962e5d727551a39e597e0ae0bc87f8080630166f629fb73d8ecb5b	7ac196f00d962e5d727551a39e597e0ae0bc87f8080630166f629fb73d8ecb5b
slurm_outputs/5683312.out	slurm_outputs/5683312.out	a50fdd6e5d51ad1c55c31133bc4e8c116108df41562ad93c568d3a24fd91c20f	a50fdd6e5d51ad1c55c31133bc4e8c116108df41562ad93c568d3a24fd91c20f
slurm_outputs/5697765.out	slurm_outputs/5697765.out	2f3855dbf17928d4471680f4a0b00a8c7bb818cf9de9d5de4ee2a73f6d6d5f32	2f3855dbf17928d4471680f4a0b00a8c7bb818cf9de9d5de4ee2a73f6d6d5f32
slurm_outputs/5746590.out	slurm_outputs/5746590.out	53e9112bdc5d46891841583857abe7fb3b99091ad080c2b9e1669daf25209918	53e9112bdc5d46891841583857abe7fb3b99091ad080c2b9e1669daf25209918
slurm_outputs/5703378.out	slurm_outputs/5703378.out	18c24c79e2cd2447b3159ae972ec7e7c43a3d1498476dc2d92f2d87b9c81ff94	18c24c79e2cd2447b3159ae972ec7e7c43a3d1498476dc2d92f2d87b9c81ff94
slurm_outputs/5700449.out	slurm_outputs/5700449.out	d05a4a66766683b53332eb01656e9ddc8b03a8fdac78d9c7bc24de8ef70c224d	d05a4a66766683b53332eb01656e9ddc8b03a8fdac78d9c7bc24de8ef70c224d
slurm_outputs/5697770.out	slurm_outputs/5697770.out	9b56a7d2e12929bc4b70a22335e1eed378f800f8b0c1632902784f1e66175fdf	9b56a7d2e12929bc4b70a22335e1eed378f800f8b0c1632902784f1e66175fdf
slurm_outputs/5700433.out	slurm_outputs/5700433.out	72ebdff4e57b50313cc7369a01ac1f5917fee59996ad6f52bf70c5f5da02bc0c	72ebdff4e57b50313cc7369a01ac1f5917fee59996ad6f52bf70c5f5da02bc0c
slurm_outputs/5759915.out	slurm_outputs/5759915.out	f28f499a0a83f58c61231a549c5b72588e6af9a270d8ed27012010fb945045e5	f28f499a0a83f58c61231a549c5b72588e6af9a270d8ed27012010fb945045e5
slurm_outputs/5682661.out	slurm_outputs/5682661.out	1e53ebcdb8e62d0ed717464dd48d2e5c32b42a97c96a82583ce0f6e344fa05d1	1e53ebcdb8e62d0ed717464dd48d2e5c32b42a97c96a82583ce0f6e344fa05d1
slurm_outputs/5703381.out	slurm_outputs/5703381.out	5bcbfbe256ea77544d6a58b1e31587f5ea1c10c2d4142837be746146cf796f7c	5bcbfbe256ea77544d6a58b1e31587f5ea1c10c2d4142837be746146cf796f7c
slurm_outputs/5701039.out	slurm_outputs/5701039.out	ffe1d97746a24ecc1ecee66c5c524e1492847244c1b46ba155a7af8947155c99	ffe1d97746a24ecc1ecee66c5c524e1492847244c1b46ba155a7af8947155c99
slurm_outputs/5702248.out	slurm_outputs/5702248.out	ea77204fdaee122620bd99645f4b63893a15be325d87b01b6f6cc20388f16619	ea77204fdaee122620bd99645f4b63893a15be325d87b01b6f6cc20388f16619
slurm_outputs/5700437.out	slurm_outputs/5700437.out	d11f68c306043145ccd12272c42314ef7b335f4732f2387b9c07a948c81f740b	d11f68c306043145ccd12272c42314ef7b335f4732f2387b9c07a948c81f740b
slurm_outputs/5605585.out	slurm_outputs/5605585.out	9e0c9dad97e733776ed15a6663ea40bbf6a65f6cfebc019f9b63f9dfa555696e	9e0c9dad97e733776ed15a6663ea40bbf6a65f6cfebc019f9b63f9dfa555696e
slurm_outputs/5759916.out	slurm_outputs/5759916.out	ddcabbda2722784102716586908e5ce251bb53d709c0e6f426ee04309d5c5fbe	ddcabbda2722784102716586908e5ce251bb53d709c0e6f426ee04309d5c5fbe
slurm_outputs/5683479.out	slurm_outputs/5683479.out	aadfe1d49a9ebfb5a1c081e415ad7ad4d8081e9d296afba13c5fff2fc433c1f7	aadfe1d49a9ebfb5a1c081e415ad7ad4d8081e9d296afba13c5fff2fc433c1f7
slurm_outputs/5759824.out	slurm_outputs/5759824.out	aab9cd3738657c51a6e526e25b172d40e54e5ee2a865bb50c84263f515d31063	aab9cd3738657c51a6e526e25b172d40e54e5ee2a865bb50c84263f515d31063
slurm_outputs/5599319.out	slurm_outputs/5599319.out	ef9d72769aea9cc247c5ea9d95705836498337d10937cd4411fe4c688d56940c	ef9d72769aea9cc247c5ea9d95705836498337d10937cd4411fe4c688d56940c
slurm_outputs/5700557.out	slurm_outputs/5700557.out	7666748bc7d6e9d75e424b908fd24ee0b2eda8a3a3fb159a2b78b5a9a69f37ed	7666748bc7d6e9d75e424b908fd24ee0b2eda8a3a3fb159a2b78b5a9a69f37ed
slurm_outputs/5746592.out	slurm_outputs/5746592.out	9330ead25f7831729d0acfc23b519279acc75e29c746f7bfa8ca46195056e94b	9330ead25f7831729d0acfc23b519279acc75e29c746f7bfa8ca46195056e94b
slurm_outputs/5700446.out	slurm_outputs/5700446.out	3f34b77f20eefec7682111966a1184f01e9f3023a3c3aa2f1c6301e14a72fd60	3f34b77f20eefec7682111966a1184f01e9f3023a3c3aa2f1c6301e14a72fd60
slurm_outputs/5631863.out	slurm_outputs/5631863.out	0991d1b0c8dde0cdd1e1d28a48a491923fef732df1bfdeae6a0107e0ea4988d8	0991d1b0c8dde0cdd1e1d28a48a491923fef732df1bfdeae6a0107e0ea4988d8
slurm_outputs/5703160.out	slurm_outputs/5703160.out	0a7385156503c69e5b536513d95f57f214e9e89fdd2a816c08c40b3cc6952a52	0a7385156503c69e5b536513d95f57f214e9e89fdd2a816c08c40b3cc6952a52
slurm_outputs/5703149.out	slurm_outputs/5703149.out	33d035737cb0f9e2afad34cfbb5d8cbc4a36be735db1e041303c9a46e307265f	33d035737cb0f9e2afad34cfbb5d8cbc4a36be735db1e041303c9a46e307265f
slurm_outputs/manifest.tsv	slurm_outputs/manifest.tsv	2656f5e84a7560c97d8001eba5380bcb0e933d10b203433522d022b30aa0af47	2656f5e84a7560c97d8001eba5380bcb0e933d10b203433522d022b30aa0af47
slurm_outputs/5700548.out	slurm_outputs/5700548.out	544e71562a960d01fa5295311b09aabd163289d14b859f934a5673d8ebd789a0	544e71562a960d01fa5295311b09aabd163289d14b859f934a5673d8ebd789a0
slurm_outputs/5703147.out	slurm_outputs/5703147.out	b601272082f57b23f936ee9713e5095effc9979595768b70df16051ef49d1a57	b601272082f57b23f936ee9713e5095effc9979595768b70df16051ef49d1a57
slurm_outputs/5703376.out	slurm_outputs/5703376.out	0f60e7cc94dd3bd7d44d4e2d650e18853ea7e1a725d929d52dcbc87f37d14b5d	0f60e7cc94dd3bd7d44d4e2d650e18853ea7e1a725d929d52dcbc87f37d14b5d
slurm_outputs/5747152.out	slurm_outputs/5747152.out	c38d7a1a3de741ab2ae27aad7d1b1d3edbb5ebf5ac92c292bfd2fafa3146db39	c38d7a1a3de741ab2ae27aad7d1b1d3edbb5ebf5ac92c292bfd2fafa3146db39
slurm_outputs/5683308.out	slurm_outputs/5683308.out	c7902290b616805bfb104f2d97d3754debff203b9f5897816ff5aebb7393cad0	c7902290b616805bfb104f2d97d3754debff203b9f5897816ff5aebb7393cad0
slurm_outputs/5675614.out	slurm_outputs/5675614.out	3453a0293f26ddc56cbd715c7e06e901b1f0c99f6b2c6ff9f3bf84c5586ca1de	3453a0293f26ddc56cbd715c7e06e901b1f0c99f6b2c6ff9f3bf84c5586ca1de
slurm_outputs/5747153.out	slurm_outputs/5747153.out	33108fc629e424a4013bbc1e7e1d945391cb0dfafabba1a579644d8fee4fb3fd	33108fc629e424a4013bbc1e7e1d945391cb0dfafabba1a579644d8fee4fb3fd
slurm_outputs/5676509.out	slurm_outputs/5676509.out	85b6cdf31b75f8c8db2ae614db8bf27af05da0d35397d91844d8b41dd828eac3	85b6cdf31b75f8c8db2ae614db8bf27af05da0d35397d91844d8b41dd828eac3
slurm_outputs/5703164.out	slurm_outputs/5703164.out	812d8c2550cf97980e58d0281e983ea647fcbf767eda1f73960f0f565ec8e78c	812d8c2550cf97980e58d0281e983ea647fcbf767eda1f73960f0f565ec8e78c
slurm_outputs/5767307.out	slurm_outputs/5767307.out	4267e25ecad48255f32ae650c5da0039e56c3d2f4729578398346413ad239410	4267e25ecad48255f32ae650c5da0039e56c3d2f4729578398346413ad239410
slurm_outputs/5703179.out	slurm_outputs/5703179.out	fc98a2987c249958d0a4e71aa567fc9093039688314383b1d6c52663fb673a38	fc98a2987c249958d0a4e71aa567fc9093039688314383b1d6c52663fb673a38
slurm_outputs/5700426.out	slurm_outputs/5700426.out	effc9f6b650881c2c63ee27718b1cd131659bcf3db39e7c1f8575bd0feb937d4	effc9f6b650881c2c63ee27718b1cd131659bcf3db39e7c1f8575bd0feb937d4
slurm_outputs/5703146.out	slurm_outputs/5703146.out	c5281ee9638dee58bb7f03723ff6fe34462739cdf8f603b5777a0133f9369eb8	c5281ee9638dee58bb7f03723ff6fe34462739cdf8f603b5777a0133f9369eb8
slurm_outputs/5759808.out	slurm_outputs/5759808.out	43f69666c0feb933ca68685500549efd814be26bd2d89b1e8f3a339590739582	43f69666c0feb933ca68685500549efd814be26bd2d89b1e8f3a339590739582
slurm_outputs/5701038.out	slurm_outputs/5701038.out	8f39846e582b9668112861061242adcfd8005feddeab80b4cf5cda1e65de4788	8f39846e582b9668112861061242adcfd8005feddeab80b4cf5cda1e65de4788
slurm_outputs/5767311.out	slurm_outputs/5767311.out	055e3dc88883cae6d300387d24072e9016c3557cf8b77b20463df5fc34b17665	055e3dc88883cae6d300387d24072e9016c3557cf8b77b20463df5fc34b17665
slurm_outputs/5676504.out	slurm_outputs/5676504.out	6ad2526b4266d794436d74873d99f46098f153e07cc230ddbd8538af00f374be	6ad2526b4266d794436d74873d99f46098f153e07cc230ddbd8538af00f374be
slurm_outputs/5697791.out	slurm_outputs/5697791.out	b5b3d90557434eb683ad13c0415f471252d4f8cf2cd904bfd4c42e71f8ee25d7	b5b3d90557434eb683ad13c0415f471252d4f8cf2cd904bfd4c42e71f8ee25d7
slurm_outputs/5700430.out	slurm_outputs/5700430.out	f2c9ebbe20c28281c4142c5bb61499bf3022360aa3de4d5b75675873c6276115	f2c9ebbe20c28281c4142c5bb61499bf3022360aa3de4d5b75675873c6276115
slurm_outputs/5700740.out	slurm_outputs/5700740.out	99b174a6f9ea3fad6f68e053b35018beb028f185e5af11c34494a0b2c817d5d7	99b174a6f9ea3fad6f68e053b35018beb028f185e5af11c34494a0b2c817d5d7
slurm_outputs/5700428.out	slurm_outputs/5700428.out	f0e69f6c77bee6b8f7c5a4a9e0b38e1fe9ec53f2e954e0652c02b59586ebf60b	f0e69f6c77bee6b8f7c5a4a9e0b38e1fe9ec53f2e954e0652c02b59586ebf60b
slurm_outputs/5697758.out	slurm_outputs/5697758.out	34de0815bcba5078ad5006f5f68b05e895add1bfc16621c459777db416a85543	34de0815bcba5078ad5006f5f68b05e895add1bfc16621c459777db416a85543
slurm_outputs/5521981.out	slurm_outputs/5521981.out	c7ad53b89fe6d66c8cb46ff89dc75f3b150c9cc4f9b1acb74fc8ee77f0f824ca	c7ad53b89fe6d66c8cb46ff89dc75f3b150c9cc4f9b1acb74fc8ee77f0f824ca
slurm_outputs/5683475.out	slurm_outputs/5683475.out	eb19475b9bd1f8b23d3f44881afc541ef5bcac73cd1eedd88173f41bde45e6bc	eb19475b9bd1f8b23d3f44881afc541ef5bcac73cd1eedd88173f41bde45e6bc
slurm_outputs/5700110.out	slurm_outputs/5700110.out	bfd5a510529a76687d461c1247b9a88ab0457007a3fcf5dbd15e5d0740b75424	bfd5a510529a76687d461c1247b9a88ab0457007a3fcf5dbd15e5d0740b75424
slurm_outputs/5703167.out	slurm_outputs/5703167.out	d2bb84935a896271ed7602ab354065730fbaab91ce537c40c806ec356775c8c4	d2bb84935a896271ed7602ab354065730fbaab91ce537c40c806ec356775c8c4
slurm_outputs/5747161.out	slurm_outputs/5747161.out	f185cd397a05d2d0721677c0dd10fcad7cc10e83721a71a74fe90a19f73b6bd1	f185cd397a05d2d0721677c0dd10fcad7cc10e83721a71a74fe90a19f73b6bd1
slurm_outputs/5700555.out	slurm_outputs/5700555.out	4b2f0a2adacab01f8c3eb753e1021654d59eab7bfbf888491651f3bc9077628f	4b2f0a2adacab01f8c3eb753e1021654d59eab7bfbf888491651f3bc9077628f
slurm_outputs/5544561.out	slurm_outputs/5544561.out	53646b0229cbeb6ecaff43230737f335464a65a9ca6439883266e678d87bc807	53646b0229cbeb6ecaff43230737f335464a65a9ca6439883266e678d87bc807
slurm_outputs/5697798.out	slurm_outputs/5697798.out	b26f7a5fd8b1644584828ef8f150f2911770553c798af6a45abee44672f16f17	b26f7a5fd8b1644584828ef8f150f2911770553c798af6a45abee44672f16f17
slurm_outputs/5700440.out	slurm_outputs/5700440.out	ef81ff80ad7214092d82bf820b92757b9aa08b7667a2538d4eaafa7797a38467	ef81ff80ad7214092d82bf820b92757b9aa08b7667a2538d4eaafa7797a38467
slurm_outputs/5759828.out	slurm_outputs/5759828.out	9cbbdd484c53c9df1b83a2e5617140174df2571178acfd4142b77fdd16e31629	9cbbdd484c53c9df1b83a2e5617140174df2571178acfd4142b77fdd16e31629
slurm_outputs/5697789.out	slurm_outputs/5697789.out	bfcfcc7b17d81e2d7354a64239a0dc987a8d2f52e67a7f5f0d7896195386e83a	bfcfcc7b17d81e2d7354a64239a0dc987a8d2f52e67a7f5f0d7896195386e83a
slurm_outputs/5702276.out	slurm_outputs/5702276.out	c9bbee9c8bfd5bc89ec59c7b01bc99c49b52014165ce53416fa0ab86f2957c95	c9bbee9c8bfd5bc89ec59c7b01bc99c49b52014165ce53416fa0ab86f2957c95
slurm_outputs/5682667.out	slurm_outputs/5682667.out	78d2e05ac22722c2beb09fb3fcf39d1187a8ca71167ec403cd5cc44e66f40662	78d2e05ac22722c2beb09fb3fcf39d1187a8ca71167ec403cd5cc44e66f40662
slurm_outputs/5631864.out	slurm_outputs/5631864.out	f668f8e9d2a334da4fc3017c65e0138ecf84f48b55b4cf25b25fbab71beac558	f668f8e9d2a334da4fc3017c65e0138ecf84f48b55b4cf25b25fbab71beac558
slurm_outputs/5697762.out	slurm_outputs/5697762.out	dd681916ff686d11560ebad5c8ec3b096ede7e6af213a5485e62e948ef7e65a6	dd681916ff686d11560ebad5c8ec3b096ede7e6af213a5485e62e948ef7e65a6
slurm_outputs/5700743.out	slurm_outputs/5700743.out	290ad9204cd55f1b8f290786e3ba8b674112aee0625969c67f3f2cb87f29152c	290ad9204cd55f1b8f290786e3ba8b674112aee0625969c67f3f2cb87f29152c
slurm_outputs/5697754.out	slurm_outputs/5697754.out	63c1b69bd3506f8c45999bf6975c29bab50dcb632910034bd7ba180ddaf2ca51	63c1b69bd3506f8c45999bf6975c29bab50dcb632910034bd7ba180ddaf2ca51
slurm_outputs/5682670.out	slurm_outputs/5682670.out	fcc01a62879296be298eff812edd25956cbae06ee4c8785a52bbd5d95cb2a88e	fcc01a62879296be298eff812edd25956cbae06ee4c8785a52bbd5d95cb2a88e
slurm_outputs/5700667.out	slurm_outputs/5700667.out	084e762e7a6faf0b734b9cce8e25679001a067733fd4e811a2d6aed8187aca15	084e762e7a6faf0b734b9cce8e25679001a067733fd4e811a2d6aed8187aca15
slurm_outputs/5702243.out	slurm_outputs/5702243.out	4c61ee6516c9b8a9ed0e40675cccd3d45e270309b97b6fb473100522867d71d1	4c61ee6516c9b8a9ed0e40675cccd3d45e270309b97b6fb473100522867d71d1
slurm_outputs/5746591.out	slurm_outputs/5746591.out	af591a49fee39adafe165aff5746ce29b811b81a973967a175625ce44f54853d	af591a49fee39adafe165aff5746ce29b811b81a973967a175625ce44f54853d
slurm_outputs/5697768.out	slurm_outputs/5697768.out	6185f5c788a363a3cb572cdb542d2f8f0f56490dcbbdf02212a9a6035c1b1573	6185f5c788a363a3cb572cdb542d2f8f0f56490dcbbdf02212a9a6035c1b1573
slurm_outputs/5683306.out	slurm_outputs/5683306.out	76b46488520dba8601a78c4c64476116a8c8792bfaaacef33c670c48925e32d8	76b46488520dba8601a78c4c64476116a8c8792bfaaacef33c670c48925e32d8
slurm_outputs/5702247.out	slurm_outputs/5702247.out	6033402af6d7ebdf96a129f65b1468246c21b57d45add17d6f8657e5bacc5ef7	6033402af6d7ebdf96a129f65b1468246c21b57d45add17d6f8657e5bacc5ef7
slurm_outputs/5702245.out	slurm_outputs/5702245.out	694ab7f5123461e83c02fa5feda73579ed8d5199494a50d162b22c91749ce380	694ab7f5123461e83c02fa5feda73579ed8d5199494a50d162b22c91749ce380
slurm_outputs/5702267.out	slurm_outputs/5702267.out	2319e88488f64b30865a7608dcb6fa90ffb78aede0f2245d8549a5d9129e3fd0	2319e88488f64b30865a7608dcb6fa90ffb78aede0f2245d8549a5d9129e3fd0
slurm_outputs/5703379.out	slurm_outputs/5703379.out	2795992ac233a0ed48475ad0ae0be45ce727ac7dba98bde2e8d9cb8292a028c3	2795992ac233a0ed48475ad0ae0be45ce727ac7dba98bde2e8d9cb8292a028c3
slurm_outputs/5542816.out	slurm_outputs/5542816.out	8e006bf5d429c22ba998118f8bbc0610899351991f185b3ee0d15640306d9eca	8e006bf5d429c22ba998118f8bbc0610899351991f185b3ee0d15640306d9eca
slurm_outputs/5700661.out	slurm_outputs/5700661.out	85244a7d249f8f6b7ed625fa09228106e1db6461e85c79186c3425100375ee5c	85244a7d249f8f6b7ed625fa09228106e1db6461e85c79186c3425100375ee5c
slurm_outputs/5697794.out	slurm_outputs/5697794.out	57afa059075df5d557f4fcb3dc19a598807b2da2d83bb7a1fa9a790b19f5a1a6	57afa059075df5d557f4fcb3dc19a598807b2da2d83bb7a1fa9a790b19f5a1a6
slurm_outputs/5697769.out	slurm_outputs/5697769.out	bac7b0d793be939d15601c69dcae14957e264fcf8e1be3876de98d51045ca15c	bac7b0d793be939d15601c69dcae14957e264fcf8e1be3876de98d51045ca15c
slurm_outputs/5703145.out	slurm_outputs/5703145.out	bd95d28ac69529858c80e1c82a560aefddd414d7e33e1689d01d59232e4b57dd	bd95d28ac69529858c80e1c82a560aefddd414d7e33e1689d01d59232e4b57dd
slurm_outputs/5702266.out	slurm_outputs/5702266.out	d092cd3591d5abf9c59f48bcd58f44e1f471a6c12dc95577f72bda9e07165761	d092cd3591d5abf9c59f48bcd58f44e1f471a6c12dc95577f72bda9e07165761
slurm_outputs/5759818.out	slurm_outputs/5759818.out	e09a68432866cc149e88b78e9c440c104bcc83701cbe1ba597c54f7a421222f1	e09a68432866cc149e88b78e9c440c104bcc83701cbe1ba597c54f7a421222f1
slurm_outputs/5697782.out	slurm_outputs/5697782.out	98ea5f60490e02ed76271690d8184f6df579d640642a27ed44ad53f01aa03fd7	98ea5f60490e02ed76271690d8184f6df579d640642a27ed44ad53f01aa03fd7
slurm_outputs/5702244.out	slurm_outputs/5702244.out	9b5e3d19d30dcbc4cc1b1e34762b3acd3fd08fe6b1021a3f4420037683bab935	9b5e3d19d30dcbc4cc1b1e34762b3acd3fd08fe6b1021a3f4420037683bab935
slurm_outputs/5700528.out	slurm_outputs/5700528.out	f8c7cde99f5519a6e5f64b92613c55567821f9470cadf48ca7be7f538507f1cf	f8c7cde99f5519a6e5f64b92613c55567821f9470cadf48ca7be7f538507f1cf
slurm_outputs/5700551.out	slurm_outputs/5700551.out	af87ec802744b42c808aeaf16c4e0091d41fce4633b8de7e5405b528fc1d1d94	af87ec802744b42c808aeaf16c4e0091d41fce4633b8de7e5405b528fc1d1d94
slurm_outputs/5723381.out	slurm_outputs/5723381.out	71b95fd49415af220da7ed2c6bb7b38ce2a3636b7397439cf26c33eccd54dc50	71b95fd49415af220da7ed2c6bb7b38ce2a3636b7397439cf26c33eccd54dc50
slurm_outputs/5701056.out	slurm_outputs/5701056.out	d6da53c14a96819c474bdec1061444ef05f5fa5c8e1c27abb84e9927345aefe3	d6da53c14a96819c474bdec1061444ef05f5fa5c8e1c27abb84e9927345aefe3
slurm_outputs/5683305.out	slurm_outputs/5683305.out	91b7a4ab489a1b3195da80588cc799742b72cfcb06c199cfe4b0c11b6f823b3f	91b7a4ab489a1b3195da80588cc799742b72cfcb06c199cfe4b0c11b6f823b3f
slurm_outputs/5702277.out	slurm_outputs/5702277.out	f02047953bfca6b2d1f800ff44f56edb21760e38ae69c690f84f3226de30d6e1	f02047953bfca6b2d1f800ff44f56edb21760e38ae69c690f84f3226de30d6e1
slurm_outputs/5676506.out	slurm_outputs/5676506.out	cbc1b4f88939a7ab6b6122298dd3eca532f5f5aded72c5067100962857eb56d2	cbc1b4f88939a7ab6b6122298dd3eca532f5f5aded72c5067100962857eb56d2
slurm_outputs/5702260.out	slurm_outputs/5702260.out	a8ddd0cfacde838f877d7b7051538f0cc879a64a2bbdd2dd165f236f35d2a549	a8ddd0cfacde838f877d7b7051538f0cc879a64a2bbdd2dd165f236f35d2a549
slurm_outputs/5700547.out	slurm_outputs/5700547.out	09d4e8cf73ec194fa5b435b966122a0caa52c9743af546499ee78bf60a215f63	09d4e8cf73ec194fa5b435b966122a0caa52c9743af546499ee78bf60a215f63
slurm_outputs/5747146.out	slurm_outputs/5747146.out	eb06902cab4324e2421678e0786d77bfe3859d14fa04f0e6c0723c2abd3e7f32	eb06902cab4324e2421678e0786d77bfe3859d14fa04f0e6c0723c2abd3e7f32
slurm_outputs/5703166.out	slurm_outputs/5703166.out	0b0e20045e6af1ac7eec50126e7af9a0418b13abb295e00cb05c7a17209957ab	0b0e20045e6af1ac7eec50126e7af9a0418b13abb295e00cb05c7a17209957ab
slurm_outputs/5702275.out	slurm_outputs/5702275.out	67814edd6ef56490e4caf8cfdc2a8b2a0898d048115a68a1e96a73eefd5f3b3f	67814edd6ef56490e4caf8cfdc2a8b2a0898d048115a68a1e96a73eefd5f3b3f
slurm_outputs/5675612.out	slurm_outputs/5675612.out	3453a0293f26ddc56cbd715c7e06e901b1f0c99f6b2c6ff9f3bf84c5586ca1de	3453a0293f26ddc56cbd715c7e06e901b1f0c99f6b2c6ff9f3bf84c5586ca1de
slurm_outputs/5697772.out	slurm_outputs/5697772.out	0244c723e8189e3a2d3bfe89244779e1eee8d2755be999f3913302b0224b6346	0244c723e8189e3a2d3bfe89244779e1eee8d2755be999f3913302b0224b6346
slurm_outputs/5703159.out	slurm_outputs/5703159.out	77e71648173957a14a46864dc138a84c9c8a567a5ab3fb3d2ebce075552f5d9a	77e71648173957a14a46864dc138a84c9c8a567a5ab3fb3d2ebce075552f5d9a
slurm_outputs/5697761.out	slurm_outputs/5697761.out	96b72675bf8ac5966d83f17610d88ab8af01bd52205c40c5f9759ca2470609ae	96b72675bf8ac5966d83f17610d88ab8af01bd52205c40c5f9759ca2470609ae
slurm_outputs/5747097.out	slurm_outputs/5747097.out	7c27048f726ec6066b9059cc04335f2926cd721c9bfd720877f13d4c5aabdb3d	7c27048f726ec6066b9059cc04335f2926cd721c9bfd720877f13d4c5aabdb3d
slurm_outputs/5675576.out	slurm_outputs/5675576.out	bc0a740ac377803cdd2165b5512ab39e43e460c8d6568c3c5ed212178256ea3a	bc0a740ac377803cdd2165b5512ab39e43e460c8d6568c3c5ed212178256ea3a
slurm_outputs/5703148.out	slurm_outputs/5703148.out	940f4dc7439631f9928c41114262306e56dd879f34686c9aeedee863eff72613	940f4dc7439631f9928c41114262306e56dd879f34686c9aeedee863eff72613
slurm_outputs/5701055.out	slurm_outputs/5701055.out	c847f92e60bf1c26b499ad6345349e421d7974d82548d7de711eb2ed26ba20e8	c847f92e60bf1c26b499ad6345349e421d7974d82548d7de711eb2ed26ba20e8
slurm_outputs/5700455.out	slurm_outputs/5700455.out	ab6680dee381c972eb1f07ee38b26c1a8db9217006d755653f63bfb65ad999b5	ab6680dee381c972eb1f07ee38b26c1a8db9217006d755653f63bfb65ad999b5
slurm_outputs/5745266.out	slurm_outputs/5745266.out	77edcb347358b2190899c2a1e439af37b78a547a45b51a34b3dc9b4fb710e4da	77edcb347358b2190899c2a1e439af37b78a547a45b51a34b3dc9b4fb710e4da
slurm_outputs/5605586.out	slurm_outputs/5605586.out	69323169dc2dc070e0368787a932dd098448dd261ec755c35695a5a2e31a66b6	69323169dc2dc070e0368787a932dd098448dd261ec755c35695a5a2e31a66b6
slurm_outputs/5697775.out	slurm_outputs/5697775.out	124578355732674ace9a17791ff95fe1abf87bbd698c19aee815a9af6ab41091	124578355732674ace9a17791ff95fe1abf87bbd698c19aee815a9af6ab41091
slurm_outputs/5700421.out	slurm_outputs/5700421.out	814407af24d4a448b846dd9bc13102a124a3ebe04be2556d972525a4973c4930	814407af24d4a448b846dd9bc13102a124a3ebe04be2556d972525a4973c4930
slurm_outputs/5697767.out	slurm_outputs/5697767.out	1ba1b300b0a7cb990e64bcabd11bc29b41957c5cb623101cc13a20f1b18ab048	1ba1b300b0a7cb990e64bcabd11bc29b41957c5cb623101cc13a20f1b18ab048
slurm_outputs/5697792.out	slurm_outputs/5697792.out	da5db4291fc77592d7cd2d1a842bc8c5b5b07c82d69a8e4e2a96510d78f1c7bb	da5db4291fc77592d7cd2d1a842bc8c5b5b07c82d69a8e4e2a96510d78f1c7bb
slurm_outputs/5767309.out	slurm_outputs/5767309.out	b87faebca6f210914aca98206ce5ea966f0b32ae8d2ba8e73fee27f22ac71d62	b87faebca6f210914aca98206ce5ea966f0b32ae8d2ba8e73fee27f22ac71d62
slurm_outputs/5747159.out	slurm_outputs/5747159.out	af08e0e4963be38c8f770df5e8c0e1d4b79883be996bd214f57df6445f608962	af08e0e4963be38c8f770df5e8c0e1d4b79883be996bd214f57df6445f608962
slurm_outputs/5700418.out	slurm_outputs/5700418.out	5f6e480a4526a38fb8f94f017fea5367af686e5071050017038a47dba8c2a833	5f6e480a4526a38fb8f94f017fea5367af686e5071050017038a47dba8c2a833
slurm_outputs/5605584.out	slurm_outputs/5605584.out	5d9e89a3ff56ec1096a55e2f949163df39647249810591169c05aa54231bf1c1	5d9e89a3ff56ec1096a55e2f949163df39647249810591169c05aa54231bf1c1
slurm_outputs/5682664.out	slurm_outputs/5682664.out	6313d7204a1c9353c00018e17b921018ff6b7ed7c73d95fd5758f38577d0883d	6313d7204a1c9353c00018e17b921018ff6b7ed7c73d95fd5758f38577d0883d
slurm_outputs/5683307.out	slurm_outputs/5683307.out	b4aa45a69f04c098de4ac56754342ff61617d5db733f466a36c5411cb2032ec7	b4aa45a69f04c098de4ac56754342ff61617d5db733f466a36c5411cb2032ec7
slurm_outputs/5631822.out	slurm_outputs/5631822.out	faca9d83c31671043e1e7177c21096010becd18c79125e9a17ea15aeae1f24d4	faca9d83c31671043e1e7177c21096010becd18c79125e9a17ea15aeae1f24d4
slurm_outputs/5682665.out	slurm_outputs/5682665.out	878b3c662a1541172344a5aeee3a5caac28ed3c22da65878121e7529a8121e03	878b3c662a1541172344a5aeee3a5caac28ed3c22da65878121e7529a8121e03
slurm_outputs/5702264.out	slurm_outputs/5702264.out	67470bed23b2592e57ceef04b212b57dfef3b53e88f8568d02b4c9bf692cab82	67470bed23b2592e57ceef04b212b57dfef3b53e88f8568d02b4c9bf692cab82
slurm_outputs/5676500.out	slurm_outputs/5676500.out	3abe5b7a154f46c8fe8bd828a1618156cc30b8e56d22fbb5c6780e030fa51756	3abe5b7a154f46c8fe8bd828a1618156cc30b8e56d22fbb5c6780e030fa51756
slurm_outputs/5700444.out	slurm_outputs/5700444.out	b0524b9878d2231aa834c1e64f7daeadfaba3566a93a1cbe14a1c942cd4c8d8d	b0524b9878d2231aa834c1e64f7daeadfaba3566a93a1cbe14a1c942cd4c8d8d
slurm_outputs/5767431.out	slurm_outputs/5767431.out	e22dcc14877ed1c22067fa8362e77727dfc7461660a46e55f2b6328e83a44102	e22dcc14877ed1c22067fa8362e77727dfc7461660a46e55f2b6328e83a44102
slurm_outputs/5542817.out	slurm_outputs/5542817.out	8e006bf5d429c22ba998118f8bbc0610899351991f185b3ee0d15640306d9eca	8e006bf5d429c22ba998118f8bbc0610899351991f185b3ee0d15640306d9eca
slurm_outputs/5701043.out	slurm_outputs/5701043.out	7eb8c246420afdf83cb2e089ffe98fada54f507e441a4acc750f76bbe3fb4be4	7eb8c246420afdf83cb2e089ffe98fada54f507e441a4acc750f76bbe3fb4be4
slurm_outputs/5703157.out	slurm_outputs/5703157.out	e93956e1eee1771a74efd1ae194ecacb1cedca21aa23a1abf5a7bbb3da766552	e93956e1eee1771a74efd1ae194ecacb1cedca21aa23a1abf5a7bbb3da766552
slurm_outputs/5700438.out	slurm_outputs/5700438.out	e4eb9a8631b871ee0c7d949c7650194b9ccf371af80eea4fb4a76bb54d55ef1d	e4eb9a8631b871ee0c7d949c7650194b9ccf371af80eea4fb4a76bb54d55ef1d
slurm_outputs/5697771.out	slurm_outputs/5697771.out	5b540e2d4351e6e9097d010be6ce1331d33a2e23669b97d505ea516a4cb9ed0d	5b540e2d4351e6e9097d010be6ce1331d33a2e23669b97d505ea516a4cb9ed0d
slurm_outputs/5682658.out	slurm_outputs/5682658.out	fe9410f2a7ed1da58acf1c6a95a46d10b9b122e0b441e49bd6908aa03e8511b8	fe9410f2a7ed1da58acf1c6a95a46d10b9b122e0b441e49bd6908aa03e8511b8
slurm_outputs/5700450.out	slurm_outputs/5700450.out	cf719ac98d63ee2498253de7b2dac1d7d4779629889738016b38796966a5709a	cf719ac98d63ee2498253de7b2dac1d7d4779629889738016b38796966a5709a
slurm_outputs/5599219.out	slurm_outputs/5599219.out	5a80f2c3952f4440abb0d5f9624ab795a15681799bdb66f32c7ad54baa181969	5a80f2c3952f4440abb0d5f9624ab795a15681799bdb66f32c7ad54baa181969
slurm_outputs/5675619.out	slurm_outputs/5675619.out	3453a0293f26ddc56cbd715c7e06e901b1f0c99f6b2c6ff9f3bf84c5586ca1de	3453a0293f26ddc56cbd715c7e06e901b1f0c99f6b2c6ff9f3bf84c5586ca1de
slurm_outputs/5682669.out	slurm_outputs/5682669.out	6aec45ca8475a8ef78e89eb73bced98d68638c6b08c58c65ddb6018eab44df38	6aec45ca8475a8ef78e89eb73bced98d68638c6b08c58c65ddb6018eab44df38
slurm_outputs/5703158.out	slurm_outputs/5703158.out	b2cf42a58bf60355c8926e63ff9b1908b2e92450bf2d1ee17e2188cb9cd60fc6	b2cf42a58bf60355c8926e63ff9b1908b2e92450bf2d1ee17e2188cb9cd60fc6
slurm_outputs/5759918.out	slurm_outputs/5759918.out	d6c83a30825534f588083c0badafe036180fd19cacf5619eb49c2ffc4a2a5d8f	d6c83a30825534f588083c0badafe036180fd19cacf5619eb49c2ffc4a2a5d8f
slurm_outputs/5676503.out	slurm_outputs/5676503.out	d280b866aab1e8247f0df17cccbcb9399f98f9f0e1c7a824d4e2a2c43851eba0	d280b866aab1e8247f0df17cccbcb9399f98f9f0e1c7a824d4e2a2c43851eba0
slurm_outputs/5683478.out	slurm_outputs/5683478.out	589313f427dd114b858fe02047911a284a3dc03090559c47c9725b60f2f78e55	589313f427dd114b858fe02047911a284a3dc03090559c47c9725b60f2f78e55
slurm_outputs/5767310.out	slurm_outputs/5767310.out	1d01cb0601239e5760427e6e85ce700c2a966777dc7b8f0ae06647faef8f6265	1d01cb0601239e5760427e6e85ce700c2a966777dc7b8f0ae06647faef8f6265
slurm_outputs/5682668.out	slurm_outputs/5682668.out	bd4b7d2746a5f624f04a6bff0812c4be99ffe7f5f8521aca0aad3671adb2a84a	bd4b7d2746a5f624f04a6bff0812c4be99ffe7f5f8521aca0aad3671adb2a84a
slurm_outputs/5631896.out	slurm_outputs/5631896.out	bffa29835e52eddceec36590d0a64c7dad93ff0aa1e0e62ebc1a9715921a8397	bffa29835e52eddceec36590d0a64c7dad93ff0aa1e0e62ebc1a9715921a8397
slurm_outputs/5703156.out	slurm_outputs/5703156.out	8334b3ae6d4ac126b02bf5293a37817d55bb482bc7751de6d5c97610f9700db0	8334b3ae6d4ac126b02bf5293a37817d55bb482bc7751de6d5c97610f9700db0
slurm_outputs/5605592.out	slurm_outputs/5605592.out	6d6f960ae83a80fcc4ebaef8b4d7cab4751f7dd2a01d8a36d4d8290d601c2362	6d6f960ae83a80fcc4ebaef8b4d7cab4751f7dd2a01d8a36d4d8290d601c2362
slurm_outputs/5747156.out	slurm_outputs/5747156.out	2d0daca1750d176d57f0039522341b1c9ca189265c1326d8fcc6676957d55fd8	2d0daca1750d176d57f0039522341b1c9ca189265c1326d8fcc6676957d55fd8
slurm_outputs/5767305.out	slurm_outputs/5767305.out	bff417f86f074c8dc760599b3456b19b0749d88157346151f7a6d07b5310f151	bff417f86f074c8dc760599b3456b19b0749d88157346151f7a6d07b5310f151
slurm_outputs/5702240.out	slurm_outputs/5702240.out	f0b2d13382ef0bc51f32a6eb8a59dde6654220e540949cb41aa3d32ec59439cf	f0b2d13382ef0bc51f32a6eb8a59dde6654220e540949cb41aa3d32ec59439cf
slurm_outputs/5697766.out	slurm_outputs/5697766.out	0a69f59511a48da8f8b7f7c2d3b47946b2426c95d09aaa2c7a7b35fcbb494b14	0a69f59511a48da8f8b7f7c2d3b47946b2426c95d09aaa2c7a7b35fcbb494b14
slurm_outputs/5701035.out	slurm_outputs/5701035.out	468cd79250e91bab6e1f006cd1fb4cee715e8fee2525926e5a01a829ab0ac46e	468cd79250e91bab6e1f006cd1fb4cee715e8fee2525926e5a01a829ab0ac46e
slurm_outputs/5759921.out	slurm_outputs/5759921.out	70dbba46b461f9d623e5d7918f4e03c3eb830411eeba7efb9dc7a0b3584770d1	70dbba46b461f9d623e5d7918f4e03c3eb830411eeba7efb9dc7a0b3584770d1
slurm_outputs/5675570.out	slurm_outputs/5675570.out	23d2cc201aa4f9d43a690ef67b7445ae4316fa12fa049447d2315865ca8f84b0	23d2cc201aa4f9d43a690ef67b7445ae4316fa12fa049447d2315865ca8f84b0
slurm_outputs/5676510.out	slurm_outputs/5676510.out	3069156a94eb7f908613bc58b10fef26415b9a166fc2fa3b3c471b31c03ae9f9	3069156a94eb7f908613bc58b10fef26415b9a166fc2fa3b3c471b31c03ae9f9
slurm_outputs/5702263.out	slurm_outputs/5702263.out	3d7a1f06ed11e1734993824eee57b6e511b3408309273f732e76ccec53976cfd	3d7a1f06ed11e1734993824eee57b6e511b3408309273f732e76ccec53976cfd
slurm_outputs/5697777.out	slurm_outputs/5697777.out	de4f2838f263f15802b25a88af438d4c172ed9e0fa25c9a52d5d9e5fae667cb5	de4f2838f263f15802b25a88af438d4c172ed9e0fa25c9a52d5d9e5fae667cb5
slurm_outputs/5697779.out	slurm_outputs/5697779.out	69ffb0f16f41005505d948b4c487c46de29cd13eb4317c420856204645b58de7	69ffb0f16f41005505d948b4c487c46de29cd13eb4317c420856204645b58de7
slurm_outputs/5747099.out	slurm_outputs/5747099.out	30836b80429d254c17a89e2ef106eec090086516fbabb2c9bd9d9dfd5ef928d2	30836b80429d254c17a89e2ef106eec090086516fbabb2c9bd9d9dfd5ef928d2
slurm_outputs/5676507.out	slurm_outputs/5676507.out	56ed49d24361c4fdb50466d8e35d8822d5aec20b0b22f56249e4b789a6b8cdf2	56ed49d24361c4fdb50466d8e35d8822d5aec20b0b22f56249e4b789a6b8cdf2
slurm_outputs/5700734.out	slurm_outputs/5700734.out	afa35341e8e8c8c40491fa2ef0b3f1a0a1ea9af6a3d0a25ba915052a7d57c32f	afa35341e8e8c8c40491fa2ef0b3f1a0a1ea9af6a3d0a25ba915052a7d57c32f
slurm_outputs/5700545.out	slurm_outputs/5700545.out	aedf91971de8921f2e3321b88f2696a91e7bc02d0ef74cfd61ca486c64f15745	aedf91971de8921f2e3321b88f2696a91e7bc02d0ef74cfd61ca486c64f15745
slurm_outputs/5599218.out	slurm_outputs/5599218.out	7f5e68958688f71d841133cff655c64c73ff2c683d3474663b8368b2d5bc8807	7f5e68958688f71d841133cff655c64c73ff2c683d3474663b8368b2d5bc8807
slurm_outputs/5702268.out	slurm_outputs/5702268.out	2f7bf3c4d94efba3379c6c9585f49b083a9d2ce6ad93d5a4116a67a49c898de4	2f7bf3c4d94efba3379c6c9585f49b083a9d2ce6ad93d5a4116a67a49c898de4
slurm_outputs/5675613.out	slurm_outputs/5675613.out	3453a0293f26ddc56cbd715c7e06e901b1f0c99f6b2c6ff9f3bf84c5586ca1de	3453a0293f26ddc56cbd715c7e06e901b1f0c99f6b2c6ff9f3bf84c5586ca1de
slurm_outputs/5700552.out	slurm_outputs/5700552.out	a1356ead7883ca13255321dd31cb075515b31cc1b73fdeffc9fcc2c981f9c9b5	a1356ead7883ca13255321dd31cb075515b31cc1b73fdeffc9fcc2c981f9c9b5
slurm_outputs/5701046.out	slurm_outputs/5701046.out	d1d267877202d6ce6253bd9c0cebc711cfebe967317c121ec6c872ab905bd7a9	d1d267877202d6ce6253bd9c0cebc711cfebe967317c121ec6c872ab905bd7a9
slurm_outputs/5703178.out	slurm_outputs/5703178.out	cda249dd1e1e8a8fb4fddaa95a0a9f9c2a9a68faaefc2fc231cd32da284000f7	cda249dd1e1e8a8fb4fddaa95a0a9f9c2a9a68faaefc2fc231cd32da284000f7
slurm_outputs/5631823.out	slurm_outputs/5631823.out	f646fe9aeb47c2ccae8e602e75d6f0fd241bfe3b88081e2ad027d52543d141bb	f646fe9aeb47c2ccae8e602e75d6f0fd241bfe3b88081e2ad027d52543d141bb
slurm_outputs/5702257.out	slurm_outputs/5702257.out	ba131ad6c99c08bf656e16f6a64a1fc97b93a04e9e4111687f424e40f3b5e16a	ba131ad6c99c08bf656e16f6a64a1fc97b93a04e9e4111687f424e40f3b5e16a
slurm_outputs/5631824.out	slurm_outputs/5631824.out	48b04e681661bef7a84dc361dc88d57a1c978df534aeac89029dea9c0de48153	48b04e681661bef7a84dc361dc88d57a1c978df534aeac89029dea9c0de48153
slurm_outputs/5700416.out	slurm_outputs/5700416.out	ee4a2152ee88d3965ddfd89ca7e0de2480e6bb36aa1f2bfa4efe8b5967ecd344	ee4a2152ee88d3965ddfd89ca7e0de2480e6bb36aa1f2bfa4efe8b5967ecd344
slurm_outputs/5772414.out	slurm_outputs/5772414.out	a31a5e70f723c0f43756a9acc7bc89664184f2e2ba2d03a47ef88d3c636aee46	a31a5e70f723c0f43756a9acc7bc89664184f2e2ba2d03a47ef88d3c636aee46
slurm_outputs/5683480.out	slurm_outputs/5683480.out	543ebbb6761bcfa829604ed1434bc93a3cc4d172750e7ef728f33b5f6d659492	543ebbb6761bcfa829604ed1434bc93a3cc4d172750e7ef728f33b5f6d659492
slurm_outputs/5759812.out	slurm_outputs/5759812.out	40037f5b23bf8f87c14841f7a58f7fafa9e8d9eebe09b86939fe46622880366e	40037f5b23bf8f87c14841f7a58f7fafa9e8d9eebe09b86939fe46622880366e
slurm_outputs/5631990.out	slurm_outputs/5631990.out	b37a5aae6ca06ddd3ab8d454abfc5328b71819df512039954b87ff35f4a309c9	b37a5aae6ca06ddd3ab8d454abfc5328b71819df512039954b87ff35f4a309c9
slurm_outputs/5697753.out	slurm_outputs/5697753.out	0e471b1aac616868ff7fc0eb0d572e33c18b3ad4c06bcc631860f7d5fe991fc4	0e471b1aac616868ff7fc0eb0d572e33c18b3ad4c06bcc631860f7d5fe991fc4
slurm_outputs/5700431.out	slurm_outputs/5700431.out	5e4e4f990336c982e0a9d88bfc910cb17a3fd8f389daeeff956f156f8fd79685	5e4e4f990336c982e0a9d88bfc910cb17a3fd8f389daeeff956f156f8fd79685
slurm_outputs/5675611.out	slurm_outputs/5675611.out	3453a0293f26ddc56cbd715c7e06e901b1f0c99f6b2c6ff9f3bf84c5586ca1de	3453a0293f26ddc56cbd715c7e06e901b1f0c99f6b2c6ff9f3bf84c5586ca1de
slurm_outputs/5697786.out	slurm_outputs/5697786.out	b6637a5afb3396bc88528944b672dd0d0e7251514703c761f604c38909ba6507	b6637a5afb3396bc88528944b672dd0d0e7251514703c761f604c38909ba6507
slurm_outputs/5700417.out	slurm_outputs/5700417.out	2bb1c54d79e3e634b2057f20bcd2adc7fc8deb1355590ebe78df669c85f4d06f	2bb1c54d79e3e634b2057f20bcd2adc7fc8deb1355590ebe78df669c85f4d06f
slurm_outputs/5700666.out	slurm_outputs/5700666.out	1d11a0db0019d206d498312ed8c51cc4e100abe053d5897c1faa59551290515c	1d11a0db0019d206d498312ed8c51cc4e100abe053d5897c1faa59551290515c
slurm_outputs/5702259.out	slurm_outputs/5702259.out	7515d1df010b965bdd94c0059cf609309db1a897b5cf1af16a3da2efcaae5652	7515d1df010b965bdd94c0059cf609309db1a897b5cf1af16a3da2efcaae5652
slurm_outputs/5700452.out	slurm_outputs/5700452.out	2e65c83e48fdbe3817d26f997aa003cd65ea5e90ef14fff3cb01ff899a70db91	2e65c83e48fdbe3817d26f997aa003cd65ea5e90ef14fff3cb01ff899a70db91
slurm_outputs/5697801.out	slurm_outputs/5697801.out	9daf3c5406baef7a639c83b677ee669be4aa42b62ad88b832587e38946c129ee	9daf3c5406baef7a639c83b677ee669be4aa42b62ad88b832587e38946c129ee
slurm_outputs/5703165.out	slurm_outputs/5703165.out	e4d4f0507cbf50d64dcf92fe74bf82d178e364a121d578da1fe240e5ae9db7df	e4d4f0507cbf50d64dcf92fe74bf82d178e364a121d578da1fe240e5ae9db7df
slurm_outputs/5683489.out	slurm_outputs/5683489.out	8b181c69c86b5958e9b876ff232bf562f44d8a417ebed3012161b5b5e865f840	8b181c69c86b5958e9b876ff232bf562f44d8a417ebed3012161b5b5e865f840
slurm_outputs/5697793.out	slurm_outputs/5697793.out	1d74b90f3210cea52368a9af4e01ed57f56521699fa811c3383368bd2332f0a9	1d74b90f3210cea52368a9af4e01ed57f56521699fa811c3383368bd2332f0a9
slurm_outputs/5683488.out	slurm_outputs/5683488.out	c025fed71be75d3cf71c3d24ef5f58fd1d6010bfd4ff64e5e4a8dd529fe067fd	c025fed71be75d3cf71c3d24ef5f58fd1d6010bfd4ff64e5e4a8dd529fe067fd
slurm_outputs/5702271.out	slurm_outputs/5702271.out	e869f198676b99e20d380f9bfed25031a85e14dd7d343031ef956b686f1ac6a9	e869f198676b99e20d380f9bfed25031a85e14dd7d343031ef956b686f1ac6a9
slurm_outputs/5676508.out	slurm_outputs/5676508.out	a68acb9ee11926df3ff672f3f56b40115146e1a71704ac389b2550265009c77e	a68acb9ee11926df3ff672f3f56b40115146e1a71704ac389b2550265009c77e
slurm_outputs/5683483.out	slurm_outputs/5683483.out	d8a787116f091fb3c8ea881082fcbead92db41e3fb0e1098b88741d87ae5ae44	d8a787116f091fb3c8ea881082fcbead92db41e3fb0e1098b88741d87ae5ae44
slurm_outputs/5631957.out	slurm_outputs/5631957.out	09b3dc6e9c2f54888b4b5dc44eb6c3cad57405528e0f1c9e4bed5faa7a67a191	09b3dc6e9c2f54888b4b5dc44eb6c3cad57405528e0f1c9e4bed5faa7a67a191
slurm_outputs/5747158.out	slurm_outputs/5747158.out	1a077864efac3a492edc9b0be0dabb6616cbbda89adcd49fe93f42b3e28cdbb3	1a077864efac3a492edc9b0be0dabb6616cbbda89adcd49fe93f42b3e28cdbb3
slurm_outputs/5675622.out	slurm_outputs/5675622.out	3453a0293f26ddc56cbd715c7e06e901b1f0c99f6b2c6ff9f3bf84c5586ca1de	3453a0293f26ddc56cbd715c7e06e901b1f0c99f6b2c6ff9f3bf84c5586ca1de
experiments/mtob/slurm_outputs/5747132.out	experiments/mtob/slurm_outputs/5747132.out	3453a0293f26ddc56cbd715c7e06e901b1f0c99f6b2c6ff9f3bf84c5586ca1de	3453a0293f26ddc56cbd715c7e06e901b1f0c99f6b2c6ff9f3bf84c5586ca1de
experiments/mtob/slurm_outputs/5759777.out	experiments/mtob/slurm_outputs/5759777.out	8f10653c272821e696149ab44fd3e3e34528d598d70ec1076214761df3eb243e	8f10653c272821e696149ab44fd3e3e34528d598d70ec1076214761df3eb243e
experiments/mtob/slurm_outputs/5747136.out	experiments/mtob/slurm_outputs/5747136.out	3453a0293f26ddc56cbd715c7e06e901b1f0c99f6b2c6ff9f3bf84c5586ca1de	3453a0293f26ddc56cbd715c7e06e901b1f0c99f6b2c6ff9f3bf84c5586ca1de
experiments/mtob/slurm_outputs/5759791.out	experiments/mtob/slurm_outputs/5759791.out	dd6440f4ae4294a7ef8546600cf6eb76c23467497037093ec46befb148ff5d30	dd6440f4ae4294a7ef8546600cf6eb76c23467497037093ec46befb148ff5d30
experiments/mtob/slurm_outputs/5747117.out	experiments/mtob/slurm_outputs/5747117.out	3453a0293f26ddc56cbd715c7e06e901b1f0c99f6b2c6ff9f3bf84c5586ca1de	3453a0293f26ddc56cbd715c7e06e901b1f0c99f6b2c6ff9f3bf84c5586ca1de
experiments/mtob/slurm_outputs/5759786.out	experiments/mtob/slurm_outputs/5759786.out	763b92dbe5928b9fb359fa45c29c188f5bee751ab047f6f011ca0a59425336bd	763b92dbe5928b9fb359fa45c29c188f5bee751ab047f6f011ca0a59425336bd
experiments/mtob/slurm_outputs/5759800.out	experiments/mtob/slurm_outputs/5759800.out	37088831fc92b74549cb56e6385dc30e47fdd5a80409011bc3291c2dd5be816f	37088831fc92b74549cb56e6385dc30e47fdd5a80409011bc3291c2dd5be816f
experiments/mtob/slurm_outputs/5747114.out	experiments/mtob/slurm_outputs/5747114.out	3453a0293f26ddc56cbd715c7e06e901b1f0c99f6b2c6ff9f3bf84c5586ca1de	3453a0293f26ddc56cbd715c7e06e901b1f0c99f6b2c6ff9f3bf84c5586ca1de
experiments/mtob/slurm_outputs/5747121.out	experiments/mtob/slurm_outputs/5747121.out	3453a0293f26ddc56cbd715c7e06e901b1f0c99f6b2c6ff9f3bf84c5586ca1de	3453a0293f26ddc56cbd715c7e06e901b1f0c99f6b2c6ff9f3bf84c5586ca1de
experiments/mtob/slurm_outputs/5747120.out	experiments/mtob/slurm_outputs/5747120.out	3453a0293f26ddc56cbd715c7e06e901b1f0c99f6b2c6ff9f3bf84c5586ca1de	3453a0293f26ddc56cbd715c7e06e901b1f0c99f6b2c6ff9f3bf84c5586ca1de
experiments/mtob/slurm_outputs/5759792.out	experiments/mtob/slurm_outputs/5759792.out	53e5cc7c488b316b2b56cd1a44c1fd49933a40709b802222b6537bc62c5c7fd1	53e5cc7c488b316b2b56cd1a44c1fd49933a40709b802222b6537bc62c5c7fd1
experiments/mtob/slurm_outputs/5759797.out	experiments/mtob/slurm_outputs/5759797.out	6246bc22e13e7100f5013c28ca1748ef7744d04345a590974bc701e44b6bc7cb	6246bc22e13e7100f5013c28ca1748ef7744d04345a590974bc701e44b6bc7cb
experiments/mtob/slurm_outputs/5759796.out	experiments/mtob/slurm_outputs/5759796.out	20a83dcb8a7bdbe47fa68e9eda46663588f203063dae65a5d2a419cda8ab862f	20a83dcb8a7bdbe47fa68e9eda46663588f203063dae65a5d2a419cda8ab862f
experiments/mtob/slurm_outputs/5747125.out	experiments/mtob/slurm_outputs/5747125.out	3453a0293f26ddc56cbd715c7e06e901b1f0c99f6b2c6ff9f3bf84c5586ca1de	3453a0293f26ddc56cbd715c7e06e901b1f0c99f6b2c6ff9f3bf84c5586ca1de
experiments/mtob/slurm_outputs/5759780.out	experiments/mtob/slurm_outputs/5759780.out	3dfa659ddc39efb0bfa254368a039b29769e5179e435c0a320e79d43cbc65871	3dfa659ddc39efb0bfa254368a039b29769e5179e435c0a320e79d43cbc65871
experiments/mtob/slurm_outputs/5747128.out	experiments/mtob/slurm_outputs/5747128.out	3453a0293f26ddc56cbd715c7e06e901b1f0c99f6b2c6ff9f3bf84c5586ca1de	3453a0293f26ddc56cbd715c7e06e901b1f0c99f6b2c6ff9f3bf84c5586ca1de
experiments/mtob/slurm_outputs/5747123.out	experiments/mtob/slurm_outputs/5747123.out	3453a0293f26ddc56cbd715c7e06e901b1f0c99f6b2c6ff9f3bf84c5586ca1de	3453a0293f26ddc56cbd715c7e06e901b1f0c99f6b2c6ff9f3bf84c5586ca1de
experiments/mtob/slurm_outputs/5759782.out	experiments/mtob/slurm_outputs/5759782.out	264ab6f6ead3650760b9e1e984365551fca47c3d5014675e9434e17a32a8a5a5	264ab6f6ead3650760b9e1e984365551fca47c3d5014675e9434e17a32a8a5a5
experiments/mtob/slurm_outputs/5747115.out	experiments/mtob/slurm_outputs/5747115.out	3453a0293f26ddc56cbd715c7e06e901b1f0c99f6b2c6ff9f3bf84c5586ca1de	3453a0293f26ddc56cbd715c7e06e901b1f0c99f6b2c6ff9f3bf84c5586ca1de
experiments/mtob/slurm_outputs/5747138.out	experiments/mtob/slurm_outputs/5747138.out	3453a0293f26ddc56cbd715c7e06e901b1f0c99f6b2c6ff9f3bf84c5586ca1de	3453a0293f26ddc56cbd715c7e06e901b1f0c99f6b2c6ff9f3bf84c5586ca1de
experiments/mtob/slurm_outputs/5747124.out	experiments/mtob/slurm_outputs/5747124.out	3453a0293f26ddc56cbd715c7e06e901b1f0c99f6b2c6ff9f3bf84c5586ca1de	3453a0293f26ddc56cbd715c7e06e901b1f0c99f6b2c6ff9f3bf84c5586ca1de
experiments/mtob/slurm_outputs/5759795.out	experiments/mtob/slurm_outputs/5759795.out	6d4a8fdacbc65fd617ad10cff70bb7fffaef26329b3f61ecf68c2ace7eefcf04	6d4a8fdacbc65fd617ad10cff70bb7fffaef26329b3f61ecf68c2ace7eefcf04
experiments/mtob/slurm_outputs/5747131.out	experiments/mtob/slurm_outputs/5747131.out	3453a0293f26ddc56cbd715c7e06e901b1f0c99f6b2c6ff9f3bf84c5586ca1de	3453a0293f26ddc56cbd715c7e06e901b1f0c99f6b2c6ff9f3bf84c5586ca1de
experiments/mtob/slurm_outputs/5759785.out	experiments/mtob/slurm_outputs/5759785.out	3558322891bf69d833b44af767f0a1f40e3d0fee8e25d0af0b557a7f0bd3790c	3558322891bf69d833b44af767f0a1f40e3d0fee8e25d0af0b557a7f0bd3790c
experiments/mtob/slurm_outputs/5747126.out	experiments/mtob/slurm_outputs/5747126.out	3453a0293f26ddc56cbd715c7e06e901b1f0c99f6b2c6ff9f3bf84c5586ca1de	3453a0293f26ddc56cbd715c7e06e901b1f0c99f6b2c6ff9f3bf84c5586ca1de
experiments/mtob/slurm_outputs/5759773.out	experiments/mtob/slurm_outputs/5759773.out	47e50d72d776dc1c4851cb9ce099e974538c216ea80a28af02b264838791e086	47e50d72d776dc1c4851cb9ce099e974538c216ea80a28af02b264838791e086
experiments/mtob/slurm_outputs/5759778.out	experiments/mtob/slurm_outputs/5759778.out	13220b28da11471ff7152979a7cb133b1979986af83626cde43bfa493e71813a	13220b28da11471ff7152979a7cb133b1979986af83626cde43bfa493e71813a
experiments/mtob/slurm_outputs/5759794.out	experiments/mtob/slurm_outputs/5759794.out	c9f849294f3fb9fd511868cc2a5050be28eaf73842961315382fbb4825e5943e	c9f849294f3fb9fd511868cc2a5050be28eaf73842961315382fbb4825e5943e
experiments/mtob/slurm_outputs/5759774.out	experiments/mtob/slurm_outputs/5759774.out	1206f7b110a6b8a091d3259eacb567be4873ebdf58e4d278ed2f1138f6f04617	1206f7b110a6b8a091d3259eacb567be4873ebdf58e4d278ed2f1138f6f04617
experiments/mtob/slurm_outputs/5747119.out	experiments/mtob/slurm_outputs/5747119.out	3453a0293f26ddc56cbd715c7e06e901b1f0c99f6b2c6ff9f3bf84c5586ca1de	3453a0293f26ddc56cbd715c7e06e901b1f0c99f6b2c6ff9f3bf84c5586ca1de
experiments/mtob/slurm_outputs/5747129.out	experiments/mtob/slurm_outputs/5747129.out	3453a0293f26ddc56cbd715c7e06e901b1f0c99f6b2c6ff9f3bf84c5586ca1de	3453a0293f26ddc56cbd715c7e06e901b1f0c99f6b2c6ff9f3bf84c5586ca1de
experiments/mtob/slurm_outputs/5759801.out	experiments/mtob/slurm_outputs/5759801.out	30e5fc166aba31690d230b1b247280391723f736c1df9b592b313efc5e34ebf2	30e5fc166aba31690d230b1b247280391723f736c1df9b592b313efc5e34ebf2
experiments/mtob/slurm_outputs/5759799.out	experiments/mtob/slurm_outputs/5759799.out	fead28b322e846b4d7f299666bfa9d0e34b4fe1350a0c65a0304f34c8f26bd80	fead28b322e846b4d7f299666bfa9d0e34b4fe1350a0c65a0304f34c8f26bd80
experiments/mtob/slurm_outputs/5759776.out	experiments/mtob/slurm_outputs/5759776.out	90dcd61919edc44533b2e4fc2fd1de30df5a68af000c69f12e371116b0a97fc2	90dcd61919edc44533b2e4fc2fd1de30df5a68af000c69f12e371116b0a97fc2
experiments/mtob/slurm_outputs/5747133.out	experiments/mtob/slurm_outputs/5747133.out	3453a0293f26ddc56cbd715c7e06e901b1f0c99f6b2c6ff9f3bf84c5586ca1de	3453a0293f26ddc56cbd715c7e06e901b1f0c99f6b2c6ff9f3bf84c5586ca1de
experiments/mtob/slurm_outputs/5759802.out	experiments/mtob/slurm_outputs/5759802.out	bb933bef69cf7246d5c969f7a41f398b4056f4c6a533c4359afaaf35bc53949a	bb933bef69cf7246d5c969f7a41f398b4056f4c6a533c4359afaaf35bc53949a
experiments/mtob/slurm_outputs/5747130.out	experiments/mtob/slurm_outputs/5747130.out	3453a0293f26ddc56cbd715c7e06e901b1f0c99f6b2c6ff9f3bf84c5586ca1de	3453a0293f26ddc56cbd715c7e06e901b1f0c99f6b2c6ff9f3bf84c5586ca1de
experiments/mtob/slurm_outputs/5759790.out	experiments/mtob/slurm_outputs/5759790.out	0e780f29c780c2801ed3c94780e10ec508f4062e863751988abc6ed7af7ebefe	0e780f29c780c2801ed3c94780e10ec508f4062e863751988abc6ed7af7ebefe
experiments/mtob/slurm_outputs/5747113.out	experiments/mtob/slurm_outputs/5747113.out	3453a0293f26ddc56cbd715c7e06e901b1f0c99f6b2c6ff9f3bf84c5586ca1de	3453a0293f26ddc56cbd715c7e06e901b1f0c99f6b2c6ff9f3bf84c5586ca1de
experiments/mtob/slurm_outputs/5747134.out	experiments/mtob/slurm_outputs/5747134.out	3453a0293f26ddc56cbd715c7e06e901b1f0c99f6b2c6ff9f3bf84c5586ca1de	3453a0293f26ddc56cbd715c7e06e901b1f0c99f6b2c6ff9f3bf84c5586ca1de
experiments/mtob/slurm_outputs/5747118.out	experiments/mtob/slurm_outputs/5747118.out	3453a0293f26ddc56cbd715c7e06e901b1f0c99f6b2c6ff9f3bf84c5586ca1de	3453a0293f26ddc56cbd715c7e06e901b1f0c99f6b2c6ff9f3bf84c5586ca1de
experiments/mtob/slurm_outputs/5759783.out	experiments/mtob/slurm_outputs/5759783.out	f1568d9d21d424e294b14d94c9757e49f5b79d94e0b77423c1d99aeb33c18db2	f1568d9d21d424e294b14d94c9757e49f5b79d94e0b77423c1d99aeb33c18db2
experiments/mtob/slurm_outputs/5747127.out	experiments/mtob/slurm_outputs/5747127.out	3453a0293f26ddc56cbd715c7e06e901b1f0c99f6b2c6ff9f3bf84c5586ca1de	3453a0293f26ddc56cbd715c7e06e901b1f0c99f6b2c6ff9f3bf84c5586ca1de
experiments/mtob/slurm_outputs/5759779.out	experiments/mtob/slurm_outputs/5759779.out	933667b0117c3673784a1b865b96e5abe582d6777dfd42f5776d7dd49e3bd5d2	933667b0117c3673784a1b865b96e5abe582d6777dfd42f5776d7dd49e3bd5d2
experiments/mtob/slurm_outputs/5759781.out	experiments/mtob/slurm_outputs/5759781.out	4913676a54fc5554c163e6adc2648a07eaa998537e8433842e57b831af783c3a	4913676a54fc5554c163e6adc2648a07eaa998537e8433842e57b831af783c3a
experiments/mtob/slurm_outputs/5747139.out	experiments/mtob/slurm_outputs/5747139.out	3453a0293f26ddc56cbd715c7e06e901b1f0c99f6b2c6ff9f3bf84c5586ca1de	3453a0293f26ddc56cbd715c7e06e901b1f0c99f6b2c6ff9f3bf84c5586ca1de
experiments/mtob/slurm_outputs/5759789.out	experiments/mtob/slurm_outputs/5759789.out	788bd50d22eed9570cddd5c5b036e101dbfc619e83888a8eb7de2c6274be716d	788bd50d22eed9570cddd5c5b036e101dbfc619e83888a8eb7de2c6274be716d
experiments/mtob/slurm_outputs/5747122.out	experiments/mtob/slurm_outputs/5747122.out	3453a0293f26ddc56cbd715c7e06e901b1f0c99f6b2c6ff9f3bf84c5586ca1de	3453a0293f26ddc56cbd715c7e06e901b1f0c99f6b2c6ff9f3bf84c5586ca1de
experiments/mtob/slurm_outputs/5747116.out	experiments/mtob/slurm_outputs/5747116.out	3453a0293f26ddc56cbd715c7e06e901b1f0c99f6b2c6ff9f3bf84c5586ca1de	3453a0293f26ddc56cbd715c7e06e901b1f0c99f6b2c6ff9f3bf84c5586ca1de
experiments/mtob/slurm_outputs/5759798.out	experiments/mtob/slurm_outputs/5759798.out	ba02afb7dc10b5678e97924174010f074f49bcd32c5cbf144ad8fb62161b77d7	ba02afb7dc10b5678e97924174010f074f49bcd32c5cbf144ad8fb62161b77d7
experiments/mtob/slurm_outputs/5747135.out	experiments/mtob/slurm_outputs/5747135.out	3453a0293f26ddc56cbd715c7e06e901b1f0c99f6b2c6ff9f3bf84c5586ca1de	3453a0293f26ddc56cbd715c7e06e901b1f0c99f6b2c6ff9f3bf84c5586ca1de
experiments/mtob/slurm_outputs/5747137.out	experiments/mtob/slurm_outputs/5747137.out	3453a0293f26ddc56cbd715c7e06e901b1f0c99f6b2c6ff9f3bf84c5586ca1de	3453a0293f26ddc56cbd715c7e06e901b1f0c99f6b2c6ff9f3bf84c5586ca1de
experiments/mtob/slurm_outputs/5747111.out	experiments/mtob/slurm_outputs/5747111.out	3453a0293f26ddc56cbd715c7e06e901b1f0c99f6b2c6ff9f3bf84c5586ca1de	3453a0293f26ddc56cbd715c7e06e901b1f0c99f6b2c6ff9f3bf84c5586ca1de
experiments/mtob/slurm_outputs/5759787.out	experiments/mtob/slurm_outputs/5759787.out	9846efb6ab3abee2c6d2db88d12864c4ce19afd092a67057ab54ef273497cd77	9846efb6ab3abee2c6d2db88d12864c4ce19afd092a67057ab54ef273497cd77
experiments/mtob/slurm_outputs/5747110.out	experiments/mtob/slurm_outputs/5747110.out	3453a0293f26ddc56cbd715c7e06e901b1f0c99f6b2c6ff9f3bf84c5586ca1de	3453a0293f26ddc56cbd715c7e06e901b1f0c99f6b2c6ff9f3bf84c5586ca1de
experiments/mtob/slurm_outputs/5759788.out	experiments/mtob/slurm_outputs/5759788.out	59ae6e545f187c912de9fa8f1306cfb71fbed69e6c7c927ded06d329a5859669	59ae6e545f187c912de9fa8f1306cfb71fbed69e6c7c927ded06d329a5859669
experiments/mtob/slurm_outputs/.gitkeep	experiments/mtob/slurm_outputs/.gitkeep	01ba4719c80b6fe911b091a7c05124b64eeece964e09c058ef8f9805daca546b	01ba4719c80b6fe911b091a7c05124b64eeece964e09c058ef8f9805daca546b
experiments/mtob/slurm_outputs/5759775.out	experiments/mtob/slurm_outputs/5759775.out	9b6600e5f5aa3caff93e22106d98dbd5025ccb96a23a629cbacf8eaf5004d29c	9b6600e5f5aa3caff93e22106d98dbd5025ccb96a23a629cbacf8eaf5004d29c
experiments/mtob/slurm_outputs/5759793.out	experiments/mtob/slurm_outputs/5759793.out	9d2a7fe8f658901d07daf87b2ecf91b05f66f577ba2caba2ffb963f74068eac4	9d2a7fe8f658901d07daf87b2ecf91b05f66f577ba2caba2ffb963f74068eac4
experiments/mtob/slurm_outputs/5747112.out	experiments/mtob/slurm_outputs/5747112.out	3453a0293f26ddc56cbd715c7e06e901b1f0c99f6b2c6ff9f3bf84c5586ca1de	3453a0293f26ddc56cbd715c7e06e901b1f0c99f6b2c6ff9f3bf84c5586ca1de
experiments/mtob/slurm_outputs/5759784.out	experiments/mtob/slurm_outputs/5759784.out	e22ec5769e0c18c5fd8b57d03b0a9b61bf35bfe99d64ec34ee0ebbca7e8af20d	e22ec5769e0c18c5fd8b57d03b0a9b61bf35bfe99d64ec34ee0ebbca7e8af20d
scripts/migrate_layout.py	scripts/migrate_layout.py	bb2f182307b3f3904c97adf83861d32f90e3d74a8b1fe67dbdcad3505c78aabf	bb2f182307b3f3904c97adf83861d32f90e3d74a8b1fe67dbdcad3505c78aabf
