id	model	language	method	material	source	variant	metric	baseline_score	score	delta	p	system_ci_half_width	records	signature	errors	p_holm
gemini25flashlite_gitksan_pdf1_brown_original_chain_gloss_cheatsheet_jpg	gemini25flashlite	Gitksan	chain_gloss	cheatsheet_jpg	pdf1_brown	original	BLEU	6.7107282419465095	3.124410055975303	-3.5863181859712063	0.027659723402765974	1.5749982993534872	37	nrefs:1|bs:100000|seed:20260915|case:mixed|eff:no|tok:13a|smooth:exp|version:2.6.0	2	1.0
gemini25flashlite_gitksan_pdf1_brown_original_chain_gloss_cheatsheet_txt	gemini25flashlite	Gitksan	chain_gloss	cheatsheet_txt	pdf1_brown	original	BLEU	6.7107282419465095	4.6919582181572315	-2.018770023789278	0.12202877971220288	2.501821963891495	37	nrefs:1|bs:100000|seed:20260915|case:mixed|eff:no|tok:13a|smooth:exp|version:2.6.0	4	1.0
gemini25flashlite_gitksan_pdf1_brown_original_chain_gloss_pdfpages_impactful_jpg	gemini25flashlite	Gitksan	chain_gloss	pdfpages_impactful_jpg	pdf1_brown	original	BLEU	6.7107282419465095	2.8711706922821323	-3.8395575496643772	0.02740972590274097	1.610707787645059	37	nrefs:1|bs:100000|seed:20260915|case:mixed|eff:no|tok:13a|smooth:exp|version:2.6.0	3	1.0
gemini25flashlite_gitksan_pdf1_brown_original_chain_gloss_summary_tables_jpg	gemini25flashlite	Gitksan	chain_gloss	summary_tables_jpg	pdf1_brown	original	BLEU	6.7107282419465095	3.6929012124397875	-3.017827029506722	0.01892981070189298	2.9044120056354155	37	nrefs:1|bs:100000|seed:20260915|case:mixed|eff:no|tok:13a|smooth:exp|version:2.6.0	3	1.0
gemini25flashlite_gitksan_pdf1_brown_original_chain_gloss_summary_tables_txt	gemini25flashlite	Gitksan	chain_gloss	summary_tables_txt	pdf1_brown	original	BLEU	6.7107282419465095	4.549888911722418	-2.160839330224092	0.07255927440725593	2.985392805554778	37	nrefs:1|bs:100000|seed:20260915|case:mixed|eff:no|tok:13a|smooth:exp|version:2.6.0	6	1.0
gemini25flashlite_gitksan_pdf1_brown_original_chain_gloss_summary_text_txt	gemini25flashlite	Gitksan	chain_gloss	summary_text_txt	pdf1_brown	original	BLEU	6.7107282419465095	4.684083247130735	-2.0266449948157748	0.11736882631173688	2.4290428387145147	37	nrefs:1|bs:100000|seed:20260915|case:mixed|eff:no|tok:13a|smooth:exp|version:2.6.0	1	1.0
gemini25flashlite_gitksan_pdf2_rigsby_original_chain_gloss_cheatsheet_jpg	gemini25flashlite	Gitksan	chain_gloss	cheatsheet_jpg	pdf2_rigsby	original	BLEU	6.7107282419465095	3.9104449444745826	-2.800283297471927	0.044699553004469955	2.540112574984069	37	nrefs:1|bs:100000|seed:20260915|case:mixed|eff:no|tok:13a|smooth:exp|version:2.6.0	3	1.0
gemini25flashlite_gitksan_pdf2_rigsby_original_chain_gloss_cheatsheet_txt	gemini25flashlite	Gitksan	chain_gloss	cheatsheet_txt	pdf2_rigsby	original	BLEU	6.7107282419465095	4.711838480999712	-1.9988897609467973	0.11757882421175789	2.0366572195960497	37	nrefs:1|bs:100000|seed:20260915|case:mixed|eff:no|tok:13a|smooth:exp|version:2.6.0	4	1.0
gemini25flashlite_gitksan_pdf2_rigsby_original_chain_gloss_pdfpages_impactful_jpg	gemini25flashlite	Gitksan	chain_gloss	pdfpages_impactful_jpg	pdf2_rigsby	original	BLEU	6.7107282419465095	5.155214538963255	-1.5555137029832542	0.12977870221297788	3.045910807462513	37	nrefs:1|bs:100000|seed:20260915|case:mixed|eff:no|tok:13a|smooth:exp|version:2.6.0	4	1.0
gemini25flashlite_gitksan_pdf2_rigsby_original_chain_gloss_summary_tables_jpg	gemini25flashlite	Gitksan	chain_gloss	summary_tables_jpg	pdf2_rigsby	original	BLEU	6.7107282419465095	2.584529019957933	-4.126199221988577	0.02016979830201698	1.602459718170385	37	nrefs:1|bs:100000|seed:20260915|case:mixed|eff:no|tok:13a|smooth:exp|version:2.6.0	3	1.0
gemini25flashlite_gitksan_pdf2_rigsby_original_chain_gloss_summary_tables_txt	gemini25flashlite	Gitksan	chain_gloss	summary_tables_txt	pdf2_rigsby	original	BLEU	6.7107282419465095	5.565392445317585	-1.1453357966289248	0.17627823721762784	2.832628427791945	37	nrefs:1|bs:100000|seed:20260915|case:mixed|eff:no|tok:13a|smooth:exp|version:2.6.0	2	1.0
gemini25flashlite_gitksan_pdf2_rigsby_original_chain_gloss_summary_text_txt	gemini25flashlite	Gitksan	chain_gloss	summary_text_txt	pdf2_rigsby	original	BLEU	6.7107282419465095	2.9021172118871728	-3.8086110300593368	0.021929780702192977	1.5841240111873935	37	nrefs:1|bs:100000|seed:20260915|case:mixed|eff:no|tok:13a|smooth:exp|version:2.6.0	5	1.0
gemini25flashlite_gitksan_pdf1_brown_original_chain_gloss_cheatsheet_jpg	gemini25flashlite	Gitksan	chain_gloss	cheatsheet_jpg	pdf1_brown	original	chrF2++	24.71279193066445	24.5716119461647	-0.14117998449975033	0.37846621533784663	3.9145803451538086	37	nrefs:1|bs:100000|seed:20260915|case:mixed|eff:yes|nc:6|nw:2|space:no|version:2.6.0	2	1.0
gemini25flashlite_gitksan_pdf1_brown_original_chain_gloss_cheatsheet_txt	gemini25flashlite	Gitksan	chain_gloss	cheatsheet_txt	pdf1_brown	original	chrF2++	24.71279193066445	24.782413456767777	0.06962152610332595	0.4014259857401426	5.0059614181518555	37	nrefs:1|bs:100000|seed:20260915|case:mixed|eff:yes|nc:6|nw:2|space:no|version:2.6.0	4	1.0
gemini25flashlite_gitksan_pdf1_brown_original_chain_gloss_pdfpages_impactful_jpg	gemini25flashlite	Gitksan	chain_gloss	pdfpages_impactful_jpg	pdf1_brown	original	chrF2++	24.71279193066445	22.44620178428049	-2.2665901463839617	0.1030489695103049	4.373302459716797	37	nrefs:1|bs:100000|seed:20260915|case:mixed|eff:yes|nc:6|nw:2|space:no|version:2.6.0	3	1.0
gemini25flashlite_gitksan_pdf1_brown_original_chain_gloss_summary_tables_jpg	gemini25flashlite	Gitksan	chain_gloss	summary_tables_jpg	pdf1_brown	original	chrF2++	24.71279193066445	21.917682439076756	-2.795109491587695	0.07362926370736293	4.595129013061523	37	nrefs:1|bs:100000|seed:20260915|case:mixed|eff:yes|nc:6|nw:2|space:no|version:2.6.0	3	1.0
gemini25flashlite_gitksan_pdf1_brown_original_chain_gloss_summary_tables_txt	gemini25flashlite	Gitksan	chain_gloss	summary_tables_txt	pdf1_brown	original	chrF2++	24.71279193066445	23.585284839594877	-1.1275070910695746	0.1885981140188598	4.338101387023926	37	nrefs:1|bs:100000|seed:20260915|case:mixed|eff:yes|nc:6|nw:2|space:no|version:2.6.0	6	1.0
gemini25flashlite_gitksan_pdf1_brown_original_chain_gloss_summary_text_txt	gemini25flashlite	Gitksan	chain_gloss	summary_text_txt	pdf1_brown	original	chrF2++	24.71279193066445	27.208763636538947	2.4959717058744957	0.06662933370666294	3.749774932861328	37	nrefs:1|bs:100000|seed:20260915|case:mixed|eff:yes|nc:6|nw:2|space:no|version:2.6.0	1	1.0
gemini25flashlite_gitksan_pdf2_rigsby_original_chain_gloss_cheatsheet_jpg	gemini25flashlite	Gitksan	chain_gloss	cheatsheet_jpg	pdf2_rigsby	original	chrF2++	24.71279193066445	23.603515960290476	-1.1092759703739752	0.18713812861871382	4.3613128662109375	37	nrefs:1|bs:100000|seed:20260915|case:mixed|eff:yes|nc:6|nw:2|space:no|version:2.6.0	3	1.0
gemini25flashlite_gitksan_pdf2_rigsby_original_chain_gloss_cheatsheet_txt	gemini25flashlite	Gitksan	chain_gloss	cheatsheet_txt	pdf2_rigsby	original	chrF2++	24.71279193066445	23.60485641836213	-1.1079355123023227	0.21123788762112378	4.535863876342773	37	nrefs:1|bs:100000|seed:20260915|case:mixed|eff:yes|nc:6|nw:2|space:no|version:2.6.0	4	1.0
gemini25flashlite_gitksan_pdf2_rigsby_original_chain_gloss_pdfpages_impactful_jpg	gemini25flashlite	Gitksan	chain_gloss	pdfpages_impactful_jpg	pdf2_rigsby	original	chrF2++	24.71279193066445	22.899684935091933	-1.813106995572518	0.13053869461305387	4.325366973876953	37	nrefs:1|bs:100000|seed:20260915|case:mixed|eff:yes|nc:6|nw:2|space:no|version:2.6.0	4	1.0
gemini25flashlite_gitksan_pdf2_rigsby_original_chain_gloss_summary_tables_jpg	gemini25flashlite	Gitksan	chain_gloss	summary_tables_jpg	pdf2_rigsby	original	chrF2++	24.71279193066445	20.895038971414827	-3.817752959249624	0.03272967270327297	4.157199859619141	37	nrefs:1|bs:100000|seed:20260915|case:mixed|eff:yes|nc:6|nw:2|space:no|version:2.6.0	3	1.0
gemini25flashlite_gitksan_pdf2_rigsby_original_chain_gloss_summary_tables_txt	gemini25flashlite	Gitksan	chain_gloss	summary_tables_txt	pdf2_rigsby	original	chrF2++	24.71279193066445	26.13225105972114	1.419459129056687	0.12420875791242088	3.9727516174316406	37	nrefs:1|bs:100000|seed:20260915|case:mixed|eff:yes|nc:6|nw:2|space:no|version:2.6.0	2	1.0
gemini25flashlite_gitksan_pdf2_rigsby_original_chain_gloss_summary_text_txt	gemini25flashlite	Gitksan	chain_gloss	summary_text_txt	pdf2_rigsby	original	chrF2++	24.71279193066445	22.51053234762033	-2.202259583044121	0.0918490815091849	4.329561233520508	37	nrefs:1|bs:100000|seed:20260915|case:mixed|eff:yes|nc:6|nw:2|space:no|version:2.6.0	5	1.0
gemini25flashlite_gitksan_pdf1_brown_original_modelgloss_cheatsheet_jpg	gemini25flashlite	Gitksan	modelgloss	cheatsheet_jpg	pdf1_brown	original	BLEU	19.517389236663607	21.57215538479812	2.0547661481345116	0.15623843761562384	5.748148989276529	37	nrefs:1|bs:100000|seed:20260915|case:mixed|eff:no|tok:13a|smooth:exp|version:2.6.0	0	1.0
gemini25flashlite_gitksan_pdf1_brown_original_modelgloss_cheatsheet_txt	gemini25flashlite	Gitksan	modelgloss	cheatsheet_txt	pdf1_brown	original	BLEU	19.517389236663607	17.595893446811456	-1.9214957898521519	0.13718862811371887	3.9577431166484134	37	nrefs:1|bs:100000|seed:20260915|case:mixed|eff:no|tok:13a|smooth:exp|version:2.6.0	0	1.0
gemini25flashlite_gitksan_pdf1_brown_original_modelgloss_pdfpages_impactful_jpg	gemini25flashlite	Gitksan	modelgloss	pdfpages_impactful_jpg	pdf1_brown	original	BLEU	19.517389236663607	15.364154748686932	-4.153234487976675	0.013349866501334986	4.820549670158954	37	nrefs:1|bs:100000|seed:20260915|case:mixed|eff:no|tok:13a|smooth:exp|version:2.6.0	0	1.0
gemini25flashlite_gitksan_pdf1_brown_original_modelgloss_summary_tables_jpg	gemini25flashlite	Gitksan	modelgloss	summary_tables_jpg	pdf1_brown	original	BLEU	19.517389236663607	18.26495423446648	-1.252435002197128	0.18101818981810183	4.638041744667219	37	nrefs:1|bs:100000|seed:20260915|case:mixed|eff:no|tok:13a|smooth:exp|version:2.6.0	0	1.0
gemini25flashlite_gitksan_pdf1_brown_original_modelgloss_summary_tables_txt	gemini25flashlite	Gitksan	modelgloss	summary_tables_txt	pdf1_brown	original	BLEU	19.517389236663607	21.073817671164434	1.5564284345008268	0.16870831291687083	4.39607747041849	37	nrefs:1|bs:100000|seed:20260915|case:mixed|eff:no|tok:13a|smooth:exp|version:2.6.0	0	1.0
gemini25flashlite_gitksan_pdf1_brown_original_modelgloss_summary_text_txt	gemini25flashlite	Gitksan	modelgloss	summary_text_txt	pdf1_brown	original	BLEU	19.517389236663607	18.869277957666327	-0.6481112789972805	0.27719722802771973	4.01481595773421	37	nrefs:1|bs:100000|seed:20260915|case:mixed|eff:no|tok:13a|smooth:exp|version:2.6.0	0	1.0
gemini25flashlite_gitksan_pdf2_rigsby_original_modelgloss_cheatsheet_jpg	gemini25flashlite	Gitksan	modelgloss	cheatsheet_jpg	pdf2_rigsby	original	BLEU	19.517389236663607	18.62506304556191	-0.8923261911016986	0.24622753772462275	4.818547324790828	37	nrefs:1|bs:100000|seed:20260915|case:mixed|eff:no|tok:13a|smooth:exp|version:2.6.0	0	1.0
gemini25flashlite_gitksan_pdf2_rigsby_original_modelgloss_cheatsheet_txt	gemini25flashlite	Gitksan	modelgloss	cheatsheet_txt	pdf2_rigsby	original	BLEU	19.517389236663607	19.57516970182657	0.057780465162963424	0.41474585254147456	4.961128434722626	37	nrefs:1|bs:100000|seed:20260915|case:mixed|eff:no|tok:13a|smooth:exp|version:2.6.0	0	1.0
gemini25flashlite_gitksan_pdf2_rigsby_original_modelgloss_pdfpages_impactful_jpg	gemini25flashlite	Gitksan	modelgloss	pdfpages_impactful_jpg	pdf2_rigsby	original	BLEU	19.517389236663607	14.90882127530107	-4.608567961362537	0.006229937700622994	4.6188632132211955	37	nrefs:1|bs:100000|seed:20260915|case:mixed|eff:no|tok:13a|smooth:exp|version:2.6.0	0	1.0
gemini25flashlite_gitksan_pdf2_rigsby_original_modelgloss_summary_tables_jpg	gemini25flashlite	Gitksan	modelgloss	summary_tables_jpg	pdf2_rigsby	original	BLEU	19.517389236663607	17.331493513463403	-2.185895723200204	0.12776872231277686	4.710547266410846	37	nrefs:1|bs:100000|seed:20260915|case:mixed|eff:no|tok:13a|smooth:exp|version:2.6.0	0	1.0
gemini25flashlite_gitksan_pdf2_rigsby_original_modelgloss_summary_tables_txt	gemini25flashlite	Gitksan	modelgloss	summary_tables_txt	pdf2_rigsby	original	BLEU	19.517389236663607	18.17738826582135	-1.340000970842258	0.14570854291457086	4.459139079792692	37	nrefs:1|bs:100000|seed:20260915|case:mixed|eff:no|tok:13a|smooth:exp|version:2.6.0	0	1.0
gemini25flashlite_gitksan_pdf2_rigsby_original_modelgloss_summary_text_txt	gemini25flashlite	Gitksan	modelgloss	summary_text_txt	pdf2_rigsby	original	BLEU	19.517389236663607	20.04869200583303	0.5313027691694217	0.2704872951270487	4.103119474405495	37	nrefs:1|bs:100000|seed:20260915|case:mixed|eff:no|tok:13a|smooth:exp|version:2.6.0	0	1.0
gemini25flashlite_gitksan_pdf1_brown_original_modelgloss_cheatsheet_jpg	gemini25flashlite	Gitksan	modelgloss	cheatsheet_jpg	pdf1_brown	original	chrF2++	50.52552568874624	50.62271276784851	0.09718707910226954	0.38626613733862664	3.9549694061279297	37	nrefs:1|bs:100000|seed:20260915|case:mixed|eff:yes|nc:6|nw:2|space:no|version:2.6.0	0	1.0
gemini25flashlite_gitksan_pdf1_brown_original_modelgloss_cheatsheet_txt	gemini25flashlite	Gitksan	modelgloss	cheatsheet_txt	pdf1_brown	original	chrF2++	50.52552568874624	48.756245332864914	-1.7692803558813281	0.053639463605363945	3.3975162506103516	37	nrefs:1|bs:100000|seed:20260915|case:mixed|eff:yes|nc:6|nw:2|space:no|version:2.6.0	0	1.0
gemini25flashlite_gitksan_pdf1_brown_original_modelgloss_pdfpages_impactful_jpg	gemini25flashlite	Gitksan	modelgloss	pdfpages_impactful_jpg	pdf1_brown	original	chrF2++	50.52552568874624	45.31244667133791	-5.213079017408333	8.99991000089999e-05	4.206125259399414	37	nrefs:1|bs:100000|seed:20260915|case:mixed|eff:yes|nc:6|nw:2|space:no|version:2.6.0	0	0.05642943570564294
gemini25flashlite_gitksan_pdf1_brown_original_modelgloss_summary_tables_jpg	gemini25flashlite	Gitksan	modelgloss	summary_tables_jpg	pdf1_brown	original	chrF2++	50.52552568874624	47.959670683235835	-2.5658550055104072	0.035289647103528964	3.781106948852539	37	nrefs:1|bs:100000|seed:20260915|case:mixed|eff:yes|nc:6|nw:2|space:no|version:2.6.0	0	1.0
gemini25flashlite_gitksan_pdf1_brown_original_modelgloss_summary_tables_txt	gemini25flashlite	Gitksan	modelgloss	summary_tables_txt	pdf1_brown	original	chrF2++	50.52552568874624	49.791981778116664	-0.733543910629578	0.1966480335196648	3.631711959838867	37	nrefs:1|bs:100000|seed:20260915|case:mixed|eff:yes|nc:6|nw:2|space:no|version:2.6.0	0	1.0
gemini25flashlite_gitksan_pdf1_brown_original_modelgloss_summary_text_txt	gemini25flashlite	Gitksan	modelgloss	summary_text_txt	pdf1_brown	original	chrF2++	50.52552568874624	49.47197547212213	-1.0535502166241102	0.1834881651183488	3.7989635467529297	37	nrefs:1|bs:100000|seed:20260915|case:mixed|eff:yes|nc:6|nw:2|space:no|version:2.6.0	0	1.0
gemini25flashlite_gitksan_pdf2_rigsby_original_modelgloss_cheatsheet_jpg	gemini25flashlite	Gitksan	modelgloss	cheatsheet_jpg	pdf2_rigsby	original	chrF2++	50.52552568874624	48.99240010408522	-1.533125584661022	0.13513864861351388	3.8774166107177734	37	nrefs:1|bs:100000|seed:20260915|case:mixed|eff:yes|nc:6|nw:2|space:no|version:2.6.0	0	1.0
gemini25flashlite_gitksan_pdf2_rigsby_original_modelgloss_cheatsheet_txt	gemini25flashlite	Gitksan	modelgloss	cheatsheet_txt	pdf2_rigsby	original	chrF2++	50.52552568874624	48.906866004662994	-1.618659684083248	0.11101888981110189	3.6685523986816406	37	nrefs:1|bs:100000|seed:20260915|case:mixed|eff:yes|nc:6|nw:2|space:no|version:2.6.0	0	1.0
gemini25flashlite_gitksan_pdf2_rigsby_original_modelgloss_pdfpages_impactful_jpg	gemini25flashlite	Gitksan	modelgloss	pdfpages_impactful_jpg	pdf2_rigsby	original	chrF2++	50.52552568874624	44.03930330989698	-6.486222378849263	0.002879971200287997	5.314939498901367	37	nrefs:1|bs:100000|seed:20260915|case:mixed|eff:yes|nc:6|nw:2|space:no|version:2.6.0	0	1.0
gemini25flashlite_gitksan_pdf2_rigsby_original_modelgloss_summary_tables_jpg	gemini25flashlite	Gitksan	modelgloss	summary_tables_jpg	pdf2_rigsby	original	chrF2++	50.52552568874624	47.11917974658256	-3.406345942163682	0.012059879401205988	4.030855178833008	37	nrefs:1|bs:100000|seed:20260915|case:mixed|eff:yes|nc:6|nw:2|space:no|version:2.6.0	0	1.0
gemini25flashlite_gitksan_pdf2_rigsby_original_modelgloss_summary_tables_txt	gemini25flashlite	Gitksan	modelgloss	summary_tables_txt	pdf2_rigsby	original	chrF2++	50.52552568874624	48.74237244996763	-1.7831532387786098	0.06475935240647593	3.6969966888427734	37	nrefs:1|bs:100000|seed:20260915|case:mixed|eff:yes|nc:6|nw:2|space:no|version:2.6.0	0	1.0
gemini25flashlite_gitksan_pdf2_rigsby_original_modelgloss_summary_text_txt	gemini25flashlite	Gitksan	modelgloss	summary_text_txt	pdf2_rigsby	original	chrF2++	50.52552568874624	49.76965031089606	-0.755875377850181	0.1921380786192138	3.7745018005371094	37	nrefs:1|bs:100000|seed:20260915|case:mixed|eff:yes|nc:6|nw:2|space:no|version:2.6.0	0	1.0
gemini25flashlite_gitksan_pdf1_brown_original_shot_cheatsheet_jpg	gemini25flashlite	Gitksan	shot	cheatsheet_jpg	pdf1_brown	original	BLEU	5.737133227349448	6.5578909525531195	0.8207577252036717	0.17537824621753784	4.6358863739934675	37	nrefs:1|bs:100000|seed:20260915|case:mixed|eff:no|tok:13a|smooth:exp|version:2.6.0	1	1.0
gemini25flashlite_gitksan_pdf1_brown_original_shot_cheatsheet_txt	gemini25flashlite	Gitksan	shot	cheatsheet_txt	pdf1_brown	original	BLEU	5.737133227349448	4.988340657855475	-0.7487925694939728	0.16701832981670184	3.3005925618198293	37	nrefs:1|bs:100000|seed:20260915|case:mixed|eff:no|tok:13a|smooth:exp|version:2.6.0	1	1.0
gemini25flashlite_gitksan_pdf1_brown_original_shot_pdfpages_impactful_jpg	gemini25flashlite	Gitksan	shot	pdfpages_impactful_jpg	pdf1_brown	original	BLEU	5.737133227349448	3.6832013939538113	-2.0539318333956365	0.03886961130388696	3.011674703227059	37	nrefs:1|bs:100000|seed:20260915|case:mixed|eff:no|tok:13a|smooth:exp|version:2.6.0	1	1.0
gemini25flashlite_gitksan_pdf1_brown_original_shot_summary_tables_jpg	gemini25flashlite	Gitksan	shot	summary_tables_jpg	pdf1_brown	original	BLEU	5.737133227349448	6.004222691180708	0.26708946383126	0.3105268947310527	4.4687193888280365	37	nrefs:1|bs:100000|seed:20260915|case:mixed|eff:no|tok:13a|smooth:exp|version:2.6.0	1	1.0
gemini25flashlite_gitksan_pdf1_brown_original_shot_summary_tables_txt	gemini25flashlite	Gitksan	shot	summary_tables_txt	pdf1_brown	original	BLEU	5.737133227349448	6.807179739950121	1.0700465126006735	0.16174838251617485	3.633063285761108	37	nrefs:1|bs:100000|seed:20260915|case:mixed|eff:no|tok:13a|smooth:exp|version:2.6.0	1	1.0
gemini25flashlite_gitksan_pdf1_brown_original_shot_summary_text_txt	gemini25flashlite	Gitksan	shot	summary_text_txt	pdf1_brown	original	BLEU	5.737133227349448	5.252538349935049	-0.48459487741439844	0.1914380856191438	3.3441549290389343	37	nrefs:1|bs:100000|seed:20260915|case:mixed|eff:no|tok:13a|smooth:exp|version:2.6.0	1	1.0
gemini25flashlite_gitksan_pdf2_rigsby_original_shot_cheatsheet_jpg	gemini25flashlite	Gitksan	shot	cheatsheet_jpg	pdf2_rigsby	original	BLEU	5.737133227349448	4.742462737670499	-0.9946704896789491	0.10685893141068589	3.035295316823459	37	nrefs:1|bs:100000|seed:20260915|case:mixed|eff:no|tok:13a|smooth:exp|version:2.6.0	0	1.0
gemini25flashlite_gitksan_pdf2_rigsby_original_shot_cheatsheet_txt	gemini25flashlite	Gitksan	shot	cheatsheet_txt	pdf2_rigsby	original	BLEU	5.737133227349448	5.8043397813809	0.06720655403145237	0.38092619073809264	3.4460857461283623	37	nrefs:1|bs:100000|seed:20260915|case:mixed|eff:no|tok:13a|smooth:exp|version:2.6.0	1	1.0
gemini25flashlite_gitksan_pdf2_rigsby_original_shot_pdfpages_impactful_jpg	gemini25flashlite	Gitksan	shot	pdfpages_impactful_jpg	pdf2_rigsby	original	BLEU	5.737133227349448	3.748414036251969	-1.9887191910974789	0.02173978260217398	2.955251877676805	37	nrefs:1|bs:100000|seed:20260915|case:mixed|eff:no|tok:13a|smooth:exp|version:2.6.0	0	1.0
gemini25flashlite_gitksan_pdf2_rigsby_original_shot_summary_tables_jpg	gemini25flashlite	Gitksan	shot	summary_tables_jpg	pdf2_rigsby	original	BLEU	5.737133227349448	5.9916410301665115	0.25450780281706376	0.2916470835291647	4.4688307857137035	37	nrefs:1|bs:100000|seed:20260915|case:mixed|eff:no|tok:13a|smooth:exp|version:2.6.0	1	1.0
gemini25flashlite_gitksan_pdf2_rigsby_original_shot_summary_tables_txt	gemini25flashlite	Gitksan	shot	summary_tables_txt	pdf2_rigsby	original	BLEU	5.737133227349448	6.439861492110241	0.7027282647607933	0.2069979300206998	3.882867328970524	37	nrefs:1|bs:100000|seed:20260915|case:mixed|eff:no|tok:13a|smooth:exp|version:2.6.0	1	1.0
gemini25flashlite_gitksan_pdf2_rigsby_original_shot_summary_text_txt	gemini25flashlite	Gitksan	shot	summary_text_txt	pdf2_rigsby	original	BLEU	5.737133227349448	7.364508987544877	1.627375760195429	0.06999930000699993	4.8476410313790215	37	nrefs:1|bs:100000|seed:20260915|case:mixed|eff:no|tok:13a|smooth:exp|version:2.6.0	0	1.0
gemini25flashlite_gitksan_pdf1_brown_original_shot_cheatsheet_jpg	gemini25flashlite	Gitksan	shot	cheatsheet_jpg	pdf1_brown	original	chrF2++	26.74594092829063	24.64120468959419	-2.1047362386964394	0.013099869001309987	4.645150184631348	37	nrefs:1|bs:100000|seed:20260915|case:mixed|eff:yes|nc:6|nw:2|space:no|version:2.6.0	1	1.0
gemini25flashlite_gitksan_pdf1_brown_original_shot_cheatsheet_txt	gemini25flashlite	Gitksan	shot	cheatsheet_txt	pdf1_brown	original	chrF2++	26.74594092829063	26.68260095474258	-0.06333997354805021	0.3894761052389476	4.092066764831543	37	nrefs:1|bs:100000|seed:20260915|case:mixed|eff:yes|nc:6|nw:2|space:no|version:2.6.0	1	1.0
gemini25flashlite_gitksan_pdf1_brown_original_shot_pdfpages_impactful_jpg	gemini25flashlite	Gitksan	shot	pdfpages_impactful_jpg	pdf1_brown	original	chrF2++	26.74594092829063	23.57997425658598	-3.1659666717046484	0.03600963990360096	4.636369705200195	37	nrefs:1|bs:100000|seed:20260915|case:mixed|eff:yes|nc:6|nw:2|space:no|version:2.6.0	1	1.0
gemini25flashlite_gitksan_pdf1_brown_original_shot_summary_tables_jpg	gemini25flashlite	Gitksan	shot	summary_tables_jpg	pdf1_brown	original	chrF2++	26.74594092829063	25.744157830188723	-1.0017830981019067	0.2117478825211748	4.226388931274414	37	nrefs:1|bs:100000|seed:20260915|case:mixed|eff:yes|nc:6|nw:2|space:no|version:2.6.0	1	1.0
gemini25flashlite_gitksan_pdf1_brown_original_shot_summary_tables_txt	gemini25flashlite	Gitksan	shot	summary_tables_txt	pdf1_brown	original	chrF2++	26.74594092829063	28.14879836666272	1.4028574383720915	0.14918850811491885	3.9952239990234375	37	nrefs:1|bs:100000|seed:20260915|case:mixed|eff:yes|nc:6|nw:2|space:no|version:2.6.0	1	1.0
gemini25flashlite_gitksan_pdf1_brown_original_shot_summary_text_txt	gemini25flashlite	Gitksan	shot	summary_text_txt	pdf1_brown	original	chrF2++	26.74594092829063	26.470131637788235	-0.27580929050239433	0.2614173858261417	4.581194877624512	37	nrefs:1|bs:100000|seed:20260915|case:mixed|eff:yes|nc:6|nw:2|space:no|version:2.6.0	1	1.0
gemini25flashlite_gitksan_pdf2_rigsby_original_shot_cheatsheet_jpg	gemini25flashlite	Gitksan	shot	cheatsheet_jpg	pdf2_rigsby	original	chrF2++	26.74594092829063	26.1472800768211	-0.5986608514695284	0.2625973740262597	3.65087890625	37	nrefs:1|bs:100000|seed:20260915|case:mixed|eff:yes|nc:6|nw:2|space:no|version:2.6.0	0	1.0
gemini25flashlite_gitksan_pdf2_rigsby_original_shot_cheatsheet_txt	gemini25flashlite	Gitksan	shot	cheatsheet_txt	pdf2_rigsby	original	chrF2++	26.74594092829063	26.333806717300668	-0.4121342109899615	0.21449785502144977	4.580517768859863	37	nrefs:1|bs:100000|seed:20260915|case:mixed|eff:yes|nc:6|nw:2|space:no|version:2.6.0	1	1.0
gemini25flashlite_gitksan_pdf2_rigsby_original_shot_pdfpages_impactful_jpg	gemini25flashlite	Gitksan	shot	pdfpages_impactful_jpg	pdf2_rigsby	original	chrF2++	26.74594092829063	22.260931242596218	-4.485009685694411	0.0058499415005849945	4.520552635192871	37	nrefs:1|bs:100000|seed:20260915|case:mixed|eff:yes|nc:6|nw:2|space:no|version:2.6.0	0	1.0
gemini25flashlite_gitksan_pdf2_rigsby_original_shot_summary_tables_jpg	gemini25flashlite	Gitksan	shot	summary_tables_jpg	pdf2_rigsby	original	chrF2++	26.74594092829063	25.120202760418834	-1.6257381678717948	0.028239717602823972	4.449740409851074	37	nrefs:1|bs:100000|seed:20260915|case:mixed|eff:yes|nc:6|nw:2|space:no|version:2.6.0	1	1.0
gemini25flashlite_gitksan_pdf2_rigsby_original_shot_summary_tables_txt	gemini25flashlite	Gitksan	shot	summary_tables_txt	pdf2_rigsby	original	chrF2++	26.74594092829063	27.48890392569511	0.7429629974044794	0.2019579804201958	5.058925628662109	37	nrefs:1|bs:100000|seed:20260915|case:mixed|eff:yes|nc:6|nw:2|space:no|version:2.6.0	1	1.0
gemini25flashlite_gitksan_pdf2_rigsby_original_shot_summary_text_txt	gemini25flashlite	Gitksan	shot	summary_text_txt	pdf2_rigsby	original	chrF2++	26.74594092829063	28.1343432337207	1.3884023054300698	0.1079289207107929	3.668227195739746	37	nrefs:1|bs:100000|seed:20260915|case:mixed|eff:yes|nc:6|nw:2|space:no|version:2.6.0	0	1.0
gemini25flashlite_lezgi_grammar_cyrillic_chain_gloss_cheatsheet_jpg	gemini25flashlite	Lezgi	chain_gloss	cheatsheet_jpg	grammar	cyrillic	BLEU	13.801019277380002	12.294977445330865	-1.5060418320491369	0.11218887811121889	3.0118390741160654	87	nrefs:1|bs:100000|seed:20260915|case:mixed|eff:no|tok:13a|smooth:exp|version:2.6.0	3	1.0
gemini25flashlite_lezgi_grammar_cyrillic_chain_gloss_cheatsheet_txt	gemini25flashlite	Lezgi	chain_gloss	cheatsheet_txt	grammar	cyrillic	BLEU	13.801019277380002	10.415142459814723	-3.385876817565279	0.015279847201527984	2.9229393261673478	87	nrefs:1|bs:100000|seed:20260915|case:mixed|eff:no|tok:13a|smooth:exp|version:2.6.0	4	1.0
gemini25flashlite_lezgi_grammar_cyrillic_chain_gloss_summary_tables_jpg	gemini25flashlite	Lezgi	chain_gloss	summary_tables_jpg	grammar	cyrillic	BLEU	13.801019277380002	11.94815514002641	-1.852864137353592	0.07818921810781893	3.3449076184160456	87	nrefs:1|bs:100000|seed:20260915|case:mixed|eff:no|tok:13a|smooth:exp|version:2.6.0	5	1.0
gemini25flashlite_lezgi_grammar_cyrillic_chain_gloss_summary_tables_txt	gemini25flashlite	Lezgi	chain_gloss	summary_tables_txt	grammar	cyrillic	BLEU	13.801019277380002	11.23139846859667	-2.5696208087833323	0.02065979340206598	3.20522745677934	87	nrefs:1|bs:100000|seed:20260915|case:mixed|eff:no|tok:13a|smooth:exp|version:2.6.0	4	1.0
gemini25flashlite_lezgi_grammar_cyrillic_chain_gloss_summary_text_txt	gemini25flashlite	Lezgi	chain_gloss	summary_text_txt	grammar	cyrillic	BLEU	13.801019277380002	9.855980915303475	-3.9450383620765272	0.002189978100218998	2.7618864924533786	87	nrefs:1|bs:100000|seed:20260915|case:mixed|eff:no|tok:13a|smooth:exp|version:2.6.0	6	1.0
gemini25flashlite_lezgi_grammar_original_chain_gloss_cheatsheet_jpg	gemini25flashlite	Lezgi	chain_gloss	cheatsheet_jpg	grammar	original	BLEU	13.801019277380002	13.166239308973235	-0.6347799684067663	0.22221777782222177	3.673184650116837	87	nrefs:1|bs:100000|seed:20260915|case:mixed|eff:no|tok:13a|smooth:exp|version:2.6.0	4	1.0
gemini25flashlite_lezgi_grammar_original_chain_gloss_cheatsheet_txt	gemini25flashlite	Lezgi	chain_gloss	cheatsheet_txt	grammar	original	BLEU	13.801019277380002	10.983547066598142	-2.81747221078186	0.01023989760102399	2.791188388774205	87	nrefs:1|bs:100000|seed:20260915|case:mixed|eff:no|tok:13a|smooth:exp|version:2.6.0	3	1.0
gemini25flashlite_lezgi_grammar_original_chain_gloss_pdfpages_impactful_jpg	gemini25flashlite	Lezgi	chain_gloss	pdfpages_impactful_jpg	grammar	original	BLEU	13.801019277380002	12.657016889492901	-1.1440023878871006	0.14286857131428685	3.5608837222817575	87	nrefs:1|bs:100000|seed:20260915|case:mixed|eff:no|tok:13a|smooth:exp|version:2.6.0	2	1.0
gemini25flashlite_lezgi_grammar_original_chain_gloss_summary_tables_jpg	gemini25flashlite	Lezgi	chain_gloss	summary_tables_jpg	grammar	original	BLEU	13.801019277380002	10.910336838875564	-2.890682438504438	0.014389856101438985	2.973985724215115	87	nrefs:1|bs:100000|seed:20260915|case:mixed|eff:no|tok:13a|smooth:exp|version:2.6.0	2	1.0
gemini25flashlite_lezgi_grammar_original_chain_gloss_summary_tables_txt	gemini25flashlite	Lezgi	chain_gloss	summary_tables_txt	grammar	original	BLEU	13.801019277380002	11.453217903147074	-2.347801374232928	0.022669773302266976	3.142090228031287	87	nrefs:1|bs:100000|seed:20260915|case:mixed|eff:no|tok:13a|smooth:exp|version:2.6.0	4	1.0
gemini25flashlite_lezgi_grammar_original_chain_gloss_summary_text_txt	gemini25flashlite	Lezgi	chain_gloss	summary_text_txt	grammar	original	BLEU	13.801019277380002	10.770132878936973	-3.0308863984430285	0.03541964580354196	3.13872918952325	87	nrefs:1|bs:100000|seed:20260915|case:mixed|eff:no|tok:13a|smooth:exp|version:2.6.0	9	1.0
gemini25flashlite_lezgi_grammar_cyrillic_chain_gloss_cheatsheet_jpg	gemini25flashlite	Lezgi	chain_gloss	cheatsheet_jpg	grammar	cyrillic	chrF2++	33.26339761968345	34.44165286403042	1.178255244346964	0.14360856391436086	3.430410385131836	87	nrefs:1|bs:100000|seed:20260915|case:mixed|eff:yes|nc:6|nw:2|space:no|version:2.6.0	3	1.0
gemini25flashlite_lezgi_grammar_cyrillic_chain_gloss_cheatsheet_txt	gemini25flashlite	Lezgi	chain_gloss	cheatsheet_txt	grammar	cyrillic	chrF2++	33.26339761968345	31.975039399608146	-1.288358220075306	0.12046879531204688	3.1268157958984375	87	nrefs:1|bs:100000|seed:20260915|case:mixed|eff:yes|nc:6|nw:2|space:no|version:2.6.0	4	1.0
gemini25flashlite_lezgi_grammar_cyrillic_chain_gloss_summary_tables_jpg	gemini25flashlite	Lezgi	chain_gloss	summary_tables_jpg	grammar	cyrillic	chrF2++	33.26339761968345	33.528326121407126	0.26492850172367355	0.31651683483165166	3.2840213775634766	87	nrefs:1|bs:100000|seed:20260915|case:mixed|eff:yes|nc:6|nw:2|space:no|version:2.6.0	5	1.0
gemini25flashlite_lezgi_grammar_cyrillic_chain_gloss_summary_tables_txt	gemini25flashlite	Lezgi	chain_gloss	summary_tables_txt	grammar	cyrillic	chrF2++	33.26339761968345	31.677779480613317	-1.5856181390701352	0.08833911660883391	2.9786462783813477	87	nrefs:1|bs:100000|seed:20260915|case:mixed|eff:yes|nc:6|nw:2|space:no|version:2.6.0	4	1.0
gemini25flashlite_lezgi_grammar_cyrillic_chain_gloss_summary_text_txt	gemini25flashlite	Lezgi	chain_gloss	summary_text_txt	grammar	cyrillic	chrF2++	33.26339761968345	30.151109576197825	-3.112288043485627	0.011909880901190988	3.610563278198242	87	nrefs:1|bs:100000|seed:20260915|case:mixed|eff:yes|nc:6|nw:2|space:no|version:2.6.0	6	1.0
gemini25flashlite_lezgi_grammar_original_chain_gloss_cheatsheet_jpg	gemini25flashlite	Lezgi	chain_gloss	cheatsheet_jpg	grammar	original	chrF2++	33.26339761968345	33.51409922940357	0.25070160972011735	0.33070669293307065	3.8654708862304688	87	nrefs:1|bs:100000|seed:20260915|case:mixed|eff:yes|nc:6|nw:2|space:no|version:2.6.0	4	1.0
gemini25flashlite_lezgi_grammar_original_chain_gloss_cheatsheet_txt	gemini25flashlite	Lezgi	chain_gloss	cheatsheet_txt	grammar	original	chrF2++	33.26339761968345	31.44209502708229	-1.821302592601164	0.05742942570574294	2.8205204010009766	87	nrefs:1|bs:100000|seed:20260915|case:mixed|eff:yes|nc:6|nw:2|space:no|version:2.6.0	3	1.0
gemini25flashlite_lezgi_grammar_original_chain_gloss_pdfpages_impactful_jpg	gemini25flashlite	Lezgi	chain_gloss	pdfpages_impactful_jpg	grammar	original	chrF2++	33.26339761968345	34.478878656138676	1.2154810364552233	0.12725872741272587	3.3734970092773438	87	nrefs:1|bs:100000|seed:20260915|case:mixed|eff:yes|nc:6|nw:2|space:no|version:2.6.0	2	1.0
gemini25flashlite_lezgi_grammar_original_chain_gloss_summary_tables_jpg	gemini25flashlite	Lezgi	chain_gloss	summary_tables_jpg	grammar	original	chrF2++	33.26339761968345	33.171529785084495	-0.09186783459895764	0.37979620203797965	3.051229476928711	87	nrefs:1|bs:100000|seed:20260915|case:mixed|eff:yes|nc:6|nw:2|space:no|version:2.6.0	2	1.0
gemini25flashlite_lezgi_grammar_original_chain_gloss_summary_tables_txt	gemini25flashlite	Lezgi	chain_gloss	summary_tables_txt	grammar	original	chrF2++	33.26339761968345	31.15287913603832	-2.1105184836451336	0.03586964130358696	3.1935300827026367	87	nrefs:1|bs:100000|seed:20260915|case:mixed|eff:yes|nc:6|nw:2|space:no|version:2.6.0	4	1.0
gemini25flashlite_lezgi_grammar_original_chain_gloss_summary_text_txt	gemini25flashlite	Lezgi	chain_gloss	summary_text_txt	grammar	original	chrF2++	33.26339761968345	29.862457515550428	-3.4009401041330243	0.02052979470205298	3.9047727584838867	87	nrefs:1|bs:100000|seed:20260915|case:mixed|eff:yes|nc:6|nw:2|space:no|version:2.6.0	9	1.0
gemini25flashlite_lezgi_grammar_cyrillic_modelgloss_cheatsheet_jpg	gemini25flashlite	Lezgi	modelgloss	cheatsheet_jpg	grammar	cyrillic	BLEU	18.85283901992339	17.861738452978436	-0.9911005669449544	0.15405845941540586	3.9599411284495245	87	nrefs:1|bs:100000|seed:20260915|case:mixed|eff:no|tok:13a|smooth:exp|version:2.6.0	0	1.0
gemini25flashlite_lezgi_grammar_cyrillic_modelgloss_cheatsheet_txt	gemini25flashlite	Lezgi	modelgloss	cheatsheet_txt	grammar	cyrillic	BLEU	18.85283901992339	17.843301416842912	-1.009537603080478	0.12693873061269387	4.047120434486143	87	nrefs:1|bs:100000|seed:20260915|case:mixed|eff:no|tok:13a|smooth:exp|version:2.6.0	1	1.0
gemini25flashlite_lezgi_grammar_cyrillic_modelgloss_summary_tables_jpg	gemini25flashlite	Lezgi	modelgloss	summary_tables_jpg	grammar	cyrillic	BLEU	18.85283901992339	18.221699727928055	-0.6311392919953356	0.2531074689253108	4.106820336066129	87	nrefs:1|bs:100000|seed:20260915|case:mixed|eff:no|tok:13a|smooth:exp|version:2.6.0	0	1.0
gemini25flashlite_lezgi_grammar_cyrillic_modelgloss_summary_tables_txt	gemini25flashlite	Lezgi	modelgloss	summary_tables_txt	grammar	cyrillic	BLEU	18.85283901992339	18.062964760169212	-0.7898742597541784	0.19193808061919382	4.227293946457536	87	nrefs:1|bs:100000|seed:20260915|case:mixed|eff:no|tok:13a|smooth:exp|version:2.6.0	0	1.0
gemini25flashlite_lezgi_grammar_cyrillic_modelgloss_summary_text_txt	gemini25flashlite	Lezgi	modelgloss	summary_text_txt	grammar	cyrillic	BLEU	18.85283901992339	17.189920658329587	-1.6629183615938032	0.08380916190838092	3.825677090464877	87	nrefs:1|bs:100000|seed:20260915|case:mixed|eff:no|tok:13a|smooth:exp|version:2.6.0	1	1.0
gemini25flashlite_lezgi_grammar_original_modelgloss_cheatsheet_jpg	gemini25flashlite	Lezgi	modelgloss	cheatsheet_jpg	grammar	original	BLEU	18.85283901992339	18.32613321039407	-0.5267058095293216	0.26291737082629174	4.034771194730253	87	nrefs:1|bs:100000|seed:20260915|case:mixed|eff:no|tok:13a|smooth:exp|version:2.6.0	0	1.0
gemini25flashlite_lezgi_grammar_original_modelgloss_cheatsheet_txt	gemini25flashlite	Lezgi	modelgloss	cheatsheet_txt	grammar	original	BLEU	18.85283901992339	17.39137419737834	-1.4614648225450502	0.1088189118108819	4.099238685223023	87	nrefs:1|bs:100000|seed:20260915|case:mixed|eff:no|tok:13a|smooth:exp|version:2.6.0	1	1.0
gemini25flashlite_lezgi_grammar_original_modelgloss_pdfpages_impactful_jpg	gemini25flashlite	Lezgi	modelgloss	pdfpages_impactful_jpg	grammar	original	BLEU	18.85283901992339	17.43821281489801	-1.4146262050253817	0.14509854901450986	3.6918575986560045	87	nrefs:1|bs:100000|seed:20260915|case:mixed|eff:no|tok:13a|smooth:exp|version:2.6.0	0	1.0
gemini25flashlite_lezgi_grammar_original_modelgloss_summary_tables_jpg	gemini25flashlite	Lezgi	modelgloss	summary_tables_jpg	grammar	original	BLEU	18.85283901992339	18.40891798311109	-0.4439210368123021	0.28211717882821175	4.095047343753611	87	nrefs:1|bs:100000|seed:20260915|case:mixed|eff:no|tok:13a|smooth:exp|version:2.6.0	0	1.0
gemini25flashlite_lezgi_grammar_original_modelgloss_summary_tables_txt	gemini25flashlite	Lezgi	modelgloss	summary_tables_txt	grammar	original	BLEU	18.85283901992339	18.708169489399328	-0.1446695305240624	0.36432635673643265	4.432748685492732	87	nrefs:1|bs:100000|seed:20260915|case:mixed|eff:no|tok:13a|smooth:exp|version:2.6.0	1	1.0
gemini25flashlite_lezgi_grammar_original_modelgloss_summary_text_txt	gemini25flashlite	Lezgi	modelgloss	summary_text_txt	grammar	original	BLEU	18.85283901992339	16.405444518191608	-2.4473945017317824	0.017409825901740984	3.7285012305141905	87	nrefs:1|bs:100000|seed:20260915|case:mixed|eff:no|tok:13a|smooth:exp|version:2.6.0	1	1.0
gemini25flashlite_lezgi_grammar_cyrillic_modelgloss_cheatsheet_jpg	gemini25flashlite	Lezgi	modelgloss	cheatsheet_jpg	grammar	cyrillic	chrF2++	43.29522950365149	43.33741051717309	0.0421810135215992	0.3984860151398486	3.4495277404785156	87	nrefs:1|bs:100000|seed:20260915|case:mixed|eff:yes|nc:6|nw:2|space:no|version:2.6.0	0	1.0
gemini25flashlite_lezgi_grammar_cyrillic_modelgloss_cheatsheet_txt	gemini25flashlite	Lezgi	modelgloss	cheatsheet_txt	grammar	cyrillic	chrF2++	43.29522950365149	42.25991289585046	-1.035316607801029	0.07059929400705993	3.5616092681884766	87	nrefs:1|bs:100000|seed:20260915|case:mixed|eff:yes|nc:6|nw:2|space:no|version:2.6.0	1	1.0
gemini25flashlite_lezgi_grammar_cyrillic_modelgloss_summary_tables_jpg	gemini25flashlite	Lezgi	modelgloss	summary_tables_jpg	grammar	cyrillic	chrF2++	43.29522950365149	43.25490489316589	-0.0403246104855981	0.4075159248407516	3.6031150817871094	87	nrefs:1|bs:100000|seed:20260915|case:mixed|eff:yes|nc:6|nw:2|space:no|version:2.6.0	0	1.0
gemini25flashlite_lezgi_grammar_cyrillic_modelgloss_summary_tables_txt	gemini25flashlite	Lezgi	modelgloss	summary_tables_txt	grammar	cyrillic	chrF2++	43.29522950365149	42.252872349395375	-1.0423571542561163	0.10595894041059589	3.550657272338867	87	nrefs:1|bs:100000|seed:20260915|case:mixed|eff:yes|nc:6|nw:2|space:no|version:2.6.0	0	1.0
gemini25flashlite_lezgi_grammar_cyrillic_modelgloss_summary_text_txt	gemini25flashlite	Lezgi	modelgloss	summary_text_txt	grammar	cyrillic	chrF2++	43.29522950365149	42.13302351038861	-1.16220599326288	0.1092889071109289	3.4673328399658203	87	nrefs:1|bs:100000|seed:20260915|case:mixed|eff:yes|nc:6|nw:2|space:no|version:2.6.0	1	1.0
gemini25flashlite_lezgi_grammar_original_modelgloss_cheatsheet_jpg	gemini25flashlite	Lezgi	modelgloss	cheatsheet_jpg	grammar	original	chrF2++	43.29522950365149	43.81079595155666	0.5155664479051723	0.22621773782262178	3.477153778076172	87	nrefs:1|bs:100000|seed:20260915|case:mixed|eff:yes|nc:6|nw:2|space:no|version:2.6.0	0	1.0
gemini25flashlite_lezgi_grammar_original_modelgloss_cheatsheet_txt	gemini25flashlite	Lezgi	modelgloss	cheatsheet_txt	grammar	original	chrF2++	43.29522950365149	41.919045648743186	-1.3761838549083052	0.06224937750622494	3.655641555786133	87	nrefs:1|bs:100000|seed:20260915|case:mixed|eff:yes|nc:6|nw:2|space:no|version:2.6.0	1	1.0
gemini25flashlite_lezgi_grammar_original_modelgloss_pdfpages_impactful_jpg	gemini25flashlite	Lezgi	modelgloss	pdfpages_impactful_jpg	grammar	original	chrF2++	43.29522950365149	42.72034419097562	-0.5748853126758746	0.20621793782062178	3.488697052001953	87	nrefs:1|bs:100000|seed:20260915|case:mixed|eff:yes|nc:6|nw:2|space:no|version:2.6.0	0	1.0
gemini25flashlite_lezgi_grammar_original_modelgloss_summary_tables_jpg	gemini25flashlite	Lezgi	modelgloss	summary_tables_jpg	grammar	original	chrF2++	43.29522950365149	43.869657233012234	0.5744277293607425	0.22046779532204677	3.763599395751953	87	nrefs:1|bs:100000|seed:20260915|case:mixed|eff:yes|nc:6|nw:2|space:no|version:2.6.0	0	1.0
gemini25flashlite_lezgi_grammar_original_modelgloss_summary_tables_txt	gemini25flashlite	Lezgi	modelgloss	summary_tables_txt	grammar	original	chrF2++	43.29522950365149	42.44183089617443	-0.853398607477061	0.11633883661163388	3.766469955444336	87	nrefs:1|bs:100000|seed:20260915|case:mixed|eff:yes|nc:6|nw:2|space:no|version:2.6.0	1	1.0
gemini25flashlite_lezgi_grammar_original_modelgloss_summary_text_txt	gemini25flashlite	Lezgi	modelgloss	summary_text_txt	grammar	original	chrF2++	43.29522950365149	41.47997872929475	-1.8152507743567412	0.033509664903350965	3.342334747314453	87	nrefs:1|bs:100000|seed:20260915|case:mixed|eff:yes|nc:6|nw:2|space:no|version:2.6.0	1	1.0
gemini25flashlite_lezgi_grammar_cyrillic_shot_cheatsheet_jpg	gemini25flashlite	Lezgi	shot	cheatsheet_jpg	grammar	cyrillic	BLEU	12.774088050491914	12.090168945046138	-0.683919105445776	0.18809811901880982	3.1752215190727666	87	nrefs:1|bs:100000|seed:20260915|case:mixed|eff:no|tok:13a|smooth:exp|version:2.6.0	0	1.0
gemini25flashlite_lezgi_grammar_cyrillic_shot_cheatsheet_txt	gemini25flashlite	Lezgi	shot	cheatsheet_txt	grammar	cyrillic	BLEU	12.774088050491914	11.346536273437646	-1.4275517770542674	0.06151938480615194	3.057042904174817	87	nrefs:1|bs:100000|seed:20260915|case:mixed|eff:no|tok:13a|smooth:exp|version:2.6.0	1	1.0
gemini25flashlite_lezgi_grammar_cyrillic_shot_summary_tables_jpg	gemini25flashlite	Lezgi	shot	summary_tables_jpg	grammar	cyrillic	BLEU	12.774088050491914	12.008683026778463	-0.7654050237134502	0.1864981350186498	3.5778220316648355	87	nrefs:1|bs:100000|seed:20260915|case:mixed|eff:no|tok:13a|smooth:exp|version:2.6.0	0	1.0
gemini25flashlite_lezgi_grammar_cyrillic_shot_summary_tables_txt	gemini25flashlite	Lezgi	shot	summary_tables_txt	grammar	cyrillic	BLEU	12.774088050491914	11.9472433436931	-0.8268447067988145	0.14544854551454486	3.3200570998232157	87	nrefs:1|bs:100000|seed:20260915|case:mixed|eff:no|tok:13a|smooth:exp|version:2.6.0	1	1.0
gemini25flashlite_lezgi_grammar_cyrillic_shot_summary_text_txt	gemini25flashlite	Lezgi	shot	summary_text_txt	grammar	cyrillic	BLEU	12.774088050491914	12.00481506511495	-0.7692729853769631	0.12138878611213888	3.44472204794178	87	nrefs:1|bs:100000|seed:20260915|case:mixed|eff:no|tok:13a|smooth:exp|version:2.6.0	2	1.0
gemini25flashlite_lezgi_grammar_original_shot_cheatsheet_jpg	gemini25flashlite	Lezgi	shot	cheatsheet_jpg	grammar	original	BLEU	12.774088050491914	9.717931593934399	-3.056156456557515	0.0005299947000529995	2.650945896630073	87	nrefs:1|bs:100000|seed:20260915|case:mixed|eff:no|tok:13a|smooth:exp|version:2.6.0	0	0.32859671403285967
gemini25flashlite_lezgi_grammar_original_shot_cheatsheet_txt	gemini25flashlite	Lezgi	shot	cheatsheet_txt	grammar	original	BLEU	12.774088050491914	12.27330468746073	-0.500783363031184	0.2111278887211128	3.072534813787607	87	nrefs:1|bs:100000|seed:20260915|case:mixed|eff:no|tok:13a|smooth:exp|version:2.6.0	2	1.0
gemini25flashlite_lezgi_grammar_original_shot_pdfpages_impactful_jpg	gemini25flashlite	Lezgi	shot	pdfpages_impactful_jpg	grammar	original	BLEU	12.774088050491914	12.777341036726032	0.0032529862341181826	0.4245857541424586	3.3884679841373906	87	nrefs:1|bs:100000|seed:20260915|case:mixed|eff:no|tok:13a|smooth:exp|version:2.6.0	0	1.0
gemini25flashlite_lezgi_grammar_original_shot_summary_tables_jpg	gemini25flashlite	Lezgi	shot	summary_tables_jpg	grammar	original	BLEU	12.774088050491914	12.858270440731841	0.08418239023992768	0.3753162468375316	3.346117181180336	87	nrefs:1|bs:100000|seed:20260915|case:mixed|eff:no|tok:13a|smooth:exp|version:2.6.0	0	1.0
gemini25flashlite_lezgi_grammar_original_shot_summary_tables_txt	gemini25flashlite	Lezgi	shot	summary_tables_txt	grammar	original	BLEU	12.774088050491914	10.899967545639702	-1.8741205048522112	0.046719532804671955	2.9824726060497877	87	nrefs:1|bs:100000|seed:20260915|case:mixed|eff:no|tok:13a|smooth:exp|version:2.6.0	1	1.0
gemini25flashlite_lezgi_grammar_original_shot_summary_text_txt	gemini25flashlite	Lezgi	shot	summary_text_txt	grammar	original	BLEU	12.774088050491914	11.820085046547652	-0.954003003944262	0.0983590164098359	3.463560994294654	87	nrefs:1|bs:100000|seed:20260915|case:mixed|eff:no|tok:13a|smooth:exp|version:2.6.0	1	1.0
gemini25flashlite_lezgi_grammar_cyrillic_shot_cheatsheet_jpg	gemini25flashlite	Lezgi	shot	cheatsheet_jpg	grammar	cyrillic	chrF2++	33.866847084440685	33.43636658522114	-0.43048049921954856	0.23449765502344977	3.0129575729370117	87	nrefs:1|bs:100000|seed:20260915|case:mixed|eff:yes|nc:6|nw:2|space:no|version:2.6.0	0	1.0
gemini25flashlite_lezgi_grammar_cyrillic_shot_cheatsheet_txt	gemini25flashlite	Lezgi	shot	cheatsheet_txt	grammar	cyrillic	chrF2++	33.866847084440685	33.20726272603952	-0.6595843584011689	0.17637823621763782	3.1799612045288086	87	nrefs:1|bs:100000|seed:20260915|case:mixed|eff:yes|nc:6|nw:2|space:no|version:2.6.0	1	1.0
gemini25flashlite_lezgi_grammar_cyrillic_shot_summary_tables_jpg	gemini25flashlite	Lezgi	shot	summary_tables_jpg	grammar	cyrillic	chrF2++	33.866847084440685	33.036881377015916	-0.829965707424769	0.13956860431395687	3.2074832916259766	87	nrefs:1|bs:100000|seed:20260915|case:mixed|eff:yes|nc:6|nw:2|space:no|version:2.6.0	0	1.0
gemini25flashlite_lezgi_grammar_cyrillic_shot_summary_tables_txt	gemini25flashlite	Lezgi	shot	summary_tables_txt	grammar	cyrillic	chrF2++	33.866847084440685	32.52523013367052	-1.3416169507701667	0.07086929130708693	3.148747444152832	87	nrefs:1|bs:100000|seed:20260915|case:mixed|eff:yes|nc:6|nw:2|space:no|version:2.6.0	1	1.0
gemini25flashlite_lezgi_grammar_cyrillic_shot_summary_text_txt	gemini25flashlite	Lezgi	shot	summary_text_txt	grammar	cyrillic	chrF2++	33.866847084440685	32.62935544920428	-1.2374916352364025	0.08141918580814192	3.3590564727783203	87	nrefs:1|bs:100000|seed:20260915|case:mixed|eff:yes|nc:6|nw:2|space:no|version:2.6.0	2	1.0
gemini25flashlite_lezgi_grammar_original_shot_cheatsheet_jpg	gemini25flashlite	Lezgi	shot	cheatsheet_jpg	grammar	original	chrF2++	33.866847084440685	32.930597224484345	-0.9362498599563409	0.13988860111398885	3.2884531021118164	87	nrefs:1|bs:100000|seed:20260915|case:mixed|eff:yes|nc:6|nw:2|space:no|version:2.6.0	0	1.0
gemini25flashlite_lezgi_grammar_original_shot_cheatsheet_txt	gemini25flashlite	Lezgi	shot	cheatsheet_txt	grammar	original	chrF2++	33.866847084440685	32.98467898092966	-0.8821681035110274	0.13455865441345585	3.6079635620117188	87	nrefs:1|bs:100000|seed:20260915|case:mixed|eff:yes|nc:6|nw:2|space:no|version:2.6.0	2	1.0
gemini25flashlite_lezgi_grammar_original_shot_pdfpages_impactful_jpg	gemini25flashlite	Lezgi	shot	pdfpages_impactful_jpg	grammar	original	chrF2++	33.866847084440685	34.09418252979558	0.22733544535489614	0.3174168258317417	3.3315582275390625	87	nrefs:1|bs:100000|seed:20260915|case:mixed|eff:yes|nc:6|nw:2|space:no|version:2.6.0	0	1.0
gemini25flashlite_lezgi_grammar_original_shot_summary_tables_jpg	gemini25flashlite	Lezgi	shot	summary_tables_jpg	grammar	original	chrF2++	33.866847084440685	33.397080735361115	-0.4697663490795705	0.20743792562074378	3.2699975967407227	87	nrefs:1|bs:100000|seed:20260915|case:mixed|eff:yes|nc:6|nw:2|space:no|version:2.6.0	0	1.0
gemini25flashlite_lezgi_grammar_original_shot_summary_tables_txt	gemini25flashlite	Lezgi	shot	summary_tables_txt	grammar	original	chrF2++	33.866847084440685	32.75369709829288	-1.1131499861478034	0.12089879101208988	3.096573829650879	87	nrefs:1|bs:100000|seed:20260915|case:mixed|eff:yes|nc:6|nw:2|space:no|version:2.6.0	1	1.0
gemini25flashlite_lezgi_grammar_original_shot_summary_text_txt	gemini25flashlite	Lezgi	shot	summary_text_txt	grammar	original	chrF2++	33.866847084440685	33.235638341693374	-0.6312087427473116	0.15890841091589084	3.301340103149414	87	nrefs:1|bs:100000|seed:20260915|case:mixed|eff:yes|nc:6|nw:2|space:no|version:2.6.0	1	1.0
gemini25flashlite_natugu_grammar_original_chain_gloss_cheatsheet_jpg	gemini25flashlite	Natugu	chain_gloss	cheatsheet_jpg	grammar	original	BLEU	3.333058307354086	3.381472914472192	0.048414607118105746	0.3985960140398596	1.6159612351385473	99	nrefs:1|bs:100000|seed:20260915|case:mixed|eff:no|tok:13a|smooth:exp|version:2.6.0	1	1.0
gemini25flashlite_natugu_grammar_original_chain_gloss_cheatsheet_txt	gemini25flashlite	Natugu	chain_gloss	cheatsheet_txt	grammar	original	BLEU	3.333058307354086	3.4200233036597782	0.08696499630569221	0.3586064139358606	1.5561310371956507	99	nrefs:1|bs:100000|seed:20260915|case:mixed|eff:no|tok:13a|smooth:exp|version:2.6.0	0	1.0
gemini25flashlite_natugu_grammar_original_chain_gloss_pdfpages_impactful_jpg	gemini25flashlite	Natugu	chain_gloss	pdfpages_impactful_jpg	grammar	original	BLEU	3.333058307354086	3.656934386196608	0.3238760788425221	0.2856971430285697	1.7441718193903928	99	nrefs:1|bs:100000|seed:20260915|case:mixed|eff:no|tok:13a|smooth:exp|version:2.6.0	1	1.0
gemini25flashlite_natugu_grammar_original_chain_gloss_summary_tables_jpg	gemini25flashlite	Natugu	chain_gloss	summary_tables_jpg	grammar	original	BLEU	3.333058307354086	2.2978798684271022	-1.0351784389269838	0.1006089939100609	1.265841318425902	99	nrefs:1|bs:100000|seed:20260915|case:mixed|eff:no|tok:13a|smooth:exp|version:2.6.0	1	1.0
gemini25flashlite_natugu_grammar_original_chain_gloss_summary_tables_txt	gemini25flashlite	Natugu	chain_gloss	summary_tables_txt	grammar	original	BLEU	3.333058307354086	4.110109600787078	0.7770512934329923	0.15383846161538384	1.929526150674102	99	nrefs:1|bs:100000|seed:20260915|case:mixed|eff:no|tok:13a|smooth:exp|version:2.6.0	2	1.0
gemini25flashlite_natugu_grammar_original_chain_gloss_summary_text_txt	gemini25flashlite	Natugu	chain_gloss	summary_text_txt	grammar	original	BLEU	3.333058307354086	4.60469093376597	1.271632626411884	0.08044919550804491	1.7854035723313648	99	nrefs:1|bs:100000|seed:20260915|case:mixed|eff:no|tok:13a|smooth:exp|version:2.6.0	1	1.0
gemini25flashlite_natugu_grammar_original_chain_gloss_cheatsheet_jpg	gemini25flashlite	Natugu	chain_gloss	cheatsheet_jpg	grammar	original	chrF2++	22.09455556243663	20.759431403121393	-1.3351241593152352	0.032169678303216966	1.6403608322143555	99	nrefs:1|bs:100000|seed:20260915|case:mixed|eff:yes|nc:6|nw:2|space:no|version:2.6.0	1	1.0
gemini25flashlite_natugu_grammar_original_chain_gloss_cheatsheet_txt	gemini25flashlite	Natugu	chain_gloss	cheatsheet_txt	grammar	original	chrF2++	22.09455556243663	21.5321384602206	-0.5624171022160276	0.14056859431405686	1.6354665756225586	99	nrefs:1|bs:100000|seed:20260915|case:mixed|eff:yes|nc:6|nw:2|space:no|version:2.6.0	0	1.0
gemini25flashlite_natugu_grammar_original_chain_gloss_pdfpages_impactful_jpg	gemini25flashlite	Natugu	chain_gloss	pdfpages_impactful_jpg	grammar	original	chrF2++	22.09455556243663	20.64328618518252	-1.451269377254107	0.011749882501174988	1.7220239639282227	99	nrefs:1|bs:100000|seed:20260915|case:mixed|eff:yes|nc:6|nw:2|space:no|version:2.6.0	1	1.0
gemini25flashlite_natugu_grammar_original_chain_gloss_summary_tables_jpg	gemini25flashlite	Natugu	chain_gloss	summary_tables_jpg	grammar	original	chrF2++	22.09455556243663	20.58258698221797	-1.5119685802186602	0.006459935400645994	1.5013322830200195	99	nrefs:1|bs:100000|seed:20260915|case:mixed|eff:yes|nc:6|nw:2|space:no|version:2.6.0	1	1.0
gemini25flashlite_natugu_grammar_original_chain_gloss_summary_tables_txt	gemini25flashlite	Natugu	chain_gloss	summary_tables_txt	grammar	original	chrF2++	22.09455556243663	22.04603745611071	-0.04851810632591835	0.3848061519384806	1.7156038284301758	99	nrefs:1|bs:100000|seed:20260915|case:mixed|eff:yes|nc:6|nw:2|space:no|version:2.6.0	2	1.0
gemini25flashlite_natugu_grammar_original_chain_gloss_summary_text_txt	gemini25flashlite	Natugu	chain_gloss	summary_text_txt	grammar	original	chrF2++	22.09455556243663	22.376341353027858	0.2817857905912291	0.26778732212677875	2.095179557800293	99	nrefs:1|bs:100000|seed:20260915|case:mixed|eff:yes|nc:6|nw:2|space:no|version:2.6.0	1	1.0
gemini25flashlite_natugu_grammar_original_modelgloss_cheatsheet_jpg	gemini25flashlite	Natugu	modelgloss	cheatsheet_jpg	grammar	original	BLEU	20.677712953397457	21.061952082785982	0.38423912938852567	0.2816371836281637	4.197360024496177	99	nrefs:1|bs:100000|seed:20260915|case:mixed|eff:no|tok:13a|smooth:exp|version:2.6.0	0	1.0
gemini25flashlite_natugu_grammar_original_modelgloss_cheatsheet_txt	gemini25flashlite	Natugu	modelgloss	cheatsheet_txt	grammar	original	BLEU	20.677712953397457	21.82626156557401	1.1485486121765547	0.13045869541304586	3.8976185982879503	99	nrefs:1|bs:100000|seed:20260915|case:mixed|eff:no|tok:13a|smooth:exp|version:2.6.0	0	1.0
gemini25flashlite_natugu_grammar_original_modelgloss_pdfpages_impactful_jpg	gemini25flashlite	Natugu	modelgloss	pdfpages_impactful_jpg	grammar	original	BLEU	20.677712953397457	17.099965587479957	-3.5777473659174994	0.007139928600713993	3.6115011159650416	99	nrefs:1|bs:100000|seed:20260915|case:mixed|eff:no|tok:13a|smooth:exp|version:2.6.0	0	1.0
gemini25flashlite_natugu_grammar_original_modelgloss_summary_tables_jpg	gemini25flashlite	Natugu	modelgloss	summary_tables_jpg	grammar	original	BLEU	20.677712953397457	18.92562023150998	-1.7520927218874753	0.0997390026099739	3.6659478632742166	99	nrefs:1|bs:100000|seed:20260915|case:mixed|eff:no|tok:13a|smooth:exp|version:2.6.0	0	1.0
gemini25flashlite_natugu_grammar_original_modelgloss_summary_tables_txt	gemini25flashlite	Natugu	modelgloss	summary_tables_txt	grammar	original	BLEU	20.677712953397457	22.26738161359798	1.5896686602005232	0.09310906890931091	3.7532807335698717	99	nrefs:1|bs:100000|seed:20260915|case:mixed|eff:no|tok:13a|smooth:exp|version:2.6.0	0	1.0
gemini25flashlite_natugu_grammar_original_modelgloss_summary_text_txt	gemini25flashlite	Natugu	modelgloss	summary_text_txt	grammar	original	BLEU	20.677712953397457	21.797740005240996	1.1200270518435396	0.15350846491535083	3.712038844519844	99	nrefs:1|bs:100000|seed:20260915|case:mixed|eff:no|tok:13a|smooth:exp|version:2.6.0	0	1.0
gemini25flashlite_natugu_grammar_original_modelgloss_cheatsheet_jpg	gemini25flashlite	Natugu	modelgloss	cheatsheet_jpg	grammar	original	chrF2++	44.193043419890564	44.69538940707598	0.5023459871854143	0.2075779242207578	3.3836231231689453	99	nrefs:1|bs:100000|seed:20260915|case:mixed|eff:yes|nc:6|nw:2|space:no|version:2.6.0	0	1.0
gemini25flashlite_natugu_grammar_original_modelgloss_cheatsheet_txt	gemini25flashlite	Natugu	modelgloss	cheatsheet_txt	grammar	original	chrF2++	44.193043419890564	45.350263651693346	1.157220231802782	0.08059919400805991	2.9034423828125	99	nrefs:1|bs:100000|seed:20260915|case:mixed|eff:yes|nc:6|nw:2|space:no|version:2.6.0	0	1.0
gemini25flashlite_natugu_grammar_original_modelgloss_pdfpages_impactful_jpg	gemini25flashlite	Natugu	modelgloss	pdfpages_impactful_jpg	grammar	original	chrF2++	44.193043419890564	42.140873059995414	-2.0521703598951504	0.02258977410225898	2.9351577758789062	99	nrefs:1|bs:100000|seed:20260915|case:mixed|eff:yes|nc:6|nw:2|space:no|version:2.6.0	0	1.0
gemini25flashlite_natugu_grammar_original_modelgloss_summary_tables_jpg	gemini25flashlite	Natugu	modelgloss	summary_tables_jpg	grammar	original	chrF2++	44.193043419890564	43.78808223153657	-0.40496118835399386	0.24647753522464774	3.1383285522460938	99	nrefs:1|bs:100000|seed:20260915|case:mixed|eff:yes|nc:6|nw:2|space:no|version:2.6.0	0	1.0
gemini25flashlite_natugu_grammar_original_modelgloss_summary_tables_txt	gemini25flashlite	Natugu	modelgloss	summary_tables_txt	grammar	original	chrF2++	44.193043419890564	45.38191067939528	1.1888672595047183	0.08358916410835891	2.960926055908203	99	nrefs:1|bs:100000|seed:20260915|case:mixed|eff:yes|nc:6|nw:2|space:no|version:2.6.0	0	1.0
gemini25flashlite_natugu_grammar_original_modelgloss_summary_text_txt	gemini25flashlite	Natugu	modelgloss	summary_text_txt	grammar	original	chrF2++	44.193043419890564	45.72315928563055	1.5301158657399867	0.04555954440455595	2.9414920806884766	99	nrefs:1|bs:100000|seed:20260915|case:mixed|eff:yes|nc:6|nw:2|space:no|version:2.6.0	0	1.0
gemini25flashlite_natugu_grammar_original_shot_cheatsheet_jpg	gemini25flashlite	Natugu	shot	cheatsheet_jpg	grammar	original	BLEU	5.06841906430966	3.035820613033853	-2.032598451275807	0.01060989390106099	1.3764288795318147	99	nrefs:1|bs:100000|seed:20260915|case:mixed|eff:no|tok:13a|smooth:exp|version:2.6.0	2	1.0
gemini25flashlite_natugu_grammar_original_shot_cheatsheet_txt	gemini25flashlite	Natugu	shot	cheatsheet_txt	grammar	original	BLEU	5.06841906430966	4.032237771784493	-1.0361812925251677	0.035829641703582965	1.821487084386792	99	nrefs:1|bs:100000|seed:20260915|case:mixed|eff:no|tok:13a|smooth:exp|version:2.6.0	1	1.0
gemini25flashlite_natugu_grammar_original_shot_pdfpages_impactful_jpg	gemini25flashlite	Natugu	shot	pdfpages_impactful_jpg	grammar	original	BLEU	5.06841906430966	2.3297193138527303	-2.73869975045693	0.0005899941000589994	1.2106840143302295	99	nrefs:1|bs:100000|seed:20260915|case:mixed|eff:no|tok:13a|smooth:exp|version:2.6.0	3	0.3652063479365206
gemini25flashlite_natugu_grammar_original_shot_summary_tables_jpg	gemini25flashlite	Natugu	shot	summary_tables_jpg	grammar	original	BLEU	5.06841906430966	2.4751761737882414	-2.593242890521419	0.002059979400205998	1.165180593414884	99	nrefs:1|bs:100000|seed:20260915|case:mixed|eff:no|tok:13a|smooth:exp|version:2.6.0	0	1.0
gemini25flashlite_natugu_grammar_original_shot_summary_tables_txt	gemini25flashlite	Natugu	shot	summary_tables_txt	grammar	original	BLEU	5.06841906430966	4.07522285653999	-0.9931962077696701	0.03971960280397196	1.8005138325502803	99	nrefs:1|bs:100000|seed:20260915|case:mixed|eff:no|tok:13a|smooth:exp|version:2.6.0	1	1.0
gemini25flashlite_natugu_grammar_original_shot_summary_text_txt	gemini25flashlite	Natugu	shot	summary_text_txt	grammar	original	BLEU	5.06841906430966	4.564094922560374	-0.5043241417492865	0.14791852081479184	1.8000279967867092	99	nrefs:1|bs:100000|seed:20260915|case:mixed|eff:no|tok:13a|smooth:exp|version:2.6.0	0	1.0
gemini25flashlite_natugu_grammar_original_shot_cheatsheet_jpg	gemini25flashlite	Natugu	shot	cheatsheet_jpg	grammar	original	chrF2++	22.99274694929368	20.587623819741346	-2.405123129552333	0.00011999880001199988	2.0230331420898438	99	nrefs:1|bs:100000|seed:20260915|case:mixed|eff:yes|nc:6|nw:2|space:no|version:2.6.0	2	0.07499925000749992
gemini25flashlite_natugu_grammar_original_shot_cheatsheet_txt	gemini25flashlite	Natugu	shot	cheatsheet_txt	grammar	original	chrF2++	22.99274694929368	21.952286818745048	-1.040460130548631	0.025379746202537974	1.932577133178711	99	nrefs:1|bs:100000|seed:20260915|case:mixed|eff:yes|nc:6|nw:2|space:no|version:2.6.0	1	1.0
gemini25flashlite_natugu_grammar_original_shot_pdfpages_impactful_jpg	gemini25flashlite	Natugu	shot	pdfpages_impactful_jpg	grammar	original	chrF2++	22.99274694929368	19.003048555259056	-3.9896983940346225	9.99990000099999e-06	1.7680683135986328	99	nrefs:1|bs:100000|seed:20260915|case:mixed|eff:yes|nc:6|nw:2|space:no|version:2.6.0	3	0.0062999370006299946
gemini25flashlite_natugu_grammar_original_shot_summary_tables_jpg	gemini25flashlite	Natugu	shot	summary_tables_jpg	grammar	original	chrF2++	22.99274694929368	20.012047700639762	-2.9806992486539166	2.999970000299997e-05	1.7238492965698242	99	nrefs:1|bs:100000|seed:20260915|case:mixed|eff:yes|nc:6|nw:2|space:no|version:2.6.0	0	0.01883981160188398
gemini25flashlite_natugu_grammar_original_shot_summary_tables_txt	gemini25flashlite	Natugu	shot	summary_tables_txt	grammar	original	chrF2++	22.99274694929368	22.393048993683422	-0.5996979556102566	0.13975860241397586	1.983830451965332	99	nrefs:1|bs:100000|seed:20260915|case:mixed|eff:yes|nc:6|nw:2|space:no|version:2.6.0	1	1.0
gemini25flashlite_natugu_grammar_original_shot_summary_text_txt	gemini25flashlite	Natugu	shot	summary_text_txt	grammar	original	chrF2++	22.99274694929368	23.418522106991375	0.42577515769769647	0.17110828891711083	1.6491947174072266	99	nrefs:1|bs:100000|seed:20260915|case:mixed|eff:yes|nc:6|nw:2|space:no|version:2.6.0	0	1.0
gemini25flashlite_tsez_grammar_original_chain_gloss_cheatsheet_jpg	gemini25flashlite	Tsez	chain_gloss	cheatsheet_jpg	grammar	original	BLEU	0.16007387537631396	0.7292537153394159	0.5691798399631018	0.05756942430575694	0.6364257641375121	99	nrefs:1|bs:100000|seed:20260915|case:mixed|eff:no|tok:13a|smooth:exp|version:2.6.0	36	1.0
gemini25flashlite_tsez_grammar_original_chain_gloss_cheatsheet_txt	gemini25flashlite	Tsez	chain_gloss	cheatsheet_txt	grammar	original	BLEU	0.16007387537631396	0.5912595009466147	0.43118562557030077	0.0017699823001769983	0.2740014278792599	99	nrefs:1|bs:100000|seed:20260915|case:mixed|eff:no|tok:13a|smooth:exp|version:2.6.0	29	1.0
gemini25flashlite_tsez_grammar_original_chain_gloss_pdfpages_impactful_jpg	gemini25flashlite	Tsez	chain_gloss	pdfpages_impactful_jpg	grammar	original	BLEU	0.16007387537631396	0.44266494219424934	0.2825910668179354	0.12094879051209488	0.45921368569188803	99	nrefs:1|bs:100000|seed:20260915|case:mixed|eff:no|tok:13a|smooth:exp|version:2.6.0	39	1.0
gemini25flashlite_tsez_grammar_original_chain_gloss_summary_tables_jpg	gemini25flashlite	Tsez	chain_gloss	summary_tables_jpg	grammar	original	BLEU	0.16007387537631396	0.6704012781437194	0.5103274027674054	0.04162958370416296	0.5075271073869959	99	nrefs:1|bs:100000|seed:20260915|case:mixed|eff:no|tok:13a|smooth:exp|version:2.6.0	30	1.0
gemini25flashlite_tsez_grammar_original_chain_gloss_summary_tables_txt	gemini25flashlite	Tsez	chain_gloss	summary_tables_txt	grammar	original	BLEU	0.16007387537631396	1.5099829749192728	1.3499090995429588	0.014479855201447985	1.1001072571370307	99	nrefs:1|bs:100000|seed:20260915|case:mixed|eff:no|tok:13a|smooth:exp|version:2.6.0	29	1.0
gemini25flashlite_tsez_grammar_original_chain_gloss_summary_text_txt	gemini25flashlite	Tsez	chain_gloss	summary_text_txt	grammar	original	BLEU	0.16007387537631396	0.5730410319782173	0.41296715660190336	0.001869981300186998	0.25950723368383455	99	nrefs:1|bs:100000|seed:20260915|case:mixed|eff:no|tok:13a|smooth:exp|version:2.6.0	32	1.0
gemini25flashlite_tsez_grammar_original_chain_gloss_cheatsheet_jpg	gemini25flashlite	Tsez	chain_gloss	cheatsheet_jpg	grammar	original	chrF2++	6.950883009124596	9.006764623672396	2.0558816145477996	0.035369646303536964	2.0608322620391846	99	nrefs:1|bs:100000|seed:20260915|case:mixed|eff:yes|nc:6|nw:2|space:no|version:2.6.0	36	1.0
gemini25flashlite_tsez_grammar_original_chain_gloss_cheatsheet_txt	gemini25flashlite	Tsez	chain_gloss	cheatsheet_txt	grammar	original	chrF2++	6.950883009124596	11.879006121558234	4.928123112433638	0.0003199968000319997	2.2899599075317383	99	nrefs:1|bs:100000|seed:20260915|case:mixed|eff:yes|nc:6|nw:2|space:no|version:2.6.0	29	0.1987180128198718
gemini25flashlite_tsez_grammar_original_chain_gloss_pdfpages_impactful_jpg	gemini25flashlite	Tsez	chain_gloss	pdfpages_impactful_jpg	grammar	original	chrF2++	6.950883009124596	7.927840078687641	0.9769570695630447	0.15103848961510385	1.742187738418579	99	nrefs:1|bs:100000|seed:20260915|case:mixed|eff:yes|nc:6|nw:2|space:no|version:2.6.0	39	1.0
gemini25flashlite_tsez_grammar_original_chain_gloss_summary_tables_jpg	gemini25flashlite	Tsez	chain_gloss	summary_tables_jpg	grammar	original	chrF2++	6.950883009124596	10.731359989629299	3.7804769805047025	0.0025999740002599974	2.210984706878662	99	nrefs:1|bs:100000|seed:20260915|case:mixed|eff:yes|nc:6|nw:2|space:no|version:2.6.0	30	1.0
gemini25flashlite_tsez_grammar_original_chain_gloss_summary_tables_txt	gemini25flashlite	Tsez	chain_gloss	summary_tables_txt	grammar	original	chrF2++	6.950883009124596	11.995102919287282	5.044219910162686	0.00012999870001299986	2.4810261726379395	99	nrefs:1|bs:100000|seed:20260915|case:mixed|eff:yes|nc:6|nw:2|space:no|version:2.6.0	29	0.08111918880811192
gemini25flashlite_tsez_grammar_original_chain_gloss_summary_text_txt	gemini25flashlite	Tsez	chain_gloss	summary_text_txt	grammar	original	chrF2++	6.950883009124596	12.298091258900087	5.34720824977549	0.0002599974000259997	2.5685315132141113	99	nrefs:1|bs:100000|seed:20260915|case:mixed|eff:yes|nc:6|nw:2|space:no|version:2.6.0	32	0.16171838281617182
gemini25flashlite_tsez_grammar_original_modelgloss_cheatsheet_jpg	gemini25flashlite	Tsez	modelgloss	cheatsheet_jpg	grammar	original	BLEU	20.058263219250758	17.965922621632185	-2.0923405976185734	0.053329466705332944	3.339658536178953	99	nrefs:1|bs:100000|seed:20260915|case:mixed|eff:no|tok:13a|smooth:exp|version:2.6.0	0	1.0
gemini25flashlite_tsez_grammar_original_modelgloss_cheatsheet_txt	gemini25flashlite	Tsez	modelgloss	cheatsheet_txt	grammar	original	BLEU	20.058263219250758	18.31639718052208	-1.741866038728677	0.04955950440495595	3.0945105860329845	99	nrefs:1|bs:100000|seed:20260915|case:mixed|eff:no|tok:13a|smooth:exp|version:2.6.0	0	1.0
gemini25flashlite_tsez_grammar_original_modelgloss_pdfpages_impactful_jpg	gemini25flashlite	Tsez	modelgloss	pdfpages_impactful_jpg	grammar	original	BLEU	20.058263219250758	17.600432089537616	-2.457831129713142	0.04172958270417296	3.158412791148111	99	nrefs:1|bs:100000|seed:20260915|case:mixed|eff:no|tok:13a|smooth:exp|version:2.6.0	0	1.0
gemini25flashlite_tsez_grammar_original_modelgloss_summary_tables_jpg	gemini25flashlite	Tsez	modelgloss	summary_tables_jpg	grammar	original	BLEU	20.058263219250758	17.836120861603682	-2.2221423576470762	0.027289727102728974	3.4596381571986043	99	nrefs:1|bs:100000|seed:20260915|case:mixed|eff:no|tok:13a|smooth:exp|version:2.6.0	0	1.0
gemini25flashlite_tsez_grammar_original_modelgloss_summary_tables_txt	gemini25flashlite	Tsez	modelgloss	summary_tables_txt	grammar	original	BLEU	20.058263219250758	17.439599913498554	-2.6186633057522037	0.018059819401805982	3.396334602191409	99	nrefs:1|bs:100000|seed:20260915|case:mixed|eff:no|tok:13a|smooth:exp|version:2.6.0	0	1.0
gemini25flashlite_tsez_grammar_original_modelgloss_summary_text_txt	gemini25flashlite	Tsez	modelgloss	summary_text_txt	grammar	original	BLEU	20.058263219250758	18.892605147373107	-1.165658071877651	0.13863861361386387	3.0007886670832224	99	nrefs:1|bs:100000|seed:20260915|case:mixed|eff:no|tok:13a|smooth:exp|version:2.6.0	0	1.0
gemini25flashlite_tsez_grammar_original_modelgloss_cheatsheet_jpg	gemini25flashlite	Tsez	modelgloss	cheatsheet_jpg	grammar	original	chrF2++	45.31311665070462	43.603388603947764	-1.709728046756858	0.03159968400315997	2.7555313110351562	99	nrefs:1|bs:100000|seed:20260915|case:mixed|eff:yes|nc:6|nw:2|space:no|version:2.6.0	0	1.0
gemini25flashlite_tsez_grammar_original_modelgloss_cheatsheet_txt	gemini25flashlite	Tsez	modelgloss	cheatsheet_txt	grammar	original	chrF2++	45.31311665070462	44.99626966257329	-0.3168469881313314	0.24325756742432575	2.5326900482177734	99	nrefs:1|bs:100000|seed:20260915|case:mixed|eff:yes|nc:6|nw:2|space:no|version:2.6.0	0	1.0
gemini25flashlite_tsez_grammar_original_modelgloss_pdfpages_impactful_jpg	gemini25flashlite	Tsez	modelgloss	pdfpages_impactful_jpg	grammar	original	chrF2++	45.31311665070462	43.84055692702774	-1.4725597236768806	0.042829571704282955	2.4550552368164062	99	nrefs:1|bs:100000|seed:20260915|case:mixed|eff:yes|nc:6|nw:2|space:no|version:2.6.0	0	1.0
gemini25flashlite_tsez_grammar_original_modelgloss_summary_tables_jpg	gemini25flashlite	Tsez	modelgloss	summary_tables_jpg	grammar	original	chrF2++	45.31311665070462	43.44251006797494	-1.8706065827296783	0.01036989630103699	2.6333847045898438	99	nrefs:1|bs:100000|seed:20260915|case:mixed|eff:yes|nc:6|nw:2|space:no|version:2.6.0	0	1.0
gemini25flashlite_tsez_grammar_original_modelgloss_summary_tables_txt	gemini25flashlite	Tsez	modelgloss	summary_tables_txt	grammar	original	chrF2++	45.31311665070462	44.12968683577482	-1.1834298149298021	0.06959930400695993	2.7072010040283203	99	nrefs:1|bs:100000|seed:20260915|case:mixed|eff:yes|nc:6|nw:2|space:no|version:2.6.0	0	1.0
gemini25flashlite_tsez_grammar_original_modelgloss_summary_text_txt	gemini25flashlite	Tsez	modelgloss	summary_text_txt	grammar	original	chrF2++	45.31311665070462	45.07892278695559	-0.2341938637490344	0.2924370756292437	2.5138511657714844	99	nrefs:1|bs:100000|seed:20260915|case:mixed|eff:yes|nc:6|nw:2|space:no|version:2.6.0	0	1.0
gemini25flashlite_tsez_grammar_original_shot_cheatsheet_jpg	gemini25flashlite	Tsez	shot	cheatsheet_jpg	grammar	original	BLEU	2.742371287381979	1.942158628014798	-0.800212659367181	0.08152918470815292	0.992658408977347	99	nrefs:1|bs:100000|seed:20260915|case:mixed|eff:no|tok:13a|smooth:exp|version:2.6.0	0	1.0
gemini25flashlite_tsez_grammar_original_shot_cheatsheet_txt	gemini25flashlite	Tsez	shot	cheatsheet_txt	grammar	original	BLEU	2.742371287381979	2.5047815564054807	-0.23758973097649827	0.2691973080269197	1.206240517110901	99	nrefs:1|bs:100000|seed:20260915|case:mixed|eff:no|tok:13a|smooth:exp|version:2.6.0	1	1.0
gemini25flashlite_tsez_grammar_original_shot_pdfpages_impactful_jpg	gemini25flashlite	Tsez	shot	pdfpages_impactful_jpg	grammar	original	BLEU	2.742371287381979	1.2023065357571752	-1.5400647516248038	0.009609903900960991	0.5915641131252086	99	nrefs:1|bs:100000|seed:20260915|case:mixed|eff:no|tok:13a|smooth:exp|version:2.6.0	0	1.0
gemini25flashlite_tsez_grammar_original_shot_summary_tables_jpg	gemini25flashlite	Tsez	shot	summary_tables_jpg	grammar	original	BLEU	2.742371287381979	1.3428447608867224	-1.3995265264952566	0.009089909100908991	0.6240242901428594	99	nrefs:1|bs:100000|seed:20260915|case:mixed|eff:no|tok:13a|smooth:exp|version:2.6.0	0	1.0
gemini25flashlite_tsez_grammar_original_shot_summary_tables_txt	gemini25flashlite	Tsez	shot	summary_tables_txt	grammar	original	BLEU	2.742371287381979	2.519557367944775	-0.22281391943720408	0.20624793752062479	0.9989495687229707	99	nrefs:1|bs:100000|seed:20260915|case:mixed|eff:no|tok:13a|smooth:exp|version:2.6.0	0	1.0
gemini25flashlite_tsez_grammar_original_shot_summary_text_txt	gemini25flashlite	Tsez	shot	summary_text_txt	grammar	original	BLEU	2.742371287381979	2.8878029524134656	0.14543166503148663	0.2922870771292287	1.1283303304547916	99	nrefs:1|bs:100000|seed:20260915|case:mixed|eff:no|tok:13a|smooth:exp|version:2.6.0	0	1.0
gemini25flashlite_tsez_grammar_original_shot_cheatsheet_jpg	gemini25flashlite	Tsez	shot	cheatsheet_jpg	grammar	original	chrF2++	19.239799526937517	17.89998727403706	-1.3398122529004581	0.016219837801621985	1.2602901458740234	99	nrefs:1|bs:100000|seed:20260915|case:mixed|eff:yes|nc:6|nw:2|space:no|version:2.6.0	0	1.0
gemini25flashlite_tsez_grammar_original_shot_cheatsheet_txt	gemini25flashlite	Tsez	shot	cheatsheet_txt	grammar	original	chrF2++	19.239799526937517	19.30486035956234	0.0650608326248232	0.36791632083679165	1.6839561462402344	99	nrefs:1|bs:100000|seed:20260915|case:mixed|eff:yes|nc:6|nw:2|space:no|version:2.6.0	1	1.0
gemini25flashlite_tsez_grammar_original_shot_pdfpages_impactful_jpg	gemini25flashlite	Tsez	shot	pdfpages_impactful_jpg	grammar	original	chrF2++	19.239799526937517	16.271063791699532	-2.968735735237985	9.99990000099999e-06	1.1386651992797852	99	nrefs:1|bs:100000|seed:20260915|case:mixed|eff:yes|nc:6|nw:2|space:no|version:2.6.0	0	0.0062999370006299946
gemini25flashlite_tsez_grammar_original_shot_summary_tables_jpg	gemini25flashlite	Tsez	shot	summary_tables_jpg	grammar	original	chrF2++	19.239799526937517	17.932995119617388	-1.3068044073201293	0.02026979730202698	1.3910369873046875	99	nrefs:1|bs:100000|seed:20260915|case:mixed|eff:yes|nc:6|nw:2|space:no|version:2.6.0	0	1.0
gemini25flashlite_tsez_grammar_original_shot_summary_tables_txt	gemini25flashlite	Tsez	shot	summary_tables_txt	grammar	original	chrF2++	19.239799526937517	19.21379045840873	-0.026009068528786372	0.3970660293397066	1.3517961502075195	99	nrefs:1|bs:100000|seed:20260915|case:mixed|eff:yes|nc:6|nw:2|space:no|version:2.6.0	0	1.0
gemini25flashlite_tsez_grammar_original_shot_summary_text_txt	gemini25flashlite	Tsez	shot	summary_text_txt	grammar	original	chrF2++	19.239799526937517	19.846263435695626	0.6064639087581085	0.0995990040099599	1.3491592407226562	99	nrefs:1|bs:100000|seed:20260915|case:mixed|eff:yes|nc:6|nw:2|space:no|version:2.6.0	0	1.0
qwen35_gitksan_pdf1_brown_original_chain_gloss_cheatsheet_jpg	qwen35	Gitksan	chain_gloss	cheatsheet_jpg	pdf1_brown	original	BLEU	4.1415458935673435	4.830567749088627	0.6890218555212835	0.1972380276197238	3.4392856792993385	37	nrefs:1|bs:100000|seed:20260915|case:mixed|eff:no|tok:13a|smooth:exp|version:2.6.0	0	1.0
qwen35_gitksan_pdf1_brown_original_chain_gloss_cheatsheet_txt	qwen35	Gitksan	chain_gloss	cheatsheet_txt	pdf1_brown	original	BLEU	4.1415458935673435	3.680002619171686	-0.46154327439565757	0.10177898221017789	2.7535907866168228	37	nrefs:1|bs:100000|seed:20260915|case:mixed|eff:no|tok:13a|smooth:exp|version:2.6.0	0	1.0
qwen35_gitksan_pdf1_brown_original_chain_gloss_pdfpages_impactful_jpg	qwen35	Gitksan	chain_gloss	pdfpages_impactful_jpg	pdf1_brown	original	BLEU	4.1415458935673435	3.8859661950687374	-0.25557969849860607	0.15393846061539385	2.7606923597499846	37	nrefs:1|bs:100000|seed:20260915|case:mixed|eff:no|tok:13a|smooth:exp|version:2.6.0	2	1.0
qwen35_gitksan_pdf1_brown_original_chain_gloss_summary_tables_jpg	qwen35	Gitksan	chain_gloss	summary_tables_jpg	pdf1_brown	original	BLEU	4.1415458935673435	3.8330774674397112	-0.30846842612763226	0.21183788162118378	3.0573829743818344	37	nrefs:1|bs:100000|seed:20260915|case:mixed|eff:no|tok:13a|smooth:exp|version:2.6.0	1	1.0
qwen35_gitksan_pdf1_brown_original_chain_gloss_summary_tables_txt	qwen35	Gitksan	chain_gloss	summary_tables_txt	pdf1_brown	original	BLEU	4.1415458935673435	5.343813491583516	1.2022675980161726	0.07604923950760492	3.061021264067657	37	nrefs:1|bs:100000|seed:20260915|case:mixed|eff:no|tok:13a|smooth:exp|version:2.6.0	0	1.0
qwen35_gitksan_pdf1_brown_original_chain_gloss_summary_text_txt	qwen35	Gitksan	chain_gloss	summary_text_txt	pdf1_brown	original	BLEU	4.1415458935673435	3.9566897534581904	-0.18485614010915308	0.23713762862371376	2.8886912183423963	37	nrefs:1|bs:100000|seed:20260915|case:mixed|eff:no|tok:13a|smooth:exp|version:2.6.0	0	1.0
qwen35_gitksan_pdf2_rigsby_original_chain_gloss_cheatsheet_jpg	qwen35	Gitksan	chain_gloss	cheatsheet_jpg	pdf2_rigsby	original	BLEU	4.1415458935673435	3.7326799416513863	-0.4088659519159572	0.14340856591434087	2.3540090505158435	37	nrefs:1|bs:100000|seed:20260915|case:mixed|eff:no|tok:13a|smooth:exp|version:2.6.0	0	1.0
qwen35_gitksan_pdf2_rigsby_original_chain_gloss_cheatsheet_txt	qwen35	Gitksan	chain_gloss	cheatsheet_txt	pdf2_rigsby	original	BLEU	4.1415458935673435	3.291490644539465	-0.8500552490278785	0.06464935350646493	2.2285678600439423	37	nrefs:1|bs:100000|seed:20260915|case:mixed|eff:no|tok:13a|smooth:exp|version:2.6.0	0	1.0
qwen35_gitksan_pdf2_rigsby_original_chain_gloss_pdfpages_impactful_jpg	qwen35	Gitksan	chain_gloss	pdfpages_impactful_jpg	pdf2_rigsby	original	BLEU	4.1415458935673435	3.826017090511055	-0.3155288030562886	0.16792832071679284	3.16723251949764	37	nrefs:1|bs:100000|seed:20260915|case:mixed|eff:no|tok:13a|smooth:exp|version:2.6.0	1	1.0
qwen35_gitksan_pdf2_rigsby_original_chain_gloss_summary_tables_jpg	qwen35	Gitksan	chain_gloss	summary_tables_jpg	pdf2_rigsby	original	BLEU	4.1415458935673435	3.49896406927567	-0.6425818242916734	0.1001989980100199	2.273594111518815	37	nrefs:1|bs:100000|seed:20260915|case:mixed|eff:no|tok:13a|smooth:exp|version:2.6.0	1	1.0
qwen35_gitksan_pdf2_rigsby_original_chain_gloss_summary_tables_txt	qwen35	Gitksan	chain_gloss	summary_tables_txt	pdf2_rigsby	original	BLEU	4.1415458935673435	4.122447347691251	-0.019098545876092388	0.3919160808391916	2.746254046101938	37	nrefs:1|bs:100000|seed:20260915|case:mixed|eff:no|tok:13a|smooth:exp|version:2.6.0	1	1.0
qwen35_gitksan_pdf2_rigsby_original_chain_gloss_summary_text_txt	qwen35	Gitksan	chain_gloss	summary_text_txt	pdf2_rigsby	original	BLEU	4.1415458935673435	3.7238500616870325	-0.417695831880311	0.14890851091489085	2.7334833665837044	37	nrefs:1|bs:100000|seed:20260915|case:mixed|eff:no|tok:13a|smooth:exp|version:2.6.0	0	1.0
qwen35_gitksan_pdf1_brown_original_chain_gloss_cheatsheet_jpg	qwen35	Gitksan	chain_gloss	cheatsheet_jpg	pdf1_brown	original	chrF2++	23.46063968264876	22.889640918696376	-0.5709987639523852	0.26007739922600775	3.3224315643310547	37	nrefs:1|bs:100000|seed:20260915|case:mixed|eff:yes|nc:6|nw:2|space:no|version:2.6.0	0	1.0
qwen35_gitksan_pdf1_brown_original_chain_gloss_cheatsheet_txt	qwen35	Gitksan	chain_gloss	cheatsheet_txt	pdf1_brown	original	chrF2++	23.46063968264876	22.686655474954957	-0.7739842076938039	0.15072849271507285	3.317885398864746	37	nrefs:1|bs:100000|seed:20260915|case:mixed|eff:yes|nc:6|nw:2|space:no|version:2.6.0	0	1.0
qwen35_gitksan_pdf1_brown_original_chain_gloss_pdfpages_impactful_jpg	qwen35	Gitksan	chain_gloss	pdfpages_impactful_jpg	pdf1_brown	original	chrF2++	23.46063968264876	20.17833429988994	-3.282305382758821	0.007219927800721993	3.5815534591674805	37	nrefs:1|bs:100000|seed:20260915|case:mixed|eff:yes|nc:6|nw:2|space:no|version:2.6.0	2	1.0
qwen35_gitksan_pdf1_brown_original_chain_gloss_summary_tables_jpg	qwen35	Gitksan	chain_gloss	summary_tables_jpg	pdf1_brown	original	chrF2++	23.46063968264876	19.419307068202404	-4.0413326144463575	0.0013999860001399987	3.9864959716796875	37	nrefs:1|bs:100000|seed:20260915|case:mixed|eff:yes|nc:6|nw:2|space:no|version:2.6.0	1	0.8595914040859591
qwen35_gitksan_pdf1_brown_original_chain_gloss_summary_tables_txt	qwen35	Gitksan	chain_gloss	summary_tables_txt	pdf1_brown	original	chrF2++	23.46063968264876	25.309272046300812	1.848632363652051	0.07955920440795591	3.3717164993286133	37	nrefs:1|bs:100000|seed:20260915|case:mixed|eff:yes|nc:6|nw:2|space:no|version:2.6.0	0	1.0
qwen35_gitksan_pdf1_brown_original_chain_gloss_summary_text_txt	qwen35	Gitksan	chain_gloss	summary_text_txt	pdf1_brown	original	chrF2++	23.46063968264876	23.465192335738823	0.004552653090062364	0.4233857661423386	3.4887428283691406	37	nrefs:1|bs:100000|seed:20260915|case:mixed|eff:yes|nc:6|nw:2|space:no|version:2.6.0	0	1.0
qwen35_gitksan_pdf2_rigsby_original_chain_gloss_cheatsheet_jpg	qwen35	Gitksan	chain_gloss	cheatsheet_jpg	pdf2_rigsby	original	chrF2++	23.46063968264876	22.34492559059761	-1.1157140920511495	0.12509874901250986	3.3628292083740234	37	nrefs:1|bs:100000|seed:20260915|case:mixed|eff:yes|nc:6|nw:2|space:no|version:2.6.0	0	1.0
qwen35_gitksan_pdf2_rigsby_original_chain_gloss_cheatsheet_txt	qwen35	Gitksan	chain_gloss	cheatsheet_txt	pdf2_rigsby	original	chrF2++	23.46063968264876	23.946941805417506	0.48630212276874474	0.23059769402305977	3.0872011184692383	37	nrefs:1|bs:100000|seed:20260915|case:mixed|eff:yes|nc:6|nw:2|space:no|version:2.6.0	0	1.0
qwen35_gitksan_pdf2_rigsby_original_chain_gloss_pdfpages_impactful_jpg	qwen35	Gitksan	chain_gloss	pdfpages_impactful_jpg	pdf2_rigsby	original	chrF2++	23.46063968264876	19.468427803160992	-3.992211879487769	0.004659953400465995	3.974287509918213	37	nrefs:1|bs:100000|seed:20260915|case:mixed|eff:yes|nc:6|nw:2|space:no|version:2.6.0	1	1.0
qwen35_gitksan_pdf2_rigsby_original_chain_gloss_summary_tables_jpg	qwen35	Gitksan	chain_gloss	summary_tables_jpg	pdf2_rigsby	original	chrF2++	23.46063968264876	20.710672742917026	-2.749966939731735	0.021639783602163978	3.45914363861084	37	nrefs:1|bs:100000|seed:20260915|case:mixed|eff:yes|nc:6|nw:2|space:no|version:2.6.0	1	1.0
qwen35_gitksan_pdf2_rigsby_original_chain_gloss_summary_tables_txt	qwen35	Gitksan	chain_gloss	summary_tables_txt	pdf2_rigsby	original	chrF2++	23.46063968264876	24.552858994652667	1.0922193120039054	0.15668843311566885	3.505573272705078	37	nrefs:1|bs:100000|seed:20260915|case:mixed|eff:yes|nc:6|nw:2|space:no|version:2.6.0	1	1.0
qwen35_gitksan_pdf2_rigsby_original_chain_gloss_summary_text_txt	qwen35	Gitksan	chain_gloss	summary_text_txt	pdf2_rigsby	original	chrF2++	23.46063968264876	22.933795110828086	-0.5268445718206749	0.23381766182338176	2.7974538803100586	37	nrefs:1|bs:100000|seed:20260915|case:mixed|eff:yes|nc:6|nw:2|space:no|version:2.6.0	0	1.0
qwen35_gitksan_pdf1_brown_original_modelgloss_cheatsheet_jpg	qwen35	Gitksan	modelgloss	cheatsheet_jpg	pdf1_brown	original	BLEU	21.062000651664395	15.147087565230056	-5.914913086434339	0.034339656603433966	4.068408063729947	37	nrefs:1|bs:100000|seed:20260915|case:mixed|eff:no|tok:13a|smooth:exp|version:2.6.0	0	1.0
qwen35_gitksan_pdf1_brown_original_modelgloss_cheatsheet_txt	qwen35	Gitksan	modelgloss	cheatsheet_txt	pdf1_brown	original	BLEU	21.062000651664395	16.76454964237931	-4.2974510092850835	0.023899761002389976	4.365627074571069	37	nrefs:1|bs:100000|seed:20260915|case:mixed|eff:no|tok:13a|smooth:exp|version:2.6.0	0	1.0
qwen35_gitksan_pdf1_brown_original_modelgloss_pdfpages_impactful_jpg	qwen35	Gitksan	modelgloss	pdfpages_impactful_jpg	pdf1_brown	original	BLEU	21.062000651664395	16.1600871663033	-4.901913485361096	0.0986690133098669	4.378947594985506	37	nrefs:1|bs:100000|seed:20260915|case:mixed|eff:no|tok:13a|smooth:exp|version:2.6.0	0	1.0
qwen35_gitksan_pdf1_brown_original_modelgloss_summary_tables_jpg	qwen35	Gitksan	modelgloss	summary_tables_jpg	pdf1_brown	original	BLEU	21.062000651664395	15.16771642629993	-5.894284225364464	0.001009989900100999	4.810565452709256	37	nrefs:1|bs:100000|seed:20260915|case:mixed|eff:no|tok:13a|smooth:exp|version:2.6.0	0	0.6231637683623164
qwen35_gitksan_pdf1_brown_original_modelgloss_summary_tables_txt	qwen35	Gitksan	modelgloss	summary_tables_txt	pdf1_brown	original	BLEU	21.062000651664395	19.255926823955367	-1.806073827709028	0.05605943940560595	6.035275293262604	37	nrefs:1|bs:100000|seed:20260915|case:mixed|eff:no|tok:13a|smooth:exp|version:2.6.0	0	1.0
qwen35_gitksan_pdf1_brown_original_modelgloss_summary_text_txt	qwen35	Gitksan	modelgloss	summary_text_txt	pdf1_brown	original	BLEU	21.062000651664395	16.430358598448432	-4.631642053215963	0.07542924570754292	4.314689690874583	37	nrefs:1|bs:100000|seed:20260915|case:mixed|eff:no|tok:13a|smooth:exp|version:2.6.0	0	1.0
qwen35_gitksan_pdf2_rigsby_original_modelgloss_cheatsheet_jpg	qwen35	Gitksan	modelgloss	cheatsheet_jpg	pdf2_rigsby	original	BLEU	21.062000651664395	14.382751803131864	-6.679248848532531	0.015989840101598984	4.304406620498699	37	nrefs:1|bs:100000|seed:20260915|case:mixed|eff:no|tok:13a|smooth:exp|version:2.6.0	0	1.0
qwen35_gitksan_pdf2_rigsby_original_modelgloss_cheatsheet_txt	qwen35	Gitksan	modelgloss	cheatsheet_txt	pdf2_rigsby	original	BLEU	21.062000651664395	18.208812193411468	-2.8531884582529266	0.0958890411095889	4.649725159981152	37	nrefs:1|bs:100000|seed:20260915|case:mixed|eff:no|tok:13a|smooth:exp|version:2.6.0	0	1.0
qwen35_gitksan_pdf2_rigsby_original_modelgloss_pdfpages_impactful_jpg	qwen35	Gitksan	modelgloss	pdfpages_impactful_jpg	pdf2_rigsby	original	BLEU	21.062000651664395	18.009475806904682	-3.052524844759713	0.04688953110468895	4.507938792566621	37	nrefs:1|bs:100000|seed:20260915|case:mixed|eff:no|tok:13a|smooth:exp|version:2.6.0	0	1.0
qwen35_gitksan_pdf2_rigsby_original_modelgloss_summary_tables_jpg	qwen35	Gitksan	modelgloss	summary_tables_jpg	pdf2_rigsby	original	BLEU	21.062000651664395	18.066542747157673	-2.995457904506722	0.01681983180168198	5.5852201442907665	37	nrefs:1|bs:100000|seed:20260915|case:mixed|eff:no|tok:13a|smooth:exp|version:2.6.0	0	1.0
qwen35_gitksan_pdf2_rigsby_original_modelgloss_summary_tables_txt	qwen35	Gitksan	modelgloss	summary_tables_txt	pdf2_rigsby	original	BLEU	21.062000651664395	18.934467631708834	-2.1275330199555604	0.13923860761392387	4.534798837748908	37	nrefs:1|bs:100000|seed:20260915|case:mixed|eff:no|tok:13a|smooth:exp|version:2.6.0	0	1.0
qwen35_gitksan_pdf2_rigsby_original_modelgloss_summary_text_txt	qwen35	Gitksan	modelgloss	summary_text_txt	pdf2_rigsby	original	BLEU	21.062000651664395	21.251668163049562	0.18966751138516713	0.35213647863521363	5.870632566239276	37	nrefs:1|bs:100000|seed:20260915|case:mixed|eff:no|tok:13a|smooth:exp|version:2.6.0	0	1.0
qwen35_gitksan_pdf1_brown_original_modelgloss_cheatsheet_jpg	qwen35	Gitksan	modelgloss	cheatsheet_jpg	pdf1_brown	original	chrF2++	49.14151012692942	45.082806133747624	-4.058703993181794	0.005199948000519995	4.331264495849609	37	nrefs:1|bs:100000|seed:20260915|case:mixed|eff:yes|nc:6|nw:2|space:no|version:2.6.0	0	1.0
qwen35_gitksan_pdf1_brown_original_modelgloss_cheatsheet_txt	qwen35	Gitksan	modelgloss	cheatsheet_txt	pdf1_brown	original	chrF2++	49.14151012692942	46.653755271152065	-2.4877548557773537	0.011639883601163989	4.068531036376953	37	nrefs:1|bs:100000|seed:20260915|case:mixed|eff:yes|nc:6|nw:2|space:no|version:2.6.0	0	1.0
qwen35_gitksan_pdf1_brown_original_modelgloss_pdfpages_impactful_jpg	qwen35	Gitksan	modelgloss	pdfpages_impactful_jpg	pdf1_brown	original	chrF2++	49.14151012692942	45.74798148364252	-3.393528643286899	0.07135928640713593	4.165727615356445	37	nrefs:1|bs:100000|seed:20260915|case:mixed|eff:yes|nc:6|nw:2|space:no|version:2.6.0	0	1.0
qwen35_gitksan_pdf1_brown_original_modelgloss_summary_tables_jpg	qwen35	Gitksan	modelgloss	summary_tables_jpg	pdf1_brown	original	chrF2++	49.14151012692942	45.32643481548184	-3.815075311447579	0.006179938200617994	4.403095245361328	37	nrefs:1|bs:100000|seed:20260915|case:mixed|eff:yes|nc:6|nw:2|space:no|version:2.6.0	0	1.0
qwen35_gitksan_pdf1_brown_original_modelgloss_summary_tables_txt	qwen35	Gitksan	modelgloss	summary_tables_txt	pdf1_brown	original	chrF2++	49.14151012692942	46.85108016508814	-2.2904299618412765	0.0034799652003479967	4.417680740356445	37	nrefs:1|bs:100000|seed:20260915|case:mixed|eff:yes|nc:6|nw:2|space:no|version:2.6.0	0	1.0
qwen35_gitksan_pdf1_brown_original_modelgloss_summary_text_txt	qwen35	Gitksan	modelgloss	summary_text_txt	pdf1_brown	original	chrF2++	49.14151012692942	46.07774833210784	-3.0637617948215805	0.0061299387006129935	4.183231353759766	37	nrefs:1|bs:100000|seed:20260915|case:mixed|eff:yes|nc:6|nw:2|space:no|version:2.6.0	0	1.0
qwen35_gitksan_pdf2_rigsby_original_modelgloss_cheatsheet_jpg	qwen35	Gitksan	modelgloss	cheatsheet_jpg	pdf2_rigsby	original	chrF2++	49.14151012692942	45.19858529309676	-3.942924833832656	0.01885981140188598	4.709934234619141	37	nrefs:1|bs:100000|seed:20260915|case:mixed|eff:yes|nc:6|nw:2|space:no|version:2.6.0	0	1.0
qwen35_gitksan_pdf2_rigsby_original_modelgloss_cheatsheet_txt	qwen35	Gitksan	modelgloss	cheatsheet_txt	pdf2_rigsby	original	chrF2++	49.14151012692942	47.81080916482565	-1.3307009621037693	0.13640863591364086	4.321357727050781	37	nrefs:1|bs:100000|seed:20260915|case:mixed|eff:yes|nc:6|nw:2|space:no|version:2.6.0	0	1.0
qwen35_gitksan_pdf2_rigsby_original_modelgloss_pdfpages_impactful_jpg	qwen35	Gitksan	modelgloss	pdfpages_impactful_jpg	pdf2_rigsby	original	chrF2++	49.14151012692942	46.49522575057741	-2.646284376352007	0.02997970020299797	4.258337020874023	37	nrefs:1|bs:100000|seed:20260915|case:mixed|eff:yes|nc:6|nw:2|space:no|version:2.6.0	0	1.0
qwen35_gitksan_pdf2_rigsby_original_modelgloss_summary_tables_jpg	qwen35	Gitksan	modelgloss	summary_tables_jpg	pdf2_rigsby	original	chrF2++	49.14151012692942	47.26538742126953	-1.8761227056598884	0.04271957280427196	4.396589279174805	37	nrefs:1|bs:100000|seed:20260915|case:mixed|eff:yes|nc:6|nw:2|space:no|version:2.6.0	0	1.0
qwen35_gitksan_pdf2_rigsby_original_modelgloss_summary_tables_txt	qwen35	Gitksan	modelgloss	summary_tables_txt	pdf2_rigsby	original	chrF2++	49.14151012692942	48.19432696451261	-0.9471831624168061	0.15423845761542385	4.538061141967773	37	nrefs:1|bs:100000|seed:20260915|case:mixed|eff:yes|nc:6|nw:2|space:no|version:2.6.0	0	1.0
qwen35_gitksan_pdf2_rigsby_original_modelgloss_summary_text_txt	qwen35	Gitksan	modelgloss	summary_text_txt	pdf2_rigsby	original	chrF2++	49.14151012692942	49.37952204000283	0.2380119130734144	0.33921660783392166	4.762027740478516	37	nrefs:1|bs:100000|seed:20260915|case:mixed|eff:yes|nc:6|nw:2|space:no|version:2.6.0	0	1.0
qwen35_gitksan_pdf1_brown_original_shot_cheatsheet_jpg	qwen35	Gitksan	shot	cheatsheet_jpg	pdf1_brown	original	BLEU	4.009293594145682	4.764304531538607	0.7550109373929246	0.14004859951400486	3.053823988373556	37	nrefs:1|bs:100000|seed:20260915|case:mixed|eff:no|tok:13a|smooth:exp|version:2.6.0	0	1.0
qwen35_gitksan_pdf1_brown_original_shot_cheatsheet_txt	qwen35	Gitksan	shot	cheatsheet_txt	pdf1_brown	original	BLEU	4.009293594145682	3.979321408599233	-0.029972185546449648	0.34889651103488967	2.833864270111288	37	nrefs:1|bs:100000|seed:20260915|case:mixed|eff:no|tok:13a|smooth:exp|version:2.6.0	0	1.0
qwen35_gitksan_pdf1_brown_original_shot_pdfpages_impactful_jpg	qwen35	Gitksan	shot	pdfpages_impactful_jpg	pdf1_brown	original	BLEU	4.009293594145682	4.077505180031164	0.06821158588548126	0.32837671623283765	2.9352621144121858	37	nrefs:1|bs:100000|seed:20260915|case:mixed|eff:no|tok:13a|smooth:exp|version:2.6.0	0	1.0
qwen35_gitksan_pdf1_brown_original_shot_summary_tables_jpg	qwen35	Gitksan	shot	summary_tables_jpg	pdf1_brown	original	BLEU	4.009293594145682	3.5556299071211708	-0.45366368702451165	0.06586934130658693	2.950808071329493	37	nrefs:1|bs:100000|seed:20260915|case:mixed|eff:no|tok:13a|smooth:exp|version:2.6.0	0	1.0
qwen35_gitksan_pdf1_brown_original_shot_summary_tables_txt	qwen35	Gitksan	shot	summary_tables_txt	pdf1_brown	original	BLEU	4.009293594145682	4.32943852832491	0.3201449341792273	0.14623853761462385	2.918150459634583	37	nrefs:1|bs:100000|seed:20260915|case:mixed|eff:no|tok:13a|smooth:exp|version:2.6.0	0	1.0
qwen35_gitksan_pdf1_brown_original_shot_summary_text_txt	qwen35	Gitksan	shot	summary_text_txt	pdf1_brown	original	BLEU	4.009293594145682	4.441789105923972	0.4324955117782894	0.15994840051599485	3.07187456762179	37	nrefs:1|bs:100000|seed:20260915|case:mixed|eff:no|tok:13a|smooth:exp|version:2.6.0	0	1.0
qwen35_gitksan_pdf2_rigsby_original_shot_cheatsheet_jpg	qwen35	Gitksan	shot	cheatsheet_jpg	pdf2_rigsby	original	BLEU	4.009293594145682	3.8800851696627996	-0.12920842448288283	0.24662753372466276	2.8317855694725207	37	nrefs:1|bs:100000|seed:20260915|case:mixed|eff:no|tok:13a|smooth:exp|version:2.6.0	0	1.0
qwen35_gitksan_pdf2_rigsby_original_shot_cheatsheet_txt	qwen35	Gitksan	shot	cheatsheet_txt	pdf2_rigsby	original	BLEU	4.009293594145682	4.215233499897761	0.20593990575207854	0.16608833911660884	2.9019400243365965	37	nrefs:1|bs:100000|seed:20260915|case:mixed|eff:no|tok:13a|smooth:exp|version:2.6.0	0	1.0
qwen35_gitksan_pdf2_rigsby_original_shot_pdfpages_impactful_jpg	qwen35	Gitksan	shot	pdfpages_impactful_jpg	pdf2_rigsby	original	BLEU	4.009293594145682	4.334980211115222	0.3256866169695396	0.26656733432665675	2.5578533887022337	37	nrefs:1|bs:100000|seed:20260915|case:mixed|eff:no|tok:13a|smooth:exp|version:2.6.0	0	1.0
qwen35_gitksan_pdf2_rigsby_original_shot_summary_tables_jpg	qwen35	Gitksan	shot	summary_tables_jpg	pdf2_rigsby	original	BLEU	4.009293594145682	4.441748885420486	0.4324552912748034	0.1876981230187698	2.9468288224141572	37	nrefs:1|bs:100000|seed:20260915|case:mixed|eff:no|tok:13a|smooth:exp|version:2.6.0	0	1.0
qwen35_gitksan_pdf2_rigsby_original_shot_summary_tables_txt	qwen35	Gitksan	shot	summary_tables_txt	pdf2_rigsby	original	BLEU	4.009293594145682	3.832036410441451	-0.17725718370423138	0.1955780442195578	2.8129219123071802	37	nrefs:1|bs:100000|seed:20260915|case:mixed|eff:no|tok:13a|smooth:exp|version:2.6.0	0	1.0
qwen35_gitksan_pdf2_rigsby_original_shot_summary_text_txt	qwen35	Gitksan	shot	summary_text_txt	pdf2_rigsby	original	BLEU	4.009293594145682	4.734965435824284	0.7256718416786017	0.13890861091389087	3.0868897606109433	37	nrefs:1|bs:100000|seed:20260915|case:mixed|eff:no|tok:13a|smooth:exp|version:2.6.0	0	1.0
qwen35_gitksan_pdf1_brown_original_shot_cheatsheet_jpg	qwen35	Gitksan	shot	cheatsheet_jpg	pdf1_brown	original	chrF2++	23.60679451602658	22.439689642702717	-1.1671048733238614	0.10833891661083389	3.648252487182617	37	nrefs:1|bs:100000|seed:20260915|case:mixed|eff:yes|nc:6|nw:2|space:no|version:2.6.0	0	1.0
qwen35_gitksan_pdf1_brown_original_shot_cheatsheet_txt	qwen35	Gitksan	shot	cheatsheet_txt	pdf1_brown	original	chrF2++	23.60679451602658	23.689819664703062	0.0830251486764837	0.36301636983630164	3.098546028137207	37	nrefs:1|bs:100000|seed:20260915|case:mixed|eff:yes|nc:6|nw:2|space:no|version:2.6.0	0	1.0
qwen35_gitksan_pdf1_brown_original_shot_pdfpages_impactful_jpg	qwen35	Gitksan	shot	pdfpages_impactful_jpg	pdf1_brown	original	chrF2++	23.60679451602658	22.53656698465522	-1.0702275313713585	0.06901930980690194	3.623061180114746	37	nrefs:1|bs:100000|seed:20260915|case:mixed|eff:yes|nc:6|nw:2|space:no|version:2.6.0	0	1.0
qwen35_gitksan_pdf1_brown_original_shot_summary_tables_jpg	qwen35	Gitksan	shot	summary_tables_jpg	pdf1_brown	original	chrF2++	23.60679451602658	21.916220069474733	-1.690574446551846	0.025609743902560975	3.330683708190918	37	nrefs:1|bs:100000|seed:20260915|case:mixed|eff:yes|nc:6|nw:2|space:no|version:2.6.0	0	1.0
qwen35_gitksan_pdf1_brown_original_shot_summary_tables_txt	qwen35	Gitksan	shot	summary_tables_txt	pdf1_brown	original	chrF2++	23.60679451602658	24.221206922758455	0.6144124067318764	0.12134878651213488	3.4944562911987305	37	nrefs:1|bs:100000|seed:20260915|case:mixed|eff:yes|nc:6|nw:2|space:no|version:2.6.0	0	1.0
qwen35_gitksan_pdf1_brown_original_shot_summary_text_txt	qwen35	Gitksan	shot	summary_text_txt	pdf1_brown	original	chrF2++	23.60679451602658	23.57235345980028	-0.03444105622629934	0.3951160488395116	3.3293962478637695	37	nrefs:1|bs:100000|seed:20260915|case:mixed|eff:yes|nc:6|nw:2|space:no|version:2.6.0	0	1.0
qwen35_gitksan_pdf2_rigsby_original_shot_cheatsheet_jpg	qwen35	Gitksan	shot	cheatsheet_jpg	pdf2_rigsby	original	chrF2++	23.60679451602658	21.65692806191915	-1.949866454107429	0.014409855901440985	3.3625526428222656	37	nrefs:1|bs:100000|seed:20260915|case:mixed|eff:yes|nc:6|nw:2|space:no|version:2.6.0	0	1.0
qwen35_gitksan_pdf2_rigsby_original_shot_cheatsheet_txt	qwen35	Gitksan	shot	cheatsheet_txt	pdf2_rigsby	original	chrF2++	23.60679451602658	23.85360962280459	0.246815106778012	0.23549764502354975	3.2912912368774414	37	nrefs:1|bs:100000|seed:20260915|case:mixed|eff:yes|nc:6|nw:2|space:no|version:2.6.0	0	1.0
qwen35_gitksan_pdf2_rigsby_original_shot_pdfpages_impactful_jpg	qwen35	Gitksan	shot	pdfpages_impactful_jpg	pdf2_rigsby	original	chrF2++	23.60679451602658	22.508818410592497	-1.097976105434082	0.08191918080819192	3.5055503845214844	37	nrefs:1|bs:100000|seed:20260915|case:mixed|eff:yes|nc:6|nw:2|space:no|version:2.6.0	0	1.0
qwen35_gitksan_pdf2_rigsby_original_shot_summary_tables_jpg	qwen35	Gitksan	shot	summary_tables_jpg	pdf2_rigsby	original	chrF2++	23.60679451602658	22.319169961351832	-1.2876245546747462	0.06321936780632194	3.557889938354492	37	nrefs:1|bs:100000|seed:20260915|case:mixed|eff:yes|nc:6|nw:2|space:no|version:2.6.0	0	1.0
qwen35_gitksan_pdf2_rigsby_original_shot_summary_tables_txt	qwen35	Gitksan	shot	summary_tables_txt	pdf2_rigsby	original	chrF2++	23.60679451602658	24.16376377024919	0.5569692542226115	0.12115878841211587	3.230532646179199	37	nrefs:1|bs:100000|seed:20260915|case:mixed|eff:yes|nc:6|nw:2|space:no|version:2.6.0	0	1.0
qwen35_gitksan_pdf2_rigsby_original_shot_summary_text_txt	qwen35	Gitksan	shot	summary_text_txt	pdf2_rigsby	original	chrF2++	23.60679451602658	24.093005903243498	0.4862113872169189	0.16603833961660383	3.6497669219970703	37	nrefs:1|bs:100000|seed:20260915|case:mixed|eff:yes|nc:6|nw:2|space:no|version:2.6.0	0	1.0
qwen35_lezgi_grammar_cyrillic_chain_gloss_cheatsheet_jpg	qwen35	Lezgi	chain_gloss	cheatsheet_jpg	grammar	cyrillic	BLEU	6.313337587676565	5.495092980131532	-0.8182446075450329	0.17146828531714683	2.44357913827748	87	nrefs:1|bs:100000|seed:20260915|case:mixed|eff:no|tok:13a|smooth:exp|version:2.6.0	0	1.0
qwen35_lezgi_grammar_cyrillic_chain_gloss_cheatsheet_txt	qwen35	Lezgi	chain_gloss	cheatsheet_txt	grammar	cyrillic	BLEU	6.313337587676565	4.333640018640287	-1.9796975690362784	0.02910970890291097	1.7724943315823003	87	nrefs:1|bs:100000|seed:20260915|case:mixed|eff:no|tok:13a|smooth:exp|version:2.6.0	0	1.0
qwen35_lezgi_grammar_cyrillic_chain_gloss_summary_tables_jpg	qwen35	Lezgi	chain_gloss	summary_tables_jpg	grammar	cyrillic	BLEU	6.313337587676565	7.2834174336188555	0.9700798459422906	0.0967790322096779	2.447719975728947	87	nrefs:1|bs:100000|seed:20260915|case:mixed|eff:no|tok:13a|smooth:exp|version:2.6.0	0	1.0
qwen35_lezgi_grammar_cyrillic_chain_gloss_summary_tables_txt	qwen35	Lezgi	chain_gloss	summary_tables_txt	grammar	cyrillic	BLEU	6.313337587676565	4.536345585917752	-1.7769920017588126	0.02154978450215498	1.8894753769504247	87	nrefs:1|bs:100000|seed:20260915|case:mixed|eff:no|tok:13a|smooth:exp|version:2.6.0	0	1.0
qwen35_lezgi_grammar_cyrillic_chain_gloss_summary_text_txt	qwen35	Lezgi	chain_gloss	summary_text_txt	grammar	cyrillic	BLEU	6.313337587676565	5.439095601147324	-0.874241986529241	0.10953890461095389	1.9323714165131918	87	nrefs:1|bs:100000|seed:20260915|case:mixed|eff:no|tok:13a|smooth:exp|version:2.6.0	0	1.0
qwen35_lezgi_grammar_original_chain_gloss_cheatsheet_jpg	qwen35	Lezgi	chain_gloss	cheatsheet_jpg	grammar	original	BLEU	6.313337587676565	5.5591870257446985	-0.7541505619318665	0.15740842591574083	2.2428971198189656	87	nrefs:1|bs:100000|seed:20260915|case:mixed|eff:no|tok:13a|smooth:exp|version:2.6.0	0	1.0
qwen35_lezgi_grammar_original_chain_gloss_cheatsheet_txt	qwen35	Lezgi	chain_gloss	cheatsheet_txt	grammar	original	BLEU	6.313337587676565	4.335716506775338	-1.9776210809012271	0.025899741002589974	1.8054055049082018	87	nrefs:1|bs:100000|seed:20260915|case:mixed|eff:no|tok:13a|smooth:exp|version:2.6.0	0	1.0
qwen35_lezgi_grammar_original_chain_gloss_pdfpages_impactful_jpg	qwen35	Lezgi	chain_gloss	pdfpages_impactful_jpg	grammar	original	BLEU	6.313337587676565	4.760205468524875	-1.55313211915169	0.04036959630403696	2.1470672913545945	87	nrefs:1|bs:100000|seed:20260915|case:mixed|eff:no|tok:13a|smooth:exp|version:2.6.0	0	1.0
qwen35_lezgi_grammar_original_chain_gloss_summary_tables_jpg	qwen35	Lezgi	chain_gloss	summary_tables_jpg	grammar	original	BLEU	6.313337587676565	5.639933182838986	-0.6734044048375791	0.16701832981670184	2.1349380722764417	87	nrefs:1|bs:100000|seed:20260915|case:mixed|eff:no|tok:13a|smooth:exp|version:2.6.0	0	1.0
qwen35_lezgi_grammar_original_chain_gloss_summary_tables_txt	qwen35	Lezgi	chain_gloss	summary_tables_txt	grammar	original	BLEU	6.313337587676565	5.131092880913257	-1.1822447067633082	0.06962930370696294	2.1655155751724307	87	nrefs:1|bs:100000|seed:20260915|case:mixed|eff:no|tok:13a|smooth:exp|version:2.6.0	0	1.0
qwen35_lezgi_grammar_original_chain_gloss_summary_text_txt	qwen35	Lezgi	chain_gloss	summary_text_txt	grammar	original	BLEU	6.313337587676565	4.912257519516033	-1.4010800681605318	0.04058959410405896	1.8117395157499157	87	nrefs:1|bs:100000|seed:20260915|case:mixed|eff:no|tok:13a|smooth:exp|version:2.6.0	0	1.0
qwen35_lezgi_grammar_cyrillic_chain_gloss_cheatsheet_jpg	qwen35	Lezgi	chain_gloss	cheatsheet_jpg	grammar	cyrillic	chrF2++	26.192874845787834	22.756686131749248	-3.436188714038586	8.99991000089999e-05	2.829728126525879	87	nrefs:1|bs:100000|seed:20260915|case:mixed|eff:yes|nc:6|nw:2|space:no|version:2.6.0	0	0.05642943570564294
qwen35_lezgi_grammar_cyrillic_chain_gloss_cheatsheet_txt	qwen35	Lezgi	chain_gloss	cheatsheet_txt	grammar	cyrillic	chrF2++	26.192874845787834	24.445455130856423	-1.7474197149314108	0.02736972630273697	2.587472915649414	87	nrefs:1|bs:100000|seed:20260915|case:mixed|eff:yes|nc:6|nw:2|space:no|version:2.6.0	0	1.0
qwen35_lezgi_grammar_cyrillic_chain_gloss_summary_tables_jpg	qwen35	Lezgi	chain_gloss	summary_tables_jpg	grammar	cyrillic	chrF2++	26.192874845787834	25.055723714079097	-1.1371511317087375	0.06404935950640493	2.716297149658203	87	nrefs:1|bs:100000|seed:20260915|case:mixed|eff:yes|nc:6|nw:2|space:no|version:2.6.0	0	1.0
qwen35_lezgi_grammar_cyrillic_chain_gloss_summary_tables_txt	qwen35	Lezgi	chain_gloss	summary_tables_txt	grammar	cyrillic	chrF2++	26.192874845787834	24.246273982083906	-1.946600863703928	0.022709772902270976	2.59476375579834	87	nrefs:1|bs:100000|seed:20260915|case:mixed|eff:yes|nc:6|nw:2|space:no|version:2.6.0	0	1.0
qwen35_lezgi_grammar_cyrillic_chain_gloss_summary_text_txt	qwen35	Lezgi	chain_gloss	summary_text_txt	grammar	cyrillic	chrF2++	26.192874845787834	23.932267598890324	-2.2606072468975107	0.007779922200777992	2.6634521484375	87	nrefs:1|bs:100000|seed:20260915|case:mixed|eff:yes|nc:6|nw:2|space:no|version:2.6.0	0	1.0
qwen35_lezgi_grammar_original_chain_gloss_cheatsheet_jpg	qwen35	Lezgi	chain_gloss	cheatsheet_jpg	grammar	original	chrF2++	26.192874845787834	24.867164214589987	-1.3257106311978468	0.06710932890671094	3.020322799682617	87	nrefs:1|bs:100000|seed:20260915|case:mixed|eff:yes|nc:6|nw:2|space:no|version:2.6.0	0	1.0
qwen35_lezgi_grammar_original_chain_gloss_cheatsheet_txt	qwen35	Lezgi	chain_gloss	cheatsheet_txt	grammar	original	chrF2++	26.192874845787834	24.328441634830995	-1.8644332109568396	0.009719902800971991	2.578615188598633	87	nrefs:1|bs:100000|seed:20260915|case:mixed|eff:yes|nc:6|nw:2|space:no|version:2.6.0	0	1.0
qwen35_lezgi_grammar_original_chain_gloss_pdfpages_impactful_jpg	qwen35	Lezgi	chain_gloss	pdfpages_impactful_jpg	grammar	original	chrF2++	26.192874845787834	23.108148400310018	-3.0847264454778163	0.0001999980000199998	2.7326126098632812	87	nrefs:1|bs:100000|seed:20260915|case:mixed|eff:yes|nc:6|nw:2|space:no|version:2.6.0	0	0.12459875401245987
qwen35_lezgi_grammar_original_chain_gloss_summary_tables_jpg	qwen35	Lezgi	chain_gloss	summary_tables_jpg	grammar	original	chrF2++	26.192874845787834	24.1641581599986	-2.0287166857892345	0.00988990110098899	2.6575193405151367	87	nrefs:1|bs:100000|seed:20260915|case:mixed|eff:yes|nc:6|nw:2|space:no|version:2.6.0	0	1.0
qwen35_lezgi_grammar_original_chain_gloss_summary_tables_txt	qwen35	Lezgi	chain_gloss	summary_tables_txt	grammar	original	chrF2++	26.192874845787834	24.160551158139736	-2.0323236876480983	0.014189858101418986	2.7457141876220703	87	nrefs:1|bs:100000|seed:20260915|case:mixed|eff:yes|nc:6|nw:2|space:no|version:2.6.0	0	1.0
qwen35_lezgi_grammar_original_chain_gloss_summary_text_txt	qwen35	Lezgi	chain_gloss	summary_text_txt	grammar	original	chrF2++	26.192874845787834	23.327245639830533	-2.865629205957301	0.0022199778002219978	2.527364730834961	87	nrefs:1|bs:100000|seed:20260915|case:mixed|eff:yes|nc:6|nw:2|space:no|version:2.6.0	0	1.0
qwen35_lezgi_grammar_cyrillic_modelgloss_cheatsheet_jpg	qwen35	Lezgi	modelgloss	cheatsheet_jpg	grammar	cyrillic	BLEU	13.69854912482718	12.416005765657836	-1.2825433591693436	0.12783872161278387	3.0743758661910947	87	nrefs:1|bs:100000|seed:20260915|case:mixed|eff:no|tok:13a|smooth:exp|version:2.6.0	0	1.0
qwen35_lezgi_grammar_cyrillic_modelgloss_cheatsheet_txt	qwen35	Lezgi	modelgloss	cheatsheet_txt	grammar	cyrillic	BLEU	13.69854912482718	11.02573778064716	-2.672811344180019	0.02870971290287097	2.7290750833888335	87	nrefs:1|bs:100000|seed:20260915|case:mixed|eff:no|tok:13a|smooth:exp|version:2.6.0	0	1.0
qwen35_lezgi_grammar_cyrillic_modelgloss_summary_tables_jpg	qwen35	Lezgi	modelgloss	summary_tables_jpg	grammar	cyrillic	BLEU	13.69854912482718	12.942375037511518	-0.7561740873156619	0.15936840631593685	3.3199167902144575	87	nrefs:1|bs:100000|seed:20260915|case:mixed|eff:no|tok:13a|smooth:exp|version:2.6.0	0	1.0
qwen35_lezgi_grammar_cyrillic_modelgloss_summary_tables_txt	qwen35	Lezgi	modelgloss	summary_tables_txt	grammar	cyrillic	BLEU	13.69854912482718	12.047996620842211	-1.6505525039849687	0.058419415805841944	3.104674061824219	87	nrefs:1|bs:100000|seed:20260915|case:mixed|eff:no|tok:13a|smooth:exp|version:2.6.0	0	1.0
qwen35_lezgi_grammar_cyrillic_modelgloss_summary_text_txt	qwen35	Lezgi	modelgloss	summary_text_txt	grammar	cyrillic	BLEU	13.69854912482718	11.706381714188396	-1.9921674106387837	0.04870951290487095	3.062165126735324	87	nrefs:1|bs:100000|seed:20260915|case:mixed|eff:no|tok:13a|smooth:exp|version:2.6.0	0	1.0
qwen35_lezgi_grammar_original_modelgloss_cheatsheet_jpg	qwen35	Lezgi	modelgloss	cheatsheet_jpg	grammar	original	BLEU	13.69854912482718	11.98102944429555	-1.7175196805316304	0.08123918760812392	3.1819202831685205	87	nrefs:1|bs:100000|seed:20260915|case:mixed|eff:no|tok:13a|smooth:exp|version:2.6.0	0	1.0
qwen35_lezgi_grammar_original_modelgloss_cheatsheet_txt	qwen35	Lezgi	modelgloss	cheatsheet_txt	grammar	original	BLEU	13.69854912482718	12.346907696554714	-1.3516414282724654	0.14015859841401587	3.1040010415595445	87	nrefs:1|bs:100000|seed:20260915|case:mixed|eff:no|tok:13a|smooth:exp|version:2.6.0	0	1.0
qwen35_lezgi_grammar_original_modelgloss_pdfpages_impactful_jpg	qwen35	Lezgi	modelgloss	pdfpages_impactful_jpg	grammar	original	BLEU	13.69854912482718	12.493293383741324	-1.205255741085855	0.11281887181128189	3.312439444784408	87	nrefs:1|bs:100000|seed:20260915|case:mixed|eff:no|tok:13a|smooth:exp|version:2.6.0	0	1.0
qwen35_lezgi_grammar_original_modelgloss_summary_tables_jpg	qwen35	Lezgi	modelgloss	summary_tables_jpg	grammar	original	BLEU	13.69854912482718	11.61553652614872	-2.08301259867846	0.06002939970600294	3.141192735747987	87	nrefs:1|bs:100000|seed:20260915|case:mixed|eff:no|tok:13a|smooth:exp|version:2.6.0	0	1.0
qwen35_lezgi_grammar_original_modelgloss_summary_tables_txt	qwen35	Lezgi	modelgloss	summary_tables_txt	grammar	original	BLEU	13.69854912482718	12.377583542042478	-1.3209655827847016	0.13495865041349586	3.1702613583567363	87	nrefs:1|bs:100000|seed:20260915|case:mixed|eff:no|tok:13a|smooth:exp|version:2.6.0	0	1.0
qwen35_lezgi_grammar_original_modelgloss_summary_text_txt	qwen35	Lezgi	modelgloss	summary_text_txt	grammar	original	BLEU	13.69854912482718	10.610406624376573	-3.0881425004506067	0.016879831201687984	2.9353260024104335	87	nrefs:1|bs:100000|seed:20260915|case:mixed|eff:no|tok:13a|smooth:exp|version:2.6.0	0	1.0
qwen35_lezgi_grammar_cyrillic_modelgloss_cheatsheet_jpg	qwen35	Lezgi	modelgloss	cheatsheet_jpg	grammar	cyrillic	chrF2++	39.70025859087084	37.06778894899171	-2.6324696418791262	0.016509834901650984	2.8260154724121094	87	nrefs:1|bs:100000|seed:20260915|case:mixed|eff:yes|nc:6|nw:2|space:no|version:2.6.0	0	1.0
qwen35_lezgi_grammar_cyrillic_modelgloss_cheatsheet_txt	qwen35	Lezgi	modelgloss	cheatsheet_txt	grammar	cyrillic	chrF2++	39.70025859087084	38.332704943755346	-1.3675536471154928	0.0996790032099679	2.911985397338867	87	nrefs:1|bs:100000|seed:20260915|case:mixed|eff:yes|nc:6|nw:2|space:no|version:2.6.0	0	1.0
qwen35_lezgi_grammar_cyrillic_modelgloss_summary_tables_jpg	qwen35	Lezgi	modelgloss	summary_tables_jpg	grammar	cyrillic	chrF2++	39.70025859087084	37.17119006658965	-2.529068524281186	0.005169948300516995	2.996551513671875	87	nrefs:1|bs:100000|seed:20260915|case:mixed|eff:yes|nc:6|nw:2|space:no|version:2.6.0	0	1.0
qwen35_lezgi_grammar_cyrillic_modelgloss_summary_tables_txt	qwen35	Lezgi	modelgloss	summary_tables_txt	grammar	cyrillic	chrF2++	39.70025859087084	39.37636020088935	-0.3238983899814869	0.24762752372476277	2.891429901123047	87	nrefs:1|bs:100000|seed:20260915|case:mixed|eff:yes|nc:6|nw:2|space:no|version:2.6.0	0	1.0
qwen35_lezgi_grammar_cyrillic_modelgloss_summary_text_txt	qwen35	Lezgi	modelgloss	summary_text_txt	grammar	cyrillic	chrF2++	39.70025859087084	38.88426853916532	-0.8159900517055192	0.16769832301676985	3.1410675048828125	87	nrefs:1|bs:100000|seed:20260915|case:mixed|eff:yes|nc:6|nw:2|space:no|version:2.6.0	0	1.0
qwen35_lezgi_grammar_original_modelgloss_cheatsheet_jpg	qwen35	Lezgi	modelgloss	cheatsheet_jpg	grammar	original	chrF2++	39.70025859087084	36.525514754384226	-3.1747438364866127	0.0025299747002529975	2.9258556365966797	87	nrefs:1|bs:100000|seed:20260915|case:mixed|eff:yes|nc:6|nw:2|space:no|version:2.6.0	0	1.0
qwen35_lezgi_grammar_original_modelgloss_cheatsheet_txt	qwen35	Lezgi	modelgloss	cheatsheet_txt	grammar	original	chrF2++	39.70025859087084	39.044129905381425	-0.6561286854894135	0.2099179008209918	2.877534866333008	87	nrefs:1|bs:100000|seed:20260915|case:mixed|eff:yes|nc:6|nw:2|space:no|version:2.6.0	0	1.0
qwen35_lezgi_grammar_original_modelgloss_pdfpages_impactful_jpg	qwen35	Lezgi	modelgloss	pdfpages_impactful_jpg	grammar	original	chrF2++	39.70025859087084	38.83271497239007	-0.8675436184807666	0.15092849071509284	3.0280189514160156	87	nrefs:1|bs:100000|seed:20260915|case:mixed|eff:yes|nc:6|nw:2|space:no|version:2.6.0	0	1.0
qwen35_lezgi_grammar_original_modelgloss_summary_tables_jpg	qwen35	Lezgi	modelgloss	summary_tables_jpg	grammar	original	chrF2++	39.70025859087084	37.13512005721099	-2.565138533659848	0.0064199358006419936	2.945629119873047	87	nrefs:1|bs:100000|seed:20260915|case:mixed|eff:yes|nc:6|nw:2|space:no|version:2.6.0	0	1.0
qwen35_lezgi_grammar_original_modelgloss_summary_tables_txt	qwen35	Lezgi	modelgloss	summary_tables_txt	grammar	original	chrF2++	39.70025859087084	38.70609226989163	-0.9941663209792111	0.13881861181388186	2.983196258544922	87	nrefs:1|bs:100000|seed:20260915|case:mixed|eff:yes|nc:6|nw:2|space:no|version:2.6.0	0	1.0
qwen35_lezgi_grammar_original_modelgloss_summary_text_txt	qwen35	Lezgi	modelgloss	summary_text_txt	grammar	original	chrF2++	39.70025859087084	37.66511069531469	-2.0351478955561504	0.04026959730402696	2.849048614501953	87	nrefs:1|bs:100000|seed:20260915|case:mixed|eff:yes|nc:6|nw:2|space:no|version:2.6.0	0	1.0
qwen35_lezgi_grammar_cyrillic_shot_cheatsheet_jpg	qwen35	Lezgi	shot	cheatsheet_jpg	grammar	cyrillic	BLEU	6.665356762424007	6.684754254098248	0.01939749167424143	0.41247587524124757	2.487412098180408	87	nrefs:1|bs:100000|seed:20260915|case:mixed|eff:no|tok:13a|smooth:exp|version:2.6.0	0	1.0
qwen35_lezgi_grammar_cyrillic_shot_cheatsheet_txt	qwen35	Lezgi	shot	cheatsheet_txt	grammar	cyrillic	BLEU	6.665356762424007	6.182461973649176	-0.4828947887748303	0.2025079749202508	2.4678679748297077	87	nrefs:1|bs:100000|seed:20260915|case:mixed|eff:no|tok:13a|smooth:exp|version:2.6.0	0	1.0
qwen35_lezgi_grammar_cyrillic_shot_summary_tables_jpg	qwen35	Lezgi	shot	summary_tables_jpg	grammar	cyrillic	BLEU	6.665356762424007	6.237137601384734	-0.42821916103927293	0.1860881391186088	2.4395880874102627	87	nrefs:1|bs:100000|seed:20260915|case:mixed|eff:no|tok:13a|smooth:exp|version:2.6.0	0	1.0
qwen35_lezgi_grammar_cyrillic_shot_summary_tables_txt	qwen35	Lezgi	shot	summary_tables_txt	grammar	cyrillic	BLEU	6.665356762424007	6.541884324501279	-0.12347243792272788	0.33514664853351467	2.567310206341643	87	nrefs:1|bs:100000|seed:20260915|case:mixed|eff:no|tok:13a|smooth:exp|version:2.6.0	0	1.0
qwen35_lezgi_grammar_cyrillic_shot_summary_text_txt	qwen35	Lezgi	shot	summary_text_txt	grammar	cyrillic	BLEU	6.665356762424007	5.727449495341088	-0.9379072670829185	0.027359726402735974	2.2562130460737873	87	nrefs:1|bs:100000|seed:20260915|case:mixed|eff:no|tok:13a|smooth:exp|version:2.6.0	0	1.0
qwen35_lezgi_grammar_original_shot_cheatsheet_jpg	qwen35	Lezgi	shot	cheatsheet_jpg	grammar	original	BLEU	6.665356762424007	6.084277428457842	-0.5810793339661648	0.14864851351486486	2.3715752267188144	87	nrefs:1|bs:100000|seed:20260915|case:mixed|eff:no|tok:13a|smooth:exp|version:2.6.0	0	1.0
qwen35_lezgi_grammar_original_shot_cheatsheet_txt	qwen35	Lezgi	shot	cheatsheet_txt	grammar	original	BLEU	6.665356762424007	6.812278051645836	0.14692128922182945	0.3276767232327677	2.5831626459893	87	nrefs:1|bs:100000|seed:20260915|case:mixed|eff:no|tok:13a|smooth:exp|version:2.6.0	0	1.0
qwen35_lezgi_grammar_original_shot_pdfpages_impactful_jpg	qwen35	Lezgi	shot	pdfpages_impactful_jpg	grammar	original	BLEU	6.665356762424007	5.352579254502547	-1.31277750792146	0.026479735202647972	2.2572190112810095	87	nrefs:1|bs:100000|seed:20260915|case:mixed|eff:no|tok:13a|smooth:exp|version:2.6.0	0	1.0
qwen35_lezgi_grammar_original_shot_summary_tables_jpg	qwen35	Lezgi	shot	summary_tables_jpg	grammar	original	BLEU	6.665356762424007	5.983065711463642	-0.682291050960365	0.13099869001309986	2.354266920229373	87	nrefs:1|bs:100000|seed:20260915|case:mixed|eff:no|tok:13a|smooth:exp|version:2.6.0	0	1.0
qwen35_lezgi_grammar_original_shot_summary_tables_txt	qwen35	Lezgi	shot	summary_tables_txt	grammar	original	BLEU	6.665356762424007	7.318104009510244	0.6527472470862374	0.13756862431375685	2.769094691881421	87	nrefs:1|bs:100000|seed:20260915|case:mixed|eff:no|tok:13a|smooth:exp|version:2.6.0	0	1.0
qwen35_lezgi_grammar_original_shot_summary_text_txt	qwen35	Lezgi	shot	summary_text_txt	grammar	original	BLEU	6.665356762424007	5.6992720696769945	-0.9660846927470121	0.058279417205827945	2.363296839175913	87	nrefs:1|bs:100000|seed:20260915|case:mixed|eff:no|tok:13a|smooth:exp|version:2.6.0	0	1.0
qwen35_lezgi_grammar_cyrillic_shot_cheatsheet_jpg	qwen35	Lezgi	shot	cheatsheet_jpg	grammar	cyrillic	chrF2++	25.308133976695423	24.93356754549737	-0.3745664311980512	0.23005769942300577	2.6331024169921875	87	nrefs:1|bs:100000|seed:20260915|case:mixed|eff:yes|nc:6|nw:2|space:no|version:2.6.0	0	1.0
qwen35_lezgi_grammar_cyrillic_shot_cheatsheet_txt	qwen35	Lezgi	shot	cheatsheet_txt	grammar	cyrillic	chrF2++	25.308133976695423	25.653043525695185	0.34490954899976245	0.2696973030269697	2.9415512084960938	87	nrefs:1|bs:100000|seed:20260915|case:mixed|eff:yes|nc:6|nw:2|space:no|version:2.6.0	0	1.0
qwen35_lezgi_grammar_cyrillic_shot_summary_tables_jpg	qwen35	Lezgi	shot	summary_tables_jpg	grammar	cyrillic	chrF2++	25.308133976695423	23.988344009334277	-1.319789967361146	0.056999430005699944	2.5557289123535156	87	nrefs:1|bs:100000|seed:20260915|case:mixed|eff:yes|nc:6|nw:2|space:no|version:2.6.0	0	1.0
qwen35_lezgi_grammar_cyrillic_shot_summary_tables_txt	qwen35	Lezgi	shot	summary_tables_txt	grammar	cyrillic	chrF2++	25.308133976695423	25.862088066842574	0.5539540901471511	0.1885581144188558	2.9210405349731445	87	nrefs:1|bs:100000|seed:20260915|case:mixed|eff:yes|nc:6|nw:2|space:no|version:2.6.0	0	1.0
qwen35_lezgi_grammar_cyrillic_shot_summary_text_txt	qwen35	Lezgi	shot	summary_text_txt	grammar	cyrillic	chrF2++	25.308133976695423	24.541654513886147	-0.7664794628092757	0.12524874751252488	2.731997489929199	87	nrefs:1|bs:100000|seed:20260915|case:mixed|eff:yes|nc:6|nw:2|space:no|version:2.6.0	0	1.0
qwen35_lezgi_grammar_original_shot_cheatsheet_jpg	qwen35	Lezgi	shot	cheatsheet_jpg	grammar	original	chrF2++	25.308133976695423	24.135761309776512	-1.1723726669189105	0.05159948400515995	2.5588865280151367	87	nrefs:1|bs:100000|seed:20260915|case:mixed|eff:yes|nc:6|nw:2|space:no|version:2.6.0	0	1.0
qwen35_lezgi_grammar_original_shot_cheatsheet_txt	qwen35	Lezgi	shot	cheatsheet_txt	grammar	original	chrF2++	25.308133976695423	25.585824849682375	0.27769087298695183	0.2774572254277457	2.9821367263793945	87	nrefs:1|bs:100000|seed:20260915|case:mixed|eff:yes|nc:6|nw:2|space:no|version:2.6.0	0	1.0
qwen35_lezgi_grammar_original_shot_pdfpages_impactful_jpg	qwen35	Lezgi	shot	pdfpages_impactful_jpg	grammar	original	chrF2++	25.308133976695423	23.796895858394425	-1.511238118300998	0.02023979760202398	2.5603179931640625	87	nrefs:1|bs:100000|seed:20260915|case:mixed|eff:yes|nc:6|nw:2|space:no|version:2.6.0	0	1.0
qwen35_lezgi_grammar_original_shot_summary_tables_jpg	qwen35	Lezgi	shot	summary_tables_jpg	grammar	original	chrF2++	25.308133976695423	23.764740748455928	-1.5433932282394949	0.03382966170338297	2.4295434951782227	87	nrefs:1|bs:100000|seed:20260915|case:mixed|eff:yes|nc:6|nw:2|space:no|version:2.6.0	0	1.0
qwen35_lezgi_grammar_original_shot_summary_tables_txt	qwen35	Lezgi	shot	summary_tables_txt	grammar	original	chrF2++	25.308133976695423	26.274603183553292	0.9664692068578695	0.11230887691123088	3.179962158203125	87	nrefs:1|bs:100000|seed:20260915|case:mixed|eff:yes|nc:6|nw:2|space:no|version:2.6.0	0	1.0
qwen35_lezgi_grammar_original_shot_summary_text_txt	qwen35	Lezgi	shot	summary_text_txt	grammar	original	chrF2++	25.308133976695423	24.542172852428283	-0.7659611242671396	0.14291857081429185	2.6889257431030273	87	nrefs:1|bs:100000|seed:20260915|case:mixed|eff:yes|nc:6|nw:2|space:no|version:2.6.0	0	1.0
qwen35_natugu_grammar_original_chain_gloss_cheatsheet_jpg	qwen35	Natugu	chain_gloss	cheatsheet_jpg	grammar	original	BLEU	3.59617520416194	2.5653217429031843	-1.0308534612587557	0.06918930810691894	1.234848544149624	99	nrefs:1|bs:100000|seed:20260915|case:mixed|eff:no|tok:13a|smooth:exp|version:2.6.0	0	1.0
qwen35_natugu_grammar_original_chain_gloss_cheatsheet_txt	qwen35	Natugu	chain_gloss	cheatsheet_txt	grammar	original	BLEU	3.59617520416194	3.1829073465708406	-0.4132678575910993	0.2045079549204508	1.476421514937912	99	nrefs:1|bs:100000|seed:20260915|case:mixed|eff:no|tok:13a|smooth:exp|version:2.6.0	0	1.0
qwen35_natugu_grammar_original_chain_gloss_pdfpages_impactful_jpg	qwen35	Natugu	chain_gloss	pdfpages_impactful_jpg	grammar	original	BLEU	3.59617520416194	3.6998942468805125	0.10371904271857257	0.36228637713622863	1.8193840569852175	99	nrefs:1|bs:100000|seed:20260915|case:mixed|eff:no|tok:13a|smooth:exp|version:2.6.0	0	1.0
qwen35_natugu_grammar_original_chain_gloss_summary_tables_jpg	qwen35	Natugu	chain_gloss	summary_tables_jpg	grammar	original	BLEU	3.59617520416194	1.9845249214375473	-1.6116502827243926	0.011279887201127988	0.8804589032848136	99	nrefs:1|bs:100000|seed:20260915|case:mixed|eff:no|tok:13a|smooth:exp|version:2.6.0	0	1.0
qwen35_natugu_grammar_original_chain_gloss_summary_tables_txt	qwen35	Natugu	chain_gloss	summary_tables_txt	grammar	original	BLEU	3.59617520416194	2.986953376237562	-0.6092218279243777	0.14088859111408886	1.3255805640921197	99	nrefs:1|bs:100000|seed:20260915|case:mixed|eff:no|tok:13a|smooth:exp|version:2.6.0	0	1.0
qwen35_natugu_grammar_original_chain_gloss_summary_text_txt	qwen35	Natugu	chain_gloss	summary_text_txt	grammar	original	BLEU	3.59617520416194	3.3028574574010423	-0.2933177467608976	0.26542734572654275	1.6934829678119319	99	nrefs:1|bs:100000|seed:20260915|case:mixed|eff:no|tok:13a|smooth:exp|version:2.6.0	0	1.0
qwen35_natugu_grammar_original_chain_gloss_cheatsheet_jpg	qwen35	Natugu	chain_gloss	cheatsheet_jpg	grammar	original	chrF2++	19.63990312657481	18.23456121471256	-1.4053419118622514	0.02044979550204498	1.3359918594360352	99	nrefs:1|bs:100000|seed:20260915|case:mixed|eff:yes|nc:6|nw:2|space:no|version:2.6.0	0	1.0
qwen35_natugu_grammar_original_chain_gloss_cheatsheet_txt	qwen35	Natugu	chain_gloss	cheatsheet_txt	grammar	original	chrF2++	19.63990312657481	19.85869960180328	0.21879647522846923	0.27117728822711773	1.402608871459961	99	nrefs:1|bs:100000|seed:20260915|case:mixed|eff:yes|nc:6|nw:2|space:no|version:2.6.0	0	1.0
qwen35_natugu_grammar_original_chain_gloss_pdfpages_impactful_jpg	qwen35	Natugu	chain_gloss	pdfpages_impactful_jpg	grammar	original	chrF2++	19.63990312657481	18.43956907460396	-1.2003340519708523	0.046489535104648955	1.460465431213379	99	nrefs:1|bs:100000|seed:20260915|case:mixed|eff:yes|nc:6|nw:2|space:no|version:2.6.0	0	1.0
qwen35_natugu_grammar_original_chain_gloss_summary_tables_jpg	qwen35	Natugu	chain_gloss	summary_tables_jpg	grammar	original	chrF2++	19.63990312657481	18.391430335287968	-1.2484727912868436	0.033659663403365965	1.1245307922363281	99	nrefs:1|bs:100000|seed:20260915|case:mixed|eff:yes|nc:6|nw:2|space:no|version:2.6.0	0	1.0
qwen35_natugu_grammar_original_chain_gloss_summary_tables_txt	qwen35	Natugu	chain_gloss	summary_tables_txt	grammar	original	chrF2++	19.63990312657481	19.103980126434095	-0.5359230001407163	0.15380846191538083	1.447927474975586	99	nrefs:1|bs:100000|seed:20260915|case:mixed|eff:yes|nc:6|nw:2|space:no|version:2.6.0	0	1.0
qwen35_natugu_grammar_original_chain_gloss_summary_text_txt	qwen35	Natugu	chain_gloss	summary_text_txt	grammar	original	chrF2++	19.63990312657481	19.90956032078498	0.2696571942101684	0.25408745912540875	1.350137710571289	99	nrefs:1|bs:100000|seed:20260915|case:mixed|eff:yes|nc:6|nw:2|space:no|version:2.6.0	0	1.0
qwen35_natugu_grammar_original_modelgloss_cheatsheet_jpg	qwen35	Natugu	modelgloss	cheatsheet_jpg	grammar	original	BLEU	16.550467119535273	15.94658150444271	-0.6038856150925636	0.16884831151688484	3.317855446146579	99	nrefs:1|bs:100000|seed:20260915|case:mixed|eff:no|tok:13a|smooth:exp|version:2.6.0	0	1.0
qwen35_natugu_grammar_original_modelgloss_cheatsheet_txt	qwen35	Natugu	modelgloss	cheatsheet_txt	grammar	original	BLEU	16.550467119535273	16.239063204753915	-0.31140391478135854	0.2920770792292077	3.5764509540314853	99	nrefs:1|bs:100000|seed:20260915|case:mixed|eff:no|tok:13a|smooth:exp|version:2.6.0	0	1.0
qwen35_natugu_grammar_original_modelgloss_pdfpages_impactful_jpg	qwen35	Natugu	modelgloss	pdfpages_impactful_jpg	grammar	original	BLEU	16.550467119535273	16.133708776540193	-0.41675834299508097	0.24201757982420175	3.386746847880871	99	nrefs:1|bs:100000|seed:20260915|case:mixed|eff:no|tok:13a|smooth:exp|version:2.6.0	0	1.0
qwen35_natugu_grammar_original_modelgloss_summary_tables_jpg	qwen35	Natugu	modelgloss	summary_tables_jpg	grammar	original	BLEU	16.550467119535273	14.601978863603627	-1.9484882559316468	0.03913960860391396	3.2709876512564957	99	nrefs:1|bs:100000|seed:20260915|case:mixed|eff:no|tok:13a|smooth:exp|version:2.6.0	0	1.0
qwen35_natugu_grammar_original_modelgloss_summary_tables_txt	qwen35	Natugu	modelgloss	summary_tables_txt	grammar	original	BLEU	16.550467119535273	15.98949759916162	-0.5609695203736536	0.22295777042229578	3.6164133084521817	99	nrefs:1|bs:100000|seed:20260915|case:mixed|eff:no|tok:13a|smooth:exp|version:2.6.0	0	1.0
qwen35_natugu_grammar_original_modelgloss_summary_text_txt	qwen35	Natugu	modelgloss	summary_text_txt	grammar	original	BLEU	16.550467119535273	15.887083943485504	-0.6633831760497699	0.17887821121788783	3.354155043021957	99	nrefs:1|bs:100000|seed:20260915|case:mixed|eff:no|tok:13a|smooth:exp|version:2.6.0	0	1.0
qwen35_natugu_grammar_original_modelgloss_cheatsheet_jpg	qwen35	Natugu	modelgloss	cheatsheet_jpg	grammar	original	chrF2++	41.588945766270044	39.50887491361285	-2.080070852657194	0.001079989200107999	2.8935585021972656	99	nrefs:1|bs:100000|seed:20260915|case:mixed|eff:yes|nc:6|nw:2|space:no|version:2.6.0	0	0.6652733472665273
qwen35_natugu_grammar_original_modelgloss_cheatsheet_txt	qwen35	Natugu	modelgloss	cheatsheet_txt	grammar	original	chrF2++	41.588945766270044	41.04470658234855	-0.5442391839214906	0.17103828961710382	2.84210205078125	99	nrefs:1|bs:100000|seed:20260915|case:mixed|eff:yes|nc:6|nw:2|space:no|version:2.6.0	0	1.0
qwen35_natugu_grammar_original_modelgloss_pdfpages_impactful_jpg	qwen35	Natugu	modelgloss	pdfpages_impactful_jpg	grammar	original	chrF2++	41.588945766270044	40.4542196240957	-1.134726142174344	0.07332926670733293	2.8683929443359375	99	nrefs:1|bs:100000|seed:20260915|case:mixed|eff:yes|nc:6|nw:2|space:no|version:2.6.0	0	1.0
qwen35_natugu_grammar_original_modelgloss_summary_tables_jpg	qwen35	Natugu	modelgloss	summary_tables_jpg	grammar	original	chrF2++	41.588945766270044	39.51857059509607	-2.0703751711739713	0.006169938300616994	2.812746047973633	99	nrefs:1|bs:100000|seed:20260915|case:mixed|eff:yes|nc:6|nw:2|space:no|version:2.6.0	0	1.0
qwen35_natugu_grammar_original_modelgloss_summary_tables_txt	qwen35	Natugu	modelgloss	summary_tables_txt	grammar	original	chrF2++	41.588945766270044	41.19251123855129	-0.3964345277187533	0.23006769932300677	2.9670181274414062	99	nrefs:1|bs:100000|seed:20260915|case:mixed|eff:yes|nc:6|nw:2|space:no|version:2.6.0	0	1.0
qwen35_natugu_grammar_original_modelgloss_summary_text_txt	qwen35	Natugu	modelgloss	summary_text_txt	grammar	original	chrF2++	41.588945766270044	40.31821127781704	-1.2707344884530016	0.05710942890571094	2.7630386352539062	99	nrefs:1|bs:100000|seed:20260915|case:mixed|eff:yes|nc:6|nw:2|space:no|version:2.6.0	0	1.0
qwen35_natugu_grammar_original_shot_cheatsheet_jpg	qwen35	Natugu	shot	cheatsheet_jpg	grammar	original	BLEU	3.5354598651760973	3.1434056151102503	-0.39205425006584704	0.2079079209207908	1.6100468111422495	99	nrefs:1|bs:100000|seed:20260915|case:mixed|eff:no|tok:13a|smooth:exp|version:2.6.0	0	1.0
qwen35_natugu_grammar_original_shot_cheatsheet_txt	qwen35	Natugu	shot	cheatsheet_txt	grammar	original	BLEU	3.5354598651760973	3.822169117771451	0.2867092525953536	0.23410765892341076	1.7052945352457556	99	nrefs:1|bs:100000|seed:20260915|case:mixed|eff:no|tok:13a|smooth:exp|version:2.6.0	0	1.0
qwen35_natugu_grammar_original_shot_pdfpages_impactful_jpg	qwen35	Natugu	shot	pdfpages_impactful_jpg	grammar	original	BLEU	3.5354598651760973	3.9727209932498244	0.4372611280737271	0.25981740182598173	2.3443062980347973	99	nrefs:1|bs:100000|seed:20260915|case:mixed|eff:no|tok:13a|smooth:exp|version:2.6.0	0	1.0
qwen35_natugu_grammar_original_shot_summary_tables_jpg	qwen35	Natugu	shot	summary_tables_jpg	grammar	original	BLEU	3.5354598651760973	2.8141306091542475	-0.7213292560218498	0.13777862221377787	1.5240142399803718	99	nrefs:1|bs:100000|seed:20260915|case:mixed|eff:no|tok:13a|smooth:exp|version:2.6.0	0	1.0
qwen35_natugu_grammar_original_shot_summary_tables_txt	qwen35	Natugu	shot	summary_tables_txt	grammar	original	BLEU	3.5354598651760973	2.5764297351441154	-0.9590301300319819	0.0953290467095329	1.4271761283418316	99	nrefs:1|bs:100000|seed:20260915|case:mixed|eff:no|tok:13a|smooth:exp|version:2.6.0	1	1.0
qwen35_natugu_grammar_original_shot_summary_text_txt	qwen35	Natugu	shot	summary_text_txt	grammar	original	BLEU	3.5354598651760973	4.13656482554835	0.6011049603722523	0.13246867531324688	1.5511333890548844	99	nrefs:1|bs:100000|seed:20260915|case:mixed|eff:no|tok:13a|smooth:exp|version:2.6.0	0	1.0
qwen35_natugu_grammar_original_shot_cheatsheet_jpg	qwen35	Natugu	shot	cheatsheet_jpg	grammar	original	chrF2++	18.81801252260774	17.081493659688523	-1.736518862919219	0.01030989690103099	1.4936718940734863	99	nrefs:1|bs:100000|seed:20260915|case:mixed|eff:yes|nc:6|nw:2|space:no|version:2.6.0	0	1.0
qwen35_natugu_grammar_original_shot_cheatsheet_txt	qwen35	Natugu	shot	cheatsheet_txt	grammar	original	chrF2++	18.81801252260774	19.909237111051716	1.0912245884439749	0.05114948850511495	1.5432157516479492	99	nrefs:1|bs:100000|seed:20260915|case:mixed|eff:yes|nc:6|nw:2|space:no|version:2.6.0	0	1.0
qwen35_natugu_grammar_original_shot_pdfpages_impactful_jpg	qwen35	Natugu	shot	pdfpages_impactful_jpg	grammar	original	chrF2++	18.81801252260774	18.039905397569555	-0.7781071250381864	0.13668863311366886	1.4771661758422852	99	nrefs:1|bs:100000|seed:20260915|case:mixed|eff:yes|nc:6|nw:2|space:no|version:2.6.0	0	1.0
qwen35_natugu_grammar_original_shot_summary_tables_jpg	qwen35	Natugu	shot	summary_tables_jpg	grammar	original	chrF2++	18.81801252260774	17.567357844344436	-1.250654678263306	0.04523954760452396	1.5856571197509766	99	nrefs:1|bs:100000|seed:20260915|case:mixed|eff:yes|nc:6|nw:2|space:no|version:2.6.0	0	1.0
qwen35_natugu_grammar_original_shot_summary_tables_txt	qwen35	Natugu	shot	summary_tables_txt	grammar	original	chrF2++	18.81801252260774	18.731075939833563	-0.08693658277417882	0.35270647293527063	1.4697694778442383	99	nrefs:1|bs:100000|seed:20260915|case:mixed|eff:yes|nc:6|nw:2|space:no|version:2.6.0	1	1.0
qwen35_natugu_grammar_original_shot_summary_text_txt	qwen35	Natugu	shot	summary_text_txt	grammar	original	chrF2++	18.81801252260774	20.07450724272874	1.2564947201209975	0.02826971730282697	1.631422996520996	99	nrefs:1|bs:100000|seed:20260915|case:mixed|eff:yes|nc:6|nw:2|space:no|version:2.6.0	0	1.0
qwen35_tsez_grammar_original_chain_gloss_cheatsheet_jpg	qwen35	Tsez	chain_gloss	cheatsheet_jpg	grammar	original	BLEU	0.8454885360252614	1.2358515573937348	0.39036302136847334	0.06687933120668793	0.6591920884157619	99	nrefs:1|bs:100000|seed:20260915|case:mixed|eff:no|tok:13a|smooth:exp|version:2.6.0	0	1.0
qwen35_tsez_grammar_original_chain_gloss_cheatsheet_txt	qwen35	Tsez	chain_gloss	cheatsheet_txt	grammar	original	BLEU	0.8454885360252614	1.299153932018234	0.4536653959929725	0.10517894821051789	0.5849303207315001	99	nrefs:1|bs:100000|seed:20260915|case:mixed|eff:no|tok:13a|smooth:exp|version:2.6.0	0	1.0
qwen35_tsez_grammar_original_chain_gloss_pdfpages_impactful_jpg	qwen35	Tsez	chain_gloss	pdfpages_impactful_jpg	grammar	original	BLEU	0.8454885360252614	0.7081563418162424	-0.137332194209019	0.16336836631633683	0.24206514176948016	99	nrefs:1|bs:100000|seed:20260915|case:mixed|eff:no|tok:13a|smooth:exp|version:2.6.0	2	1.0
qwen35_tsez_grammar_original_chain_gloss_summary_tables_jpg	qwen35	Tsez	chain_gloss	summary_tables_jpg	grammar	original	BLEU	0.8454885360252614	1.2335969685511725	0.3881084325259111	0.11321886781132189	0.7664009422037247	99	nrefs:1|bs:100000|seed:20260915|case:mixed|eff:no|tok:13a|smooth:exp|version:2.6.0	0	1.0
qwen35_tsez_grammar_original_chain_gloss_summary_tables_txt	qwen35	Tsez	chain_gloss	summary_tables_txt	grammar	original	BLEU	0.8454885360252614	1.2899125352733305	0.4444239992480691	0.12109878901210988	0.7223045565004973	99	nrefs:1|bs:100000|seed:20260915|case:mixed|eff:no|tok:13a|smooth:exp|version:2.6.0	0	1.0
qwen35_tsez_grammar_original_chain_gloss_summary_text_txt	qwen35	Tsez	chain_gloss	summary_text_txt	grammar	original	BLEU	0.8454885360252614	1.10087489868062	0.25538636265535863	0.17856821431785683	0.5634081863151525	99	nrefs:1|bs:100000|seed:20260915|case:mixed|eff:no|tok:13a|smooth:exp|version:2.6.0	0	1.0
qwen35_tsez_grammar_original_chain_gloss_cheatsheet_jpg	qwen35	Tsez	chain_gloss	cheatsheet_jpg	grammar	original	chrF2++	16.63517305918557	15.951664808625871	-0.6835082505596972	0.07010929890701093	1.2657427787780762	99	nrefs:1|bs:100000|seed:20260915|case:mixed|eff:yes|nc:6|nw:2|space:no|version:2.6.0	0	1.0
qwen35_tsez_grammar_original_chain_gloss_cheatsheet_txt	qwen35	Tsez	chain_gloss	cheatsheet_txt	grammar	original	chrF2++	16.63517305918557	18.081497177009425	1.4463241178238562	0.015629843701562986	1.1516838073730469	99	nrefs:1|bs:100000|seed:20260915|case:mixed|eff:yes|nc:6|nw:2|space:no|version:2.6.0	0	1.0
qwen35_tsez_grammar_original_chain_gloss_pdfpages_impactful_jpg	qwen35	Tsez	chain_gloss	pdfpages_impactful_jpg	grammar	original	chrF2++	16.63517305918557	15.473302532550182	-1.1618705266353864	0.05391946080539194	1.3778443336486816	99	nrefs:1|bs:100000|seed:20260915|case:mixed|eff:yes|nc:6|nw:2|space:no|version:2.6.0	2	1.0
qwen35_tsez_grammar_original_chain_gloss_summary_tables_jpg	qwen35	Tsez	chain_gloss	summary_tables_jpg	grammar	original	chrF2++	16.63517305918557	15.412718248511892	-1.2224548106736766	0.009239907600923991	1.1089048385620117	99	nrefs:1|bs:100000|seed:20260915|case:mixed|eff:yes|nc:6|nw:2|space:no|version:2.6.0	0	1.0
qwen35_tsez_grammar_original_chain_gloss_summary_tables_txt	qwen35	Tsez	chain_gloss	summary_tables_txt	grammar	original	chrF2++	16.63517305918557	17.544725027923665	0.9095519687380964	0.037169628303716964	1.1037521362304688	99	nrefs:1|bs:100000|seed:20260915|case:mixed|eff:yes|nc:6|nw:2|space:no|version:2.6.0	0	1.0
qwen35_tsez_grammar_original_chain_gloss_summary_text_txt	qwen35	Tsez	chain_gloss	summary_text_txt	grammar	original	chrF2++	16.63517305918557	17.686750052255334	1.0515769930697658	0.036789632103678964	1.012913703918457	99	nrefs:1|bs:100000|seed:20260915|case:mixed|eff:yes|nc:6|nw:2|space:no|version:2.6.0	0	1.0
qwen35_tsez_grammar_original_modelgloss_cheatsheet_jpg	qwen35	Tsez	modelgloss	cheatsheet_jpg	grammar	original	BLEU	12.96087476439151	11.522891687707032	-1.4379830766844783	0.11908880911190887	2.535117744153572	99	nrefs:1|bs:100000|seed:20260915|case:mixed|eff:no|tok:13a|smooth:exp|version:2.6.0	0	1.0
qwen35_tsez_grammar_original_modelgloss_cheatsheet_txt	qwen35	Tsez	modelgloss	cheatsheet_txt	grammar	original	BLEU	12.96087476439151	10.766704236764806	-2.1941705276267047	0.031639683603163965	2.1469006268223874	99	nrefs:1|bs:100000|seed:20260915|case:mixed|eff:no|tok:13a|smooth:exp|version:2.6.0	0	1.0
qwen35_tsez_grammar_original_modelgloss_pdfpages_impactful_jpg	qwen35	Tsez	modelgloss	pdfpages_impactful_jpg	grammar	original	BLEU	12.96087476439151	11.871291874009822	-1.0895828903816884	0.15139848601513986	2.8073629324293385	99	nrefs:1|bs:100000|seed:20260915|case:mixed|eff:no|tok:13a|smooth:exp|version:2.6.0	0	1.0
qwen35_tsez_grammar_original_modelgloss_summary_tables_jpg	qwen35	Tsez	modelgloss	summary_tables_jpg	grammar	original	BLEU	12.96087476439151	10.77069687113922	-2.19017789325229	0.04366956330436696	2.568661396858988	99	nrefs:1|bs:100000|seed:20260915|case:mixed|eff:no|tok:13a|smooth:exp|version:2.6.0	0	1.0
qwen35_tsez_grammar_original_modelgloss_summary_tables_txt	qwen35	Tsez	modelgloss	summary_tables_txt	grammar	original	BLEU	12.96087476439151	10.224426210986755	-2.736448553404756	0.011009889901100989	2.038053951712806	99	nrefs:1|bs:100000|seed:20260915|case:mixed|eff:no|tok:13a|smooth:exp|version:2.6.0	0	1.0
qwen35_tsez_grammar_original_modelgloss_summary_text_txt	qwen35	Tsez	modelgloss	summary_text_txt	grammar	original	BLEU	12.96087476439151	11.03669664609602	-1.9241781182954902	0.053879461205387946	2.0560188058341646	99	nrefs:1|bs:100000|seed:20260915|case:mixed|eff:no|tok:13a|smooth:exp|version:2.6.0	0	1.0
qwen35_tsez_grammar_original_modelgloss_cheatsheet_jpg	qwen35	Tsez	modelgloss	cheatsheet_jpg	grammar	original	chrF2++	39.722271168557555	37.893724709705424	-1.8285464588521307	0.02885971140288597	2.505308151245117	99	nrefs:1|bs:100000|seed:20260915|case:mixed|eff:yes|nc:6|nw:2|space:no|version:2.6.0	0	1.0
qwen35_tsez_grammar_original_modelgloss_cheatsheet_txt	qwen35	Tsez	modelgloss	cheatsheet_txt	grammar	original	chrF2++	39.722271168557555	39.10749179452249	-0.6147793740350664	0.14328856711432886	2.2419376373291016	99	nrefs:1|bs:100000|seed:20260915|case:mixed|eff:yes|nc:6|nw:2|space:no|version:2.6.0	0	1.0
qwen35_tsez_grammar_original_modelgloss_pdfpages_impactful_jpg	qwen35	Tsez	modelgloss	pdfpages_impactful_jpg	grammar	original	chrF2++	39.722271168557555	37.67307241418181	-2.0491987543757446	0.007419925800741993	2.5191307067871094	99	nrefs:1|bs:100000|seed:20260915|case:mixed|eff:yes|nc:6|nw:2|space:no|version:2.6.0	0	1.0
qwen35_tsez_grammar_original_modelgloss_summary_tables_jpg	qwen35	Tsez	modelgloss	summary_tables_jpg	grammar	original	chrF2++	39.722271168557555	37.26105303054681	-2.461218138010743	0.0017899821001789982	2.6138458251953125	99	nrefs:1|bs:100000|seed:20260915|case:mixed|eff:yes|nc:6|nw:2|space:no|version:2.6.0	0	1.0
qwen35_tsez_grammar_original_modelgloss_summary_tables_txt	qwen35	Tsez	modelgloss	summary_tables_txt	grammar	original	chrF2++	39.722271168557555	39.17940083499767	-0.5428703335598826	0.16232837671623285	2.1112442016601562	99	nrefs:1|bs:100000|seed:20260915|case:mixed|eff:yes|nc:6|nw:2|space:no|version:2.6.0	0	1.0
qwen35_tsez_grammar_original_modelgloss_summary_text_txt	qwen35	Tsez	modelgloss	summary_text_txt	grammar	original	chrF2++	39.722271168557555	39.84839022642062	0.12611905786306465	0.3345966540334597	2.005237579345703	99	nrefs:1|bs:100000|seed:20260915|case:mixed|eff:yes|nc:6|nw:2|space:no|version:2.6.0	0	1.0
qwen35_tsez_grammar_original_shot_cheatsheet_jpg	qwen35	Tsez	shot	cheatsheet_jpg	grammar	original	BLEU	1.2363356086826263	1.6978600779654807	0.4615244692828544	0.14268857311426886	0.9692172741812572	99	nrefs:1|bs:100000|seed:20260915|case:mixed|eff:no|tok:13a|smooth:exp|version:2.6.0	0	1.0
qwen35_tsez_grammar_original_shot_cheatsheet_txt	qwen35	Tsez	shot	cheatsheet_txt	grammar	original	BLEU	1.2363356086826263	1.7696744650613732	0.5333388563787469	0.11981880181198189	0.9405152723071469	99	nrefs:1|bs:100000|seed:20260915|case:mixed|eff:no|tok:13a|smooth:exp|version:2.6.0	0	1.0
qwen35_tsez_grammar_original_shot_pdfpages_impactful_jpg	qwen35	Tsez	shot	pdfpages_impactful_jpg	grammar	original	BLEU	1.2363356086826263	2.4059277676901067	1.1695921590074805	0.06556934430655693	1.409194653466336	99	nrefs:1|bs:100000|seed:20260915|case:mixed|eff:no|tok:13a|smooth:exp|version:2.6.0	0	1.0
qwen35_tsez_grammar_original_shot_summary_tables_jpg	qwen35	Tsez	shot	summary_tables_jpg	grammar	original	BLEU	1.2363356086826263	1.0779353719885052	-0.15840023669412107	0.25030749692503074	0.5834569872631287	99	nrefs:1|bs:100000|seed:20260915|case:mixed|eff:no|tok:13a|smooth:exp|version:2.6.0	0	1.0
qwen35_tsez_grammar_original_shot_summary_tables_txt	qwen35	Tsez	shot	summary_tables_txt	grammar	original	BLEU	1.2363356086826263	0.8642874838091333	-0.3720481248734929	0.12764872351276488	0.25645720772714103	99	nrefs:1|bs:100000|seed:20260915|case:mixed|eff:no|tok:13a|smooth:exp|version:2.6.0	0	1.0
qwen35_tsez_grammar_original_shot_summary_text_txt	qwen35	Tsez	shot	summary_text_txt	grammar	original	BLEU	1.2363356086826263	1.364815531413127	0.12847992273050068	0.2686473135268647	0.6191393049374115	99	nrefs:1|bs:100000|seed:20260915|case:mixed|eff:no|tok:13a|smooth:exp|version:2.6.0	0	1.0
qwen35_tsez_grammar_original_shot_cheatsheet_jpg	qwen35	Tsez	shot	cheatsheet_jpg	grammar	original	chrF2++	17.279522931693762	16.752754317125714	-0.5267686145680486	0.12088879111208888	1.1354093551635742	99	nrefs:1|bs:100000|seed:20260915|case:mixed|eff:yes|nc:6|nw:2|space:no|version:2.6.0	0	1.0
qwen35_tsez_grammar_original_shot_cheatsheet_txt	qwen35	Tsez	shot	cheatsheet_txt	grammar	original	chrF2++	17.279522931693762	18.841395058416076	1.5618721267223137	0.0016599834001659983	1.0312309265136719	99	nrefs:1|bs:100000|seed:20260915|case:mixed|eff:yes|nc:6|nw:2|space:no|version:2.6.0	0	1.0
qwen35_tsez_grammar_original_shot_pdfpages_impactful_jpg	qwen35	Tsez	shot	pdfpages_impactful_jpg	grammar	original	chrF2++	17.279522931693762	17.683888561725215	0.4043656300314531	0.16377836221637784	1.260359764099121	99	nrefs:1|bs:100000|seed:20260915|case:mixed|eff:yes|nc:6|nw:2|space:no|version:2.6.0	0	1.0
qwen35_tsez_grammar_original_shot_summary_tables_jpg	qwen35	Tsez	shot	summary_tables_jpg	grammar	original	chrF2++	17.279522931693762	16.93850305726432	-0.3410198744294419	0.17213827861721384	1.104496955871582	99	nrefs:1|bs:100000|seed:20260915|case:mixed|eff:yes|nc:6|nw:2|space:no|version:2.6.0	0	1.0
qwen35_tsez_grammar_original_shot_summary_tables_txt	qwen35	Tsez	shot	summary_tables_txt	grammar	original	chrF2++	17.279522931693762	18.126115447666468	0.8465925159727057	0.06001939980600194	1.3699960708618164	99	nrefs:1|bs:100000|seed:20260915|case:mixed|eff:yes|nc:6|nw:2|space:no|version:2.6.0	0	1.0
qwen35_tsez_grammar_original_shot_summary_text_txt	qwen35	Tsez	shot	summary_text_txt	grammar	original	chrF2++	17.279522931693762	18.890207670819713	1.6106847391259507	0.004179958200417996	1.2055864334106445	99	nrefs:1|bs:100000|seed:20260915|case:mixed|eff:yes|nc:6|nw:2|space:no|version:2.6.0	0	1.0
qwen3_gitksan_pdf1_brown_original_chain_gloss_cheatsheet_jpg	qwen3	Gitksan	chain_gloss	cheatsheet_jpg	pdf1_brown	original	BLEU	3.7978111582165055	2.7342192858007017	-1.0635918724158038	0.057079429205707945	2.1789718617394325	37	nrefs:1|bs:100000|seed:20260915|case:mixed|eff:no|tok:13a|smooth:exp|version:2.6.0	1	1.0
qwen3_gitksan_pdf1_brown_original_chain_gloss_cheatsheet_txt	qwen3	Gitksan	chain_gloss	cheatsheet_txt	pdf1_brown	original	BLEU	3.7978111582165055	5.454278186415132	1.6564670281986262	0.06732932670673293	3.147750749180176	37	nrefs:1|bs:100000|seed:20260915|case:mixed|eff:no|tok:13a|smooth:exp|version:2.6.0	0	1.0
qwen3_gitksan_pdf1_brown_original_chain_gloss_pdfpages_impactful_jpg	qwen3	Gitksan	chain_gloss	pdfpages_impactful_jpg	pdf1_brown	original	BLEU	3.7978111582165055	4.8344816886610475	1.036670530444542	0.16241837581624183	2.6233708503742084	37	nrefs:1|bs:100000|seed:20260915|case:mixed|eff:no|tok:13a|smooth:exp|version:2.6.0	1	1.0
qwen3_gitksan_pdf1_brown_original_chain_gloss_summary_tables_jpg	qwen3	Gitksan	chain_gloss	summary_tables_jpg	pdf1_brown	original	BLEU	3.7978111582165055	3.1153117525200185	-0.682499405696487	0.10814891851081489	2.1992956806324564	37	nrefs:1|bs:100000|seed:20260915|case:mixed|eff:no|tok:13a|smooth:exp|version:2.6.0	0	1.0
qwen3_gitksan_pdf1_brown_original_chain_gloss_summary_tables_txt	qwen3	Gitksan	chain_gloss	summary_tables_txt	pdf1_brown	original	BLEU	3.7978111582165055	4.290367141278386	0.49255598306188064	0.21488785112148878	2.5371976924636064	37	nrefs:1|bs:100000|seed:20260915|case:mixed|eff:no|tok:13a|smooth:exp|version:2.6.0	1	1.0
qwen3_gitksan_pdf1_brown_original_chain_gloss_summary_text_txt	qwen3	Gitksan	chain_gloss	summary_text_txt	pdf1_brown	original	BLEU	3.7978111582165055	3.6415389128304936	-0.15627224538601192	0.35253647463525367	2.0210863742526968	37	nrefs:1|bs:100000|seed:20260915|case:mixed|eff:no|tok:13a|smooth:exp|version:2.6.0	1	1.0
qwen3_gitksan_pdf2_rigsby_original_chain_gloss_cheatsheet_jpg	qwen3	Gitksan	chain_gloss	cheatsheet_jpg	pdf2_rigsby	original	BLEU	3.7978111582165055	2.593361007316039	-1.2044501509004664	0.02866971330286697	2.0538268097773043	37	nrefs:1|bs:100000|seed:20260915|case:mixed|eff:no|tok:13a|smooth:exp|version:2.6.0	1	1.0
qwen3_gitksan_pdf2_rigsby_original_chain_gloss_cheatsheet_txt	qwen3	Gitksan	chain_gloss	cheatsheet_txt	pdf2_rigsby	original	BLEU	3.7978111582165055	3.579971485740608	-0.2178396724758973	0.2099479005209948	2.2671193257709517	37	nrefs:1|bs:100000|seed:20260915|case:mixed|eff:no|tok:13a|smooth:exp|version:2.6.0	2	1.0
qwen3_gitksan_pdf2_rigsby_original_chain_gloss_pdfpages_impactful_jpg	qwen3	Gitksan	chain_gloss	pdfpages_impactful_jpg	pdf2_rigsby	original	BLEU	3.7978111582165055	3.4097190419859977	-0.38809211623050777	0.23420765792342077	2.4511181343100015	37	nrefs:1|bs:100000|seed:20260915|case:mixed|eff:no|tok:13a|smooth:exp|version:2.6.0	2	1.0
qwen3_gitksan_pdf2_rigsby_original_chain_gloss_summary_tables_jpg	qwen3	Gitksan	chain_gloss	summary_tables_jpg	pdf2_rigsby	original	BLEU	3.7978111582165055	4.338803190630794	0.5409920324142887	0.23633763662363377	2.679176775044985	37	nrefs:1|bs:100000|seed:20260915|case:mixed|eff:no|tok:13a|smooth:exp|version:2.6.0	0	1.0
qwen3_gitksan_pdf2_rigsby_original_chain_gloss_summary_tables_txt	qwen3	Gitksan	chain_gloss	summary_tables_txt	pdf2_rigsby	original	BLEU	3.7978111582165055	4.048822568043751	0.25101140982724557	0.24553754462455377	2.5611059903189575	37	nrefs:1|bs:100000|seed:20260915|case:mixed|eff:no|tok:13a|smooth:exp|version:2.6.0	1	1.0
qwen3_gitksan_pdf2_rigsby_original_chain_gloss_summary_text_txt	qwen3	Gitksan	chain_gloss	summary_text_txt	pdf2_rigsby	original	BLEU	3.7978111582165055	3.1745598204612313	-0.6232513377552742	0.13958860411395885	2.1682938420912636	37	nrefs:1|bs:100000|seed:20260915|case:mixed|eff:no|tok:13a|smooth:exp|version:2.6.0	3	1.0
qwen3_gitksan_pdf1_brown_original_chain_gloss_cheatsheet_jpg	qwen3	Gitksan	chain_gloss	cheatsheet_jpg	pdf1_brown	original	chrF2++	18.111654252001863	18.85761877228018	0.7459645202783172	0.26067739322606776	3.620232582092285	37	nrefs:1|bs:100000|seed:20260915|case:mixed|eff:yes|nc:6|nw:2|space:no|version:2.6.0	1	1.0
qwen3_gitksan_pdf1_brown_original_chain_gloss_cheatsheet_txt	qwen3	Gitksan	chain_gloss	cheatsheet_txt	pdf1_brown	original	chrF2++	18.111654252001863	21.0943620082363	2.9827077562344364	0.05380946190538095	4.003215789794922	37	nrefs:1|bs:100000|seed:20260915|case:mixed|eff:yes|nc:6|nw:2|space:no|version:2.6.0	0	1.0
qwen3_gitksan_pdf1_brown_original_chain_gloss_pdfpages_impactful_jpg	qwen3	Gitksan	chain_gloss	pdfpages_impactful_jpg	pdf1_brown	original	chrF2++	18.111654252001863	20.007958987189582	1.8963047351877194	0.14450855491445086	3.7121639251708984	37	nrefs:1|bs:100000|seed:20260915|case:mixed|eff:yes|nc:6|nw:2|space:no|version:2.6.0	1	1.0
qwen3_gitksan_pdf1_brown_original_chain_gloss_summary_tables_jpg	qwen3	Gitksan	chain_gloss	summary_tables_jpg	pdf1_brown	original	chrF2++	18.111654252001863	20.355841720863623	2.2441874688617602	0.07654923450765493	3.335653305053711	37	nrefs:1|bs:100000|seed:20260915|case:mixed|eff:yes|nc:6|nw:2|space:no|version:2.6.0	0	1.0
qwen3_gitksan_pdf1_brown_original_chain_gloss_summary_tables_txt	qwen3	Gitksan	chain_gloss	summary_tables_txt	pdf1_brown	original	chrF2++	18.111654252001863	20.874246040900772	2.7625917888989093	0.05488945110548894	3.251375198364258	37	nrefs:1|bs:100000|seed:20260915|case:mixed|eff:yes|nc:6|nw:2|space:no|version:2.6.0	1	1.0
qwen3_gitksan_pdf1_brown_original_chain_gloss_summary_text_txt	qwen3	Gitksan	chain_gloss	summary_text_txt	pdf1_brown	original	chrF2++	18.111654252001863	21.108583453073486	2.996929201071623	0.057369426305736944	4.068099021911621	37	nrefs:1|bs:100000|seed:20260915|case:mixed|eff:yes|nc:6|nw:2|space:no|version:2.6.0	1	1.0
qwen3_gitksan_pdf2_rigsby_original_chain_gloss_cheatsheet_jpg	qwen3	Gitksan	chain_gloss	cheatsheet_jpg	pdf2_rigsby	original	chrF2++	18.111654252001863	16.215383915372595	-1.896270336629268	0.12510874891251086	4.038525581359863	37	nrefs:1|bs:100000|seed:20260915|case:mixed|eff:yes|nc:6|nw:2|space:no|version:2.6.0	1	1.0
qwen3_gitksan_pdf2_rigsby_original_chain_gloss_cheatsheet_txt	qwen3	Gitksan	chain_gloss	cheatsheet_txt	pdf2_rigsby	original	chrF2++	18.111654252001863	19.926995841709104	1.8153415897072414	0.11221887781122189	4.681930065155029	37	nrefs:1|bs:100000|seed:20260915|case:mixed|eff:yes|nc:6|nw:2|space:no|version:2.6.0	2	1.0
qwen3_gitksan_pdf2_rigsby_original_chain_gloss_pdfpages_impactful_jpg	qwen3	Gitksan	chain_gloss	pdfpages_impactful_jpg	pdf2_rigsby	original	chrF2++	18.111654252001863	18.19983577726805	0.08818152526618661	0.3948560514394856	4.885586261749268	37	nrefs:1|bs:100000|seed:20260915|case:mixed|eff:yes|nc:6|nw:2|space:no|version:2.6.0	2	1.0
qwen3_gitksan_pdf2_rigsby_original_chain_gloss_summary_tables_jpg	qwen3	Gitksan	chain_gloss	summary_tables_jpg	pdf2_rigsby	original	chrF2++	18.111654252001863	18.87799347518916	0.7663392231872983	0.24211757882421175	4.375748634338379	37	nrefs:1|bs:100000|seed:20260915|case:mixed|eff:yes|nc:6|nw:2|space:no|version:2.6.0	0	1.0
qwen3_gitksan_pdf2_rigsby_original_chain_gloss_summary_tables_txt	qwen3	Gitksan	chain_gloss	summary_tables_txt	pdf2_rigsby	original	chrF2++	18.111654252001863	20.12546993069177	2.013815678689909	0.10551894481055189	4.206707954406738	37	nrefs:1|bs:100000|seed:20260915|case:mixed|eff:yes|nc:6|nw:2|space:no|version:2.6.0	1	1.0
qwen3_gitksan_pdf2_rigsby_original_chain_gloss_summary_text_txt	qwen3	Gitksan	chain_gloss	summary_text_txt	pdf2_rigsby	original	chrF2++	18.111654252001863	19.820223767054987	1.7085695150531244	0.15264847351526484	4.18361234664917	37	nrefs:1|bs:100000|seed:20260915|case:mixed|eff:yes|nc:6|nw:2|space:no|version:2.6.0	3	1.0
qwen3_gitksan_pdf1_brown_original_modelgloss_cheatsheet_jpg	qwen3	Gitksan	modelgloss	cheatsheet_jpg	pdf1_brown	original	BLEU	14.97832538252319	15.496824914527759	0.5184995320045687	0.2938270617293827	4.2823207477905285	37	nrefs:1|bs:100000|seed:20260915|case:mixed|eff:no|tok:13a|smooth:exp|version:2.6.0	0	1.0
qwen3_gitksan_pdf1_brown_original_modelgloss_cheatsheet_txt	qwen3	Gitksan	modelgloss	cheatsheet_txt	pdf1_brown	original	BLEU	14.97832538252319	15.781765789836713	0.8034404073135235	0.2047679523204768	3.984169962905235	37	nrefs:1|bs:100000|seed:20260915|case:mixed|eff:no|tok:13a|smooth:exp|version:2.6.0	0	1.0
qwen3_gitksan_pdf1_brown_original_modelgloss_pdfpages_impactful_jpg	qwen3	Gitksan	modelgloss	pdfpages_impactful_jpg	pdf1_brown	original	BLEU	14.97832538252319	13.219139159214041	-1.7591862233091486	0.11522884771152289	4.247158620337869	37	nrefs:1|bs:100000|seed:20260915|case:mixed|eff:no|tok:13a|smooth:exp|version:2.6.0	0	1.0
qwen3_gitksan_pdf1_brown_original_modelgloss_summary_tables_jpg	qwen3	Gitksan	modelgloss	summary_tables_jpg	pdf1_brown	original	BLEU	14.97832538252319	17.424204296106243	2.445878913583053	0.024199758002419976	4.901278872693753	37	nrefs:1|bs:100000|seed:20260915|case:mixed|eff:no|tok:13a|smooth:exp|version:2.6.0	0	1.0
qwen3_gitksan_pdf1_brown_original_modelgloss_summary_tables_txt	qwen3	Gitksan	modelgloss	summary_tables_txt	pdf1_brown	original	BLEU	14.97832538252319	16.711881328369664	1.733555945846474	0.10369896301036989	4.368540604568697	37	nrefs:1|bs:100000|seed:20260915|case:mixed|eff:no|tok:13a|smooth:exp|version:2.6.0	0	1.0
qwen3_gitksan_pdf1_brown_original_modelgloss_summary_text_txt	qwen3	Gitksan	modelgloss	summary_text_txt	pdf1_brown	original	BLEU	14.97832538252319	17.2418827955647	2.263557413041509	0.08129918700812992	4.625521647252585	37	nrefs:1|bs:100000|seed:20260915|case:mixed|eff:no|tok:13a|smooth:exp|version:2.6.0	0	1.0
qwen3_gitksan_pdf2_rigsby_original_modelgloss_cheatsheet_jpg	qwen3	Gitksan	modelgloss	cheatsheet_jpg	pdf2_rigsby	original	BLEU	14.97832538252319	16.702689610992895	1.724364228469705	0.08345916540834591	4.623968598055948	37	nrefs:1|bs:100000|seed:20260915|case:mixed|eff:no|tok:13a|smooth:exp|version:2.6.0	0	1.0
qwen3_gitksan_pdf2_rigsby_original_modelgloss_cheatsheet_txt	qwen3	Gitksan	modelgloss	cheatsheet_txt	pdf2_rigsby	original	BLEU	14.97832538252319	16.251052871528014	1.272727489004824	0.12559874401255988	4.3425814873578785	37	nrefs:1|bs:100000|seed:20260915|case:mixed|eff:no|tok:13a|smooth:exp|version:2.6.0	0	1.0
qwen3_gitksan_pdf2_rigsby_original_modelgloss_pdfpages_impactful_jpg	qwen3	Gitksan	modelgloss	pdfpages_impactful_jpg	pdf2_rigsby	original	BLEU	14.97832538252319	15.019840886015247	0.04151550349205735	0.4176058239417606	4.023794729143456	37	nrefs:1|bs:100000|seed:20260915|case:mixed|eff:no|tok:13a|smooth:exp|version:2.6.0	0	1.0
qwen3_gitksan_pdf2_rigsby_original_modelgloss_summary_tables_jpg	qwen3	Gitksan	modelgloss	summary_tables_jpg	pdf2_rigsby	original	BLEU	14.97832538252319	15.114774059678398	0.13644867715520803	0.38333616663833364	4.033572824931452	37	nrefs:1|bs:100000|seed:20260915|case:mixed|eff:no|tok:13a|smooth:exp|version:2.6.0	0	1.0
qwen3_gitksan_pdf2_rigsby_original_modelgloss_summary_tables_txt	qwen3	Gitksan	modelgloss	summary_tables_txt	pdf2_rigsby	original	BLEU	14.97832538252319	15.6198010501269	0.6414756676037108	0.1903480965190348	4.353342338100784	37	nrefs:1|bs:100000|seed:20260915|case:mixed|eff:no|tok:13a|smooth:exp|version:2.6.0	0	1.0
qwen3_gitksan_pdf2_rigsby_original_modelgloss_summary_text_txt	qwen3	Gitksan	modelgloss	summary_text_txt	pdf2_rigsby	original	BLEU	14.97832538252319	16.971714905699397	1.9933895231762069	0.07662923370766292	4.2633155803034395	37	nrefs:1|bs:100000|seed:20260915|case:mixed|eff:no|tok:13a|smooth:exp|version:2.6.0	0	1.0
qwen3_gitksan_pdf1_brown_original_modelgloss_cheatsheet_jpg	qwen3	Gitksan	modelgloss	cheatsheet_jpg	pdf1_brown	original	chrF2++	46.10421310786265	46.23290848983231	0.12869538196966346	0.37085629143708565	4.115446090698242	37	nrefs:1|bs:100000|seed:20260915|case:mixed|eff:yes|nc:6|nw:2|space:no|version:2.6.0	0	1.0
qwen3_gitksan_pdf1_brown_original_modelgloss_cheatsheet_txt	qwen3	Gitksan	modelgloss	cheatsheet_txt	pdf1_brown	original	chrF2++	46.10421310786265	47.234876771205236	1.1306636633425882	0.12609873901260987	3.7697906494140625	37	nrefs:1|bs:100000|seed:20260915|case:mixed|eff:yes|nc:6|nw:2|space:no|version:2.6.0	0	1.0
qwen3_gitksan_pdf1_brown_original_modelgloss_pdfpages_impactful_jpg	qwen3	Gitksan	modelgloss	pdfpages_impactful_jpg	pdf1_brown	original	chrF2++	46.10421310786265	43.66668693273653	-2.4375261751261164	0.05075949240507595	4.261171340942383	37	nrefs:1|bs:100000|seed:20260915|case:mixed|eff:yes|nc:6|nw:2|space:no|version:2.6.0	0	1.0
qwen3_gitksan_pdf1_brown_original_modelgloss_summary_tables_jpg	qwen3	Gitksan	modelgloss	summary_tables_jpg	pdf1_brown	original	chrF2++	46.10421310786265	49.22274164355296	3.1185285356903094	0.0013699863001369987	4.046972274780273	37	nrefs:1|bs:100000|seed:20260915|case:mixed|eff:yes|nc:6|nw:2|space:no|version:2.6.0	0	0.8425415745842542
qwen3_gitksan_pdf1_brown_original_modelgloss_summary_tables_txt	qwen3	Gitksan	modelgloss	summary_tables_txt	pdf1_brown	original	chrF2++	46.10421310786265	46.57379018244395	0.46957707458130216	0.24515754842451576	4.219581604003906	37	nrefs:1|bs:100000|seed:20260915|case:mixed|eff:yes|nc:6|nw:2|space:no|version:2.6.0	0	1.0
qwen3_gitksan_pdf1_brown_original_modelgloss_summary_text_txt	qwen3	Gitksan	modelgloss	summary_text_txt	pdf1_brown	original	chrF2++	46.10421310786265	46.52473522851139	0.42052212064874084	0.2609073909260907	3.8776931762695312	37	nrefs:1|bs:100000|seed:20260915|case:mixed|eff:yes|nc:6|nw:2|space:no|version:2.6.0	0	1.0
qwen3_gitksan_pdf2_rigsby_original_modelgloss_cheatsheet_jpg	qwen3	Gitksan	modelgloss	cheatsheet_jpg	pdf2_rigsby	original	chrF2++	46.10421310786265	46.62824814864629	0.5240350407836445	0.22989770102298976	3.740629196166992	37	nrefs:1|bs:100000|seed:20260915|case:mixed|eff:yes|nc:6|nw:2|space:no|version:2.6.0	0	1.0
qwen3_gitksan_pdf2_rigsby_original_modelgloss_cheatsheet_txt	qwen3	Gitksan	modelgloss	cheatsheet_txt	pdf2_rigsby	original	chrF2++	46.10421310786265	46.723769877823045	0.619556769960397	0.19219807801921981	4.392133712768555	37	nrefs:1|bs:100000|seed:20260915|case:mixed|eff:yes|nc:6|nw:2|space:no|version:2.6.0	0	1.0
qwen3_gitksan_pdf2_rigsby_original_modelgloss_pdfpages_impactful_jpg	qwen3	Gitksan	modelgloss	pdfpages_impactful_jpg	pdf2_rigsby	original	chrF2++	46.10421310786265	46.2921366950403	0.18792358717765012	0.35406645933540665	3.8801937103271484	37	nrefs:1|bs:100000|seed:20260915|case:mixed|eff:yes|nc:6|nw:2|space:no|version:2.6.0	0	1.0
qwen3_gitksan_pdf2_rigsby_original_modelgloss_summary_tables_jpg	qwen3	Gitksan	modelgloss	summary_tables_jpg	pdf2_rigsby	original	chrF2++	46.10421310786265	46.926938289530604	0.8227251816679555	0.14835851641483586	3.8227310180664062	37	nrefs:1|bs:100000|seed:20260915|case:mixed|eff:yes|nc:6|nw:2|space:no|version:2.6.0	0	1.0
qwen3_gitksan_pdf2_rigsby_original_modelgloss_summary_tables_txt	qwen3	Gitksan	modelgloss	summary_tables_txt	pdf2_rigsby	original	chrF2++	46.10421310786265	46.41202083240037	0.3078077245377244	0.2780372196278037	4.263050079345703	37	nrefs:1|bs:100000|seed:20260915|case:mixed|eff:yes|nc:6|nw:2|space:no|version:2.6.0	0	1.0
qwen3_gitksan_pdf2_rigsby_original_modelgloss_summary_text_txt	qwen3	Gitksan	modelgloss	summary_text_txt	pdf2_rigsby	original	chrF2++	46.10421310786265	46.916085375174355	0.8118722673117063	0.17471825281747183	4.303382873535156	37	nrefs:1|bs:100000|seed:20260915|case:mixed|eff:yes|nc:6|nw:2|space:no|version:2.6.0	0	1.0
qwen3_gitksan_pdf1_brown_original_shot_cheatsheet_jpg	qwen3	Gitksan	shot	cheatsheet_jpg	pdf1_brown	original	BLEU	4.856615191094912	4.120729237571299	-0.7358859535236126	0.14663853361466386	2.4863954769206678	37	nrefs:1|bs:100000|seed:20260915|case:mixed|eff:no|tok:13a|smooth:exp|version:2.6.0	0	1.0
qwen3_gitksan_pdf1_brown_original_shot_cheatsheet_txt	qwen3	Gitksan	shot	cheatsheet_txt	pdf1_brown	original	BLEU	4.856615191094912	5.143720362358696	0.287105171263784	0.24875751242487576	3.138731635185146	37	nrefs:1|bs:100000|seed:20260915|case:mixed|eff:no|tok:13a|smooth:exp|version:2.6.0	0	1.0
qwen3_gitksan_pdf1_brown_original_shot_pdfpages_impactful_jpg	qwen3	Gitksan	shot	pdfpages_impactful_jpg	pdf1_brown	original	BLEU	4.856615191094912	3.617720855370255	-1.2388943357246571	0.07746922530774693	2.3349163574117835	37	nrefs:1|bs:100000|seed:20260915|case:mixed|eff:no|tok:13a|smooth:exp|version:2.6.0	0	1.0
qwen3_gitksan_pdf1_brown_original_shot_summary_tables_jpg	qwen3	Gitksan	shot	summary_tables_jpg	pdf1_brown	original	BLEU	4.856615191094912	4.2974425242653815	-0.5591726668295305	0.17269827301726984	2.487071682912552	37	nrefs:1|bs:100000|seed:20260915|case:mixed|eff:no|tok:13a|smooth:exp|version:2.6.0	0	1.0
qwen3_gitksan_pdf1_brown_original_shot_summary_tables_txt	qwen3	Gitksan	shot	summary_tables_txt	pdf1_brown	original	BLEU	4.856615191094912	4.76327002258034	-0.09334516851457231	0.3496465035349646	2.4547790914668166	37	nrefs:1|bs:100000|seed:20260915|case:mixed|eff:no|tok:13a|smooth:exp|version:2.6.0	0	1.0
qwen3_gitksan_pdf1_brown_original_shot_summary_text_txt	qwen3	Gitksan	shot	summary_text_txt	pdf1_brown	original	BLEU	4.856615191094912	4.472450820818562	-0.3841643702763502	0.1958580414195858	2.5981407216497177	37	nrefs:1|bs:100000|seed:20260915|case:mixed|eff:no|tok:13a|smooth:exp|version:2.6.0	0	1.0
qwen3_gitksan_pdf2_rigsby_original_shot_cheatsheet_jpg	qwen3	Gitksan	shot	cheatsheet_jpg	pdf2_rigsby	original	BLEU	4.856615191094912	4.190184860795319	-0.6664303302995931	0.16607833921660783	2.5682232854834686	37	nrefs:1|bs:100000|seed:20260915|case:mixed|eff:no|tok:13a|smooth:exp|version:2.6.0	0	1.0
qwen3_gitksan_pdf2_rigsby_original_shot_cheatsheet_txt	qwen3	Gitksan	shot	cheatsheet_txt	pdf2_rigsby	original	BLEU	4.856615191094912	4.238144242168801	-0.6184709489261113	0.17191828081719182	2.404859717777903	37	nrefs:1|bs:100000|seed:20260915|case:mixed|eff:no|tok:13a|smooth:exp|version:2.6.0	0	1.0
qwen3_gitksan_pdf2_rigsby_original_shot_pdfpages_impactful_jpg	qwen3	Gitksan	shot	pdfpages_impactful_jpg	pdf2_rigsby	original	BLEU	4.856615191094912	5.386791251508374	0.5301760604134618	0.2177278227217728	2.744749249966721	37	nrefs:1|bs:100000|seed:20260915|case:mixed|eff:no|tok:13a|smooth:exp|version:2.6.0	0	1.0
qwen3_gitksan_pdf2_rigsby_original_shot_summary_tables_jpg	qwen3	Gitksan	shot	summary_tables_jpg	pdf2_rigsby	original	BLEU	4.856615191094912	4.188124816131172	-0.6684903749637403	0.16331836681633183	2.4813066694894483	37	nrefs:1|bs:100000|seed:20260915|case:mixed|eff:no|tok:13a|smooth:exp|version:2.6.0	0	1.0
qwen3_gitksan_pdf2_rigsby_original_shot_summary_tables_txt	qwen3	Gitksan	shot	summary_tables_txt	pdf2_rigsby	original	BLEU	4.856615191094912	4.50210636261728	-0.3545088284776323	0.1891281087189128	2.5718432035787524	37	nrefs:1|bs:100000|seed:20260915|case:mixed|eff:no|tok:13a|smooth:exp|version:2.6.0	0	1.0
qwen3_gitksan_pdf2_rigsby_original_shot_summary_text_txt	qwen3	Gitksan	shot	summary_text_txt	pdf2_rigsby	original	BLEU	4.856615191094912	4.67054007600683	-0.18607511508808194	0.24540754592454075	2.4954486242011784	37	nrefs:1|bs:100000|seed:20260915|case:mixed|eff:no|tok:13a|smooth:exp|version:2.6.0	0	1.0
qwen3_gitksan_pdf1_brown_original_shot_cheatsheet_jpg	qwen3	Gitksan	shot	cheatsheet_jpg	pdf1_brown	original	chrF2++	22.932749817715877	24.245877699945133	1.3131278822292565	0.12435875641243588	3.273752212524414	37	nrefs:1|bs:100000|seed:20260915|case:mixed|eff:yes|nc:6|nw:2|space:no|version:2.6.0	0	1.0
qwen3_gitksan_pdf1_brown_original_shot_cheatsheet_txt	qwen3	Gitksan	shot	cheatsheet_txt	pdf1_brown	original	chrF2++	22.932749817715877	25.231830751777423	2.2990809340615463	0.03569964300356997	3.5376663208007812	37	nrefs:1|bs:100000|seed:20260915|case:mixed|eff:yes|nc:6|nw:2|space:no|version:2.6.0	0	1.0
qwen3_gitksan_pdf1_brown_original_shot_pdfpages_impactful_jpg	qwen3	Gitksan	shot	pdfpages_impactful_jpg	pdf1_brown	original	chrF2++	22.932749817715877	22.16541529436804	-0.7673345233478379	0.16545834541654583	3.7095584869384766	37	nrefs:1|bs:100000|seed:20260915|case:mixed|eff:yes|nc:6|nw:2|space:no|version:2.6.0	0	1.0
qwen3_gitksan_pdf1_brown_original_shot_summary_tables_jpg	qwen3	Gitksan	shot	summary_tables_jpg	pdf1_brown	original	chrF2++	22.932749817715877	25.081511106936926	2.1487612892210493	0.03026969730302697	3.4556779861450195	37	nrefs:1|bs:100000|seed:20260915|case:mixed|eff:yes|nc:6|nw:2|space:no|version:2.6.0	0	1.0
qwen3_gitksan_pdf1_brown_original_shot_summary_tables_txt	qwen3	Gitksan	shot	summary_tables_txt	pdf1_brown	original	chrF2++	22.932749817715877	25.519665691920952	2.5869158742050757	0.02762972370276297	3.249889373779297	37	nrefs:1|bs:100000|seed:20260915|case:mixed|eff:yes|nc:6|nw:2|space:no|version:2.6.0	0	1.0
qwen3_gitksan_pdf1_brown_original_shot_summary_text_txt	qwen3	Gitksan	shot	summary_text_txt	pdf1_brown	original	chrF2++	22.932749817715877	23.478563757964828	0.5458139402489515	0.22957770422295776	3.4217634201049805	37	nrefs:1|bs:100000|seed:20260915|case:mixed|eff:yes|nc:6|nw:2|space:no|version:2.6.0	0	1.0
qwen3_gitksan_pdf2_rigsby_original_shot_cheatsheet_jpg	qwen3	Gitksan	shot	cheatsheet_jpg	pdf2_rigsby	original	chrF2++	22.932749817715877	24.468913895630113	1.5361640779142363	0.10934890651093489	3.3454456329345703	37	nrefs:1|bs:100000|seed:20260915|case:mixed|eff:yes|nc:6|nw:2|space:no|version:2.6.0	0	1.0
qwen3_gitksan_pdf2_rigsby_original_shot_cheatsheet_txt	qwen3	Gitksan	shot	cheatsheet_txt	pdf2_rigsby	original	chrF2++	22.932749817715877	23.69415712863964	0.7614073109237651	0.16872831271687283	3.238968849182129	37	nrefs:1|bs:100000|seed:20260915|case:mixed|eff:yes|nc:6|nw:2|space:no|version:2.6.0	0	1.0
qwen3_gitksan_pdf2_rigsby_original_shot_pdfpages_impactful_jpg	qwen3	Gitksan	shot	pdfpages_impactful_jpg	pdf2_rigsby	original	chrF2++	22.932749817715877	24.549438638233497	1.61668882051762	0.13171868281317187	3.511624336242676	37	nrefs:1|bs:100000|seed:20260915|case:mixed|eff:yes|nc:6|nw:2|space:no|version:2.6.0	0	1.0
qwen3_gitksan_pdf2_rigsby_original_shot_summary_tables_jpg	qwen3	Gitksan	shot	summary_tables_jpg	pdf2_rigsby	original	chrF2++	22.932749817715877	24.31769209208719	1.384942274371312	0.0921890781092189	3.253645896911621	37	nrefs:1|bs:100000|seed:20260915|case:mixed|eff:yes|nc:6|nw:2|space:no|version:2.6.0	0	1.0
qwen3_gitksan_pdf2_rigsby_original_shot_summary_tables_txt	qwen3	Gitksan	shot	summary_tables_txt	pdf2_rigsby	original	chrF2++	22.932749817715877	24.173447827539643	1.2406980098237668	0.07950920490795092	3.2769575119018555	37	nrefs:1|bs:100000|seed:20260915|case:mixed|eff:yes|nc:6|nw:2|space:no|version:2.6.0	0	1.0
qwen3_gitksan_pdf2_rigsby_original_shot_summary_text_txt	qwen3	Gitksan	shot	summary_text_txt	pdf2_rigsby	original	chrF2++	22.932749817715877	24.614806756414765	1.6820569386988886	0.06362936370636293	3.6561450958251953	37	nrefs:1|bs:100000|seed:20260915|case:mixed|eff:yes|nc:6|nw:2|space:no|version:2.6.0	0	1.0
qwen3_lezgi_grammar_cyrillic_chain_gloss_cheatsheet_jpg	qwen3	Lezgi	chain_gloss	cheatsheet_jpg	grammar	cyrillic	BLEU	4.219373361487495	3.2543596350854584	-0.9650137264020366	0.12163878361216388	1.983783995667514	87	nrefs:1|bs:100000|seed:20260915|case:mixed|eff:no|tok:13a|smooth:exp|version:2.6.0	1	1.0
qwen3_lezgi_grammar_cyrillic_chain_gloss_cheatsheet_txt	qwen3	Lezgi	chain_gloss	cheatsheet_txt	grammar	cyrillic	BLEU	4.219373361487495	4.113592085755468	-0.10578127573202689	0.33667663323366764	2.2965130035459946	87	nrefs:1|bs:100000|seed:20260915|case:mixed|eff:no|tok:13a|smooth:exp|version:2.6.0	1	1.0
qwen3_lezgi_grammar_cyrillic_chain_gloss_summary_tables_jpg	qwen3	Lezgi	chain_gloss	summary_tables_jpg	grammar	cyrillic	BLEU	4.219373361487495	2.9141499413123384	-1.3052234201751567	0.07990920090799092	1.9043018084418093	87	nrefs:1|bs:100000|seed:20260915|case:mixed|eff:no|tok:13a|smooth:exp|version:2.6.0	0	1.0
qwen3_lezgi_grammar_cyrillic_chain_gloss_summary_tables_txt	qwen3	Lezgi	chain_gloss	summary_tables_txt	grammar	cyrillic	BLEU	4.219373361487495	4.15777874465707	-0.06159461683042533	0.29572704272957273	2.083347880159841	87	nrefs:1|bs:100000|seed:20260915|case:mixed|eff:no|tok:13a|smooth:exp|version:2.6.0	1	1.0
qwen3_lezgi_grammar_cyrillic_chain_gloss_summary_text_txt	qwen3	Lezgi	chain_gloss	summary_text_txt	grammar	cyrillic	BLEU	4.219373361487495	4.369857416531596	0.15048405504410134	0.2839571604283957	2.0940914728600806	87	nrefs:1|bs:100000|seed:20260915|case:mixed|eff:no|tok:13a|smooth:exp|version:2.6.0	1	1.0
qwen3_lezgi_grammar_original_chain_gloss_cheatsheet_jpg	qwen3	Lezgi	chain_gloss	cheatsheet_jpg	grammar	original	BLEU	4.219373361487495	4.09722377285573	-0.12214958863176495	0.35784642153578466	2.262715980641444	87	nrefs:1|bs:100000|seed:20260915|case:mixed|eff:no|tok:13a|smooth:exp|version:2.6.0	1	1.0
qwen3_lezgi_grammar_original_chain_gloss_cheatsheet_txt	qwen3	Lezgi	chain_gloss	cheatsheet_txt	grammar	original	BLEU	4.219373361487495	3.796304105152238	-0.42306925633525694	0.22143778562214378	2.1639194093455107	87	nrefs:1|bs:100000|seed:20260915|case:mixed|eff:no|tok:13a|smooth:exp|version:2.6.0	0	1.0
qwen3_lezgi_grammar_original_chain_gloss_pdfpages_impactful_jpg	qwen3	Lezgi	chain_gloss	pdfpages_impactful_jpg	grammar	original	BLEU	4.219373361487495	3.5825494290123685	-0.6368239324751266	0.18128818711812883	2.111903593221436	87	nrefs:1|bs:100000|seed:20260915|case:mixed|eff:no|tok:13a|smooth:exp|version:2.6.0	1	1.0
qwen3_lezgi_grammar_original_chain_gloss_summary_tables_jpg	qwen3	Lezgi	chain_gloss	summary_tables_jpg	grammar	original	BLEU	4.219373361487495	3.5019062643585652	-0.7174670971289299	0.16586834131658684	2.0835723464366946	87	nrefs:1|bs:100000|seed:20260915|case:mixed|eff:no|tok:13a|smooth:exp|version:2.6.0	0	1.0
qwen3_lezgi_grammar_original_chain_gloss_summary_tables_txt	qwen3	Lezgi	chain_gloss	summary_tables_txt	grammar	original	BLEU	4.219373361487495	4.012888341618107	-0.20648501986938772	0.31951680483195166	2.111565379892866	87	nrefs:1|bs:100000|seed:20260915|case:mixed|eff:no|tok:13a|smooth:exp|version:2.6.0	0	1.0
qwen3_lezgi_grammar_original_chain_gloss_summary_text_txt	qwen3	Lezgi	chain_gloss	summary_text_txt	grammar	original	BLEU	4.219373361487495	3.935674868652887	-0.283698492834608	0.27499725002749975	2.080387180918291	87	nrefs:1|bs:100000|seed:20260915|case:mixed|eff:no|tok:13a|smooth:exp|version:2.6.0	0	1.0
qwen3_lezgi_grammar_cyrillic_chain_gloss_cheatsheet_jpg	qwen3	Lezgi	chain_gloss	cheatsheet_jpg	grammar	cyrillic	chrF2++	19.20508273372282	17.622791187384557	-1.5822915463382614	0.05159948400515995	2.473466396331787	87	nrefs:1|bs:100000|seed:20260915|case:mixed|eff:yes|nc:6|nw:2|space:no|version:2.6.0	1	1.0
qwen3_lezgi_grammar_cyrillic_chain_gloss_cheatsheet_txt	qwen3	Lezgi	chain_gloss	cheatsheet_txt	grammar	cyrillic	chrF2++	19.20508273372282	20.084124480168516	0.8790417464456972	0.12401875981240187	2.53987979888916	87	nrefs:1|bs:100000|seed:20260915|case:mixed|eff:yes|nc:6|nw:2|space:no|version:2.6.0	1	1.0
qwen3_lezgi_grammar_cyrillic_chain_gloss_summary_tables_jpg	qwen3	Lezgi	chain_gloss	summary_tables_jpg	grammar	cyrillic	chrF2++	19.20508273372282	17.256065570950142	-1.9490171627726767	0.01923980760192398	2.11002254486084	87	nrefs:1|bs:100000|seed:20260915|case:mixed|eff:yes|nc:6|nw:2|space:no|version:2.6.0	0	1.0
qwen3_lezgi_grammar_cyrillic_chain_gloss_summary_tables_txt	qwen3	Lezgi	chain_gloss	summary_tables_txt	grammar	cyrillic	chrF2++	19.20508273372282	19.53544081768462	0.33035808396180144	0.23465765342346576	2.1820573806762695	87	nrefs:1|bs:100000|seed:20260915|case:mixed|eff:yes|nc:6|nw:2|space:no|version:2.6.0	1	1.0
qwen3_lezgi_grammar_cyrillic_chain_gloss_summary_text_txt	qwen3	Lezgi	chain_gloss	summary_text_txt	grammar	cyrillic	chrF2++	19.20508273372282	19.823850686179366	0.6187679524565475	0.14493855061449384	2.0563106536865234	87	nrefs:1|bs:100000|seed:20260915|case:mixed|eff:yes|nc:6|nw:2|space:no|version:2.6.0	1	1.0
qwen3_lezgi_grammar_original_chain_gloss_cheatsheet_jpg	qwen3	Lezgi	chain_gloss	cheatsheet_jpg	grammar	original	chrF2++	19.20508273372282	17.689185610860882	-1.5158971228619365	0.06245937540624594	2.3427529335021973	87	nrefs:1|bs:100000|seed:20260915|case:mixed|eff:yes|nc:6|nw:2|space:no|version:2.6.0	1	1.0
qwen3_lezgi_grammar_original_chain_gloss_cheatsheet_txt	qwen3	Lezgi	chain_gloss	cheatsheet_txt	grammar	original	chrF2++	19.20508273372282	20.16786826840756	0.9627855346847412	0.12661873381266187	2.3081588745117188	87	nrefs:1|bs:100000|seed:20260915|case:mixed|eff:yes|nc:6|nw:2|space:no|version:2.6.0	0	1.0
qwen3_lezgi_grammar_original_chain_gloss_pdfpages_impactful_jpg	qwen3	Lezgi	chain_gloss	pdfpages_impactful_jpg	grammar	original	chrF2++	19.20508273372282	17.582585234199026	-1.6224974995237922	0.03897961020389796	2.1115074157714844	87	nrefs:1|bs:100000|seed:20260915|case:mixed|eff:yes|nc:6|nw:2|space:no|version:2.6.0	1	1.0
qwen3_lezgi_grammar_original_chain_gloss_summary_tables_jpg	qwen3	Lezgi	chain_gloss	summary_tables_jpg	grammar	original	chrF2++	19.20508273372282	17.694813377192	-1.51026935653082	0.057679423205767945	2.4170541763305664	87	nrefs:1|bs:100000|seed:20260915|case:mixed|eff:yes|nc:6|nw:2|space:no|version:2.6.0	0	1.0
qwen3_lezgi_grammar_original_chain_gloss_summary_tables_txt	qwen3	Lezgi	chain_gloss	summary_tables_txt	grammar	original	chrF2++	19.20508273372282	20.117021990298483	0.9119392565756641	0.15845841541584585	2.2752866744995117	87	nrefs:1|bs:100000|seed:20260915|case:mixed|eff:yes|nc:6|nw:2|space:no|version:2.6.0	0	1.0
qwen3_lezgi_grammar_original_chain_gloss_summary_text_txt	qwen3	Lezgi	chain_gloss	summary_text_txt	grammar	original	chrF2++	19.20508273372282	20.7596225620138	1.5545398282909808	0.04228957710422896	2.2633304595947266	87	nrefs:1|bs:100000|seed:20260915|case:mixed|eff:yes|nc:6|nw:2|space:no|version:2.6.0	0	1.0
qwen3_lezgi_grammar_cyrillic_modelgloss_cheatsheet_jpg	qwen3	Lezgi	modelgloss	cheatsheet_jpg	grammar	cyrillic	BLEU	8.713760126430254	9.667745160607884	0.9539850341776308	0.050809491905080946	3.1575182159875115	87	nrefs:1|bs:100000|seed:20260915|case:mixed|eff:no|tok:13a|smooth:exp|version:2.6.0	0	1.0
qwen3_lezgi_grammar_cyrillic_modelgloss_cheatsheet_txt	qwen3	Lezgi	modelgloss	cheatsheet_txt	grammar	cyrillic	BLEU	8.713760126430254	8.276593623170923	-0.4371665032593306	0.17875821241787582	2.6863376808228145	87	nrefs:1|bs:100000|seed:20260915|case:mixed|eff:no|tok:13a|smooth:exp|version:2.6.0	0	1.0
qwen3_lezgi_grammar_cyrillic_modelgloss_summary_tables_jpg	qwen3	Lezgi	modelgloss	summary_tables_jpg	grammar	cyrillic	BLEU	8.713760126430254	9.89898915574916	1.185229029318906	0.051999480005199945	3.2875688846331026	87	nrefs:1|bs:100000|seed:20260915|case:mixed|eff:no|tok:13a|smooth:exp|version:2.6.0	0	1.0
qwen3_lezgi_grammar_cyrillic_modelgloss_summary_tables_txt	qwen3	Lezgi	modelgloss	summary_tables_txt	grammar	cyrillic	BLEU	8.713760126430254	8.08121427019333	-0.6325458562369235	0.0917390826091739	2.9787137826918966	87	nrefs:1|bs:100000|seed:20260915|case:mixed|eff:no|tok:13a|smooth:exp|version:2.6.0	0	1.0
qwen3_lezgi_grammar_cyrillic_modelgloss_summary_text_txt	qwen3	Lezgi	modelgloss	summary_text_txt	grammar	cyrillic	BLEU	8.713760126430254	8.885976149883694	0.17221602345344067	0.3262867371326287	2.7417335346456846	87	nrefs:1|bs:100000|seed:20260915|case:mixed|eff:no|tok:13a|smooth:exp|version:2.6.0	0	1.0
qwen3_lezgi_grammar_original_modelgloss_cheatsheet_jpg	qwen3	Lezgi	modelgloss	cheatsheet_jpg	grammar	original	BLEU	8.713760126430254	8.367548478115973	-0.34621164831428075	0.2798172018279817	2.502039092295964	87	nrefs:1|bs:100000|seed:20260915|case:mixed|eff:no|tok:13a|smooth:exp|version:2.6.0	0	1.0
qwen3_lezgi_grammar_original_modelgloss_cheatsheet_txt	qwen3	Lezgi	modelgloss	cheatsheet_txt	grammar	original	BLEU	8.713760126430254	8.757857984751361	0.04409785832110735	0.3995860041399586	2.823521604173982	87	nrefs:1|bs:100000|seed:20260915|case:mixed|eff:no|tok:13a|smooth:exp|version:2.6.0	0	1.0
qwen3_lezgi_grammar_original_modelgloss_pdfpages_impactful_jpg	qwen3	Lezgi	modelgloss	pdfpages_impactful_jpg	grammar	original	BLEU	8.713760126430254	9.726637271310965	1.0128771448807115	0.04914950850491495	3.32219764533271	87	nrefs:1|bs:100000|seed:20260915|case:mixed|eff:no|tok:13a|smooth:exp|version:2.6.0	0	1.0
qwen3_lezgi_grammar_original_modelgloss_summary_tables_jpg	qwen3	Lezgi	modelgloss	summary_tables_jpg	grammar	original	BLEU	8.713760126430254	9.613309995891663	0.8995498694614099	0.10880891191088089	3.1928059936354503	87	nrefs:1|bs:100000|seed:20260915|case:mixed|eff:no|tok:13a|smooth:exp|version:2.6.0	1	1.0
qwen3_lezgi_grammar_original_modelgloss_summary_tables_txt	qwen3	Lezgi	modelgloss	summary_tables_txt	grammar	original	BLEU	8.713760126430254	8.309168139479048	-0.40459198695120513	0.17673823261767382	2.8761273977160546	87	nrefs:1|bs:100000|seed:20260915|case:mixed|eff:no|tok:13a|smooth:exp|version:2.6.0	0	1.0
qwen3_lezgi_grammar_original_modelgloss_summary_text_txt	qwen3	Lezgi	modelgloss	summary_text_txt	grammar	original	BLEU	8.713760126430254	8.636674617831147	-0.07708550859910623	0.35280647193528064	2.8680306361788213	87	nrefs:1|bs:100000|seed:20260915|case:mixed|eff:no|tok:13a|smooth:exp|version:2.6.0	0	1.0
qwen3_lezgi_grammar_cyrillic_modelgloss_cheatsheet_jpg	qwen3	Lezgi	modelgloss	cheatsheet_jpg	grammar	cyrillic	chrF2++	34.69326695560341	33.82656233140829	-0.8667046241951226	0.15378846211537886	3.1191024780273438	87	nrefs:1|bs:100000|seed:20260915|case:mixed|eff:yes|nc:6|nw:2|space:no|version:2.6.0	0	1.0
qwen3_lezgi_grammar_cyrillic_modelgloss_cheatsheet_txt	qwen3	Lezgi	modelgloss	cheatsheet_txt	grammar	cyrillic	chrF2++	34.69326695560341	35.56222468583014	0.8689577302267253	0.12557874421255788	2.5555667877197266	87	nrefs:1|bs:100000|seed:20260915|case:mixed|eff:yes|nc:6|nw:2|space:no|version:2.6.0	0	1.0
qwen3_lezgi_grammar_cyrillic_modelgloss_summary_tables_jpg	qwen3	Lezgi	modelgloss	summary_tables_jpg	grammar	cyrillic	chrF2++	34.69326695560341	34.34060289817175	-0.3526640574316602	0.25540744592554077	3.120211601257324	87	nrefs:1|bs:100000|seed:20260915|case:mixed|eff:yes|nc:6|nw:2|space:no|version:2.6.0	0	1.0
qwen3_lezgi_grammar_cyrillic_modelgloss_summary_tables_txt	qwen3	Lezgi	modelgloss	summary_tables_txt	grammar	cyrillic	chrF2++	34.69326695560341	36.10240322091209	1.4091362653086748	0.03989960100398996	2.5647811889648438	87	nrefs:1|bs:100000|seed:20260915|case:mixed|eff:yes|nc:6|nw:2|space:no|version:2.6.0	0	1.0
qwen3_lezgi_grammar_cyrillic_modelgloss_summary_text_txt	qwen3	Lezgi	modelgloss	summary_text_txt	grammar	cyrillic	chrF2++	34.69326695560341	36.24502626544228	1.5517593098388645	0.05074949250507495	2.793001174926758	87	nrefs:1|bs:100000|seed:20260915|case:mixed|eff:yes|nc:6|nw:2|space:no|version:2.6.0	0	1.0
qwen3_lezgi_grammar_original_modelgloss_cheatsheet_jpg	qwen3	Lezgi	modelgloss	cheatsheet_jpg	grammar	original	chrF2++	34.69326695560341	34.58058498493556	-0.11268197066785035	0.36407635923640763	2.828005790710449	87	nrefs:1|bs:100000|seed:20260915|case:mixed|eff:yes|nc:6|nw:2|space:no|version:2.6.0	0	1.0
qwen3_lezgi_grammar_original_modelgloss_cheatsheet_txt	qwen3	Lezgi	modelgloss	cheatsheet_txt	grammar	original	chrF2++	34.69326695560341	35.59752326328836	0.9042563076849461	0.13535864641353587	2.623842239379883	87	nrefs:1|bs:100000|seed:20260915|case:mixed|eff:yes|nc:6|nw:2|space:no|version:2.6.0	0	1.0
qwen3_lezgi_grammar_original_modelgloss_pdfpages_impactful_jpg	qwen3	Lezgi	modelgloss	pdfpages_impactful_jpg	grammar	original	chrF2++	34.69326695560341	34.653278048851035	-0.03998890675237732	0.4022259777402226	3.49796199798584	87	nrefs:1|bs:100000|seed:20260915|case:mixed|eff:yes|nc:6|nw:2|space:no|version:2.6.0	0	1.0
qwen3_lezgi_grammar_original_modelgloss_summary_tables_jpg	qwen3	Lezgi	modelgloss	summary_tables_jpg	grammar	original	chrF2++	34.69326695560341	33.52655913216459	-1.16670782343882	0.12575874241257587	3.2023324966430664	87	nrefs:1|bs:100000|seed:20260915|case:mixed|eff:yes|nc:6|nw:2|space:no|version:2.6.0	1	1.0
qwen3_lezgi_grammar_original_modelgloss_summary_tables_txt	qwen3	Lezgi	modelgloss	summary_tables_txt	grammar	original	chrF2++	34.69326695560341	35.583246504767565	0.8899795491641527	0.11187888121118789	2.509103775024414	87	nrefs:1|bs:100000|seed:20260915|case:mixed|eff:yes|nc:6|nw:2|space:no|version:2.6.0	0	1.0
qwen3_lezgi_grammar_original_modelgloss_summary_text_txt	qwen3	Lezgi	modelgloss	summary_text_txt	grammar	original	chrF2++	34.69326695560341	36.0869926046227	1.393725649019288	0.04706952930470695	2.6248435974121094	87	nrefs:1|bs:100000|seed:20260915|case:mixed|eff:yes|nc:6|nw:2|space:no|version:2.6.0	0	1.0
qwen3_lezgi_grammar_cyrillic_shot_cheatsheet_jpg	qwen3	Lezgi	shot	cheatsheet_jpg	grammar	cyrillic	BLEU	3.89488268735534	3.818937141380001	-0.07594554597533909	0.31238687613123867	2.086580005857381	87	nrefs:1|bs:100000|seed:20260915|case:mixed|eff:no|tok:13a|smooth:exp|version:2.6.0	5	1.0
qwen3_lezgi_grammar_cyrillic_shot_cheatsheet_txt	qwen3	Lezgi	shot	cheatsheet_txt	grammar	cyrillic	BLEU	3.89488268735534	3.963612074183648	0.06872938682830787	0.36251637483625165	1.9627483115908706	87	nrefs:1|bs:100000|seed:20260915|case:mixed|eff:no|tok:13a|smooth:exp|version:2.6.0	0	1.0
qwen3_lezgi_grammar_cyrillic_shot_summary_tables_jpg	qwen3	Lezgi	shot	summary_tables_jpg	grammar	cyrillic	BLEU	3.89488268735534	3.6727399602892534	-0.22214272706608673	0.2072779272207278	2.0275699708359625	87	nrefs:1|bs:100000|seed:20260915|case:mixed|eff:no|tok:13a|smooth:exp|version:2.6.0	5	1.0
qwen3_lezgi_grammar_cyrillic_shot_summary_tables_txt	qwen3	Lezgi	shot	summary_tables_txt	grammar	cyrillic	BLEU	3.89488268735534	4.0271917551583405	0.13230906780300034	0.25420745792542077	1.9321674976657734	87	nrefs:1|bs:100000|seed:20260915|case:mixed|eff:no|tok:13a|smooth:exp|version:2.6.0	1	1.0
qwen3_lezgi_grammar_cyrillic_shot_summary_text_txt	qwen3	Lezgi	shot	summary_text_txt	grammar	cyrillic	BLEU	3.89488268735534	3.7511627647156756	-0.1437199226396646	0.3003769962300377	1.9319816469171895	87	nrefs:1|bs:100000|seed:20260915|case:mixed|eff:no|tok:13a|smooth:exp|version:2.6.0	0	1.0
qwen3_lezgi_grammar_original_shot_cheatsheet_jpg	qwen3	Lezgi	shot	cheatsheet_jpg	grammar	original	BLEU	3.89488268735534	3.855910416660919	-0.03897227069442133	0.3381866181338187	1.96902227029241	87	nrefs:1|bs:100000|seed:20260915|case:mixed|eff:no|tok:13a|smooth:exp|version:2.6.0	1	1.0
qwen3_lezgi_grammar_original_shot_cheatsheet_txt	qwen3	Lezgi	shot	cheatsheet_txt	grammar	original	BLEU	3.89488268735534	4.021255002891024	0.12637231553568418	0.2888771112288877	1.8766501198241234	87	nrefs:1|bs:100000|seed:20260915|case:mixed|eff:no|tok:13a|smooth:exp|version:2.6.0	1	1.0
qwen3_lezgi_grammar_original_shot_pdfpages_impactful_jpg	qwen3	Lezgi	shot	pdfpages_impactful_jpg	grammar	original	BLEU	3.89488268735534	2.8025231462295674	-1.0923595411257727	0.057539424605753946	1.7416061784820653	87	nrefs:1|bs:100000|seed:20260915|case:mixed|eff:no|tok:13a|smooth:exp|version:2.6.0	5	1.0
qwen3_lezgi_grammar_original_shot_summary_tables_jpg	qwen3	Lezgi	shot	summary_tables_jpg	grammar	original	BLEU	3.89488268735534	3.7011215407576943	-0.19376114659764587	0.21923780762192377	2.00383448984894	87	nrefs:1|bs:100000|seed:20260915|case:mixed|eff:no|tok:13a|smooth:exp|version:2.6.0	2	1.0
qwen3_lezgi_grammar_original_shot_summary_tables_txt	qwen3	Lezgi	shot	summary_tables_txt	grammar	original	BLEU	3.89488268735534	3.5200818522631288	-0.3748008350922114	0.05501944980550195	1.794207777690156	87	nrefs:1|bs:100000|seed:20260915|case:mixed|eff:no|tok:13a|smooth:exp|version:2.6.0	0	1.0
qwen3_lezgi_grammar_original_shot_summary_text_txt	qwen3	Lezgi	shot	summary_text_txt	grammar	original	BLEU	3.89488268735534	3.5268608189844706	-0.3680218683708696	0.17341826581734182	1.9496770014729652	87	nrefs:1|bs:100000|seed:20260915|case:mixed|eff:no|tok:13a|smooth:exp|version:2.6.0	0	1.0
qwen3_lezgi_grammar_cyrillic_shot_cheatsheet_jpg	qwen3	Lezgi	shot	cheatsheet_jpg	grammar	cyrillic	chrF2++	19.83491529990774	18.077762535577307	-1.7571527643304314	0.02261977380226198	2.2174062728881836	87	nrefs:1|bs:100000|seed:20260915|case:mixed|eff:yes|nc:6|nw:2|space:no|version:2.6.0	5	1.0
qwen3_lezgi_grammar_cyrillic_shot_cheatsheet_txt	qwen3	Lezgi	shot	cheatsheet_txt	grammar	cyrillic	chrF2++	19.83491529990774	19.692876845519432	-0.14203845438830598	0.3125868741312587	1.9876346588134766	87	nrefs:1|bs:100000|seed:20260915|case:mixed|eff:yes|nc:6|nw:2|space:no|version:2.6.0	0	1.0
qwen3_lezgi_grammar_cyrillic_shot_summary_tables_jpg	qwen3	Lezgi	shot	summary_tables_jpg	grammar	cyrillic	chrF2++	19.83491529990774	18.693899837428315	-1.141015462479423	0.055279447205527944	2.047130584716797	87	nrefs:1|bs:100000|seed:20260915|case:mixed|eff:yes|nc:6|nw:2|space:no|version:2.6.0	5	1.0
qwen3_lezgi_grammar_cyrillic_shot_summary_tables_txt	qwen3	Lezgi	shot	summary_tables_txt	grammar	cyrillic	chrF2++	19.83491529990774	19.888715944810578	0.05380064490283942	0.36780632193678064	2.2845115661621094	87	nrefs:1|bs:100000|seed:20260915|case:mixed|eff:yes|nc:6|nw:2|space:no|version:2.6.0	1	1.0
qwen3_lezgi_grammar_cyrillic_shot_summary_text_txt	qwen3	Lezgi	shot	summary_text_txt	grammar	cyrillic	chrF2++	19.83491529990774	20.15258135956631	0.31766605965857053	0.22582774172258277	1.9619922637939453	87	nrefs:1|bs:100000|seed:20260915|case:mixed|eff:yes|nc:6|nw:2|space:no|version:2.6.0	0	1.0
qwen3_lezgi_grammar_original_shot_cheatsheet_jpg	qwen3	Lezgi	shot	cheatsheet_jpg	grammar	original	chrF2++	19.83491529990774	19.68280591399238	-0.1521093859153595	0.29274707252927473	2.225213050842285	87	nrefs:1|bs:100000|seed:20260915|case:mixed|eff:yes|nc:6|nw:2|space:no|version:2.6.0	1	1.0
qwen3_lezgi_grammar_original_shot_cheatsheet_txt	qwen3	Lezgi	shot	cheatsheet_txt	grammar	original	chrF2++	19.83491529990774	19.468645898272985	-0.36626940163475297	0.1849881501184988	2.03604793548584	87	nrefs:1|bs:100000|seed:20260915|case:mixed|eff:yes|nc:6|nw:2|space:no|version:2.6.0	1	1.0
qwen3_lezgi_grammar_original_shot_pdfpages_impactful_jpg	qwen3	Lezgi	shot	pdfpages_impactful_jpg	grammar	original	chrF2++	19.83491529990774	17.78734930618754	-2.047565993720198	0.014149858501414985	2.0638346672058105	87	nrefs:1|bs:100000|seed:20260915|case:mixed|eff:yes|nc:6|nw:2|space:no|version:2.6.0	5	1.0
qwen3_lezgi_grammar_original_shot_summary_tables_jpg	qwen3	Lezgi	shot	summary_tables_jpg	grammar	original	chrF2++	19.83491529990774	18.740285986170413	-1.0946293137373253	0.05116948830511695	2.033473014831543	87	nrefs:1|bs:100000|seed:20260915|case:mixed|eff:yes|nc:6|nw:2|space:no|version:2.6.0	2	1.0
qwen3_lezgi_grammar_original_shot_summary_tables_txt	qwen3	Lezgi	shot	summary_tables_txt	grammar	original	chrF2++	19.83491529990774	19.751600604525976	-0.0833146953817625	0.33370666293337065	2.1366729736328125	87	nrefs:1|bs:100000|seed:20260915|case:mixed|eff:yes|nc:6|nw:2|space:no|version:2.6.0	0	1.0
qwen3_lezgi_grammar_original_shot_summary_text_txt	qwen3	Lezgi	shot	summary_text_txt	grammar	original	chrF2++	19.83491529990774	19.745708371399957	-0.08920692850778167	0.3502364976350236	1.8173885345458984	87	nrefs:1|bs:100000|seed:20260915|case:mixed|eff:yes|nc:6|nw:2|space:no|version:2.6.0	0	1.0
qwen3_natugu_grammar_original_chain_gloss_cheatsheet_jpg	qwen3	Natugu	chain_gloss	cheatsheet_jpg	grammar	original	BLEU	3.1946789397647914	3.0539134202609635	-0.14076551950382798	0.3596864031359686	1.5552226795130004	99	nrefs:1|bs:100000|seed:20260915|case:mixed|eff:no|tok:13a|smooth:exp|version:2.6.0	0	1.0
qwen3_natugu_grammar_original_chain_gloss_cheatsheet_txt	qwen3	Natugu	chain_gloss	cheatsheet_txt	grammar	original	BLEU	3.1946789397647914	3.352103900444332	0.1574249606795406	0.34042659573404266	1.7351607663469162	99	nrefs:1|bs:100000|seed:20260915|case:mixed|eff:no|tok:13a|smooth:exp|version:2.6.0	2	1.0
qwen3_natugu_grammar_original_chain_gloss_pdfpages_impactful_jpg	qwen3	Natugu	chain_gloss	pdfpages_impactful_jpg	grammar	original	BLEU	3.1946789397647914	2.5977070118232537	-0.5969719279415377	0.1837881621183788	1.3697967204640786	99	nrefs:1|bs:100000|seed:20260915|case:mixed|eff:no|tok:13a|smooth:exp|version:2.6.0	1	1.0
qwen3_natugu_grammar_original_chain_gloss_summary_tables_jpg	qwen3	Natugu	chain_gloss	summary_tables_jpg	grammar	original	BLEU	3.1946789397647914	2.678332139178793	-0.5163468005859984	0.22372776272237277	1.4616793982086702	99	nrefs:1|bs:100000|seed:20260915|case:mixed|eff:no|tok:13a|smooth:exp|version:2.6.0	3	1.0
qwen3_natugu_grammar_original_chain_gloss_summary_tables_txt	qwen3	Natugu	chain_gloss	summary_tables_txt	grammar	original	BLEU	3.1946789397647914	3.7598524475484427	0.5651735077836513	0.11993880061199388	1.7657541512359725	99	nrefs:1|bs:100000|seed:20260915|case:mixed|eff:no|tok:13a|smooth:exp|version:2.6.0	2	1.0
qwen3_natugu_grammar_original_chain_gloss_summary_text_txt	qwen3	Natugu	chain_gloss	summary_text_txt	grammar	original	BLEU	3.1946789397647914	3.576313870117248	0.38163493035245644	0.2860871391286087	2.1699453122660244	99	nrefs:1|bs:100000|seed:20260915|case:mixed|eff:no|tok:13a|smooth:exp|version:2.6.0	1	1.0
qwen3_natugu_grammar_original_chain_gloss_cheatsheet_jpg	qwen3	Natugu	chain_gloss	cheatsheet_jpg	grammar	original	chrF2++	18.69523255370943	18.55095047676916	-0.1442820769402715	0.3281767182328177	1.4522647857666016	99	nrefs:1|bs:100000|seed:20260915|case:mixed|eff:yes|nc:6|nw:2|space:no|version:2.6.0	0	1.0
qwen3_natugu_grammar_original_chain_gloss_cheatsheet_txt	qwen3	Natugu	chain_gloss	cheatsheet_txt	grammar	original	chrF2++	18.69523255370943	20.015595080673776	1.3203625269643453	0.040149598504014956	1.7551193237304688	99	nrefs:1|bs:100000|seed:20260915|case:mixed|eff:yes|nc:6|nw:2|space:no|version:2.6.0	2	1.0
qwen3_natugu_grammar_original_chain_gloss_pdfpages_impactful_jpg	qwen3	Natugu	chain_gloss	pdfpages_impactful_jpg	grammar	original	chrF2++	18.69523255370943	17.35029423171311	-1.3449383219963202	0.03772962270377296	1.299971580505371	99	nrefs:1|bs:100000|seed:20260915|case:mixed|eff:yes|nc:6|nw:2|space:no|version:2.6.0	1	1.0
qwen3_natugu_grammar_original_chain_gloss_summary_tables_jpg	qwen3	Natugu	chain_gloss	summary_tables_jpg	grammar	original	chrF2++	18.69523255370943	17.506466001370747	-1.1887665523386843	0.08528914710852892	1.540705680847168	99	nrefs:1|bs:100000|seed:20260915|case:mixed|eff:yes|nc:6|nw:2|space:no|version:2.6.0	3	1.0
qwen3_natugu_grammar_original_chain_gloss_summary_tables_txt	qwen3	Natugu	chain_gloss	summary_tables_txt	grammar	original	chrF2++	18.69523255370943	19.531649008711955	0.8364164550025244	0.11629883701162988	1.6889762878417969	99	nrefs:1|bs:100000|seed:20260915|case:mixed|eff:yes|nc:6|nw:2|space:no|version:2.6.0	2	1.0
qwen3_natugu_grammar_original_chain_gloss_summary_text_txt	qwen3	Natugu	chain_gloss	summary_text_txt	grammar	original	chrF2++	18.69523255370943	19.884009655311562	1.1887771016021311	0.07141928580714192	1.7180824279785156	99	nrefs:1|bs:100000|seed:20260915|case:mixed|eff:yes|nc:6|nw:2|space:no|version:2.6.0	1	1.0
qwen3_natugu_grammar_original_modelgloss_cheatsheet_jpg	qwen3	Natugu	modelgloss	cheatsheet_jpg	grammar	original	BLEU	14.088380580051682	13.430221464302452	-0.6581591157492301	0.2028679713202868	3.144813560404306	99	nrefs:1|bs:100000|seed:20260915|case:mixed|eff:no|tok:13a|smooth:exp|version:2.6.0	0	1.0
qwen3_natugu_grammar_original_modelgloss_cheatsheet_txt	qwen3	Natugu	modelgloss	cheatsheet_txt	grammar	original	BLEU	14.088380580051682	13.519861594161357	-0.568518985890325	0.17336826631733682	3.097305917999835	99	nrefs:1|bs:100000|seed:20260915|case:mixed|eff:no|tok:13a|smooth:exp|version:2.6.0	0	1.0
qwen3_natugu_grammar_original_modelgloss_pdfpages_impactful_jpg	qwen3	Natugu	modelgloss	pdfpages_impactful_jpg	grammar	original	BLEU	14.088380580051682	13.519864951550387	-0.5685156285012951	0.23488765112348878	3.1876054378509417	99	nrefs:1|bs:100000|seed:20260915|case:mixed|eff:no|tok:13a|smooth:exp|version:2.6.0	0	1.0
qwen3_natugu_grammar_original_modelgloss_summary_tables_jpg	qwen3	Natugu	modelgloss	summary_tables_jpg	grammar	original	BLEU	14.088380580051682	13.007966980950451	-1.080413599101231	0.14967850321496784	3.153415611312142	99	nrefs:1|bs:100000|seed:20260915|case:mixed|eff:no|tok:13a|smooth:exp|version:2.6.0	0	1.0
qwen3_natugu_grammar_original_modelgloss_summary_tables_txt	qwen3	Natugu	modelgloss	summary_tables_txt	grammar	original	BLEU	14.088380580051682	15.05837559284503	0.9699950127933477	0.12678873211267888	3.2060065528006003	99	nrefs:1|bs:100000|seed:20260915|case:mixed|eff:no|tok:13a|smooth:exp|version:2.6.0	0	1.0
qwen3_natugu_grammar_original_modelgloss_summary_text_txt	qwen3	Natugu	modelgloss	summary_text_txt	grammar	original	BLEU	14.088380580051682	14.37998385077525	0.2916032707235683	0.2875571244287557	3.045054719565634	99	nrefs:1|bs:100000|seed:20260915|case:mixed|eff:no|tok:13a|smooth:exp|version:2.6.0	0	1.0
qwen3_natugu_grammar_original_modelgloss_cheatsheet_jpg	qwen3	Natugu	modelgloss	cheatsheet_jpg	grammar	original	chrF2++	39.14468793800005	38.31561365149984	-0.8290742865002088	0.11014889851101489	2.7245750427246094	99	nrefs:1|bs:100000|seed:20260915|case:mixed|eff:yes|nc:6|nw:2|space:no|version:2.6.0	0	1.0
qwen3_natugu_grammar_original_modelgloss_cheatsheet_txt	qwen3	Natugu	modelgloss	cheatsheet_txt	grammar	original	chrF2++	39.14468793800005	38.80059241144737	-0.34409552655267817	0.16798832011679884	2.7824020385742188	99	nrefs:1|bs:100000|seed:20260915|case:mixed|eff:yes|nc:6|nw:2|space:no|version:2.6.0	0	1.0
qwen3_natugu_grammar_original_modelgloss_pdfpages_impactful_jpg	qwen3	Natugu	modelgloss	pdfpages_impactful_jpg	grammar	original	chrF2++	39.14468793800005	38.12649944861411	-1.0181884893859348	0.11435885641143588	2.4468250274658203	99	nrefs:1|bs:100000|seed:20260915|case:mixed|eff:yes|nc:6|nw:2|space:no|version:2.6.0	0	1.0
qwen3_natugu_grammar_original_modelgloss_summary_tables_jpg	qwen3	Natugu	modelgloss	summary_tables_jpg	grammar	original	chrF2++	39.14468793800005	38.07052468663926	-1.0741632513607868	0.07853921460785392	2.515399932861328	99	nrefs:1|bs:100000|seed:20260915|case:mixed|eff:yes|nc:6|nw:2|space:no|version:2.6.0	0	1.0
qwen3_natugu_grammar_original_modelgloss_summary_tables_txt	qwen3	Natugu	modelgloss	summary_tables_txt	grammar	original	chrF2++	39.14468793800005	40.211738894114575	1.067050956114528	0.050289497105028946	2.668184280395508	99	nrefs:1|bs:100000|seed:20260915|case:mixed|eff:yes|nc:6|nw:2|space:no|version:2.6.0	0	1.0
qwen3_natugu_grammar_original_modelgloss_summary_text_txt	qwen3	Natugu	modelgloss	summary_text_txt	grammar	original	chrF2++	39.14468793800005	39.454409924862716	0.3097219868626695	0.23917760822391776	2.4966182708740234	99	nrefs:1|bs:100000|seed:20260915|case:mixed|eff:yes|nc:6|nw:2|space:no|version:2.6.0	0	1.0
qwen3_natugu_grammar_original_shot_cheatsheet_jpg	qwen3	Natugu	shot	cheatsheet_jpg	grammar	original	BLEU	2.3418201737526743	1.7356071585836352	-0.606213015169039	0.13422865771342288	0.7510867641413369	99	nrefs:1|bs:100000|seed:20260915|case:mixed|eff:no|tok:13a|smooth:exp|version:2.6.0	2	1.0
qwen3_natugu_grammar_original_shot_cheatsheet_txt	qwen3	Natugu	shot	cheatsheet_txt	grammar	original	BLEU	2.3418201737526743	2.750177579092955	0.40835740534028053	0.21640783592164078	1.344465088985038	99	nrefs:1|bs:100000|seed:20260915|case:mixed|eff:no|tok:13a|smooth:exp|version:2.6.0	0	1.0
qwen3_natugu_grammar_original_shot_pdfpages_impactful_jpg	qwen3	Natugu	shot	pdfpages_impactful_jpg	grammar	original	BLEU	2.3418201737526743	2.7430105429480913	0.40119036919541706	0.1970680293197068	1.430135200811664	99	nrefs:1|bs:100000|seed:20260915|case:mixed|eff:no|tok:13a|smooth:exp|version:2.6.0	4	1.0
qwen3_natugu_grammar_original_shot_summary_tables_jpg	qwen3	Natugu	shot	summary_tables_jpg	grammar	original	BLEU	2.3418201737526743	2.451044091109798	0.10922391735712367	0.3632363676363236	1.3633589783926037	99	nrefs:1|bs:100000|seed:20260915|case:mixed|eff:no|tok:13a|smooth:exp|version:2.6.0	1	1.0
qwen3_natugu_grammar_original_shot_summary_tables_txt	qwen3	Natugu	shot	summary_tables_txt	grammar	original	BLEU	2.3418201737526743	2.9375502856019717	0.5957301118492975	0.1736382636173638	1.5433217884768644	99	nrefs:1|bs:100000|seed:20260915|case:mixed|eff:no|tok:13a|smooth:exp|version:2.6.0	0	1.0
qwen3_natugu_grammar_original_shot_summary_text_txt	qwen3	Natugu	shot	summary_text_txt	grammar	original	BLEU	2.3418201737526743	2.3207496219843877	-0.02107055176828654	0.35333646663533363	1.1747340742594337	99	nrefs:1|bs:100000|seed:20260915|case:mixed|eff:no|tok:13a|smooth:exp|version:2.6.0	0	1.0
qwen3_natugu_grammar_original_shot_cheatsheet_jpg	qwen3	Natugu	shot	cheatsheet_jpg	grammar	original	chrF2++	19.538684308976457	19.242701598768143	-0.2959827102083139	0.23080769192308076	1.455491065979004	99	nrefs:1|bs:100000|seed:20260915|case:mixed|eff:yes|nc:6|nw:2|space:no|version:2.6.0	2	1.0
qwen3_natugu_grammar_original_shot_cheatsheet_txt	qwen3	Natugu	shot	cheatsheet_txt	grammar	original	chrF2++	19.538684308976457	19.570209658728956	0.03152534975249921	0.3872061279387206	1.400442123413086	99	nrefs:1|bs:100000|seed:20260915|case:mixed|eff:yes|nc:6|nw:2|space:no|version:2.6.0	0	1.0
qwen3_natugu_grammar_original_shot_pdfpages_impactful_jpg	qwen3	Natugu	shot	pdfpages_impactful_jpg	grammar	original	chrF2++	19.538684308976457	18.21230839958671	-1.3263759093897463	0.03241967580324197	1.31695556640625	99	nrefs:1|bs:100000|seed:20260915|case:mixed|eff:yes|nc:6|nw:2|space:no|version:2.6.0	4	1.0
qwen3_natugu_grammar_original_shot_summary_tables_jpg	qwen3	Natugu	shot	summary_tables_jpg	grammar	original	chrF2++	19.538684308976457	18.828013398950176	-0.7106709100262805	0.08906910930890691	1.2880163192749023	99	nrefs:1|bs:100000|seed:20260915|case:mixed|eff:yes|nc:6|nw:2|space:no|version:2.6.0	1	1.0
qwen3_natugu_grammar_original_shot_summary_tables_txt	qwen3	Natugu	shot	summary_tables_txt	grammar	original	chrF2++	19.538684308976457	20.2628137888173	0.724129479840844	0.07012929870701293	1.4984359741210938	99	nrefs:1|bs:100000|seed:20260915|case:mixed|eff:yes|nc:6|nw:2|space:no|version:2.6.0	0	1.0
qwen3_natugu_grammar_original_shot_summary_text_txt	qwen3	Natugu	shot	summary_text_txt	grammar	original	chrF2++	19.538684308976457	19.429941074405374	-0.10874323457108304	0.31706682933170666	1.2751893997192383	99	nrefs:1|bs:100000|seed:20260915|case:mixed|eff:yes|nc:6|nw:2|space:no|version:2.6.0	0	1.0
qwen3_tsez_grammar_original_chain_gloss_cheatsheet_jpg	qwen3	Tsez	chain_gloss	cheatsheet_jpg	grammar	original	BLEU	1.2563538727200825	0.8858696708142307	-0.37048420190585174	0.13257867421325786	0.5765648047212901	99	nrefs:1|bs:100000|seed:20260915|case:mixed|eff:no|tok:13a|smooth:exp|version:2.6.0	3	1.0
qwen3_tsez_grammar_original_chain_gloss_cheatsheet_txt	qwen3	Tsez	chain_gloss	cheatsheet_txt	grammar	original	BLEU	1.2563538727200825	0.775506774300319	-0.4808470984197635	0.03815961840381596	0.2330143557557341	99	nrefs:1|bs:100000|seed:20260915|case:mixed|eff:no|tok:13a|smooth:exp|version:2.6.0	3	1.0
qwen3_tsez_grammar_original_chain_gloss_pdfpages_impactful_jpg	qwen3	Tsez	chain_gloss	pdfpages_impactful_jpg	grammar	original	BLEU	1.2563538727200825	0.9566470954438557	-0.29970677727622674	0.14996850031499684	0.5671878960347979	99	nrefs:1|bs:100000|seed:20260915|case:mixed|eff:no|tok:13a|smooth:exp|version:2.6.0	5	1.0
qwen3_tsez_grammar_original_chain_gloss_summary_tables_jpg	qwen3	Tsez	chain_gloss	summary_tables_jpg	grammar	original	BLEU	1.2563538727200825	0.9467366262648371	-0.30961724645524535	0.15291847081529183	0.5192465668429298	99	nrefs:1|bs:100000|seed:20260915|case:mixed|eff:no|tok:13a|smooth:exp|version:2.6.0	1	1.0
qwen3_tsez_grammar_original_chain_gloss_summary_tables_txt	qwen3	Tsez	chain_gloss	summary_tables_txt	grammar	original	BLEU	1.2563538727200825	0.9106271162302776	-0.3457267564898049	0.13476865231347687	0.25866903246767114	99	nrefs:1|bs:100000|seed:20260915|case:mixed|eff:no|tok:13a|smooth:exp|version:2.6.0	4	1.0
qwen3_tsez_grammar_original_chain_gloss_summary_text_txt	qwen3	Tsez	chain_gloss	summary_text_txt	grammar	original	BLEU	1.2563538727200825	1.3509915042561589	0.0946376315360764	0.3164068359316407	0.6858350383899363	99	nrefs:1|bs:100000|seed:20260915|case:mixed|eff:no|tok:13a|smooth:exp|version:2.6.0	4	1.0
qwen3_tsez_grammar_original_chain_gloss_cheatsheet_jpg	qwen3	Tsez	chain_gloss	cheatsheet_jpg	grammar	original	chrF2++	15.642035394898857	12.873117839173423	-2.7689175557254337	0.0007799922000779992	1.245765209197998	99	nrefs:1|bs:100000|seed:20260915|case:mixed|eff:yes|nc:6|nw:2|space:no|version:2.6.0	3	0.48203517964820347
qwen3_tsez_grammar_original_chain_gloss_cheatsheet_txt	qwen3	Tsez	chain_gloss	cheatsheet_txt	grammar	original	chrF2++	15.642035394898857	16.02274898724263	0.38071359234377233	0.21871781282187178	1.2471051216125488	99	nrefs:1|bs:100000|seed:20260915|case:mixed|eff:yes|nc:6|nw:2|space:no|version:2.6.0	3	1.0
qwen3_tsez_grammar_original_chain_gloss_pdfpages_impactful_jpg	qwen3	Tsez	chain_gloss	pdfpages_impactful_jpg	grammar	original	chrF2++	15.642035394898857	14.552708351626045	-1.089327043272812	0.06382936170638294	1.392383098602295	99	nrefs:1|bs:100000|seed:20260915|case:mixed|eff:yes|nc:6|nw:2|space:no|version:2.6.0	5	1.0
qwen3_tsez_grammar_original_chain_gloss_summary_tables_jpg	qwen3	Tsez	chain_gloss	summary_tables_jpg	grammar	original	chrF2++	15.642035394898857	13.428019806857803	-2.214015588041054	0.00894991050089499	1.1181120872497559	99	nrefs:1|bs:100000|seed:20260915|case:mixed|eff:yes|nc:6|nw:2|space:no|version:2.6.0	1	1.0
qwen3_tsez_grammar_original_chain_gloss_summary_tables_txt	qwen3	Tsez	chain_gloss	summary_tables_txt	grammar	original	chrF2++	15.642035394898857	16.609710180216418	0.9676747853175609	0.08202917970820292	1.5723891258239746	99	nrefs:1|bs:100000|seed:20260915|case:mixed|eff:yes|nc:6|nw:2|space:no|version:2.6.0	4	1.0
qwen3_tsez_grammar_original_chain_gloss_summary_text_txt	qwen3	Tsez	chain_gloss	summary_text_txt	grammar	original	chrF2++	15.642035394898857	16.219761961484647	0.57772656658579	0.17088829111708884	1.662003517150879	99	nrefs:1|bs:100000|seed:20260915|case:mixed|eff:yes|nc:6|nw:2|space:no|version:2.6.0	4	1.0
qwen3_tsez_grammar_original_modelgloss_cheatsheet_jpg	qwen3	Tsez	modelgloss	cheatsheet_jpg	grammar	original	BLEU	11.835913255994832	11.199840314204518	-0.6360729417903137	0.2032979670203298	2.5684468598028483	99	nrefs:1|bs:100000|seed:20260915|case:mixed|eff:no|tok:13a|smooth:exp|version:2.6.0	0	1.0
qwen3_tsez_grammar_original_modelgloss_cheatsheet_txt	qwen3	Tsez	modelgloss	cheatsheet_txt	grammar	original	BLEU	11.835913255994832	10.403591723524844	-1.432321532469988	0.07471925280747192	2.197273438922246	99	nrefs:1|bs:100000|seed:20260915|case:mixed|eff:no|tok:13a|smooth:exp|version:2.6.0	0	1.0
qwen3_tsez_grammar_original_modelgloss_pdfpages_impactful_jpg	qwen3	Tsez	modelgloss	pdfpages_impactful_jpg	grammar	original	BLEU	11.835913255994832	9.036999565340347	-2.7989136906544854	0.023239767602323977	2.2417971301542305	99	nrefs:1|bs:100000|seed:20260915|case:mixed|eff:no|tok:13a|smooth:exp|version:2.6.0	0	1.0
qwen3_tsez_grammar_original_modelgloss_summary_tables_jpg	qwen3	Tsez	modelgloss	summary_tables_jpg	grammar	original	BLEU	11.835913255994832	11.487038299679941	-0.34887495631489074	0.28198718012819873	2.521092630637429	99	nrefs:1|bs:100000|seed:20260915|case:mixed|eff:no|tok:13a|smooth:exp|version:2.6.0	0	1.0
qwen3_tsez_grammar_original_modelgloss_summary_tables_txt	qwen3	Tsez	modelgloss	summary_tables_txt	grammar	original	BLEU	11.835913255994832	11.968415883079647	0.13250262708481486	0.35340646593534064	2.4213344704734077	99	nrefs:1|bs:100000|seed:20260915|case:mixed|eff:no|tok:13a|smooth:exp|version:2.6.0	0	1.0
qwen3_tsez_grammar_original_modelgloss_summary_text_txt	qwen3	Tsez	modelgloss	summary_text_txt	grammar	original	BLEU	11.835913255994832	11.46632785779018	-0.3695853982046522	0.26431735682643176	2.240246463588978	99	nrefs:1|bs:100000|seed:20260915|case:mixed|eff:no|tok:13a|smooth:exp|version:2.6.0	0	1.0
qwen3_tsez_grammar_original_modelgloss_cheatsheet_jpg	qwen3	Tsez	modelgloss	cheatsheet_jpg	grammar	original	chrF2++	38.175098759039216	37.608372607351356	-0.5667261516878597	0.16531834681653185	2.478778839111328	99	nrefs:1|bs:100000|seed:20260915|case:mixed|eff:yes|nc:6|nw:2|space:no|version:2.6.0	0	1.0
qwen3_tsez_grammar_original_modelgloss_cheatsheet_txt	qwen3	Tsez	modelgloss	cheatsheet_txt	grammar	original	chrF2++	38.175098759039216	37.83490264531446	-0.3401961137247582	0.19433805661943382	2.187253952026367	99	nrefs:1|bs:100000|seed:20260915|case:mixed|eff:yes|nc:6|nw:2|space:no|version:2.6.0	0	1.0
qwen3_tsez_grammar_original_modelgloss_pdfpages_impactful_jpg	qwen3	Tsez	modelgloss	pdfpages_impactful_jpg	grammar	original	chrF2++	38.175098759039216	36.0070278189586	-2.168070940080618	0.0067099329006709936	2.112241744995117	99	nrefs:1|bs:100000|seed:20260915|case:mixed|eff:yes|nc:6|nw:2|space:no|version:2.6.0	0	1.0
qwen3_tsez_grammar_original_modelgloss_summary_tables_jpg	qwen3	Tsez	modelgloss	summary_tables_jpg	grammar	original	chrF2++	38.175098759039216	37.79445804619494	-0.3806407128442757	0.2093179068209318	2.4992237091064453	99	nrefs:1|bs:100000|seed:20260915|case:mixed|eff:yes|nc:6|nw:2|space:no|version:2.6.0	0	1.0
qwen3_tsez_grammar_original_modelgloss_summary_tables_txt	qwen3	Tsez	modelgloss	summary_tables_txt	grammar	original	chrF2++	38.175098759039216	38.59271030772742	0.4176115486882068	0.1846281537184628	2.232217788696289	99	nrefs:1|bs:100000|seed:20260915|case:mixed|eff:yes|nc:6|nw:2|space:no|version:2.6.0	0	1.0
qwen3_tsez_grammar_original_modelgloss_summary_text_txt	qwen3	Tsez	modelgloss	summary_text_txt	grammar	original	chrF2++	38.175098759039216	38.34317984731947	0.16808108828025325	0.3022269777302227	2.2916507720947266	99	nrefs:1|bs:100000|seed:20260915|case:mixed|eff:yes|nc:6|nw:2|space:no|version:2.6.0	0	1.0
qwen3_tsez_grammar_original_shot_cheatsheet_jpg	qwen3	Tsez	shot	cheatsheet_jpg	grammar	original	BLEU	1.2531861780762061	1.1298549183175046	-0.12333125975870152	0.12089879101208988	0.6802350388366789	99	nrefs:1|bs:100000|seed:20260915|case:mixed|eff:no|tok:13a|smooth:exp|version:2.6.0	0	1.0
qwen3_tsez_grammar_original_shot_cheatsheet_txt	qwen3	Tsez	shot	cheatsheet_txt	grammar	original	BLEU	1.2531861780762061	2.033610684870859	0.7804245067946529	0.036119638803611964	0.9217203567838538	99	nrefs:1|bs:100000|seed:20260915|case:mixed|eff:no|tok:13a|smooth:exp|version:2.6.0	0	1.0
qwen3_tsez_grammar_original_shot_pdfpages_impactful_jpg	qwen3	Tsez	shot	pdfpages_impactful_jpg	grammar	original	BLEU	1.2531861780762061	1.29819392721515	0.04500774913894379	0.2626773732262677	0.671931806715053	99	nrefs:1|bs:100000|seed:20260915|case:mixed|eff:no|tok:13a|smooth:exp|version:2.6.0	0	1.0
qwen3_tsez_grammar_original_shot_summary_tables_jpg	qwen3	Tsez	shot	summary_tables_jpg	grammar	original	BLEU	1.2531861780762061	1.6654192740203921	0.412233095944186	0.14206857931420686	0.9397099110244097	99	nrefs:1|bs:100000|seed:20260915|case:mixed|eff:no|tok:13a|smooth:exp|version:2.6.0	0	1.0
qwen3_tsez_grammar_original_shot_summary_tables_txt	qwen3	Tsez	shot	summary_tables_txt	grammar	original	BLEU	1.2531861780762061	1.641101056354898	0.38791487827869187	0.0995890041099589	0.7371576022107054	99	nrefs:1|bs:100000|seed:20260915|case:mixed|eff:no|tok:13a|smooth:exp|version:2.6.0	0	1.0
qwen3_tsez_grammar_original_shot_summary_text_txt	qwen3	Tsez	shot	summary_text_txt	grammar	original	BLEU	1.2531861780762061	1.5578631108824708	0.3046769328062646	0.13337866621333785	0.7414602739908409	99	nrefs:1|bs:100000|seed:20260915|case:mixed|eff:no|tok:13a|smooth:exp|version:2.6.0	0	1.0
qwen3_tsez_grammar_original_shot_cheatsheet_jpg	qwen3	Tsez	shot	cheatsheet_jpg	grammar	original	chrF2++	17.33012478024353	17.174490622408552	-0.15563415783497803	0.28677713222867773	1.0896320343017578	99	nrefs:1|bs:100000|seed:20260915|case:mixed|eff:yes|nc:6|nw:2|space:no|version:2.6.0	0	1.0
qwen3_tsez_grammar_original_shot_cheatsheet_txt	qwen3	Tsez	shot	cheatsheet_txt	grammar	original	chrF2++	17.33012478024353	17.876399128354635	0.5462743481111048	0.13724862751372485	1.1396522521972656	99	nrefs:1|bs:100000|seed:20260915|case:mixed|eff:yes|nc:6|nw:2|space:no|version:2.6.0	0	1.0
qwen3_tsez_grammar_original_shot_pdfpages_impactful_jpg	qwen3	Tsez	shot	pdfpages_impactful_jpg	grammar	original	chrF2++	17.33012478024353	17.76556978889825	0.435445008654721	0.15613843861561386	1.0056419372558594	99	nrefs:1|bs:100000|seed:20260915|case:mixed|eff:yes|nc:6|nw:2|space:no|version:2.6.0	0	1.0
qwen3_tsez_grammar_original_shot_summary_tables_jpg	qwen3	Tsez	shot	summary_tables_jpg	grammar	original	chrF2++	17.33012478024353	16.74123169527749	-0.5888930849660383	0.12794872051279488	1.1290769577026367	99	nrefs:1|bs:100000|seed:20260915|case:mixed|eff:yes|nc:6|nw:2|space:no|version:2.6.0	0	1.0
qwen3_tsez_grammar_original_shot_summary_tables_txt	qwen3	Tsez	shot	summary_tables_txt	grammar	original	chrF2++	17.33012478024353	17.963246285376698	0.6331215051331682	0.11213887861121388	1.0979280471801758	99	nrefs:1|bs:100000|seed:20260915|case:mixed|eff:yes|nc:6|nw:2|space:no|version:2.6.0	0	1.0
qwen3_tsez_grammar_original_shot_summary_text_txt	qwen3	Tsez	shot	summary_text_txt	grammar	original	chrF2++	17.33012478024353	17.41859770091691	0.08847292067337875	0.33738662613373865	1.0868425369262695	99	nrefs:1|bs:100000|seed:20260915|case:mixed|eff:yes|nc:6|nw:2|space:no|version:2.6.0	0	1.0
