id	cohort	model	method	material	variant	records	metric	baseline_score	score	delta
gemini25flashlite_lezgi_grammar_cyrillic_chain_gloss_cheatsheet_jpg	valid_reference84	gemini25flashlite	chain_gloss	cheatsheet_jpg	cyrillic	84	bleu	13.958405087253626	12.428926771388847	-1.529478315864779
gemini25flashlite_lezgi_grammar_cyrillic_chain_gloss_cheatsheet_jpg	valid_reference84	gemini25flashlite	chain_gloss	cheatsheet_jpg	cyrillic	84	chrf_plus_plus	33.34972013649723	34.531397270422396	1.181677133925163
gemini25flashlite_lezgi_grammar_cyrillic_chain_gloss_cheatsheet_jpg	valid_reference84	gemini25flashlite	chain_gloss	cheatsheet_jpg	cyrillic	84	xcomet_xl	0.4994505555147216	0.5102950875603017	0.010844532045580113
gemini25flashlite_lezgi_grammar_cyrillic_chain_gloss_cheatsheet_jpg	valid_reference84	gemini25flashlite	chain_gloss	cheatsheet_jpg	cyrillic	84	xcomet_xxl	0.3153331976916109	0.3294273048994087	0.014094107207797801
gemini25flashlite_lezgi_grammar_cyrillic_chain_gloss_cheatsheet_jpg	valid_reference_no_overlap83	gemini25flashlite	chain_gloss	cheatsheet_jpg	cyrillic	83	bleu	13.450570624484481	12.078901700566497	-1.3716689239179836
gemini25flashlite_lezgi_grammar_cyrillic_chain_gloss_cheatsheet_jpg	valid_reference_no_overlap83	gemini25flashlite	chain_gloss	cheatsheet_jpg	cyrillic	83	chrf_plus_plus	32.93292776336113	34.20450421999458	1.2715764566334542
gemini25flashlite_lezgi_grammar_cyrillic_chain_gloss_cheatsheet_jpg	valid_reference_no_overlap83	gemini25flashlite	chain_gloss	cheatsheet_jpg	cyrillic	83	xcomet_xl	0.4953435325478933	0.5063188006001783	0.010975268052284992
gemini25flashlite_lezgi_grammar_cyrillic_chain_gloss_cheatsheet_jpg	valid_reference_no_overlap83	gemini25flashlite	chain_gloss	cheatsheet_jpg	cyrillic	83	xcomet_xxl	0.31356319156755885	0.327782991959388	0.01421980039182913
gemini25flashlite_lezgi_grammar_cyrillic_chain_gloss_cheatsheet_txt	valid_reference84	gemini25flashlite	chain_gloss	cheatsheet_txt	cyrillic	84	bleu	13.958405087253626	10.510689772242678	-3.4477153150109476
gemini25flashlite_lezgi_grammar_cyrillic_chain_gloss_cheatsheet_txt	valid_reference84	gemini25flashlite	chain_gloss	cheatsheet_txt	cyrillic	84	chrf_plus_plus	33.34972013649723	32.05384142115138	-1.2958787153458502
gemini25flashlite_lezgi_grammar_cyrillic_chain_gloss_cheatsheet_txt	valid_reference84	gemini25flashlite	chain_gloss	cheatsheet_txt	cyrillic	84	xcomet_xl	0.4994505555147216	0.48339662825067836	-0.016053927264043255
gemini25flashlite_lezgi_grammar_cyrillic_chain_gloss_cheatsheet_txt	valid_reference84	gemini25flashlite	chain_gloss	cheatsheet_txt	cyrillic	84	xcomet_xxl	0.3153331976916109	0.2938664143993741	-0.02146678329223678
gemini25flashlite_lezgi_grammar_cyrillic_chain_gloss_cheatsheet_txt	valid_reference_no_overlap83	gemini25flashlite	chain_gloss	cheatsheet_txt	cyrillic	83	bleu	13.450570624484481	9.950061138536366	-3.5005094859481147
gemini25flashlite_lezgi_grammar_cyrillic_chain_gloss_cheatsheet_txt	valid_reference_no_overlap83	gemini25flashlite	chain_gloss	cheatsheet_txt	cyrillic	83	chrf_plus_plus	32.93292776336113	31.635762985774807	-1.297164777586321
gemini25flashlite_lezgi_grammar_cyrillic_chain_gloss_cheatsheet_txt	valid_reference_no_overlap83	gemini25flashlite	chain_gloss	cheatsheet_txt	cyrillic	83	xcomet_xl	0.4953435325478933	0.4790961844734399	-0.016247348074453438
gemini25flashlite_lezgi_grammar_cyrillic_chain_gloss_cheatsheet_txt	valid_reference_no_overlap83	gemini25flashlite	chain_gloss	cheatsheet_txt	cyrillic	83	xcomet_xxl	0.31356319156755885	0.2918377723320421	-0.02172541923551674
gemini25flashlite_lezgi_grammar_cyrillic_chain_gloss_summary_tables_jpg	valid_reference84	gemini25flashlite	chain_gloss	summary_tables_jpg	cyrillic	84	bleu	13.958405087253626	12.15283653634046	-1.805568550913165
gemini25flashlite_lezgi_grammar_cyrillic_chain_gloss_summary_tables_jpg	valid_reference84	gemini25flashlite	chain_gloss	summary_tables_jpg	cyrillic	84	chrf_plus_plus	33.34972013649723	33.63806138315486	0.2883412466576303
gemini25flashlite_lezgi_grammar_cyrillic_chain_gloss_summary_tables_jpg	valid_reference84	gemini25flashlite	chain_gloss	summary_tables_jpg	cyrillic	84	xcomet_xl	0.4994505555147216	0.510632221187864	0.011181665673142382
gemini25flashlite_lezgi_grammar_cyrillic_chain_gloss_summary_tables_jpg	valid_reference84	gemini25flashlite	chain_gloss	summary_tables_jpg	cyrillic	84	xcomet_xxl	0.3153331976916109	0.31062819799851804	-0.004704999693092848
gemini25flashlite_lezgi_grammar_cyrillic_chain_gloss_summary_tables_jpg	valid_reference_no_overlap83	gemini25flashlite	chain_gloss	summary_tables_jpg	cyrillic	83	bleu	13.450570624484481	11.794951809650728	-1.655618814833753
gemini25flashlite_lezgi_grammar_cyrillic_chain_gloss_summary_tables_jpg	valid_reference_no_overlap83	gemini25flashlite	chain_gloss	summary_tables_jpg	cyrillic	83	chrf_plus_plus	32.93292776336113	33.30498986063391	0.3720620972727815
gemini25flashlite_lezgi_grammar_cyrillic_chain_gloss_summary_tables_jpg	valid_reference_no_overlap83	gemini25flashlite	chain_gloss	summary_tables_jpg	cyrillic	83	xcomet_xl	0.4953435325478933	0.5066599960786751	0.01131646353078175
gemini25flashlite_lezgi_grammar_cyrillic_chain_gloss_summary_tables_jpg	valid_reference_no_overlap83	gemini25flashlite	chain_gloss	summary_tables_jpg	cyrillic	83	xcomet_xxl	0.31356319156755885	0.3087573897946312	-0.004805801772927665
gemini25flashlite_lezgi_grammar_cyrillic_chain_gloss_summary_tables_txt	valid_reference84	gemini25flashlite	chain_gloss	summary_tables_txt	cyrillic	84	bleu	13.958405087253626	11.3521593116976	-2.606245775556026
gemini25flashlite_lezgi_grammar_cyrillic_chain_gloss_summary_tables_txt	valid_reference84	gemini25flashlite	chain_gloss	summary_tables_txt	cyrillic	84	chrf_plus_plus	33.34972013649723	31.766687644016024	-1.583032492481209
gemini25flashlite_lezgi_grammar_cyrillic_chain_gloss_summary_tables_txt	valid_reference84	gemini25flashlite	chain_gloss	summary_tables_txt	cyrillic	84	xcomet_xl	0.4994505555147216	0.48384111144003417	-0.01560944407468745
gemini25flashlite_lezgi_grammar_cyrillic_chain_gloss_summary_tables_txt	valid_reference84	gemini25flashlite	chain_gloss	summary_tables_txt	cyrillic	84	xcomet_xxl	0.3153331976916109	0.2888964276228632	-0.026436770068747673
gemini25flashlite_lezgi_grammar_cyrillic_chain_gloss_summary_tables_txt	valid_reference_no_overlap83	gemini25flashlite	chain_gloss	summary_tables_txt	cyrillic	83	bleu	13.450570624484481	10.823463041623247	-2.6271075828612336
gemini25flashlite_lezgi_grammar_cyrillic_chain_gloss_summary_tables_txt	valid_reference_no_overlap83	gemini25flashlite	chain_gloss	summary_tables_txt	cyrillic	83	chrf_plus_plus	32.93292776336113	31.343925820019958	-1.5890019433411702
gemini25flashlite_lezgi_grammar_cyrillic_chain_gloss_summary_tables_txt	valid_reference_no_overlap83	gemini25flashlite	chain_gloss	summary_tables_txt	cyrillic	83	xcomet_xl	0.4953435325478933	0.4795460228819445	-0.01579750966594884
gemini25flashlite_lezgi_grammar_cyrillic_chain_gloss_summary_tables_txt	valid_reference_no_overlap83	gemini25flashlite	chain_gloss	summary_tables_txt	cyrillic	83	xcomet_xxl	0.31356319156755885	0.2868079061967781	-0.026755285370780757
gemini25flashlite_lezgi_grammar_cyrillic_chain_gloss_summary_text_txt	valid_reference84	gemini25flashlite	chain_gloss	summary_text_txt	cyrillic	84	bleu	13.958405087253626	10.022049024471578	-3.936356062782048
gemini25flashlite_lezgi_grammar_cyrillic_chain_gloss_summary_text_txt	valid_reference84	gemini25flashlite	chain_gloss	summary_text_txt	cyrillic	84	chrf_plus_plus	33.34972013649723	30.247691492192942	-3.1020286443042906
gemini25flashlite_lezgi_grammar_cyrillic_chain_gloss_summary_text_txt	valid_reference84	gemini25flashlite	chain_gloss	summary_text_txt	cyrillic	84	xcomet_xl	0.4994505555147216	0.4736505878113565	-0.025799967703365123
gemini25flashlite_lezgi_grammar_cyrillic_chain_gloss_summary_text_txt	valid_reference84	gemini25flashlite	chain_gloss	summary_text_txt	cyrillic	84	xcomet_xxl	0.3153331976916109	0.28856353577049004	-0.026769661921120846
gemini25flashlite_lezgi_grammar_cyrillic_chain_gloss_summary_text_txt	valid_reference_no_overlap83	gemini25flashlite	chain_gloss	summary_text_txt	cyrillic	83	bleu	13.450570624484481	9.415406769794018	-4.035163854690463
gemini25flashlite_lezgi_grammar_cyrillic_chain_gloss_summary_text_txt	valid_reference_no_overlap83	gemini25flashlite	chain_gloss	summary_text_txt	cyrillic	83	chrf_plus_plus	32.93292776336113	29.812802608515522	-3.1201251548456064
gemini25flashlite_lezgi_grammar_cyrillic_chain_gloss_summary_text_txt	valid_reference_no_overlap83	gemini25flashlite	chain_gloss	summary_text_txt	cyrillic	83	xcomet_xl	0.4953435325478933	0.46923272186015025	-0.02611081068774307
gemini25flashlite_lezgi_grammar_cyrillic_chain_gloss_summary_text_txt	valid_reference_no_overlap83	gemini25flashlite	chain_gloss	summary_text_txt	cyrillic	83	xcomet_xxl	0.31356319156755885	0.2864710035991956	-0.027092187968363268
gemini25flashlite_lezgi_grammar_cyrillic_modelgloss_cheatsheet_jpg	valid_reference84	gemini25flashlite	modelgloss	cheatsheet_jpg	cyrillic	84	bleu	19.100665335433476	17.944585659174123	-1.1560796762593526
gemini25flashlite_lezgi_grammar_cyrillic_modelgloss_cheatsheet_jpg	valid_reference84	gemini25flashlite	modelgloss	cheatsheet_jpg	cyrillic	84	chrf_plus_plus	43.39436832236058	43.35855339533813	-0.03581492702245015
gemini25flashlite_lezgi_grammar_cyrillic_modelgloss_cheatsheet_jpg	valid_reference84	gemini25flashlite	modelgloss	cheatsheet_jpg	cyrillic	84	xcomet_xl	0.5684907340577671	0.5706946377952894	0.002203903737522328
gemini25flashlite_lezgi_grammar_cyrillic_modelgloss_cheatsheet_jpg	valid_reference84	gemini25flashlite	modelgloss	cheatsheet_jpg	cyrillic	84	xcomet_xxl	0.39129672368012725	0.392132726808389	0.0008360031282617642
gemini25flashlite_lezgi_grammar_cyrillic_modelgloss_cheatsheet_jpg	valid_reference_no_overlap83	gemini25flashlite	modelgloss	cheatsheet_jpg	cyrillic	83	bleu	18.82711767509372	17.664348573472193	-1.162769101621528
gemini25flashlite_lezgi_grammar_cyrillic_modelgloss_cheatsheet_jpg	valid_reference_no_overlap83	gemini25flashlite	modelgloss	cheatsheet_jpg	cyrillic	83	chrf_plus_plus	43.127106395985685	43.09257417762752	-0.03453221835816578
gemini25flashlite_lezgi_grammar_cyrillic_modelgloss_cheatsheet_jpg	valid_reference_no_overlap83	gemini25flashlite	modelgloss	cheatsheet_jpg	cyrillic	83	xcomet_xl	0.5652155994650829	0.5674460562596838	0.002230456794600877
gemini25flashlite_lezgi_grammar_cyrillic_modelgloss_cheatsheet_jpg	valid_reference_no_overlap83	gemini25flashlite	modelgloss	cheatsheet_jpg	cyrillic	83	xcomet_xxl	0.3903978254242116	0.3912439008793199	0.0008460754551082861
gemini25flashlite_lezgi_grammar_cyrillic_modelgloss_cheatsheet_txt	valid_reference84	gemini25flashlite	modelgloss	cheatsheet_txt	cyrillic	84	bleu	19.100665335433476	18.038215922783	-1.0624494126504764
gemini25flashlite_lezgi_grammar_cyrillic_modelgloss_cheatsheet_txt	valid_reference84	gemini25flashlite	modelgloss	cheatsheet_txt	cyrillic	84	chrf_plus_plus	43.39436832236058	42.36750703442427	-1.0268612879363062
gemini25flashlite_lezgi_grammar_cyrillic_modelgloss_cheatsheet_txt	valid_reference84	gemini25flashlite	modelgloss	cheatsheet_txt	cyrillic	84	xcomet_xl	0.5684907340577671	0.5659569622505278	-0.002533771807239238
gemini25flashlite_lezgi_grammar_cyrillic_modelgloss_cheatsheet_txt	valid_reference84	gemini25flashlite	modelgloss	cheatsheet_txt	cyrillic	84	xcomet_xxl	0.39129672368012725	0.37823499898825375	-0.0130617246918735
gemini25flashlite_lezgi_grammar_cyrillic_modelgloss_cheatsheet_txt	valid_reference_no_overlap83	gemini25flashlite	modelgloss	cheatsheet_txt	cyrillic	83	bleu	18.82711767509372	17.76216048961016	-1.0649571854835607
gemini25flashlite_lezgi_grammar_cyrillic_modelgloss_cheatsheet_txt	valid_reference_no_overlap83	gemini25flashlite	modelgloss	cheatsheet_txt	cyrillic	83	chrf_plus_plus	43.127106395985685	42.09422817615862	-1.0328782198270616
gemini25flashlite_lezgi_grammar_cyrillic_modelgloss_cheatsheet_txt	valid_reference_no_overlap83	gemini25flashlite	modelgloss	cheatsheet_txt	cyrillic	83	xcomet_xl	0.5652155994650829	0.5626513002866722	-0.0025642991784107227
gemini25flashlite_lezgi_grammar_cyrillic_modelgloss_cheatsheet_txt	valid_reference_no_overlap83	gemini25flashlite	modelgloss	cheatsheet_txt	cyrillic	83	xcomet_xxl	0.3903978254242116	0.3771787305553275	-0.013219094868884063
gemini25flashlite_lezgi_grammar_cyrillic_modelgloss_summary_tables_jpg	valid_reference84	gemini25flashlite	modelgloss	summary_tables_jpg	cyrillic	84	bleu	19.100665335433476	18.35577208512834	-0.744893250305136
gemini25flashlite_lezgi_grammar_cyrillic_modelgloss_summary_tables_jpg	valid_reference84	gemini25flashlite	modelgloss	summary_tables_jpg	cyrillic	84	chrf_plus_plus	43.39436832236058	43.28388182811745	-0.11048649424312629
gemini25flashlite_lezgi_grammar_cyrillic_modelgloss_summary_tables_jpg	valid_reference84	gemini25flashlite	modelgloss	summary_tables_jpg	cyrillic	84	xcomet_xl	0.5684907340577671	0.5716444186511493	0.0031536845933822777
gemini25flashlite_lezgi_grammar_cyrillic_modelgloss_summary_tables_jpg	valid_reference84	gemini25flashlite	modelgloss	summary_tables_jpg	cyrillic	84	xcomet_xxl	0.39129672368012725	0.38964123881998514	-0.001655484860142109
gemini25flashlite_lezgi_grammar_cyrillic_modelgloss_summary_tables_jpg	valid_reference_no_overlap83	gemini25flashlite	modelgloss	summary_tables_jpg	cyrillic	83	bleu	18.82711767509372	18.079783001672457	-0.747334673421264
gemini25flashlite_lezgi_grammar_cyrillic_modelgloss_summary_tables_jpg	valid_reference_no_overlap83	gemini25flashlite	modelgloss	summary_tables_jpg	cyrillic	83	chrf_plus_plus	43.127106395985685	43.01673708009419	-0.11036931589149646
gemini25flashlite_lezgi_grammar_cyrillic_modelgloss_summary_tables_jpg	valid_reference_no_overlap83	gemini25flashlite	modelgloss	summary_tables_jpg	cyrillic	83	xcomet_xl	0.5652155994650829	0.5684072802583855	0.003191680793302565
gemini25flashlite_lezgi_grammar_cyrillic_modelgloss_summary_tables_jpg	valid_reference_no_overlap83	gemini25flashlite	modelgloss	summary_tables_jpg	cyrillic	83	xcomet_xxl	0.3903978254242116	0.3887223949633449	-0.0016754304608667114
gemini25flashlite_lezgi_grammar_cyrillic_modelgloss_summary_tables_txt	valid_reference84	gemini25flashlite	modelgloss	summary_tables_txt	cyrillic	84	bleu	19.100665335433476	18.213229764000317	-0.8874355714331585
gemini25flashlite_lezgi_grammar_cyrillic_modelgloss_summary_tables_txt	valid_reference84	gemini25flashlite	modelgloss	summary_tables_txt	cyrillic	84	chrf_plus_plus	43.39436832236058	42.3586811292783	-1.0356871930822749
gemini25flashlite_lezgi_grammar_cyrillic_modelgloss_summary_tables_txt	valid_reference84	gemini25flashlite	modelgloss	summary_tables_txt	cyrillic	84	xcomet_xl	0.5684907340577671	0.565756027897199	-0.0027347061605680345
gemini25flashlite_lezgi_grammar_cyrillic_modelgloss_summary_tables_txt	valid_reference84	gemini25flashlite	modelgloss	summary_tables_txt	cyrillic	84	xcomet_xxl	0.39129672368012725	0.3830737327890737	-0.00822299089105355
gemini25flashlite_lezgi_grammar_cyrillic_modelgloss_summary_tables_txt	valid_reference_no_overlap83	gemini25flashlite	modelgloss	summary_tables_txt	cyrillic	83	bleu	18.82711767509372	17.939579896392807	-0.8875377787009135
gemini25flashlite_lezgi_grammar_cyrillic_modelgloss_summary_tables_txt	valid_reference_no_overlap83	gemini25flashlite	modelgloss	summary_tables_txt	cyrillic	83	chrf_plus_plus	43.127106395985685	42.08667765810447	-1.0404287378812143
gemini25flashlite_lezgi_grammar_cyrillic_modelgloss_summary_tables_txt	valid_reference_no_overlap83	gemini25flashlite	modelgloss	summary_tables_txt	cyrillic	83	xcomet_xl	0.5652155994650829	0.56244794503752	-0.0027676544275628823
gemini25flashlite_lezgi_grammar_cyrillic_modelgloss_summary_tables_txt	valid_reference_no_overlap83	gemini25flashlite	modelgloss	summary_tables_txt	cyrillic	83	xcomet_xxl	0.3903978254242116	0.38207576235374774	-0.008322063070463848
gemini25flashlite_lezgi_grammar_cyrillic_modelgloss_summary_text_txt	valid_reference84	gemini25flashlite	modelgloss	summary_text_txt	cyrillic	84	bleu	19.100665335433476	17.389451275117395	-1.711214060316081
gemini25flashlite_lezgi_grammar_cyrillic_modelgloss_summary_text_txt	valid_reference84	gemini25flashlite	modelgloss	summary_text_txt	cyrillic	84	chrf_plus_plus	43.39436832236058	42.25063801463298	-1.1437303077275942
gemini25flashlite_lezgi_grammar_cyrillic_modelgloss_summary_text_txt	valid_reference84	gemini25flashlite	modelgloss	summary_text_txt	cyrillic	84	xcomet_xl	0.5684907340577671	0.5538049246228877	-0.014685809434879404
gemini25flashlite_lezgi_grammar_cyrillic_modelgloss_summary_text_txt	valid_reference84	gemini25flashlite	modelgloss	summary_text_txt	cyrillic	84	xcomet_xxl	0.39129672368012725	0.3800300208053419	-0.011266702874785373
gemini25flashlite_lezgi_grammar_cyrillic_modelgloss_summary_text_txt	valid_reference_no_overlap83	gemini25flashlite	modelgloss	summary_text_txt	cyrillic	83	bleu	18.82711767509372	17.114780054055522	-1.7123376210381984
gemini25flashlite_lezgi_grammar_cyrillic_modelgloss_summary_text_txt	valid_reference_no_overlap83	gemini25flashlite	modelgloss	summary_text_txt	cyrillic	83	chrf_plus_plus	43.127106395985685	41.97873116170322	-1.1483752342824616
gemini25flashlite_lezgi_grammar_cyrillic_modelgloss_summary_text_txt	valid_reference_no_overlap83	gemini25flashlite	modelgloss	summary_text_txt	cyrillic	83	xcomet_xl	0.5652155994650829	0.5503528525671327	-0.014862746897950196
gemini25flashlite_lezgi_grammar_cyrillic_modelgloss_summary_text_txt	valid_reference_no_overlap83	gemini25flashlite	modelgloss	summary_text_txt	cyrillic	83	xcomet_xxl	0.3903978254242116	0.3789953791412963	-0.011402446282915313
gemini25flashlite_lezgi_grammar_cyrillic_shot_cheatsheet_jpg	valid_reference84	gemini25flashlite	shot	cheatsheet_jpg	cyrillic	84	bleu	12.943627699902477	12.217622417352944	-0.7260052825495329
gemini25flashlite_lezgi_grammar_cyrillic_shot_cheatsheet_jpg	valid_reference84	gemini25flashlite	shot	cheatsheet_jpg	cyrillic	84	chrf_plus_plus	33.95780264584514	33.52463793343813	-0.43316471240701304
gemini25flashlite_lezgi_grammar_cyrillic_shot_cheatsheet_jpg	valid_reference84	gemini25flashlite	shot	cheatsheet_jpg	cyrillic	84	xcomet_xl	0.51200432294891	0.5187848746067002	0.006780551657790235
gemini25flashlite_lezgi_grammar_cyrillic_shot_cheatsheet_jpg	valid_reference84	gemini25flashlite	shot	cheatsheet_jpg	cyrillic	84	xcomet_xxl	0.3199224605978954	0.33223651881728855	0.012314058219393131
gemini25flashlite_lezgi_grammar_cyrillic_shot_cheatsheet_jpg	valid_reference_no_overlap83	gemini25flashlite	shot	cheatsheet_jpg	cyrillic	83	bleu	12.411665471680488	11.880345004650207	-0.5313204670302802
gemini25flashlite_lezgi_grammar_cyrillic_shot_cheatsheet_jpg	valid_reference_no_overlap83	gemini25flashlite	shot	cheatsheet_jpg	cyrillic	83	chrf_plus_plus	33.548045717238274	33.19274742015247	-0.3552982970858025
gemini25flashlite_lezgi_grammar_cyrillic_shot_cheatsheet_jpg	valid_reference_no_overlap83	gemini25flashlite	shot	cheatsheet_jpg	cyrillic	83	xcomet_xl	0.508048550192132	0.5149108742374972	0.006862324045365131
gemini25flashlite_lezgi_grammar_cyrillic_shot_cheatsheet_jpg	valid_reference_no_overlap83	gemini25flashlite	shot	cheatsheet_jpg	cyrillic	83	xcomet_xxl	0.3182077467980155	0.33062605182808563	0.012418305030070131
gemini25flashlite_lezgi_grammar_cyrillic_shot_cheatsheet_txt	valid_reference84	gemini25flashlite	shot	cheatsheet_txt	cyrillic	84	bleu	12.943627699902477	11.48976110182312	-1.4538665980793564
gemini25flashlite_lezgi_grammar_cyrillic_shot_cheatsheet_txt	valid_reference84	gemini25flashlite	shot	cheatsheet_txt	cyrillic	84	chrf_plus_plus	33.95780264584514	33.29756568936393	-0.6602369564812136
gemini25flashlite_lezgi_grammar_cyrillic_shot_cheatsheet_txt	valid_reference84	gemini25flashlite	shot	cheatsheet_txt	cyrillic	84	xcomet_xl	0.51200432294891	0.4770377714719091	-0.03496655147700084
gemini25flashlite_lezgi_grammar_cyrillic_shot_cheatsheet_txt	valid_reference84	gemini25flashlite	shot	cheatsheet_txt	cyrillic	84	xcomet_xxl	0.3199224605978954	0.2990956353467135	-0.020826825251181902
gemini25flashlite_lezgi_grammar_cyrillic_shot_cheatsheet_txt	valid_reference_no_overlap83	gemini25flashlite	shot	cheatsheet_txt	cyrillic	83	bleu	12.411665471680488	10.965239787244792	-1.4464256844356953
gemini25flashlite_lezgi_grammar_cyrillic_shot_cheatsheet_txt	valid_reference_no_overlap83	gemini25flashlite	shot	cheatsheet_txt	cyrillic	83	chrf_plus_plus	33.548045717238274	32.88706563212445	-0.6609800851138274
gemini25flashlite_lezgi_grammar_cyrillic_shot_cheatsheet_txt	valid_reference_no_overlap83	gemini25flashlite	shot	cheatsheet_txt	cyrillic	83	xcomet_xl	0.508048550192132	0.47266071496239626	-0.035387835229735765
gemini25flashlite_lezgi_grammar_cyrillic_shot_cheatsheet_txt	valid_reference_no_overlap83	gemini25flashlite	shot	cheatsheet_txt	cyrillic	83	xcomet_xxl	0.3182077467980155	0.29712999594139766	-0.02107775085661784
gemini25flashlite_lezgi_grammar_cyrillic_shot_summary_tables_jpg	valid_reference84	gemini25flashlite	shot	summary_tables_jpg	cyrillic	84	bleu	12.943627699902477	12.141044924055288	-0.8025827758471884
gemini25flashlite_lezgi_grammar_cyrillic_shot_summary_tables_jpg	valid_reference84	gemini25flashlite	shot	summary_tables_jpg	cyrillic	84	chrf_plus_plus	33.95780264584514	33.12431867692439	-0.8334839689207527
gemini25flashlite_lezgi_grammar_cyrillic_shot_summary_tables_jpg	valid_reference84	gemini25flashlite	shot	summary_tables_jpg	cyrillic	84	xcomet_xl	0.51200432294891	0.5190493783780507	0.00704505542914069
gemini25flashlite_lezgi_grammar_cyrillic_shot_summary_tables_jpg	valid_reference84	gemini25flashlite	shot	summary_tables_jpg	cyrillic	84	xcomet_xxl	0.3199224605978954	0.33582168968305703	0.015899229085161615
gemini25flashlite_lezgi_grammar_cyrillic_shot_summary_tables_jpg	valid_reference_no_overlap83	gemini25flashlite	shot	summary_tables_jpg	cyrillic	83	bleu	12.411665471680488	11.78469659624264	-0.6269688754378482
gemini25flashlite_lezgi_grammar_cyrillic_shot_summary_tables_jpg	valid_reference_no_overlap83	gemini25flashlite	shot	summary_tables_jpg	cyrillic	83	chrf_plus_plus	33.548045717238274	32.78816950785621	-0.7598762093820639
gemini25flashlite_lezgi_grammar_cyrillic_shot_summary_tables_jpg	valid_reference_no_overlap83	gemini25flashlite	shot	summary_tables_jpg	cyrillic	83	xcomet_xl	0.508048550192132	0.5151785648012736	0.007130014609141533
gemini25flashlite_lezgi_grammar_cyrillic_shot_summary_tables_jpg	valid_reference_no_overlap83	gemini25flashlite	shot	summary_tables_jpg	cyrillic	83	xcomet_xxl	0.3182077467980155	0.33425441752356216	0.016046670725546663
gemini25flashlite_lezgi_grammar_cyrillic_shot_summary_tables_txt	valid_reference84	gemini25flashlite	shot	summary_tables_txt	cyrillic	84	bleu	12.943627699902477	12.102970750823204	-0.840656949079273
gemini25flashlite_lezgi_grammar_cyrillic_shot_summary_tables_txt	valid_reference84	gemini25flashlite	shot	summary_tables_txt	cyrillic	84	chrf_plus_plus	33.95780264584514	32.61450024746852	-1.343302398376622
gemini25flashlite_lezgi_grammar_cyrillic_shot_summary_tables_txt	valid_reference84	gemini25flashlite	shot	summary_tables_txt	cyrillic	84	xcomet_xl	0.51200432294891	0.47228729050783885	-0.03971703244107111
gemini25flashlite_lezgi_grammar_cyrillic_shot_summary_tables_txt	valid_reference84	gemini25flashlite	shot	summary_tables_txt	cyrillic	84	xcomet_xxl	0.3199224605978954	0.30779509202000643	-0.012127368577888986
gemini25flashlite_lezgi_grammar_cyrillic_shot_summary_tables_txt	valid_reference_no_overlap83	gemini25flashlite	shot	summary_tables_txt	cyrillic	83	bleu	12.411665471680488	11.577844593931282	-0.833820877749206
gemini25flashlite_lezgi_grammar_cyrillic_shot_summary_tables_txt	valid_reference_no_overlap83	gemini25flashlite	shot	summary_tables_txt	cyrillic	83	chrf_plus_plus	33.548045717238274	32.197355529700026	-1.3506901875382482
gemini25flashlite_lezgi_grammar_cyrillic_shot_summary_tables_txt	valid_reference_no_overlap83	gemini25flashlite	shot	summary_tables_txt	cyrillic	83	xcomet_xl	0.508048550192132	0.4678529992879155	-0.040195550904216504
gemini25flashlite_lezgi_grammar_cyrillic_shot_summary_tables_txt	valid_reference_no_overlap83	gemini25flashlite	shot	summary_tables_txt	cyrillic	83	xcomet_xxl	0.3182077467980155	0.30593426534569407	-0.012273481452321433
gemini25flashlite_lezgi_grammar_cyrillic_shot_summary_text_txt	valid_reference84	gemini25flashlite	shot	summary_text_txt	cyrillic	84	bleu	12.943627699902477	12.160569750285724	-0.7830579496167527
gemini25flashlite_lezgi_grammar_cyrillic_shot_summary_text_txt	valid_reference84	gemini25flashlite	shot	summary_text_txt	cyrillic	84	chrf_plus_plus	33.95780264584514	32.71828914943031	-1.2395134964148298
gemini25flashlite_lezgi_grammar_cyrillic_shot_summary_text_txt	valid_reference84	gemini25flashlite	shot	summary_text_txt	cyrillic	84	xcomet_xl	0.51200432294891	0.4907964258676484	-0.021207897081261584
gemini25flashlite_lezgi_grammar_cyrillic_shot_summary_text_txt	valid_reference84	gemini25flashlite	shot	summary_text_txt	cyrillic	84	xcomet_xxl	0.3199224605978954	0.3186010591508377	-0.001321401447057724
gemini25flashlite_lezgi_grammar_cyrillic_shot_summary_text_txt	valid_reference_no_overlap83	gemini25flashlite	shot	summary_text_txt	cyrillic	83	bleu	12.411665471680488	11.643350441218201	-0.7683150304622863
gemini25flashlite_lezgi_grammar_cyrillic_shot_summary_text_txt	valid_reference_no_overlap83	gemini25flashlite	shot	summary_text_txt	cyrillic	83	chrf_plus_plus	33.548045717238274	32.300636340370126	-1.2474093768681485
gemini25flashlite_lezgi_grammar_cyrillic_shot_summary_text_txt	valid_reference_no_overlap83	gemini25flashlite	shot	summary_text_txt	cyrillic	83	xcomet_xl	0.508048550192132	0.4865851362785661	-0.021463413913565932
gemini25flashlite_lezgi_grammar_cyrillic_shot_summary_text_txt	valid_reference_no_overlap83	gemini25flashlite	shot	summary_text_txt	cyrillic	83	xcomet_xxl	0.3182077467980155	0.3168704248515956	-0.0013373219464198893
gemini25flashlite_lezgi_grammar_original_chain_gloss_cheatsheet_jpg	valid_reference84	gemini25flashlite	chain_gloss	cheatsheet_jpg	original	84	bleu	13.958405087253626	13.2937121221484	-0.6646929651052265
gemini25flashlite_lezgi_grammar_original_chain_gloss_cheatsheet_jpg	valid_reference84	gemini25flashlite	chain_gloss	cheatsheet_jpg	original	84	chrf_plus_plus	33.34972013649723	33.594123437271215	0.24440330077398187
gemini25flashlite_lezgi_grammar_original_chain_gloss_cheatsheet_jpg	valid_reference84	gemini25flashlite	chain_gloss	cheatsheet_jpg	original	84	xcomet_xl	0.4994505555147216	0.49337465972417877	-0.006075895790542851
gemini25flashlite_lezgi_grammar_original_chain_gloss_cheatsheet_jpg	valid_reference84	gemini25flashlite	chain_gloss	cheatsheet_jpg	original	84	xcomet_xxl	0.3153331976916109	0.31698168042515007	0.0016484827335391805
gemini25flashlite_lezgi_grammar_original_chain_gloss_cheatsheet_jpg	valid_reference_no_overlap83	gemini25flashlite	chain_gloss	cheatsheet_jpg	original	83	bleu	13.450570624484481	12.997928104291187	-0.45264252019329376
gemini25flashlite_lezgi_grammar_original_chain_gloss_cheatsheet_jpg	valid_reference_no_overlap83	gemini25flashlite	chain_gloss	cheatsheet_jpg	original	83	chrf_plus_plus	32.93292776336113	33.273041874005145	0.3401141106440164
gemini25flashlite_lezgi_grammar_original_chain_gloss_cheatsheet_jpg	valid_reference_no_overlap83	gemini25flashlite	chain_gloss	cheatsheet_jpg	original	83	xcomet_xl	0.4953435325478933	0.4887882483651839	-0.006555284182709398
gemini25flashlite_lezgi_grammar_original_chain_gloss_cheatsheet_jpg	valid_reference_no_overlap83	gemini25flashlite	chain_gloss	cheatsheet_jpg	original	83	xcomet_xxl	0.31356319156755885	0.3135431187160044	-2.007285155447569e-05
gemini25flashlite_lezgi_grammar_original_chain_gloss_cheatsheet_txt	valid_reference84	gemini25flashlite	chain_gloss	cheatsheet_txt	original	84	bleu	13.958405087253626	11.103711980735095	-2.85469310651853
gemini25flashlite_lezgi_grammar_original_chain_gloss_cheatsheet_txt	valid_reference84	gemini25flashlite	chain_gloss	cheatsheet_txt	original	84	chrf_plus_plus	33.34972013649723	31.525839216422813	-1.8238809200744193
gemini25flashlite_lezgi_grammar_original_chain_gloss_cheatsheet_txt	valid_reference84	gemini25flashlite	chain_gloss	cheatsheet_txt	original	84	xcomet_xl	0.4994505555147216	0.4826674780675343	-0.016783077447187322
gemini25flashlite_lezgi_grammar_original_chain_gloss_cheatsheet_txt	valid_reference84	gemini25flashlite	chain_gloss	cheatsheet_txt	original	84	xcomet_xxl	0.3153331976916109	0.29508055090194657	-0.02025264678966432
gemini25flashlite_lezgi_grammar_original_chain_gloss_cheatsheet_txt	valid_reference_no_overlap83	gemini25flashlite	chain_gloss	cheatsheet_txt	original	83	bleu	13.450570624484481	10.560209989031284	-2.890360635453197
gemini25flashlite_lezgi_grammar_original_chain_gloss_cheatsheet_txt	valid_reference_no_overlap83	gemini25flashlite	chain_gloss	cheatsheet_txt	original	83	chrf_plus_plus	32.93292776336113	31.102814856544132	-1.8301129068169963
gemini25flashlite_lezgi_grammar_original_chain_gloss_cheatsheet_txt	valid_reference_no_overlap83	gemini25flashlite	chain_gloss	cheatsheet_txt	original	83	xcomet_xl	0.4953435325478933	0.4783582493483302	-0.016985283199563106
gemini25flashlite_lezgi_grammar_original_chain_gloss_cheatsheet_txt	valid_reference_no_overlap83	gemini25flashlite	chain_gloss	cheatsheet_txt	original	83	xcomet_xxl	0.31356319156755885	0.293066536985248	-0.02049665458231087
gemini25flashlite_lezgi_grammar_original_chain_gloss_pdfpages_impactful_jpg	valid_reference84	gemini25flashlite	chain_gloss	pdfpages_impactful_jpg	original	84	bleu	13.958405087253626	12.796126171142895	-1.162278916110731
gemini25flashlite_lezgi_grammar_original_chain_gloss_pdfpages_impactful_jpg	valid_reference84	gemini25flashlite	chain_gloss	pdfpages_impactful_jpg	original	84	chrf_plus_plus	33.34972013649723	34.56834398982398	1.218623853326747
gemini25flashlite_lezgi_grammar_original_chain_gloss_pdfpages_impactful_jpg	valid_reference84	gemini25flashlite	chain_gloss	pdfpages_impactful_jpg	original	84	xcomet_xl	0.4994505555147216	0.509966621086711	0.010516065571989364
gemini25flashlite_lezgi_grammar_original_chain_gloss_pdfpages_impactful_jpg	valid_reference84	gemini25flashlite	chain_gloss	pdfpages_impactful_jpg	original	84	xcomet_xxl	0.3153331976916109	0.32685310065391515	0.011519902962304263
gemini25flashlite_lezgi_grammar_original_chain_gloss_pdfpages_impactful_jpg	valid_reference_no_overlap83	gemini25flashlite	chain_gloss	pdfpages_impactful_jpg	original	83	bleu	13.450570624484481	12.447882350622406	-1.0026882738620753
gemini25flashlite_lezgi_grammar_original_chain_gloss_pdfpages_impactful_jpg	valid_reference_no_overlap83	gemini25flashlite	chain_gloss	pdfpages_impactful_jpg	original	83	chrf_plus_plus	32.93292776336113	34.241997363220946	1.3090695998598179
gemini25flashlite_lezgi_grammar_original_chain_gloss_pdfpages_impactful_jpg	valid_reference_no_overlap83	gemini25flashlite	chain_gloss	pdfpages_impactful_jpg	original	83	xcomet_xl	0.4953435325478933	0.5059863766991949	0.010642844151301567
gemini25flashlite_lezgi_grammar_original_chain_gloss_pdfpages_impactful_jpg	valid_reference_no_overlap83	gemini25flashlite	chain_gloss	pdfpages_impactful_jpg	original	83	xcomet_xxl	0.31356319156755885	0.32517777320491265	0.011614581637353794
gemini25flashlite_lezgi_grammar_original_chain_gloss_summary_tables_jpg	valid_reference84	gemini25flashlite	chain_gloss	summary_tables_jpg	original	84	bleu	13.958405087253626	11.026447673352779	-2.9319574139008466
gemini25flashlite_lezgi_grammar_original_chain_gloss_summary_tables_jpg	valid_reference84	gemini25flashlite	chain_gloss	summary_tables_jpg	original	84	chrf_plus_plus	33.34972013649723	33.26016539332947	-0.08955474316775991
gemini25flashlite_lezgi_grammar_original_chain_gloss_summary_tables_jpg	valid_reference84	gemini25flashlite	chain_gloss	summary_tables_jpg	original	84	xcomet_xl	0.4994505555147216	0.4915206567162559	-0.007929898798465729
gemini25flashlite_lezgi_grammar_original_chain_gloss_summary_tables_jpg	valid_reference84	gemini25flashlite	chain_gloss	summary_tables_jpg	original	84	xcomet_xxl	0.3153331976916109	0.3124432468875533	-0.0028899508040575728
gemini25flashlite_lezgi_grammar_original_chain_gloss_summary_tables_jpg	valid_reference_no_overlap83	gemini25flashlite	chain_gloss	summary_tables_jpg	original	83	bleu	13.450570624484481	10.66070982914006	-2.7898607953444206
gemini25flashlite_lezgi_grammar_original_chain_gloss_summary_tables_jpg	valid_reference_no_overlap83	gemini25flashlite	chain_gloss	summary_tables_jpg	original	83	chrf_plus_plus	32.93292776336113	32.92742834833598	-0.005499415025148835
gemini25flashlite_lezgi_grammar_original_chain_gloss_summary_tables_jpg	valid_reference_no_overlap83	gemini25flashlite	chain_gloss	summary_tables_jpg	original	83	xcomet_xl	0.4953435325478933	0.487318171794156	-0.008025360753737332
gemini25flashlite_lezgi_grammar_original_chain_gloss_summary_tables_jpg	valid_reference_no_overlap83	gemini25flashlite	chain_gloss	summary_tables_jpg	original	83	xcomet_xxl	0.31356319156755885	0.3105943067425705	-0.0029688848249883604
gemini25flashlite_lezgi_grammar_original_chain_gloss_summary_tables_txt	valid_reference84	gemini25flashlite	chain_gloss	summary_tables_txt	original	84	bleu	13.958405087253626	11.65427366067916	-2.3041314265744663
gemini25flashlite_lezgi_grammar_original_chain_gloss_summary_tables_txt	valid_reference84	gemini25flashlite	chain_gloss	summary_tables_txt	original	84	chrf_plus_plus	33.34972013649723	31.26174716478633	-2.0879729717109043
gemini25flashlite_lezgi_grammar_original_chain_gloss_summary_tables_txt	valid_reference84	gemini25flashlite	chain_gloss	summary_tables_txt	original	84	xcomet_xl	0.4994505555147216	0.4764355302211784	-0.023015025293543212
gemini25flashlite_lezgi_grammar_original_chain_gloss_summary_tables_txt	valid_reference84	gemini25flashlite	chain_gloss	summary_tables_txt	original	84	xcomet_xxl	0.3153331976916109	0.2929296850980747	-0.02240351259353618
gemini25flashlite_lezgi_grammar_original_chain_gloss_summary_tables_txt	valid_reference_no_overlap83	gemini25flashlite	chain_gloss	summary_tables_txt	original	83	bleu	13.450570624484481	11.127802693464357	-2.322767931020124
gemini25flashlite_lezgi_grammar_original_chain_gloss_summary_tables_txt	valid_reference_no_overlap83	gemini25flashlite	chain_gloss	summary_tables_txt	original	83	chrf_plus_plus	32.93292776336113	30.835769109615356	-2.0971586537457725
gemini25flashlite_lezgi_grammar_original_chain_gloss_summary_tables_txt	valid_reference_no_overlap83	gemini25flashlite	chain_gloss	summary_tables_txt	original	83	xcomet_xl	0.4953435325478933	0.4720512177929821	-0.023292314754911225
gemini25flashlite_lezgi_grammar_original_chain_gloss_summary_tables_txt	valid_reference_no_overlap83	gemini25flashlite	chain_gloss	summary_tables_txt	original	83	xcomet_xxl	0.31356319156755885	0.2908897571355464	-0.022673434432012474
gemini25flashlite_lezgi_grammar_original_chain_gloss_summary_text_txt	valid_reference84	gemini25flashlite	chain_gloss	summary_text_txt	original	84	bleu	13.958405087253626	10.780983709424737	-3.177421377828889
gemini25flashlite_lezgi_grammar_original_chain_gloss_summary_text_txt	valid_reference84	gemini25flashlite	chain_gloss	summary_text_txt	original	84	chrf_plus_plus	33.34972013649723	29.942863261794656	-3.4068568747025765
gemini25flashlite_lezgi_grammar_original_chain_gloss_summary_text_txt	valid_reference84	gemini25flashlite	chain_gloss	summary_text_txt	original	84	xcomet_xl	0.4994505555147216	0.4704144393049535	-0.029036116209768092
gemini25flashlite_lezgi_grammar_original_chain_gloss_summary_text_txt	valid_reference84	gemini25flashlite	chain_gloss	summary_text_txt	original	84	xcomet_xxl	0.3153331976916109	0.2812530148242201	-0.034080182867390785
gemini25flashlite_lezgi_grammar_original_chain_gloss_summary_text_txt	valid_reference_no_overlap83	gemini25flashlite	chain_gloss	summary_text_txt	original	83	bleu	13.450570624484481	10.162019229423095	-3.2885513950613863
gemini25flashlite_lezgi_grammar_original_chain_gloss_summary_text_txt	valid_reference_no_overlap83	gemini25flashlite	chain_gloss	summary_text_txt	original	83	chrf_plus_plus	32.93292776336113	29.500219378807103	-3.432708384554026
gemini25flashlite_lezgi_grammar_original_chain_gloss_summary_text_txt	valid_reference_no_overlap83	gemini25flashlite	chain_gloss	summary_text_txt	original	83	xcomet_xl	0.4953435325478933	0.4659575836127063	-0.029385948935187034
gemini25flashlite_lezgi_grammar_original_chain_gloss_summary_text_txt	valid_reference_no_overlap83	gemini25flashlite	chain_gloss	summary_text_txt	original	83	xcomet_xxl	0.31356319156755885	0.27907240408730793	-0.03449078748025092
gemini25flashlite_lezgi_grammar_original_modelgloss_cheatsheet_jpg	valid_reference84	gemini25flashlite	modelgloss	cheatsheet_jpg	original	84	bleu	19.100665335433476	18.493268400792306	-0.6073969346411694
gemini25flashlite_lezgi_grammar_original_modelgloss_cheatsheet_jpg	valid_reference84	gemini25flashlite	modelgloss	cheatsheet_jpg	original	84	chrf_plus_plus	43.39436832236058	43.88350326313144	0.4891349407708603
gemini25flashlite_lezgi_grammar_original_modelgloss_cheatsheet_jpg	valid_reference84	gemini25flashlite	modelgloss	cheatsheet_jpg	original	84	xcomet_xl	0.5684907340577671	0.5588042058405422	-0.009686528217224821
gemini25flashlite_lezgi_grammar_original_modelgloss_cheatsheet_jpg	valid_reference84	gemini25flashlite	modelgloss	cheatsheet_jpg	original	84	xcomet_xxl	0.39129672368012725	0.3906745048505919	-0.000622218829535337
gemini25flashlite_lezgi_grammar_original_modelgloss_cheatsheet_jpg	valid_reference_no_overlap83	gemini25flashlite	modelgloss	cheatsheet_jpg	original	83	bleu	18.82711767509372	18.235676773014166	-0.5914409020795546
gemini25flashlite_lezgi_grammar_original_modelgloss_cheatsheet_jpg	valid_reference_no_overlap83	gemini25flashlite	modelgloss	cheatsheet_jpg	original	83	chrf_plus_plus	43.127106395985685	43.622962223117185	0.4958558271314999
gemini25flashlite_lezgi_grammar_original_modelgloss_cheatsheet_jpg	valid_reference_no_overlap83	gemini25flashlite	modelgloss	cheatsheet_jpg	original	83	xcomet_xl	0.5652155994650829	0.5554123660886144	-0.00980323337646849
gemini25flashlite_lezgi_grammar_original_modelgloss_cheatsheet_jpg	valid_reference_no_overlap83	gemini25flashlite	modelgloss	cheatsheet_jpg	original	83	xcomet_xxl	0.3903978254242116	0.38976810998227224	-0.0006297154419393491
gemini25flashlite_lezgi_grammar_original_modelgloss_cheatsheet_txt	valid_reference84	gemini25flashlite	modelgloss	cheatsheet_txt	original	84	bleu	19.100665335433476	17.576680433498165	-1.5239849019353109
gemini25flashlite_lezgi_grammar_original_modelgloss_cheatsheet_txt	valid_reference84	gemini25flashlite	modelgloss	cheatsheet_txt	original	84	chrf_plus_plus	43.39436832236058	42.026190271438935	-1.3681780509216424
gemini25flashlite_lezgi_grammar_original_modelgloss_cheatsheet_txt	valid_reference84	gemini25flashlite	modelgloss	cheatsheet_txt	original	84	xcomet_xl	0.5684907340577671	0.5641078998645147	-0.004382834193252361
gemini25flashlite_lezgi_grammar_original_modelgloss_cheatsheet_txt	valid_reference84	gemini25flashlite	modelgloss	cheatsheet_txt	original	84	xcomet_xxl	0.39129672368012725	0.37782332451925393	-0.013473399160873312
gemini25flashlite_lezgi_grammar_original_modelgloss_cheatsheet_txt	valid_reference_no_overlap83	gemini25flashlite	modelgloss	cheatsheet_txt	original	83	bleu	18.82711767509372	17.302739458128546	-1.5243782169651752
gemini25flashlite_lezgi_grammar_original_modelgloss_cheatsheet_txt	valid_reference_no_overlap83	gemini25flashlite	modelgloss	cheatsheet_txt	original	83	chrf_plus_plus	43.127106395985685	41.75139270810094	-1.3757136878847476
gemini25flashlite_lezgi_grammar_original_modelgloss_cheatsheet_txt	valid_reference_no_overlap83	gemini25flashlite	modelgloss	cheatsheet_txt	original	83	xcomet_xl	0.5652155994650829	0.5607799600405865	-0.004435639424496429
gemini25flashlite_lezgi_grammar_original_modelgloss_cheatsheet_txt	valid_reference_no_overlap83	gemini25flashlite	modelgloss	cheatsheet_txt	original	83	xcomet_xxl	0.3903978254242116	0.3767620961529663	-0.01363572927124529
gemini25flashlite_lezgi_grammar_original_modelgloss_pdfpages_impactful_jpg	valid_reference84	gemini25flashlite	modelgloss	pdfpages_impactful_jpg	original	84	bleu	19.100665335433476	17.5728541297177	-1.527811205715775
gemini25flashlite_lezgi_grammar_original_modelgloss_pdfpages_impactful_jpg	valid_reference84	gemini25flashlite	modelgloss	pdfpages_impactful_jpg	original	84	chrf_plus_plus	43.39436832236058	42.75357871503849	-0.640789607322084
gemini25flashlite_lezgi_grammar_original_modelgloss_pdfpages_impactful_jpg	valid_reference84	gemini25flashlite	modelgloss	pdfpages_impactful_jpg	original	84	xcomet_xl	0.5684907340577671	0.5698626866298062	0.0013719525720391479
gemini25flashlite_lezgi_grammar_original_modelgloss_pdfpages_impactful_jpg	valid_reference84	gemini25flashlite	modelgloss	pdfpages_impactful_jpg	original	84	xcomet_xxl	0.39129672368012725	0.38939373807183336	-0.0019029856082938834
gemini25flashlite_lezgi_grammar_original_modelgloss_pdfpages_impactful_jpg	valid_reference_no_overlap83	gemini25flashlite	modelgloss	pdfpages_impactful_jpg	original	83	bleu	18.82711767509372	17.294250779031437	-1.5328668960622842
gemini25flashlite_lezgi_grammar_original_modelgloss_pdfpages_impactful_jpg	valid_reference_no_overlap83	gemini25flashlite	modelgloss	pdfpages_impactful_jpg	original	83	chrf_plus_plus	43.127106395985685	42.48378557716034	-0.6433208188253445
gemini25flashlite_lezgi_grammar_original_modelgloss_pdfpages_impactful_jpg	valid_reference_no_overlap83	gemini25flashlite	modelgloss	pdfpages_impactful_jpg	original	83	xcomet_xl	0.5652155994650829	0.5666040815861828	0.0013884821210998766
gemini25flashlite_lezgi_grammar_original_modelgloss_pdfpages_impactful_jpg	valid_reference_no_overlap83	gemini25flashlite	modelgloss	pdfpages_impactful_jpg	original	83	xcomet_xxl	0.3903978254242116	0.38847191227846833	-0.0019259131457432521
gemini25flashlite_lezgi_grammar_original_modelgloss_summary_tables_jpg	valid_reference84	gemini25flashlite	modelgloss	summary_tables_jpg	original	84	bleu	19.100665335433476	18.552824046695147	-0.5478412887383293
gemini25flashlite_lezgi_grammar_original_modelgloss_summary_tables_jpg	valid_reference84	gemini25flashlite	modelgloss	summary_tables_jpg	original	84	chrf_plus_plus	43.39436832236058	43.90505365608378	0.5106853337232025
gemini25flashlite_lezgi_grammar_original_modelgloss_summary_tables_jpg	valid_reference84	gemini25flashlite	modelgloss	summary_tables_jpg	original	84	xcomet_xl	0.5684907340577671	0.5769388037068504	0.00844806964908329
gemini25flashlite_lezgi_grammar_original_modelgloss_summary_tables_jpg	valid_reference84	gemini25flashlite	modelgloss	summary_tables_jpg	original	84	xcomet_xxl	0.39129672368012725	0.39371895506268456	0.002422231382557316
gemini25flashlite_lezgi_grammar_original_modelgloss_summary_tables_jpg	valid_reference_no_overlap83	gemini25flashlite	modelgloss	summary_tables_jpg	original	83	bleu	18.82711767509372	18.280897194312075	-0.5462204807816455
gemini25flashlite_lezgi_grammar_original_modelgloss_summary_tables_jpg	valid_reference_no_overlap83	gemini25flashlite	modelgloss	summary_tables_jpg	original	83	chrf_plus_plus	43.127106395985685	43.642507306635274	0.5154009106495892
gemini25flashlite_lezgi_grammar_original_modelgloss_summary_tables_jpg	valid_reference_no_overlap83	gemini25flashlite	modelgloss	summary_tables_jpg	original	83	xcomet_xl	0.5652155994650829	0.5737654530858419	0.008549853620758996
gemini25flashlite_lezgi_grammar_original_modelgloss_summary_tables_jpg	valid_reference_no_overlap83	gemini25flashlite	modelgloss	summary_tables_jpg	original	83	xcomet_xxl	0.3903978254242116	0.3928492403174021	0.0024514148931905066
gemini25flashlite_lezgi_grammar_original_modelgloss_summary_tables_txt	valid_reference84	gemini25flashlite	modelgloss	summary_tables_txt	original	84	bleu	19.100665335433476	18.865374443568875	-0.23529089186460084
gemini25flashlite_lezgi_grammar_original_modelgloss_summary_tables_txt	valid_reference84	gemini25flashlite	modelgloss	summary_tables_txt	original	84	chrf_plus_plus	43.39436832236058	42.545167788822	-0.8492005335385784
gemini25flashlite_lezgi_grammar_original_modelgloss_summary_tables_txt	valid_reference84	gemini25flashlite	modelgloss	summary_tables_txt	original	84	xcomet_xl	0.5684907340577671	0.56285557753983	-0.005635156517937112
gemini25flashlite_lezgi_grammar_original_modelgloss_summary_tables_txt	valid_reference84	gemini25flashlite	modelgloss	summary_tables_txt	original	84	xcomet_xxl	0.39129672368012725	0.38292625546455383	-0.008370468215573412
gemini25flashlite_lezgi_grammar_original_modelgloss_summary_tables_txt	valid_reference_no_overlap83	gemini25flashlite	modelgloss	summary_tables_txt	original	83	bleu	18.82711767509372	18.595678685702147	-0.2314389893915738
gemini25flashlite_lezgi_grammar_original_modelgloss_summary_tables_txt	valid_reference_no_overlap83	gemini25flashlite	modelgloss	summary_tables_txt	original	83	chrf_plus_plus	43.127106395985685	42.272588023376855	-0.8545183726088297
gemini25flashlite_lezgi_grammar_original_modelgloss_summary_tables_txt	valid_reference_no_overlap83	gemini25flashlite	modelgloss	summary_tables_txt	original	83	xcomet_xl	0.5652155994650829	0.5595125494951225	-0.005703049969960405
gemini25flashlite_lezgi_grammar_original_modelgloss_summary_tables_txt	valid_reference_no_overlap83	gemini25flashlite	modelgloss	summary_tables_txt	original	83	xcomet_xxl	0.3903978254242116	0.3819265081939927	-0.008471317230218878
gemini25flashlite_lezgi_grammar_original_modelgloss_summary_text_txt	valid_reference84	gemini25flashlite	modelgloss	summary_text_txt	original	84	bleu	19.100665335433476	16.60371225847155	-2.496953076961926
gemini25flashlite_lezgi_grammar_original_modelgloss_summary_text_txt	valid_reference84	gemini25flashlite	modelgloss	summary_text_txt	original	84	chrf_plus_plus	43.39436832236058	41.590290466744285	-1.804077855616292
gemini25flashlite_lezgi_grammar_original_modelgloss_summary_text_txt	valid_reference84	gemini25flashlite	modelgloss	summary_text_txt	original	84	xcomet_xl	0.5684907340577671	0.5487479936508906	-0.019742740406876513
gemini25flashlite_lezgi_grammar_original_modelgloss_summary_text_txt	valid_reference84	gemini25flashlite	modelgloss	summary_text_txt	original	84	xcomet_xxl	0.39129672368012725	0.37063807071674437	-0.020658652963382873
gemini25flashlite_lezgi_grammar_original_modelgloss_summary_text_txt	valid_reference_no_overlap83	gemini25flashlite	modelgloss	summary_text_txt	original	83	bleu	18.82711767509372	16.328837221539004	-2.4982804535547167
gemini25flashlite_lezgi_grammar_original_modelgloss_summary_text_txt	valid_reference_no_overlap83	gemini25flashlite	modelgloss	summary_text_txt	original	83	chrf_plus_plus	43.127106395985685	41.31481987468102	-1.8122865213046637
gemini25flashlite_lezgi_grammar_original_modelgloss_summary_text_txt	valid_reference_no_overlap83	gemini25flashlite	modelgloss	summary_text_txt	original	83	xcomet_xl	0.5652155994650829	0.5452349947159549	-0.019980604749127995
gemini25flashlite_lezgi_grammar_original_modelgloss_summary_text_txt	valid_reference_no_overlap83	gemini25flashlite	modelgloss	summary_text_txt	original	83	xcomet_xxl	0.3903978254242116	0.36949027302753495	-0.020907552396676632
gemini25flashlite_lezgi_grammar_original_shot_cheatsheet_jpg	valid_reference84	gemini25flashlite	shot	cheatsheet_jpg	original	84	bleu	12.943627699902477	9.81506665372787	-3.1285610461746067
gemini25flashlite_lezgi_grammar_original_shot_cheatsheet_jpg	valid_reference84	gemini25flashlite	shot	cheatsheet_jpg	original	84	chrf_plus_plus	33.95780264584514	33.01750492208414	-0.9402977237609988
gemini25flashlite_lezgi_grammar_original_shot_cheatsheet_jpg	valid_reference84	gemini25flashlite	shot	cheatsheet_jpg	original	84	xcomet_xl	0.51200432294891	0.49910101631567594	-0.012903306633234024
gemini25flashlite_lezgi_grammar_original_shot_cheatsheet_jpg	valid_reference84	gemini25flashlite	shot	cheatsheet_jpg	original	84	xcomet_xxl	0.3199224605978954	0.32662867985311006	0.0067062192552146405
gemini25flashlite_lezgi_grammar_original_shot_cheatsheet_jpg	valid_reference_no_overlap83	gemini25flashlite	shot	cheatsheet_jpg	original	83	bleu	12.411665471680488	9.44467376167241	-2.9669917100080774
gemini25flashlite_lezgi_grammar_original_shot_cheatsheet_jpg	valid_reference_no_overlap83	gemini25flashlite	shot	cheatsheet_jpg	original	83	chrf_plus_plus	33.548045717238274	32.68617015754312	-0.8618755596951573
gemini25flashlite_lezgi_grammar_original_shot_cheatsheet_jpg	valid_reference_no_overlap83	gemini25flashlite	shot	cheatsheet_jpg	original	83	xcomet_xl	0.508048550192132	0.49498986102730397	-0.013058689164828052
gemini25flashlite_lezgi_grammar_original_shot_cheatsheet_jpg	valid_reference_no_overlap83	gemini25flashlite	shot	cheatsheet_jpg	original	83	xcomet_xxl	0.3182077467980155	0.3249506485390376	0.0067429017410221
gemini25flashlite_lezgi_grammar_original_shot_cheatsheet_txt	valid_reference84	gemini25flashlite	shot	cheatsheet_txt	original	84	bleu	12.943627699902477	12.421312376821493	-0.5223153230809832
gemini25flashlite_lezgi_grammar_original_shot_cheatsheet_txt	valid_reference84	gemini25flashlite	shot	cheatsheet_txt	original	84	chrf_plus_plus	33.95780264584514	33.0756319575731	-0.8821706882720406
gemini25flashlite_lezgi_grammar_original_shot_cheatsheet_txt	valid_reference84	gemini25flashlite	shot	cheatsheet_txt	original	84	xcomet_xl	0.51200432294891	0.48383040726184845	-0.028173915687061513
gemini25flashlite_lezgi_grammar_original_shot_cheatsheet_txt	valid_reference84	gemini25flashlite	shot	cheatsheet_txt	original	84	xcomet_xxl	0.3199224605978954	0.3021640279995544	-0.017758432598341034
gemini25flashlite_lezgi_grammar_original_shot_cheatsheet_txt	valid_reference_no_overlap83	gemini25flashlite	shot	cheatsheet_txt	original	83	bleu	12.411665471680488	11.901285976625363	-0.5103794950551244
gemini25flashlite_lezgi_grammar_original_shot_cheatsheet_txt	valid_reference_no_overlap83	gemini25flashlite	shot	cheatsheet_txt	original	83	chrf_plus_plus	33.548045717238274	32.660213442986155	-0.8878322742521192
gemini25flashlite_lezgi_grammar_original_shot_cheatsheet_txt	valid_reference_no_overlap83	gemini25flashlite	shot	cheatsheet_txt	original	83	xcomet_xl	0.508048550192132	0.47953518973775655	-0.02851336045437547
gemini25flashlite_lezgi_grammar_original_shot_cheatsheet_txt	valid_reference_no_overlap83	gemini25flashlite	shot	cheatsheet_txt	original	83	xcomet_xxl	0.3182077467980155	0.30023535718041733	-0.017972389617598172
gemini25flashlite_lezgi_grammar_original_shot_pdfpages_impactful_jpg	valid_reference84	gemini25flashlite	shot	pdfpages_impactful_jpg	original	84	bleu	12.943627699902477	12.911224985807985	-0.03240271409449136
gemini25flashlite_lezgi_grammar_original_shot_pdfpages_impactful_jpg	valid_reference84	gemini25flashlite	shot	pdfpages_impactful_jpg	original	84	chrf_plus_plus	33.95780264584514	34.18188399923762	0.22408135339247792
gemini25flashlite_lezgi_grammar_original_shot_pdfpages_impactful_jpg	valid_reference84	gemini25flashlite	shot	pdfpages_impactful_jpg	original	84	xcomet_xl	0.51200432294891	0.5104362153936	-0.0015681075553100055
gemini25flashlite_lezgi_grammar_original_shot_pdfpages_impactful_jpg	valid_reference84	gemini25flashlite	shot	pdfpages_impactful_jpg	original	84	xcomet_xxl	0.3199224605978954	0.3296248380626951	0.009702377464799683
gemini25flashlite_lezgi_grammar_original_shot_pdfpages_impactful_jpg	valid_reference_no_overlap83	gemini25flashlite	shot	pdfpages_impactful_jpg	original	83	bleu	12.411665471680488	12.592498675007842	0.18083320332735475
gemini25flashlite_lezgi_grammar_original_shot_pdfpages_impactful_jpg	valid_reference_no_overlap83	gemini25flashlite	shot	pdfpages_impactful_jpg	original	83	chrf_plus_plus	33.548045717238274	33.85542530778847	0.30737959055019815
gemini25flashlite_lezgi_grammar_original_shot_pdfpages_impactful_jpg	valid_reference_no_overlap83	gemini25flashlite	shot	pdfpages_impactful_jpg	original	83	xcomet_xl	0.508048550192132	0.5064217353082565	-0.0016268148838755048
gemini25flashlite_lezgi_grammar_original_shot_pdfpages_impactful_jpg	valid_reference_no_overlap83	gemini25flashlite	shot	pdfpages_impactful_jpg	original	83	xcomet_xxl	0.3182077467980155	0.3280482676373907	0.0098405208393752
gemini25flashlite_lezgi_grammar_original_shot_summary_tables_jpg	valid_reference84	gemini25flashlite	shot	summary_tables_jpg	original	84	bleu	12.943627699902477	12.998805057218505	0.05517735731602791
gemini25flashlite_lezgi_grammar_original_shot_summary_tables_jpg	valid_reference84	gemini25flashlite	shot	summary_tables_jpg	original	84	chrf_plus_plus	33.95780264584514	33.48471620457593	-0.47308644126920996
gemini25flashlite_lezgi_grammar_original_shot_summary_tables_jpg	valid_reference84	gemini25flashlite	shot	summary_tables_jpg	original	84	xcomet_xl	0.51200432294891	0.522606131931146	0.01060180898223606
gemini25flashlite_lezgi_grammar_original_shot_summary_tables_jpg	valid_reference84	gemini25flashlite	shot	summary_tables_jpg	original	84	xcomet_xxl	0.3199224605978954	0.3368990974766867	0.016976636878791307
gemini25flashlite_lezgi_grammar_original_shot_summary_tables_jpg	valid_reference_no_overlap83	gemini25flashlite	shot	summary_tables_jpg	original	83	bleu	12.411665471680488	12.657352930238966	0.2456874585584785
gemini25flashlite_lezgi_grammar_original_shot_summary_tables_jpg	valid_reference_no_overlap83	gemini25flashlite	shot	summary_tables_jpg	original	83	chrf_plus_plus	33.548045717238274	33.15005163933699	-0.3979940779012807
gemini25flashlite_lezgi_grammar_original_shot_summary_tables_jpg	valid_reference_no_overlap83	gemini25flashlite	shot	summary_tables_jpg	original	83	xcomet_xl	0.508048550192132	0.5187781708068159	0.010729620614683855
gemini25flashlite_lezgi_grammar_original_shot_summary_tables_jpg	valid_reference_no_overlap83	gemini25flashlite	shot	summary_tables_jpg	original	83	xcomet_xxl	0.3182077467980155	0.33534480613398265	0.017137059335967153
gemini25flashlite_lezgi_grammar_original_shot_summary_tables_txt	valid_reference84	gemini25flashlite	shot	summary_tables_txt	original	84	bleu	12.943627699902477	11.032950223853971	-1.9106774760485052
gemini25flashlite_lezgi_grammar_original_shot_summary_tables_txt	valid_reference84	gemini25flashlite	shot	summary_tables_txt	original	84	chrf_plus_plus	33.95780264584514	32.842676391227606	-1.115126254617536
gemini25flashlite_lezgi_grammar_original_shot_summary_tables_txt	valid_reference84	gemini25flashlite	shot	summary_tables_txt	original	84	xcomet_xl	0.51200432294891	0.4783831075543449	-0.033621215394565085
gemini25flashlite_lezgi_grammar_original_shot_summary_tables_txt	valid_reference84	gemini25flashlite	shot	summary_tables_txt	original	84	xcomet_xxl	0.3199224605978954	0.2978538367897272	-0.02206862380816821
gemini25flashlite_lezgi_grammar_original_shot_summary_tables_txt	valid_reference_no_overlap83	gemini25flashlite	shot	summary_tables_txt	original	83	bleu	12.411665471680488	10.69073457707238	-1.7209308946081077
gemini25flashlite_lezgi_grammar_original_shot_summary_tables_txt	valid_reference_no_overlap83	gemini25flashlite	shot	summary_tables_txt	original	83	chrf_plus_plus	33.548045717238274	32.50853647915022	-1.0395092380880513
gemini25flashlite_lezgi_grammar_original_shot_summary_tables_txt	valid_reference_no_overlap83	gemini25flashlite	shot	summary_tables_txt	original	83	xcomet_xl	0.508048550192132	0.4740223389074027	-0.034026211284729324
gemini25flashlite_lezgi_grammar_original_shot_summary_tables_txt	valid_reference_no_overlap83	gemini25flashlite	shot	summary_tables_txt	original	83	xcomet_xxl	0.3182077467980155	0.29582912061946937	-0.022378626178546135
gemini25flashlite_lezgi_grammar_original_shot_summary_text_txt	valid_reference84	gemini25flashlite	shot	summary_text_txt	original	84	bleu	12.943627699902477	11.907915545161483	-1.0357121547409935
gemini25flashlite_lezgi_grammar_original_shot_summary_text_txt	valid_reference84	gemini25flashlite	shot	summary_text_txt	original	84	chrf_plus_plus	33.95780264584514	33.31931636192368	-0.6384862839214591
gemini25flashlite_lezgi_grammar_original_shot_summary_text_txt	valid_reference84	gemini25flashlite	shot	summary_text_txt	original	84	xcomet_xl	0.51200432294891	0.48520072638278916	-0.026803596566120802
gemini25flashlite_lezgi_grammar_original_shot_summary_text_txt	valid_reference84	gemini25flashlite	shot	summary_text_txt	original	84	xcomet_xxl	0.3199224605978954	0.30582368560135365	-0.014098774996541774
gemini25flashlite_lezgi_grammar_original_shot_summary_text_txt	valid_reference_no_overlap83	gemini25flashlite	shot	summary_text_txt	original	83	bleu	12.411665471680488	11.401649756865512	-1.0100157148149762
gemini25flashlite_lezgi_grammar_original_shot_summary_text_txt	valid_reference_no_overlap83	gemini25flashlite	shot	summary_text_txt	original	83	chrf_plus_plus	33.548045717238274	32.90784144641009	-0.6402042708281854
gemini25flashlite_lezgi_grammar_original_shot_summary_text_txt	valid_reference_no_overlap83	gemini25flashlite	shot	summary_text_txt	original	83	xcomet_xl	0.508048550192132	0.48092201872762425	-0.027126531464507775
gemini25flashlite_lezgi_grammar_original_shot_summary_text_txt	valid_reference_no_overlap83	gemini25flashlite	shot	summary_text_txt	original	83	xcomet_xxl	0.3182077467980155	0.30393910704247923	-0.014268639755536272
qwen35_lezgi_grammar_cyrillic_chain_gloss_cheatsheet_jpg	valid_reference84	qwen35	chain_gloss	cheatsheet_jpg	cyrillic	84	bleu	6.366870529945038	5.536302747148965	-0.8305677827960727
qwen35_lezgi_grammar_cyrillic_chain_gloss_cheatsheet_jpg	valid_reference84	qwen35	chain_gloss	cheatsheet_jpg	cyrillic	84	chrf_plus_plus	26.25970012973704	22.815257772090636	-3.4444423576464054
qwen35_lezgi_grammar_cyrillic_chain_gloss_cheatsheet_jpg	valid_reference84	qwen35	chain_gloss	cheatsheet_jpg	cyrillic	84	xcomet_xl	0.38676874871764866	0.37815796495193527	-0.008610783765713392
qwen35_lezgi_grammar_cyrillic_chain_gloss_cheatsheet_jpg	valid_reference84	qwen35	chain_gloss	cheatsheet_jpg	cyrillic	84	xcomet_xxl	0.21354601416914237	0.19484266958066396	-0.018703344588478416
qwen35_lezgi_grammar_cyrillic_chain_gloss_cheatsheet_jpg	valid_reference_no_overlap83	qwen35	chain_gloss	cheatsheet_jpg	cyrillic	83	bleu	5.801175275660577	5.098426781909937	-0.7027484937506401
qwen35_lezgi_grammar_cyrillic_chain_gloss_cheatsheet_jpg	valid_reference_no_overlap83	qwen35	chain_gloss	cheatsheet_jpg	cyrillic	83	chrf_plus_plus	25.82201949838571	22.419313425893677	-3.402706072492034
qwen35_lezgi_grammar_cyrillic_chain_gloss_cheatsheet_jpg	valid_reference_no_overlap83	qwen35	chain_gloss	cheatsheet_jpg	cyrillic	83	xcomet_xl	0.3806931229240923	0.3722532788314015	-0.008439844092690774
qwen35_lezgi_grammar_cyrillic_chain_gloss_cheatsheet_jpg	valid_reference_no_overlap83	qwen35	chain_gloss	cheatsheet_jpg	cyrillic	83	xcomet_xxl	0.21003787479845873	0.19084969378379454	-0.019188181014664185
qwen35_lezgi_grammar_cyrillic_chain_gloss_cheatsheet_txt	valid_reference84	qwen35	chain_gloss	cheatsheet_txt	cyrillic	84	bleu	6.366870529945038	4.379070454910565	-1.9878000750344729
qwen35_lezgi_grammar_cyrillic_chain_gloss_cheatsheet_txt	valid_reference84	qwen35	chain_gloss	cheatsheet_txt	cyrillic	84	chrf_plus_plus	26.25970012973704	24.52245137772978	-1.737248752007261
qwen35_lezgi_grammar_cyrillic_chain_gloss_cheatsheet_txt	valid_reference84	qwen35	chain_gloss	cheatsheet_txt	cyrillic	84	xcomet_xl	0.38676874871764866	0.36907211052519934	-0.01769663819244932
qwen35_lezgi_grammar_cyrillic_chain_gloss_cheatsheet_txt	valid_reference84	qwen35	chain_gloss	cheatsheet_txt	cyrillic	84	xcomet_xxl	0.21354601416914237	0.20227502259824956	-0.011270991570892813
qwen35_lezgi_grammar_cyrillic_chain_gloss_cheatsheet_txt	valid_reference_no_overlap83	qwen35	chain_gloss	cheatsheet_txt	cyrillic	83	bleu	5.801175275660577	3.9671921095589178	-1.833983166101659
qwen35_lezgi_grammar_cyrillic_chain_gloss_cheatsheet_txt	valid_reference_no_overlap83	qwen35	chain_gloss	cheatsheet_txt	cyrillic	83	chrf_plus_plus	25.82201949838571	24.14623379674469	-1.675785701641022
qwen35_lezgi_grammar_cyrillic_chain_gloss_cheatsheet_txt	valid_reference_no_overlap83	qwen35	chain_gloss	cheatsheet_txt	cyrillic	83	xcomet_xl	0.3806931229240923	0.36339434191405057	-0.01729878101004173
qwen35_lezgi_grammar_cyrillic_chain_gloss_cheatsheet_txt	valid_reference_no_overlap83	qwen35	chain_gloss	cheatsheet_txt	cyrillic	83	xcomet_xxl	0.21003787479845873	0.19909875444978117	-0.010939120348677556
qwen35_lezgi_grammar_cyrillic_chain_gloss_summary_tables_jpg	valid_reference84	qwen35	chain_gloss	summary_tables_jpg	cyrillic	84	bleu	6.366870529945038	7.362605567682943	0.9957350377379051
qwen35_lezgi_grammar_cyrillic_chain_gloss_summary_tables_jpg	valid_reference84	qwen35	chain_gloss	summary_tables_jpg	cyrillic	84	chrf_plus_plus	26.25970012973704	25.126488938467006	-1.1332111912700356
qwen35_lezgi_grammar_cyrillic_chain_gloss_summary_tables_jpg	valid_reference84	qwen35	chain_gloss	summary_tables_jpg	cyrillic	84	xcomet_xl	0.38676874871764866	0.393045824021101	0.00627707530345234
qwen35_lezgi_grammar_cyrillic_chain_gloss_summary_tables_jpg	valid_reference84	qwen35	chain_gloss	summary_tables_jpg	cyrillic	84	xcomet_xxl	0.21354601416914237	0.19378685472267015	-0.01975915944647222
qwen35_lezgi_grammar_cyrillic_chain_gloss_summary_tables_jpg	valid_reference_no_overlap83	qwen35	chain_gloss	summary_tables_jpg	cyrillic	83	bleu	5.801175275660577	6.7702649069433765	0.9690896312827997
qwen35_lezgi_grammar_cyrillic_chain_gloss_summary_tables_jpg	valid_reference_no_overlap83	qwen35	chain_gloss	summary_tables_jpg	cyrillic	83	chrf_plus_plus	25.82201949838571	24.68640753858202	-1.1356119598036898
qwen35_lezgi_grammar_cyrillic_chain_gloss_summary_tables_jpg	valid_reference_no_overlap83	qwen35	chain_gloss	summary_tables_jpg	cyrillic	83	xcomet_xl	0.3806931229240923	0.3883891455739377	0.007696022649845424
qwen35_lezgi_grammar_cyrillic_chain_gloss_summary_tables_jpg	valid_reference_no_overlap83	qwen35	chain_gloss	summary_tables_jpg	cyrillic	83	xcomet_xxl	0.21003787479845873	0.19094742008720536	-0.01909045471125337
qwen35_lezgi_grammar_cyrillic_chain_gloss_summary_tables_txt	valid_reference84	qwen35	chain_gloss	summary_tables_txt	cyrillic	84	bleu	6.366870529945038	4.586084340034273	-1.7807861899107644
qwen35_lezgi_grammar_cyrillic_chain_gloss_summary_tables_txt	valid_reference84	qwen35	chain_gloss	summary_tables_txt	cyrillic	84	chrf_plus_plus	26.25970012973704	24.318106366901322	-1.9415937628357192
qwen35_lezgi_grammar_cyrillic_chain_gloss_summary_tables_txt	valid_reference84	qwen35	chain_gloss	summary_tables_txt	cyrillic	84	xcomet_xl	0.38676874871764866	0.38049489720946267	-0.00627385150818599
qwen35_lezgi_grammar_cyrillic_chain_gloss_summary_tables_txt	valid_reference84	qwen35	chain_gloss	summary_tables_txt	cyrillic	84	xcomet_xxl	0.21354601416914237	0.2013969010717812	-0.012149113097361164
qwen35_lezgi_grammar_cyrillic_chain_gloss_summary_tables_txt	valid_reference_no_overlap83	qwen35	chain_gloss	summary_tables_txt	cyrillic	83	bleu	5.801175275660577	4.149200704962067	-1.6519745706985098
qwen35_lezgi_grammar_cyrillic_chain_gloss_summary_tables_txt	valid_reference_no_overlap83	qwen35	chain_gloss	summary_tables_txt	cyrillic	83	chrf_plus_plus	25.82201949838571	23.937104004390125	-1.8849154939955852
qwen35_lezgi_grammar_cyrillic_chain_gloss_summary_tables_txt	valid_reference_no_overlap83	qwen35	chain_gloss	summary_tables_txt	cyrillic	83	xcomet_xl	0.3806931229240923	0.37495475253426885	-0.005738370389823444
qwen35_lezgi_grammar_cyrillic_chain_gloss_summary_tables_txt	valid_reference_no_overlap83	qwen35	chain_gloss	summary_tables_txt	cyrillic	83	xcomet_xxl	0.21003787479845873	0.19821005314588547	-0.011827821652573262
qwen35_lezgi_grammar_cyrillic_chain_gloss_summary_text_txt	valid_reference84	qwen35	chain_gloss	summary_text_txt	cyrillic	84	bleu	6.366870529945038	5.497293629399627	-0.869576900545411
qwen35_lezgi_grammar_cyrillic_chain_gloss_summary_text_txt	valid_reference84	qwen35	chain_gloss	summary_text_txt	cyrillic	84	chrf_plus_plus	26.25970012973704	24.006032668372416	-2.253667461364625
qwen35_lezgi_grammar_cyrillic_chain_gloss_summary_text_txt	valid_reference84	qwen35	chain_gloss	summary_text_txt	cyrillic	84	xcomet_xl	0.38676874871764866	0.38046314833419664	-0.006305600383452015
qwen35_lezgi_grammar_cyrillic_chain_gloss_summary_text_txt	valid_reference84	qwen35	chain_gloss	summary_text_txt	cyrillic	84	xcomet_xxl	0.21354601416914237	0.19611143622369992	-0.017434577945442453
qwen35_lezgi_grammar_cyrillic_chain_gloss_summary_text_txt	valid_reference_no_overlap83	qwen35	chain_gloss	summary_text_txt	cyrillic	83	bleu	5.801175275660577	5.162309967530184	-0.6388653081303932
qwen35_lezgi_grammar_cyrillic_chain_gloss_summary_text_txt	valid_reference_no_overlap83	qwen35	chain_gloss	summary_text_txt	cyrillic	83	chrf_plus_plus	25.82201949838571	23.673887217119386	-2.1481322812663244
qwen35_lezgi_grammar_cyrillic_chain_gloss_summary_text_txt	valid_reference_no_overlap83	qwen35	chain_gloss	summary_text_txt	cyrillic	83	xcomet_xl	0.3806931229240923	0.37621868751853343	-0.004474435405558863
qwen35_lezgi_grammar_cyrillic_chain_gloss_summary_text_txt	valid_reference_no_overlap83	qwen35	chain_gloss	summary_text_txt	cyrillic	83	xcomet_xxl	0.21003787479845873	0.19495433120124311	-0.015083543597215615
qwen35_lezgi_grammar_cyrillic_modelgloss_cheatsheet_jpg	valid_reference84	qwen35	modelgloss	cheatsheet_jpg	cyrillic	84	bleu	13.857302874611523	12.61339515838599	-1.243907716225534
qwen35_lezgi_grammar_cyrillic_modelgloss_cheatsheet_jpg	valid_reference84	qwen35	modelgloss	cheatsheet_jpg	cyrillic	84	chrf_plus_plus	39.80286964093863	37.17565676520046	-2.6272128757381736
qwen35_lezgi_grammar_cyrillic_modelgloss_cheatsheet_jpg	valid_reference84	qwen35	modelgloss	cheatsheet_jpg	cyrillic	84	xcomet_xl	0.5504305444303013	0.5328777120226905	-0.01755283240761074
qwen35_lezgi_grammar_cyrillic_modelgloss_cheatsheet_jpg	valid_reference84	qwen35	modelgloss	cheatsheet_jpg	cyrillic	84	xcomet_xxl	0.35388220474123955	0.35264804187629906	-0.0012341628649404912
qwen35_lezgi_grammar_cyrillic_modelgloss_cheatsheet_jpg	valid_reference_no_overlap83	qwen35	modelgloss	cheatsheet_jpg	cyrillic	83	bleu	13.566078824783432	12.299551680827484	-1.2665271439559476
qwen35_lezgi_grammar_cyrillic_modelgloss_cheatsheet_jpg	valid_reference_no_overlap83	qwen35	modelgloss	cheatsheet_jpg	cyrillic	83	chrf_plus_plus	39.518460005425446	36.871405988883104	-2.6470540165423415
qwen35_lezgi_grammar_cyrillic_modelgloss_cheatsheet_jpg	valid_reference_no_overlap83	qwen35	modelgloss	cheatsheet_jpg	cyrillic	83	xcomet_xl	0.5469378171915031	0.529173504875367	-0.017764312316136177
qwen35_lezgi_grammar_cyrillic_modelgloss_cheatsheet_jpg	valid_reference_no_overlap83	qwen35	modelgloss	cheatsheet_jpg	cyrillic	83	xcomet_xxl	0.3525325291487108	0.35128349685166255	-0.0012490322970482581
qwen35_lezgi_grammar_cyrillic_modelgloss_cheatsheet_txt	valid_reference84	qwen35	modelgloss	cheatsheet_txt	cyrillic	84	bleu	13.857302874611523	11.16568181703648	-2.691621057575043
qwen35_lezgi_grammar_cyrillic_modelgloss_cheatsheet_txt	valid_reference84	qwen35	modelgloss	cheatsheet_txt	cyrillic	84	chrf_plus_plus	39.80286964093863	38.44609138854906	-1.3567782523895744
qwen35_lezgi_grammar_cyrillic_modelgloss_cheatsheet_txt	valid_reference84	qwen35	modelgloss	cheatsheet_txt	cyrillic	84	xcomet_xl	0.5504305444303013	0.5171804594851676	-0.03325008494513371
qwen35_lezgi_grammar_cyrillic_modelgloss_cheatsheet_txt	valid_reference84	qwen35	modelgloss	cheatsheet_txt	cyrillic	84	xcomet_xxl	0.35388220474123955	0.3448728516343094	-0.00900935310693013
qwen35_lezgi_grammar_cyrillic_modelgloss_cheatsheet_txt	valid_reference_no_overlap83	qwen35	modelgloss	cheatsheet_txt	cyrillic	83	bleu	13.566078824783432	10.861753176289508	-2.704325648493924
qwen35_lezgi_grammar_cyrillic_modelgloss_cheatsheet_txt	valid_reference_no_overlap83	qwen35	modelgloss	cheatsheet_txt	cyrillic	83	chrf_plus_plus	39.518460005425446	38.15845096528566	-1.3600090401397864
qwen35_lezgi_grammar_cyrillic_modelgloss_cheatsheet_txt	valid_reference_no_overlap83	qwen35	modelgloss	cheatsheet_txt	cyrillic	83	xcomet_xl	0.5469378171915031	0.5132871288132955	-0.033650688378207616
qwen35_lezgi_grammar_cyrillic_modelgloss_cheatsheet_txt	valid_reference_no_overlap83	qwen35	modelgloss	cheatsheet_txt	cyrillic	83	xcomet_xxl	0.3525325291487108	0.3434146296188056	-0.009117899529905216
qwen35_lezgi_grammar_cyrillic_modelgloss_summary_tables_jpg	valid_reference84	qwen35	modelgloss	summary_tables_jpg	cyrillic	84	bleu	13.857302874611523	13.149137154543586	-0.708165720067937
qwen35_lezgi_grammar_cyrillic_modelgloss_summary_tables_jpg	valid_reference84	qwen35	modelgloss	summary_tables_jpg	cyrillic	84	chrf_plus_plus	39.80286964093863	37.27872894792803	-2.524140693010601
qwen35_lezgi_grammar_cyrillic_modelgloss_summary_tables_jpg	valid_reference84	qwen35	modelgloss	summary_tables_jpg	cyrillic	84	xcomet_xl	0.5504305444303013	0.534620052647023	-0.015810491783278313
qwen35_lezgi_grammar_cyrillic_modelgloss_summary_tables_jpg	valid_reference84	qwen35	modelgloss	summary_tables_jpg	cyrillic	84	xcomet_xxl	0.35388220474123955	0.3570800962015277	0.003197891460288149
qwen35_lezgi_grammar_cyrillic_modelgloss_summary_tables_jpg	valid_reference_no_overlap83	qwen35	modelgloss	summary_tables_jpg	cyrillic	83	bleu	13.566078824783432	12.845818389613685	-0.720260435169747
qwen35_lezgi_grammar_cyrillic_modelgloss_summary_tables_jpg	valid_reference_no_overlap83	qwen35	modelgloss	summary_tables_jpg	cyrillic	83	chrf_plus_plus	39.518460005425446	36.97540587736523	-2.543054128060213
qwen35_lezgi_grammar_cyrillic_modelgloss_summary_tables_jpg	valid_reference_no_overlap83	qwen35	modelgloss	summary_tables_jpg	cyrillic	83	xcomet_xl	0.5469378171915031	0.5309368375554142	-0.01600097963608893
qwen35_lezgi_grammar_cyrillic_modelgloss_summary_tables_jpg	valid_reference_no_overlap83	qwen35	modelgloss	summary_tables_jpg	cyrillic	83	xcomet_xxl	0.3525325291487108	0.35576894942177345	0.0032364202730626457
qwen35_lezgi_grammar_cyrillic_modelgloss_summary_tables_txt	valid_reference84	qwen35	modelgloss	summary_tables_txt	cyrillic	84	bleu	13.857302874611523	12.193750262462993	-1.6635526121485302
qwen35_lezgi_grammar_cyrillic_modelgloss_summary_tables_txt	valid_reference84	qwen35	modelgloss	summary_tables_txt	cyrillic	84	chrf_plus_plus	39.80286964093863	39.48689552469152	-0.31597411624711214
qwen35_lezgi_grammar_cyrillic_modelgloss_summary_tables_txt	valid_reference84	qwen35	modelgloss	summary_tables_txt	cyrillic	84	xcomet_xl	0.5504305444303013	0.5266341591874758	-0.023796385242825457
qwen35_lezgi_grammar_cyrillic_modelgloss_summary_tables_txt	valid_reference84	qwen35	modelgloss	summary_tables_txt	cyrillic	84	xcomet_xxl	0.35388220474123955	0.3569909121309008	0.003108707389661236
qwen35_lezgi_grammar_cyrillic_modelgloss_summary_tables_txt	valid_reference_no_overlap83	qwen35	modelgloss	summary_tables_txt	cyrillic	83	bleu	13.566078824783432	11.896203460628518	-1.6698753641549136
qwen35_lezgi_grammar_cyrillic_modelgloss_summary_tables_txt	valid_reference_no_overlap83	qwen35	modelgloss	summary_tables_txt	cyrillic	83	chrf_plus_plus	39.518460005425446	39.20448311059344	-0.31397689483200253
qwen35_lezgi_grammar_cyrillic_modelgloss_summary_tables_txt	valid_reference_no_overlap83	qwen35	modelgloss	summary_tables_txt	cyrillic	83	xcomet_xl	0.5469378171915031	0.5228547285120171	-0.024083088679486053
qwen35_lezgi_grammar_cyrillic_modelgloss_summary_tables_txt	valid_reference_no_overlap83	qwen35	modelgloss	summary_tables_txt	cyrillic	83	xcomet_xxl	0.3525325291487108	0.35567869084427156	0.0031461616955607563
qwen35_lezgi_grammar_cyrillic_modelgloss_summary_text_txt	valid_reference84	qwen35	modelgloss	summary_text_txt	cyrillic	84	bleu	13.857302874611523	11.857090326170992	-2.0002125484405315
qwen35_lezgi_grammar_cyrillic_modelgloss_summary_text_txt	valid_reference84	qwen35	modelgloss	summary_text_txt	cyrillic	84	chrf_plus_plus	39.80286964093863	38.99024030422646	-0.8126293367121704
qwen35_lezgi_grammar_cyrillic_modelgloss_summary_text_txt	valid_reference84	qwen35	modelgloss	summary_text_txt	cyrillic	84	xcomet_xl	0.5504305444303013	0.5262474091280074	-0.02418313530229388
qwen35_lezgi_grammar_cyrillic_modelgloss_summary_text_txt	valid_reference84	qwen35	modelgloss	summary_text_txt	cyrillic	84	xcomet_xxl	0.35388220474123955	0.3449265239316793	-0.008955680809560274
qwen35_lezgi_grammar_cyrillic_modelgloss_summary_text_txt	valid_reference_no_overlap83	qwen35	modelgloss	summary_text_txt	cyrillic	83	bleu	13.566078824783432	11.559407118809414	-2.006671705974018
qwen35_lezgi_grammar_cyrillic_modelgloss_summary_text_txt	valid_reference_no_overlap83	qwen35	modelgloss	summary_text_txt	cyrillic	83	chrf_plus_plus	39.518460005425446	38.704968771247536	-0.8134912341779099
qwen35_lezgi_grammar_cyrillic_modelgloss_summary_text_txt	valid_reference_no_overlap83	qwen35	modelgloss	summary_text_txt	cyrillic	83	xcomet_xl	0.5469378171915031	0.522463318813278	-0.02447449837822513
qwen35_lezgi_grammar_cyrillic_modelgloss_summary_text_txt	valid_reference_no_overlap83	qwen35	modelgloss	summary_text_txt	cyrillic	83	xcomet_xxl	0.3525325291487108	0.34346894857036064	-0.009063580578350161
qwen35_lezgi_grammar_cyrillic_shot_cheatsheet_jpg	valid_reference84	qwen35	shot	cheatsheet_jpg	cyrillic	84	bleu	6.722751532665982	6.748552204541549	0.025800671875567005
qwen35_lezgi_grammar_cyrillic_shot_cheatsheet_jpg	valid_reference84	qwen35	shot	cheatsheet_jpg	cyrillic	84	chrf_plus_plus	25.37797628627955	25.002390029989435	-0.37558625629011644
qwen35_lezgi_grammar_cyrillic_shot_cheatsheet_jpg	valid_reference84	qwen35	shot	cheatsheet_jpg	cyrillic	84	xcomet_xl	0.3924168046741259	0.3965010116142886	0.004084206940162705
qwen35_lezgi_grammar_cyrillic_shot_cheatsheet_jpg	valid_reference84	qwen35	shot	cheatsheet_jpg	cyrillic	84	xcomet_xxl	0.20461683259123847	0.2084679286040011	0.0038510960127626226
qwen35_lezgi_grammar_cyrillic_shot_cheatsheet_jpg	valid_reference_no_overlap83	qwen35	shot	cheatsheet_jpg	cyrillic	83	bleu	6.351139253441979	6.318911538439862	-0.03222771500211685
qwen35_lezgi_grammar_cyrillic_shot_cheatsheet_jpg	valid_reference_no_overlap83	qwen35	shot	cheatsheet_jpg	cyrillic	83	chrf_plus_plus	24.99822486413085	24.611795187409	-0.3864296767218498
qwen35_lezgi_grammar_cyrillic_shot_cheatsheet_jpg	valid_reference_no_overlap83	qwen35	shot	cheatsheet_jpg	cyrillic	83	xcomet_xl	0.3870202974382653	0.39115371169096014	0.0041334142526948114
qwen35_lezgi_grammar_cyrillic_shot_cheatsheet_jpg	valid_reference_no_overlap83	qwen35	shot	cheatsheet_jpg	cyrillic	83	xcomet_xxl	0.20146877902099886	0.2053662737809032	0.0038974947599043352
qwen35_lezgi_grammar_cyrillic_shot_cheatsheet_txt	valid_reference84	qwen35	shot	cheatsheet_txt	cyrillic	84	bleu	6.722751532665982	6.241376519311926	-0.4813750133540564
qwen35_lezgi_grammar_cyrillic_shot_cheatsheet_txt	valid_reference84	qwen35	shot	cheatsheet_txt	cyrillic	84	chrf_plus_plus	25.37797628627955	25.726243439867048	0.3482671535874964
qwen35_lezgi_grammar_cyrillic_shot_cheatsheet_txt	valid_reference84	qwen35	shot	cheatsheet_txt	cyrillic	84	xcomet_xl	0.3924168046741259	0.38658600992390085	-0.005830794750225021
qwen35_lezgi_grammar_cyrillic_shot_cheatsheet_txt	valid_reference84	qwen35	shot	cheatsheet_txt	cyrillic	84	xcomet_xxl	0.20461683259123847	0.20010266834426493	-0.00451416424697354
qwen35_lezgi_grammar_cyrillic_shot_cheatsheet_txt	valid_reference_no_overlap83	qwen35	shot	cheatsheet_txt	cyrillic	83	bleu	6.351139253441979	5.847031072348626	-0.5041081810933532
qwen35_lezgi_grammar_cyrillic_shot_cheatsheet_txt	valid_reference_no_overlap83	qwen35	shot	cheatsheet_txt	cyrillic	83	chrf_plus_plus	24.99822486413085	25.34864605237456	0.3504211882437076
qwen35_lezgi_grammar_cyrillic_shot_cheatsheet_txt	valid_reference_no_overlap83	qwen35	shot	cheatsheet_txt	cyrillic	83	xcomet_xl	0.3870202974382653	0.38111925214888104	-0.005901045289384288
qwen35_lezgi_grammar_cyrillic_shot_cheatsheet_txt	valid_reference_no_overlap83	qwen35	shot	cheatsheet_txt	cyrillic	83	xcomet_xxl	0.20146877902099886	0.19690022725297743	-0.004568551768021428
qwen35_lezgi_grammar_cyrillic_shot_summary_tables_jpg	valid_reference84	qwen35	shot	summary_tables_jpg	cyrillic	84	bleu	6.722751532665982	6.296483171092449	-0.4262683615735332
qwen35_lezgi_grammar_cyrillic_shot_summary_tables_jpg	valid_reference84	qwen35	shot	summary_tables_jpg	cyrillic	84	chrf_plus_plus	25.37797628627955	24.055538260133254	-1.3224380261462976
qwen35_lezgi_grammar_cyrillic_shot_summary_tables_jpg	valid_reference84	qwen35	shot	summary_tables_jpg	cyrillic	84	xcomet_xl	0.3924168046741259	0.3896707374425161	-0.00274606723160975
qwen35_lezgi_grammar_cyrillic_shot_summary_tables_jpg	valid_reference84	qwen35	shot	summary_tables_jpg	cyrillic	84	xcomet_xxl	0.20461683259123847	0.2069881178793453	0.002371285288106817
qwen35_lezgi_grammar_cyrillic_shot_summary_tables_jpg	valid_reference_no_overlap83	qwen35	shot	summary_tables_jpg	cyrillic	83	bleu	6.351139253441979	5.8487236655923125	-0.5024155878496668
qwen35_lezgi_grammar_cyrillic_shot_summary_tables_jpg	valid_reference_no_overlap83	qwen35	shot	summary_tables_jpg	cyrillic	83	chrf_plus_plus	24.99822486413085	23.659093782211464	-1.339131081919387
qwen35_lezgi_grammar_cyrillic_shot_summary_tables_jpg	valid_reference_no_overlap83	qwen35	shot	summary_tables_jpg	cyrillic	83	xcomet_xl	0.3870202974382653	0.3842411450592868	-0.002779152378978522
qwen35_lezgi_grammar_cyrillic_shot_summary_tables_jpg	valid_reference_no_overlap83	qwen35	shot	summary_tables_jpg	cyrillic	83	xcomet_xxl	0.20146877902099886	0.20386863401137204	0.002399854990373179
qwen35_lezgi_grammar_cyrillic_shot_summary_tables_txt	valid_reference84	qwen35	shot	summary_tables_txt	cyrillic	84	bleu	6.722751532665982	6.601344244420226	-0.12140728824575575
qwen35_lezgi_grammar_cyrillic_shot_summary_tables_txt	valid_reference84	qwen35	shot	summary_tables_txt	cyrillic	84	chrf_plus_plus	25.37797628627955	25.933219122079915	0.5552428358003638
qwen35_lezgi_grammar_cyrillic_shot_summary_tables_txt	valid_reference84	qwen35	shot	summary_tables_txt	cyrillic	84	xcomet_xl	0.3924168046741259	0.379599392414093	-0.012817412260032857
qwen35_lezgi_grammar_cyrillic_shot_summary_tables_txt	valid_reference84	qwen35	shot	summary_tables_txt	cyrillic	84	xcomet_xxl	0.20461683259123847	0.19293275165061155	-0.011684080940626923
qwen35_lezgi_grammar_cyrillic_shot_summary_tables_txt	valid_reference_no_overlap83	qwen35	shot	summary_tables_txt	cyrillic	83	bleu	6.351139253441979	6.24038995277238	-0.11074930066959965
qwen35_lezgi_grammar_cyrillic_shot_summary_tables_txt	valid_reference_no_overlap83	qwen35	shot	summary_tables_txt	cyrillic	83	chrf_plus_plus	24.99822486413085	25.56170977263405	0.5634849085031988
qwen35_lezgi_grammar_cyrillic_shot_summary_tables_txt	valid_reference_no_overlap83	qwen35	shot	summary_tables_txt	cyrillic	83	xcomet_xl	0.3870202974382653	0.37404845852449714	-0.012971838913768186
qwen35_lezgi_grammar_cyrillic_shot_summary_tables_txt	valid_reference_no_overlap83	qwen35	shot	summary_tables_txt	cyrillic	83	xcomet_xxl	0.20146877902099886	0.18964392602084632	-0.011824853000152541
qwen35_lezgi_grammar_cyrillic_shot_summary_text_txt	valid_reference84	qwen35	shot	summary_text_txt	cyrillic	84	bleu	6.722751532665982	5.783525206828176	-0.9392263258378062
qwen35_lezgi_grammar_cyrillic_shot_summary_text_txt	valid_reference84	qwen35	shot	summary_text_txt	cyrillic	84	chrf_plus_plus	25.37797628627955	24.61819546135989	-0.7597808249196625
qwen35_lezgi_grammar_cyrillic_shot_summary_text_txt	valid_reference84	qwen35	shot	summary_text_txt	cyrillic	84	xcomet_xl	0.3924168046741259	0.36747673384490465	-0.024940070829221228
qwen35_lezgi_grammar_cyrillic_shot_summary_text_txt	valid_reference84	qwen35	shot	summary_text_txt	cyrillic	84	xcomet_xxl	0.20461683259123847	0.18751481743085952	-0.01710201516037896
qwen35_lezgi_grammar_cyrillic_shot_summary_text_txt	valid_reference_no_overlap83	qwen35	shot	summary_text_txt	cyrillic	83	bleu	6.351139253441979	5.412850113984591	-0.938289139457388
qwen35_lezgi_grammar_cyrillic_shot_summary_text_txt	valid_reference_no_overlap83	qwen35	shot	summary_text_txt	cyrillic	83	chrf_plus_plus	24.99822486413085	24.239625536887573	-0.758599327243278
qwen35_lezgi_grammar_cyrillic_shot_summary_text_txt	valid_reference_no_overlap83	qwen35	shot	summary_text_txt	cyrillic	83	xcomet_xl	0.3870202974382653	0.3617797438279692	-0.025240553610296146
qwen35_lezgi_grammar_cyrillic_shot_summary_text_txt	valid_reference_no_overlap83	qwen35	shot	summary_text_txt	cyrillic	83	xcomet_xxl	0.20146877902099886	0.18416071548519364	-0.017308063535805218
qwen35_lezgi_grammar_original_chain_gloss_cheatsheet_jpg	valid_reference84	qwen35	chain_gloss	cheatsheet_jpg	original	84	bleu	6.366870529945038	5.594989283551352	-0.7718812463936855
qwen35_lezgi_grammar_original_chain_gloss_cheatsheet_jpg	valid_reference84	qwen35	chain_gloss	cheatsheet_jpg	original	84	chrf_plus_plus	26.25970012973704	24.930129021952776	-1.3295711077842647
qwen35_lezgi_grammar_original_chain_gloss_cheatsheet_jpg	valid_reference84	qwen35	chain_gloss	cheatsheet_jpg	original	84	xcomet_xl	0.38676874871764866	0.3751705102622509	-0.011598238455397758
qwen35_lezgi_grammar_original_chain_gloss_cheatsheet_jpg	valid_reference84	qwen35	chain_gloss	cheatsheet_jpg	original	84	xcomet_xxl	0.21354601416914237	0.20310031525081113	-0.010445698918331248
qwen35_lezgi_grammar_original_chain_gloss_cheatsheet_jpg	valid_reference_no_overlap83	qwen35	chain_gloss	cheatsheet_jpg	original	83	bleu	5.801175275660577	4.930844492661877	-0.8703307829986997
qwen35_lezgi_grammar_original_chain_gloss_cheatsheet_jpg	valid_reference_no_overlap83	qwen35	chain_gloss	cheatsheet_jpg	original	83	chrf_plus_plus	25.82201949838571	24.47785922163826	-1.344160276747452
qwen35_lezgi_grammar_original_chain_gloss_cheatsheet_jpg	valid_reference_no_overlap83	qwen35	chain_gloss	cheatsheet_jpg	original	83	xcomet_xl	0.3806931229240923	0.36895514665597895	-0.011737976268113348
qwen35_lezgi_grammar_original_chain_gloss_cheatsheet_jpg	valid_reference_no_overlap83	qwen35	chain_gloss	cheatsheet_jpg	original	83	xcomet_xxl	0.21003787479845873	0.19946632408593074	-0.010571550712527994
qwen35_lezgi_grammar_original_chain_gloss_cheatsheet_txt	valid_reference84	qwen35	chain_gloss	cheatsheet_txt	original	84	bleu	6.366870529945038	4.381516584374466	-1.985353945570572
qwen35_lezgi_grammar_original_chain_gloss_cheatsheet_txt	valid_reference84	qwen35	chain_gloss	cheatsheet_txt	original	84	chrf_plus_plus	26.25970012973704	24.399466358868498	-1.8602337708685432
qwen35_lezgi_grammar_original_chain_gloss_cheatsheet_txt	valid_reference84	qwen35	chain_gloss	cheatsheet_txt	original	84	xcomet_xl	0.38676874871764866	0.3747879337696802	-0.011980814947968432
qwen35_lezgi_grammar_original_chain_gloss_cheatsheet_txt	valid_reference84	qwen35	chain_gloss	cheatsheet_txt	original	84	xcomet_xxl	0.21354601416914237	0.20806823457990373	-0.005477779589238646
qwen35_lezgi_grammar_original_chain_gloss_cheatsheet_txt	valid_reference_no_overlap83	qwen35	chain_gloss	cheatsheet_txt	original	83	bleu	5.801175275660577	3.9614925628710442	-1.8396827127895325
qwen35_lezgi_grammar_original_chain_gloss_cheatsheet_txt	valid_reference_no_overlap83	qwen35	chain_gloss	cheatsheet_txt	original	83	chrf_plus_plus	25.82201949838571	24.021797626916005	-1.8002218714697058
qwen35_lezgi_grammar_original_chain_gloss_cheatsheet_txt	valid_reference_no_overlap83	qwen35	chain_gloss	cheatsheet_txt	original	83	xcomet_xl	0.3806931229240923	0.36917903049882633	-0.011514092425265965
qwen35_lezgi_grammar_original_chain_gloss_cheatsheet_txt	valid_reference_no_overlap83	qwen35	chain_gloss	cheatsheet_txt	original	83	xcomet_xxl	0.21003787479845873	0.20496176416615405	-0.005076110632304676
qwen35_lezgi_grammar_original_chain_gloss_pdfpages_impactful_jpg	valid_reference84	qwen35	chain_gloss	pdfpages_impactful_jpg	original	84	bleu	6.366870529945038	4.783479742038137	-1.5833907879069002
qwen35_lezgi_grammar_original_chain_gloss_pdfpages_impactful_jpg	valid_reference84	qwen35	chain_gloss	pdfpages_impactful_jpg	original	84	chrf_plus_plus	26.25970012973704	23.17083396465344	-3.0888661650836013
qwen35_lezgi_grammar_original_chain_gloss_pdfpages_impactful_jpg	valid_reference84	qwen35	chain_gloss	pdfpages_impactful_jpg	original	84	xcomet_xl	0.38676874871764866	0.3727372946838538	-0.014031454033794855
qwen35_lezgi_grammar_original_chain_gloss_pdfpages_impactful_jpg	valid_reference84	qwen35	chain_gloss	pdfpages_impactful_jpg	original	84	xcomet_xxl	0.21354601416914237	0.20331507389034545	-0.010230940278796924
qwen35_lezgi_grammar_original_chain_gloss_pdfpages_impactful_jpg	valid_reference_no_overlap83	qwen35	chain_gloss	pdfpages_impactful_jpg	original	83	bleu	5.801175275660577	4.029559662035756	-1.771615613624821
qwen35_lezgi_grammar_original_chain_gloss_pdfpages_impactful_jpg	valid_reference_no_overlap83	qwen35	chain_gloss	pdfpages_impactful_jpg	original	83	chrf_plus_plus	25.82201949838571	22.71012656853615	-3.11189292984956
qwen35_lezgi_grammar_original_chain_gloss_pdfpages_impactful_jpg	valid_reference_no_overlap83	qwen35	chain_gloss	pdfpages_impactful_jpg	original	83	xcomet_xl	0.3806931229240923	0.36677069028457965	-0.01392243263951265
qwen35_lezgi_grammar_original_chain_gloss_pdfpages_impactful_jpg	valid_reference_no_overlap83	qwen35	chain_gloss	pdfpages_impactful_jpg	original	83	xcomet_xxl	0.21003787479845873	0.19898272673767733	-0.011055148060781395
qwen35_lezgi_grammar_original_chain_gloss_summary_tables_jpg	valid_reference84	qwen35	chain_gloss	summary_tables_jpg	original	84	bleu	6.366870529945038	5.700618457433606	-0.6662520725114316
qwen35_lezgi_grammar_original_chain_gloss_summary_tables_jpg	valid_reference84	qwen35	chain_gloss	summary_tables_jpg	original	84	chrf_plus_plus	26.25970012973704	24.234614548035886	-2.0250855817011555
qwen35_lezgi_grammar_original_chain_gloss_summary_tables_jpg	valid_reference84	qwen35	chain_gloss	summary_tables_jpg	original	84	xcomet_xl	0.38676874871764866	0.39069393401344615	0.003925185295797495
qwen35_lezgi_grammar_original_chain_gloss_summary_tables_jpg	valid_reference84	qwen35	chain_gloss	summary_tables_jpg	original	84	xcomet_xxl	0.21354601416914237	0.19718128070235252	-0.01636473346678985
qwen35_lezgi_grammar_original_chain_gloss_summary_tables_jpg	valid_reference_no_overlap83	qwen35	chain_gloss	summary_tables_jpg	original	83	bleu	5.801175275660577	5.223771983811163	-0.5774032918494134
qwen35_lezgi_grammar_original_chain_gloss_summary_tables_jpg	valid_reference_no_overlap83	qwen35	chain_gloss	summary_tables_jpg	original	83	chrf_plus_plus	25.82201949838571	23.864310285521213	-1.957709212864497
qwen35_lezgi_grammar_original_chain_gloss_summary_tables_jpg	valid_reference_no_overlap83	qwen35	chain_gloss	summary_tables_jpg	original	83	xcomet_xl	0.3806931229240923	0.38568482467209	0.004991701747997679
qwen35_lezgi_grammar_original_chain_gloss_summary_tables_jpg	valid_reference_no_overlap83	qwen35	chain_gloss	summary_tables_jpg	original	83	xcomet_xxl	0.21003787479845873	0.19483288386500025	-0.015204990933458479
qwen35_lezgi_grammar_original_chain_gloss_summary_tables_txt	valid_reference84	qwen35	chain_gloss	summary_tables_txt	original	84	bleu	6.366870529945038	5.18836448197253	-1.1785060479725074
qwen35_lezgi_grammar_original_chain_gloss_summary_tables_txt	valid_reference84	qwen35	chain_gloss	summary_tables_txt	original	84	chrf_plus_plus	26.25970012973704	24.23211927432199	-2.0275808554150494
qwen35_lezgi_grammar_original_chain_gloss_summary_tables_txt	valid_reference84	qwen35	chain_gloss	summary_tables_txt	original	84	xcomet_xl	0.38676874871764866	0.37410006973715054	-0.012668678980498116
qwen35_lezgi_grammar_original_chain_gloss_summary_tables_txt	valid_reference84	qwen35	chain_gloss	summary_tables_txt	original	84	xcomet_xxl	0.21354601416914237	0.18605367919164045	-0.02749233497750192
qwen35_lezgi_grammar_original_chain_gloss_summary_tables_txt	valid_reference_no_overlap83	qwen35	chain_gloss	summary_tables_txt	original	83	bleu	5.801175275660577	4.8079953997670835	-0.9931798758934933
qwen35_lezgi_grammar_original_chain_gloss_summary_tables_txt	valid_reference_no_overlap83	qwen35	chain_gloss	summary_tables_txt	original	83	chrf_plus_plus	25.82201949838571	23.850071677993657	-1.971947820392053
qwen35_lezgi_grammar_original_chain_gloss_summary_tables_txt	valid_reference_no_overlap83	qwen35	chain_gloss	summary_tables_txt	original	83	xcomet_xl	0.3806931229240923	0.3684828789478325	-0.012210243976259805
qwen35_lezgi_grammar_original_chain_gloss_summary_tables_txt	valid_reference_no_overlap83	qwen35	chain_gloss	summary_tables_txt	original	83	xcomet_xxl	0.21003787479845873	0.18268197317080326	-0.02735590162765547
qwen35_lezgi_grammar_original_chain_gloss_summary_text_txt	valid_reference84	qwen35	chain_gloss	summary_text_txt	original	84	bleu	6.366870529945038	4.949161971776287	-1.4177085581687505
qwen35_lezgi_grammar_original_chain_gloss_summary_text_txt	valid_reference84	qwen35	chain_gloss	summary_text_txt	original	84	chrf_plus_plus	26.25970012973704	23.396057273501636	-2.863642856235405
qwen35_lezgi_grammar_original_chain_gloss_summary_text_txt	valid_reference84	qwen35	chain_gloss	summary_text_txt	original	84	xcomet_xl	0.38676874871764866	0.3708336583915211	-0.015935090326127554
qwen35_lezgi_grammar_original_chain_gloss_summary_text_txt	valid_reference84	qwen35	chain_gloss	summary_text_txt	original	84	xcomet_xxl	0.21354601416914237	0.19781597872220336	-0.015730035446939017
qwen35_lezgi_grammar_original_chain_gloss_summary_text_txt	valid_reference_no_overlap83	qwen35	chain_gloss	summary_text_txt	original	83	bleu	5.801175275660577	4.598640107504112	-1.2025351681564649
qwen35_lezgi_grammar_original_chain_gloss_summary_text_txt	valid_reference_no_overlap83	qwen35	chain_gloss	summary_text_txt	original	83	chrf_plus_plus	25.82201949838571	23.021981805609162	-2.8000376927765487
qwen35_lezgi_grammar_original_chain_gloss_summary_text_txt	valid_reference_no_overlap83	qwen35	chain_gloss	summary_text_txt	original	83	xcomet_xl	0.3806931229240923	0.3657400633197233	-0.01495305960436899
qwen35_lezgi_grammar_original_chain_gloss_summary_text_txt	valid_reference_no_overlap83	qwen35	chain_gloss	summary_text_txt	original	83	xcomet_xxl	0.21003787479845873	0.19363025432250586	-0.016407620475952872
qwen35_lezgi_grammar_original_modelgloss_cheatsheet_jpg	valid_reference84	qwen35	modelgloss	cheatsheet_jpg	original	84	bleu	13.857302874611523	12.172995845571178	-1.6843070290403457
qwen35_lezgi_grammar_original_modelgloss_cheatsheet_jpg	valid_reference84	qwen35	modelgloss	cheatsheet_jpg	original	84	chrf_plus_plus	39.80286964093863	36.63272055465486	-3.1701490862837716
qwen35_lezgi_grammar_original_modelgloss_cheatsheet_jpg	valid_reference84	qwen35	modelgloss	cheatsheet_jpg	original	84	xcomet_xl	0.5504305444303013	0.5324896144725028	-0.0179409299577985
qwen35_lezgi_grammar_original_modelgloss_cheatsheet_jpg	valid_reference84	qwen35	modelgloss	cheatsheet_jpg	original	84	xcomet_xxl	0.35388220474123955	0.35367914377933457	-0.00020306096190497724
qwen35_lezgi_grammar_original_modelgloss_cheatsheet_jpg	valid_reference_no_overlap83	qwen35	modelgloss	cheatsheet_jpg	original	83	bleu	13.566078824783432	11.854083620663427	-1.7119952041200044
qwen35_lezgi_grammar_original_modelgloss_cheatsheet_jpg	valid_reference_no_overlap83	qwen35	modelgloss	cheatsheet_jpg	original	83	chrf_plus_plus	39.518460005425446	36.32555558083914	-3.1929044245863025
qwen35_lezgi_grammar_original_modelgloss_cheatsheet_jpg	valid_reference_no_overlap83	qwen35	modelgloss	cheatsheet_jpg	original	83	xcomet_xl	0.5469378171915031	0.5287807314510805	-0.01815708574042263
qwen35_lezgi_grammar_original_modelgloss_cheatsheet_jpg	valid_reference_no_overlap83	qwen35	modelgloss	cheatsheet_jpg	original	83	xcomet_xxl	0.3525325291487108	0.3523270216691925	-0.0002055074795183076
qwen35_lezgi_grammar_original_modelgloss_cheatsheet_txt	valid_reference84	qwen35	modelgloss	cheatsheet_txt	original	84	bleu	13.857302874611523	12.494106954833047	-1.3631959197784767
qwen35_lezgi_grammar_original_modelgloss_cheatsheet_txt	valid_reference84	qwen35	modelgloss	cheatsheet_txt	original	84	chrf_plus_plus	39.80286964093863	39.15280028918899	-0.650069351749643
qwen35_lezgi_grammar_original_modelgloss_cheatsheet_txt	valid_reference84	qwen35	modelgloss	cheatsheet_txt	original	84	xcomet_xl	0.5504305444303013	0.5208115687682515	-0.02961897566204974
qwen35_lezgi_grammar_original_modelgloss_cheatsheet_txt	valid_reference84	qwen35	modelgloss	cheatsheet_txt	original	84	xcomet_xxl	0.35388220474123955	0.3481625321188143	-0.0057196726224252314
qwen35_lezgi_grammar_original_modelgloss_cheatsheet_txt	valid_reference_no_overlap83	qwen35	modelgloss	cheatsheet_txt	original	83	bleu	13.566078824783432	12.202684866117298	-1.3633939586661334
qwen35_lezgi_grammar_original_modelgloss_cheatsheet_txt	valid_reference_no_overlap83	qwen35	modelgloss	cheatsheet_txt	original	83	chrf_plus_plus	39.518460005425446	38.867480128019324	-0.6509798774061224
qwen35_lezgi_grammar_original_modelgloss_cheatsheet_txt	valid_reference_no_overlap83	qwen35	modelgloss	cheatsheet_txt	original	83	xcomet_xl	0.5469378171915031	0.5169619864009949	-0.02997583079050825
qwen35_lezgi_grammar_original_modelgloss_cheatsheet_txt	valid_reference_no_overlap83	qwen35	modelgloss	cheatsheet_txt	original	83	xcomet_xxl	0.3525325291487108	0.34674394480794307	-0.005788584340767733
qwen35_lezgi_grammar_original_modelgloss_pdfpages_impactful_jpg	valid_reference84	qwen35	modelgloss	pdfpages_impactful_jpg	original	84	bleu	13.857302874611523	12.622911490113168	-1.2343913844983554
qwen35_lezgi_grammar_original_modelgloss_pdfpages_impactful_jpg	valid_reference84	qwen35	modelgloss	pdfpages_impactful_jpg	original	84	chrf_plus_plus	39.80286964093863	38.859623359368975	-0.9432462815696567
qwen35_lezgi_grammar_original_modelgloss_pdfpages_impactful_jpg	valid_reference84	qwen35	modelgloss	pdfpages_impactful_jpg	original	84	xcomet_xl	0.5504305444303013	0.5359947713358062	-0.014435773094495064
qwen35_lezgi_grammar_original_modelgloss_pdfpages_impactful_jpg	valid_reference84	qwen35	modelgloss	pdfpages_impactful_jpg	original	84	xcomet_xxl	0.35388220474123955	0.35924716009980157	0.005364955358562018
qwen35_lezgi_grammar_original_modelgloss_pdfpages_impactful_jpg	valid_reference_no_overlap83	qwen35	modelgloss	pdfpages_impactful_jpg	original	83	bleu	13.566078824783432	12.28808444273177	-1.277994382051661
qwen35_lezgi_grammar_original_modelgloss_pdfpages_impactful_jpg	valid_reference_no_overlap83	qwen35	modelgloss	pdfpages_impactful_jpg	original	83	chrf_plus_plus	39.518460005425446	38.56703294753234	-0.9514270578931061
qwen35_lezgi_grammar_original_modelgloss_pdfpages_impactful_jpg	valid_reference_no_overlap83	qwen35	modelgloss	pdfpages_impactful_jpg	original	83	xcomet_xl	0.5469378171915031	0.5323281191199659	-0.014609698071537225
qwen35_lezgi_grammar_original_modelgloss_pdfpages_impactful_jpg	valid_reference_no_overlap83	qwen35	modelgloss	pdfpages_impactful_jpg	original	83	xcomet_xxl	0.3525325291487108	0.357962122523641	0.005429593374930208
qwen35_lezgi_grammar_original_modelgloss_summary_tables_jpg	valid_reference84	qwen35	modelgloss	summary_tables_jpg	original	84	bleu	13.857302874611523	11.798072013777912	-2.059230860833612
qwen35_lezgi_grammar_original_modelgloss_summary_tables_jpg	valid_reference84	qwen35	modelgloss	summary_tables_jpg	original	84	chrf_plus_plus	39.80286964093863	37.243157926181524	-2.559711714757107
qwen35_lezgi_grammar_original_modelgloss_summary_tables_jpg	valid_reference84	qwen35	modelgloss	summary_tables_jpg	original	84	xcomet_xl	0.5504305444303013	0.5266649730148769	-0.023765571415424347
qwen35_lezgi_grammar_original_modelgloss_summary_tables_jpg	valid_reference84	qwen35	modelgloss	summary_tables_jpg	original	84	xcomet_xxl	0.35388220474123955	0.35159914940595627	-0.0022830553352832794
qwen35_lezgi_grammar_original_modelgloss_summary_tables_jpg	valid_reference_no_overlap83	qwen35	modelgloss	summary_tables_jpg	original	83	bleu	13.566078824783432	11.471963569781002	-2.0941152550024302
qwen35_lezgi_grammar_original_modelgloss_summary_tables_jpg	valid_reference_no_overlap83	qwen35	modelgloss	summary_tables_jpg	original	83	chrf_plus_plus	39.518460005425446	36.940621298499565	-2.5778387069258812
qwen35_lezgi_grammar_original_modelgloss_summary_tables_jpg	valid_reference_no_overlap83	qwen35	modelgloss	summary_tables_jpg	original	83	xcomet_xl	0.5469378171915031	0.5228859135903507	-0.02405190360115239
qwen35_lezgi_grammar_original_modelgloss_summary_tables_jpg	valid_reference_no_overlap83	qwen35	modelgloss	summary_tables_jpg	original	83	xcomet_xxl	0.3525325291487108	0.350221967122641	-0.002310562026069829
qwen35_lezgi_grammar_original_modelgloss_summary_tables_txt	valid_reference84	qwen35	modelgloss	summary_tables_txt	original	84	bleu	13.857302874611523	12.526517920612324	-1.3307849539991992
qwen35_lezgi_grammar_original_modelgloss_summary_tables_txt	valid_reference84	qwen35	modelgloss	summary_tables_txt	original	84	chrf_plus_plus	39.80286964093863	38.815229733491435	-0.9876399074471962
qwen35_lezgi_grammar_original_modelgloss_summary_tables_txt	valid_reference84	qwen35	modelgloss	summary_tables_txt	original	84	xcomet_xl	0.5504305444303013	0.5211114532181195	-0.02931909121218179
qwen35_lezgi_grammar_original_modelgloss_summary_tables_txt	valid_reference84	qwen35	modelgloss	summary_tables_txt	original	84	xcomet_xxl	0.35388220474123955	0.3453871487152009	-0.008495056026038672
qwen35_lezgi_grammar_original_modelgloss_summary_tables_txt	valid_reference_no_overlap83	qwen35	modelgloss	summary_tables_txt	original	83	bleu	13.566078824783432	12.242008371107511	-1.3240704536759207
qwen35_lezgi_grammar_original_modelgloss_summary_tables_txt	valid_reference_no_overlap83	qwen35	modelgloss	summary_tables_txt	original	83	chrf_plus_plus	39.518460005425446	38.528730110890244	-0.989729894535202
qwen35_lezgi_grammar_original_modelgloss_summary_tables_txt	valid_reference_no_overlap83	qwen35	modelgloss	summary_tables_txt	original	83	xcomet_xl	0.5469378171915031	0.5172654839165239	-0.0296723332749792
qwen35_lezgi_grammar_original_modelgloss_summary_tables_txt	valid_reference_no_overlap83	qwen35	modelgloss	summary_tables_txt	original	83	xcomet_xxl	0.3525325291487108	0.34393512305006924	-0.008597406098641569
qwen35_lezgi_grammar_original_modelgloss_summary_text_txt	valid_reference84	qwen35	modelgloss	summary_text_txt	original	84	bleu	13.857302874611523	10.739397296480655	-3.117905578130868
qwen35_lezgi_grammar_original_modelgloss_summary_text_txt	valid_reference84	qwen35	modelgloss	summary_text_txt	original	84	chrf_plus_plus	39.80286964093863	37.76984205270603	-2.033027588232599
qwen35_lezgi_grammar_original_modelgloss_summary_text_txt	valid_reference84	qwen35	modelgloss	summary_text_txt	original	84	xcomet_xl	0.5504305444303013	0.532987948152281	-0.01744259627802025
qwen35_lezgi_grammar_original_modelgloss_summary_text_txt	valid_reference84	qwen35	modelgloss	summary_text_txt	original	84	xcomet_xxl	0.35388220474123955	0.3503215931178558	-0.003560611623383725
qwen35_lezgi_grammar_original_modelgloss_summary_text_txt	valid_reference_no_overlap83	qwen35	modelgloss	summary_text_txt	original	83	bleu	13.566078824783432	10.42649883802358	-3.139579986759852
qwen35_lezgi_grammar_original_modelgloss_summary_text_txt	valid_reference_no_overlap83	qwen35	modelgloss	summary_text_txt	original	83	chrf_plus_plus	39.518460005425446	37.476853562418626	-2.0416064430068204
qwen35_lezgi_grammar_original_modelgloss_summary_text_txt	valid_reference_no_overlap83	qwen35	modelgloss	summary_text_txt	original	83	xcomet_xl	0.5469378171915031	0.5292850691510971	-0.017652748040406063
qwen35_lezgi_grammar_original_modelgloss_summary_text_txt	valid_reference_no_overlap83	qwen35	modelgloss	summary_text_txt	original	83	xcomet_xxl	0.3525325291487108	0.3489290185901056	-0.003603510558605194
qwen35_lezgi_grammar_original_shot_cheatsheet_jpg	valid_reference84	qwen35	shot	cheatsheet_jpg	original	84	bleu	6.722751532665982	6.148678271971484	-0.5740732606944983
qwen35_lezgi_grammar_original_shot_cheatsheet_jpg	valid_reference84	qwen35	shot	cheatsheet_jpg	original	84	chrf_plus_plus	25.37797628627955	24.199698374414297	-1.1782779118652549
qwen35_lezgi_grammar_original_shot_cheatsheet_jpg	valid_reference84	qwen35	shot	cheatsheet_jpg	original	84	xcomet_xl	0.3924168046741259	0.38469925859854337	-0.007717546075582504
qwen35_lezgi_grammar_original_shot_cheatsheet_jpg	valid_reference84	qwen35	shot	cheatsheet_jpg	original	84	xcomet_xxl	0.20461683259123847	0.2086273923161484	0.0040105597249099345
qwen35_lezgi_grammar_original_shot_cheatsheet_jpg	valid_reference_no_overlap83	qwen35	shot	cheatsheet_jpg	original	83	bleu	6.351139253441979	5.701242213278326	-0.649897040163653
qwen35_lezgi_grammar_original_shot_cheatsheet_jpg	valid_reference_no_overlap83	qwen35	shot	cheatsheet_jpg	original	83	chrf_plus_plus	24.99822486413085	23.80345348701703	-1.1947713771138204
qwen35_lezgi_grammar_original_shot_cheatsheet_jpg	valid_reference_no_overlap83	qwen35	shot	cheatsheet_jpg	original	83	xcomet_xl	0.3870202974382653	0.3792097688798445	-0.007810528558420848
qwen35_lezgi_grammar_original_shot_cheatsheet_jpg	valid_reference_no_overlap83	qwen35	shot	cheatsheet_jpg	original	83	xcomet_xxl	0.20146877902099886	0.20552765874259443	0.004058879721595576
qwen35_lezgi_grammar_original_shot_cheatsheet_txt	valid_reference84	qwen35	shot	cheatsheet_txt	original	84	bleu	6.722751532665982	6.883492239556524	0.1607407068905422
qwen35_lezgi_grammar_original_shot_cheatsheet_txt	valid_reference84	qwen35	shot	cheatsheet_txt	original	84	chrf_plus_plus	25.37797628627955	25.666090060589582	0.2881137743100304
qwen35_lezgi_grammar_original_shot_cheatsheet_txt	valid_reference84	qwen35	shot	cheatsheet_txt	original	84	xcomet_xl	0.3924168046741259	0.38053543617328006	-0.011881368500845813
qwen35_lezgi_grammar_original_shot_cheatsheet_txt	valid_reference84	qwen35	shot	cheatsheet_txt	original	84	xcomet_xxl	0.20461683259123847	0.1888782006821462	-0.015738631909092277
qwen35_lezgi_grammar_original_shot_cheatsheet_txt	valid_reference_no_overlap83	qwen35	shot	cheatsheet_txt	original	83	bleu	6.351139253441979	6.519186525489928	0.16804727204794911
qwen35_lezgi_grammar_original_shot_cheatsheet_txt	valid_reference_no_overlap83	qwen35	shot	cheatsheet_txt	original	83	chrf_plus_plus	24.99822486413085	25.28769603010795	0.28947116597709766
qwen35_lezgi_grammar_original_shot_cheatsheet_txt	valid_reference_no_overlap83	qwen35	shot	cheatsheet_txt	original	83	xcomet_xl	0.3870202974382653	0.3749957799193371	-0.012024517518928246
qwen35_lezgi_grammar_original_shot_cheatsheet_txt	valid_reference_no_overlap83	qwen35	shot	cheatsheet_txt	original	83	xcomet_xxl	0.20146877902099886	0.1855405250407127	-0.01592825398028616
qwen35_lezgi_grammar_original_shot_pdfpages_impactful_jpg	valid_reference84	qwen35	shot	pdfpages_impactful_jpg	original	84	bleu	6.722751532665982	5.405774434156372	-1.3169770985096099
qwen35_lezgi_grammar_original_shot_pdfpages_impactful_jpg	valid_reference84	qwen35	shot	pdfpages_impactful_jpg	original	84	chrf_plus_plus	25.37797628627955	23.86359846766027	-1.5143778186192804
qwen35_lezgi_grammar_original_shot_pdfpages_impactful_jpg	valid_reference84	qwen35	shot	pdfpages_impactful_jpg	original	84	xcomet_xl	0.3924168046741259	0.38440971945722896	-0.008007085216896914
qwen35_lezgi_grammar_original_shot_pdfpages_impactful_jpg	valid_reference84	qwen35	shot	pdfpages_impactful_jpg	original	84	xcomet_xxl	0.20461683259123847	0.20193203991012915	-0.002684792681109327
qwen35_lezgi_grammar_original_shot_pdfpages_impactful_jpg	valid_reference_no_overlap83	qwen35	shot	pdfpages_impactful_jpg	original	83	bleu	6.351139253441979	4.954044380047255	-1.3970948733947246
qwen35_lezgi_grammar_original_shot_pdfpages_impactful_jpg	valid_reference_no_overlap83	qwen35	shot	pdfpages_impactful_jpg	original	83	chrf_plus_plus	24.99822486413085	23.470933014781846	-1.5272918493490053
qwen35_lezgi_grammar_original_shot_pdfpages_impactful_jpg	valid_reference_no_overlap83	qwen35	shot	pdfpages_impactful_jpg	original	83	xcomet_xl	0.3870202974382653	0.3789167413151408	-0.008103556123124522
qwen35_lezgi_grammar_original_shot_pdfpages_impactful_jpg	valid_reference_no_overlap83	qwen35	shot	pdfpages_impactful_jpg	original	83	xcomet_xxl	0.20146877902099886	0.19875163944011712	-0.002717139580881739
qwen35_lezgi_grammar_original_shot_summary_tables_jpg	valid_reference84	qwen35	shot	summary_tables_jpg	original	84	bleu	6.722751532665982	6.039199966021554	-0.6835515666444278
qwen35_lezgi_grammar_original_shot_summary_tables_jpg	valid_reference84	qwen35	shot	summary_tables_jpg	original	84	chrf_plus_plus	25.37797628627955	23.831479907399952	-1.5464963788795991
qwen35_lezgi_grammar_original_shot_summary_tables_jpg	valid_reference84	qwen35	shot	summary_tables_jpg	original	84	xcomet_xl	0.3924168046741259	0.39296908605666386	0.0005522813825379891
qwen35_lezgi_grammar_original_shot_summary_tables_jpg	valid_reference84	qwen35	shot	summary_tables_jpg	original	84	xcomet_xxl	0.20461683259123847	0.21078783530919326	0.006171002717954788
qwen35_lezgi_grammar_original_shot_summary_tables_jpg	valid_reference_no_overlap83	qwen35	shot	summary_tables_jpg	original	83	bleu	6.351139253441979	5.595177654387522	-0.7559615990544577
qwen35_lezgi_grammar_original_shot_summary_tables_jpg	valid_reference_no_overlap83	qwen35	shot	summary_tables_jpg	original	83	chrf_plus_plus	24.99822486413085	23.434079949974976	-1.5641449141558752
qwen35_lezgi_grammar_original_shot_summary_tables_jpg	valid_reference_no_overlap83	qwen35	shot	summary_tables_jpg	original	83	xcomet_xl	0.3870202974382653	0.38757923281336404	0.0005589353750987125
qwen35_lezgi_grammar_original_shot_summary_tables_jpg	valid_reference_no_overlap83	qwen35	shot	summary_tables_jpg	original	83	xcomet_xxl	0.20146877902099886	0.20771413116929044	0.006245352148291583
qwen35_lezgi_grammar_original_shot_summary_tables_txt	valid_reference84	qwen35	shot	summary_tables_txt	original	84	bleu	6.722751532665982	7.391708701229246	0.6689571685632636
qwen35_lezgi_grammar_original_shot_summary_tables_txt	valid_reference84	qwen35	shot	summary_tables_txt	original	84	chrf_plus_plus	25.37797628627955	26.354705611402185	0.9767293251226334
qwen35_lezgi_grammar_original_shot_summary_tables_txt	valid_reference84	qwen35	shot	summary_tables_txt	original	84	xcomet_xl	0.3924168046741259	0.37963887215370223	-0.01277793252042364
qwen35_lezgi_grammar_original_shot_summary_tables_txt	valid_reference84	qwen35	shot	summary_tables_txt	original	84	xcomet_xxl	0.20461683259123847	0.19532305658573196	-0.009293776005506516
qwen35_lezgi_grammar_original_shot_summary_tables_txt	valid_reference_no_overlap83	qwen35	shot	summary_tables_txt	original	83	bleu	6.351139253441979	7.048953331708602	0.6978140782666227
qwen35_lezgi_grammar_original_shot_summary_tables_txt	valid_reference_no_overlap83	qwen35	shot	summary_tables_txt	original	83	chrf_plus_plus	24.99822486413085	25.984212648240966	0.9859877841101152
qwen35_lezgi_grammar_original_shot_summary_tables_txt	valid_reference_no_overlap83	qwen35	shot	summary_tables_txt	original	83	xcomet_xl	0.3870202974382653	0.37408841392361974	-0.012931883514645581
qwen35_lezgi_grammar_original_shot_summary_tables_txt	valid_reference_no_overlap83	qwen35	shot	summary_tables_txt	original	83	xcomet_xxl	0.20146877902099886	0.19206302981060672	-0.00940574921039214
qwen35_lezgi_grammar_original_shot_summary_text_txt	valid_reference84	qwen35	shot	summary_text_txt	original	84	bleu	6.722751532665982	5.746828945144376	-0.9759225875216062
qwen35_lezgi_grammar_original_shot_summary_text_txt	valid_reference84	qwen35	shot	summary_text_txt	original	84	chrf_plus_plus	25.37797628627955	24.60846738505628	-0.7695089012232721
qwen35_lezgi_grammar_original_shot_summary_text_txt	valid_reference84	qwen35	shot	summary_text_txt	original	84	xcomet_xl	0.3924168046741259	0.35329055200730053	-0.039126252666825345
qwen35_lezgi_grammar_original_shot_summary_text_txt	valid_reference84	qwen35	shot	summary_text_txt	original	84	xcomet_xxl	0.20461683259123847	0.18690902269667103	-0.01770780989456744
qwen35_lezgi_grammar_original_shot_summary_text_txt	valid_reference_no_overlap83	qwen35	shot	summary_text_txt	original	83	bleu	6.351139253441979	5.363201534686072	-0.9879377187559069
qwen35_lezgi_grammar_original_shot_summary_text_txt	valid_reference_no_overlap83	qwen35	shot	summary_text_txt	original	83	chrf_plus_plus	24.99822486413085	24.226766440916553	-0.7714584232142983
qwen35_lezgi_grammar_original_shot_summary_text_txt	valid_reference_no_overlap83	qwen35	shot	summary_text_txt	original	83	xcomet_xl	0.3870202974382653	0.34742264413689994	-0.03959765330136539
qwen35_lezgi_grammar_original_shot_summary_text_txt	valid_reference_no_overlap83	qwen35	shot	summary_text_txt	original	83	xcomet_xxl	0.20146877902099886	0.18354762201926794	-0.017921157001730914
qwen3_lezgi_grammar_cyrillic_chain_gloss_cheatsheet_jpg	valid_reference84	qwen3	chain_gloss	cheatsheet_jpg	cyrillic	84	bleu	4.2634809273315035	3.292828950051182	-0.9706519772803217
qwen3_lezgi_grammar_cyrillic_chain_gloss_cheatsheet_jpg	valid_reference84	qwen3	chain_gloss	cheatsheet_jpg	cyrillic	84	chrf_plus_plus	19.263656345955404	17.684303705399746	-1.5793526405556584
qwen3_lezgi_grammar_cyrillic_chain_gloss_cheatsheet_jpg	valid_reference84	qwen3	chain_gloss	cheatsheet_jpg	cyrillic	84	xcomet_xl	0.34216355638844625	0.3245224498567127	-0.017641106531733564
qwen3_lezgi_grammar_cyrillic_chain_gloss_cheatsheet_jpg	valid_reference84	qwen3	chain_gloss	cheatsheet_jpg	cyrillic	84	xcomet_xxl	0.15518026382085823	0.15045629388519696	-0.004723969935661265
qwen3_lezgi_grammar_cyrillic_chain_gloss_cheatsheet_jpg	valid_reference_no_overlap83	qwen3	chain_gloss	cheatsheet_jpg	cyrillic	83	bleu	3.6289452909978097	2.478257231398256	-1.150688059599554
qwen3_lezgi_grammar_cyrillic_chain_gloss_cheatsheet_jpg	valid_reference_no_overlap83	qwen3	chain_gloss	cheatsheet_jpg	cyrillic	83	chrf_plus_plus	18.77547905138926	17.168567201349152	-1.6069118500401096
qwen3_lezgi_grammar_cyrillic_chain_gloss_cheatsheet_jpg	valid_reference_no_overlap83	qwen3	chain_gloss	cheatsheet_jpg	cyrillic	83	xcomet_xl	0.33576515281056785	0.31830785935183603	-0.017457293458731815
qwen3_lezgi_grammar_cyrillic_chain_gloss_cheatsheet_jpg	valid_reference_no_overlap83	qwen3	chain_gloss	cheatsheet_jpg	cyrillic	83	xcomet_xxl	0.15067730152822403	0.1466998190405857	-0.003977482487638323
qwen3_lezgi_grammar_cyrillic_chain_gloss_cheatsheet_txt	valid_reference84	qwen3	chain_gloss	cheatsheet_txt	cyrillic	84	bleu	4.2634809273315035	4.186891624313874	-0.0765893030176299
qwen3_lezgi_grammar_cyrillic_chain_gloss_cheatsheet_txt	valid_reference84	qwen3	chain_gloss	cheatsheet_txt	cyrillic	84	chrf_plus_plus	19.263656345955404	20.172773174959875	0.9091168290044713
qwen3_lezgi_grammar_cyrillic_chain_gloss_cheatsheet_txt	valid_reference84	qwen3	chain_gloss	cheatsheet_txt	cyrillic	84	xcomet_xl	0.34216355638844625	0.3222627728467896	-0.01990078354165664
qwen3_lezgi_grammar_cyrillic_chain_gloss_cheatsheet_txt	valid_reference84	qwen3	chain_gloss	cheatsheet_txt	cyrillic	84	xcomet_xxl	0.15518026382085823	0.14841944697712148	-0.00676081684373675
qwen3_lezgi_grammar_cyrillic_chain_gloss_cheatsheet_txt	valid_reference_no_overlap83	qwen3	chain_gloss	cheatsheet_txt	cyrillic	83	bleu	3.6289452909978097	3.54378435652438	-0.08516093447342987
qwen3_lezgi_grammar_cyrillic_chain_gloss_cheatsheet_txt	valid_reference_no_overlap83	qwen3	chain_gloss	cheatsheet_txt	cyrillic	83	chrf_plus_plus	18.77547905138926	19.680998032631685	0.9055189812424231
qwen3_lezgi_grammar_cyrillic_chain_gloss_cheatsheet_txt	valid_reference_no_overlap83	qwen3	chain_gloss	cheatsheet_txt	cyrillic	83	xcomet_xl	0.33576515281056785	0.31602095731769697	-0.019744195492870875
qwen3_lezgi_grammar_cyrillic_chain_gloss_cheatsheet_txt	valid_reference_no_overlap83	qwen3	chain_gloss	cheatsheet_txt	cyrillic	83	xcomet_xxl	0.15067730152822403	0.14463843180831656	-0.006038869719907469
qwen3_lezgi_grammar_cyrillic_chain_gloss_summary_tables_jpg	valid_reference84	qwen3	chain_gloss	summary_tables_jpg	cyrillic	84	bleu	4.2634809273315035	3.0079773176768874	-1.2555036096546162
qwen3_lezgi_grammar_cyrillic_chain_gloss_summary_tables_jpg	valid_reference84	qwen3	chain_gloss	summary_tables_jpg	cyrillic	84	chrf_plus_plus	19.263656345955404	17.367451021435276	-1.8962053245201282
qwen3_lezgi_grammar_cyrillic_chain_gloss_summary_tables_jpg	valid_reference84	qwen3	chain_gloss	summary_tables_jpg	cyrillic	84	xcomet_xl	0.34216355638844625	0.310951258455004	-0.031212297933442268
qwen3_lezgi_grammar_cyrillic_chain_gloss_summary_tables_jpg	valid_reference84	qwen3	chain_gloss	summary_tables_jpg	cyrillic	84	xcomet_xxl	0.15518026382085823	0.14606295047061785	-0.00911731335024038
qwen3_lezgi_grammar_cyrillic_chain_gloss_summary_tables_jpg	valid_reference_no_overlap83	qwen3	chain_gloss	summary_tables_jpg	cyrillic	83	bleu	3.6289452909978097	2.1019089586699753	-1.5270363323278344
qwen3_lezgi_grammar_cyrillic_chain_gloss_summary_tables_jpg	valid_reference_no_overlap83	qwen3	chain_gloss	summary_tables_jpg	cyrillic	83	chrf_plus_plus	18.77547905138926	16.84700804983354	-1.928471001555721
qwen3_lezgi_grammar_cyrillic_chain_gloss_summary_tables_jpg	valid_reference_no_overlap83	qwen3	chain_gloss	summary_tables_jpg	cyrillic	83	xcomet_xl	0.33576515281056785	0.30457315961998627	-0.03119199319058158
qwen3_lezgi_grammar_cyrillic_chain_gloss_summary_tables_jpg	valid_reference_no_overlap83	qwen3	chain_gloss	summary_tables_jpg	cyrillic	83	xcomet_xxl	0.15067730152822403	0.14225354377763816	-0.008423757750585875
qwen3_lezgi_grammar_cyrillic_chain_gloss_summary_tables_txt	valid_reference84	qwen3	chain_gloss	summary_tables_txt	cyrillic	84	bleu	4.2634809273315035	4.241006459910475	-0.022474467421028876
qwen3_lezgi_grammar_cyrillic_chain_gloss_summary_tables_txt	valid_reference84	qwen3	chain_gloss	summary_tables_txt	cyrillic	84	chrf_plus_plus	19.263656345955404	19.623468679890475	0.3598123339350714
qwen3_lezgi_grammar_cyrillic_chain_gloss_summary_tables_txt	valid_reference84	qwen3	chain_gloss	summary_tables_txt	cyrillic	84	xcomet_xl	0.34216355638844625	0.31989539556560065	-0.022268160822845606
qwen3_lezgi_grammar_cyrillic_chain_gloss_summary_tables_txt	valid_reference84	qwen3	chain_gloss	summary_tables_txt	cyrillic	84	xcomet_xxl	0.15518026382085823	0.15493748904693694	-0.00024277477392128932
qwen3_lezgi_grammar_cyrillic_chain_gloss_summary_tables_txt	valid_reference_no_overlap83	qwen3	chain_gloss	summary_tables_txt	cyrillic	83	bleu	3.6289452909978097	3.614471560532017	-0.014473730465792922
qwen3_lezgi_grammar_cyrillic_chain_gloss_summary_tables_txt	valid_reference_no_overlap83	qwen3	chain_gloss	summary_tables_txt	cyrillic	83	chrf_plus_plus	18.77547905138926	19.12863145301117	0.35315240162190875
qwen3_lezgi_grammar_cyrillic_chain_gloss_summary_tables_txt	valid_reference_no_overlap83	qwen3	chain_gloss	summary_tables_txt	cyrillic	83	xcomet_xl	0.33576515281056785	0.31362505741866237	-0.02214009539190548
qwen3_lezgi_grammar_cyrillic_chain_gloss_summary_tables_txt	valid_reference_no_overlap83	qwen3	chain_gloss	summary_tables_txt	cyrillic	83	xcomet_xxl	0.15067730152822403	0.1512350045054792	0.0005577029772551589
qwen3_lezgi_grammar_cyrillic_chain_gloss_summary_text_txt	valid_reference84	qwen3	chain_gloss	summary_text_txt	cyrillic	84	bleu	4.2634809273315035	4.454053926668378	0.1905729993368741
qwen3_lezgi_grammar_cyrillic_chain_gloss_summary_text_txt	valid_reference84	qwen3	chain_gloss	summary_text_txt	cyrillic	84	chrf_plus_plus	19.263656345955404	19.91795082913364	0.6542944831782371
qwen3_lezgi_grammar_cyrillic_chain_gloss_summary_text_txt	valid_reference84	qwen3	chain_gloss	summary_text_txt	cyrillic	84	xcomet_xl	0.34216355638844625	0.31315435291755767	-0.02900920347088859
qwen3_lezgi_grammar_cyrillic_chain_gloss_summary_text_txt	valid_reference84	qwen3	chain_gloss	summary_text_txt	cyrillic	84	xcomet_xxl	0.15518026382085823	0.14216036101182303	-0.0130199028090352
qwen3_lezgi_grammar_cyrillic_chain_gloss_summary_text_txt	valid_reference_no_overlap83	qwen3	chain_gloss	summary_text_txt	cyrillic	83	bleu	3.6289452909978097	4.070198830594845	0.44125353959703517
qwen3_lezgi_grammar_cyrillic_chain_gloss_summary_text_txt	valid_reference_no_overlap83	qwen3	chain_gloss	summary_text_txt	cyrillic	83	chrf_plus_plus	18.77547905138926	19.537391325341954	0.7619122739526922
qwen3_lezgi_grammar_cyrillic_chain_gloss_summary_text_txt	valid_reference_no_overlap83	qwen3	chain_gloss	summary_text_txt	cyrillic	83	xcomet_xl	0.33576515281056785	0.3066969352314271	-0.029068217579140743
qwen3_lezgi_grammar_cyrillic_chain_gloss_summary_text_txt	valid_reference_no_overlap83	qwen3	chain_gloss	summary_text_txt	cyrillic	83	xcomet_xxl	0.15067730152822403	0.13840506917022796	-0.012272232357996071
qwen3_lezgi_grammar_cyrillic_modelgloss_cheatsheet_jpg	valid_reference84	qwen3	modelgloss	cheatsheet_jpg	cyrillic	84	bleu	8.809500149153884	9.778003550854688	0.9685034017008043
qwen3_lezgi_grammar_cyrillic_modelgloss_cheatsheet_jpg	valid_reference84	qwen3	modelgloss	cheatsheet_jpg	cyrillic	84	chrf_plus_plus	34.7787215992417	33.91773038077957	-0.8609912184621322
qwen3_lezgi_grammar_cyrillic_modelgloss_cheatsheet_jpg	valid_reference84	qwen3	modelgloss	cheatsheet_jpg	cyrillic	84	xcomet_xl	0.5011863224208355	0.5085520362924962	0.0073657138716607395
qwen3_lezgi_grammar_cyrillic_modelgloss_cheatsheet_jpg	valid_reference84	qwen3	modelgloss	cheatsheet_jpg	cyrillic	84	xcomet_xxl	0.3354441330191635	0.32961845947873025	-0.005825673540433229
qwen3_lezgi_grammar_cyrillic_modelgloss_cheatsheet_jpg	valid_reference_no_overlap83	qwen3	modelgloss	cheatsheet_jpg	cyrillic	83	bleu	8.463536036072586	9.61048325998479	1.1469472239122034
qwen3_lezgi_grammar_cyrillic_modelgloss_cheatsheet_jpg	valid_reference_no_overlap83	qwen3	modelgloss	cheatsheet_jpg	cyrillic	83	chrf_plus_plus	34.507069416673524	33.75692431936563	-0.7501450973078931
qwen3_lezgi_grammar_cyrillic_modelgloss_cheatsheet_jpg	valid_reference_no_overlap83	qwen3	modelgloss	cheatsheet_jpg	cyrillic	83	xcomet_xl	0.495968256908727	0.5033288908651076	0.007360633956380591
qwen3_lezgi_grammar_cyrillic_modelgloss_cheatsheet_jpg	valid_reference_no_overlap83	qwen3	modelgloss	cheatsheet_jpg	cyrillic	83	xcomet_xxl	0.3326451108757272	0.32705759840557375	-0.005587512470153433
qwen3_lezgi_grammar_cyrillic_modelgloss_cheatsheet_txt	valid_reference84	qwen3	modelgloss	cheatsheet_txt	cyrillic	84	bleu	8.809500149153884	8.361296025763265	-0.4482041233906191
qwen3_lezgi_grammar_cyrillic_modelgloss_cheatsheet_txt	valid_reference84	qwen3	modelgloss	cheatsheet_txt	cyrillic	84	chrf_plus_plus	34.7787215992417	35.653669692151716	0.8749480929100173
qwen3_lezgi_grammar_cyrillic_modelgloss_cheatsheet_txt	valid_reference84	qwen3	modelgloss	cheatsheet_txt	cyrillic	84	xcomet_xl	0.5011863224208355	0.523949630381096	0.022763307960260493
qwen3_lezgi_grammar_cyrillic_modelgloss_cheatsheet_txt	valid_reference84	qwen3	modelgloss	cheatsheet_txt	cyrillic	84	xcomet_xxl	0.3354441330191635	0.34597456286705675	0.010530429847893263
qwen3_lezgi_grammar_cyrillic_modelgloss_cheatsheet_txt	valid_reference_no_overlap83	qwen3	modelgloss	cheatsheet_txt	cyrillic	83	bleu	8.463536036072586	7.981181382527689	-0.48235465354489726
qwen3_lezgi_grammar_cyrillic_modelgloss_cheatsheet_txt	valid_reference_no_overlap83	qwen3	modelgloss	cheatsheet_txt	cyrillic	83	chrf_plus_plus	34.507069416673524	35.38842253901656	0.881353122343036
qwen3_lezgi_grammar_cyrillic_modelgloss_cheatsheet_txt	valid_reference_no_overlap83	qwen3	modelgloss	cheatsheet_txt	cyrillic	83	xcomet_xl	0.495968256908727	0.5190058215914002	0.023037564682673206
qwen3_lezgi_grammar_cyrillic_modelgloss_cheatsheet_txt	valid_reference_no_overlap83	qwen3	modelgloss	cheatsheet_txt	cyrillic	83	xcomet_xxl	0.3326451108757272	0.34330241337239026	0.01065730249666308
qwen3_lezgi_grammar_cyrillic_modelgloss_summary_tables_jpg	valid_reference84	qwen3	modelgloss	summary_tables_jpg	cyrillic	84	bleu	8.809500149153884	9.99988511275605	1.1903849636021668
qwen3_lezgi_grammar_cyrillic_modelgloss_summary_tables_jpg	valid_reference84	qwen3	modelgloss	summary_tables_jpg	cyrillic	84	chrf_plus_plus	34.7787215992417	34.39811124391053	-0.3806103553311715
qwen3_lezgi_grammar_cyrillic_modelgloss_summary_tables_jpg	valid_reference84	qwen3	modelgloss	summary_tables_jpg	cyrillic	84	xcomet_xl	0.5011863224208355	0.5076004557666325	0.006414133345796991
qwen3_lezgi_grammar_cyrillic_modelgloss_summary_tables_jpg	valid_reference84	qwen3	modelgloss	summary_tables_jpg	cyrillic	84	xcomet_xxl	0.3354441330191635	0.3329030725040606	-0.0025410605151028887
qwen3_lezgi_grammar_cyrillic_modelgloss_summary_tables_jpg	valid_reference_no_overlap83	qwen3	modelgloss	summary_tables_jpg	cyrillic	83	bleu	8.463536036072586	9.831310778852785	1.367774742780199
qwen3_lezgi_grammar_cyrillic_modelgloss_summary_tables_jpg	valid_reference_no_overlap83	qwen3	modelgloss	summary_tables_jpg	cyrillic	83	chrf_plus_plus	34.507069416673524	34.240403960597185	-0.26666545607633907
qwen3_lezgi_grammar_cyrillic_modelgloss_summary_tables_jpg	valid_reference_no_overlap83	qwen3	modelgloss	summary_tables_jpg	cyrillic	83	xcomet_xl	0.495968256908727	0.5023658455136311	0.006397588604904081
qwen3_lezgi_grammar_cyrillic_modelgloss_summary_tables_jpg	valid_reference_no_overlap83	qwen3	modelgloss	summary_tables_jpg	cyrillic	83	xcomet_xxl	0.3326451108757272	0.3303817850818117	-0.0022633257939154716
qwen3_lezgi_grammar_cyrillic_modelgloss_summary_tables_txt	valid_reference84	qwen3	modelgloss	summary_tables_txt	cyrillic	84	bleu	8.809500149153884	8.164699953209006	-0.6448001959448781
qwen3_lezgi_grammar_cyrillic_modelgloss_summary_tables_txt	valid_reference84	qwen3	modelgloss	summary_tables_txt	cyrillic	84	chrf_plus_plus	34.7787215992417	36.19724408095594	1.4185224817142412
qwen3_lezgi_grammar_cyrillic_modelgloss_summary_tables_txt	valid_reference84	qwen3	modelgloss	summary_tables_txt	cyrillic	84	xcomet_xl	0.5011863224208355	0.5127047747373581	0.011518452316522598
qwen3_lezgi_grammar_cyrillic_modelgloss_summary_tables_txt	valid_reference84	qwen3	modelgloss	summary_tables_txt	cyrillic	84	xcomet_xxl	0.3354441330191635	0.34908816324813025	0.013644030228966764
qwen3_lezgi_grammar_cyrillic_modelgloss_summary_tables_txt	valid_reference_no_overlap83	qwen3	modelgloss	summary_tables_txt	cyrillic	83	bleu	8.463536036072586	7.817224328292995	-0.6463117077795912
qwen3_lezgi_grammar_cyrillic_modelgloss_summary_tables_txt	valid_reference_no_overlap83	qwen3	modelgloss	summary_tables_txt	cyrillic	83	chrf_plus_plus	34.507069416673524	35.938656516184366	1.4315870995108426
qwen3_lezgi_grammar_cyrillic_modelgloss_summary_tables_txt	valid_reference_no_overlap83	qwen3	modelgloss	summary_tables_txt	cyrillic	83	xcomet_xl	0.495968256908727	0.5076254857591835	0.011657228850456558
qwen3_lezgi_grammar_cyrillic_modelgloss_summary_tables_txt	valid_reference_no_overlap83	qwen3	modelgloss	summary_tables_txt	cyrillic	83	xcomet_xxl	0.3326451108757272	0.346453527011067	0.01380841613533984
qwen3_lezgi_grammar_cyrillic_modelgloss_summary_text_txt	valid_reference84	qwen3	modelgloss	summary_text_txt	cyrillic	84	bleu	8.809500149153884	8.977775694275225	0.16827554512134135
qwen3_lezgi_grammar_cyrillic_modelgloss_summary_text_txt	valid_reference84	qwen3	modelgloss	summary_text_txt	cyrillic	84	chrf_plus_plus	34.7787215992417	36.33876122240194	1.5600396231602431
qwen3_lezgi_grammar_cyrillic_modelgloss_summary_text_txt	valid_reference84	qwen3	modelgloss	summary_text_txt	cyrillic	84	xcomet_xl	0.5011863224208355	0.5135722531094438	0.012385930688608271
qwen3_lezgi_grammar_cyrillic_modelgloss_summary_text_txt	valid_reference84	qwen3	modelgloss	summary_text_txt	cyrillic	84	xcomet_xxl	0.3354441330191635	0.338318361590306	0.002874228571142501
qwen3_lezgi_grammar_cyrillic_modelgloss_summary_text_txt	valid_reference_no_overlap83	qwen3	modelgloss	summary_text_txt	cyrillic	83	bleu	8.463536036072586	8.65584400382731	0.19230796775472392
qwen3_lezgi_grammar_cyrillic_modelgloss_summary_text_txt	valid_reference_no_overlap83	qwen3	modelgloss	summary_text_txt	cyrillic	83	chrf_plus_plus	34.507069416673524	36.08063683382538	1.5735674171518568
qwen3_lezgi_grammar_cyrillic_modelgloss_summary_text_txt	valid_reference_no_overlap83	qwen3	modelgloss	summary_text_txt	cyrillic	83	xcomet_xl	0.495968256908727	0.5085034156779209	0.012535158769193921
qwen3_lezgi_grammar_cyrillic_modelgloss_summary_text_txt	valid_reference_no_overlap83	qwen3	modelgloss	summary_text_txt	cyrillic	83	xcomet_xxl	0.3326451108757272	0.33555396870676296	0.0029088578310357827
qwen3_lezgi_grammar_cyrillic_shot_cheatsheet_jpg	valid_reference84	qwen3	shot	cheatsheet_jpg	cyrillic	84	bleu	3.9325841331684206	3.8595786617174768	-0.07300547145094383
qwen3_lezgi_grammar_cyrillic_shot_cheatsheet_jpg	valid_reference84	qwen3	shot	cheatsheet_jpg	cyrillic	84	chrf_plus_plus	19.88813382572778	18.134572342477696	-1.7535614832500848
qwen3_lezgi_grammar_cyrillic_shot_cheatsheet_jpg	valid_reference84	qwen3	shot	cheatsheet_jpg	cyrillic	84	xcomet_xl	0.3436556460247153	0.3383052705654076	-0.005350375459307721
qwen3_lezgi_grammar_cyrillic_shot_cheatsheet_jpg	valid_reference84	qwen3	shot	cheatsheet_jpg	cyrillic	84	xcomet_xxl	0.15835256085154556	0.14705639323663144	-0.011296167614914115
qwen3_lezgi_grammar_cyrillic_shot_cheatsheet_jpg	valid_reference_no_overlap83	qwen3	shot	cheatsheet_jpg	cyrillic	83	bleu	3.289458797924168	3.1097808033888006	-0.17967799453536726
qwen3_lezgi_grammar_cyrillic_shot_cheatsheet_jpg	valid_reference_no_overlap83	qwen3	shot	cheatsheet_jpg	cyrillic	83	chrf_plus_plus	19.399955223598734	17.635884205502364	-1.7640710180963701
qwen3_lezgi_grammar_cyrillic_shot_cheatsheet_jpg	valid_reference_no_overlap83	qwen3	shot	cheatsheet_jpg	cyrillic	83	xcomet_xl	0.33712400962789374	0.33186038161616727	-0.005263628011726473
qwen3_lezgi_grammar_cyrillic_shot_cheatsheet_jpg	valid_reference_no_overlap83	qwen3	shot	cheatsheet_jpg	cyrillic	83	xcomet_xxl	0.15261114927300487	0.14245555298515114	-0.01015559628785373
qwen3_lezgi_grammar_cyrillic_shot_cheatsheet_txt	valid_reference84	qwen3	shot	cheatsheet_txt	cyrillic	84	bleu	3.9325841331684206	4.005859381309376	0.07327524814095554
qwen3_lezgi_grammar_cyrillic_shot_cheatsheet_txt	valid_reference84	qwen3	shot	cheatsheet_txt	cyrillic	84	chrf_plus_plus	19.88813382572778	19.7428067370607	-0.14532708866708077
qwen3_lezgi_grammar_cyrillic_shot_cheatsheet_txt	valid_reference84	qwen3	shot	cheatsheet_txt	cyrillic	84	xcomet_xl	0.3436556460247153	0.31405502735149293	-0.02960061867322239
qwen3_lezgi_grammar_cyrillic_shot_cheatsheet_txt	valid_reference84	qwen3	shot	cheatsheet_txt	cyrillic	84	xcomet_xxl	0.15835256085154556	0.13983433596080258	-0.01851822489074298
qwen3_lezgi_grammar_cyrillic_shot_cheatsheet_txt	valid_reference_no_overlap83	qwen3	shot	cheatsheet_txt	cyrillic	83	bleu	3.289458797924168	3.412175726568441	0.12271692864427308
qwen3_lezgi_grammar_cyrillic_shot_cheatsheet_txt	valid_reference_no_overlap83	qwen3	shot	cheatsheet_txt	cyrillic	83	chrf_plus_plus	19.399955223598734	19.279012270881786	-0.12094295271694833
qwen3_lezgi_grammar_cyrillic_shot_cheatsheet_txt	valid_reference_no_overlap83	qwen3	shot	cheatsheet_txt	cyrillic	83	xcomet_xl	0.33712400962789374	0.3113726955580424	-0.025751314069851317
qwen3_lezgi_grammar_cyrillic_shot_cheatsheet_txt	valid_reference_no_overlap83	qwen3	shot	cheatsheet_txt	cyrillic	83	xcomet_xxl	0.15261114927300487	0.13630053948566137	-0.0163106097873435
qwen3_lezgi_grammar_cyrillic_shot_summary_tables_jpg	valid_reference84	qwen3	shot	summary_tables_jpg	cyrillic	84	bleu	3.9325841331684206	3.7131782058267957	-0.2194059273416249
qwen3_lezgi_grammar_cyrillic_shot_summary_tables_jpg	valid_reference84	qwen3	shot	summary_tables_jpg	cyrillic	84	chrf_plus_plus	19.88813382572778	18.74255655535613	-1.1455772703716498
qwen3_lezgi_grammar_cyrillic_shot_summary_tables_jpg	valid_reference84	qwen3	shot	summary_tables_jpg	cyrillic	84	xcomet_xl	0.3436556460247153	0.3334858806005546	-0.010169765424160704
qwen3_lezgi_grammar_cyrillic_shot_summary_tables_jpg	valid_reference84	qwen3	shot	summary_tables_jpg	cyrillic	84	xcomet_xxl	0.15835256085154556	0.13903606363705226	-0.0193164972144933
qwen3_lezgi_grammar_cyrillic_shot_summary_tables_jpg	valid_reference_no_overlap83	qwen3	shot	summary_tables_jpg	cyrillic	83	bleu	3.289458797924168	2.980390264385746	-0.3090685335384218
qwen3_lezgi_grammar_cyrillic_shot_summary_tables_jpg	valid_reference_no_overlap83	qwen3	shot	summary_tables_jpg	cyrillic	83	chrf_plus_plus	19.399955223598734	18.238174520639333	-1.1617807029594012
qwen3_lezgi_grammar_cyrillic_shot_summary_tables_jpg	valid_reference_no_overlap83	qwen3	shot	summary_tables_jpg	cyrillic	83	xcomet_xl	0.33712400962789374	0.32737928323717	-0.009744726390723712
qwen3_lezgi_grammar_cyrillic_shot_summary_tables_jpg	valid_reference_no_overlap83	qwen3	shot	summary_tables_jpg	cyrillic	83	xcomet_xxl	0.15261114927300487	0.1351419956569212	-0.01746915361608367
qwen3_lezgi_grammar_cyrillic_shot_summary_tables_txt	valid_reference84	qwen3	shot	summary_tables_txt	cyrillic	84	bleu	3.9325841331684206	4.075073258024172	0.14248912485575183
qwen3_lezgi_grammar_cyrillic_shot_summary_tables_txt	valid_reference84	qwen3	shot	summary_tables_txt	cyrillic	84	chrf_plus_plus	19.88813382572778	19.943780968019542	0.05564714229176104
qwen3_lezgi_grammar_cyrillic_shot_summary_tables_txt	valid_reference84	qwen3	shot	summary_tables_txt	cyrillic	84	xcomet_xl	0.3436556460247153	0.3275677936062926	-0.0160878524184227
qwen3_lezgi_grammar_cyrillic_shot_summary_tables_txt	valid_reference84	qwen3	shot	summary_tables_txt	cyrillic	84	xcomet_xxl	0.15835256085154556	0.1527915463028919	-0.005561014548653653
qwen3_lezgi_grammar_cyrillic_shot_summary_tables_txt	valid_reference_no_overlap83	qwen3	shot	summary_tables_txt	cyrillic	83	bleu	3.289458797924168	3.532603882735251	0.2431450848110832
qwen3_lezgi_grammar_cyrillic_shot_summary_tables_txt	valid_reference_no_overlap83	qwen3	shot	summary_tables_txt	cyrillic	83	chrf_plus_plus	19.399955223598734	19.48529306430385	0.0853378407051153
qwen3_lezgi_grammar_cyrillic_shot_summary_tables_txt	valid_reference_no_overlap83	qwen3	shot	summary_tables_txt	cyrillic	83	xcomet_xl	0.33712400962789374	0.32504826622555055	-0.012075743402343186
qwen3_lezgi_grammar_cyrillic_shot_summary_tables_txt	valid_reference_no_overlap83	qwen3	shot	summary_tables_txt	cyrillic	83	xcomet_xxl	0.15261114927300487	0.1494138607957277	-0.0031972884772771826
qwen3_lezgi_grammar_cyrillic_shot_summary_text_txt	valid_reference84	qwen3	shot	summary_text_txt	cyrillic	84	bleu	3.9325841331684206	3.7753492121835484	-0.15723492098487224
qwen3_lezgi_grammar_cyrillic_shot_summary_text_txt	valid_reference84	qwen3	shot	summary_text_txt	cyrillic	84	chrf_plus_plus	19.88813382572778	20.199629243911353	0.31149541818357207
qwen3_lezgi_grammar_cyrillic_shot_summary_text_txt	valid_reference84	qwen3	shot	summary_text_txt	cyrillic	84	xcomet_xl	0.3436556460247153	0.32824330156048137	-0.015412344464233951
qwen3_lezgi_grammar_cyrillic_shot_summary_text_txt	valid_reference84	qwen3	shot	summary_text_txt	cyrillic	84	xcomet_xxl	0.15835256085154556	0.14946044227551847	-0.008892118576027092
qwen3_lezgi_grammar_cyrillic_shot_summary_text_txt	valid_reference_no_overlap83	qwen3	shot	summary_text_txt	cyrillic	83	bleu	3.289458797924168	3.216105694236683	-0.07335310368748482
qwen3_lezgi_grammar_cyrillic_shot_summary_text_txt	valid_reference_no_overlap83	qwen3	shot	summary_text_txt	cyrillic	83	chrf_plus_plus	19.399955223598734	19.74612680893621	0.3461715853374763
qwen3_lezgi_grammar_cyrillic_shot_summary_text_txt	valid_reference_no_overlap83	qwen3	shot	summary_text_txt	cyrillic	83	xcomet_xl	0.33712400962789374	0.32573191282978975	-0.01139209679810399
qwen3_lezgi_grammar_cyrillic_shot_summary_text_txt	valid_reference_no_overlap83	qwen3	shot	summary_text_txt	cyrillic	83	xcomet_xxl	0.15261114927300487	0.1460426229848919	-0.006568526288112969
qwen3_lezgi_grammar_original_chain_gloss_cheatsheet_jpg	valid_reference84	qwen3	chain_gloss	cheatsheet_jpg	original	84	bleu	4.2634809273315035	4.09816818515882	-0.16531274217268344
qwen3_lezgi_grammar_original_chain_gloss_cheatsheet_jpg	valid_reference84	qwen3	chain_gloss	cheatsheet_jpg	original	84	chrf_plus_plus	19.263656345955404	17.74044653475053	-1.5232098112048753
qwen3_lezgi_grammar_original_chain_gloss_cheatsheet_jpg	valid_reference84	qwen3	chain_gloss	cheatsheet_jpg	original	84	xcomet_xl	0.34216355638844625	0.3374643912982373	-0.0046991650902089566
qwen3_lezgi_grammar_original_chain_gloss_cheatsheet_jpg	valid_reference84	qwen3	chain_gloss	cheatsheet_jpg	original	84	xcomet_xxl	0.15518026382085823	0.16405569566857248	0.008875431847714249
qwen3_lezgi_grammar_original_chain_gloss_cheatsheet_jpg	valid_reference_no_overlap83	qwen3	chain_gloss	cheatsheet_jpg	original	83	bleu	3.6289452909978097	3.309753897220772	-0.31919139377703765
qwen3_lezgi_grammar_original_chain_gloss_cheatsheet_jpg	valid_reference_no_overlap83	qwen3	chain_gloss	cheatsheet_jpg	original	83	chrf_plus_plus	18.77547905138926	17.21577549868455	-1.5597035527047112
qwen3_lezgi_grammar_original_chain_gloss_cheatsheet_jpg	valid_reference_no_overlap83	qwen3	chain_gloss	cheatsheet_jpg	original	83	xcomet_xl	0.33576515281056785	0.3314057277986802	-0.00435942501188763
qwen3_lezgi_grammar_original_chain_gloss_cheatsheet_jpg	valid_reference_no_overlap83	qwen3	chain_gloss	cheatsheet_jpg	original	83	xcomet_xxl	0.15067730152822403	0.16046306903821878	0.009785767509994742
qwen3_lezgi_grammar_original_chain_gloss_cheatsheet_txt	valid_reference84	qwen3	chain_gloss	cheatsheet_txt	original	84	bleu	4.2634809273315035	3.8527102513783973	-0.41077067595310623
qwen3_lezgi_grammar_original_chain_gloss_cheatsheet_txt	valid_reference84	qwen3	chain_gloss	cheatsheet_txt	original	84	chrf_plus_plus	19.263656345955404	20.250525144731142	0.9868687987757383
qwen3_lezgi_grammar_original_chain_gloss_cheatsheet_txt	valid_reference84	qwen3	chain_gloss	cheatsheet_txt	original	84	xcomet_xl	0.34216355638844625	0.32398717992362525	-0.01817637646482101
qwen3_lezgi_grammar_original_chain_gloss_cheatsheet_txt	valid_reference84	qwen3	chain_gloss	cheatsheet_txt	original	84	xcomet_xxl	0.15518026382085823	0.15662347347963423	0.0014432096587760068
qwen3_lezgi_grammar_original_chain_gloss_cheatsheet_txt	valid_reference_no_overlap83	qwen3	chain_gloss	cheatsheet_txt	original	83	bleu	3.6289452909978097	3.085524341187607	-0.5434209498102027
qwen3_lezgi_grammar_original_chain_gloss_cheatsheet_txt	valid_reference_no_overlap83	qwen3	chain_gloss	cheatsheet_txt	original	83	chrf_plus_plus	18.77547905138926	19.75800167351283	0.9825226221235681
qwen3_lezgi_grammar_original_chain_gloss_cheatsheet_txt	valid_reference_no_overlap83	qwen3	chain_gloss	cheatsheet_txt	original	83	xcomet_xl	0.33576515281056785	0.31776614038341017	-0.01799901242715768
qwen3_lezgi_grammar_original_chain_gloss_cheatsheet_txt	valid_reference_no_overlap83	qwen3	chain_gloss	cheatsheet_txt	original	83	xcomet_xxl	0.15067730152822403	0.15294130200363068	0.0022640004754066467
qwen3_lezgi_grammar_original_chain_gloss_pdfpages_impactful_jpg	valid_reference84	qwen3	chain_gloss	pdfpages_impactful_jpg	original	84	bleu	4.2634809273315035	3.6017549898583354	-0.6617259374731681
qwen3_lezgi_grammar_original_chain_gloss_pdfpages_impactful_jpg	valid_reference84	qwen3	chain_gloss	pdfpages_impactful_jpg	original	84	chrf_plus_plus	19.263656345955404	17.62296012218464	-1.6406962237707639
qwen3_lezgi_grammar_original_chain_gloss_pdfpages_impactful_jpg	valid_reference84	qwen3	chain_gloss	pdfpages_impactful_jpg	original	84	xcomet_xl	0.34216355638844625	0.30968173167535235	-0.03248182471309391
qwen3_lezgi_grammar_original_chain_gloss_pdfpages_impactful_jpg	valid_reference84	qwen3	chain_gloss	pdfpages_impactful_jpg	original	84	xcomet_xxl	0.15518026382085823	0.13541307034237043	-0.019767193478487793
qwen3_lezgi_grammar_original_chain_gloss_pdfpages_impactful_jpg	valid_reference_no_overlap83	qwen3	chain_gloss	pdfpages_impactful_jpg	original	83	bleu	3.6289452909978097	2.736581348504056	-0.8923639424937537
qwen3_lezgi_grammar_original_chain_gloss_pdfpages_impactful_jpg	valid_reference_no_overlap83	qwen3	chain_gloss	pdfpages_impactful_jpg	original	83	chrf_plus_plus	18.77547905138926	17.11240530532663	-1.6630737460626328
qwen3_lezgi_grammar_original_chain_gloss_pdfpages_impactful_jpg	valid_reference_no_overlap83	qwen3	chain_gloss	pdfpages_impactful_jpg	original	83	xcomet_xl	0.33576515281056785	0.302891980811774	-0.03287317199879386
qwen3_lezgi_grammar_original_chain_gloss_pdfpages_impactful_jpg	valid_reference_no_overlap83	qwen3	chain_gloss	pdfpages_impactful_jpg	original	83	xcomet_xxl	0.15067730152822403	0.1306719490921641	-0.020005352436059942
qwen3_lezgi_grammar_original_chain_gloss_summary_tables_jpg	valid_reference84	qwen3	chain_gloss	summary_tables_jpg	original	84	bleu	4.2634809273315035	3.62465680344157	-0.6388241238899335
qwen3_lezgi_grammar_original_chain_gloss_summary_tables_jpg	valid_reference84	qwen3	chain_gloss	summary_tables_jpg	original	84	chrf_plus_plus	19.263656345955404	17.81352044607095	-1.4501358998844545
qwen3_lezgi_grammar_original_chain_gloss_summary_tables_jpg	valid_reference84	qwen3	chain_gloss	summary_tables_jpg	original	84	xcomet_xl	0.34216355638844625	0.317864435591868	-0.024299120796578255
qwen3_lezgi_grammar_original_chain_gloss_summary_tables_jpg	valid_reference84	qwen3	chain_gloss	summary_tables_jpg	original	84	xcomet_xxl	0.15518026382085823	0.14538290165364742	-0.009797362167210805
qwen3_lezgi_grammar_original_chain_gloss_summary_tables_jpg	valid_reference_no_overlap83	qwen3	chain_gloss	summary_tables_jpg	original	83	bleu	3.6289452909978097	2.8239967739337324	-0.8049485170640773
qwen3_lezgi_grammar_original_chain_gloss_summary_tables_jpg	valid_reference_no_overlap83	qwen3	chain_gloss	summary_tables_jpg	original	83	chrf_plus_plus	18.77547905138926	17.293331830480344	-1.4821472209089173
qwen3_lezgi_grammar_original_chain_gloss_summary_tables_jpg	valid_reference_no_overlap83	qwen3	chain_gloss	summary_tables_jpg	original	83	xcomet_xl	0.33576515281056785	0.31156962804765587	-0.02419552476291198
qwen3_lezgi_grammar_original_chain_gloss_summary_tables_jpg	valid_reference_no_overlap83	qwen3	chain_gloss	summary_tables_jpg	original	83	xcomet_xxl	0.15067730152822403	0.14156530160142713	-0.009111999926796899
qwen3_lezgi_grammar_original_chain_gloss_summary_tables_txt	valid_reference84	qwen3	chain_gloss	summary_tables_txt	original	84	bleu	4.2634809273315035	4.096434932180941	-0.16704599515056273
qwen3_lezgi_grammar_original_chain_gloss_summary_tables_txt	valid_reference84	qwen3	chain_gloss	summary_tables_txt	original	84	chrf_plus_plus	19.263656345955404	20.206960361507555	0.943304015552151
qwen3_lezgi_grammar_original_chain_gloss_summary_tables_txt	valid_reference84	qwen3	chain_gloss	summary_tables_txt	original	84	xcomet_xl	0.34216355638844625	0.3204705310719354	-0.02169302531651085
qwen3_lezgi_grammar_original_chain_gloss_summary_tables_txt	valid_reference84	qwen3	chain_gloss	summary_tables_txt	original	84	xcomet_xxl	0.15518026382085823	0.15572679229080677	0.0005465284699485429
qwen3_lezgi_grammar_original_chain_gloss_summary_tables_txt	valid_reference_no_overlap83	qwen3	chain_gloss	summary_tables_txt	original	83	bleu	3.6289452909978097	3.4154691512961266	-0.2134761397016831
qwen3_lezgi_grammar_original_chain_gloss_summary_tables_txt	valid_reference_no_overlap83	qwen3	chain_gloss	summary_tables_txt	original	83	chrf_plus_plus	18.77547905138926	19.713439470010208	0.9379604186209463
qwen3_lezgi_grammar_original_chain_gloss_summary_tables_txt	valid_reference_no_overlap83	qwen3	chain_gloss	summary_tables_txt	original	83	xcomet_xl	0.33576515281056785	0.31420712226844694	-0.02155803054212091
qwen3_lezgi_grammar_original_chain_gloss_summary_tables_txt	valid_reference_no_overlap83	qwen3	chain_gloss	summary_tables_txt	original	83	xcomet_xxl	0.15067730152822403	0.15203381742698602	0.001356515898761984
qwen3_lezgi_grammar_original_chain_gloss_summary_text_txt	valid_reference84	qwen3	chain_gloss	summary_text_txt	original	84	bleu	4.2634809273315035	3.9647811949743472	-0.2986997323571563
qwen3_lezgi_grammar_original_chain_gloss_summary_text_txt	valid_reference84	qwen3	chain_gloss	summary_text_txt	original	84	chrf_plus_plus	19.263656345955404	20.8062595129789	1.542603167023497
qwen3_lezgi_grammar_original_chain_gloss_summary_text_txt	valid_reference84	qwen3	chain_gloss	summary_text_txt	original	84	xcomet_xl	0.34216355638844625	0.32210522925569895	-0.0200583271327473
qwen3_lezgi_grammar_original_chain_gloss_summary_text_txt	valid_reference84	qwen3	chain_gloss	summary_text_txt	original	84	xcomet_xxl	0.15518026382085823	0.14886866093036674	-0.006311602890491486
qwen3_lezgi_grammar_original_chain_gloss_summary_text_txt	valid_reference_no_overlap83	qwen3	chain_gloss	summary_text_txt	original	83	bleu	3.6289452909978097	3.2439131171018403	-0.38503217389596944
qwen3_lezgi_grammar_original_chain_gloss_summary_text_txt	valid_reference_no_overlap83	qwen3	chain_gloss	summary_text_txt	original	83	chrf_plus_plus	18.77547905138926	20.337639397408754	1.5621603460194926
qwen3_lezgi_grammar_original_chain_gloss_summary_text_txt	valid_reference_no_overlap83	qwen3	chain_gloss	summary_text_txt	original	83	xcomet_xl	0.33576515281056785	0.31546515908585976	-0.020299993724708087
qwen3_lezgi_grammar_original_chain_gloss_summary_text_txt	valid_reference_no_overlap83	qwen3	chain_gloss	summary_text_txt	original	83	xcomet_xxl	0.15067730152822403	0.14428965522941337	-0.0063876462988106675
qwen3_lezgi_grammar_original_modelgloss_cheatsheet_jpg	valid_reference84	qwen3	modelgloss	cheatsheet_jpg	original	84	bleu	8.809500149153884	8.491878444480438	-0.31762170467344575
qwen3_lezgi_grammar_original_modelgloss_cheatsheet_jpg	valid_reference84	qwen3	modelgloss	cheatsheet_jpg	original	84	chrf_plus_plus	34.7787215992417	34.65257251566719	-0.1261490835745107
qwen3_lezgi_grammar_original_modelgloss_cheatsheet_jpg	valid_reference84	qwen3	modelgloss	cheatsheet_jpg	original	84	xcomet_xl	0.5011863224208355	0.5132973632287412	0.012111040807905704
qwen3_lezgi_grammar_original_modelgloss_cheatsheet_jpg	valid_reference84	qwen3	modelgloss	cheatsheet_jpg	original	84	xcomet_xxl	0.3354441330191635	0.3374281031567426	0.0019839701375791163
qwen3_lezgi_grammar_original_modelgloss_cheatsheet_jpg	valid_reference_no_overlap83	qwen3	modelgloss	cheatsheet_jpg	original	83	bleu	8.463536036072586	8.288795820227232	-0.17474021584535393
qwen3_lezgi_grammar_original_modelgloss_cheatsheet_jpg	valid_reference_no_overlap83	qwen3	modelgloss	cheatsheet_jpg	original	83	chrf_plus_plus	34.507069416673524	34.49703246001068	-0.010036956662844432
qwen3_lezgi_grammar_original_modelgloss_cheatsheet_jpg	valid_reference_no_overlap83	qwen3	modelgloss	cheatsheet_jpg	original	83	xcomet_xl	0.495968256908727	0.5081313904150423	0.012163133506315316
qwen3_lezgi_grammar_original_modelgloss_cheatsheet_jpg	valid_reference_no_overlap83	qwen3	modelgloss	cheatsheet_jpg	original	83	xcomet_xxl	0.3326451108757272	0.33496133417609225	0.0023162233003650723
qwen3_lezgi_grammar_original_modelgloss_cheatsheet_txt	valid_reference84	qwen3	modelgloss	cheatsheet_txt	original	84	bleu	8.809500149153884	8.853132307430887	0.04363215827700273
qwen3_lezgi_grammar_original_modelgloss_cheatsheet_txt	valid_reference84	qwen3	modelgloss	cheatsheet_txt	original	84	chrf_plus_plus	34.7787215992417	35.68155831576042	0.9028367165187206
qwen3_lezgi_grammar_original_modelgloss_cheatsheet_txt	valid_reference84	qwen3	modelgloss	cheatsheet_txt	original	84	xcomet_xl	0.5011863224208355	0.5317002928682736	0.030513970447438088
qwen3_lezgi_grammar_original_modelgloss_cheatsheet_txt	valid_reference84	qwen3	modelgloss	cheatsheet_txt	original	84	xcomet_xxl	0.3354441330191635	0.3480802560668616	0.012636123047698122
qwen3_lezgi_grammar_original_modelgloss_cheatsheet_txt	valid_reference_no_overlap83	qwen3	modelgloss	cheatsheet_txt	original	83	bleu	8.463536036072586	8.488643334434299	0.025107298361712438
qwen3_lezgi_grammar_original_modelgloss_cheatsheet_txt	valid_reference_no_overlap83	qwen3	modelgloss	cheatsheet_txt	original	83	chrf_plus_plus	34.507069416673524	35.41577210707529	0.9087026904017677
qwen3_lezgi_grammar_original_modelgloss_cheatsheet_txt	valid_reference_no_overlap83	qwen3	modelgloss	cheatsheet_txt	original	83	xcomet_xl	0.495968256908727	0.526849865554327	0.030881608645600023
qwen3_lezgi_grammar_original_modelgloss_cheatsheet_txt	valid_reference_no_overlap83	qwen3	modelgloss	cheatsheet_txt	original	83	xcomet_xxl	0.3326451108757272	0.3454334763697831	0.012788365494055931
qwen3_lezgi_grammar_original_modelgloss_pdfpages_impactful_jpg	valid_reference84	qwen3	modelgloss	pdfpages_impactful_jpg	original	84	bleu	8.809500149153884	9.81271967443672	1.0032195252828355
qwen3_lezgi_grammar_original_modelgloss_pdfpages_impactful_jpg	valid_reference84	qwen3	modelgloss	pdfpages_impactful_jpg	original	84	chrf_plus_plus	34.7787215992417	34.67434824648182	-0.10437335275987891
qwen3_lezgi_grammar_original_modelgloss_pdfpages_impactful_jpg	valid_reference84	qwen3	modelgloss	pdfpages_impactful_jpg	original	84	xcomet_xl	0.5011863224208355	0.4976309271795409	-0.003555395241294612
qwen3_lezgi_grammar_original_modelgloss_pdfpages_impactful_jpg	valid_reference84	qwen3	modelgloss	pdfpages_impactful_jpg	original	84	xcomet_xxl	0.3354441330191635	0.3242287193203256	-0.011215413698837884
qwen3_lezgi_grammar_original_modelgloss_pdfpages_impactful_jpg	valid_reference_no_overlap83	qwen3	modelgloss	pdfpages_impactful_jpg	original	83	bleu	8.463536036072586	9.630875601720536	1.16733956564795
qwen3_lezgi_grammar_original_modelgloss_pdfpages_impactful_jpg	valid_reference_no_overlap83	qwen3	modelgloss	pdfpages_impactful_jpg	original	83	chrf_plus_plus	34.507069416673524	34.51740960992428	0.010340193250755192
qwen3_lezgi_grammar_original_modelgloss_pdfpages_impactful_jpg	valid_reference_no_overlap83	qwen3	modelgloss	pdfpages_impactful_jpg	original	83	xcomet_xl	0.495968256908727	0.4922762021242854	-0.0036920547844415674
qwen3_lezgi_grammar_original_modelgloss_pdfpages_impactful_jpg	valid_reference_no_overlap83	qwen3	modelgloss	pdfpages_impactful_jpg	original	83	xcomet_xxl	0.3326451108757272	0.3216029216187546	-0.01104218925697259
qwen3_lezgi_grammar_original_modelgloss_summary_tables_jpg	valid_reference84	qwen3	modelgloss	summary_tables_jpg	original	84	bleu	8.809500149153884	9.740353677634147	0.930853528480263
qwen3_lezgi_grammar_original_modelgloss_summary_tables_jpg	valid_reference84	qwen3	modelgloss	summary_tables_jpg	original	84	chrf_plus_plus	34.7787215992417	33.62253116485173	-1.1561904343899698
qwen3_lezgi_grammar_original_modelgloss_summary_tables_jpg	valid_reference84	qwen3	modelgloss	summary_tables_jpg	original	84	xcomet_xl	0.5011863224208355	0.5109201802739075	0.009733857853072014
qwen3_lezgi_grammar_original_modelgloss_summary_tables_jpg	valid_reference84	qwen3	modelgloss	summary_tables_jpg	original	84	xcomet_xxl	0.3354441330191635	0.334222952081334	-0.0012211809378294691
qwen3_lezgi_grammar_original_modelgloss_summary_tables_jpg	valid_reference_no_overlap83	qwen3	modelgloss	summary_tables_jpg	original	83	bleu	8.463536036072586	9.564875723813119	1.1013396877405324
qwen3_lezgi_grammar_original_modelgloss_summary_tables_jpg	valid_reference_no_overlap83	qwen3	modelgloss	summary_tables_jpg	original	83	chrf_plus_plus	34.507069416673524	33.45870299559655	-1.0483664210769703
qwen3_lezgi_grammar_original_modelgloss_summary_tables_jpg	valid_reference_no_overlap83	qwen3	modelgloss	summary_tables_jpg	original	83	xcomet_xl	0.495968256908727	0.5057255667017166	0.009757309792989666
qwen3_lezgi_grammar_original_modelgloss_summary_tables_jpg	valid_reference_no_overlap83	qwen3	modelgloss	summary_tables_jpg	original	83	xcomet_xxl	0.3326451108757272	0.33171756682266673	-0.0009275440530604473
qwen3_lezgi_grammar_original_modelgloss_summary_tables_txt	valid_reference84	qwen3	modelgloss	summary_tables_txt	original	84	bleu	8.809500149153884	8.394931182652119	-0.4145689665017649
qwen3_lezgi_grammar_original_modelgloss_summary_tables_txt	valid_reference84	qwen3	modelgloss	summary_tables_txt	original	84	chrf_plus_plus	34.7787215992417	35.6766835727792	0.8979619735374982
qwen3_lezgi_grammar_original_modelgloss_summary_tables_txt	valid_reference84	qwen3	modelgloss	summary_tables_txt	original	84	xcomet_xl	0.5011863224208355	0.5105488220495837	0.009362499628748244
qwen3_lezgi_grammar_original_modelgloss_summary_tables_txt	valid_reference84	qwen3	modelgloss	summary_tables_txt	original	84	xcomet_xxl	0.3354441330191635	0.34318769288559753	0.007743559866434047
qwen3_lezgi_grammar_original_modelgloss_summary_tables_txt	valid_reference_no_overlap83	qwen3	modelgloss	summary_tables_txt	original	83	bleu	8.463536036072586	8.056565076010871	-0.40697096006171485
qwen3_lezgi_grammar_original_modelgloss_summary_tables_txt	valid_reference_no_overlap83	qwen3	modelgloss	summary_tables_txt	original	83	chrf_plus_plus	34.507069416673524	35.414347175675495	0.9072777590019712
qwen3_lezgi_grammar_original_modelgloss_summary_tables_txt	valid_reference_no_overlap83	qwen3	modelgloss	summary_tables_txt	original	83	xcomet_xl	0.495968256908727	0.5054435577378216	0.00947530082909459
qwen3_lezgi_grammar_original_modelgloss_summary_tables_txt	valid_reference_no_overlap83	qwen3	modelgloss	summary_tables_txt	original	83	xcomet_xxl	0.3326451108757272	0.34048196664416647	0.007836855768439288
qwen3_lezgi_grammar_original_modelgloss_summary_text_txt	valid_reference84	qwen3	modelgloss	summary_text_txt	original	84	bleu	8.809500149153884	8.69399760715	-0.11550254200388466
qwen3_lezgi_grammar_original_modelgloss_summary_text_txt	valid_reference84	qwen3	modelgloss	summary_text_txt	original	84	chrf_plus_plus	34.7787215992417	36.161442330024315	1.3827207307826157
qwen3_lezgi_grammar_original_modelgloss_summary_text_txt	valid_reference84	qwen3	modelgloss	summary_text_txt	original	84	xcomet_xl	0.5011863224208355	0.5195249379390762	0.018338615518240675
qwen3_lezgi_grammar_original_modelgloss_summary_text_txt	valid_reference84	qwen3	modelgloss	summary_text_txt	original	84	xcomet_xxl	0.3354441330191635	0.3441745321310702	0.008730399111906706
qwen3_lezgi_grammar_original_modelgloss_summary_text_txt	valid_reference_no_overlap83	qwen3	modelgloss	summary_text_txt	original	83	bleu	8.463536036072586	8.361943100338584	-0.10159293573400241
qwen3_lezgi_grammar_original_modelgloss_summary_text_txt	valid_reference_no_overlap83	qwen3	modelgloss	summary_text_txt	original	83	chrf_plus_plus	34.507069416673524	35.9017857575471	1.394716340873579
qwen3_lezgi_grammar_original_modelgloss_summary_text_txt	valid_reference_no_overlap83	qwen3	modelgloss	summary_text_txt	original	83	xcomet_xl	0.495968256908727	0.5145278196018862	0.018559562693159226
qwen3_lezgi_grammar_original_modelgloss_summary_text_txt	valid_reference_no_overlap83	qwen3	modelgloss	summary_text_txt	original	83	xcomet_xxl	0.3326451108757272	0.34148069551910265	0.008835584643375471
qwen3_lezgi_grammar_original_shot_cheatsheet_jpg	valid_reference84	qwen3	shot	cheatsheet_jpg	original	84	bleu	3.9325841331684206	3.900044980479679	-0.032539152688741524
qwen3_lezgi_grammar_original_shot_cheatsheet_jpg	valid_reference84	qwen3	shot	cheatsheet_jpg	original	84	chrf_plus_plus	19.88813382572778	19.734405493161542	-0.15372833256623863
qwen3_lezgi_grammar_original_shot_cheatsheet_jpg	valid_reference84	qwen3	shot	cheatsheet_jpg	original	84	xcomet_xl	0.3436556460247153	0.34246616030023214	-0.0011894857244831858
qwen3_lezgi_grammar_original_shot_cheatsheet_jpg	valid_reference84	qwen3	shot	cheatsheet_jpg	original	84	xcomet_xxl	0.15835256085154556	0.15759224435758024	-0.000760316493965324
qwen3_lezgi_grammar_original_shot_cheatsheet_jpg	valid_reference_no_overlap83	qwen3	shot	cheatsheet_jpg	original	83	bleu	3.289458797924168	3.269013841334036	-0.020444956590131902
qwen3_lezgi_grammar_original_shot_cheatsheet_jpg	valid_reference_no_overlap83	qwen3	shot	cheatsheet_jpg	original	83	chrf_plus_plus	19.399955223598734	19.249712286379122	-0.15024293721961257
qwen3_lezgi_grammar_original_shot_cheatsheet_jpg	valid_reference_no_overlap83	qwen3	shot	cheatsheet_jpg	original	83	xcomet_xl	0.33712400962789374	0.33585676838116474	-0.0012672412467290006
qwen3_lezgi_grammar_original_shot_cheatsheet_jpg	valid_reference_no_overlap83	qwen3	shot	cheatsheet_jpg	original	83	xcomet_xxl	0.15261114927300487	0.15340996318193803	0.0007988139089331603
qwen3_lezgi_grammar_original_shot_cheatsheet_txt	valid_reference84	qwen3	shot	cheatsheet_txt	original	84	bleu	3.9325841331684206	4.062784557923914	0.13020042475549332
qwen3_lezgi_grammar_original_shot_cheatsheet_txt	valid_reference84	qwen3	shot	cheatsheet_txt	original	84	chrf_plus_plus	19.88813382572778	19.518655557485417	-0.3694782682423643
qwen3_lezgi_grammar_original_shot_cheatsheet_txt	valid_reference84	qwen3	shot	cheatsheet_txt	original	84	xcomet_xl	0.3436556460247153	0.3307808602140063	-0.012874785810709
qwen3_lezgi_grammar_original_shot_cheatsheet_txt	valid_reference84	qwen3	shot	cheatsheet_txt	original	84	xcomet_xxl	0.15835256085154556	0.14762486845609687	-0.010727692395448685
qwen3_lezgi_grammar_original_shot_cheatsheet_txt	valid_reference_no_overlap83	qwen3	shot	cheatsheet_txt	original	83	bleu	3.289458797924168	3.5116067449718025	0.22214794704763463
qwen3_lezgi_grammar_original_shot_cheatsheet_txt	valid_reference_no_overlap83	qwen3	shot	cheatsheet_txt	original	83	chrf_plus_plus	19.399955223598734	19.056478634131953	-0.34347658946678195
qwen3_lezgi_grammar_original_shot_cheatsheet_txt	valid_reference_no_overlap83	qwen3	shot	cheatsheet_txt	original	83	xcomet_xl	0.33712400962789374	0.3283000444791403	-0.008823965148753443
qwen3_lezgi_grammar_original_shot_cheatsheet_txt	valid_reference_no_overlap83	qwen3	shot	cheatsheet_txt	original	83	xcomet_xxl	0.15261114927300487	0.14418493381824837	-0.008426215454756497
qwen3_lezgi_grammar_original_shot_pdfpages_impactful_jpg	valid_reference84	qwen3	shot	pdfpages_impactful_jpg	original	84	bleu	3.9325841331684206	2.830992877931357	-1.1015912552370635
qwen3_lezgi_grammar_original_shot_pdfpages_impactful_jpg	valid_reference84	qwen3	shot	pdfpages_impactful_jpg	original	84	chrf_plus_plus	19.88813382572778	17.832232357621066	-2.0559014681067147
qwen3_lezgi_grammar_original_shot_pdfpages_impactful_jpg	valid_reference84	qwen3	shot	pdfpages_impactful_jpg	original	84	xcomet_xl	0.3436556460247153	0.3307394193751471	-0.012916226649568208
qwen3_lezgi_grammar_original_shot_pdfpages_impactful_jpg	valid_reference84	qwen3	shot	pdfpages_impactful_jpg	original	84	xcomet_xxl	0.15835256085154556	0.14312202749507769	-0.015230533356467874
qwen3_lezgi_grammar_original_shot_pdfpages_impactful_jpg	valid_reference_no_overlap83	qwen3	shot	pdfpages_impactful_jpg	original	83	bleu	3.289458797924168	2.0361090861386035	-1.2533497117855643
qwen3_lezgi_grammar_original_shot_pdfpages_impactful_jpg	valid_reference_no_overlap83	qwen3	shot	pdfpages_impactful_jpg	original	83	chrf_plus_plus	19.399955223598734	17.334751438321717	-2.065203785277017
qwen3_lezgi_grammar_original_shot_pdfpages_impactful_jpg	valid_reference_no_overlap83	qwen3	shot	pdfpages_impactful_jpg	original	83	xcomet_xl	0.33712400962789374	0.32459973211748055	-0.012524277510413184
qwen3_lezgi_grammar_original_shot_pdfpages_impactful_jpg	valid_reference_no_overlap83	qwen3	shot	pdfpages_impactful_jpg	original	83	xcomet_xxl	0.15261114927300487	0.13927718799516378	-0.013333961277841089
qwen3_lezgi_grammar_original_shot_summary_tables_jpg	valid_reference84	qwen3	shot	summary_tables_jpg	original	84	bleu	3.9325841331684206	3.7408783130628884	-0.19170582010553217
qwen3_lezgi_grammar_original_shot_summary_tables_jpg	valid_reference84	qwen3	shot	summary_tables_jpg	original	84	chrf_plus_plus	19.88813382572778	18.789913139261465	-1.0982206864663162
qwen3_lezgi_grammar_original_shot_summary_tables_jpg	valid_reference84	qwen3	shot	summary_tables_jpg	original	84	xcomet_xl	0.3436556460247153	0.33446100708984194	-0.009194638934873378
qwen3_lezgi_grammar_original_shot_summary_tables_jpg	valid_reference84	qwen3	shot	summary_tables_jpg	original	84	xcomet_xxl	0.15835256085154556	0.14319781409133048	-0.015154746760215082
qwen3_lezgi_grammar_original_shot_summary_tables_jpg	valid_reference_no_overlap83	qwen3	shot	summary_tables_jpg	original	83	bleu	3.289458797924168	3.015452265863222	-0.27400653206094594
qwen3_lezgi_grammar_original_shot_summary_tables_jpg	valid_reference_no_overlap83	qwen3	shot	summary_tables_jpg	original	83	chrf_plus_plus	19.399955223598734	18.287935738452855	-1.1120194851458791
qwen3_lezgi_grammar_original_shot_summary_tables_jpg	valid_reference_no_overlap83	qwen3	shot	summary_tables_jpg	original	83	xcomet_xl	0.33712400962789374	0.3283661582383765	-0.008757851389517235
qwen3_lezgi_grammar_original_shot_summary_tables_jpg	valid_reference_no_overlap83	qwen3	shot	summary_tables_jpg	original	83	xcomet_xxl	0.15261114927300487	0.13935388768293772	-0.013257261590067154
qwen3_lezgi_grammar_original_shot_summary_tables_txt	valid_reference84	qwen3	shot	summary_tables_txt	original	84	bleu	3.9325841331684206	3.5618748715124187	-0.37070926165600193
qwen3_lezgi_grammar_original_shot_summary_tables_txt	valid_reference84	qwen3	shot	summary_tables_txt	original	84	chrf_plus_plus	19.88813382572778	19.806465750586693	-0.08166807514108854
qwen3_lezgi_grammar_original_shot_summary_tables_txt	valid_reference84	qwen3	shot	summary_tables_txt	original	84	xcomet_xl	0.3436556460247153	0.3199899448525338	-0.02366570117218153
qwen3_lezgi_grammar_original_shot_summary_tables_txt	valid_reference84	qwen3	shot	summary_tables_txt	original	84	xcomet_xxl	0.15835256085154556	0.14747923931905202	-0.01087332153249354
qwen3_lezgi_grammar_original_shot_summary_tables_txt	valid_reference_no_overlap83	qwen3	shot	summary_tables_txt	original	83	bleu	3.289458797924168	2.9804757311679695	-0.30898306675619835
qwen3_lezgi_grammar_original_shot_summary_tables_txt	valid_reference_no_overlap83	qwen3	shot	summary_tables_txt	original	83	chrf_plus_plus	19.399955223598734	19.34854606628637	-0.05140915731236362
qwen3_lezgi_grammar_original_shot_summary_tables_txt	valid_reference_no_overlap83	qwen3	shot	summary_tables_txt	original	83	xcomet_xl	0.33712400962789374	0.3173791180892163	-0.019744891538677423
qwen3_lezgi_grammar_original_shot_summary_tables_txt	valid_reference_no_overlap83	qwen3	shot	summary_tables_txt	original	83	xcomet_xxl	0.15261114927300487	0.1440375501132873	-0.00857359915971756
qwen3_lezgi_grammar_original_shot_summary_text_txt	valid_reference84	qwen3	shot	summary_text_txt	original	84	bleu	3.9325841331684206	3.5563424097334395	-0.3762417234349811
qwen3_lezgi_grammar_original_shot_summary_text_txt	valid_reference84	qwen3	shot	summary_text_txt	original	84	chrf_plus_plus	19.88813382572778	19.793758174909907	-0.09437565081787369
qwen3_lezgi_grammar_original_shot_summary_text_txt	valid_reference84	qwen3	shot	summary_text_txt	original	84	xcomet_xl	0.3436556460247153	0.3269016453552814	-0.016754000669433944
qwen3_lezgi_grammar_original_shot_summary_text_txt	valid_reference84	qwen3	shot	summary_text_txt	original	84	xcomet_xxl	0.15835256085154556	0.1447453699296429	-0.013607190921902657
qwen3_lezgi_grammar_original_shot_summary_text_txt	valid_reference_no_overlap83	qwen3	shot	summary_text_txt	original	83	bleu	3.289458797924168	2.9342295998850103	-0.35522919803915753
qwen3_lezgi_grammar_original_shot_summary_text_txt	valid_reference_no_overlap83	qwen3	shot	summary_text_txt	original	83	chrf_plus_plus	19.399955223598734	19.335150691741354	-0.06480453185738
qwen3_lezgi_grammar_original_shot_summary_text_txt	valid_reference_no_overlap83	qwen3	shot	summary_text_txt	original	83	xcomet_xl	0.33712400962789374	0.32437409209199697	-0.012749917535896771
qwen3_lezgi_grammar_original_shot_summary_text_txt	valid_reference_no_overlap83	qwen3	shot	summary_text_txt	original	83	xcomet_xxl	0.15261114927300487	0.14127074253846364	-0.01134040673454123
